parent_index,pdb_id,position_1based,source_aa,arm,common_holdout,aa,amplitude_ratio,cosine,denominator_floor_active,dot_mean,expanded_identity_nmse,nmse,oracle_scalar,oracle_scaled_nmse,prediction_mean_energy,prediction_zero,teacher_mean_energy,teacher_zero
0,6ahp,48,Y,restricted_s231301,True,A,0.3280587700081092,0.0835812137132901,False,0.3410531796305254,1.0527834562460998,1.0527834562460998,0.25477512371098654,0.9930141807142133,1.3386439565324735,False,12.438321473500231,False
0,6ahp,48,Y,restricted_s231301,True,C,0.27522001988278455,0.046092274798778074,False,0.11219405349033551,1.0503750257711555,1.0503750257711557,0.16747428046262275,0.9978755022038739,0.6699181102938084,False,8.844263531240648,False
0,6ahp,48,Y,restricted_s231301,True,D,0.22239749148837365,0.0460993157655383,False,0.1280329649669386,1.028955899849149,1.0289558998491488,0.2072834340757313,0.9978748530859493,0.6176709949728139,False,12.488130810052,False
0,6ahp,48,Y,restricted_s231301,True,E,0.20432706517923316,0.032710613622629434,False,0.08671650298415944,1.0283822222013113,1.028382222201311,0.16008948003993542,0.998930015756431,0.5416752116536789,False,12.974396545607641,False
0,6ahp,48,Y,restricted_s231301,True,F,0.38337160853776,-0.08301232420913954,False,-0.17809531039616527,1.2106229267538613,1.2106229267538613,-0.21653226884943744,0.9931089540293967,0.8224885433588712,False,5.596157941194281,False
0,6ahp,48,Y,restricted_s231301,True,G,0.34298615096043594,0.061732848694244745,False,0.3158526306126223,1.0752924754277309,1.075292475427731,0.1799864178812448,0.9961890553920936,1.7548692525289444,False,14.917347117664653,False
0,6ahp,48,Y,restricted_s231301,True,H,0.28112296176233353,-0.0025118544507288297,False,-0.006639279855066025,1.080442399555436,1.080442399555436,-0.008935073944092826,0.9999936905872183,0.7430581880584658,False,9.40221514957888,False
0,6ahp,48,Y,restricted_s231301,True,I,0.3346378794179458,0.004869871457219827,False,0.014618511538748961,1.1087232234263757,1.1087232234263757,0.014552660522742563,0.9999762843519903,1.0045250156082104,False,8.97037414634005,False
0,6ahp,48,Y,restricted_s231301,True,K,0.24170946475808425,0.03686956848494241,False,0.10061132335903449,1.0406000180249257,1.0406000180249257,0.15253671808773991,0.9986406349197341,0.6595875709162847,False,11.289771445835585,False
0,6ahp,48,Y,restricted_s231301,True,L,0.3719805913401628,-0.019638741385084736,False,-0.06292192707073646,1.152980021600978,1.1529800216009778,-0.05279507007161515,0.9996143198368097,1.1918144437612166,False,8.613270439584422,False
0,6ahp,48,Y,restricted_s231301,True,M,0.2702687841261555,-0.008981104316762854,False,-0.025034995981909523,1.0778998399606337,1.0778998399606337,-0.03323026869640511,0.9999193397652514,0.7533792823233428,False,10.313875801197797,False
0,6ahp,48,Y,restricted_s231301,True,N,0.24404701943594986,0.051655610689643285,False,0.141026158206244,1.0343461520436683,1.0343461520436685,0.21166253457645812,0.9973316978842801,0.6662783212364001,False,11.186871948141354,False
0,6ahp,48,Y,restricted_s231301,True,P,0.6441937008521279,0.2061233083149179,False,2.813974723992766,1.1494188505870184,1.1494188505870186,0.3199710087854968,0.9575131817693133,8.794467769669744,False,21.192227816262683,False
0,6ahp,48,Y,restricted_s231301,True,Q,0.19710042279769696,0.006790954679775803,False,0.015611632574392345,1.0361715765898634,1.0361715765898634,0.03445428773507,0.9999538829345372,0.45311145870827935,False,11.663527922576769,False
0,6ahp,48,Y,restricted_s231301,True,R,0.21953934390340782,0.036409605986751185,False,0.09266898411586867,1.032210841501313,1.0322108415013127,0.16584547142844044,0.9986743405918895,0.5587670457185429,False,11.59327295040041,False
0,6ahp,48,Y,restricted_s231301,True,S,0.242935291973859,0.04906797939476607,False,0.15832304495014599,1.0351768682847546,1.0351768682847544,0.20197962591637786,0.9975923333981148,0.7838565114270176,False,13.281751455095057,False
0,6ahp,48,Y,restricted_s231301,True,T,0.24514084790317164,0.04664494802263518,False,0.1489737571030708,1.0372248710933496,1.0372248710933494,0.1902781540555799,0.9978242488239657,0.7829262263052847,False,13.028351686778215,False
0,6ahp,48,Y,restricted_s231301,True,V,0.3318651427869042,0.026704457912624515,False,0.08247159077032931,1.0924099155205322,1.0924099155205322,0.08046779992730921,0.9992868719275929,1.024901772446,False,9.3059125318026,False
0,6ahp,48,Y,restricted_s231301,True,W,0.33662309861852513,-0.061085458531028015,False,-0.18672963006177956,1.1544406631860333,1.1544406631860336,-0.18146543948326171,0.996268566756054,1.0290093286826851,False,9.080954198680713,False
0,6ahp,48,Y,restricted_s231303,True,A,0.3123207489278004,0.10731444560259983,False,0.4168893502054492,1.030511194168071,1.0305111941680707,0.3436033179704236,0.9884836097650067,1.213286742013748,False,12.438321473500231,False
0,6ahp,48,Y,restricted_s231303,True,C,0.2776153367604696,0.039566112877743746,False,0.09714680350583109,1.0551019557029138,1.055101955702914,0.1425213510876092,0.9984345227117457,0.6816298243349802,False,8.844263531240648,False
0,6ahp,48,Y,restricted_s231303,True,D,0.2081637563080938,0.033285040145134996,False,0.08652699879934378,1.0294746714693415,1.0294746714693415,0.1598983451080279,0.9988921061025368,0.5411375504911313,False,12.488130810052,False
0,6ahp,48,Y,restricted_s231303,True,E,0.22149092002593704,0.012923123120728392,False,0.03713732142394817,1.0433335187946988,1.0433335187946988,0.05834606276056403,0.9998329928888064,0.636500899406861,False,12.974396545607641,False
0,6ahp,48,Y,restricted_s231303,True,F,0.34652444916478503,-0.05841120455050986,False,-0.11327133193038244,1.1605610148327916,1.1605610148327916,-0.16856301104091273,0.9965881311829585,0.6719821343419751,False,5.596157941194281,False
0,6ahp,48,Y,restricted_s231303,True,G,0.2561506488707825,0.22567656968969677,False,0.8623300647342454,0.9499987553950265,0.9499987553950267,0.881030638355093,0.9490700858930914,0.9787742073808443,False,14.917347117664653,False
0,6ahp,48,Y,restricted_s231303,True,H,0.25230730800732026,-0.0006788446598305244,False,-0.0016103876107762677,1.0640015326112549,1.0640015326112549,-0.0026905469571687113,0.9999995391699278,0.5985354042922537,False,9.40221514957888,False
0,6ahp,48,Y,restricted_s231303,True,I,0.2946644665156099,0.01872603924837241,False,0.04949761283617417,1.075791351096785,1.075791351096785,0.06355038145524206,0.9996493354540685,0.7788720020671296,False,8.97037414634005,False
0,6ahp,48,Y,restricted_s231303,True,K,0.2462557863366405,-0.0015279486606674965,False,-0.004247959388540171,1.0613944447021066,1.0613944447021064,-0.006204721860134226,0.9999976653728904,0.6846333299536936,False,11.289771445835585,False
0,6ahp,48,Y,restricted_s231303,True,L,0.3348852583031295,-0.004362888583306287,False,-0.012584565805730842,1.1150702703690902,1.1150702703690905,-0.01302801026660037,0.9999809652032097,0.9659622266336114,False,8.613270439584422,False
0,6ahp,48,Y,restricted_s231303,True,M,0.2683901960359814,-0.009514383809292362,False,-0.026337176350792593,1.0771404319997075,1.0771404319997073,-0.035449818770641045,0.9999094765007295,0.7429424821941434,False,10.313875801197797,False
0,6ahp,48,Y,restricted_s231303,True,N,0.24194384307861966,0.048901986408884816,False,0.13235786169174907,1.0348737541517639,1.0348737541517639,0.2021212269203896,0.9976085957252653,0.6548439454302415,False,11.186871948141354,False
0,6ahp,48,Y,restricted_s231303,True,P,0.5061107775850142,0.18419423358287793,False,1.9755964159983075,1.0697027456170956,1.0697027456170956,0.36394054768363004,0.9660724843148162,5.428349296533109,False,21.192227816262683,False
0,6ahp,48,Y,restricted_s231303,True,Q,0.23406365337669197,-0.001814858160576635,False,-0.004954577218872792,1.0556353784948942,1.0556353784948944,-0.007753694921850512,0.9999967062898569,0.6389956361205817,False,11.663527922576769,False
0,6ahp,48,Y,restricted_s231303,True,R,0.23436311672137694,0.023278074137744645,False,0.06324735570471281,1.0440150264669716,1.0440150264669716,0.09932481895356782,0.9994581312644377,0.6367729271601247,False,11.59327295040041,False
0,6ahp,48,Y,restricted_s231303,True,S,0.22846910503488457,0.11974741014313764,False,0.363369907879289,0.9974809647041453,0.9974809647041452,0.524129554080643,0.9856605577640112,0.693282615052424,False,13.281751455095057,False
0,6ahp,48,Y,restricted_s231303,True,T,0.22120058643819726,0.028564391714600065,False,0.08231912158522797,1.0362927790435625,1.0362927790435623,0.12913343574060038,0.9991840755259749,0.637473332240523,False,13.028351686778215,False
0,6ahp,48,Y,restricted_s231303,True,V,0.2987958285906989,0.02977365550270132,False,0.08278766914072859,1.0714864590509952,1.071486459050995,0.09964548582599633,0.9991135294380065,0.8308220734183049,False,9.3059125318026,False
0,6ahp,48,Y,restricted_s231303,True,W,0.2610118551310887,-0.021188686890243155,False,-0.050222203329315075,1.0791881854650007,1.0791881854650007,-0.08117902108163438,0.9995510395478673,0.6186598786256754,False,9.080954198680713,False
0,6ahp,48,Y,expanded_s231301,True,A,0.013544194121362105,-0.1262611854758449,False,-0.021270848257363556,1.0036036572065534,1.0036036572065536,-9.322163012763074,0.9840581130422342,0.0022817503006803685,False,12.438321473500231,False
0,6ahp,48,Y,expanded_s231301,True,C,0.016062133117157075,-0.12185450413351545,False,-0.017310375242059892,1.0041724786529087,1.004172478652909,-7.586445912551568,0.9851514798223749,0.0022817503006803685,False,8.844263531240648,False
0,6ahp,48,Y,expanded_s231301,True,D,0.013517156393618732,-0.13030860205093722,False,-0.021996615504968987,1.0037055170236824,1.0037055170236824,-9.640237802712274,0.9830196682315305,0.0022817503006803685,False,12.488130810052,False
0,6ahp,48,Y,expanded_s231301,True,E,0.013261433580926223,-0.1360042161043909,False,-0.023400762752854465,1.00378308737781,1.00378308737781,-10.255619445246426,0.9815028532018302,0.0022817503006803685,False,12.974396545607641,False
0,6ahp,48,Y,expanded_s231301,True,F,0.020192452811747152,-0.13912532514376758,False,-0.01572118332718681,1.0060262982763237,1.0060262982763237,-6.889966585081239,0.9806441439036409,0.0022817503006803685,False,5.596157941194281,False
0,6ahp,48,Y,expanded_s231301,True,G,0.012367680585955363,-0.10440695970377627,False,-0.019262351581730477,1.0027355033802101,1.0027355033802101,-8.441919160035548,0.9890991867654141,0.0022817503006803685,False,14.917347117664653,False
0,6ahp,48,Y,expanded_s231301,True,H,0.01557826064122909,-0.13793859736758882,False,-0.020203888179013783,1.0045403690491617,1.0045403690491617,-8.854557035881367,0.9809729433562623,0.0022817503006803685,False,9.40221514957888,False
0,6ahp,48,Y,expanded_s231301,True,I,0.01594882818585237,-0.13504937581713153,False,-0.01932110311093474,1.0045621237035298,1.00456212370353,-8.467667608139946,0.9817616660914031,0.0022817503006803685,False,8.97037414634005,False
0,6ahp,48,Y,expanded_s231301,True,K,0.014216460516717997,-0.13681690633080068,False,-0.021959194188409168,1.004092212043366,1.004092212043366,-9.623837534659867,0.981281134142069,0.0022817503006803685,False,11.289771445835585,False
0,6ahp,48,Y,expanded_s231301,True,L,0.01627608752101144,-0.13450756480859222,False,-0.018856661716127036,1.0046434248191172,1.0046434248191174,-8.264121499405254,0.9819077150092623,0.0022817503006803685,False,8.613270439584422,False
0,6ahp,48,Y,expanded_s231301,True,M,0.014873840141230606,-0.13562247916388537,False,-0.02080542951066093,1.004255685269829,1.0042556852698288,-9.118188569738416,0.9816065431454415,0.0022817503006803685,False,10.313875801197797,False
0,6ahp,48,Y,expanded_s231301,True,N,0.014281694037190927,-0.124143130282875,False,-0.019834035382126664,1.0037499151916103,1.0037499151916103,-8.692465330764977,0.9845884832035692,0.0022817503006803685,False,11.186871948141354,False
0,6ahp,48,Y,expanded_s231301,True,P,0.010376377211426892,0.08175538220142152,False,0.017977889982151052,0.9984110198344613,0.9984110198344613,7.878990955666987,0.9933160574810994,0.0022817503006803685,False,21.192227816262683,False
0,6ahp,48,Y,expanded_s231301,True,Q,0.013986823402383846,-0.13486238286369637,False,-0.022000869947157803,1.003968223894368,1.003968223894368,-9.642102354757057,0.9818121376883258,0.0022817503006803685,False,11.663527922576769,False
0,6ahp,48,Y,expanded_s231301,True,R,0.014029139307778186,-0.13473484567748606,False,-0.02191376590481766,1.0039772445889599,1.0039772445889599,-9.603928132838835,0.9818465213602641,0.0022817503006803685,False,11.59327295040041,False
0,6ahp,48,Y,expanded_s231301,True,S,0.013107093085376352,-0.12907700022202342,False,-0.022470389288386225,1.0035554444033312,1.0035554444033312,-9.847873924542068,0.9833391280136838,0.0022817503006803685,False,13.281751455095057,False
0,6ahp,48,Y,expanded_s231301,True,T,0.013233944882206174,-0.13739519862741972,False,-0.02368919763310148,1.0038116982685752,1.0038116982685752,-10.382028930176046,0.9811225593941318,0.0022817503006803685,False,13.028351686778215,False
0,6ahp,48,Y,expanded_s231301,True,V,0.015658659309174462,-0.13039162259003198,False,-0.01900042131172034,1.0043287096011764,1.0043287096011762,-8.32712558690354,0.9829980247583386,0.0022817503006803685,False,9.3059125318026,False
0,6ahp,48,Y,expanded_s231301,True,W,0.015851425196805484,-0.1290116991527723,False,-0.018570726586303918,1.0043413062780358,1.004341306278036,-8.13880755522045,0.9833559814817144,0.0022817503006803685,False,9.080954198680713,False
0,6ahp,48,Y,expanded_s231303,True,A,0.3442366515041712,0.244537426654528,False,1.0470422905383159,0.950141382400801,0.950141382400801,0.7103759160623977,0.9402014469651814,1.473927067153479,False,12.438321473500231,False
0,6ahp,48,Y,expanded_s231303,True,C,0.3556482693270566,0.12498870123259431,False,0.39314533762051995,1.0375816609177133,1.0375816609177133,0.351439081846491,0.9843778245641893,1.1186727883390224,False,8.844263531240648,False
0,6ahp,48,Y,expanded_s231303,True,D,0.26756166005079,0.13298895872002028,False,0.4443619936665984,1.0004237488020253,1.0004237488020251,0.49704041563643914,0.9823139368585647,0.8940158178034914,False,12.488130810052,False
0,6ahp,48,Y,expanded_s231303,True,E,0.23165506477033523,0.08781583281266488,False,0.2639379210719666,1.0129781041575907,1.0129781041575905,0.3790801332132592,0.9922883795074181,0.6962589118947128,False,12.974396545607641,False
0,6ahp,48,Y,expanded_s231303,True,F,0.2977182171092026,-0.02626291434335322,False,-0.04375606813446401,1.104274032867472,1.104274032867472,-0.08821399845250322,0.9993102593301937,0.4960218208227286,False,5.596157941194281,False
0,6ahp,48,Y,expanded_s231303,True,G,0.35482103449755953,0.3126872707910112,False,1.6550501397277968,0.9040019247293481,0.904001924729348,0.8812534782042689,0.9022266706852687,1.8780636680155796,False,14.917347117664653,False
0,6ahp,48,Y,expanded_s231303,True,H,0.2498637984874623,0.07808855181957579,False,0.18345134135045643,1.0234089134425348,1.0234089134425346,0.31252447250174237,0.9939021780747214,0.5869983233054931,False,9.40221514957888,False
0,6ahp,48,Y,expanded_s231303,True,I,0.31097643437032363,0.07710224300420371,False,0.2150824869838127,1.0487523815108772,1.0487523815108772,0.2479359671105726,0.9940552441237207,0.867492076645305,False,8.97037414634005,False
0,6ahp,48,Y,expanded_s231303,True,K,0.3115402926532202,0.08470536955092525,False,0.29792730979386395,1.0442790827080652,1.0442790827080652,0.2718921807177345,0.9928250003692412,1.0957553431930351,False,11.289771445835585,False
0,6ahp,48,Y,expanded_s231303,True,L,0.2895170362723683,0.05991226630601351,False,0.14940253131043957,1.04912887073738,1.04912887073738,0.20693865576065784,0.9964105203460772,0.7219653126733185,False,8.613270439584422,False
0,6ahp,48,Y,expanded_s231303,True,M,0.27304521799606624,0.057548135748260267,False,0.16206443952750083,1.0431272045292175,1.0431272045292175,0.2107641224066021,0.9966882120718997,0.7689375102222057,False,10.313875801197797,False
0,6ahp,48,Y,expanded_s231303,True,N,0.25497927452854907,0.14233710814411082,False,0.40600528426729665,0.9924284052929513,0.9924284052929513,0.5582301087305583,0.9797401476451718,0.7273081081036131,False,11.186871948141354,False
0,6ahp,48,Y,expanded_s231303,True,P,0.34222243507372635,0.23374088250995295,False,1.6951954209073214,0.9571334470901152,0.9571334470901153,0.6830086474593555,0.9453651998434683,2.481953086850484,False,21.192227816262683,False
0,6ahp,48,Y,expanded_s231303,True,Q,0.2245128468014358,0.07890711889373794,False,0.2066271171878049,1.01497469458742,1.01497469458742,0.35145925953860974,0.9937736665878895,0.5879120028280427,False,11.663527922576769,False
0,6ahp,48,Y,expanded_s231303,True,R,0.3031142395497253,0.0931786332207237,False,0.3274377411460203,1.0353907011158434,1.0353907011158432,0.30740434154178997,0.9913177423111178,1.0651695402340533,False,11.59327295040041,False
0,6ahp,48,Y,expanded_s231303,True,S,0.2897145070971759,0.23104167241309953,False,0.8890289655505142,0.950062247138423,0.9500622471384229,0.7974805084082436,0.9466197456085581,1.1147971093676003,False,13.281751455095057,False
0,6ahp,48,Y,expanded_s231303,True,T,0.28200683041960234,0.1370759316820381,False,0.5036285099654693,1.0022151543623794,1.002215154362379,0.4860730907761372,0.9812101889535013,1.0361168300045174,False,13.028351686778215,False
0,6ahp,48,Y,expanded_s231303,True,V,0.32459145534530054,0.1375359280655938,False,0.41544373267433665,1.0160736387770248,1.0160736387770248,0.4237201127777164,0.9810838684911358,0.9804673418754575,False,9.3059125318026,False
0,6ahp,48,Y,expanded_s231303,True,W,0.26043524143779756,-0.0014625620307285236,False,-0.0034589599328117026,1.068588320373945,1.068588320373945,-0.005615837636466117,0.9999978609123062,0.6159294760146102,False,9.080954198680713,False
0,6ahp,58,L,restricted_s231301,True,A,0.2803083990471623,0.20657167249455383,False,1.142925570905657,0.962765248965497,0.9627652489654968,0.7369442842124678,0.9573281441228029,1.550898209526164,False,19.73836031840568,False
0,6ahp,58,L,restricted_s231301,True,C,0.23563976155652655,0.12732855994682735,False,0.45683006136955084,0.995518754216004,0.9955187542160041,0.5403526090238513,0.9837874378218672,0.8454295468190962,False,15.225805324867688,False
0,6ahp,58,L,restricted_s231301,True,D,0.25487367461516097,0.15663828363076432,False,0.6040148951873908,0.9851146401430656,0.9851146401430654,0.614572234136286,0.9754644481012082,0.9828216467284233,False,15.129506159801906,False
0,6ahp,58,L,restricted_s231301,True,E,0.28123082010863676,0.1366108139099745,False,0.6101689763143421,1.0022524317157553,1.0022524317157555,0.48576046486371255,0.9813374855228543,1.256110820969208,False,15.881888045838627,False
0,6ahp,58,L,restricted_s231301,True,F,0.2894591549460632,0.13889724362278508,False,0.5891606717408266,1.0033764448553113,1.0033764448553115,0.4798509262858405,0.9807075557139927,1.2277993840734442,False,14.653886769084568,False
0,6ahp,58,L,restricted_s231301,True,G,0.3064699241409604,0.22086830249669,False,1.4978440854362136,0.9585448305803596,0.9585448305803593,0.7206850822826645,0.9512171929522306,2.078361440050919,False,22.128162631194055,False
0,6ahp,58,L,restricted_s231301,True,H,0.2714709603519737,0.12070460001819738,False,0.5110001525103546,1.0081608949427412,1.0081608949427412,0.44463171995155104,0.985430399534447,1.1492660770267027,False,15.594585262881454,False
0,6ahp,58,L,restricted_s231301,True,I,0.2798506842449691,0.06715733983358635,False,0.258457669622996,1.0407283504633753,1.0407283504633753,0.23997561419145835,0.9954898917064763,1.0770163897436353,False,13.752117238367182,False
0,6ahp,58,L,restricted_s231301,True,K,0.26136872747301,0.11673433092867516,False,0.4536063738432337,1.0072922046463786,1.0072922046463786,0.4466270010850078,0.9863730959826345,1.01562684911855,False,14.867122727545025,False
0,6ahp,58,L,restricted_s231301,True,M,0.33195663283659715,0.12701854718824396,False,0.4755789239441734,1.0258659076193997,1.0258659076193997,0.3826359669420064,0.9838662886701879,1.2429017787976364,False,11.279091196107103,False
0,6ahp,58,L,restricted_s231301,True,N,0.21611028548624409,0.13129531756047647,False,0.40993835017900376,0.9899551183709427,0.9899551183709426,0.6075384948248275,0.9827615395866937,0.6747528817860372,False,14.447538948807795,False
0,6ahp,58,L,restricted_s231301,True,P,0.6399254636452519,0.18968457753697482,False,3.8290401658506075,1.1667366165681858,1.1667366165681858,0.29641667399272,0.9640197610446194,12.917762399373826,False,31.54485304985001,False
0,6ahp,58,L,restricted_s231301,True,Q,0.25361071328727597,0.11975671848273073,False,0.4689171412689564,1.0035752203033832,1.0035752203033832,0.472206859601696,0.9856583283782481,0.9930333110037527,False,15.43933625953212,False
0,6ahp,58,L,restricted_s231301,True,R,0.2681617241239839,0.12820599350439557,False,0.5548938363700677,1.0031508297628136,1.0031508297628138,0.47809206896775414,0.9835632232295508,1.1606422117985262,False,16.140046554904405,False
0,6ahp,58,L,restricted_s231301,True,S,0.2463190640429351,0.2008353020480528,False,0.7379074924279966,0.9617339540564744,0.9617339540564745,0.8153461561263721,0.9596651814512673,0.9050235742003386,False,14.916393805047178,False
0,6ahp,58,L,restricted_s231301,True,T,0.27729591896224765,0.11947036237898964,False,0.44229372630931274,1.010635738823848,1.010635738823848,0.4308406803320279,0.985726832513033,1.0265830189676113,False,13.350794777942006,False
0,6ahp,58,L,restricted_s231301,True,V,0.2925525784998443,0.0722405509916075,False,0.2969385165636615,1.043318692257219,1.043318692257219,0.246931855333642,0.9947813027924289,1.202511989238703,False,14.050169208650365,False
0,6ahp,58,L,restricted_s231301,True,W,0.3241685914699194,0.03268973973516627,False,0.18005467237596126,1.0838913019246574,1.0838913019246574,0.10084178601923456,0.9989313809160472,1.7855164955291216,False,16.99111967599879,False
0,6ahp,58,L,restricted_s231301,True,Y,0.30576401067421644,0.11947438456519689,False,0.5324371007815644,1.0204296962286057,1.0204296962286055,0.39074050703924645,0.9857258714327675,1.3626360492184286,False,14.574952281393816,False
0,6ahp,58,L,restricted_s231303,True,A,0.2694341675203652,0.20087401721720743,False,1.068285924592537,0.9643501234166125,0.9643501234166125,0.7455402522474227,0.9596496292070211,1.4329017398754809,False,19.73836031840568,False
0,6ahp,58,L,restricted_s231303,True,C,0.2529590676409348,0.13472213367162955,False,0.518883041375943,0.9958299192534255,0.9958299192534253,0.5325847178677232,0.9818499466989636,0.9742732451155626,False,15.225805324867688,False
0,6ahp,58,L,restricted_s231303,True,D,0.2831287811841395,0.16534180582493818,False,0.7082579343920241,0.9865358588108175,0.9865358588108175,0.5839809189776586,0.9726620872465485,1.2128100617258695,False,15.129506159801906,False
0,6ahp,58,L,restricted_s231303,True,E,0.2888415442288247,0.12744457810047444,False,0.5846327666255817,1.009806860188228,1.0098068601882282,0.4412266193934724,0.9837578795127921,1.3250169888417909,False,15.881888045838627,False
0,6ahp,58,L,restricted_s231303,True,F,0.377615463397534,0.1548312167994102,False,0.8567638400267564,1.0256601148367077,1.0256601148367075,0.41002350752890626,0.976027294304414,2.089548097352334,False,14.653886769084568,False
0,6ahp,58,L,restricted_s231303,True,G,0.2371506159649403,0.2621690638320824,False,1.3757865358403114,0.9318933047030903,0.9318933047030904,1.1054960273467758,0.9312673819694096,1.2444970418774286,False,22.128162631194055,False
0,6ahp,58,L,restricted_s231303,True,H,0.32199618058324,0.13778880630736073,False,0.6918922838030771,1.0149466015940065,1.0149466015940065,0.42792062333714737,0.9810142448563927,1.6168706205542083,False,15.594585262881454,False
0,6ahp,58,L,restricted_s231303,True,I,0.2978023369509205,0.0789472334961913,False,0.3233214988698148,1.041664890631478,1.041664890631478,0.26509944248423495,0.9937673343232979,1.2196234584274626,False,13.752117238367182,False
0,6ahp,58,L,restricted_s231303,True,K,0.3217446942472763,0.13267951975703654,False,0.6346615839725378,1.0181417852420669,1.0181417852420669,0.41237515996166185,0.9823961450370421,1.53903931563565,False,14.867122727545025,False
0,6ahp,58,L,restricted_s231303,True,M,0.3277403644537786,0.13810886466778696,False,0.5105350879822831,1.0168860472112595,1.0168860472112595,0.4213971779092976,0.980925941500175,1.2115294424021315,False,11.279091196107103,False
0,6ahp,58,L,restricted_s231303,True,N,0.26537835886789635,0.13126678654590399,False,0.5032852837830823,1.000754944580589,1.000754944580589,0.49464013232234877,0.9827690307499121,1.0174776587984165,False,14.447538948807795,False
0,6ahp,58,L,restricted_s231303,True,P,0.2963320147396403,0.20926801295907924,False,1.9561850386163633,0.9637870391582042,0.9637870391582042,0.7061944121796755,0.9562068987521587,2.7700375489783053,False,31.54485304985001,False
0,6ahp,58,L,restricted_s231303,True,Q,0.2471894551809256,0.1416036966680425,False,0.5404221704741161,0.9910967454906858,0.9910967454906859,0.5728549244319439,0.9799483930899451,0.9433840007747358,False,15.43933625953212,False
0,6ahp,58,L,restricted_s231303,True,R,0.30363472182515844,0.12525251841673288,False,0.6138223298302766,1.016132017123111,1.0161320171231107,0.4125105246983475,0.9843118066302661,1.4880161670520782,False,16.140046554904405,False
0,6ahp,58,L,restricted_s231303,True,S,0.22428622542576765,0.2056986121848722,False,0.6881732771882764,0.9580335803112107,0.9580335803112108,0.9171254801510428,0.9576880809452175,0.7503589117106855,False,14.916393805047178,False
0,6ahp,58,L,restricted_s231303,True,T,0.277831858426258,0.14393816757030226,False,0.5339064083905367,0.9972093243675338,0.997209324367534,0.5180765387584456,0.9792818039165035,1.0305550791202143,False,13.350794777942006,False
0,6ahp,58,L,restricted_s231303,True,V,0.2698347967344629,0.0899236917990357,False,0.3409209082000353,1.0242817353323184,1.0242817353323184,0.33325461685183305,0.991913729653232,1.0230043064988075,False,14.050169208650365,False
0,6ahp,58,L,restricted_s231303,True,W,0.37477082737134115,0.04758604150095774,False,0.30301725200261875,1.1047854527593177,1.104785452759318,0.12697370773154437,0.9977355686542693,2.3864566721425233,False,16.99111967599879,False
0,6ahp,58,L,restricted_s231303,True,Y,0.34884380562498923,0.1155431600388724,False,0.5874655424014076,1.0410789693991305,1.0410789693991302,0.33121746230197513,0.9866497781682315,1.7736551035639778,False,14.574952281393816,False
0,6ahp,58,L,expanded_s231301,True,A,0.010751734262049544,0.03603127920449195,False,0.00764661589981259,0.999340802311385,0.9993408023113849,3.351206263688246,0.9987017469188879,0.0022817503006803685,False,19.73836031840568,False
0,6ahp,58,L,expanded_s231301,True,C,0.012241761719240464,0.003995692934901879,False,0.0007447599262865296,1.0000520320883661,1.0000520320883661,0.32639852225042254,0.99998403443797,0.0022817503006803685,False,15.225805324867688,False
0,6ahp,58,L,expanded_s231301,True,D,0.012280659271149344,0.06761469958474627,False,0.01256283214943953,0.9984901084174913,0.9984901084174913,5.505787441199664,0.9954282524000645,0.0022817503006803685,False,15.129506159801906,False
0,6ahp,58,L,expanded_s231301,True,E,0.01198624065597784,0.0354191927785092,False,0.00674254389610586,0.9992945840280957,0.9992945840280958,2.9549876224823457,0.9987454807829188,0.0022817503006803685,False,15.881888045838627,False
0,6ahp,58,L,expanded_s231301,True,F,0.012478363782994285,0.03417681431802573,False,0.006249453670578891,0.9993027681186923,0.9993027681186926,2.738885875775031,0.9988319453630712,0.0022817503006803685,False,14.653886769084568,False
0,6ahp,58,L,expanded_s231301,True,G,0.010154566333116274,0.03904173520310444,False,0.008772751894706327,0.9993102114376539,0.9993102114376539,3.8447466806909074,0.9984757429123307,0.0022817503006803685,False,22.128162631194055,False
0,6ahp,58,L,expanded_s231301,True,H,0.012096149439922252,0.03358160941112719,False,0.006334647877139874,0.9993339004995326,0.9993339004995326,2.77622309296991,0.9988722755093585,0.0022817503006803685,False,15.594585262881454,False
0,6ahp,58,L,expanded_s231301,True,I,0.012880990951837477,0.01994839163932117,False,0.003533676002980017,0.9996520098234817,0.9996520098234819,1.5486690204122473,0.9996020616710042,0.0022817503006803685,False,13.752117238367182,False
0,6ahp,58,L,expanded_s231301,True,K,0.012388553336767475,0.01978843671146839,False,0.00364467667765387,0.9996631760464754,0.9996631760464755,1.5973161816028276,0.9996084177725162,0.0022817503006803685,False,14.867122727545025,False
0,6ahp,58,L,expanded_s231301,True,M,0.014223189756665415,0.034244845756646373,False,0.005493717544291554,0.999228157248085,0.9992281572480851,2.407676923567599,0.9988272905391036,0.0022817503006803685,False,11.279091196107103,False
0,6ahp,58,L,expanded_s231301,True,N,0.01256715933055941,0.06830148747554277,False,0.012401127055440846,0.998441222142401,0.998441222142401,5.434918558679755,0.9953349068086284,0.0022817503006803685,False,14.447538948807795,False
0,6ahp,58,L,expanded_s231301,True,P,0.008504911599892738,0.07277400128599844,False,0.019524259290141788,0.9988344606259062,0.9988344606259062,8.556702845320137,0.9947039447368256,0.0022817503006803685,False,31.54485304985001,False
0,6ahp,58,L,expanded_s231301,True,Q,0.012156813250010612,0.04330752690472888,False,0.008128525173856892,0.9990948250745945,0.9990948250745945,3.562407846043952,0.9981244581133962,0.0022817503006803685,False,15.43933625953212,False
0,6ahp,58,L,expanded_s231301,True,R,0.011889994854529377,0.011382169377038155,False,0.002184296016625961,0.9998707041069881,0.9998707041069879,0.9572896806344898,0.9998704462202724,0.0022817503006803685,False,16.140046554904405,False
0,6ahp,58,L,expanded_s231301,True,S,0.012368075791315701,0.048308407184179836,False,0.008912277421140069,0.9989580052159563,0.9989580052159566,3.905895144829222,0.9976662977953275,0.0022817503006803685,False,14.916393805047178,False
0,6ahp,58,L,expanded_s231301,True,T,0.01307315764179494,0.03602660162525306,False,0.006287976580968275,0.9992289445660371,0.9992289445660372,2.755768928393846,0.9987020839753352,0.0022817503006803685,False,13.350794777942006,False
0,6ahp,58,L,expanded_s231301,True,V,0.012743633735886245,0.012202571656218339,False,0.0021848730215184267,0.9998513899931488,0.9998513899931489,0.9575425588272937,0.9998510972449749,0.0022817503006803685,False,14.050169208650365,False
0,6ahp,58,L,expanded_s231301,True,W,0.011588388829039013,0.027176676666000568,False,0.005351079521835674,0.9995044229630797,0.9995044229630797,2.345164376768176,0.9992614282453917,0.0022817503006803685,False,16.99111967599879,False
0,6ahp,58,L,expanded_s231301,True,Y,0.012512108087505507,0.020061207845312828,False,0.0036584296357513196,0.9996545368469404,0.9996545368469403,1.6033435537010579,0.9995975479397872,0.0022817503006803685,False,14.574952281393816,False
0,6ahp,58,L,expanded_s231303,True,A,0.3022702943768739,0.2506003270357867,False,1.4951617391808496,0.9398692616145857,0.9398692616145857,0.8290603863419522,0.9371994760895568,1.8034412978986054,False,19.73836031840568,False
0,6ahp,58,L,expanded_s231303,True,C,0.28256648055597117,0.09283793262566159,False,0.39941684403277605,1.0273780401655368,1.027378040165537,0.32855253193158596,0.9913811182657931,1.2156863978024253,False,15.225805324867688,False
0,6ahp,58,L,expanded_s231303,True,D,0.3059966511557621,0.1962977413165976,False,0.9087757475478916,0.9735010475739032,0.9735010475739033,0.6415029072219348,0.9614671967540022,1.4166354311368552,False,15.129506159801906,False
0,6ahp,58,L,expanded_s231303,True,E,0.27925826259993747,0.13672724993921911,False,0.606405652348087,1.0016207486941482,1.0016207486941484,0.48960861056094573,0.9813056591240583,1.2385518540070743,False,15.881888045838627,False
0,6ahp,58,L,expanded_s231303,True,F,0.2843543535782101,0.12994552455196587,False,0.5414695513983433,1.0069562471301703,1.0069562471301705,0.4569844734809909,0.9831141606489144,1.1848751605799726,False,14.653886769084568,False
0,6ahp,58,L,expanded_s231303,True,G,0.3789788455882364,0.30154546508635593,False,2.5287920919931044,0.9150662609018023,0.9150662609018022,0.795678884446198,0.9090703324858533,3.1781565923458857,False,22.128162631194055,False
0,6ahp,58,L,expanded_s231303,True,H,0.28580758708688797,0.16011726834153664,False,0.7136507966505551,0.9901605166051525,0.9901605166051524,0.5602274942157488,0.9743624603788443,1.2738589305574524,False,15.594585262881454,False
0,6ahp,58,L,expanded_s231303,True,I,0.2240505250054927,0.07673839253135417,False,0.2364439628685101,1.015812083485782,1.015812083485782,0.34250485478430764,0.9941112191117037,0.6903375516163431,False,13.752117238367182,False
0,6ahp,58,L,expanded_s231303,True,K,0.27997265906861907,0.13074029710828747,False,0.5441918284680927,1.0051772725682961,1.0051772725682964,0.4669752308786841,0.9829069747120368,1.1653548036029961,False,14.867122727545025,False
0,6ahp,58,L,expanded_s231303,True,M,0.29387474429412186,0.12668024979065357,False,0.41989942837595096,1.0119061133052478,1.0119061133052478,0.43106885586556826,0.9839521143129776,0.9740889945129774,False,11.279091196107103,False
0,6ahp,58,L,expanded_s231303,True,N,0.28098707200656936,0.17040702833675211,False,0.6917795440809982,0.983189390751456,0.983189390751456,0.6064586072229262,0.9709614446934374,1.140687156290469,False,14.447538948807795,False
0,6ahp,58,L,expanded_s231303,True,P,0.2717210850175868,0.14588778644277223,False,1.2504628203492378,0.9945507727970465,0.9945507727970464,0.536902708280183,0.9787167537668281,2.3290305693460627,False,31.54485304985001,False
0,6ahp,58,L,expanded_s231303,True,Q,0.2741525089687605,0.12462822485514602,False,0.5275179717058125,1.0068253171091441,1.0068253171091441,0.45459450772105586,0.9844678055694551,1.1604143093376378,False,15.43933625953212,False
0,6ahp,58,L,expanded_s231303,True,R,0.3086333326177749,0.17246234129550217,False,0.8590963801289259,0.9887992797125642,0.9887992797125641,0.5587936333146721,0.9702567408348737,1.5374126133701758,False,16.140046554904405,False
0,6ahp,58,L,expanded_s231303,True,S,0.3088653518122124,0.25525553622942443,False,1.1760023867776355,0.9377186235510496,0.9377186235510496,0.8264298171735938,0.934844611224229,1.4229912357223349,False,14.916393805047178,False
0,6ahp,58,L,expanded_s231303,True,T,0.29386610544906694,0.16389738392875428,False,0.6430261564717087,0.9900295161149352,0.9900295161149351,0.5577280975575493,0.9731376475413105,1.152938428757138,False,13.350794777942006,False
0,6ahp,58,L,expanded_s231303,True,V,0.2541255168502696,0.12955230123171504,False,0.4625673351900944,0.9987346872951138,0.9987346872951139,0.5097965085814153,0.983216201245567,0.9073568127746832,False,14.050169208650365,False
0,6ahp,58,L,expanded_s231303,True,W,0.32421335850984107,0.028589433105513908,False,0.1574919817263465,1.0865761495861683,1.0865761495861685,0.08818092270138866,0.9991826443147053,1.7860096821584557,False,16.99111967599879,False
0,6ahp,58,L,expanded_s231303,True,Y,0.3006284486335056,0.1257896508797773,False,0.5511656317185465,1.0147455689315128,1.0147455689315126,0.41842231316280637,0.9841769637315437,1.3172472269758957,False,14.574952281393816,False
4,1jhg,2,A,restricted_s231301,False,C,0.8216210798583556,0.8127796307026173,False,1.056892953583788,0.33946744313809063,0.3394674431380908,0.9892390186030006,0.3393892719149171,1.0683898771768305,False,1.582656326521231,False
4,1jhg,2,A,restricted_s231301,False,D,0.833955119403933,0.8196663157940433,False,1.3155754653715568,0.32835130066122187,0.3283513006612219,0.9828662199230787,0.32814713075261975,1.3385091874197454,False,1.9245801333285426,False
4,1jhg,2,A,restricted_s231301,False,E,0.9189490864906148,0.8856640017817524,False,1.0052954993919914,0.21670717281200833,0.21670717281200866,0.9637791851603278,0.21559927594793213,1.0430765831747624,False,1.235188657455962,False
4,1jhg,2,A,restricted_s231301,False,F,0.8973762560127855,0.8731208769082746,False,2.8251831173753916,0.2382482577224293,0.23824825772242897,0.9729707812726378,0.2376599343069256,2.9036669669361244,False,3.605766964972432,False
4,1jhg,2,A,restricted_s231301,False,G,0.7680084799969277,0.7724477832347107,False,1.4628988266952376,0.40334412958901844,0.4033441295890185,1.0057802789336399,0.4033244221757813,1.4544914603478298,False,2.465920920260446,False
4,1jhg,2,A,restricted_s231301,False,H,0.9002525060665909,0.8758431754734994,False,1.5252556075389028,0.23349454739649966,0.23349454739649936,0.9728861286932247,0.2328987319764968,1.56776375215424,False,1.9344251993084836,False
4,1jhg,2,A,restricted_s231301,False,I,0.8571360651415557,0.8409973918744242,False,1.6149429963504194,0.29298384363523944,0.29298384363523944,0.9811713986571478,0.29272338686041616,1.645933624401063,False,2.240334049003811,False
4,1jhg,2,A,restricted_s231301,False,K,0.9381563342273427,0.9058836284345739,False,1.3609740109219455,0.1804163792733973,0.18041637927339677,0.9655998636737361,0.17937485173421067,1.4094596137824242,False,1.6014087823007965,False
4,1jhg,2,A,restricted_s231301,False,L,0.9110394235262644,0.8766262352957709,False,1.4133042077146134,0.23271071111535108,0.2327107111153508,0.9622264554729212,0.23152644359116373,1.4687854399305553,False,1.7696362964644499,False
4,1jhg,2,A,restricted_s231301,False,M,0.8644461555773021,0.8395481098551141,False,1.8333998977702615,0.29577888391948953,0.29577888391948953,0.9711976904963382,0.29515897123870527,1.8877720938908824,False,2.526234532061734,False
4,1jhg,2,A,restricted_s231301,False,N,0.843945808073726,0.8420457980903097,False,1.6428122367184834,0.29096248395639046,0.2909624839563905,0.9977486587820691,0.2909588739184535,1.646519113063835,False,2.3117329101557984,False
4,1jhg,2,A,restricted_s231301,False,P,0.8097104093575481,0.791238836133405,False,0.716441545916132,0.37428230321162964,0.37428230321162953,0.977187432678803,0.37394110419425464,0.7331669667016921,False,1.1182616836985977,False
4,1jhg,2,A,restricted_s231301,False,Q,0.9350246085531284,0.8994331429995936,False,0.9203423000212831,0.19228677369412117,0.19228677369412134,0.9619352632776055,0.19102002127387277,0.9567611617494898,False,1.0943530568835047,False
4,1jhg,2,A,restricted_s231301,False,R,0.9281446517737015,0.9048472370129862,False,1.9946969104659729,0.18179424720449738,0.1817942472044975,0.9748989398191397,0.18125147766996477,2.0460550617031372,False,2.3751223363917306,False
4,1jhg,2,A,restricted_s231301,False,S,0.795083813040748,0.7989613343155194,False,1.0221854002358264,0.36167582144000116,0.36167582144000093,1.0048768711061318,0.3616607862687647,1.017224527330042,False,1.6091295107428938,False
4,1jhg,2,A,restricted_s231301,False,T,0.8198425112137468,0.8146643835171048,False,1.2300512933445034,0.33634875523513846,0.3363487552351383,0.9936839970777119,0.3363219422286956,1.2378696818726227,False,1.8416795183582206,False
4,1jhg,2,A,restricted_s231301,False,V,0.8452365794999671,0.8129565854914425,False,0.8717532169643167,0.3401435881192855,0.3401435881192855,0.9618095160675356,0.33910159010609503,0.9063678435295338,False,1.2686678121579475,False
4,1jhg,2,A,restricted_s231301,False,W,0.9221664113247366,0.9010429004533191,False,3.5945350182970452,0.18856789425420512,0.18856789425420517,0.97709360196597,0.18812169154266997,3.678803147482113,False,4.326014295288029,False
4,1jhg,2,A,restricted_s231301,False,Y,0.9060028358200205,0.8793447782878718,False,2.512344957835386,0.22746341292924085,0.22746341292924116,0.9705761875369622,0.22675276089785362,2.588508753971165,False,3.1534832168103764,False
4,1jhg,2,A,restricted_s231303,False,C,0.8159253741030277,0.8135349547621556,False,1.050541649995122,0.3381665914847626,0.33816659148476264,0.9970702966021864,0.3381608773801373,1.0536284689004929,False,1.582656326521231,False
4,1jhg,2,A,restricted_s231303,False,D,0.8144947493470615,0.8241989251899773,False,1.291981607807078,0.3207903027444764,0.3207903027444764,1.011914350400288,0.3206961317156863,1.2767697259120816,False,1.9245801333285426,False
4,1jhg,2,A,restricted_s231303,False,E,0.8702983144841654,0.8854994814004234,False,0.9518965407064887,0.2161217439151969,0.21612174391519692,1.0174666165190358,0.21589066843958113,0.9355555506706688,False,1.235188657455962,False
4,1jhg,2,A,restricted_s231303,False,F,0.8789002063899896,0.8704975514138985,False,2.7587019116741707,0.2423046175930541,0.24230461759305397,0.9904395801536966,0.24223401298240707,2.785330843953222,False,3.605766964972432,False
4,1jhg,2,A,restricted_s231303,False,G,0.7734329101548313,0.7737955379153348,False,1.4758017255467533,0.4012405970012104,0.4012405970012105,1.0004688548363307,0.40124046550231773,1.475110113036136,False,2.465920920260446,False
4,1jhg,2,A,restricted_s231303,False,H,0.878003504814861,0.8744939830922468,False,1.485268656333958,0.23527259027817865,0.23527259027817873,0.9960028385953263,0.23526027353545717,1.4912293407001216,False,1.9344251993084836,False
4,1jhg,2,A,restricted_s231303,False,I,0.8360442427196542,0.8400104889757016,False,1.5733550881326086,0.29439810952016626,0.29439810952016665,1.0047440626385336,0.2943823784108028,1.5659262359817878,False,2.240334049003811,False
4,1jhg,2,A,restricted_s231303,False,K,0.8884499162780854,0.9029867206344742,False,1.2847437696988173,0.184826301038694,0.18482630103869407,1.0163619851722048,0.18461498235779816,1.2640612187803737,False,1.6014087823007965,False
4,1jhg,2,A,restricted_s231303,False,L,0.879032697416346,0.8753620224722582,False,1.3616852968697704,0.2337548034678227,0.23375480346782315,0.9958241883892639,0.2337413296132777,1.3673952819646642,False,1.7696362964644499,False
4,1jhg,2,A,restricted_s231303,False,M,0.8420576896377027,0.844828065310585,False,1.7971480099247445,0.2862732150449431,0.28627321504494313,1.0032900069757384,0.28626554006357396,1.7912547692386247,False,2.526234532061734,False
4,1jhg,2,A,restricted_s231303,False,N,0.8338063096212841,0.8422672124905813,False,1.6235016258493353,0.29065752964070946,0.2906575296407096,1.0101473241107282,0.2905859427633459,1.607192918397885,False,2.3117329101557984,False
4,1jhg,2,A,restricted_s231303,False,P,0.7965420840443707,0.793114553882153,False,0.7064608341983785,0.37098105238332624,0.37098105238332646,0.9956969879798258,0.3709693044203133,0.7095138809566153,False,1.1182616836985977,False
4,1jhg,2,A,restricted_s231303,False,Q,0.8883991289307223,0.8994959421964684,False,0.8745100159918494,0.19103018923674236,0.19103018923674234,1.0124907971027644,0.19090704997208746,0.8637214466484575,False,1.0943530568835047,False
4,1jhg,2,A,restricted_s231303,False,R,0.889953735071725,0.9048416000458679,False,1.9126080223005337,0.1814833273499218,0.18148332734992179,1.0167288077879049,0.18126167882643354,1.8811388126808286,False,2.3751223363917306,False
4,1jhg,2,A,restricted_s231303,False,S,0.8050021818301237,0.7984429473288813,False,1.0342652811103243,0.36253188341801146,0.36253188341801107,0.991851904691326,0.36248885986076906,1.0427618036708795,False,1.6091295107428938,False
4,1jhg,2,A,restricted_s231303,False,T,0.8070788598901285,0.8106846418240926,False,1.2049859291565985,0.34280341317389806,0.34280341317389795,1.0044676946865576,0.3427904115105427,1.199626364820635,False,1.8416795183582206,False
4,1jhg,2,A,restricted_s231303,False,V,0.8195513802704877,0.8126342857575342,False,0.8449271180202897,0.33967336380784346,0.3396733638078438,0.9915599013320303,0.33962551761134246,0.8521190871930594,False,1.2686678121579475,False
4,1jhg,2,A,restricted_s231303,False,W,0.9065914129079075,0.899603644549218,False,3.528180193695076,0.1907621116203989,0.190762111620399,0.9922922627997589,0.1907132827137641,3.5555857139712983,False,4.326014295288029,False
4,1jhg,2,A,restricted_s231303,False,Y,0.8875514733826295,0.8792315615429087,False,2.4608624683124654,0.22702108211983885,0.22702108211983899,0.9906259951234018,0.22695186118681823,2.484148892141597,False,3.1534832168103764,False
4,1jhg,2,A,expanded_s231301,False,C,0.037970013289442696,0.023265359323837245,False,0.0013980964459489027,0.999674949903781,0.999674949903781,0.6127298177771778,0.9994587230555327,0.002281750300680368,False,1.582656326521231,False
4,1jhg,2,A,expanded_s231301,False,D,0.03443230201647196,0.007095661908834105,False,0.00047021336785043065,1.00069694347445,1.00069694347445,0.20607573392681192,0.9999496515820755,0.002281750300680368,False,1.9245801333285426,False
4,1jhg,2,A,expanded_s231301,False,E,0.04298009892411418,0.01645646233403375,False,0.0008736494056264101,1.0004326881454113,1.000432688145411,0.38288563186160507,0.9997291848474485,0.002281750300680368,False,1.235188657455962,False
4,1jhg,2,A,expanded_s231301,False,F,0.02515563186177519,0.037689158603860524,False,0.0034186081848106738,0.9987366166163276,0.9987366166163277,1.498239392711516,0.998579527323733,0.002281750300680368,False,3.605766964972432,False
4,1jhg,2,A,expanded_s231301,False,G,0.030418968677634117,0.021460861162827676,False,0.0016097957471893577,0.9996196791283966,0.9996196791283967,0.7055091640436518,0.9995394314381498,0.002281750300680368,False,2.465920920260446,False
4,1jhg,2,A,expanded_s231301,False,H,0.03434457034862911,0.023833120212097086,False,0.0015834010633437596,0.9995424729649286,0.9995424729649286,0.6939414285917368,0.9994319823809557,0.002281750300680368,False,1.9344251993084836,False
4,1jhg,2,A,expanded_s231301,False,I,0.03191373749931553,0.039233173906238,False,0.0028050712129572327,0.9985143322145578,0.9985143322145582,1.2293506489824158,0.9984607580652428,0.002281750300680368,False,2.240334049003811,False
4,1jhg,2,A,expanded_s231301,False,K,0.03774704468710654,0.001592381156058742,False,9.625697089011773e-05,1.0013046240172971,1.0013046240172974,0.042185584838716136,0.9999974643222538,0.002281750300680368,False,1.6014087823007965,False
4,1jhg,2,A,expanded_s231301,False,L,0.03590806887405908,0.028528068878057967,False,0.0018127939424602297,0.9992406136860298,0.9992406136860296,0.7944751631761346,0.9991861492860887,0.002281750300680368,False,1.7696362964644499,False
4,1jhg,2,A,expanded_s231301,False,M,0.030053650010197278,0.024359834832394664,False,0.0018494612279866558,0.9994390179782173,0.9994390179782177,0.810544969550431,0.9994065984469386,0.002281750300680368,False,2.526234532061734,False
4,1jhg,2,A,expanded_s231301,False,N,0.031417037495564716,0.008588169442240003,False,0.0006237398484784423,1.0004474005622273,1.0004474005622275,0.27336025694505517,0.9999262433456314,0.002281750300680368,False,2.3117329101557984,False
4,1jhg,2,A,expanded_s231301,False,P,0.04517127363951629,0.011930884359478129,False,0.0006026683947828007,1.0009625774778892,1.0009625774778894,0.2641254806028066,0.9998576539984008,0.002281750300680368,False,1.1182616836985977,False
4,1jhg,2,A,expanded_s231301,False,Q,0.04566204214198227,0.026675853688509873,False,0.0013330029564906476,0.9996488741819801,0.9996488741819801,0.5842019418571678,0.9992883988299892,0.002281750300680368,False,1.0943530568835047,False
4,1jhg,2,A,expanded_s231301,False,R,0.03099495900364947,0.01430045423959162,False,0.001052753957739129,1.0000742034978585,1.0000742034978585,0.4613800017579578,0.9997954970085414,0.002281750300680368,False,2.3751223363917306,False
4,1jhg,2,A,expanded_s231301,False,S,0.037656379174381006,-0.0010131174935649344,False,-6.138883228420034e-05,1.0014943035654966,1.0014943035654966,-0.02690427268307822,0.9999989735929442,0.002281750300680368,False,1.6091295107428938,False
4,1jhg,2,A,expanded_s231301,False,T,0.03519873283969892,0.011049989845637981,False,0.0007163132197862139,1.0004610595126044,1.0004610595126047,0.3139314672480266,0.9998778977244113,0.002281750300680368,False,1.8416795183582206,False
4,1jhg,2,A,expanded_s231301,False,V,0.042409201704684485,0.04130142769933222,False,0.002222148526343757,0.9982954192332438,0.9982954192332438,0.9738789234217087,0.9982941920699968,0.002281750300680368,False,1.2686678121579475,False
4,1jhg,2,A,expanded_s231301,False,W,0.022966249738636098,0.03252607683010277,False,0.003231541345742035,0.9990334446200609,0.9990334446200612,1.4162554705387613,0.9989420543260422,0.002281750300680368,False,4.326014295288029,False
4,1jhg,2,A,expanded_s231301,False,Y,0.026899164834320224,0.03368021127791818,False,0.002856959786064311,0.998911625959145,0.9989116259591448,1.2520913376071114,0.9988656433682749,0.002281750300680368,False,3.1534832168103764,False
4,1jhg,2,A,expanded_s231303,False,C,0.8212846890070824,0.8021119953875937,False,1.0425943228460708,0.3569839390359597,0.35698393903595943,0.9766552404104014,0.35661634685533283,1.0675152087526414,False,1.582656326521231,False
4,1jhg,2,A,expanded_s231303,False,D,0.8344713722895558,0.8136005949799331,False,1.3066482710330427,0.3384896611938067,0.33848966119380663,0.9749892231145579,0.33805407184829883,1.3401668860082527,False,1.9245801333285426,False
4,1jhg,2,A,expanded_s231303,False,E,0.8937768828331112,0.8828890311106317,False,0.97469454124417,0.22062550405966053,0.22062550405966083,0.9878181546965424,0.2205069587445299,0.986714545192375,False,1.235188657455962,False
4,1jhg,2,A,expanded_s231303,False,F,0.8736786963170471,0.8656278305223759,False,2.7269715837771735,0.25075327546516885,0.2507532754651686,0.9907850954491516,0.2506884590251251,2.752334079612853,False,3.605766964972432,False
4,1jhg,2,A,expanded_s231303,False,G,0.7701173753488599,0.7518167460210914,False,1.4277364990881074,0.4351064934360502,0.4351064934360502,0.9762365713155369,0.4347715804022577,1.4624902826208892,False,2.465920920260446,False
4,1jhg,2,A,expanded_s231303,False,H,0.8866344322679789,0.8680699378769926,False,1.4888510463013305,0.2467992234062272,0.2467992234062272,0.9790618391127682,0.24645458295423425,1.5206915302209474,False,1.9344251993084836,False
4,1jhg,2,A,expanded_s231303,False,I,0.8310321553011845,0.8292668752393572,False,1.543920471591453,0.3123195658444489,0.31231956584444964,0.9978757981257808,0.31231644963075234,1.5472070517105017,False,2.240334049003811,False
4,1jhg,2,A,expanded_s231303,False,K,0.9061057920508733,0.8994734674630475,False,1.305177172963363,0.19099146905944026,0.19099146905944023,0.9926804081311364,0.19094748133000203,1.314800979522248,False,1.6014087823007965,False
4,1jhg,2,A,expanded_s231303,False,L,0.8786421515279907,0.8707856434227875,False,1.3539646062864032,0.241794087928369,0.24179408792836896,0.9910583528327881,0.2417323632087619,1.3661805103769151,False,1.7696362964644499,False
4,1jhg,2,A,expanded_s231303,False,M,0.832945778991283,0.8328670853842776,False,1.7525325719427223,0.3063324242761823,0.3063324242761828,0.9999055237339689,0.30633241808349865,1.7526981603203888,False,2.526234532061734,False
4,1jhg,2,A,expanded_s231303,False,N,0.8425249660711879,0.8302535815741543,False,1.6170788330852985,0.31082957716076315,0.31082957716076315,0.9854349900700785,0.3106789902832891,1.640979718987146,False,2.3117329101557984,False
4,1jhg,2,A,expanded_s231303,False,P,0.8051899496087181,0.7860596771424606,False,0.7077784061138316,0.3824761512953238,0.3824761512953237,0.9762412925353156,0.38211018397069046,0.7250035534511338,False,1.1182616836985977,False
4,1jhg,2,A,expanded_s231303,False,Q,0.9102646687122189,0.897567980714156,False,0.8941131722446326,0.19453292588283272,0.1945329258828326,0.9860516524100343,0.19437171999671254,0.9067609897101307,False,1.0943530568835047,False
4,1jhg,2,A,expanded_s231303,False,R,0.9109878369788647,0.9018849047333829,False,1.9514151864318252,0.1866864819895226,0.1866864819895221,0.9900076248266168,0.1866036186140568,1.9711112697476274,False,2.3751223363917306,False
4,1jhg,2,A,expanded_s231303,False,S,0.806176600687487,0.789401262248216,False,1.0240449135456178,0.37712705914067535,0.3771270591406754,0.9791914843162586,0.3768456471609232,1.045806596511283,False,1.6091295107428938,False
4,1jhg,2,A,expanded_s231303,False,T,0.8138175961283307,0.8013566446814921,False,1.2010662858833256,0.35798280333578125,0.3579828033357809,0.9846882747361073,0.35782752802482076,1.2197426502363977,False,1.8416795183582206,False
4,1jhg,2,A,expanded_s231303,False,V,0.8142212462752553,0.7986831937068323,False,0.8250208000240579,0.36234658716787366,0.36234658716787366,0.9809166702054221,0.3621051560902545,0.8410712398753334,False,1.2686678121579475,False
4,1jhg,2,A,expanded_s231303,False,W,0.9124081423159814,0.8980932093966181,False,3.544855324722374,0.19363350454016834,0.19363350454016856,0.9843108229141538,0.19342858723568238,3.601357662844206,False,4.326014295288029,False
4,1jhg,2,A,expanded_s231303,False,Y,0.883599022346693,0.8751895393272836,False,2.4386409866056846,0.2341139896567505,0.2341139896567506,0.9904826931597603,0.23404327025209692,2.462073293604074,False,3.1534832168103764,False
4,1jhg,25,N,restricted_s231301,True,A,0.6776933896883185,0.393097599129395,False,0.6453815043346519,0.926469041562564,0.926469041562564,0.5800522848691008,0.8454742775587055,1.1126264324263353,False,2.422606477984871,False
4,1jhg,25,N,restricted_s231301,True,C,0.5886038956845887,0.24321796438697005,False,0.225114054164443,1.0601364633377819,1.060136463337782,0.41321161169701404,0.9408450217994585,0.5447912105855997,False,1.5724752838483342,False
4,1jhg,25,N,restricted_s231301,True,D,0.43747342463331257,0.17781370501941104,False,0.1961380208024176,1.0358054562972399,1.03580545629724,0.40645601539900017,0.9683822863072699,0.4825565703828431,False,2.521418189131343,False
4,1jhg,25,N,restricted_s231301,True,E,0.5832878182841363,0.29756470169221844,False,0.4121640242376766,0.9930929476618197,0.99309294766182,0.5101507221041707,0.911455248306821,0.8079259841829929,False,2.3746836550947097,False
4,1jhg,25,N,restricted_s231301,True,F,0.6583520783360933,0.37216009006016904,False,0.8906503107456222,0.9434027215197337,0.9434027215197339,0.5652903701629673,0.8614968673664068,1.5755625033712444,False,3.6351238724620694,False
4,1jhg,25,N,restricted_s231301,True,G,1.5262176312586755,0.13819122369467693,False,0.9360110703274273,2.907520493788787,2.9075204937887875,0.0905449005858426,0.9809031856937678,10.337534905569049,False,4.437966875050281,False
4,1jhg,25,N,restricted_s231301,True,H,0.9023357984117351,0.28878452294003626,False,0.28713803957365086,1.2930486669432442,1.2930486669432444,0.320041079438881,0.9166034993102957,0.8971911983207964,False,1.1019163558796699,False
4,1jhg,25,N,restricted_s231301,True,I,0.44793091331785667,0.26141825063147234,False,0.5961638823526954,0.9664474715791456,0.9664474715791456,0.583612880600556,0.9316604982367807,1.0215056969599847,False,5.091183162197488,False
4,1jhg,25,N,restricted_s231301,True,K,0.6261204571940329,0.3705465187968071,False,0.587976512420684,0.9280133153954364,0.9280133153954366,0.591813467423531,0.8626952774075676,0.9935166142474736,False,2.5343077208799385,False
4,1jhg,25,N,restricted_s231301,True,L,0.6055131901915523,0.317907744988894,False,0.6030349544855576,0.9816515577862956,0.9816515577862955,0.5250219980977209,0.8989346656760764,1.148589881320204,False,3.132692518604078,False
4,1jhg,25,N,restricted_s231301,True,M,0.6023843181125877,0.32158037500816866,False,0.639261038021183,0.9754369168725956,0.9754369168725956,0.5338458610870812,0.8965860624096057,1.197463696205198,False,3.300008366894816,False
4,1jhg,25,N,restricted_s231301,True,P,0.6693593591617607,0.18242178693900596,False,2.1463020073257035,1.2038304908921704,1.2038304908921706,0.2725319134514723,0.9667222916499799,7.875415323453042,False,17.577406074624037,False
4,1jhg,25,N,restricted_s231301,True,Q,0.6268406264390752,0.27577430590229146,False,0.3602086204214042,1.0471960936193452,1.0471960936193452,0.4399432555431136,0.9239485322041093,0.8187615468197682,False,2.0837382595717515,False
4,1jhg,25,N,restricted_s231301,True,R,0.5646812479408361,0.39356231665918007,False,0.8465214941450266,0.8743903915488351,0.8743903915488354,0.6969636730356153,0.8451087029058593,1.2145848153864525,False,3.8090889606555773,False
4,1jhg,25,N,restricted_s231301,True,S,0.5970287533840617,0.3628793639892599,False,0.4145911922591505,0.9231445037447086,0.923144503744709,0.6078088566629283,0.8683185671907502,0.6821078497200473,False,1.9136501872255882,False
4,1jhg,25,N,restricted_s231301,True,T,0.47282349575287547,0.28951374618062287,False,0.4271564966170675,0.9497842550607037,0.9497842550607041,0.612308290051515,0.9161817907724619,0.6976167129488478,False,3.1204611317568043,False
4,1jhg,25,N,restricted_s231301,True,V,0.4924930014515227,0.24008888612278884,False,0.45743713847880163,1.0060651641951994,1.0060651641951994,0.48749705156251116,0.9423573267603186,0.9383382668933845,False,3.8686487588173524,False
4,1jhg,25,N,restricted_s231301,True,W,0.6952513876689402,0.4771106015387525,False,1.4258509534751278,0.8199508764728262,0.8199508764728262,0.6862418543865454,0.7723654738993297,2.077767399876453,False,4.298463063370573,False
4,1jhg,25,N,restricted_s231301,True,Y,0.648935037940207,0.3728252344368938,False,0.869243013465489,0.9372379681577132,0.937237968157713,0.5745185768059052,0.8610013445670751,1.5129937456472418,False,3.5928135954930696,False
4,1jhg,25,N,restricted_s231303,True,A,0.6920987408788527,0.32435712200723643,False,0.5438440377111511,1.0300263556534996,1.0300263556534994,0.46865729244840953,0.8947924574031828,1.1604301191387483,False,2.422606477984871,False
4,1jhg,25,N,restricted_s231303,True,C,0.6083750495326512,0.25190813056701666,False,0.24098910430493875,1.063610958071083,1.063610958071083,0.41406716261709037,0.9365422937542308,0.5820048679585684,False,1.5724752838483342,False
4,1jhg,25,N,restricted_s231303,True,D,0.4574983948015282,0.12606516896553283,False,0.14542181686264888,1.0939555563617456,1.0939555563617458,0.2755532487064187,0.9841075731736917,0.5277448825057581,False,2.521418189131343,False
4,1jhg,25,N,restricted_s231303,True,E,0.47624253315271786,0.2610755234548642,False,0.29525693017772087,0.9781364131150849,0.9781364131150849,0.548198670384496,0.9318395710527686,0.5385947579380909,False,2.3746836550947097,False
4,1jhg,25,N,restricted_s231303,True,F,0.5575926281909829,0.31777293817075397,False,0.6440997753120072,0.9565338434877249,0.956533843487725,0.5699016129422582,0.8990203597663262,1.1301946874420703,False,3.6351238724620694,False
4,1jhg,25,N,restricted_s231303,True,G,0.6098517023082184,0.31013227474430777,False,0.8393735144106288,0.9936497074211594,0.9936497074211594,0.5085371961257021,0.9038179721619212,1.6505646407094856,False,4.437966875050281,False
4,1jhg,25,N,restricted_s231303,True,H,0.8497729698526494,0.2190279881753699,False,0.2050931503362789,1.3498659723069217,1.3498659723069213,0.2577488293294965,0.95202674039585,0.7957093379232985,False,1.1019163558796699,False
4,1jhg,25,N,restricted_s231303,True,I,0.42844145609366296,0.263922737809291,False,0.5756877867922221,0.9574111971331807,0.9574111971331807,0.6160065373122857,0.9303447884672482,0.934548177530746,False,5.091183162197488,False
4,1jhg,25,N,restricted_s231303,True,K,0.5391870034014151,0.323545855538882,False,0.4421143417048457,0.9418191840150839,0.941819184015084,0.6000624152619046,0.8953180793636129,0.7367805922520234,False,2.5343077208799385,False
4,1jhg,25,N,restricted_s231303,True,L,0.5443646702242259,0.29818597171154626,False,0.5085046272866108,0.9716890778758378,0.9716890778758377,0.5477687807857228,0.9110851262744409,0.9283198406400759,False,3.132692518604078,False
4,1jhg,25,N,restricted_s231303,True,M,0.5298619698579753,0.30365865503203426,False,0.5309620175047239,0.9589593608623797,0.95895936086238,0.5730901108328783,0.907791421224136,0.9264895824725904,False,3.300008366894816,False
4,1jhg,25,N,restricted_s231303,True,P,0.6849341829148691,0.1785222783495823,False,2.1492950959566124,1.2245828132183154,1.2245828132183154,0.26064150804949815,0.9681297961328743,8.246173497232997,False,17.577406074624037,False
4,1jhg,25,N,restricted_s231303,True,Q,0.5323607444276509,0.2773410504066438,False,0.3076545523129882,0.9881169860979075,0.9881169860979075,0.5209645025664267,0.9230819417593394,0.5905480139191635,False,2.0837382595717515,False
4,1jhg,25,N,restricted_s231303,True,R,0.49734637252707525,0.36611921678909864,False,0.6935896359065689,0.883177285500816,0.883177285500816,0.7361453445991855,0.865956719097737,0.9421911596604782,False,3.8090889606555773,False
4,1jhg,25,N,restricted_s231303,True,S,0.5688187513122221,0.2936144121299877,False,0.31960519217348177,0.9895280052942922,0.9895280052942922,0.5161827233238027,0.9137905769895617,0.6191706497177603,False,1.9136501872255882,False
4,1jhg,25,N,restricted_s231303,True,T,0.46907863429463115,0.26745221127627217,False,0.3914809399743024,0.9691225291426104,0.9691225291426108,0.5701649824201626,0.9284693146834322,0.6866099322911673,False,3.1204611317568043,False
4,1jhg,25,N,restricted_s231303,True,V,0.45882542579984836,0.2548733014396074,False,0.45240888127387324,0.9766360692443303,0.9766360692443302,0.5554907969524553,0.935039600213275,0.81443092082873,False,3.8686487588173524,False
4,1jhg,25,N,restricted_s231303,True,W,0.5495670915675483,0.4062094856432995,False,0.9595861672880841,0.8555452569497384,0.8555452569497384,0.7391444864077555,0.8349938537734062,1.2982389572459314,False,4.298463063370573,False
4,1jhg,25,N,restricted_s231303,True,Y,0.5270102127973414,0.3154238377891944,False,0.597239094545144,0.9452765966434242,0.9452765966434241,0.5985156077240742,0.900507802554336,0.9978672015191312,False,3.5928135954930696,False
4,1jhg,25,N,expanded_s231301,True,A,0.030689698446644154,-0.011112117952639845,False,-0.0008261755495484252,1.001623912688886,1.0016239126888862,-0.3620797373411445,0.9998765208346067,0.002281750300680368,False,2.422606477984871,False
4,1jhg,25,N,expanded_s231301,True,C,0.038092734016755184,-0.0128444129606079,False,-0.0007693788301474714,1.002429613997891,1.002429613997891,-0.3371880042781454,0.9998350210556974,0.002281750300680368,False,1.5724752838483342,False
4,1jhg,25,N,expanded_s231301,True,D,0.030082340139346558,-0.00031231625145680474,False,-2.3689237518355156e-05,1.0009237375956739,1.0009237375956739,-0.010382046410289303,0.999999902458559,0.002281750300680368,False,2.521418189131343,False
4,1jhg,25,N,expanded_s231301,True,E,0.03099782175989446,-0.010155541731787189,False,-0.0007475496368605592,1.0015904642988123,1.0015904642988127,-0.32762114094502637,0.9998968649721339,0.002281750300680368,False,2.3746836550947097,False
4,1jhg,25,N,expanded_s231301,True,F,0.025053848727137177,-0.0066447966399931745,False,-0.0006051671699782316,1.0009606507957243,1.0009606507957243,-0.26522059394394903,0.9999558466776132,0.002281750300680368,False,3.6351238724620694,False
4,1jhg,25,N,expanded_s231301,True,G,0.0226747250743735,0.007965234922266303,False,0.0008015390316423966,1.000152924133168,1.0001529241331681,0.351282535781148,0.9999365550326332,0.002281750300680368,False,4.437966875050281,False
4,1jhg,25,N,expanded_s231301,True,H,0.045505065467410316,-0.011957159837147867,False,-0.0005995651862809649,1.0031589336655808,1.0031589336655806,-0.2627654682908062,0.9998570263286289,0.002281750300680368,False,1.1019163558796699,False
4,1jhg,25,N,expanded_s231301,True,I,0.021170187153791906,-0.02919747216833516,False,-0.0031469415180523106,1.001684408724569,1.001684408724569,-1.3791787458574942,0.9991475076189793,0.002281750300680368,False,5.091183162197488,False
4,1jhg,25,N,expanded_s231301,True,K,0.030005742977297956,0.0062018660886141155,False,0.0004716133782516642,1.0005281614119506,1.0005281614119506,0.20668930255472714,0.9999615368570189,0.002281750300680368,False,2.5343077208799385,False
4,1jhg,25,N,expanded_s231301,True,L,0.02698827788728888,-0.017704661709039785,False,-0.0014968579079687211,1.0016840038035295,1.0016840038035295,-0.6560130210226731,0.9996865449537685,0.002281750300680368,False,3.132692518604078,False
4,1jhg,25,N,expanded_s231301,True,M,0.02629520359243783,-0.005411817017400694,False,-0.0004696071305655307,1.0009760473925229,1.000976047392523,-0.2058100443442493,0.9999707122365702,0.002281750300680368,False,3.300008366894816,False
4,1jhg,25,N,expanded_s231301,True,P,0.01139348710767247,0.008707315202511607,False,0.0017437961612358675,0.9999313981814683,0.9999313981814683,0.7642361921529738,0.999924182661964,0.002281750300680368,False,17.577406074624037,False
4,1jhg,25,N,expanded_s231301,True,Q,0.033091196862422616,-0.014198522133530013,False,-0.0009790362760855166,1.0020347194919397,1.0020347194919397,-0.42907248693846534,0.9997984019692235,0.002281750300680368,False,2.0837382595717515,False
4,1jhg,25,N,expanded_s231301,True,R,0.02447504507972229,0.007646136574312917,False,0.0007128311457916881,1.0002247487569702,1.0002247487569702,0.3124054133264001,0.999941536595487,0.002281750300680368,False,3.8090889606555773,False
4,1jhg,25,N,expanded_s231301,True,S,0.034530493253128375,-0.0009390478664695535,False,-6.20516114833095e-05,1.0012572065363394,1.0012572065363394,-0.02719474232776788,0.9999991181891045,0.002281750300680368,False,1.9136501872255882,False
4,1jhg,25,N,expanded_s231301,True,T,0.02704111963173111,-0.005193510337620713,False,-0.0004382323637423305,1.001012098819634,1.0010120988196343,-0.19205973747945126,0.999973027450373,0.002281750300680368,False,3.1204611317568043,False
4,1jhg,25,N,expanded_s231301,True,V,0.024285911474854715,-0.029737697332905707,False,-0.0027939655425802913,1.0020342196659504,1.0020342196659506,-1.2244834773319375,0.9991156693573365,0.002281750300680368,False,3.8686487588173524,False
4,1jhg,25,N,expanded_s231301,True,W,0.02303973388762118,-0.0007469734133822909,False,-7.397684447653404e-05,1.0005652494749433,1.0005652494749435,-0.032421095531126154,0.9999994420307198,0.002281750300680368,False,4.298463063370573,False
4,1jhg,25,N,expanded_s231301,True,Y,0.025200938556955554,0.0014937801420956541,False,0.0001352502519171605,1.0005597979809944,1.0005597979809946,0.059274782116532136,0.9999977686208871,0.002281750300680368,False,3.5928135954930696,False
4,1jhg,25,N,expanded_s231303,True,A,0.4881178927821367,0.3550537616774433,False,0.4198573111495064,0.8916428893053444,0.8916428893053444,0.7273934574570404,0.8739368263186973,0.5772079839944162,False,2.422606477984871,False
4,1jhg,25,N,expanded_s231303,True,C,0.5620992468501443,0.28232725913187523,False,0.24954544286196267,0.9985636838629143,0.9985636838629144,0.5022729717464711,0.920291318751083,0.4968323140985655,False,1.5724752838483342,False
4,1jhg,25,N,expanded_s231303,True,D,0.3931762382090319,0.17289358921883288,False,0.17140008573503634,1.0186322522531688,1.0186322522531686,0.4397356005194651,0.9701078068070295,0.3897798712056957,False,2.521418189131343,False
4,1jhg,25,N,expanded_s231303,True,E,0.409040926292083,0.3016701246516441,False,0.2930251041378842,0.920523624937572,0.920523624937572,0.7375059688678467,0.9089951358926616,0.3973189594488437,False,2.3746836550947097,False
4,1jhg,25,N,expanded_s231303,True,F,0.4792175314341497,0.3402561288779338,False,0.5927313105003222,0.9035360381613936,0.9035360381613936,0.7100243763195652,0.884225766761003,0.8348041704888565,False,3.6351238724620694,False
4,1jhg,25,N,expanded_s231303,True,G,0.5303191667234689,0.4043822482625299,False,0.9517293497831585,0.8523351047215788,0.8523351047215788,0.7625261797739098,0.8364749972901416,1.248126785712915,False,4.437966875050281,False
4,1jhg,25,N,expanded_s231303,True,H,0.7634133648730829,0.32883070892772287,False,0.2766182037918188,1.0807324497146145,1.080732449714614,0.4307374275303535,0.8918703648660913,0.6421968143744041,False,1.1019163558796699,False
4,1jhg,25,N,expanded_s231303,True,I,0.43785530040652665,0.2878512793264563,False,0.6416785131242472,0.9396428473303126,0.9396428473303126,0.657411887121615,0.9171416409901224,0.9760677068583986,False,5.091183162197488,False
4,1jhg,25,N,expanded_s231303,True,K,0.5089965574450099,0.38337511322938755,False,0.49453622455652624,0.868804269803173,0.8688042698031732,0.7531978509909785,0.8530235225563543,0.6565820971287525,False,2.5343077208799385,False
4,1jhg,25,N,expanded_s231303,True,L,0.4451787195512637,0.3187128927421399,False,0.44447956400206157,0.9144156973504525,0.9144156973504527,0.71592122162398,0.8984220919999372,0.6208498233839387,False,3.132692518604078,False
4,1jhg,25,N,expanded_s231303,True,M,0.47677728143545023,0.32536891227123654,False,0.511925365949644,0.917059565180399,0.9170595651803992,0.6824337587806971,0.8941350709274323,0.7501466030407111,False,3.300008366894816,False
4,1jhg,25,N,expanded_s231303,True,P,0.2055163782798755,0.18850858978986165,False,0.6809768817301799,0.9647537764447588,0.964753776444759,0.9172436346321149,0.9644645115754377,0.7424165794329048,False,17.577406074624037,False
4,1jhg,25,N,expanded_s231303,True,Q,0.5095989912213055,0.3052039146476844,False,0.32408716012286415,0.9486279178112654,0.9486279178112652,0.5989099662780579,0.906850570483729,0.5411283471151975,False,2.0837382595717515,False
4,1jhg,25,N,expanded_s231303,True,R,0.5243241770641895,0.4040880470507068,False,0.807043610946451,0.8511695771913651,0.8511695771913649,0.7706836051568092,0.8367128502307457,1.047178901362828,False,3.8090889606555773,False
4,1jhg,25,N,expanded_s231303,True,S,0.5489201573511988,0.3962979342778935,False,0.4162876625362968,0.8662414902629123,0.8662414902629124,0.721959157394073,0.8429479472870743,0.5766083278711998,False,1.9136501872255882,False
4,1jhg,25,N,expanded_s231303,True,T,0.37179762574988706,0.2671200614156721,False,0.3099073635465809,0.9396042652642311,0.9396042652642317,0.7184555331059784,0.9286468727892875,0.431352184326301,False,3.1204611317568043,False
4,1jhg,25,N,expanded_s231303,True,V,0.4132511955206399,0.2525496230039413,False,0.4037570739429428,0.962043683329907,0.9620436833299069,0.6111285962180059,0.9362186879205671,0.6606744905108514,False,3.8686487588173524,False
4,1jhg,25,N,expanded_s231303,True,W,0.4199570379446691,0.41245609756408125,False,0.7445532976685046,0.8299362316888022,0.8299362316888022,0.9821387911075415,0.829879967582209,0.7580937688337147,False,4.298463063370573,False
4,1jhg,25,N,expanded_s231303,True,Y,0.35090905148383345,0.296476570613241,False,0.3737830768291173,0.9150645380511394,0.9150645380511392,0.844881513769957,0.9121016430774119,0.4424088712288838,False,3.5928135954930696,False
8,3sxz,108,E,restricted_s231301,True,A,0.7670463699774288,0.25810705825441554,False,0.36600421744715245,1.192399969496346,1.1923999694963463,0.3364947262080266,0.9333807464792517,1.0876967421500763,False,1.8486921187507064,False
8,3sxz,108,E,restricted_s231301,True,C,0.9412644624535076,0.13316380809811915,False,0.1431551001968258,1.635294067782414,1.6352940677824144,0.1414733195716465,0.9822674002128072,1.0118876169038191,False,1.1421126897074614,False
8,3sxz,108,E,restricted_s231301,True,D,1.0784084374072498,0.07331995298114496,False,0.05627985832419137,2.0048270460208073,2.0048270460208073,0.06798903869615816,0.9946241844948426,0.8277784096301918,False,0.7117828842427465,False
8,3sxz,108,E,restricted_s231301,True,F,1.1015346317213404,0.2604541829157837,False,0.4402651093060593,1.6395799399646283,1.6395799399646285,0.23644665852110205,0.9321636186016715,1.8620060526960973,False,1.5345631918009481,False
8,3sxz,108,E,restricted_s231301,True,G,0.7002166089249177,0.20913303948626863,False,0.4068899045849346,1.1974264439678395,1.1974264439678393,0.29866906443045166,0.9562633717952347,1.3623436540401503,False,2.7785732946678716,False
8,3sxz,108,E,restricted_s231301,True,H,0.9517681130550001,0.18320784474121457,False,0.21081222188236326,1.5571197716558371,1.5571197716558365,0.19249210204484704,0.9664348856252791,1.0951733585061478,False,1.2089840443815894,False
8,3sxz,108,E,restricted_s231301,True,I,1.0086954219341338,0.0982040645828985,False,0.156143025220768,1.8193504735106925,1.8193504735106927,0.0973575000415845,0.9903559616993979,1.603810956054483,False,1.5762789518862623,False
8,3sxz,108,E,restricted_s231301,True,K,0.7048240395068224,0.1809885001444296,False,0.19227362135448,1.2416468351145589,1.2416468351145586,0.2567853676941417,0.9672431628154698,0.7487717196701724,False,1.507259454850889,False
8,3sxz,108,E,restricted_s231301,True,L,1.094710658896694,0.08736190138838841,False,0.15541507907266736,2.0071194174393323,2.0071194174393323,0.07980364553720182,0.9923678981858055,1.9474684148384924,False,1.6250687141495281,False
8,3sxz,108,E,restricted_s231301,True,M,1.111106804826626,0.09342408811627287,False,0.10445287387292178,2.0269500516506076,2.026950051650607,0.08408200517757652,0.9912719397596429,1.2422738212810591,False,1.0062495949771777,False
8,3sxz,108,E,restricted_s231301,True,N,1.2036972201391967,0.04484024934992052,False,0.039876156930299514,2.340938830785134,2.340938830785134,0.03725210011263061,0.9979893520382369,1.0704405069710203,False,0.7388019276989412,False
8,3sxz,108,E,restricted_s231301,True,P,1.185617203063465,0.13261166267776184,False,1.0702949589754562,2.0912348150048263,2.0912348150048263,0.11185031925575327,0.9824141469218395,9.568993330525547,False,6.807337257235309,False
8,3sxz,108,E,restricted_s231301,True,Q,1.0372417896652244,0.12297741411688048,False,0.08370100365443427,1.8207559040139287,1.8207559040139287,0.11856195473629358,0.9848765556171253,0.7059684857642798,False,0.6561834959962367,False
8,3sxz,108,E,restricted_s231301,True,R,0.6761022339283972,0.2062151521557128,False,0.31623326769810267,1.1782691806382457,1.1782691806382457,0.3050058730874598,0.9574753110213963,1.0368104210485922,False,2.268164829191117,False
8,3sxz,108,E,restricted_s231301,True,S,0.8556421352762459,0.16910508717059997,False,0.1959289777556463,1.4427365879146379,1.4427365879146379,0.1976352965787549,0.9714034694930238,0.991366325486153,False,1.354097190834495,False
8,3sxz,108,E,restricted_s231301,True,T,1.0220986837735504,0.10227584437404695,False,0.10407411217482414,1.8356137075385406,1.8356137075385406,0.10006454953688848,0.9895396516575757,1.040069761533854,False,0.9955814866115461,False
8,3sxz,108,E,restricted_s231301,True,V,1.0345370527545052,0.12046325364569764,False,0.17435547283606187,1.821019514738301,1.821019514738301,0.11644170049294837,0.9854886045210922,1.4973628184571275,False,1.399055506191147,False
8,3sxz,108,E,restricted_s231301,True,W,0.9464201867771017,0.3493589412041191,False,0.7352977694680434,1.2344304611658985,1.2344304611658985,0.369137245892663,0.8779483302007369,1.9919360011746194,False,2.223859730709645,False
8,3sxz,108,E,restricted_s231301,True,Y,0.8545508905839629,0.2336337572403139,False,0.3860146998448628,1.330953353957469,1.3309533539574687,0.27339946609927324,0.945415267477774,1.411907292111164,False,1.933438307150891,False
8,3sxz,108,E,restricted_s231303,True,A,0.7676155703077226,0.25183017970282373,False,0.3573683940628659,1.2026161297522915,1.202616129752292,0.3280680974226067,0.9365815605908435,1.0893116303305639,False,1.8486921187507064,False
8,3sxz,108,E,restricted_s231303,True,C,0.902834796372578,0.17439499084910212,False,0.17982549001032574,1.5002109374378207,1.500210937437821,0.19316378982045077,0.9695863871667415,0.9309482391988518,False,1.1421126897074614,False
8,3sxz,108,E,restricted_s231303,True,D,1.061020837574686,0.0738910331840552,False,0.05580372539447772,1.9689653659312774,1.9689653659312776,0.06964145336952816,0.9945401152149929,0.8013004136828484,False,0.7117828842427465,False
8,3sxz,108,E,restricted_s231303,True,F,1.0938816688598616,0.26164887835087125,False,0.439211799321837,1.6241512820561121,1.6241512820561115,0.23919303686986948,0.931539864457731,1.8362231822023551,False,1.5345631918009481,False
8,3sxz,108,E,restricted_s231303,True,G,1.0204822169483312,0.22154439661214806,False,0.6281857327183086,1.5892197210932906,1.5892197210932903,0.21709775332945874,0.9509180803297593,2.8935616471580863,False,2.7785732946678716,False
8,3sxz,108,E,restricted_s231303,True,H,1.092537489365352,0.16406531798946922,False,0.21670738032036432,1.8351431444524613,1.8351431444524613,0.15016905102704867,0.9730825714330144,1.443089497058423,False,1.2089840443815894,False
8,3sxz,108,E,restricted_s231303,True,I,0.8332396630678985,0.1372399988584948,False,0.18025350441458127,1.4655807152929232,1.4655807152929234,0.16470651235347095,0.9811651827133203,1.0943920907495477,False,1.5762789518862623,False
8,3sxz,108,E,restricted_s231303,True,K,0.7780897798417226,0.15678189845936782,False,0.18387117303230135,1.361442919783307,1.3614429197833064,0.20149589741592555,0.9754194363154766,0.9125306042969031,False,1.507259454850889,False
8,3sxz,108,E,restricted_s231303,True,L,0.8894301759858223,0.10949337680129023,False,0.15826010111637345,1.5963126111588641,1.5963126111588641,0.1231050843085355,0.9880112004366507,1.2855691704798293,False,1.6250687141495281,False
8,3sxz,108,E,restricted_s231303,True,M,0.953941724849288,0.1396227062647548,False,0.13402432082932075,1.6436209639237833,1.643620963923783,0.14636397866632114,0.980505499895306,0.9156919759257692,False,1.0062495949771777,False
8,3sxz,108,E,restricted_s231303,True,N,1.1489491675536205,0.034682624977194695,False,0.029440202619467285,2.2403870434299127,2.240387043429913,0.03018638766329589,0.9987971155246913,0.9752807440177447,False,0.7388019276989412,False
8,3sxz,108,E,restricted_s231303,True,P,0.8312619455278976,0.15554102543554352,False,0.8801569539433383,1.4324057512569173,1.4324057512569168,0.1871143341426105,0.9758069894064596,4.703845688660712,False,6.807337257235309,False
8,3sxz,108,E,restricted_s231303,True,Q,1.0674619600394046,0.08881372455349663,False,0.06220965514154471,1.9498644911506169,1.9498644911506169,0.08320083326455788,0.9921121223309357,0.7477047128089876,False,0.6561834959962367,False
8,3sxz,108,E,restricted_s231303,True,R,0.7167282443219962,0.18223645395073926,False,0.296254112054728,1.252471348825732,1.2524713488257317,0.2542615773752987,0.96678987485146,1.165154857894423,False,2.268164829191117,False
8,3sxz,108,E,restricted_s231303,True,S,0.7894750382906462,0.19250690641515356,False,0.20579487496668245,1.319312041457383,1.319312041457383,0.24384166322973966,0.9629410909824674,0.8439692882704348,False,1.354097190834495,False
8,3sxz,108,E,restricted_s231303,True,T,0.9136878919520754,0.13155087331803145,False,0.11966535054646364,1.5944326836470142,1.594432683647014,0.14397791026537046,0.9826943677292632,0.8311368759687126,False,0.9955814866115461,False
8,3sxz,108,E,restricted_s231303,True,V,0.8682181836692245,0.17204716621931784,False,0.2089831861546995,1.4550538581331407,1.4550538581331407,0.19816121046004803,0.9703997725959025,1.0546119781440946,False,1.399055506191147,False
8,3sxz,108,E,restricted_s231303,True,W,0.8891115364013141,0.31667108408402855,False,0.6261408593186298,1.2274074959542647,1.2274074959542645,0.356165757747062,0.8997194245050462,1.7580040913514654,False,2.223859730709645,False
8,3sxz,108,E,restricted_s231303,True,Y,0.9116272146517842,0.22673118870842712,False,0.39963072009682454,1.4176755344198673,1.417675534419867,0.2487104213919634,0.9485929680668637,1.6068113184007409,False,1.933438307150891,False
8,3sxz,108,E,expanded_s231301,True,A,0.035131910146981374,0.00471950111006717,False,0.00030652256116743976,1.0009026409327006,1.0009026409327009,0.1343365928673446,0.9999777263092721,0.0022817503006803685,False,1.8486921187507064,False
8,3sxz,108,E,expanded_s231301,True,C,0.044697124006610196,-0.00038672709724297383,False,-1.9742090571306167e-05,1.0020324040725068,1.0020324040725068,-0.008652169593412348,0.9999998504421523,0.0022817503006803685,False,1.1421126897074614,False
8,3sxz,108,E,expanded_s231301,True,D,0.05661875142217081,0.03268975438058533,False,0.0013174055416887915,0.9995039768579531,0.9995039768579531,0.5773662180721395,0.998931379958537,0.0022817503006803685,False,0.7117828842427465,False
8,3sxz,108,E,expanded_s231301,True,F,0.03856041237726264,0.02427500400191455,False,0.0014364342667934327,0.9996147970731576,0.9996147970731576,0.6295317530428808,0.999410724180707,0.0022817503006803685,False,1.5345631918009481,False
8,3sxz,108,E,expanded_s231301,True,G,0.02865649890422443,-0.004731001517299991,False,-0.00037670212857116275,1.0010923428090406,1.0010923428090406,-0.16509349356011407,0.9999776176246432,0.0022817503006803685,False,2.7785732946678716,False
8,3sxz,108,E,expanded_s231301,True,H,0.04344339665740294,0.0314963727782498,False,0.0016542642515698883,0.9991507098813827,0.9991507098813828,0.7249979329800559,0.9990079785018136,0.0022817503006803685,False,1.2089840443815894,False
8,3sxz,108,E,expanded_s231301,True,I,0.03804674608139336,-0.016790565609413603,False,-0.001006968586641086,1.0027252076599906,1.0027252076599908,-0.4413141027485916,0.999718076906516,0.0022817503006803685,False,1.5762789518862623,False
8,3sxz,108,E,expanded_s231301,True,K,0.038908102364675415,0.017474329422514687,False,0.0010247751494097655,1.0001540544337695,1.0001540544337695,0.44911800783118105,0.9996946478112335,0.0022817503006803685,False,1.507259454850889,False
8,3sxz,108,E,expanded_s231301,True,L,0.037471251088802025,-0.02840170411220366,False,-0.001729475131328673,1.0035325894304366,1.0035325894304366,-0.7579598568752159,0.9991933432035228,0.0022817503006803685,False,1.6250687141495281,False
8,3sxz,108,E,expanded_s231301,True,M,0.04761910174794405,-0.023934404575551214,False,-0.0011468577279332543,1.0045470485448003,1.0045470485448003,-0.5026219247528032,0.9994271442776137,0.0022817503006803685,False,1.0062495949771777,False
8,3sxz,108,E,expanded_s231301,True,N,0.055573794171834244,0.004544060469882069,False,0.00018657015411623767,1.0025833852361383,1.0025833852361383,0.08176624500086907,0.999979351514446,0.0022817503006803685,False,0.7388019276989412,False
8,3sxz,108,E,expanded_s231301,True,P,0.018308190575395036,0.06205867741146418,False,0.007734374692042938,0.9980628256563329,0.998062825656333,3.3896674363258397,0.9961487205579399,0.0022817503006803685,False,6.807337257235309,False
8,3sxz,108,E,expanded_s231301,True,Q,0.058968680053708436,0.01925579594574359,False,0.000745089056580929,1.0012063274866685,1.0012063274866687,0.32654276690957795,0.9996292143224959,0.0022817503006803685,False,0.6561834959962367,False
8,3sxz,108,E,expanded_s231301,True,R,0.0317173396029945,0.0337106450873323,False,0.002425149004517628,0.9988675656745497,0.9988675656745498,1.062845923059373,0.9988635924077959,0.0022817503006803685,False,2.268164829191117,False
8,3sxz,108,E,expanded_s231301,True,S,0.04104961985689361,0.011795441472365163,False,0.0006556516776538942,1.000716674513426,1.000716674513426,0.2873459367830008,0.9998608675604719,0.0022817503006803685,False,1.354097190834495,False
8,3sxz,108,E,expanded_s231301,True,T,0.047873552091365505,-0.004460697193595599,False,-0.00021260584849242006,1.0027189758287676,1.0027189758287673,-0.09317664971010439,0.999980102180547,0.0022817503006803685,False,0.9955814866115461,False
8,3sxz,108,E,expanded_s231301,True,V,0.04038467439461021,-0.0005692842520625933,False,-3.216478856865026e-05,1.0016769026442738,1.0016769026442738,-0.014096541834161001,0.9999996759154403,0.0022817503006803685,False,1.399055506191147,False
8,3sxz,108,E,expanded_s231301,True,W,0.03203172762076747,0.051866916767366704,False,0.003694691536168447,0.9977032576735284,0.9977032576735284,1.6192356959772372,0.997309822945047,0.0022817503006803685,False,2.223859730709645,False
8,3sxz,108,E,expanded_s231301,True,Y,0.03435333454423375,0.03197403857891224,False,0.0021237173365938823,0.9989833219062448,0.9989833219062448,0.9307404653176273,0.9989776608569543,0.0022817503006803685,False,1.933438307150891,False
8,3sxz,108,E,expanded_s231303,True,A,0.8246552639619293,0.43620337359580136,False,0.6650067375051788,0.9606214879926601,0.9606214879926602,0.5289523909665347,0.8097266168636418,1.2572147302142582,False,1.8486921187507064,False
8,3sxz,108,E,expanded_s231303,True,C,0.9411600425296222,0.27589398018467187,False,0.29656142657532164,1.3664614454058153,1.3664614454058153,0.2931424706930101,0.9238825116978598,1.0116631202371629,False,1.1421126897074614,False
8,3sxz,108,E,expanded_s231303,True,D,0.9472192682425284,0.14133709905039266,False,0.09529151630431325,1.6294698950538415,1.6294698950538415,0.14921265201100656,0.9800238244320194,0.6386289300540288,False,0.7117828842427465,False
8,3sxz,108,E,expanded_s231303,True,F,0.8878683344945959,0.3346720479243143,False,0.4559873404241313,1.1940207518132946,1.1940207518132946,0.3769388263123729,0.8879946203381455,1.2097117850264916,False,1.5345631918009481,False
8,3sxz,108,E,expanded_s231303,True,G,0.7827322333445298,0.4787025409009929,False,1.0411200462218146,0.8632779312222448,0.8632779312222446,0.6115789289212596,0.7708438773349331,1.7023478033460144,False,2.7785732946678716,False
8,3sxz,108,E,expanded_s231303,True,H,0.8151361404872046,0.24408775122220308,False,0.24054520508741647,1.2665174325854407,1.2665174325854405,0.29944415306664296,0.9404211697032878,0.8033057337201766,False,1.2089840443815894,False
8,3sxz,108,E,expanded_s231303,True,I,0.8345901548376985,0.17023220433638298,False,0.22394844776239056,1.4123924830010843,1.4123924830010843,0.20397101900811157,0.971020996606776,1.0979424863955036,False,1.5762789518862623,False
8,3sxz,108,E,expanded_s231303,True,K,0.7635332911127244,0.21538893660796468,False,0.24787880089055028,1.2540698393623297,1.25406983936233,0.28209501683164423,0.9536076059868902,0.8787067693524188,False,1.507259454850889,False
8,3sxz,108,E,expanded_s231303,True,L,0.8409471852369746,0.1722669358992445,False,0.23541947107736722,1.4174573786502547,1.4174573786502547,0.2048486979009277,0.9703241027958857,1.1492358676901362,False,1.6250687141495281,False
8,3sxz,108,E,expanded_s231303,True,M,0.9766823520934649,0.16817654536731003,False,0.16528159151859995,1.6253982890982275,1.6253982890982275,0.1721916496257282,0.9717166495883172,0.9598699581417113,False,1.0062495949771777,False
8,3sxz,108,E,expanded_s231303,True,N,0.992201375963193,0.15019405053686422,False,0.11009829024573997,1.6864180832549296,1.6864180832549296,0.15137456384905867,0.9774417471833298,0.727323583607634,False,0.7388019276989412,False
8,3sxz,108,E,expanded_s231303,True,P,0.6561996971226355,0.23472940549121865,False,1.048529833637224,1.1225393129256107,1.1225393129256105,0.3577103228186201,0.9449021061977391,2.931226097628973,False,6.807337257235309,False
8,3sxz,108,E,expanded_s231303,True,Q,1.0337977020089077,0.1454114794049818,False,0.09864147516391057,1.768085582169727,1.768085582169727,0.14065757654753316,0.9788555016572545,0.7012880328602572,False,0.6561834959962367,False
8,3sxz,108,E,expanded_s231303,True,R,0.6517011179313409,0.2205425176261568,False,0.32599835293188456,1.1372587365362419,1.1372587365362417,0.3384105252515337,0.9513609979191163,0.9633221445744827,False,2.268164829191117,False
8,3sxz,108,E,expanded_s231303,True,S,0.8202674219206361,0.3939722371082721,False,0.4375935569823804,1.026513460982111,1.026513460982111,0.4802973110717914,0.8447858763879035,0.9110889169999372,False,1.354097190834495,False
8,3sxz,108,E,expanded_s231303,True,T,0.985607654020006,0.24789240812788854,False,0.24324510306582756,1.482773138014224,1.4827731380142237,0.25151225958606116,0.9385493539925563,0.9671302045719772,False,0.9955814866115461,False
8,3sxz,108,E,expanded_s231303,True,V,0.7865825764331603,0.2740817338320997,False,0.30161946143903196,1.1875363168463873,1.187536316846387,0.34844623062330154,0.92487920317959,0.8656126395728094,False,1.399055506191147,False
8,3sxz,108,E,expanded_s231303,True,W,0.513298834049752,0.20646070326308597,False,0.2356758439110816,1.051523616512767,1.0515236165127668,0.40222320716020676,0.957373978008112,0.5859329837654325,False,2.223859730709645,False
8,3sxz,108,E,expanded_s231303,True,Y,0.7433850412297629,0.25854527559805396,False,0.3716043105266816,1.168223938803737,1.1682239388037368,0.3477945630575901,0.9331543404659263,1.068459228516315,False,1.933438307150891,False
8,3sxz,101,R,restricted_s231301,True,A,0.6363070690061206,0.12705983082550254,False,0.2931396219622212,1.2431885489851817,1.2431885489851817,0.19968319859146555,0.9838557993905946,1.4680234693253256,False,3.625763750309685,False
8,3sxz,101,R,restricted_s231301,True,C,0.518054672471261,0.10511552136127221,False,0.15912604296555508,1.1594694696883863,1.1594694696883858,0.2029043013160034,0.9889507271689479,0.7842418417622995,False,2.9221251988970938,False
8,3sxz,101,R,restricted_s231301,True,D,0.12239240548861945,0.2506190743019625,False,1.7140980326012278,0.9536321581909942,0.9536321581909942,2.047668507710359,0.9371900795960274,0.8370974238002422,False,55.881372527003286,False
8,3sxz,101,R,restricted_s231301,True,E,0.4789911188424975,0.12137240782914961,False,0.29555878014506237,1.1131598810846028,1.113159881084603,0.2533917708588235,0.9852687386177545,1.1664103342556145,False,5.083893412148225,False
8,3sxz,101,R,restricted_s231301,True,F,0.7205299074265924,0.14354649061866961,False,0.3489096716756627,1.3123042683024093,1.3123042683024093,0.19922350084169704,0.9793944050310642,1.7513479594603967,False,3.3734044745393046,False
8,3sxz,101,R,restricted_s231301,True,G,0.41136572591637743,0.16698552696791305,False,0.46548965947059506,1.0318375154213395,1.0318375154213395,0.405929605817131,0.9721158337832484,1.1467250794225035,False,6.776463477948015,False
8,3sxz,101,R,restricted_s231301,True,H,0.8139506327759195,0.05318405260631443,False,0.10381076230025639,1.575937246051325,1.5759372460513252,0.06534063672256644,0.9971714565483687,1.588762636964076,False,2.3980756963241827,False
8,3sxz,101,R,restricted_s231301,True,I,0.853853745551148,0.14631687308933752,False,0.2515220250372608,1.4791997985423992,1.479199798542399,0.171360580019348,0.9785913726493587,1.4677939641010898,False,2.013251919055655,False
8,3sxz,101,R,restricted_s231301,True,K,1.2543336342975135,0.07547946854683123,False,0.05389234709621251,2.3839999939356247,2.383999993935625,0.06017495384240679,0.994302849827888,0.8955943238004318,False,0.5692266134826666,False
8,3sxz,101,R,restricted_s231301,True,L,0.6954966347523562,0.10675624766880051,False,0.20301004398500086,1.3352183469669727,1.3352183469669727,0.15349642591270474,0.9886031035836778,1.3225717978635874,False,2.7341931555550825,False
8,3sxz,101,R,restricted_s231301,True,M,0.7136716577627469,0.09018176805184833,False,0.12709342749867036,1.3806068912827512,1.3806068912827512,0.1263631069987487,0.9918672487110426,1.0057795389593334,False,1.974721691004901,False
8,3sxz,101,R,restricted_s231301,True,N,0.5414258198851375,0.12959508633038133,False,0.2583013777678374,1.1528096666992695,1.1528096666992698,0.23935889566159718,0.9832051135990211,1.079138408680749,False,3.6812831628783536,False
8,3sxz,101,R,restricted_s231301,True,P,0.5949580728245404,0.2565295035629668,False,1.6596551352823972,1.0487265102941736,1.0487265102941734,0.43117240572113413,0.9341926138017378,3.849168252097744,False,10.874121260358502,False
8,3sxz,101,R,restricted_s231301,True,Q,0.7088747473989723,0.03176957797814449,False,0.041620840759223406,1.4574621043714984,1.4574621043714984,0.044816913135521504,0.9989906939150907,0.9286860215777575,False,1.8481188539559055,False
8,3sxz,101,R,restricted_s231301,True,S,0.1910040886016266,0.2439405737744645,False,1.0454323185438643,0.9432952679290392,0.9432952679290393,1.277148439912438,0.940492996466585,0.8185675884437832,False,22.437228819841355,False
8,3sxz,101,R,restricted_s231301,True,T,0.5450483844184255,0.10677555164509578,False,0.18214329494836684,1.1806820575180446,1.1806820575180441,0.19590105153513448,0.9885989815708855,0.9297719104672584,False,3.1297259303904608,False
8,3sxz,101,R,restricted_s231301,True,V,0.7662844357560422,0.10355738372540954,False,0.19233149354652707,1.4284830137691613,1.4284830137691609,0.13514222512328117,0.9892758682759484,1.4231783838920513,False,2.4237026052997326,False
8,3sxz,101,R,restricted_s231301,True,W,0.7772341065453778,0.14538152694838655,False,0.3528672748876938,1.3781018939655278,1.3781018939655278,0.18704985502318358,0.9788642116221555,1.8864878288409166,False,3.122844127231958,False
8,3sxz,101,R,restricted_s231301,True,Y,0.6347291070929406,0.15868766259825284,False,0.3241602207097931,1.201433682615692,1.201433682615692,0.2500084852340274,0.9748182257391032,1.296596875127474,False,3.2183119788596173,False
8,3sxz,101,R,restricted_s231303,True,A,0.652204658786609,0.18685968755407445,False,0.44187457934263963,1.1816293994186022,1.1816293994186022,0.28650468075728963,0.9650834571671937,1.542294451087766,False,3.625763750309685,False
8,3sxz,101,R,restricted_s231303,True,C,0.6173178708529379,0.153361663887022,False,0.2766460545316888,1.1917355620320038,1.1917355620320038,0.24843224395095628,0.9764802000498041,1.113567426401793,False,2.9221251988970938,False
8,3sxz,101,R,restricted_s231303,True,D,0.14333544269650644,0.2812751048443022,False,2.2529520663997213,0.9399116657882749,0.9399116657882749,1.9623555734213238,0.9208843153948268,1.1480855441869533,False,55.881372527003286,False
8,3sxz,101,R,restricted_s231303,True,E,0.389191722024897,0.1209292887659826,False,0.2392718071310554,1.0573408402165472,1.0573408402165472,0.3107190670366998,0.9853761071185535,0.7700583340860585,False,5.083893412148225,False
8,3sxz,101,R,restricted_s231303,True,F,0.6286411178895487,0.19077948829536065,False,0.4045785746347445,1.1553259935166382,1.1553259935166384,0.30347917574313094,0.9636031868457604,1.3331345508107797,False,3.3734044745393046,False
8,3sxz,101,R,restricted_s231303,True,G,0.6634751740557543,0.1635637853924125,False,0.7353852792808216,1.2231582846234157,1.223158284623416,0.24652585626160536,0.9732468881081048,2.9829945241137477,False,6.776463477948015,False
8,3sxz,101,R,restricted_s231303,True,H,0.7508692251195517,0.05461949119160941,False,0.09835010834070872,1.4817804031767001,1.4817804031767001,0.07274168305794262,0.9970167111819697,1.3520460925047282,False,2.3980756963241827,False
8,3sxz,101,R,restricted_s231303,True,I,0.7767131903866038,0.19181766528744448,False,0.2999489893385901,1.3053087585646954,1.3053087585646954,0.2469607413155537,0.9632059832836739,1.2145614227620525,False,2.013251919055655,False
8,3sxz,101,R,restricted_s231303,True,K,1.112194088094412,0.08274889073379899,False,0.05238753448257756,2.052910035451157,2.0529100354511574,0.07440148407511998,0.9931526210823258,0.7041194827469317,False,0.5692266134826666,False
8,3sxz,101,R,restricted_s231303,True,L,0.6836806282476146,0.13487454161469573,False,0.25212298950766143,1.2829969787495645,1.2829969787495643,0.19727711455040237,0.9818088580242258,1.2780143813551494,False,2.7341931555550825,False
8,3sxz,101,R,restricted_s231303,True,M,0.6800760704149114,0.11914574683793272,False,0.1600080874805438,1.3004471189186053,1.3004471189186055,0.1751947348555323,0.9858042910104312,0.9133156176895864,False,1.974721691004901,False
8,3sxz,101,R,restricted_s231303,True,N,0.6230834415267693,0.14310094245405866,False,0.3282372976866058,1.2099053196848448,1.2099053196848448,0.22966577655058848,0.9795221202687602,1.4291955145276292,False,3.6812831628783536,False
8,3sxz,101,R,restricted_s231303,True,P,1.0604500240285482,0.2718162387553177,False,3.1344386694615047,1.5480591796232963,1.5480591796232959,0.2563215923393672,0.9261159323489121,12.228539315999331,False,10.874121260358502,False
8,3sxz,101,R,restricted_s231303,True,Q,0.6151919998085603,0.049590820615793604,False,0.056382181027086656,1.3174454444149004,1.3174454444149002,0.0806103145541971,0.9975407505106522,0.6994412729797621,False,1.8481188539559055,False
8,3sxz,101,R,restricted_s231303,True,S,0.20098364088278245,0.2696728089693804,False,1.2160938305057383,0.9319947779149931,0.9319947779149931,1.3417649704468178,0.9272765761025641,0.9063389321460449,False,22.437228819841355,False
8,3sxz,101,R,restricted_s231303,True,T,0.582229556864509,0.14693125740694069,False,0.2677409203539498,1.1678958151074663,1.1678958151074659,0.2523596675479894,0.9784112055968154,1.0609497268537789,False,3.1297259303904608,False
8,3sxz,101,R,restricted_s231303,True,V,0.6878919475702922,0.18127743593873547,False,0.3022339903157575,1.2237967546151582,1.2237967546151582,0.2635260328006844,0.9671384912194777,1.146884757849899,False,2.4237026052997326,False
8,3sxz,101,R,restricted_s231303,True,W,0.6305755738933776,0.19625655255320443,False,0.3864662891550471,1.1501163778778172,1.1501163778778172,0.3112339911003101,0.9614833655799313,1.2417226273671689,False,3.122844127231958,False
8,3sxz,101,R,restricted_s231303,True,Y,0.6218803205964379,0.1859304354961987,False,0.37212208190807505,1.1554821754751057,1.1554821754751061,0.2989810568661749,0.9654298731561939,1.244634311646836,False,3.2183119788596173,False
8,3sxz,101,R,expanded_s231301,True,A,0.025086166874043737,-0.0533130212415763,False,-0.004849166588858653,1.0033041544632835,1.0033041544632837,-2.125195989856005,0.9971577217660953,0.0022817503006803685,False,3.625763750309685,False
8,3sxz,101,R,expanded_s231301,True,C,0.02794374750986143,-0.022035058979536958,False,-0.0017992755779919884,1.0020123372738732,1.002012337273873,-0.7885506040934818,0.9995144561757683,0.0022817503006803685,False,2.9221251988970938,False
8,3sxz,101,R,expanded_s231301,True,D,0.00638999511249362,0.1580897299123422,False,0.05645094908706398,0.9980204468345871,0.9980204468345871,24.74019574807617,0.9750076372962427,0.0022817503006803685,False,55.881372527003286,False
8,3sxz,101,R,expanded_s231301,True,E,0.02118535958941545,0.040975323893389516,False,0.0044132107939734416,0.9987126655189844,0.9987126655189845,1.9341339815568415,0.9983210228318318,0.0022817503006803685,False,5.083893412148225,False
8,3sxz,101,R,expanded_s231301,True,F,0.02600757442041455,0.010510661016675204,False,0.0009221430475393714,1.0001296803300355,1.0001296803300357,0.4041384577727056,0.9998895260049926,0.0022817503006803685,False,3.3734044745393046,False
8,3sxz,101,R,expanded_s231301,True,G,0.018349849523535255,0.0013693595414571436,False,0.0001702758674643017,1.0002864618944778,1.0002864618944778,0.07462511012424503,0.9999981248544463,0.0022817503006803685,False,6.776463477948015,False
8,3sxz,101,R,expanded_s231301,True,H,0.03084626706617558,-0.043398366878229955,False,-0.003210250253652994,1.0036288474218413,1.0036288474218413,-1.4069244354633226,0.9981165817523024,0.0022817503006803685,False,2.3980756963241827,False
8,3sxz,101,R,expanded_s231301,True,I,0.03366549444607864,0.031659028178333506,False,0.0021457577930680005,0.9990017318416871,0.9990017318416871,0.9403999168656544,0.9989977059348035,0.0022817503006803685,False,2.013251919055655,False
8,3sxz,101,R,expanded_s231301,True,K,0.0633127911454801,-0.011604460625805713,False,-0.00041821693599518377,1.0054779311065463,1.0054779311065465,-0.1832877751217916,0.999865336493584,0.0022817503006803685,False,0.5692266134826666,False
8,3sxz,101,R,expanded_s231301,True,L,0.028888132162638677,-0.023151922937980705,False,-0.00182867160907647,1.0021721557991492,1.0021721557991492,-0.8014337101352412,0.9994639884642739,0.0022817503006803685,False,2.7341931555550825,False
8,3sxz,101,R,expanded_s231301,True,M,0.03399234374705419,-0.025305518278781747,False,-0.0016986435054654532,1.0028758671854774,1.0028758671854774,-0.7444475869944904,0.9993596307446423,0.0022817503006803685,False,1.974721691004901,False
8,3sxz,101,R,expanded_s231301,True,N,0.024896279212848416,0.021962932630401208,False,0.0020129083428409634,0.9995262341124451,0.9995262341124452,0.8821773102169671,0.9995176295902725,0.0022817503006803685,False,3.6812831628783536,False
8,3sxz,101,R,expanded_s231301,True,P,0.01448561613740076,0.12723950570857362,False,0.020042556537125986,0.9965235478004661,0.9965235478004661,8.783851822502108,0.9838101081870378,0.0022817503006803685,False,10.874121260358502,False
8,3sxz,101,R,expanded_s231301,True,Q,0.03513735847777223,-0.04338955249982643,False,-0.0028176313972348046,1.0042838224815485,1.0042838224815485,-1.234855275967159,0.9981173467338648,0.0022817503006803685,False,1.8481188539559055,False
8,3sxz,101,R,expanded_s231301,True,S,0.010084385742412067,0.15662138148569052,False,0.03543804188240722,0.9969428339829794,0.9969428339829794,15.531077993871794,0.9754697428615138,0.0022817503006803685,False,22.437228819841355,False
8,3sxz,101,R,expanded_s231301,True,T,0.02700106561142246,-0.0074293480732660665,False,-0.0006278240068000379,1.001130258173705,1.001130258173705,-0.27515018037373956,0.9999448047872063,0.0022817503006803685,False,3.1297259303904608,False
8,3sxz,101,R,expanded_s231301,True,V,0.03068275790431692,0.011512042204633942,False,0.00085610315225845,1.0002349892247167,1.0002349892247164,0.37519580998989177,0.9998674728842788,0.0022817503006803685,False,2.4237026052997326,False
8,3sxz,101,R,expanded_s231301,True,W,0.02703080032649605,-0.012069379119600968,False,-0.001018812210609257,1.0013831541203841,1.0013831541203844,-0.4465046899765804,0.9998543300876672,0.0022817503006803685,False,3.122844127231958,False
8,3sxz,101,R,expanded_s231301,True,Y,0.026626861993718234,0.006802900366737654,False,0.000582964675332913,1.0003467100011882,1.0003467100011885,0.2554901275389711,0.9999537205466001,0.0022817503006803685,False,3.2183119788596173,False
8,3sxz,101,R,expanded_s231303,True,A,0.5016153734096517,0.34813711668807,False,0.6331704948982199,0.9023561232704128,0.9023561232704129,0.6940319917263753,0.8788005479841171,0.9123073611105952,False,3.625763750309685,False
8,3sxz,101,R,expanded_s231303,True,C,0.40334720253665723,0.2292822835950368,False,0.2702392127988766,0.977728230435598,0.9777282304355979,0.5684489247801315,0.9474296344294452,0.47539752652958484,False,2.9221251988970938,False
8,3sxz,101,R,expanded_s231303,True,D,0.11117272277961811,0.2171543925936946,False,1.3490682625881332,0.9640760841138435,0.9640760841138435,1.953306415137173,0.9528439697772636,0.6906587989132229,False,55.881372527003286,False
8,3sxz,101,R,expanded_s231303,True,E,0.311224407325447,0.13343738343423958,False,0.21112885991638608,1.0138026905663164,1.0138026905663167,0.4287497390739804,0.9821944647022237,0.49242912747278894,False,5.083893412148225,False
8,3sxz,101,R,expanded_s231303,True,F,0.5026476780771683,0.20276375066821364,False,0.3438130946654366,1.0488172313331778,1.0488172313331776,0.4033914002027572,0.9588868614149585,0.852306455944835,False,3.3734044745393046,False
8,3sxz,101,R,expanded_s231303,True,G,0.47690065502083623,0.3442891904421903,False,1.1126393324620392,0.8990507538823547,0.8990507538823547,0.7219306302423678,0.8814649533446611,1.5411997854814692,False,6.776463477948015,False
8,3sxz,101,R,expanded_s231303,True,H,0.48681857984871774,0.12255334712187975,False,0.14307218500803867,1.1176698368827616,1.1176698368827616,0.2517433643554937,0.9849806771092241,0.5683255460350586,False,2.3980756963241827,False
8,3sxz,101,R,expanded_s231303,True,I,0.64725832066845,0.23306591188926246,False,0.3037068044881774,1.1172356322055321,1.1172356322055321,0.3600817547599323,0.9456802807152266,0.8434384704958453,False,2.013251919055655,False
8,3sxz,101,R,expanded_s231303,True,K,0.9722369810630781,0.16468477291033887,False,0.09114036812505705,1.6250194944638354,1.625019494463835,0.16938748074596663,0.9728789255714702,0.5380584664444112,False,0.5692266134826666,False
8,3sxz,101,R,expanded_s231303,True,L,0.5059713343515471,0.20465877622320608,False,0.28312973171110756,1.0489040430006644,1.0489040430006644,0.404486899411993,0.9581147853148196,0.6999725630736034,False,2.7341931555550825,False
8,3sxz,101,R,expanded_s231303,True,M,0.6062708355936741,0.11784254518720597,False,0.14108300057324888,1.2246753294131865,1.2246753294131865,0.1943727757773667,0.9861131345438013,0.7258372475723885,False,1.974721691004901,False
8,3sxz,101,R,expanded_s231303,True,N,0.3840857688012728,0.20109453005519928,False,0.28433328196832724,0.9930467834397011,0.993046783439701,0.5235667301155493,0.9595609899818786,0.5430698048853789,False,3.6812831628783536,False
8,3sxz,101,R,expanded_s231303,True,P,0.5146737214191057,0.2477002630691675,False,1.3862853501078363,1.0099194071387916,1.0099194071387914,0.4812762975078377,0.9386445796754652,2.8804355362737564,False,10.874121260358502,False
8,3sxz,101,R,expanded_s231303,True,Q,0.5463463651593736,0.07690620610907964,False,0.07765319749188757,1.214459498391073,1.214459498391073,0.14076456075011223,0.9940854354619078,0.5516530373702434,False,1.8481188539559055,False
8,3sxz,101,R,expanded_s231303,True,S,0.1748234852480901,0.21078760804263025,False,0.8268258892392618,0.9568620024240472,0.9568620024240474,1.2057167705100023,0.9555685842956665,0.68575465603711,False,22.437228819841355,False
8,3sxz,101,R,expanded_s231303,True,T,0.4702827997006956,0.23135952182460837,False,0.34052796347878733,1.0035571043721425,1.0035571043721425,0.49195828971813055,0.9464727716610887,0.6921886887481745,False,3.1297259303904608,False
8,3sxz,101,R,expanded_s231303,True,V,0.555756645636512,0.297448880282811,False,0.4006603192196583,0.9782470652605246,0.9782470652605246,0.5352142572081,0.911524163618502,0.7485979938383349,False,2.4237026052997326,False
8,3sxz,101,R,expanded_s231303,True,W,0.43192087234129,0.17310251956727873,False,0.23348441041687146,1.0370224574521125,1.0370224574521125,0.40077368483942744,0.97003551771946,0.5825841846637673,False,3.122844127231958,False
8,3sxz,101,R,expanded_s231303,True,Y,0.4508898608519219,0.2037647921134394,False,0.29568395386497537,1.0195507090939666,1.0195507090939666,0.4519169974867951,0.9584799094949668,0.6542881890022629,False,3.2183119788596173,False
12,5gpe,11,A,restricted_s231301,False,C,0.7330253420177102,0.7184012579259831,False,1.4037162693671612,0.484113496445887,0.48411349644588697,0.9800496882529693,0.48389963261036506,1.4322909197281797,False,2.665589445609328,False
12,5gpe,11,A,restricted_s231301,False,D,0.6769021674950563,0.6638759655287773,False,1.6752001131555492,0.5594383843309001,0.5594383843309004,0.9807561526734596,0.5592687023932339,1.7080699505061407,False,3.7278106339579313,False
12,5gpe,11,A,restricted_s231301,False,E,0.7384729886516237,0.7258261943412506,False,4.058281648557303,0.47333627701442604,0.4733362770144261,0.9828743982451343,0.4731763356080971,4.128993140734087,False,7.571378058423333,False
12,5gpe,11,A,restricted_s231301,False,F,0.7294948521731738,0.7393254303248947,False,11.35277932830207,0.45349454834170644,0.4534945483417062,1.013475870490978,0.45339790807490915,11.201824985534405,False,21.04962290158914,False
12,5gpe,11,A,restricted_s231301,False,G,0.6018817872271227,0.6003472908119231,False,0.5745200103468419,0.6395854850940328,0.6395854850940325,0.9974505019959664,0.6395831304147844,0.575988491857178,False,1.589979052275449,False
12,5gpe,11,A,restricted_s231301,False,H,0.7529861710222022,0.7488305354044172,False,7.993295238530418,0.43927009855332166,0.4392700985533221,0.9944811262441332,0.4392528292459339,8.037654036450924,False,14.176052356226634,False
12,5gpe,11,A,restricted_s231301,False,I,0.7208858093735957,0.7190199764339873,False,4.631012914948936,0.48301375482142694,0.48301375482142683,0.997411749662225,0.48301027348886844,4.643030239534712,False,8.934465149585762,False
12,5gpe,11,A,restricted_s231301,False,K,0.742447854365724,0.723223453088986,False,1.9877502425697613,0.4773174145064924,0.4773174145064926,0.9741067319897349,0.47694783690204334,2.0405877274962805,False,3.701888701373764,False
12,5gpe,11,A,restricted_s231301,False,L,0.7197378454080533,0.7085833947316675,False,4.522735806438854,0.4980339944804378,0.4980339944804378,0.9845020645398161,0.49790957271054587,4.593932272303469,False,8.868208786303473,False
12,5gpe,11,A,restricted_s231301,False,M,0.7155256848560612,0.7095481124128413,False,5.2132482897858825,0.49657720754368784,0.4965772075436878,0.9916459009512394,0.4965414761713738,5.257167185166659,False,10.268365818684517,False
12,5gpe,11,A,restricted_s231301,False,N,0.7010782946729418,0.6939838682163745,False,2.001379731837807,0.5184367215421852,0.5184367215421851,0.9898806930545797,0.5183863906554377,2.0218393447617786,False,4.113519878960965,False
12,5gpe,11,A,restricted_s231301,False,P,0.650790797860231,0.6503426718138261,False,1.807426739717961,0.5770546100350076,0.5770546100350076,0.9993114130564256,0.5770544092180542,1.8086721677578856,False,4.2704835057489,False
12,5gpe,11,A,restricted_s231301,False,Q,0.730424086148546,0.7205639261026148,False,2.378319733556038,0.480884851155717,0.4808848511557169,0.9865007736835146,0.48078762839958555,2.4108645395944124,False,4.5187949778389465,False
12,5gpe,11,A,restricted_s231301,False,R,0.6271042809704976,0.6152538533815302,False,0.9872345809198836,0.62160312853322,0.62160312853322,0.981102939417623,0.6214626958991785,1.0062497432796402,False,2.5587405487973967,False
12,5gpe,11,A,restricted_s231301,False,S,0.5516624747066927,0.559144461389274,False,0.9969625031161586,0.6874134514224169,0.687413451422417,1.0135626166825273,0.6873574712976988,0.9836220147693467,False,3.2320744320583468,False
12,5gpe,11,A,restricted_s231301,False,T,0.6393937125767802,0.6332858170927704,False,1.8866191683011306,0.5989863802563857,0.5989863802563856,0.990447363863816,0.5989490738691421,1.9048151745704842,False,4.659251132732954,False
12,5gpe,11,A,restricted_s231301,False,V,0.7369026413137985,0.7206088337735133,False,2.1942428676937125,0.48098839685173683,0.48098839685173705,0.9778887920509615,0.48072290868757706,2.243857262226769,False,4.1321397443748715,False
12,5gpe,11,A,restricted_s231301,False,W,0.7008187067014061,0.7001902292340773,False,9.030988387939033,0.5097340378690572,0.5097340378690572,0.9991032238989639,0.5097336428851305,9.03909443180048,False,18.404056249101195,False
12,5gpe,11,A,restricted_s231301,False,Y,0.7429480261531412,0.7432724411389342,False,9.61941778171483,0.44754618348845265,0.4475461834884524,1.0004366590587404,0.44754607824336956,9.615219209145382,False,17.419766262186958,False
12,5gpe,11,A,restricted_s231303,False,C,0.7234764938885662,0.7160683400773842,False,1.3809315685242594,0.4873010130817098,0.4873010130817101,0.989760339314738,0.4872461323388197,1.3952181287445296,False,2.665589445609328,False
12,5gpe,11,A,restricted_s231303,False,D,0.666409636416693,0.663602090606409,False,1.6485527830079585,0.5596401476562803,0.5596401476562805,0.9957870570038866,0.5596322653428035,1.6555274256808543,False,3.7278106339579313,False
12,5gpe,11,A,restricted_s231303,False,E,0.7202644979757389,0.7257452802774697,False,3.9577755493720295,0.47332382712961607,0.47332382712961607,1.0076094022642157,0.473293788154977,3.9278866795788594,False,7.571378058423333,False
12,5gpe,11,A,restricted_s231303,False,F,0.7228755321570375,0.7385300284681247,False,11.237662978815472,0.454818460305625,0.4548184603056248,1.021655866901975,0.4545733970508711,10.999460134156596,False,21.04962290158914,False
12,5gpe,11,A,restricted_s231303,False,G,0.6015082512234547,0.5982209093750595,False,0.5721298150186124,0.6421425502029051,0.642142550202905,0.9945348349890314,0.6421317435864768,0.5752737811591309,False,1.589979052275449,False
12,5gpe,11,A,restricted_s231303,False,H,0.7447324982316508,0.7474512442919365,False,7.89111701562289,0.4413240289865762,0.44132402898657613,1.0036506343777682,0.4413166374064358,7.862414215993729,False,14.176052356226634,False
12,5gpe,11,A,restricted_s231303,False,I,0.7079682604565362,0.7183321905335253,False,4.543679355222466,0.484106275089948,0.484106275089948,1.0146389755810603,0.4839988640433073,4.478124204346088,False,8.934465149585762,False
12,5gpe,11,A,restricted_s231303,False,K,0.724085023643309,0.7209873438364784,False,1.9325937184057924,0.4801868456478053,0.4801868456478053,0.9957219391291311,0.4801772500276197,1.9408969938897391,False,3.701888701373764,False
12,5gpe,11,A,restricted_s231303,False,L,0.7004412941702132,0.707642359470926,False,4.395633483349234,0.4992941464238858,0.4992941464238858,1.0102807549478414,0.4992422910824207,4.350902916661191,False,8.868208786303473,False
12,5gpe,11,A,restricted_s231303,False,M,0.7018095038835741,0.7092383027959794,False,5.111080949142018,0.49703621690035954,0.49703621690035954,1.010585207055899,0.4969810298470785,5.057545779867433,False,10.268365818684517,False
12,5gpe,11,A,restricted_s231303,False,N,0.6897516136667232,0.6929285747602676,False,1.9660510779030458,0.5198600833624941,0.5198600833624941,1.0046059494905066,0.5198499902807042,1.957037064035051,False,4.113519878960965,False
12,5gpe,11,A,restricted_s231303,False,P,0.6521545205688255,0.6482711889477363,False,1.8054450652118252,0.5797595458447676,0.5797595458447676,0.9940453811196432,0.5797444655802882,1.8162602025053038,False,4.2704835057489,False
12,5gpe,11,A,restricted_s231303,False,Q,0.7149936133610099,0.7204151060065097,False,2.32759604541509,0.48103146762013466,0.48103146762013493,1.007582574926809,0.4810020750376294,2.310079693055596,False,4.5187949778389465,False
12,5gpe,11,A,restricted_s231303,False,R,0.6264095575723477,0.6172257870828722,False,0.9893015491129145,0.6191166694003323,0.619116669400332,0.9853390319824186,0.6190323277599289,1.0040214758594548,False,2.5587405487973967,False
12,5gpe,11,A,restricted_s231303,False,S,0.5650006775288454,0.5637676385889684,False,1.0295097527742159,0.6821675700648454,0.6821675700648457,0.9978176328119287,0.6821660496798183,1.0317614350760431,False,3.2320744320583468,False
12,5gpe,11,A,restricted_s231303,False,T,0.6286692277773037,0.6338292750606973,False,1.8565669574092165,0.5982870761639978,0.5982870761639979,1.0082078890701192,0.598260450076031,1.841452519402073,False,4.659251132732954,False
12,5gpe,11,A,restricted_s231303,False,V,0.717336177148991,0.7177971015296702,False,2.127646311152812,0.48476753348688884,0.4847675334868887,1.0006425500279539,0.4847673210356042,2.126280069834502,False,4.1321397443748715,False
12,5gpe,11,A,restricted_s231303,False,W,0.6951618560765301,0.7029806459800649,False,8.993792313308191,0.5058793448530062,0.5058793448530063,1.011247438039342,0.5058182113774508,8.893760295448375,False,18.404056249101195,False
12,5gpe,11,A,restricted_s231303,False,Y,0.7366528047031957,0.7430007583750976,False,9.53442324972708,0.44799016956985055,0.44799016956985027,1.0086172938341824,0.44794987305402983,9.452964278931498,False,17.419766262186958,False
12,5gpe,11,A,expanded_s231301,False,C,0.029257514446440817,0.013513007817643433,False,0.0010538595035968596,1.0000652881087044,1.0000652881087044,0.46186451834042563,0.9998173986197203,0.002281750300680368,False,2.665589445609328,False
12,5gpe,11,A,expanded_s231301,False,D,0.02474042391516281,0.021052506062554037,False,0.0019416224314922712,0.9995703927265737,0.9995703927265739,0.8509355431719772,0.9995567919884861,0.002281750300680368,False,3.7278106339579313,False
12,5gpe,11,A,expanded_s231301,False,E,0.017359874936955236,0.04577119534219191,False,0.006016082438026123,0.9987122008041159,0.998712200804116,2.6366085878162298,0.997904997676947,0.002281750300680368,False,7.571378058423333,False
12,5gpe,11,A,expanded_s231301,False,F,0.010411466312021321,0.09118702243354661,False,0.019984314372285348,0.9982096174064456,0.9982096174064456,8.75832660844899,0.9916849269397039,0.002281750300680368,False,21.04962290158914,False
12,5gpe,11,A,expanded_s231301,False,G,0.03788247601358525,0.0020125270251039103,False,0.00012121921869656622,1.0012826029754096,1.0012826029754094,0.05312554080103388,0.9999959497349733,0.002281750300680368,False,1.589979052275449,False
12,5gpe,11,A,expanded_s231301,False,H,0.012686925918919916,0.08754537206004553,False,0.01574508121965842,0.997939594789532,0.9979395947895321,6.900440076621698,0.9923358078308682,0.002281750300680368,False,14.176052356226634,False
12,5gpe,11,A,expanded_s231301,False,I,0.015980846449653443,0.05777977692074689,False,0.008249814787815437,0.998408647967516,0.998408647967516,3.615564238275995,0.9966614973789888,0.002281750300680368,False,8.934465149585762,False
12,5gpe,11,A,expanded_s231301,False,K,0.024826893401346126,0.02756229968949734,False,0.002533151634692363,0.9992478020833876,0.9992478020833877,1.1101791611190026,0.9992403196358263,0.002281750300680368,False,3.701888701373764,False
12,5gpe,11,A,expanded_s231301,False,L,0.016040433591380913,0.03490386726184376,False,0.004965072120146056,0.9991375491800076,0.9991375491800076,2.175992753749427,0.9987817200501676,0.002281750300680368,False,8.868208786303473,False
12,5gpe,11,A,expanded_s231301,False,M,0.0149067645544343,0.053361275465472174,False,0.008167909669024063,0.9986313236901051,0.9986313236901051,3.579668496850234,0.997152574280698,0.002281750300680368,False,10.268365818684517,False
12,5gpe,11,A,expanded_s231301,False,N,0.02355197100574286,0.022585591579448623,False,0.0021881260114019665,0.9994908249422019,0.9994908249422019,0.9589682143350721,0.9994898910530065,0.002281750300680368,False,4.113519878960965,False
12,5gpe,11,A,expanded_s231301,False,P,0.02311508707744572,0.02272712971859825,False,0.0022434540218372254,0.9994836280856664,0.9994836280856664,0.9832162709338863,0.999483477574754,0.002281750300680368,False,4.2704835057489,False
12,5gpe,11,A,expanded_s231301,False,Q,0.02247101758037593,0.04016007320873114,False,0.004077930996742821,0.9987000712088924,0.9987000712088924,1.787194240985471,0.9983871685198694,0.002281750300680368,False,4.5187949778389465,False
12,5gpe,11,A,expanded_s231301,False,R,0.029862140361543645,0.019436470586653598,False,0.0014851304048645714,0.999730918201389,0.999730918201389,0.6508733249303125,0.9996222236111342,0.002281750300680368,False,2.5587405487973967,False
12,5gpe,11,A,expanded_s231301,False,S,0.02657011177378257,0.008399537204304872,False,0.0007213235196251537,1.0002596175549385,1.0002596175549385,0.3161272815040589,0.9999294477747535,0.002281750300680368,False,3.2320744320583468,False
12,5gpe,11,A,expanded_s231301,False,T,0.02212972405117422,-0.003274262224448996,False,-0.00033760243904832824,1.0006346417255776,1.0006346417255776,-0.14795766168965227,0.9999892792068854,0.002281750300680368,False,4.659251132732954,False
12,5gpe,11,A,expanded_s231301,False,V,0.023498847237593625,0.026258601012343744,False,0.0025497238289845896,0.9993181021137718,0.9993181021137718,1.1174420918118506,0.9993104858728746,0.002281750300680368,False,4.1321397443748715,False
12,5gpe,11,A,expanded_s231301,False,W,0.011134668254954301,0.0755966020621171,False,0.015491487086640445,0.998440494666821,0.9984404946668208,6.789299899301524,0.9942851537566619,0.002281750300680368,False,18.404056249101195,False
12,5gpe,11,A,expanded_s231301,False,Y,0.01144492356376234,0.0829495078268989,False,0.01653746863147206,0.9982322847219193,0.9982322847219193,7.247711823042577,0.9931193791512751,0.002281750300680368,False,17.419766262186958,False
12,5gpe,11,A,expanded_s231303,False,C,0.5631674606160864,0.3449500390097154,False,0.5178297673978365,0.9286283136797284,0.9286283136797286,0.6125177023408838,0.8810094705871958,0.8454119210250176,False,2.665589445609328,False
12,5gpe,11,A,expanded_s231303,False,D,0.8884947505014884,0.23372810096692992,False,0.7741402342055484,1.3740905401611039,1.374090540161104,0.26306075622282293,0.9453711748183926,2.942819162086727,False,3.7278106339579313,False
12,5gpe,11,A,expanded_s231303,False,E,0.6604781567767999,0.40271082014571813,False,2.013848008866072,0.9042679951714444,0.9042679951714443,0.6097261749139254,0.837823995337563,3.302872816884342,False,7.571378058423333,False
12,5gpe,11,A,expanded_s231303,False,F,0.5301330277172761,0.35672792139600507,False,3.9807626622049006,0.902814520994777,0.9028145209947768,0.6729026541358044,0.8727451900964857,5.915807639839548,False,21.04962290158914,False
12,5gpe,11,A,expanded_s231303,False,G,0.7676481682858352,0.19233068856768878,False,0.23474816547653324,1.2939991087043183,1.2939991087043186,0.25054536246359427,0.9630089062350787,0.9369487551805855,False,1.589979052275449,False
12,5gpe,11,A,expanded_s231303,False,H,0.5482192541527808,0.42047739337160744,False,3.2677757399098266,0.8395167446592553,0.8395167446592553,0.7669876426018895,0.8231987616634185,4.260532449811567,False,14.176052356226634,False
12,5gpe,11,A,expanded_s231303,False,I,0.5922798952617551,0.40046718975791884,False,2.119153863156105,0.8764181439200964,0.8764181439200964,0.6761451687988403,0.839626029927395,3.1341699400451883,False,8.934465149585762,False
12,5gpe,11,A,expanded_s231303,False,K,1.1311703247106841,0.315360959476905,False,1.3205634987478796,1.5660923856409474,1.5660923856409472,0.2787917545110317,0.9005474652378058,4.736738003833701,False,3.701888701373764,False
12,5gpe,11,A,expanded_s231303,False,L,0.6834476176859172,0.3444244780069875,False,2.0875416644349984,0.9963084681873732,0.9963084681873734,0.5039515379001146,0.8813717789496142,4.142346054014341,False,8.868208786303473,False
12,5gpe,11,A,expanded_s231303,False,M,0.6119338961740141,0.3663837712759907,False,2.302194813875148,0.9260577959830174,0.9260577959830176,0.5987309635349944,0.8657629321455825,3.8451240274641143,False,10.268365818684517,False
12,5gpe,11,A,expanded_s231303,False,N,0.6829372374393263,0.28205855669560154,False,0.7923803063594687,1.0811466872696234,1.0811466872696234,0.41300802069774417,0.9204429705947942,1.9185591239143618,False,4.113519878960965,False
12,5gpe,11,A,expanded_s231303,False,P,0.6401291467068216,0.19817549707160448,False,0.5417446200806876,1.1560495007863107,1.1560495007863107,0.3095867421302854,0.9607264723604226,1.7498960593496655,False,4.2704835057489,False
12,5gpe,11,A,expanded_s231303,False,Q,0.8319953407847912,0.3584774096902804,False,1.3477375368590836,1.0957131778097726,1.0957131778097726,0.4308646841124634,0.8714939467417468,3.127983300917974,False,4.5187949778389465,False
12,5gpe,11,A,expanded_s231303,False,R,1.2447859766546232,0.17858436554930088,False,0.5688062684087528,2.1048934999049385,2.1048934999049385,0.14346592016504592,0.9681076243813537,3.9647483371269447,False,2.5587405487973967,False
12,5gpe,11,A,expanded_s231303,False,S,0.3693963550958048,0.12717459999058717,False,0.15183585516649964,1.0424979997634862,1.0424979997634862,0.344276813336731,0.9838266211172342,0.4410284087821846,False,3.2320744320583468,False
12,5gpe,11,A,expanded_s231303,False,T,0.44426787813012997,0.23629566826461024,False,0.48912154518619727,0.987416797235729,0.9874167972357292,0.5318765544318672,0.9441643571593814,0.9196147886395567,False,4.659251132732954,False
12,5gpe,11,A,expanded_s231303,False,V,0.5662218136025954,0.3906383709810716,False,0.91397958892094,0.8782312084400806,0.8782312084400805,0.6899034293568252,0.8474016631172546,1.3247935146126375,False,4.1321397443748715,False
12,5gpe,11,A,expanded_s231303,False,W,0.5696771029899442,0.3438632754426838,False,3.605189619083255,0.9327499325133729,0.9327499325133729,0.6036108413659617,0.8817580478018291,5.972705213386773,False,18.404056249101195,False
12,5gpe,11,A,expanded_s231303,False,Y,0.5890061563223277,0.37352468673380235,False,3.832493858959909,0.9069115721364455,0.9069115721364455,0.6341609212814318,0.8604793084004148,6.043409062822245,False,17.419766262186958,False
12,5gpe,72,D,restricted_s231301,False,A,0.548287227605266,0.22096818268742163,False,0.532052997204445,1.0583108194057482,1.0583108194057484,0.40301537508458146,0.9511730622398182,1.3201803953330122,False,4.3915418019126475,False
12,5gpe,72,D,restricted_s231301,False,C,0.44033935277205355,0.21425049538197533,False,0.41702019386284683,1.0052128966645293,1.005212896664529,0.4865576833712712,0.9540967252285782,0.8570827429409571,False,4.4202593487135715,False
12,5gpe,72,D,restricted_s231301,False,E,0.6306047203333437,0.2458221230166251,False,0.3797215657119655,1.0876291310333992,1.0876291310333992,0.389819668471053,0.9395714838355993,0.9740954508563046,False,2.4495543536835975,False
12,5gpe,72,D,restricted_s231301,False,F,0.5485257003408707,0.30595866822148965,False,1.1475235603321916,0.9652280584113372,0.9652280584113375,0.5577836517620917,0.9063892933401325,2.057291490539487,False,6.8375713078505695,False
12,5gpe,72,D,restricted_s231301,False,G,0.5940346934781544,0.165267921802885,False,0.630925673455482,1.156527458515788,1.156527458515788,0.27821257515317616,0.9726865140229556,2.2677827309139844,False,6.426549012814627,False
12,5gpe,72,D,restricted_s231301,False,H,0.47025007631436944,0.2703041267321149,False,0.7117719032098976,0.9669140618259382,0.9669140618259384,0.5748093202890038,0.9269356790715888,1.238274812336083,False,5.599629459168757,False
12,5gpe,72,D,restricted_s231301,False,I,0.5543246915938801,0.2872823431846031,False,0.8475966181837282,0.9887804711383056,0.9887804711383059,0.5182564434547637,0.917468855294364,1.6354772408299272,False,5.322504739161656,False
12,5gpe,72,D,restricted_s231301,False,K,0.4274727446806055,0.23892195198749278,False,0.7569399066638633,0.9784677022836874,0.9784677022836874,0.5589173928878388,0.9429163008584862,1.354296567428101,False,7.411343090371968,False
12,5gpe,72,D,restricted_s231301,False,L,0.5248055599767414,0.23302589114099645,False,0.7459331796329627,1.0308343092038414,1.0308343092038417,0.4440232895995305,0.9456989340579446,1.6799415641141886,False,6.0995433237995815,False
12,5gpe,72,D,restricted_s231301,False,M,0.5855378558961336,0.28761857704492294,False,0.8470287105851816,1.006031450849879,1.0060314508498789,0.4912040684453074,0.9172755541386537,1.7243927015223677,False,5.029516298323535,False
12,5gpe,72,D,restricted_s231301,False,N,0.4686479853325723,0.15729846800119518,False,0.32298009461756694,1.0721957139069584,1.0721957139069584,0.3356431115127265,0.975257191964477,0.9622723766381261,False,4.381315320333788,False
12,5gpe,72,D,restricted_s231301,False,P,0.7123165610090331,0.1482831465761459,False,1.288312162046635,1.2961458010382982,1.2961458010382982,0.20817029210453172,0.9780121084414772,6.188741674050758,False,12.197091220923172,False
12,5gpe,72,D,restricted_s231301,False,Q,0.49233932584873324,0.23601591660452945,False,0.6095877094314387,1.0099981772358955,1.0099981772358952,0.47937652796202423,0.9442964871093238,1.2716261099035906,False,5.24602533073779,False
12,5gpe,72,D,restricted_s231301,False,R,0.4874386688927162,0.2837280718192049,False,0.9615176766851741,0.9609963886218025,0.9609963886218026,0.5820795310797399,0.9194983812617561,1.6518664982113147,False,6.952403779477049,False
12,5gpe,72,D,restricted_s231301,False,S,0.35773817054953577,0.18780266805907456,False,0.3128761278357811,0.9936082328765786,0.9936082328765788,0.5249724058536539,0.9647301578698929,0.5959858543936523,False,4.656990892054989,False
12,5gpe,72,D,restricted_s231301,False,T,0.3964533342719483,0.2074993226125898,False,0.5087194349724672,0.9926476496374814,0.9926476496374812,0.5233890212921127,0.9569440311153163,0.9719719258087797,False,6.18400129133391,False
12,5gpe,72,D,restricted_s231301,False,V,0.47858749867495626,0.2439176730417453,False,0.6728285021219673,0.9955740958406218,0.9955740958406221,0.5096616056981623,0.9405041687779003,1.320147514742238,False,5.763678693232465,False
12,5gpe,72,D,restricted_s231301,False,W,2.4177876840597254,0.09759803349474543,False,0.11960560142897791,6.373754638446801,6.373754638446801,0.04036666831343431,0.9904746238579586,2.962979270428725,False,0.5068649856254008,False
12,5gpe,72,D,restricted_s231301,False,Y,0.5462013039404596,0.31395725148202824,False,1.111094713807946,0.9553681441441652,0.9553681441441649,0.5748013584314917,0.9014308442418505,1.933006416059772,False,6.479296144220589,False
12,5gpe,72,D,restricted_s231303,False,A,0.5018035905910775,0.23461565917001484,False,0.517020520842402,1.0163448831692858,1.0163448831692858,0.46754479953732425,0.9449554924722194,1.1058202793701015,False,4.3915418019126475,False
12,5gpe,72,D,restricted_s231303,False,C,0.382288302033996,0.23853487145108937,False,0.40307943191800855,0.9637661639061669,0.9637661639061669,0.6239659183447288,0.9431011151018123,0.6459959111024958,False,4.4202593487135715,False
12,5gpe,72,D,restricted_s231303,False,E,0.5049591016309589,0.24743531263168744,False,0.30605886613558536,1.0050942679634003,1.0050942679634007,0.490010600526855,0.9387757660628592,0.6245964185397491,False,2.4495543536835975,False
12,5gpe,72,D,restricted_s231303,False,F,0.4848374726803044,0.3307752566513271,False,1.096556623107495,0.9143228959950079,0.9143228959950079,0.6822394622732392,0.8905877295872486,1.607289938130727,False,6.8375713078505695,False
12,5gpe,72,D,restricted_s231303,False,G,0.5390449369913958,0.2257694016408529,False,0.7821100693990082,1.0471697383319003,1.0471697383319005,0.4188322459736908,0.9490281772827313,1.8673587741096156,False,6.426549012814627,False
12,5gpe,72,D,restricted_s231303,False,H,0.4503962219106908,0.26165800964243313,False,0.6599150941084253,0.9671571987601782,0.9671571987601782,0.580950720528729,0.9315350859899603,1.1359226708727206,False,5.599629459168757,False
12,5gpe,72,D,restricted_s231303,False,I,0.48782688094135634,0.30488244741058734,False,0.7916153494383267,0.9405153590208244,0.9405153590208247,0.6249808268504139,0.9070466932609305,1.2666234153576617,False,5.322504739161656,False
12,5gpe,72,D,restricted_s231303,False,K,0.3521991170050285,0.22183590363351266,False,0.5790512697044377,0.9677833992596503,0.9677833992596503,0.6298593407045521,0.9507888318591029,0.9193342581166118,False,7.411343090371968,False
12,5gpe,72,D,restricted_s231303,False,L,0.43899207701851084,0.255982095959152,False,0.6854307645239387,0.9679658197157064,0.9679658197157066,0.5831132481882083,0.9344731665483595,1.175467658561422,False,6.0995433237995815,False
12,5gpe,72,D,restricted_s231303,False,M,0.4947297678431242,0.2884406774552784,False,0.717712928330794,0.9593571644021849,0.9593571644021849,0.5830267273238776,0.91680197558914,1.2310120526122927,False,5.029516298323535,False
12,5gpe,72,D,restricted_s231303,False,N,0.38672425400503124,0.09954829761060432,False,0.1686707430151957,1.0725601663738844,1.0725601663738844,0.25741415641675586,0.9900901364428306,0.6552504546102594,False,4.381315320333788,False
12,5gpe,72,D,restricted_s231303,False,P,0.7585472106903833,0.1593937305085269,False,1.4747218763812986,1.3335785314886053,1.3335785314886053,0.2101302704197626,0.974593638674575,7.0181315306707095,False,12.197091220923172,False
12,5gpe,72,D,restricted_s231303,False,Q,0.45061891808130694,0.23759846873385596,False,0.5616728624331248,0.9889246794955169,0.9889246794955168,0.5272714020652483,0.9435469676553269,1.065244312953691,False,5.24602533073779,False
12,5gpe,72,D,restricted_s231303,False,R,0.4343613979152424,0.2523153630432274,False,0.7619560187031962,0.9694777163849875,0.9694777163849875,0.5808880905491101,0.9363369575723643,1.3117087974431076,False,6.952403779477049,False
12,5gpe,72,D,restricted_s231303,False,S,0.42229412250926,0.14985287737397449,False,0.29470364806261956,1.0517683471936052,1.0517683471936057,0.3548542813798895,0.9775441151427406,0.8304920175025995,False,4.656990892054989,False
12,5gpe,72,D,restricted_s231303,False,T,0.3595543270745467,0.20501306134283814,False,0.45584334839375007,0.9818526474927962,0.9818526474927962,0.5701866057652328,0.9579696446788377,0.7994634454486604,False,6.18400129133391,False
12,5gpe,72,D,restricted_s231303,False,V,0.43758769345045523,0.250010259460444,False,0.6305545918279764,0.9726801639067985,0.9726801639067986,0.5713375014938594,0.9374948701645215,1.1036464264629642,False,5.763678693232465,False
12,5gpe,72,D,restricted_s231303,False,W,2.082914286797945,0.0842403132763957,False,0.08893724314343324,4.987601222051515,4.987601222051514,0.04044348526981298,0.9929035696190947,2.199049922381838,False,0.5068649856254008,False
12,5gpe,72,D,restricted_s231303,False,Y,0.4975143402855213,0.3106577319693096,False,1.0014184785979376,0.9384071656391227,0.9384071656391227,0.6244196534938562,0.9034917735676845,1.6037587430098257,False,6.479296144220589,False
12,5gpe,72,D,expanded_s231301,False,A,0.022794262624328133,-0.008812459386475117,False,-0.0008821444319660599,1.00092132543583,1.00092132543583,-0.38660866252675574,0.9999223405595616,0.002281750300680368,False,4.3915418019126475,False
12,5gpe,72,D,expanded_s231301,False,C,0.022720097070493103,0.037909451816263776,False,0.003807197777897102,0.9987935899605831,0.9987935899605829,1.668542687059964,0.9985628734629903,0.002281750300680368,False,4.4202593487135715,False
12,5gpe,72,D,expanded_s231301,False,E,0.03052042085515895,0.005310115132507358,False,0.00039699179961333905,1.000607362191909,1.0006073621919092,0.17398564579786174,0.9999718026772795,0.002281750300680368,False,2.4495543536835975,False
12,5gpe,72,D,expanded_s231301,False,F,0.018267668584017408,0.048907937497301594,False,0.006108918638241604,0.9985468397288384,0.9985468397288385,2.6772949855293358,0.99760801364976,0.002281750300680368,False,6.8375713078505695,False
12,5gpe,72,D,expanded_s231301,False,G,0.018842787317248397,0.004699352764833176,False,0.0005690638759344155,1.00017795282453,1.00017795282453,0.2493979625048074,0.9999779160835917,0.002281750300680368,False,6.426549012814627,False
12,5gpe,72,D,expanded_s231301,False,H,0.02018619263585183,0.04086810110776097,False,0.004619533939513216,0.9987575396498861,0.9987575396498863,2.0245571735591628,0.9983297983118459,0.002281750300680368,False,5.599629459168757,False
12,5gpe,72,D,expanded_s231301,False,I,0.020705037900450102,0.03749108111141556,False,0.00413161695284532,0.9988761900837776,0.9988761900837779,1.8107226507709289,0.9985944188370973,0.002281750300680368,False,5.322504739161656,False
12,5gpe,72,D,expanded_s231301,False,K,0.01754630196150199,0.004419639207673264,False,0.0005747372359790374,1.0001527760643267,1.0001527760643267,0.2518843695594839,0.999980466789274,0.002281750300680368,False,7.411343090371968,False
12,5gpe,72,D,expanded_s231301,False,L,0.019341288277375832,0.01894939787195055,False,0.0022355178037758647,0.9996410738983803,0.9996410738983804,0.9797381436125076,0.9996409203202905,0.002281750300680368,False,6.0995433237995815,False
12,5gpe,72,D,expanded_s231301,False,M,0.021299575512375678,0.01710254653441542,False,0.0018321370148728288,0.9997251179542801,0.9997251179542801,0.8029524590515121,0.999707502902038,0.002281750300680368,False,5.029516298323535,False
12,5gpe,72,D,expanded_s231301,False,N,0.022820849302636465,0.02481546944369109,False,0.002481183067017803,0.9993881709857962,0.9993881709857962,1.0874034140711928,0.9993841924762893,0.002281750300680368,False,4.381315320333788,False
12,5gpe,72,D,expanded_s231301,False,P,0.013677474768211873,0.0481490248274475,False,0.008032480683702839,0.9988699591716522,0.9988699591716522,3.520315383023168,0.9976816714081659,0.002281750300680368,False,12.197091220923172,False
12,5gpe,72,D,expanded_s231301,False,Q,0.02085541645620357,0.015274595016380461,False,0.00167116354854807,0.9997978323150287,0.9997978323150286,0.7324042197122821,0.9997666867470856,0.002281750300680368,False,5.24602533073779,False
12,5gpe,72,D,expanded_s231301,False,R,0.018116177396873646,0.0109441123084291,False,0.001378421672706034,0.9999316649234133,0.9999316649234133,0.6041071506794669,0.9998802264057804,0.002281750300680368,False,6.952403779477049,False
12,5gpe,72,D,expanded_s231301,False,S,0.022135093659584916,0.0053731259253687255,False,0.0005538775613219373,1.000252093080113,1.0002520930801133,0.24274240750917536,0.9999711295177901,0.002281750300680368,False,4.656990892054989,False
12,5gpe,72,D,expanded_s231301,False,T,0.019208757436618384,0.026315444060712092,False,0.0031259321481982294,0.9993580023986605,0.9993580023986605,1.3699711783827286,0.9993074974038876,0.002281750300680368,False,6.18400129133391,False
12,5gpe,72,D,expanded_s231301,False,V,0.019896843183501198,0.029281543726098112,False,0.003357978478556454,0.9992306638012909,0.9992306638012909,1.4716678146400062,0.9991425911970166,0.002281750300680368,False,5.763678693232465,False
12,5gpe,72,D,expanded_s231301,False,W,0.06709465323596138,0.025302204318904113,False,0.0008604756046580427,1.0011064072430893,1.0011064072430893,0.3771120811955049,0.9993597984566045,0.002281750300680368,False,0.5068649856254008,False
12,5gpe,72,D,expanded_s231301,False,Y,0.018765932205056398,0.04387471623801451,False,0.0053347281592214715,0.9987054603106474,0.9987054603106476,2.337998227777497,0.9980750092750337,0.002281750300680368,False,6.479296144220589,False
12,5gpe,72,D,expanded_s231303,False,A,0.7151991490701072,0.7145973181170702,False,2.244426522166975,0.48935103514038697,0.48935103514038714,0.9991585127669412,0.4893506729398908,2.246316769049536,False,4.3915418019126475,False
12,5gpe,72,D,expanded_s231303,False,C,0.7111138443599067,0.7111296928271793,False,2.235299381227656,0.4942945602306954,0.4942945602306955,1.00002228682144,0.49429455997952154,2.235249564619736,False,4.4202593487135715,False
12,5gpe,72,D,expanded_s231303,False,E,0.7200390484668678,0.7179236650101485,False,1.2662556586134543,0.48459008606556503,0.48459008606556536,0.9970621267537871,0.48458561121839605,1.2699867186171252,False,2.4495543536835975,False
12,5gpe,72,D,expanded_s231303,False,F,0.7116858938923235,0.7214718797687071,False,3.5108286605788828,0.4795740922225809,0.479574092222581,1.013750428328518,0.4794783267030081,3.4632080662767986,False,6.8375713078505695,False
12,5gpe,72,D,expanded_s231303,False,G,0.6815882359035536,0.6895167996056633,False,3.020262997710355,0.5246294451839421,0.5246294451839421,1.0116324831980104,0.5245665830615636,2.985533825646431,False,6.426549012814627,False
12,5gpe,72,D,expanded_s231303,False,H,0.7068655054423666,0.7153220687883752,False,2.831377016998349,0.48838585136794394,0.4883858513679443,1.0119634686951038,0.4883143379043191,2.797904375589095,False,5.599629459168757,False
12,5gpe,72,D,expanded_s231303,False,I,0.7289022397469597,0.7347032392026565,False,2.8503441257739044,0.4602448018998093,0.4602448018998095,1.0079585425031903,0.4602111503051243,2.8278386516724052,False,5.322504739161656,False
12,5gpe,72,D,expanded_s231303,False,K,0.6631656521695295,0.6808014399212009,False,3.3461037939827505,0.5368204204108413,0.5368204204108415,1.026593337115661,0.5365093994012194,3.2594248111759976,False,7.411343090371968,False
12,5gpe,72,D,expanded_s231303,False,L,0.68243343447837,0.6959547761567021,False,2.8969342345418503,0.5158297762254568,0.515829776225457,1.0198134220792792,0.5156469495446746,2.8406512130771366,False,6.0995433237995815,False
12,5gpe,72,D,expanded_s231303,False,M,0.7195673506570336,0.7250720299665536,False,2.624090577359415,0.4743008528544817,0.47430085285448154,1.0076499848200362,0.47427055136018104,2.604168726135664,False,5.029516298323535,False
12,5gpe,72,D,expanded_s231303,False,N,0.6661065110482081,0.6653886814836769,False,1.9418854069668812,0.5572584178326978,0.5572584178326979,0.9989223501757976,0.5572579025534139,1.9439803370353403,False,4.381315320333788,False
12,5gpe,72,D,expanded_s231303,False,P,0.6044442224279429,0.6205785436943645,False,4.575191308734433,0.6151425874289098,0.6151425874289098,1.0266928207231645,0.6148822711061817,4.456241649290814,False,12.197091220923172,False
12,5gpe,72,D,expanded_s231303,False,Q,0.7005332671994143,0.7082324555599778,False,2.602765085176159,0.49846606639289565,0.4984660663928955,1.0109904678636363,0.4984067888914841,2.5744704504248825,False,5.24602533073779,False
12,5gpe,72,D,expanded_s231303,False,R,0.7012004289159072,0.7155430020639952,False,3.488292536742746,0.48820392160175374,0.4882039216017536,1.0204543131416255,0.4879982121972453,3.4183720837079923,False,6.952403779477049,False
12,5gpe,72,D,expanded_s231303,False,S,0.6913721526389757,0.6925318635197385,False,2.2297544102829496,0.5204009629392052,0.5204009629392056,1.0016774046746548,0.5203996180098782,2.226020473135435,False,4.656990892054989,False
12,5gpe,72,D,expanded_s231303,False,T,0.6771046310520982,0.6907271620964717,False,2.892223764529626,0.5230815608942093,0.5230815608942093,1.0201187976268995,0.5228959875421545,2.83518328576809,False,6.18400129133391,False
12,5gpe,72,D,expanded_s231303,False,V,0.7084419342075188,0.7199661254443828,False,2.9397884930819793,0.4817815851962673,0.4817815851962673,1.0162669524210974,0.4816487782126035,2.8927325503189807,False,5.763678693232465,False
12,5gpe,72,D,expanded_s231303,False,W,0.5771711423162109,0.5724365235117812,False,0.16746507006668618,0.6723388431649692,0.6723388431649692,0.9917968545942379,0.6723164265497459,0.16885017258418225,False,0.5068649856254008,False
12,5gpe,72,D,expanded_s231303,False,Y,0.7119486365006623,0.7195540224811577,False,3.319249498543757,0.4822998506270978,0.4822998506270975,1.010682492515018,0.48224200873118545,3.2841664153932455,False,6.479296144220589,False
16,1ysb,110,V,restricted_s231301,True,A,0.5236199523726217,0.08157335110619135,False,0.33346121217716235,1.1887509860805083,1.1887509860805086,0.1557873238721461,0.9933457883893061,2.140490021196027,False,7.806939859976026,False
16,1ysb,110,V,restricted_s231301,True,C,0.5772019998935758,0.08582690912148486,False,0.18168369358079448,1.2340832215019328,1.2340832215019326,0.14869475354782136,0.9926337416706524,1.2218567854336813,False,3.6674537917063113,False
16,1ysb,110,V,restricted_s231301,True,D,0.5870484938501802,0.09803457565231552,False,0.3057983373016025,1.2295238341678985,1.2295238341678985,0.1669957025344737,0.9903892219766705,1.8311748904944132,False,5.313514477973899,False
16,1ysb,110,V,restricted_s231301,True,E,0.5750005656685265,0.14926319134394866,False,0.9818570568090177,1.1589728116066056,1.1589728116066056,0.25958790348389876,0.9777204997098197,3.782368298490143,False,11.440032836385592,False
16,1ysb,110,V,restricted_s231301,True,F,0.6238626102692268,0.07195503379879072,False,0.5905065235141499,1.299424446076485,1.2994244460764852,0.11533794879571102,0.9948224731110149,5.1197938725273096,False,13.15450651111127,False
16,1ysb,110,V,restricted_s231301,True,G,0.40074171005432563,0.13181267708707073,False,0.606561872905547,1.0549482429318424,1.0549482429318424,0.3289217812371012,0.9826254181591396,1.8440915363653303,False,11.48294753185985,False
16,1ysb,110,V,restricted_s231301,True,H,0.6585669647611909,0.08027320883983849,False,0.7045100919095331,1.3279798800801805,1.3279798800801803,0.1218907311406777,0.9935562119425557,5.779849585908523,False,13.326516861402995,False
16,1ysb,110,V,restricted_s231301,True,I,0.41313876517712056,0.10683684917260457,False,0.7366334252681025,1.0824067514069076,1.0824067514069076,0.2585979776717432,0.9885858876588701,2.848566071166897,False,16.68915710364246,False
16,1ysb,110,V,restricted_s231301,True,K,0.4892337338860499,0.18583716330553215,False,1.2196821880058757,1.0575140277745723,1.057514027774572,0.3798535350974315,0.965464548734553,3.2109275689458308,False,13.415217518033062,False
16,1ysb,110,V,restricted_s231301,True,L,0.4965621416067863,0.13639797979426682,False,1.023315423433362,1.1111138145621575,1.1111138145621573,0.27468461319444804,0.9813955911080429,3.725419533088158,False,15.10873056457182,False
16,1ysb,110,V,restricted_s231301,True,M,0.5791605732627182,0.16007110499066818,False,1.0163501983546335,1.150013223763616,1.1500132237636158,0.27638467185171617,0.9743772413470664,3.677303055720536,False,10.963051241420942,False
16,1ysb,110,V,restricted_s231301,True,N,0.5346748053432263,0.08812417281228889,False,0.3572298713817837,1.1916415975799302,1.1916415975799304,0.16481826323519944,0.9922341301661498,2.167416792106397,False,7.581637116841651,False
16,1ysb,110,V,restricted_s231301,True,P,0.9765472848292631,0.13932857404854512,False,0.9108328200728102,1.6815227181349264,1.6815227181349268,0.1426746827450398,0.9805875484535991,6.383983496921258,False,6.6943004765284995,False
16,1ysb,110,V,restricted_s231301,True,Q,0.48358556221244003,0.1274357174465868,False,0.8497602059065148,1.110602849845615,1.110602849845615,0.2635225850489805,0.9837601379188737,3.2246200292417866,False,13.788972160821956,False
16,1ysb,110,V,restricted_s231301,True,R,0.42429314588670913,0.11163872847388924,False,0.7347539557592766,1.0852895790324832,1.0852895790324832,0.2631169736211058,0.9875367943047332,2.7924992661907795,False,15.51175852525145,False
16,1ysb,110,V,restricted_s231301,True,S,0.3997454185707685,0.09514440372035124,False,0.2665360016207323,1.083729320688603,1.083729320688603,0.2380124932026143,0.9909475424406987,1.1198403833106216,False,7.007919988404095,False
16,1ysb,110,V,restricted_s231301,True,T,0.6241989346736221,0.043695519816714455,False,0.11162381024828358,1.3350749162084783,1.3350749162084785,0.07000255429715166,0.9980907015479472,1.5945676749801891,False,4.092577474914324,False
16,1ysb,110,V,restricted_s231301,True,W,0.5609134922608898,0.13114006028997152,False,1.140218842668549,1.167507487415204,1.167507487415204,0.23379730047387806,0.9828022845871426,4.876954696899695,False,15.500901193309396,False
16,1ysb,110,V,restricted_s231301,True,Y,0.4753008183223669,0.09788871444747364,False,0.7223629362179002,1.1328576957350942,1.1328576957350942,0.20595107492763,0.990417799583821,3.507449215653447,False,15.525810016534713,False
16,1ysb,110,V,restricted_s231303,True,A,0.6720936588400007,0.0653404788114833,False,0.3428411509090784,1.3638800433034046,1.3638800433034044,0.09721930560133185,0.9957306218286861,3.5264719161333082,False,7.806939859976026,False
16,1ysb,110,V,restricted_s231303,True,C,0.7589612970094737,0.03139615374665794,False,0.08738979640037071,1.5283653192209576,1.5283653192209576,0.041367265854488015,0.9990142815299162,2.112534986183759,False,3.6674537917063113,False
16,1ysb,110,V,restricted_s231303,True,D,0.900673587697594,0.11967957834176403,False,0.57275560234418,1.5956284411776318,1.5956284411776314,0.13287785938932972,0.9856767985279377,4.310391550378731,False,5.313514477973899,False
16,1ysb,110,V,restricted_s231303,True,E,0.652665612339969,0.13798110236089303,False,1.0302381134907144,1.2458613602036743,1.2458613602036743,0.2114116321621364,0.9809612153912728,4.873138260909888,False,11.440032836385592,False
16,1ysb,110,V,restricted_s231303,True,F,0.6733519460685448,0.07799710216390102,False,0.6908681116791694,1.3483638422147566,1.3483638422147566,0.1158340784775295,0.9939164520540339,5.964290654008095,False,13.15450651111127,False
16,1ysb,110,V,restricted_s231303,True,G,0.5557631720383572,0.13090990718741533,False,0.8354407598976845,1.163362892854687,1.1633628928546869,0.23554980569741724,0.9828625962001823,3.5467690470985813,False,11.48294753185985,False
16,1ysb,110,V,restricted_s231303,True,H,0.7199365508410748,0.08958050219120788,False,0.8594574271341834,1.3893240816966446,1.3893240816966441,0.12442832925561893,0.991975333627171,6.907248793548934,False,13.326516861402995,False
16,1ysb,110,V,restricted_s231303,True,I,0.46214905493153496,0.10140302767475752,False,0.7821091998480836,1.11985512215994,1.11985512215994,0.2194162826748177,0.9897174259783923,3.564499363099664,False,16.68915710364246,False
16,1ysb,110,V,restricted_s231303,True,K,0.5765466130929101,0.18131440092249412,False,1.4023759119073533,1.1233335895552379,1.1233335895552379,0.3144835071527433,0.967125088018117,4.4592987549780325,False,13.415217518033062,False
16,1ysb,110,V,restricted_s231303,True,L,0.5348651540192536,0.12333443937414423,False,0.996682069786247,1.1541461451605797,1.15414614516058,0.2305897822046275,0.9847886160642655,4.322316714371073,False,15.10873056457182,False
16,1ysb,110,V,restricted_s231303,True,M,0.5924448993824204,0.14627695043664551,False,0.9500693474241578,1.1776688924374348,1.1776688924374346,0.24690389028435947,0.978603053770955,3.8479318666464186,False,10.963051241420942,False
16,1ysb,110,V,restricted_s231303,True,N,0.7098190068106227,0.09784795057520047,False,0.5265775648874481,1.3649343522381314,1.3649343522381314,0.1378491553992805,0.9904257785682332,3.8199549599140785,False,7.581637116841651,False
16,1ysb,110,V,restricted_s231303,True,P,0.97004920277686,0.11605094788791474,False,0.7536117429243638,1.7158451968476802,1.7158451968476802,0.11963408408120706,0.9865321774943164,6.299306328226793,False,6.6943004765284995,False
16,1ysb,110,V,restricted_s231303,True,Q,0.5089936040560316,0.13152688834658424,False,0.9231212865058401,1.1251817991103419,1.125181799110342,0.25840577818362004,0.9827006776418652,3.572370915985792,False,13.788972160821956,False
16,1ysb,110,V,restricted_s231303,True,R,0.5790117965208402,0.12510135064233271,False,1.1235966762621892,1.1903843449450897,1.1903843449450897,0.21606010688217467,0.9843496520674642,5.200389338300785,False,15.51175852525145,False
16,1ysb,110,V,restricted_s231303,True,S,0.4949667582049201,0.09121417944090074,False,0.3163934784324252,1.1546961183275188,1.1546961183275188,0.1842834451584269,0.9916799734689231,1.7168849766207943,False,7.007919988404095,False
16,1ysb,110,V,restricted_s231303,True,T,0.7253237415954962,0.034911761149407916,False,0.10363359418868269,1.4754498716769366,1.4754498716769366,0.04813266014512698,0.9987811689334468,2.1530826236533014,False,4.092577474914324,False
16,1ysb,110,V,restricted_s231303,True,W,0.6139151533917493,0.11867983104021906,False,1.129385533857979,1.231173122208889,1.231173122208889,0.19331634084048668,0.985915097704265,5.842162793624786,False,15.500901193309396,False
16,1ysb,110,V,restricted_s231303,True,Y,0.5782482407223621,0.10062236264401055,False,0.9033646629083685,1.218001619546054,1.2180016195460535,0.17401239737160387,0.9898751401359371,5.191381054185646,False,15.525810016534713,False
16,1ysb,110,V,expanded_s231301,True,A,0.017095965836902757,-0.013921701492980859,False,-0.0018580901992107848,1.0007682819141277,1.0007682819141277,-0.8143267029072999,0.9998061862275404,0.0022817503006803685,False,7.806939859976026,False
16,1ysb,110,V,expanded_s231301,True,C,0.024943174953243524,-0.05210860022529252,False,-0.00476678748615493,1.0032216698407244,1.0032216698407244,-2.0890925202172985,0.9972846937825606,0.0022817503006803685,False,3.6674537917063113,False
16,1ysb,110,V,expanded_s231301,True,D,0.020722546559639038,-0.0059466253112268165,False,-0.0006547802439663877,1.0006758823756856,1.0006758823756856,-0.28696402221187234,0.9999646376474078,0.0022817503006803685,False,5.313514477973899,False
16,1ysb,110,V,expanded_s231301,True,E,0.014122787441540621,0.01542963873174115,False,0.002492891928117784,0.9997636341089026,0.9997636341089027,1.0925349401178812,0.9997619262486079,0.0022817503006803685,False,11.440032836385592,False
16,1ysb,110,V,expanded_s231301,True,F,0.01317033367462344,-0.07313642413684644,False,-0.012670829903609689,1.002099919908403,1.0020999199084029,-5.553118542301286,0.9946510634644753,0.0022817503006803685,False,13.15450651111127,False
16,1ysb,110,V,expanded_s231301,True,G,0.014096372514299467,-0.01944331548339504,False,-0.003147248762435578,1.000746868153996,1.0007468681539955,-1.3793133987961506,0.9996219574830132,0.0022817503006803685,False,11.48294753185985,False
16,1ysb,110,V,expanded_s231301,True,H,0.013085060399735823,-0.03571259385793338,False,-0.006227500621629575,1.0011058217009894,1.0011058217009892,-2.729264731453161,0.9987246106399383,0.0022817503006803685,False,13.326516861402995,False
16,1ysb,110,V,expanded_s231301,True,I,0.01169275518350649,-0.025665239292284554,False,-0.005008371983603105,1.0007369152433232,1.000736915243323,-2.194969354056716,0.9993412954920698,0.0022817503006803685,False,16.68915710364246,False
16,1ysb,110,V,expanded_s231301,True,K,0.013041729817857423,0.02796990292221172,False,0.004893548271132803,0.9994405348827556,0.9994405348827556,2.144646708131759,0.9992176845305221,0.0022817503006803685,False,13.415217518033062,False
16,1ysb,110,V,expanded_s231301,True,L,0.012289099767094473,-0.039858814912327595,False,-0.007400693674445575,1.001130679879197,1.0011306798791972,-3.243428376995874,0.9984112748737848,0.0022817503006803685,False,15.10873056457182,False
16,1ysb,110,V,expanded_s231301,True,M,0.014426744359660343,0.0023037802781607324,False,0.0003643685097168045,1.0001416588545513,1.000141658854551,0.15968816114899062,0.99999469259643,0.0022817503006803685,False,10.963051241420942,False
16,1ysb,110,V,expanded_s231301,True,N,0.017348125742381187,-0.028244239940281492,False,-0.0037148856270268153,1.0012809267187375,1.0012809267187375,-1.6280859592388863,0.9992022629101958,0.0022817503006803685,False,7.581637116841651,False
16,1ysb,110,V,expanded_s231301,True,P,0.018462115229222805,0.06990271086110227,False,0.008639342217582259,0.9977597458932316,0.9977597458932318,3.7862785489745283,0.9951136110142692,0.0022817503006803685,False,6.6943004765284995,False
16,1ysb,110,V,expanded_s231301,True,Q,0.0128637653909737,-0.004644722010944914,False,-0.0008238719786110838,1.0002849736885442,1.0002849736885442,-0.3610701742278386,0.9999784265574411,0.0022817503006803685,False,13.788972160821956,False
16,1ysb,110,V,expanded_s231301,True,R,0.012128400803780848,-0.016767483176830245,False,-0.003154513970915167,1.0005538236189355,1.0005538236189357,-1.3824974494249258,0.9997188515079147,0.0022817503006803685,False,15.51175852525145,False
16,1ysb,110,V,expanded_s231301,True,S,0.018044277227364663,-0.01761553244758137,False,-0.002227534300900557,1.0009613150426415,1.0009613150426417,-0.9762392932462217,0.9996896930165882,0.0022817503006803685,False,7.007919988404095,False
16,1ysb,110,V,expanded_s231301,True,T,0.02361215380177261,-0.029919547072815827,False,-0.002891262529574616,1.001970463701484,1.0019704637014841,-1.2671248596800904,0.9991048207029576,0.0022817503006803685,False,4.092577474914324,False
16,1ysb,110,V,expanded_s231301,True,W,0.012132647622120261,-0.06471613540402317,False,-0.01217096762521779,1.0017175572709673,1.0017175572709676,-5.334048875369348,0.9958118218183681,0.0022817503006803685,False,15.500901193309396,False
16,1ysb,110,V,expanded_s231301,True,Y,0.012122911212732344,-0.042528484234118855,False,-0.008004626940331242,1.0011781030530365,1.0011781030530367,-3.508108200070988,0.9981913280287483,0.0022817503006803685,False,15.525810016534713,False
16,1ysb,110,V,expanded_s231303,True,A,0.8306286207980174,0.08747719323844055,False,0.5672605284779185,1.5446217849469615,1.5446217849469615,0.10531444624963415,0.9923477406631246,5.386350578469562,False,7.806939859976026,False
16,1ysb,110,V,expanded_s231303,True,C,1.1593294144772996,0.03547002337285069,False,0.15081098628680595,2.261801808415592,2.261801808415592,0.030595293218573995,0.9987418774419294,4.929221799229255,False,3.6674537917063113,False
16,1ysb,110,V,expanded_s231303,True,D,1.1272909164071867,0.13675417706892412,False,0.8191406458909953,1.9624613270330786,1.9624613270330782,0.12131223189908805,0.9812982950542014,6.7523334874622245,False,5.313514477973899,False
16,1ysb,110,V,expanded_s231303,True,E,0.7395142416936786,0.198938927265171,False,1.683036694940918,1.252644973788063,1.252644973788063,0.2690129764229415,0.960423303218583,6.256340185965053,False,11.440032836385592,False
16,1ysb,110,V,expanded_s231303,True,F,0.5766968530074625,0.1193418459126483,False,0.9053466370770469,1.1949311263288593,1.1949311263288593,0.2069403453309706,0.9857575238141617,4.374916044665327,False,13.15450651111127,False
16,1ysb,110,V,expanded_s231303,True,G,0.7094751604066128,0.12472654532545573,False,1.016130456661273,1.3263742317305083,1.326374231730508,0.17580114468556265,0.9844432888911772,5.779999092035041,False,11.48294753185985,False
16,1ysb,110,V,expanded_s231303,True,H,0.7198381673702519,0.15065638906640164,False,1.4452370192016115,1.3012705491866063,1.3012705491866063,0.20929202686874324,0.977302652433473,6.905361091982672,False,13.326516861402995,False
16,1ysb,110,V,expanded_s231303,True,I,0.40904671389639863,0.1559460560753548,False,1.0645883438510293,1.0397407705839874,1.0397407705839874,0.3812426570791425,0.9756808275945423,2.792416651398037,False,16.68915710364246,False
16,1ysb,110,V,expanded_s231303,True,K,0.7586885743682921,0.20807951280354842,False,2.117827507856506,1.2598732550286456,1.2598732550286456,0.2742620883368409,0.956702916351438,7.721911259041572,False,13.415217518033062,False
16,1ysb,110,V,expanded_s231303,True,L,0.6316095261990504,0.1364278282661139,False,1.3019059562011228,1.2265923616423378,1.2265923616423378,0.2160002701148604,0.9813874476745917,6.027334852446345,False,15.10873056457182,False
16,1ysb,110,V,expanded_s231303,True,M,0.7762868742640352,0.159233368589706,False,1.3551512491457987,1.3553997631925543,1.355399763192554,0.20512180982148956,0.9746447343275748,6.606568313360437,False,10.963051241420942,False
16,1ysb,110,V,expanded_s231303,True,N,0.9876367654978445,0.1289165694904212,False,0.9653148395343846,1.7207808931418491,1.720780893141849,0.13053034677727637,0.9833805181108214,7.395328851623287,False,7.581637116841651,False
16,1ysb,110,V,expanded_s231303,True,P,0.9390522830185897,0.056128815595817776,False,0.3528424694001312,1.7764034053856612,1.7764034053856612,0.059771768421020534,0.9968495560598106,5.903162625451844,False,6.6943004765284995,False
16,1ysb,110,V,expanded_s231303,True,Q,0.7213329779078977,0.17126214284742294,False,1.703448688225719,1.273247202011437,1.2732472020114372,0.23742452943734718,0.9706692784273089,7.174695438009635,False,13.788972160821956,False
16,1ysb,110,V,expanded_s231303,True,R,0.7292518975564999,0.12277831348830308,False,1.3888657454542281,1.3527356939094919,1.352735693909492,0.1683620075582877,0.984925485736968,8.249282398069507,False,15.51175852525145,False
16,1ysb,110,V,expanded_s231303,True,S,0.9618749030538271,0.08185692673173478,False,0.5517764534354226,1.7677310821960661,1.7677310821960661,0.08510142688186348,0.9932994435460354,6.483750903511764,False,7.007919988404095,False
16,1ysb,110,V,expanded_s231303,True,T,1.157790108140429,0.0485686728743768,False,0.23013516310702062,2.2280132764689022,2.2280132764689027,0.041949462629616706,0.9976410840152218,5.486009800386408,False,4.092577474914324,False
16,1ysb,110,V,expanded_s231303,True,W,0.5289169148570483,0.1445504667620152,False,1.185124298177048,1.1268427289800753,1.1268427289800753,0.2732952240732993,0.9791051625588836,4.336425205363966,False,15.500901193309396,False
16,1ysb,110,V,expanded_s231303,True,Y,0.5387275311957067,0.12574158500963278,False,1.0517254139726118,1.154746445546472,1.1547464455464722,0.23340478763086253,0.9841890537992654,4.506014742233782,False,15.525810016534713,False
16,1ysb,5,V,restricted_s231301,True,A,0.7806327976738651,0.1414339822421465,False,0.3814639200237271,1.3885715543164405,1.3885715543164405,0.1811786318274001,0.9799964286671281,2.105457559626175,False,3.4550386014242496,False
16,1ysb,5,V,restricted_s231301,True,C,0.5955478602984812,0.1510012736355104,False,0.3186950375647961,1.1748202830741519,1.174820283074152,0.2535501908441589,0.9771986153604537,1.2569307737602042,False,3.5438719565957175,False
16,1ysb,5,V,restricted_s231301,True,D,0.5338470706194433,0.17515527627683264,False,0.6991231561853715,1.0979804325211082,1.0979804325211082,0.32810009816780156,0.9693206291923865,2.130822758327296,False,7.476762728096066,False
16,1ysb,5,V,restricted_s231301,True,E,0.5885799605544377,0.19481849747447588,False,0.6633315801378074,1.1170938428486596,1.1170938428486599,0.33099750336548733,0.9620457530417876,2.0040380165809193,False,5.784888768069479,False
16,1ysb,5,V,restricted_s231301,True,F,0.8850688562025488,0.19907643751130105,False,0.5236885602700833,1.4309541705296773,1.4309541705296773,0.22492762694809165,0.960368572027809,2.328253613732114,False,2.972187255126567,False
16,1ysb,5,V,restricted_s231301,True,G,0.6402451309857755,0.18952144812714636,False,0.6045983348458072,1.1672334589894355,1.1672334589894358,0.29601388429981984,0.9640816206997894,2.042466137275626,False,4.9826719642069435,False
16,1ysb,5,V,restricted_s231301,True,H,1.0004707385801286,0.18688591787473077,False,0.49880911734304534,1.626993914182354,1.6269939141823537,0.1867979848565685,0.9650736537001194,2.6703131606374253,False,2.667800895855029,False
16,1ysb,5,V,restricted_s231301,True,I,0.6672561790697007,0.12863936783088803,False,0.3368687658464569,1.2735599823931363,1.2735599823931363,0.1927885748622652,0.9834519130440695,1.747348182261981,False,3.9245895586664017,False
16,1ysb,5,V,restricted_s231301,True,K,0.795471773012368,0.22354652413151116,False,0.7457900031829136,1.2771254418561497,1.2771254418561502,0.2810238297770944,0.9500269515487196,2.653831896656122,False,4.193955930230312,False
16,1ysb,5,V,restricted_s231301,True,L,0.6346333724952712,0.15535178073875772,False,0.4484939413960152,1.2055766684179543,1.2055766684179543,0.24478980695254138,0.9758658242212969,1.8321593818772324,False,4.54901573355553,False
16,1ysb,5,V,restricted_s231301,True,M,0.9194596335564656,0.1642244876157361,False,0.3914589704000292,1.543410443331464,1.543410443331464,0.17860978516317952,0.9730303176673489,2.191699463959316,False,2.5924815035252156,False
16,1ysb,5,V,restricted_s231301,True,N,0.7423463953827758,0.1727075338802152,False,0.5188121102319949,1.2946605402749476,1.2946605402749478,0.23265086885908848,0.9701721077410143,2.230002891354891,False,4.046618083908666,False
16,1ysb,5,V,restricted_s231301,True,P,0.6955885953278866,0.1357392563791392,False,0.4368039976192312,1.2950061365989878,1.295006136598988,0.1951430159879985,0.9815748542776384,2.238378839271886,False,4.626245608878993,False
16,1ysb,5,V,restricted_s231301,True,Q,0.7587559241601921,0.19145471521631632,False,0.48337319457154604,1.2851757536906219,1.2851757536906223,0.2523271438417073,0.9633450920214393,1.9156607062250155,False,3.3274719354695543,False
16,1ysb,5,V,restricted_s231301,True,R,0.863394833733553,0.19596814108520721,False,0.5792983672310915,1.407054877739118,1.407054877739118,0.22697395609583151,0.9615964876796084,2.552268009931958,False,3.4237921019656263,False
16,1ysb,5,V,restricted_s231301,True,S,0.5763696218988754,0.15199268307454275,False,0.3485032533900428,1.1569940104977132,1.1569940104977132,0.26370696389895787,0.9768982242918015,1.3215549875413055,False,3.978167566910573,False
16,1ysb,5,V,restricted_s231301,True,T,0.742300431832287,0.15509837942902296,False,0.31115555980412285,1.3207507430450964,1.3207507430450964,0.20894286568873421,0.9759444926984909,1.489189682444849,False,2.7026548858679433,False
16,1ysb,5,V,restricted_s231301,True,W,0.7046768175652797,0.16233264680767237,False,0.6290622574006,1.2677853113351725,1.2677853113351722,0.23036467606320005,0.9736481117804155,2.730723599429012,False,5.499177969416852,False
16,1ysb,5,V,restricted_s231301,True,Y,0.7584888194821576,0.0875102263521614,False,0.2670438557047072,1.4425542327225023,1.4425542327225023,0.11537444469109931,0.9923419602837935,2.3145841041288113,False,4.023227575445726,False
16,1ysb,5,V,restricted_s231303,True,A,0.8993080342617963,0.1403082531572538,False,0.435957943152068,1.5563942618127031,1.5563942618127034,0.15601801364137358,0.9803135940959601,2.7942795384779764,False,3.4550386014242496,False
16,1ysb,5,V,restricted_s231303,True,C,0.6541545326498743,0.2455227347125957,False,0.5691806008364813,1.106698533024701,1.1066985330247012,0.37532833980072383,0.9397185867392484,1.5164871406691032,False,3.5438719565957175,False
16,1ysb,5,V,restricted_s231303,True,D,0.4676777270158346,0.2260322903290697,False,0.7903705900643336,1.0073019208001324,1.0073019208001326,0.4833077935341076,0.9489094037285951,1.6353359094106068,False,7.476762728096066,False
16,1ysb,5,V,restricted_s231303,True,E,0.5534000516824068,0.24990981799602313,False,0.800050730949925,1.0296514048122105,1.0296514048122105,0.4515897988015458,0.9375450828691947,1.7716315405554868,False,5.784888768069479,False
16,1ysb,5,V,restricted_s231303,True,F,0.9303630219854725,0.20866569585668748,False,0.5770051191645114,1.4773056579140824,1.477305657914082,0.2242841674977338,0.9564586273726443,2.572652031581059,False,2.972187255126567,False
16,1ysb,5,V,restricted_s231303,True,G,0.7653098977039026,0.2154292970838791,False,0.8214939903040487,1.2559588928961836,1.2559588928961833,0.28149289291856044,0.9535902179579457,2.918347180231359,False,4.9826719642069435,False
16,1ysb,5,V,restricted_s231303,True,H,1.0545381243040532,0.1816000671674467,False,0.5108950608580918,1.7290422672022125,1.7290422672022125,0.17220815727956196,0.9670214156047788,2.966729735274427,False,2.667800895855029,False
16,1ysb,5,V,restricted_s231303,True,I,0.6728467300900283,0.1414613156511781,False,0.37354943436703064,1.2623591548525863,1.2623591548525863,0.2102430008573428,0.9799886961742377,1.7767508684890632,False,3.9245895586664017,False
16,1ysb,5,V,restricted_s231303,True,K,0.738593118624196,0.24057717590279692,False,0.745218353225912,1.1901425016393186,1.1901425016393188,0.3257235544665359,0.9421226224346347,2.2878859787908707,False,4.193955930230312,False
16,1ysb,5,V,restricted_s231303,True,L,0.6997253059561496,0.15426083428529178,False,0.4910217111501486,1.2737350848607736,1.2737350848607738,0.22045913299433967,0.9762035950056057,2.227268630158115,False,4.54901573355553,False
16,1ysb,5,V,restricted_s231303,True,M,0.9236307583237959,0.1890557170225814,False,0.4526930933494208,1.5038584271637585,1.5038584271637587,0.20468754999636382,0.9642579358610776,2.211629839516193,False,2.5924815035252156,False
16,1ysb,5,V,restricted_s231303,True,N,0.6613513131210473,0.2105625130565948,False,0.5635150163291442,1.1588739703588404,1.1588739703588404,0.3183822408439907,0.9556634280952914,1.7699323141747412,False,4.046618083908666,False
16,1ysb,5,V,restricted_s231303,True,P,0.6636590486315103,0.1740382171599764,False,0.5343407943834614,1.2094392575786532,1.2094392575786532,0.2622404041937644,0.969710698967777,2.037599034467043,False,4.626245608878993,False
16,1ysb,5,V,restricted_s231303,True,Q,0.6502678498093727,0.2004195225622924,False,0.433657345269596,1.162195532502899,1.1621955325028992,0.30821072058390364,0.9598320149759028,1.4070157730011283,False,3.3274719354695543,False
16,1ysb,5,V,restricted_s231303,True,R,0.7718672764695854,0.17750975161506646,False,0.46910734329799103,1.3217511554327477,1.3217511554327477,0.22997444901016093,0.9684902880815573,2.0398237513649375,False,3.4237921019656263,False
16,1ysb,5,V,restricted_s231303,True,S,0.651883642883093,0.15938535221395658,False,0.4133344109252194,1.217150875811654,1.217150875811654,0.24449969554235357,0.9745963094996329,1.6905313931305872,False,3.978167566910573,False
16,1ysb,5,V,restricted_s231303,True,T,0.7687067925352407,0.19303243349330285,False,0.4010343717255796,1.2941394472779995,1.2941394472779997,0.25111321425516536,0.9627384796196535,1.597026157763541,False,2.7026548858679433,False
16,1ysb,5,V,restricted_s231303,True,W,0.705841556634086,0.17511582295794487,False,0.6797205315846155,1.25100425293584,1.2510042529358398,0.24809508778855638,0.9693344485497617,2.7397581211439377,False,5.499177969416852,False
16,1ysb,5,V,restricted_s231303,True,Y,0.7532263105741925,0.11520599979642782,False,0.34912036123505874,1.3937974945758607,1.393797494575861,0.15295004725552544,0.9867275776109055,2.2825776617891598,False,4.023227575445726,False
16,1ysb,5,V,expanded_s231301,True,A,0.025698490035555216,0.0002872721706251529,False,2.5506687777925825e-05,1.000645647468079,1.000645647468079,0.011178562251233311,0.9999999174747,0.0022817503006803685,False,3.4550386014242496,False
16,1ysb,5,V,expanded_s231301,True,C,0.0253743570816162,0.001101323063216604,False,9.903479416474936e-05,1.0005879672679687,1.000587967267969,0.04340299380489589,0.9999987870875103,0.0022817503006803685,False,3.5438719565957175,False
16,1ysb,5,V,expanded_s231301,True,D,0.01746937062783303,0.006282681971490531,False,0.0008206083540690145,1.000085669910339,1.000085669910339,0.35963985797408543,0.9999605279072451,0.0022817503006803685,False,7.476762728096066,False
16,1ysb,5,V,expanded_s231301,True,E,0.019860334178333588,0.01267968105458481,False,0.0014567663262380027,0.9998907874676375,0.9998907874676375,0.6384424824239648,0.999839225688354,0.0022817503006803685,False,5.784888768069479,False
16,1ysb,5,V,expanded_s231301,True,F,0.027707412756584063,-0.010806155486481638,False,-0.0008899044002085363,1.0013665219424153,1.001366521942415,-0.39000954659376447,0.999883227003602,0.0022817503006803685,False,2.972187255126567,False
16,1ysb,5,V,expanded_s231301,True,G,0.021399464717465337,-0.01191719678671764,False,-0.0012706891368720584,1.0009679803545308,1.000967980354531,-0.5568922841790209,0.9998579804207467,0.0022817503006803685,False,4.9826719642069435,False
16,1ysb,5,V,expanded_s231301,True,H,0.029245385551886584,-0.007488917451726481,False,-0.000584291823300823,1.0012933251325624,1.0012933251325624,-0.2560717634732424,0.9999439161154012,0.0022817503006803685,False,2.667800895855029,False
16,1ysb,5,V,expanded_s231301,True,I,0.024112205491524177,0.01731674880511477,False,0.0016386927693846302,0.9997463084423974,0.9997463084423974,0.7181735744248647,0.9997001302108205,0.0022817503006803685,False,3.9245895586664017,False
16,1ysb,5,V,expanded_s231301,True,K,0.02332502548368811,0.013662925974314503,False,0.0013365638323468338,0.9999066806207494,0.9999066806207494,0.5857625314865958,0.9998133244538203,0.0022817503006803685,False,4.193955930230312,False
16,1ysb,5,V,expanded_s231301,True,L,0.02239625165332392,0.010234642583146863,False,0.0010427146092540694,1.000043156826371,1.000043156826371,0.4569801563927282,0.9998952520911953,0.0022817503006803685,False,4.54901573355553,False
16,1ysb,5,V,expanded_s231301,True,M,0.029667177153674992,-0.0014676949483310435,False,-0.00011288277857762322,1.000967226132347,1.000967226132347,-0.04947201214083943,0.9999978458715386,0.0022817503006803685,False,2.5924815035252156,False
16,1ysb,5,V,expanded_s231301,True,N,0.023745862527902173,0.008232117393128442,False,0.0007910277554641581,1.0001729085313324,1.0001729085313327,0.34667586336168804,0.9999322322432257,0.0022817503006803685,False,4.046618083908666,False
16,1ysb,5,V,expanded_s231301,True,P,0.022208524992017576,0.021297313994238974,False,0.0021881305772222873,0.9995472547221133,0.9995472547221133,0.9589702153517122,0.9995464244166309,0.0022817503006803685,False,4.626245608878993,False
16,1ysb,5,V,expanded_s231301,True,Q,0.02618646392090686,0.009517855594536424,False,0.0008293357182650005,1.0001872529284195,1.0001872529284195,0.363464713039683,0.9999094104248816,0.0022817503006803685,False,3.3274719354695543,False
16,1ysb,5,V,expanded_s231301,True,R,0.025815489559756568,-0.016115715988035528,False,-0.0014244176821152732,1.001498509696884,1.0014985096968843,-0.6242653640455499,0.999740283698193,0.0022817503006803685,False,3.4237921019656263,False
16,1ysb,5,V,expanded_s231301,True,S,0.02394928333701013,-0.014181164465449909,False,-0.0013510999818952287,1.00125282562402,1.00125282562402,-0.5921331451089805,0.9997988945744039,0.0022817503006803685,False,3.978167566910573,False
16,1ysb,5,V,expanded_s231301,True,T,0.029056196381115625,-0.004789451017583449,False,-0.00037611018166739595,1.0011225890067872,1.0011225890067872,-0.16483406688069593,0.9999770611589501,0.0022817503006803685,False,2.7026548858679433,False
16,1ysb,5,V,expanded_s231301,True,W,0.020369725228210303,-0.02110045792881777,False,-0.002363604598696079,1.0012745467662716,1.0012745467662716,-1.0358734687100963,0.9995547706751942,0.0022817503006803685,False,5.499177969416852,False
16,1ysb,5,V,expanded_s231301,True,Y,0.023814790127757956,-0.017430235836779877,False,-0.0016700313396902694,1.0013973390454896,1.0013973390454896,-0.7319080178020804,0.9996961868786742,0.0022817503006803685,False,4.023227575445726,False
16,1ysb,5,V,expanded_s231303,True,A,0.9522179329668864,0.12687646019882423,False,0.41741717411814816,1.66509091051837,1.66509091051837,0.1332430904798307,0.9839023638474161,3.1327491175336664,False,3.4550386014242496,False
16,1ysb,5,V,expanded_s231303,True,C,0.8788157272067807,0.1292768002226229,False,0.40262101247058696,1.5450961119887625,1.5450961119887625,0.14710342136629143,0.9832875089242,2.7369928498675087,False,3.5438719565957175,False
16,1ysb,5,V,expanded_s231303,True,D,0.6843462962662427,0.1379191949089518,False,0.7056904385869684,1.2795608727733976,1.2795608727733978,0.20153421690368117,0.9809782956756665,3.501591190960082,False,7.476762728096066,False
16,1ysb,5,V,expanded_s231303,True,E,0.7257067949656495,0.13709171891132862,False,0.5755292811302248,1.3276735683643712,1.3276735683643712,0.18890786177331811,0.9812058606059373,3.046613707484747,False,5.784888768069479,False
16,1ysb,5,V,expanded_s231303,True,F,1.040411612989365,0.15220866210739198,False,0.47067456215011155,1.7657370051349226,1.7657370051349226,0.14629658128291945,0.9768325231794778,3.2172628917410266,False,2.972187255126567,False
16,1ysb,5,V,expanded_s231303,True,G,0.7709544874892605,0.199552273153854,False,0.7665627582322042,1.2866793808265355,1.2866793808265353,0.25883794230672247,0.9601788902791296,2.9615548300249923,False,4.9826719642069435,False
16,1ysb,5,V,expanded_s231303,True,H,1.1182175212125687,0.09115241774966525,False,0.271924224983799,2.0465539634896546,2.0465539634896546,0.0815158196151512,0.9916912367383905,3.3358460513259307,False,2.667800895855029,False
16,1ysb,5,V,expanded_s231303,True,I,0.6463064149809105,0.1262839221371272,False,0.3203175783252392,1.2544757640731266,1.2544757640731268,0.19539326735733725,0.984052371009664,1.6393480832655256,False,3.9245895586664017,False
16,1ysb,5,V,expanded_s231303,True,K,0.9756663041971514,0.12284112568359472,False,0.5026537842860486,1.7122208429474672,1.7122208429474675,0.12590485615333127,0.9849100578407873,3.9923303964852592,False,4.193955930230312,False
16,1ysb,5,V,expanded_s231303,True,L,0.8027109538419449,0.0954895207299842,False,0.34868425891557836,1.4910439068836934,1.4910439068836934,0.11895878618941363,0.990881751430758,2.9311349761116547,False,4.54901573355553,False
16,1ysb,5,V,expanded_s231303,True,M,1.2030977156128722,0.1054994271701882,False,0.32905361796551524,2.193591873659071,2.1935918736590714,0.08768982419391061,0.9888698708667621,3.7524720911501785,False,2.5924815035252156,False
16,1ysb,5,V,expanded_s231303,True,N,0.9239448003796483,0.11422050175433722,False,0.42705352147084263,1.6426071167632397,1.6426071167632394,0.12362264683713149,0.9869536769789874,3.4544926224842176,False,4.046618083908666,False
16,1ysb,5,V,expanded_s231303,True,P,0.8638945132954291,0.1348531598838628,False,0.5389525473448856,1.5133159202535058,1.5133159202535058,0.1560991044721991,0.9818146252693373,3.4526306167302314,False,4.626245608878993,False
16,1ysb,5,V,expanded_s231303,True,Q,0.9430114989104169,0.12985141664003272,False,0.4074535272196645,1.6443679289945543,1.6443679289945543,0.13769865668665424,0.9831386095965767,2.959023254285348,False,3.3274719354695543,False
16,1ysb,5,V,expanded_s231303,True,R,1.1015311342553213,0.10819227571252912,False,0.4080378197702292,1.9750165193672418,1.9750165193672418,0.09821989805641887,0.9882944314761442,4.154329497836035,False,3.4237921019656263,False
16,1ysb,5,V,expanded_s231303,True,S,0.834517448036056,0.13099523671617688,False,0.4348845688105693,1.4777837497780857,1.4777837497780855,0.15697123771882734,0.9828402479576729,2.7704729549852347,False,3.978167566910573,False
16,1ysb,5,V,expanded_s231303,True,T,1.0687174978880203,0.12747042742969072,False,0.3681823406681813,1.8696973377772794,1.8696973377772794,0.11927420266028714,0.983751290130892,3.08685644050647,False,2.7026548858679433,False
16,1ysb,5,V,expanded_s231303,True,W,0.7074980633142521,0.08726009585199945,False,0.33949916934265906,1.3770808119536062,1.377080811953606,0.12333616214188958,0.9923856756719,2.7526328324704084,False,5.499177969416852,False
16,1ysb,5,V,expanded_s231303,True,Y,0.840129981576674,0.073274026432587,False,0.2476687086340401,1.5826989729903063,1.5826989729903065,0.08721748781667506,0.9946309170503566,2.8396679935865854,False,4.023227575445726,False
20,2arc,112,G,restricted_s231301,True,A,0.6057406195225438,0.11986743844407913,False,0.5876058111182675,1.2217045452921613,1.221704545292161,0.19788575271468656,0.9856317972008549,2.9694194910812137,False,8.092787933058741,False
20,2arc,112,G,restricted_s231301,True,C,0.49032530348526926,0.17928361748683927,False,0.7340212979433968,1.0646043149295787,1.064604314929579,0.36564218940462134,0.9678573845008327,2.0074852388850712,False,8.349947578366747,False
20,2arc,112,G,restricted_s231301,True,D,0.5769759165940423,0.23551275448806822,False,1.7188700795015788,1.0611308335488536,1.0611308335488536,0.4081847226454929,0.9445337424734429,4.211010319938926,False,12.6494293639526,False
20,2arc,112,G,restricted_s231301,True,E,0.5481243348302703,0.22187256992269577,False,1.5793456089349414,1.0572127768212058,1.0572127768212058,0.4047851113769649,0.9507725627158985,3.9016889815004623,False,12.986570568887146,False
20,2arc,112,G,restricted_s231301,True,F,0.8217289233529679,0.2404940746810951,False,2.33999166737437,1.2799965493538985,1.2799965493538985,0.29266838229301634,0.9421626000432839,7.995368850713762,False,11.840808480016571,False
20,2arc,112,G,restricted_s231301,True,H,0.749513960814279,0.20537145328658676,False,2.0502775820216157,1.25391363467348,1.25391363467348,0.2740061746994936,0.9578225661749553,7.482596274591927,False,13.31965144328633,False
20,2arc,112,G,restricted_s231301,True,I,0.5180652621456054,0.27467842855662994,False,2.93180752805881,0.983788911650128,0.9837889116501282,0.5302004373329897,0.9245517608856603,5.529621104815316,False,20.602808651335316,False
20,2arc,112,G,restricted_s231301,True,K,0.7998713750541856,0.1637348922874694,False,1.0245440700925432,1.3778605097544194,1.3778605097544194,0.20470152751294235,0.9731908850476109,5.005063140174984,False,7.822926513043283,False
20,2arc,112,G,restricted_s231301,True,L,0.7144133753198776,0.20423763211245546,False,1.4958569468603133,1.2185662785863427,1.2185662785863427,0.28588159064212415,0.9582869896290973,5.232435371233384,False,10.251908446286597,False
20,2arc,112,G,restricted_s231301,True,M,0.7526845100915517,0.2023025528574021,False,1.3690743752564862,1.2619939759562713,1.261993975956271,0.2687746992864186,0.9590736771073779,5.093762094763012,False,8.991097355014029,False
20,2arc,112,G,restricted_s231301,True,N,0.6173715302976133,0.2127176032079447,False,1.3905478722493203,1.118496021994558,1.1184960219945583,0.34455363224378194,0.9547512212854673,4.035795133529361,False,10.588535951766731,False
20,2arc,112,G,restricted_s231301,True,P,0.8980370316852794,0.20307669570157624,False,1.436715796039131,1.4417297242535112,1.4417297242535105,0.2261339883951971,0.9587598556629294,6.353382816245617,False,7.878010088744204,False
20,2arc,112,G,restricted_s231301,True,Q,0.6209763702688393,0.18550004572642295,False,1.3414156923296745,1.155229362272467,1.155229362272467,0.29872319561228133,0.965589733035495,4.4904972631275815,False,11.645128550456322,False
20,2arc,112,G,restricted_s231301,True,R,0.8191558674049313,0.2411595432995568,False,1.3696226806986176,1.2759218253548743,1.2759218253548745,0.29440006828437326,0.9418420746755491,4.65224987439759,False,6.933139524356081,False
20,2arc,112,G,restricted_s231301,True,S,0.3919314064413463,0.179398157665394,False,0.6424893833411734,1.0129866828615233,1.0129866828615235,0.4577284563497758,0.9678163010262624,1.4036474561026888,False,9.137721363161317,False
20,2arc,112,G,restricted_s231301,True,T,0.3715576020208936,0.2903684629532664,False,1.9854695808966443,0.9222778320247002,0.9222778320246999,0.7814897646393418,0.9156861557221576,2.540621350060727,False,18.402958242069577,False
20,2arc,112,G,restricted_s231301,True,V,0.37958000411003806,0.24684965818932256,False,1.935101475975464,0.9566825909800473,0.9566825909800473,0.6503231348239363,0.9390652462518146,2.9755999323311157,False,20.652274451774012,False
20,2arc,112,G,restricted_s231301,True,W,0.7195172624633112,0.27485468750752057,False,2.7379083307860923,1.1221797063214571,1.1221797063214574,0.3819987397752471,0.9244549007551432,7.167322940376633,False,13.844412707574048,False
20,2arc,112,G,restricted_s231301,True,Y,0.657403403520812,0.22833783138619188,False,2.196492686122224,1.1319590999490599,1.1319590999490599,0.34733290117346227,0.947861834757851,6.323883164253619,False,14.632547454132041,False
20,2arc,112,G,restricted_s231303,True,A,0.5333197509315953,0.1376720078106146,False,0.5941983943780115,1.1375835549021196,1.1375835549021194,0.2581415887375839,0.9810464182653941,2.3018313216552215,False,8.092787933058741,False
20,2arc,112,G,restricted_s231303,True,C,0.45064955603182755,0.1999051947382997,False,0.7522232910807198,1.0229106478371415,1.0229106478371421,0.44359345762715274,0.9600379131166424,1.6957492905879945,False,8.349947578366747,False
20,2arc,112,G,restricted_s231303,True,D,0.6192048069299685,0.2314988340140399,False,1.8132348659421278,1.0967242112848266,1.0967242112848266,0.37386472363129153,0.94640828985014,4.849975810315699,False,12.6494293639526,False
20,2arc,112,G,restricted_s231303,True,E,0.6136959654370187,0.22365919270138476,False,1.7825203676688397,1.1021052496061934,1.1021052496061934,0.3644462491163926,0.9499765655201649,4.891037764802346,False,12.986570568887146,False
20,2arc,112,G,restricted_s231303,True,F,0.6757345144287042,0.2527656051377652,False,2.0224390208345295,1.1150122470861061,1.1150122470861061,0.37406052190698647,0.9361095488593393,5.4067160322719845,False,11.840808480016571,False
20,2arc,112,G,restricted_s231303,True,H,0.663051474149529,0.21605721401145897,False,1.9081340294144566,1.1531231488699871,1.1531231488699873,0.32585285220666677,0.9533192802736066,5.855815029675586,False,13.31965144328633,False
20,2arc,112,G,restricted_s231303,True,I,0.4277709964892647,0.2903315900878569,False,2.5587747539168553,0.9345971582290279,0.9345971582290281,0.6787079827071516,0.9157075677970566,3.7700672735728133,False,20.602808651335316,False
20,2arc,112,G,restricted_s231303,True,K,0.7560432969338303,0.19189663995751102,False,1.134967141308093,1.2814371301505743,1.281437130150574,0.25381699796262597,0.9631756795730174,4.471596269825927,False,7.822926513043283,False
20,2arc,112,G,restricted_s231303,True,L,0.5923616578872306,0.2106614684967452,False,1.279312862268945,1.1013167802715274,1.1013167802715271,0.3556298178516634,0.9556217456907948,3.5973160799541235,False,10.251908446286597,False
20,2arc,112,G,restricted_s231303,True,M,0.621203143257603,0.21243043512565538,False,1.1864872713330867,1.121968437145851,1.121968437145851,0.3419661304539856,0.9548733102323248,3.46960463528343,False,8.991097355014029,False
20,2arc,112,G,restricted_s231303,True,N,0.6488575339109609,0.2267168252926771,False,1.5576469128204926,1.1268022590019564,1.1268022590019566,0.34940925155966235,0.9485994811292097,4.457944103848439,False,10.588535951766731,False
20,2arc,112,G,restricted_s231303,True,P,0.74074048119977,0.21294526117070722,False,1.2426550578225015,1.2332221100304661,1.233222110030466,0.2874762033064561,0.9546543157449393,4.3226362513832255,False,7.878010088744204,False
20,2arc,112,G,restricted_s231303,True,Q,0.5609547954276017,0.19918848616928397,False,1.3011770153461366,1.0911988094919738,1.091198809491974,0.355088302645577,0.9603239469775889,3.664375890874884,False,11.645128550456322,False
20,2arc,112,G,restricted_s231303,True,R,0.8582633279244333,0.2489704544264864,False,1.4814885811477538,1.3092515185180542,1.309251518518054,0.2900863247047732,0.9380137128226689,5.107061088300164,False,6.933139524356081,False
20,2arc,112,G,restricted_s231303,True,S,0.41093958240138256,0.2047313593929283,False,0.7687767779329584,1.0006069017174282,1.0006069017174282,0.49820306478278914,0.9580850704811237,1.543099254654598,False,9.137721363161317,False
20,2arc,112,G,restricted_s231303,True,T,0.33938932884348,0.28932779807138265,False,1.8070742004303886,0.9187955821264109,0.9187955821264107,0.8524952716024118,0.9162894252631653,2.1197468896615477,False,18.402958242069577,False
20,2arc,112,G,restricted_s231303,True,V,0.3683181866893869,0.24045209606143517,False,1.8290249041443012,0.958532526632138,0.958532526632138,0.652837966603629,0.9421827894996624,2.8016521674738852,False,20.652274451774012,False
20,2arc,112,G,restricted_s231303,True,W,0.6338040833217682,0.2953942749413592,False,2.5919799878125773,1.0272634207399338,1.0272634207399338,0.4660655914256616,0.9127422223318687,5.561406024169032,False,13.844412707574048,False
20,2arc,112,G,restricted_s231303,True,Y,0.5715869438895561,0.23481591070018298,False,1.963946992816925,1.0582762168774815,1.0582762168774817,0.4108139858869045,0.9448614880820437,4.780623494540889,False,14.632547454132041,False
20,2arc,112,G,expanded_s231301,True,A,0.016791325409352794,0.07128490327099132,False,0.009686808248142028,0.997888012593808,0.9978880125938078,4.245341063504465,0.9949184625656455,0.0022817503006803685,False,8.092787933058741,False
20,2arc,112,G,expanded_s231301,True,C,0.016530735755963907,0.06405264995364791,False,0.008841237041635136,0.9981555903629273,0.9981555903629276,3.8747609845822617,0.9958972580339155,0.0022817503006803685,False,8.349947578366747,False
20,2arc,112,G,expanded_s231301,True,D,0.013430698227168412,0.09226916378155955,False,0.01567566991984204,0.9977019050660226,0.9977019050660227,6.870019876919877,0.9914864014150517,0.0022817503006803685,False,12.6494293639526,False
20,2arc,112,G,expanded_s231301,True,E,0.013255216279216797,0.06671054112919728,False,0.011483539315670067,0.9984071754570666,0.9984071754570666,5.032776510315754,0.9955497037022497,0.0022817503006803685,False,12.986570568887146,False
20,2arc,112,G,expanded_s231301,True,F,0.013881723184772831,0.06270307277951512,False,0.010306555840645295,0.9984518488402588,0.998451848840259,4.516951674147738,0.9960683246640069,0.0022817503006803685,False,11.840808480016571,False
20,2arc,112,G,expanded_s231301,True,H,0.01308843221611311,0.04581246134310247,False,0.007986640089394528,0.9989720804679908,0.9989720804679909,3.500225281886929,0.9979012183856867,0.0022817503006803685,False,13.31965144328633,False
20,2arc,112,G,expanded_s231301,True,I,0.010523757782495513,0.11852975516401203,False,0.025699499178412435,0.9976159926111356,0.9976159926111356,11.26306378517816,0.9859506971407593,0.0022817503006803685,False,20.602808651335316,False
20,2arc,112,G,expanded_s231301,True,K,0.017078488550919854,0.024147764890158175,False,0.00322623220635702,0.9994668601187702,0.9994668601187703,1.413928686848437,0.9994168854508096,0.0022817503006803685,False,7.822926513043283,False
20,2arc,112,G,expanded_s231301,True,L,0.0149187246592441,0.046071097769869125,False,0.007046362446533675,0.9988479243007027,0.9988479243007025,3.0881391554687654,0.9978774539502792,0.0022817503006803685,False,10.251908446286597,False
20,2arc,112,G,expanded_s231301,True,M,0.01593043768541847,0.04690823811026387,False,0.006718766208818657,0.9987592413165524,0.9987592413165524,2.9445668120719724,0.9977996171973909,0.0022817503006803685,False,8.991097355014029,False
20,2arc,112,G,expanded_s231301,True,N,0.014679663501005946,0.0718348450661292,False,0.011165731375091525,0.9981064698140675,0.9981064698140675,4.8934939865077025,0.9948397550343252,0.0022817503006803685,False,10.588535951766731,False
20,2arc,112,G,expanded_s231301,True,P,0.017018676846106237,0.07965271599387742,False,0.0106793031157778,0.9975784676947632,0.9975784676947632,4.68031191344358,0.9936554448347986,0.0022817503006803685,False,7.878010088744204,False
20,2arc,112,G,expanded_s231301,True,Q,0.013997868673139383,0.04172696505171532,False,0.006801786563116629,0.9990277631735454,0.9990277631735454,2.980951316666194,0.9982588603875729,0.0022817503006803685,False,11.645128550456322,False
20,2arc,112,G,expanded_s231301,True,R,0.01814132852581984,0.040542244185266176,False,0.005099255973912056,0.9988581274588038,0.9988581274588041,2.234800176159314,0.9983563264364222,0.0022817503006803685,False,6.933139524356081,False
20,2arc,112,G,expanded_s231301,True,S,0.01580211080400521,0.09102079329568678,False,0.013142973432255557,0.9973730653836081,0.9973730653836084,5.7600401885940835,0.9917152151878239,0.0022817503006803685,False,9.137721363161317,False
20,2arc,112,G,expanded_s231301,True,T,0.011135000423335031,0.1345070372016569,False,0.02756277152314499,0.9971285164020637,0.9971285164020636,12.079661615438976,0.9819078569432321,0.0022817503006803685,False,18.402958242069577,False
20,2arc,112,G,expanded_s231301,True,V,0.010511147108812303,0.1380691598606521,False,0.0299719282553478,0.9972079537125723,0.9972079537125721,13.135498764440097,0.9809369070953737,0.0022817503006803685,False,20.652274451774012,False
20,2arc,112,G,expanded_s231301,True,W,0.012837982802033042,0.08226785607750159,False,0.014621822465087097,0.998052507159459,0.9980525071594593,6.408160639105509,0.9932319998564115,0.0022817503006803685,False,13.844412707574048,False
20,2arc,112,G,expanded_s231301,True,Y,0.012487459353141247,0.05480165943796634,False,0.010013542335888193,0.9987872696516638,0.9987872696516639,4.388535561013127,0.9969967781228452,0.0022817503006803685,False,14.632547454132041,False
20,2arc,112,G,expanded_s231303,True,A,0.27081457237231643,0.10418098942595669,False,0.2283277345056448,1.01691307240777,1.0169130724077697,0.38469491694386543,0.9891463214422287,0.5935293773038398,False,8.092787933058741,False
20,2arc,112,G,expanded_s231303,True,C,0.2597429340741887,0.15412326308171123,False,0.33426867992684184,0.9874015346776048,0.9874015346776049,0.5933684534328466,0.9762460197770456,0.5633408348438127,False,8.349947578366747,False
20,2arc,112,G,expanded_s231303,True,D,0.35982884792670355,0.229732325944515,False,1.0456564536883453,0.9641481634479852,0.9641481634479852,0.6384488827624822,0.9472230584161232,1.6378076333440053,False,12.6494293639526,False
20,2arc,112,G,expanded_s231303,True,E,0.41441984301134677,0.22959267759014615,False,1.2356431179377103,0.9814482834746231,0.9814482834746231,0.5540098560962485,0.9472872023969872,2.230363060044623,False,12.986570568887146,False
20,2arc,112,G,expanded_s231303,True,F,0.6449978883349381,0.23753965702374497,False,1.8141607830722062,1.1095971216042875,1.1095971216042875,0.3682797437321129,0.9435749113410415,4.926040093021865,False,11.840808480016571,False
20,2arc,112,G,expanded_s231303,True,H,0.5012882854942038,0.17829088178974598,False,1.190445585313978,1.0725396842704553,1.0725396842704553,0.3556653665145492,0.9682123614706348,3.3470944809164607,False,13.31965144328633,False
20,2arc,112,G,expanded_s231303,True,I,0.3734848379897693,0.3006684581726785,False,2.313594671830429,0.9149007034297312,0.9149007034297312,0.8050352453154057,0.9095984782600642,2.873904820060373,False,20.602808651335316,False
20,2arc,112,G,expanded_s231303,True,K,0.7139046595965681,0.1921425082965888,False,1.0730820320645986,1.2353169990346777,1.235316999034678,0.26914309314799784,0.9630812565054954,3.987031654847359,False,7.822926513043283,False
20,2arc,112,G,expanded_s231303,True,L,0.5934549967583975,0.18985899497848993,False,1.1551109147355765,1.126843294678485,1.1268432946784848,0.31992147006183813,0.9639535620257579,3.6106076735403323,False,10.251908446286597,False
20,2arc,112,G,expanded_s231303,True,M,0.5876602781407545,0.2150880414558643,False,1.1364630016629726,1.0925472059710621,1.0925472059710621,0.36600745270100954,0.9537371344226803,3.1050269421463015,False,8.991097355014029,False
20,2arc,112,G,expanded_s231303,True,N,0.3268844585443216,0.19066349758853593,False,0.6599298061864893,0.9822035808910241,0.9822035808910241,0.5832748930236592,0.9636474306873064,1.1314215888248782,False,10.588535951766731,False
20,2arc,112,G,expanded_s231303,True,P,0.426763971910338,0.1418450811870296,False,0.4768903794926606,1.0610587472340456,1.0610587472340456,0.33237360818459827,0.9798799729430451,1.4348021857012143,False,7.878010088744204,False
20,2arc,112,G,expanded_s231303,True,Q,0.48114624265780603,0.17771925360808555,False,0.9957627280243221,1.060483804580764,1.0604838045807643,0.3693663960179369,0.968415866896985,2.6958671356123216,False,11.645128550456322,False
20,2arc,112,G,expanded_s231303,True,R,0.6733634926279428,0.3021111914688127,False,1.410413059523727,1.046557099105244,1.0465570991052437,0.4486598913905477,0.9087288279892944,3.143612982993383,False,6.933139524356081,False
20,2arc,112,G,expanded_s231303,True,S,0.19200298731792978,0.12178453605261372,False,0.21366729049024846,0.9900991576765491,0.9900991576765495,0.634284589806698,0.9851685267784496,0.33686344256820877,False,9.137721363161317,False
20,2arc,112,G,expanded_s231303,True,T,0.21733858905265802,0.21295845848722564,False,0.8517641920025811,0.9546678805025147,0.9546678805025148,0.9798465123725858,0.9546486949587446,0.8692832818684346,False,18.402958242069577,False
20,2arc,112,G,expanded_s231303,True,V,0.24185922133525634,0.2665661504280348,False,1.3314827318378315,0.9295529197911738,0.9295529197911738,1.1021541744671817,0.9289424874459784,1.2080730288768493,False,20.652274451774012,False
20,2arc,112,G,expanded_s231303,True,W,0.5449374058909633,0.28116010168841027,False,2.121166936800035,0.990527463430929,0.9905274634309291,0.5159493524374938,0.9209489972185628,4.111192167950263,False,13.844412707574048,False
20,2arc,112,G,expanded_s231303,True,Y,0.545216053505184,0.23264321302930316,False,1.8560042370374392,1.0435789160345628,1.0435789160345628,0.4266991251149782,0.9458771354314023,4.349679030950253,False,14.632547454132041,False
20,2arc,100,E,restricted_s231301,True,A,1.1319914061477827,0.15042437294702088,False,0.1998280040313941,1.9408463486900416,1.9408463486900411,0.13288473051126928,0.9773725080234955,1.5037694945277984,False,1.1735322010892524,False
20,2arc,100,E,restricted_s231301,True,C,0.9303921263016358,0.145393779414636,False,0.1519089804359901,1.5950830535228504,1.5950830535228506,0.15627150671683449,0.9788606489075282,0.9720836742890735,False,1.1229789009466937,False
20,2arc,100,E,restricted_s231301,True,D,1.3091974272021705,0.06262017592251605,False,0.03938061444405669,2.5500335569753716,2.550033556975372,0.04783096469746273,0.9960787135674332,0.8233288768717997,False,0.48035582496457946,False
20,2arc,100,E,restricted_s231301,True,F,0.9253422095013576,0.2140188293044235,False,0.3780839279198433,1.4601768919179559,1.460176891917956,0.23128614160998082,0.954195940703164,1.6347020417566067,False,1.9091227772331343,False
20,2arc,100,E,restricted_s231301,True,G,0.6625935760440371,0.24726779362365606,False,0.3160049990607375,1.1113541437795906,1.1113541437795909,0.3731816947274813,0.9388586382364891,0.8467859048968156,False,1.9287643861772952,False
20,2arc,100,E,restricted_s231301,True,H,0.9524321909890627,0.10696134207461963,False,0.1417013871924314,1.7033802276657055,1.7033802276657053,0.11230336719671828,0.9885592713015962,1.261773272961776,False,1.3909553611192813,False
20,2arc,100,E,restricted_s231301,True,I,1.099445253202101,0.13254588161159728,False,0.23490835634813767,1.917325984049916,1.917325984049916,0.12055705477427038,0.9824315892678045,1.9485243463186566,False,1.6119761778621091,False
20,2arc,100,E,restricted_s231301,True,K,0.771766886972281,0.10303581480630514,False,0.11410686458406853,1.4365848677474564,1.4365848677474564,0.13350639493037203,0.9893836208672009,0.8546921264976035,False,1.4349521561792984,False
20,2arc,100,E,restricted_s231301,True,L,0.9235083851121938,0.1264528468765423,False,0.1947792051759967,1.619307208548942,1.619307208548942,0.13692658227589347,0.9840096775168177,1.4225083394218951,False,1.6679120068538185,False
20,2arc,100,E,restricted_s231301,True,M,1.0304071935351757,0.14936651622661332,False,0.2128145259829762,1.7539223189026554,1.7539223189026554,0.14495872812587687,0.9776896438303249,1.4681042579110921,False,1.3827355681185791,False
20,2arc,100,E,restricted_s231301,True,N,1.0425955332162393,0.07067477243798959,False,0.06811685009733748,1.9396350417726103,1.9396350417726105,0.06778733476822915,0.9950050765408384,1.0048610161505092,False,0.9244305260446429,False
20,2arc,100,E,restricted_s231301,True,P,1.0935488113834926,-0.004110649554015036,False,-0.014527125832093932,2.2048393947458638,2.204839394745864,-0.003758999608636114,0.999983102560244,3.8646255239608394,False,3.231700252004391,False
20,2arc,100,E,restricted_s231301,True,Q,0.9230057669873498,0.07504596427917433,False,0.052107159569926606,1.7134039302542967,1.7134039302542965,0.0813060621756688,0.9943681032454089,0.6408766846602971,False,0.7522559699511995,False
20,2arc,100,E,restricted_s231301,True,R,0.8307608995265272,0.12198839827055726,False,0.1620693592053964,1.487477289224028,1.4874772892240278,0.1468393593633038,0.9851188306873839,1.103718784310487,False,1.599213097989937,False
20,2arc,100,E,restricted_s231301,True,S,1.074749737343118,0.09504790459862833,False,0.11027696213688062,1.9507815769143222,1.9507815769143222,0.0884372438495269,0.99096589583141,1.2469515934317592,False,1.0795304558688243,False
20,2arc,100,E,restricted_s231301,True,T,1.0475357363468594,0.10658654579717125,False,0.09741174809601602,1.8740246874511408,1.8740246874511408,0.10174979439735159,0.9886393082550274,0.9573655521661822,False,0.8724491046104202,False
20,2arc,100,E,restricted_s231301,True,V,1.0662369251095403,0.11063045420242176,False,0.17625115856268336,1.9009446298425234,1.9009446298425234,0.10375785305977478,0.9877609026029658,1.6986777710323793,False,1.4941822275385686,False
20,2arc,100,E,restricted_s231301,True,W,0.8363585388264564,0.2922533465600883,False,0.5425389873387982,1.2106384416756504,1.21063844167565,0.34943547891573634,0.9145879814244289,1.5526156331413254,False,2.2196217117085513,False
20,2arc,100,E,restricted_s231301,True,Y,0.8915758180260055,0.2204946063832636,False,0.2996693426133929,1.40173212117578,1.4017321211757803,0.2473088681021542,0.9513821285558897,1.2117209743146393,False,1.5243548046283861,False
20,2arc,100,E,restricted_s231303,True,A,1.1001309484627837,0.19211197476939257,False,0.24802406974446423,1.7875914457374036,1.7875914457374036,0.17462646154790137,0.9630929891502042,1.42031206236421,False,1.1735322010892524,False
20,2arc,100,E,restricted_s231303,True,C,0.8492086984382482,0.18532115683107092,False,0.1767303075152583,1.406402736732015,1.406402736732015,0.21822804826644965,0.9656560688307936,0.8098423136675635,False,1.1229789009466937,False
20,2arc,100,E,restricted_s231303,True,D,1.327896298351543,0.06965487157507648,False,0.044430245973830995,2.5783196869223377,2.5783196869223377,0.0524550536525679,0.9951481988658597,0.8470155472170783,False,0.48035582496457946,False
20,2arc,100,E,restricted_s231303,True,F,0.816100745104717,0.2185691973124675,False,0.34053879177768104,1.3092714565931851,1.3092714565931851,0.2678213426755566,0.9522275059861837,1.2715147656854802,False,1.9091227772331343,False
20,2arc,100,E,restricted_s231303,True,G,2.6788340177695504,0.08232209395646345,False,0.42534505912150583,7.735097243350163,7.735097243350164,0.030730569124624758,0.9932230728466231,13.841105818657681,False,1.9287643861772952,False
20,2arc,100,E,restricted_s231303,True,H,0.9515042867588743,0.1126722050903028,False,0.14912166217455008,1.6909442354365178,1.6909442354365178,0.11841481605311532,0.9873049742000888,1.2593159128639875,False,1.3909553611192813,False
20,2arc,100,E,restricted_s231303,True,I,0.8145640112977389,0.15237906416853494,False,0.20008251595267884,1.4152695250076281,1.4152695250076284,0.18706825007622077,0.9767806208031214,1.0695696136097677,False,1.6119761778621091,False
20,2arc,100,E,restricted_s231303,True,K,0.7603337074072136,0.09811113455670058,False,0.107043416824044,1.4289129412687502,1.4289129412687505,0.12903693943974387,0.990374205275997,0.8295563835348858,False,1.4349521561792984,False
20,2arc,100,E,restricted_s231303,True,L,0.8234458127205297,0.14732346920806325,False,0.20233923221331485,1.4354372188172908,1.4354372188172906,0.1789109458475849,0.9782957954205008,1.1309494299230223,False,1.6679120068538185,False
20,2arc,100,E,restricted_s231303,True,M,0.7612041852875073,0.17387423263994084,False,0.18301029798500673,1.3147242245008641,1.3147242245008643,0.22841996405244205,0.9697677512238717,0.8012009753358954,False,1.3827355681185791,False
20,2arc,100,E,restricted_s231303,True,N,1.0051897655666726,0.08412948890338043,False,0.07817548544377503,1.8412742623439162,1.8412742623439162,0.0836951307954799,0.9929222290968559,0.9340505797739554,False,0.9244305260446429,False
20,2arc,100,E,restricted_s231303,True,P,1.2981823557245094,0.007485696846633664,False,0.031405015308317207,2.6658418295812316,2.6658418295812316,0.005766290701475396,0.9999439643427204,5.446311491073757,False,3.231700252004391,False
20,2arc,100,E,restricted_s231303,True,Q,1.0076479510395109,0.06788692226507045,False,0.05145891073904578,1.8785421569885707,1.8785421569885707,0.06737166705399131,0.9953913657853762,0.7638064039265479,False,0.7522559699511995,False
20,2arc,100,E,restricted_s231303,True,R,0.7751883532682706,0.13477217611728837,False,0.16707590337323053,1.3919693405012892,1.3919693405012892,0.17385732841454027,0.9818364605446106,0.9609943100865999,False,1.599213097989937,False
20,2arc,100,E,restricted_s231303,True,S,0.9267461871188922,0.1402961861315748,False,0.14035942237241308,1.598820584209886,1.598820584209886,0.15138577107906268,0.9803169801569345,0.9271639030005603,False,1.0795304558688243,False
20,2arc,100,E,restricted_s231303,True,T,0.930737437654387,0.12945614053783272,False,0.10512111040584805,1.6252928247858365,1.6252928247858363,0.13908986068518284,0.983241107677049,0.7557783859154196,False,0.8724491046104202,False
20,2arc,100,E,restricted_s231303,True,V,0.8156603050634657,0.1316211195619442,False,0.16041259867324212,1.4505854881868454,1.4505854881868454,0.16136756777897004,0.9826758808852604,0.9940820257820582,False,1.4941822275385686,False
20,2arc,100,E,restricted_s231303,True,W,0.7891694622490233,0.2646655915164215,False,0.4636035140596516,1.2050564350807447,1.2050564350807447,0.3353723175782313,0.9299521246672626,1.382354743550079,False,2.2196217117085513,False
20,2arc,100,E,restricted_s231303,True,Y,0.9191121995241825,0.20267471190224212,False,0.28395803286257143,1.4722056348253811,1.4722056348253811,0.22051139350251825,0.9589229611553431,1.28772499394381,False,1.5243548046283861,False
20,2arc,100,E,expanded_s231301,True,A,0.04409471630135592,0.025523912882000156,False,0.001320774931287006,0.9996934046108324,0.9996934046108324,0.5788428869246471,0.9993485298711922,0.0022817503006803685,False,1.1735322010892524,False
20,2arc,100,E,expanded_s231301,True,C,0.045076299926071074,0.03185191094315747,False,0.001612335251362514,0.9991603402332406,0.9991603402332406,0.7066221272685931,0.9989854557692692,0.0022817503006803685,False,1.1229789009466937,False
20,2arc,100,E,expanded_s231301,True,D,0.06892115192310326,-0.0014710030816687497,False,-4.8700023581211925e-05,1.0049528916361496,1.0049528916361499,-0.021343274751269074,0.9999978361499338,0.0022817503006803685,False,0.48035582496457946,False
20,2arc,100,E,expanded_s231301,True,F,0.034571412864738645,0.055490471662651586,False,0.003662430601159868,0.997358414575647,0.9973584145756469,1.6050970169995422,0.9969208075546564,0.0022817503006803685,False,1.9091227772331343,False
20,2arc,100,E,expanded_s231301,True,G,0.03439493309733779,-0.0010648909122361406,False,-7.064456710266654e-05,1.001256265126135,1.001256265126135,-0.030960691483902448,0.999998866007345,0.0022817503006803685,False,1.9287643861772952,False
20,2arc,100,E,expanded_s231301,True,H,0.040502092562237926,0.015590259928349249,False,0.0008783022809138142,1.0003775432005455,1.0003775432005453,0.38492480121594524,0.9997569437953665,0.0022817503006803685,False,1.3909553611192813,False
20,2arc,100,E,expanded_s231301,True,I,0.037623114866563036,0.05802431923024493,False,0.003519033666403067,0.9970493875173554,0.9970493875173553,1.5422518692574587,0.9966331783778666,0.0022817503006803685,False,1.6119761778621091,False
20,2arc,100,E,expanded_s231301,True,K,0.039876345264612846,0.00515145342437681,False,0.00029476950111683765,1.0011792806409325,1.0011792806409328,0.1291856961863635,0.9999734625276165,0.0022817503006803685,False,1.4349521561792984,False
20,2arc,100,E,expanded_s231301,True,L,0.03698686231991899,0.04092755867085574,False,0.002524855136280266,0.9983404640289739,0.9983404640289738,1.1065431373132322,0.9983249349412436,0.0022817503006803685,False,1.6679120068538185,False
20,2arc,100,E,expanded_s231301,True,M,0.04062229830637515,0.04943149085222059,False,0.0027765617362283074,0.9976341295854366,0.9976341295854366,1.2168560842965144,0.9975565277121268,0.0022817503006803685,False,1.3827355681185791,False
20,2arc,100,E,expanded_s231301,True,N,0.04968175389643161,0.01636793406999915,False,0.0007517355076391435,1.0008419013257082,1.000841901325708,0.3294556408801578,0.9997320907342802,0.0022817503006803685,False,0.9244305260446429,False
20,2arc,100,E,expanded_s231301,True,P,0.026571649929755674,-0.02787735955086063,False,-0.002393873685130845,1.0021875474578923,1.0021875474578923,-1.049139200032994,0.999222852824472,0.0022817503006803685,False,3.231700252004391,False
20,2arc,100,E,expanded_s231301,True,Q,0.05507458542926994,0.014490646170115473,False,0.0006003501614765056,1.0014370772993633,1.0014370772993633,0.2631094915589555,0.9997900211735725,0.0022817503006803685,False,0.7522559699511995,False
20,2arc,100,E,expanded_s231301,True,R,0.0377729487286351,0.0014474501982638791,False,8.743611595789247e-05,1.0013174467314037,1.0013174467314034,0.03831975651841523,0.9999979048879235,0.0022817503006803685,False,1.599213097989937,False
20,2arc,100,E,expanded_s231301,True,S,0.045974457008057516,0.00752593327486155,False,0.0003735182888577912,1.0014216493056045,1.0014216493056045,0.163698143809345,0.9999433603283423,0.0022817503006803685,False,1.0795304558688243,False
20,2arc,100,E,expanded_s231301,True,T,0.05114038669347343,0.022932045249051736,False,0.0010231678820863783,1.0002698318277405,1.0002698318277408,0.4484136067742784,0.9994741213006955,0.0022817503006803685,False,0.8724491046104202,False
20,2arc,100,E,expanded_s231301,True,V,0.0390779951816562,0.049262605477294656,False,0.002876426089352712,0.9976769219884626,0.9976769219884623,1.2606226406522325,0.9975731957015884,0.0022817503006803685,False,1.4941822275385686,False
20,2arc,100,E,expanded_s231301,True,W,0.032062292814045795,0.058302070668071346,False,0.0041491345627934,0.9972893944976439,0.9972893944976439,1.8183999193760236,0.9966008685558151,0.0022817503006803685,False,2.2196217117085513,False
20,2arc,100,E,expanded_s231301,True,Y,0.03868931372565841,0.04240176750485757,False,0.00250069687044937,0.9982158724255267,0.9982158724255269,1.095955534531415,0.998202090112464,0.0022817503006803685,False,1.5243548046283861,False
20,2arc,100,E,expanded_s231303,True,A,0.771290257384678,0.36699045590554763,False,0.3321755222238892,1.0287763347503027,1.0287763347503023,0.47581368024789217,0.8653180052742383,0.698120999906582,False,1.1735322010892524,False
20,2arc,100,E,expanded_s231303,True,C,0.6811478861054612,0.27015891651793333,False,0.20664852780199458,1.095926092948474,1.095926092948474,0.39662299777893606,0.9270141598258562,0.5210200340353771,False,1.1229789009466937,False
20,2arc,100,E,expanded_s231303,True,D,0.8964525675376341,0.18131461234224394,False,0.07807701165969012,1.4785473063122259,1.478547306312226,0.20225789841873829,0.9671250113511819,0.38602700942756674,False,0.48035582496457946,False
20,2arc,100,E,expanded_s231303,True,F,0.5912822088924534,0.26846525493002027,False,0.3030517230596505,1.0321371926609428,1.0321371926609426,0.4540391219158949,0.9279264068953592,0.6674572926246366,False,1.9091227772331343,False
20,2arc,100,E,expanded_s231303,True,G,0.6915659041828898,0.4254496750232828,False,0.5674935738231095,0.8898104214447115,0.8898104214447116,0.6151975863037479,0.8189925740225831,0.9224574128008932,False,1.9287643861772952,False
20,2arc,100,E,expanded_s231303,True,H,0.5863274095475564,0.15122219772592999,False,0.1233300578286227,1.166448392269282,1.1664483922692823,0.2579142562047741,0.9771318469149398,0.47818239923388856,False,1.3909553611192813,False
20,2arc,100,E,expanded_s231303,True,I,0.621152466770305,0.1754349458317472,False,0.17566002522767893,1.1678866882526255,1.1678866882526255,0.2824345957183827,0.9692225797810119,0.6219493924987527,False,1.6119761778621091,False
20,2arc,100,E,expanded_s231303,True,K,0.5836851006461463,0.15429540524579985,False,0.12923168950498812,1.1605684384360369,1.1605684384360369,0.26434699990627314,0.9761929279200343,0.48887140595811,False,1.4349521561792984,False
20,2arc,100,E,expanded_s231303,True,L,0.5144663216494408,0.18415795241206767,False,0.15802309464540826,1.0751894673516476,1.0751894673516476,0.35795919900380485,0.9660858485633946,0.4414556046755725,False,1.6679120068538185,False
20,2arc,100,E,expanded_s231303,True,M,0.6245227632245957,0.16636722547438265,False,0.14366639057536043,1.1822284430591428,1.1822284430591428,0.2663909712680119,0.9723219462879559,0.5393065308914687,False,1.3827355681185791,False
20,2arc,100,E,expanded_s231303,True,N,0.7225336211387023,0.1797431381926869,False,0.12005621812987402,1.2623139126494134,1.2623139126494134,0.24876785374971802,0.9676924042726447,0.48260342451907373,False,0.9244305260446429,False
20,2arc,100,E,expanded_s231303,True,P,0.5253747010237889,0.09252913566731266,False,0.15710092181310228,1.1787936425014274,1.1787936425014276,0.17612027280149326,0.9914383590526601,0.8920093031548512,False,3.231700252004391,False
20,2arc,100,E,expanded_s231303,True,Q,0.7298973701816618,0.13621855711123337,False,0.07479347604471513,1.3338990377872464,1.3338990377872462,0.18662700083072004,0.9814445046985336,0.40076449662584746,False,0.7522559699511995,False
20,2arc,100,E,expanded_s231303,True,R,0.5963894110400737,0.17840612337600695,False,0.17015551055545783,1.142881283908407,1.142881283908407,0.2991436804098776,0.9681712551419449,0.5688086417948589,False,1.599213097989937,False
20,2arc,100,E,expanded_s231303,True,S,0.7285219178903266,0.31182537008104727,False,0.2452386788915983,1.0764009515299888,1.0764009515299888,0.4280246927697654,0.9027649385738179,0.5729545118171775,False,1.0795304558688243,False
20,2arc,100,E,expanded_s231303,True,T,0.757171042752882,0.2230674119249024,False,0.14735681507700585,1.235507618200757,1.235507618200757,0.29460636940615925,0.9502409297371259,0.5001820407821946,False,0.8724491046104202,False
20,2arc,100,E,expanded_s231303,True,V,0.6059951262300888,0.206042331873768,False,0.1865645625241187,1.1175087951894493,1.1175087951894493,0.34000658248782073,0.95754655747602,0.5487086783997824,False,1.4941822275385686,False
20,2arc,100,E,expanded_s231303,True,W,0.42333751907502337,0.24130249937403433,False,0.22673968812076056,0.9749098521933837,0.9749098521933837,0.5700002681105877,0.9417731037958442,0.3977887394199787,False,2.2196217117085513,False
20,2arc,100,E,expanded_s231303,True,Y,0.5647932075217429,0.2440072015098638,False,0.21007683854540252,1.0433641472643782,1.043364147264378,0.4320292777254589,0.9404604856113247,0.4862560233218726,False,1.5243548046283861,False
1,1x8d,78,K,restricted_s231301,True,A,0.6771996272877961,0.31320156353209716,False,0.6536427847454706,1.0343993710189476,1.0343993710189479,0.4624951800202229,0.9019047806010497,1.4132964255257527,False,3.081767279303431,False
1,1x8d,78,K,restricted_s231301,True,C,0.6040978509385232,0.17790167548495933,False,0.2280822168108145,1.1499941738308892,1.1499941738308892,0.2944914887688678,0.9683509938596442,0.7744951060022832,False,2.1222869145541328,False
1,1x8d,78,K,restricted_s231301,True,D,0.4254992404228151,0.11886203482078904,False,0.27947448095729793,1.0798981925376807,1.0798981925376807,0.27934723150780905,0.9858718166782614,1.0004555242906903,False,5.525864207352071,False
1,1x8d,78,K,restricted_s231301,True,E,0.5513094072141501,0.0721301564978756,False,0.08933543756497392,1.2244099948406022,1.2244099948406024,0.13083425668783744,0.9947972405235919,0.6828138121204971,False,2.246526217999517,False
1,1x8d,78,K,restricted_s231301,True,F,0.8595431404796963,0.09239853187268521,False,0.22498625915632456,1.5799733618225764,1.5799733618225766,0.10749725932443503,0.9914625113077724,2.0929487930227006,False,2.8328478217464497,False
1,1x8d,78,K,restricted_s231301,True,G,0.7063943770092945,0.24306289703731637,False,0.9978875486627987,1.1555964884168506,1.1555964884168506,0.3440895128106579,0.940920428083827,2.9000812623193957,False,5.8118674411926206,False
1,1x8d,78,K,restricted_s231301,True,H,0.784828736309603,0.15178772486311992,False,0.18803569117196794,1.3777014087540642,1.3777014087540644,0.19340235371203582,0.9769604865808778,0.9722513069925793,False,1.5784424172927538,False
1,1x8d,78,K,restricted_s231301,True,I,0.7523164847484052,-0.0012264919027011212,False,-0.002615160856257329,1.5678255133778225,1.567825513377822,-0.0016302871564901212,0.9999984957176126,1.604110567789519,False,2.8342172931409,False
1,1x8d,78,K,restricted_s231301,True,L,0.9825865414449552,0.07760598255729433,False,0.11684567999697512,1.81296712343594,1.8129671234359397,0.07898132050859344,0.9939773114713168,1.4794090456396194,False,1.5323100402642902,False
1,1x8d,78,K,restricted_s231301,True,M,1.0679787722876088,0.09467909186816312,False,0.12003046556249289,1.938348137467615,1.938348137467615,0.08865259715355639,0.99103586956302,1.3539418969822898,False,1.1870657822835473,False
1,1x8d,78,K,restricted_s231301,True,N,0.47664229421525645,0.11965230316618199,False,0.2410805941679596,1.1131251800562465,1.1131251800562463,0.2510316533348713,0.985683326347028,0.9603593449881112,False,4.227159297465248,False
1,1x8d,78,K,restricted_s231301,True,P,0.7418677241963725,0.17466799121940718,False,1.728919977717551,1.2912066299325178,1.2912066299325178,0.23544357777340444,0.9694910928433772,7.3432454351398695,False,13.34243482232923,False
1,1x8d,78,K,restricted_s231301,True,Q,0.8154761488466905,0.08947787753347991,False,0.0658492559324589,1.5190671993818736,1.5190671993818736,0.10972470213877679,0.9919937094321036,0.6001315533231029,False,0.9024516324977078,False
1,1x8d,78,K,restricted_s231301,True,R,0.8622885259780245,0.16271632164392216,False,0.1563666541014473,1.4629246677475465,1.4629246677475465,0.18870287234700953,0.9735233986706716,0.8286395016494581,False,1.1144495625104818,False
1,1x8d,78,K,restricted_s231301,True,S,0.560110098611004,0.2583601238417289,False,0.39545187010711963,1.0243030936817445,1.0243030936817445,0.46126667682376454,0.9332500464084865,0.8573172309566367,False,2.732717554896477,False
1,1x8d,78,K,restricted_s231301,True,T,0.6590868165745939,0.14826941921496736,False,0.2194497465018429,1.2389505927709188,1.2389505927709188,0.22496189498305127,0.9780161793256562,0.9754974126546024,False,2.245643810414613,False
1,1x8d,78,K,restricted_s231301,True,V,0.7353422330757708,0.06994417597738514,False,0.12503612842140127,1.4378623866371514,1.4378623866371514,0.09511785510377176,0.9951078122468445,1.3145389820343325,False,2.4310531291961253,False
1,1x8d,78,K,restricted_s231301,True,W,0.7053065923192858,0.24373050621843736,False,0.6753758137629369,1.153647923598682,1.153647923598682,0.3455667490884628,0.9405954403385042,1.9544004611104675,False,3.928779637538631,False
1,1x8d,78,K,restricted_s231301,True,Y,0.7442028691281877,0.11942686562537787,False,0.2277939017266658,1.3760822783198408,1.3760822783198408,0.16047622305633277,0.9857372237668979,1.4194869332555402,False,2.563000665993775,False
1,1x8d,78,K,restricted_s231303,True,A,0.6740271204434655,0.265580087078434,False,0.5516615559830813,1.0962961964121065,1.0962961964121065,0.3940198829146516,0.9294672173474114,1.4000855791903688,False,3.081767279303431,False
1,1x8d,78,K,restricted_s231303,True,C,0.6905913508004959,0.24192780611056452,False,0.3545773731343493,1.1427699129642632,1.142769912964263,0.3503197742487434,0.941470936630529,1.012153464344787,False,2.1222869145541328,False
1,1x8d,78,K,restricted_s231303,True,D,0.43486929777366135,0.10656607160568055,False,0.25608132717664106,1.0964266806948373,1.0964266806948373,0.24505310480931108,0.988643672382533,1.0450033978386506,False,5.525864207352071,False
1,1x8d,78,K,restricted_s231303,True,E,0.5515598605284109,0.05050482986120222,False,0.06258021586792527,1.2485054059176086,1.2485054059176086,0.09156726853331401,0.997449262160691,0.6834343414443702,False,2.246526217999517,False
1,1x8d,78,K,restricted_s231303,True,F,0.7314781042076539,0.14509173984362583,False,0.3006541925521312,1.322797355341212,1.3227973553412125,0.19835418040406141,0.9789483870291495,1.5157441700481304,False,2.8328478217464497,False
1,1x8d,78,K,restricted_s231303,True,G,1.085443736742844,0.18156793370170057,False,1.1454131596850532,1.7840245527745664,1.784024552774567,0.16727530645350847,0.9670330854512948,6.847473090736215,False,5.8118674411926206,False
1,1x8d,78,K,restricted_s231303,True,H,0.9702501011562973,0.16840904275264887,False,0.2579157401242596,1.6145874772610196,1.6145874772610196,0.1735728164850971,0.9716383943191366,1.4859224234942583,False,1.5784424172927538,False
1,1x8d,78,K,restricted_s231303,True,I,0.6132638765391244,0.06873397950557256,False,0.11946811644384082,1.291788448824698,1.291788448824698,0.11207896328977325,0.9952756400613275,1.0659281004853995,False,2.8342172931409,False
1,1x8d,78,K,restricted_s231303,True,L,0.9335773568480539,0.11419370304946147,False,0.16335751314289806,1.6583493702961831,1.6583493702961827,0.12231841551406357,0.9869597981838515,1.3355103763923104,False,1.5323100402642902,False
1,1x8d,78,K,restricted_s231303,True,M,0.8731543362652601,0.17136668177316977,False,0.17762013221552458,1.4631393723755626,1.4631393723755628,0.1962616168249887,0.9706334603780531,0.9050171658063575,False,1.1870657822835473,False
1,1x8d,78,K,restricted_s231303,True,N,0.5536584640575893,0.10222991229341909,False,0.2392591447558673,1.1933367823803758,1.1933367823803758,0.18464435916721678,0.9895490450324799,1.295783666692956,False,4.227159297465248,False
1,1x8d,78,K,restricted_s231303,True,P,1.0517902884475967,0.14161203808971956,False,1.9873045170948893,1.8083704780926024,1.8083704780926024,0.1346390432057836,0.9799460306680758,14.760239450435444,False,13.34243482232923,False
1,1x8d,78,K,restricted_s231303,True,Q,0.9339532677318001,0.08756630606846318,False,0.07380505538890962,1.7087030309152191,1.7087030309152191,0.0937587661972925,0.9923321420415242,0.7871803179833323,False,0.9024516324977078,False
1,1x8d,78,K,restricted_s231303,True,R,0.7775199717854291,0.2216523231334151,False,0.19206324354621826,1.259859090467479,1.2598590904674787,0.2850760510041073,0.9508702476495601,0.6737263367782902,False,1.1144495625104818,False
1,1x8d,78,K,restricted_s231303,True,S,0.5521091751688955,0.26226209884180685,False,0.3956901538617382,1.0152299191664516,1.0152299191664516,0.47501854820937967,0.9312185915110903,0.8329993751892928,False,2.732717554896477,False
1,1x8d,78,K,restricted_s231303,True,T,0.6321849181730828,0.1581846276286006,False,0.22456872832408825,1.1996538990182546,1.1996538990182546,0.2502189202579047,0.9749776235820009,0.8974889992036638,False,2.245643810414613,False
1,1x8d,78,K,restricted_s231303,True,V,0.6736440495072776,0.12710061018528143,False,0.2081481539901253,1.2825551659564456,1.2825551659564456,0.188676215990101,0.9838454348905292,1.1032029283491984,False,2.4310531291961253,False
1,1x8d,78,K,restricted_s231303,True,W,0.6867084294161058,0.26635355417757756,False,0.718602204156167,1.1057540053137709,1.1057540053137707,0.38786993543104253,0.9290557841769722,1.8526885909772293,False,3.928779637538631,False
1,1x8d,78,K,restricted_s231303,True,Y,0.7450565671987336,0.14603838511404538,False,0.27887204924269926,1.3374955725413264,1.3374955725413262,0.19600979515303255,0.9786727900732818,1.4227454756787685,False,2.563000665993775,False
1,1x8d,78,K,expanded_s231301,True,A,0.02721035064625671,-0.018157780874287544,False,-0.0015226382970295724,1.0017285623513867,1.0017285623513867,-0.6673115356117428,0.9996702949937213,0.002281750300680368,False,3.081767279303431,False
1,1x8d,78,K,expanded_s231301,True,C,0.03278928979122001,-0.022781523178684232,False,-0.0015853270288531433,1.002569117455795,1.0025691174557951,-0.6947855023314485,0.9994810022016591,0.002281750300680368,False,2.1222869145541328,False
1,1x8d,78,K,expanded_s231301,True,D,0.02032047960805848,0.026985056067402396,False,0.0030301036679889174,0.9993162233284216,0.9993162233284215,1.3279733838910448,0.999271806749039,0.002281750300680368,False,5.525864207352071,False
1,1x8d,78,K,expanded_s231301,True,E,0.031869724744081666,-0.02509645378382721,False,-0.0017968100266662274,1.0026153135035498,1.0026153135035498,-0.7874700514471097,0.9993701680074762,0.002281750300680368,False,2.246526217999517,False
1,1x8d,78,K,expanded_s231301,True,F,0.028380656388676328,-0.04783684065933967,False,-0.003845990172433006,1.0035207435319973,1.0035207435319973,-1.6855438438142052,0.997711636675733,0.002281750300680368,False,2.8328478217464497,False
1,1x8d,78,K,expanded_s231301,True,G,0.019814184750578542,0.004983250559602217,False,0.0005738582538656287,1.0001951238228373,1.0001951238228373,0.25149914681484503,0.9999751672138603,0.002281750300680368,False,5.8118674411926206,False
1,1x8d,78,K,expanded_s231301,True,H,0.038020663076214024,0.054241488794039214,False,0.00325521764617983,0.9973209760803742,0.9973209760803742,1.4266318471434825,0.9970578608934061,0.002281750300680368,False,1.5784424172927538,False
1,1x8d,78,K,expanded_s231301,True,I,0.02837379890578241,-0.08693130323780741,False,-0.006990799080520009,1.00573821509772,1.0057382150977199,-3.0637879519224804,0.9924429485173764,0.002281750300680368,False,2.8342172931409,False
1,1x8d,78,K,expanded_s231301,True,L,0.038588752117583794,-0.042097093308034426,False,-0.0024891982777957597,1.0047380403870616,1.0047380403870616,-1.0909161607444666,0.9982278347350146,0.002281750300680368,False,1.5323100402642902,False
1,1x8d,78,K,expanded_s231301,True,M,0.04384263672342473,-0.031569114179145555,False,-0.0016429859413996362,1.0046903232041355,1.0046903232041355,-0.7200551002051949,0.9990033910299442,0.002281750300680368,False,1.1870657822835473,False
1,1x8d,78,K,expanded_s231301,True,N,0.023233238522930848,0.0590768595445017,False,0.005801973835712764,0.9977946898342971,0.9977946898342971,2.542773341141992,0.9965099246663592,0.002281750300680368,False,4.227159297465248,False
1,1x8d,78,K,expanded_s231301,True,P,0.013077252617893024,0.05880594634248217,False,0.010260602105763338,0.9986329741045225,0.9986329741045225,4.49681198801808,0.9965418606747651,0.002281750300680368,False,13.34243482232923,False
1,1x8d,78,K,expanded_s231301,True,Q,0.05028310535703179,0.03590163571823885,False,0.0016291469572802095,0.9989178992217264,0.9989178992217264,0.7139900263383041,0.9987110725527549,0.002281750300680368,False,0.9024516324977078,False
1,1x8d,78,K,expanded_s231301,True,R,0.04524846482413937,0.03744930571298724,False,0.0018884610760383942,0.9986583763844564,0.9986583763844562,0.827637044892816,0.9985975495016153,0.002281750300680368,False,1.1144495625104818,False
1,1x8d,78,K,expanded_s231301,True,S,0.02889593055254007,0.013254276718286238,False,0.0010466162296542461,1.0000689854833456,1.0000689854833458,0.4586900807429139,0.9998243241486752,0.002281750300680368,False,2.732717554896477,False
1,1x8d,78,K,expanded_s231301,True,T,0.03187598560447914,0.015378468677631707,False,0.0011008232330315469,1.0000356707658826,1.0000356707658828,0.48244684473288135,0.999763502701131,0.002281750300680368,False,2.245643810414613,False
1,1x8d,78,K,expanded_s231301,True,V,0.030636336647226415,-0.07016601876688598,False,-0.005225864184169057,1.0052378446674382,1.0052378446674382,-2.2902874966690345,0.9950767298104051,0.002281750300680368,False,2.4310531291961253,False
1,1x8d,78,K,expanded_s231301,True,W,0.024099344119242368,-0.02435873010585844,False,-0.0023063092285094838,1.0017548372252352,1.0017548372252352,-1.0107631969290385,0.9994066522676299,0.002281750300680368,False,3.928779637538631,False
1,1x8d,78,K,expanded_s231301,True,Y,0.029837312212497462,-0.05080122579943902,False,-0.0038849247350855403,1.0039218092699769,1.0039218092699769,-1.7026073071742953,0.9974192354572745,0.002281750300680368,False,2.563000665993775,False
1,1x8d,78,K,expanded_s231303,True,A,0.6498698721743535,0.4613585206335168,False,0.9239847197060046,0.822684845098606,0.8226848450986058,0.7099244639390497,0.7871483154388529,1.3015253969122733,False,3.081767279303431,False
1,1x8d,78,K,expanded_s231303,True,C,0.487608852608699,0.2865765864300005,False,0.2965626018670543,0.9582878321550714,0.9582878321550714,0.5877181779961965,0.9178738601101284,0.5046000157391313,False,2.1222869145541328,False
1,1x8d,78,K,expanded_s231303,True,D,0.3947870130756061,0.19439665577943613,False,0.42408396868692017,1.0023662355190581,1.0023662355190581,0.49240894290057874,0.9622099402217714,0.8612434335347684,False,5.525864207352071,False
1,1x8d,78,K,expanded_s231303,True,E,0.48081500466857197,0.10000596344796372,False,0.10802279289845873,1.1350143331502034,1.1350143331502034,0.20799260105640488,0.9899988072748447,0.5193588250245708,False,2.246526217999517,False
1,1x8d,78,K,expanded_s231303,True,F,0.6158491856802419,0.17246061244823693,False,0.3008759958713372,1.166850764026692,1.1668507640266919,0.28003708774534464,0.970257337153979,1.0744148151724198,False,2.8328478217464497,False
1,1x8d,78,K,expanded_s231303,True,G,0.8051247723130642,0.3901992579574313,False,1.825850979084789,1.0199077215527566,1.0199077215527566,0.484644456829241,0.8477445390894699,3.7674029968903717,False,5.8118674411926206,False
1,1x8d,78,K,expanded_s231303,True,H,0.6806180121723499,0.22184094719460426,False,0.2383273545379405,1.1612629894973954,1.1612629894973956,0.32594045885818906,0.9507865941478009,0.7311990520380058,False,1.5784424172927538,False
1,1x8d,78,K,expanded_s231303,True,I,0.564421569150323,0.05763819519577408,False,0.09220343882339443,1.25350722657133,1.25350722657133,0.10211905133700382,0.9966778384545739,0.9029014431314408,False,2.8342172931409,False
1,1x8d,78,K,expanded_s231303,True,L,0.6792725775969612,0.15929825928688918,False,0.16580657935095716,1.2449973562901913,1.2449973562901913,0.23451301368654248,0.9746240645881671,0.7070250675835819,False,1.5323100402642902,False
1,1x8d,78,K,expanded_s231303,True,M,0.7637627538369602,0.12775140683820738,False,0.11582410508373783,1.3881900115620267,1.388190011562027,0.16726582462474776,0.9836795780508588,0.6924552899170122,False,1.1870657822835473,False
1,1x8d,78,K,expanded_s231303,True,N,0.4061753936610698,0.1683392849591088,False,0.2890331808570767,1.028227899741947,1.0282278997419467,0.41444973670556307,0.9716618851394561,0.6973901905562414,False,4.227159297465248,False
1,1x8d,78,K,expanded_s231303,True,P,0.9850094732980665,0.17567765573961053,False,2.3088303614780754,1.624155352186309,1.6241553521863086,0.17835123468548608,0.969137361273835,12.945412828509923,False,13.34243482232923,False
1,1x8d,78,K,expanded_s231303,True,Q,0.7688534716279783,0.0654748971559439,False,0.045429958440324374,1.49045445686873,1.49045445686873,0.08515913574182957,0.9957130378424185,0.5334713421476106,False,0.9024516324977078,False
1,1x8d,78,K,expanded_s231303,True,R,0.6828445520358037,0.05704185441725976,False,0.043408612336161195,1.3883752431912868,1.3883752431912868,0.08353563669388239,0.9967462268446401,0.519641844536754,False,1.1144495625104818,False
1,1x8d,78,K,expanded_s231303,True,S,0.6271426893216274,0.4228708963488049,False,0.7247177645212373,0.86290717042549,0.86290717042549,0.6742817919255653,0.8211802050211583,1.0747995470137799,False,2.732717554896477,False
1,1x8d,78,K,expanded_s231303,True,T,0.6261526824291234,0.255433994066489,False,0.3591697993517415,1.0721858205765529,1.072185820576553,0.40794202633700694,0.934753474675241,0.8804432398809188,False,2.245643810414613,False
1,1x8d,78,K,expanded_s231303,True,V,0.6083505106873749,0.23672493369743217,False,0.3501001773286444,1.082066875239054,1.0820668752390543,0.3891258896617951,0.9439613057659464,0.8997092885105396,False,2.4310531291961253,False
1,1x8d,78,K,expanded_s231303,True,W,0.5348072996446771,0.3016037618951857,False,0.6337117369700292,0.9634190608295505,0.9634190608295503,0.5639484765738416,0.9090351708106721,1.1237050250051577,False,3.928779637538631,False
1,1x8d,78,K,expanded_s231303,True,Y,0.667366365368563,0.19521520335646528,False,0.33390788241333963,1.184817744167868,1.1848177441678682,0.2925157956509462,0.9618910243784939,1.141503766216392,False,2.563000665993775,False
1,1x8d,25,I,restricted_s231301,True,A,0.5545491586709654,0.20315170299891203,False,0.6717597508996564,1.0822095574214345,1.0822095574214348,0.3663366895836361,0.958729385568642,1.8337222833540159,False,5.9628441866163335,False
1,1x8d,25,I,restricted_s231301,True,C,0.5688090062891307,0.18098740056954232,False,0.48949294984600805,1.117649158698,1.117649158698,0.3181865943900769,0.96724356083508,1.538383321221636,False,4.7547932150162495,False
1,1x8d,25,I,restricted_s231301,True,D,0.20614771819608263,0.233696341086141,False,1.4845813927923979,0.9461449467860887,0.946144946786089,1.1336353520239055,0.94538602016295,1.309575773322471,False,30.81580860519206,False
1,1x8d,25,I,restricted_s231301,True,E,0.43640023441838255,0.2441686768734321,False,1.2044939909119983,0.9773346289500351,0.9773346289500352,0.5595062917389372,0.9403816572338776,2.152780064668172,False,11.303936590802962,False
1,1x8d,25,I,restricted_s231301,True,F,0.5299786019109808,0.13957036210106413,False,0.7563617275239142,1.1329387077344553,1.1329387077344555,0.26335093831676515,0.9805201140229779,2.872067714503995,False,10.225345820056063,False
1,1x8d,25,I,restricted_s231301,True,G,0.34221360805848294,0.2867133247947184,False,1.281160452160403,0.9208757508275164,0.9208757508275166,0.8378197653254053,0.9177954693851583,1.529159975908191,False,13.057450013338125,False
1,1x8d,25,I,restricted_s231301,True,H,0.3481736010431652,0.24234765413633136,False,1.9049091569225856,0.9524667455733452,0.952466745573345,0.6960540759271581,0.941267614534617,2.736725813127677,False,22.575616032630496,False
1,1x8d,25,I,restricted_s231301,True,K,0.3411284584109255,0.23935301287997487,False,1.5082029849108656,0.953068376538302,0.9530683765383022,0.7016506743381953,0.9427101352252786,2.1495069271235567,False,18.471533238258264,False
1,1x8d,25,I,restricted_s231301,True,L,0.9287532669447268,0.08446436592365135,False,0.18303235161606735,1.705689519276491,1.7056895192764907,0.09094381568261888,0.9928657708891154,2.0125871148272965,False,2.333210805345758,False
1,1x8d,25,I,restricted_s231301,True,M,0.7810971892673557,0.1617037492085718,False,0.3959863949136519,1.3575001310797457,1.3575001310797454,0.20702129188333757,0.9738518974918913,1.9127810058146173,False,3.135126727372586,False
1,1x8d,25,I,restricted_s231301,True,N,0.37326908231034317,0.19596973566088718,False,0.7084870348182792,0.9930309210273258,0.9930309210273259,0.5250092894057433,0.961595862705002,1.3494752361814664,False,9.68547403749579,False
1,1x8d,25,I,restricted_s231301,True,P,0.6805021269220664,0.07494940858432138,False,0.31078208929167356,1.3610766808390926,1.3610766808390926,0.11013838990235054,0.9943825861528605,2.8217417157379465,False,6.093380309250901,False
1,1x8d,25,I,restricted_s231301,True,Q,0.629001816403738,0.2197948840368022,False,0.7171774115388612,1.1191405224484066,1.1191405224484063,0.3494344186372305,0.9516902089512487,2.0523948795193165,False,5.187488217614911,False
1,1x8d,25,I,restricted_s231301,True,R,0.20726223840114189,0.20628839268820773,False,1.0826124118354403,0.9574460474175884,0.9574460474175884,0.9953013837906676,0.9574450990421158,1.0877232057211086,False,25.320835141296016,False
1,1x8d,25,I,restricted_s231301,True,S,0.39150134761720806,0.197342732403619,False,0.5876415803240547,0.9987534138291322,0.9987534138291321,0.5040665469089818,0.9610558459674736,1.1658015869681664,False,7.606031497479357,False
1,1x8d,25,I,restricted_s231301,True,T,0.5919914040005668,0.12022053812425014,False,0.2786495397232826,1.2081147721028054,1.2081147721028054,0.20307818206788525,0.9855470222131157,1.3721293783796786,False,3.915292944849683,False
1,1x8d,25,I,restricted_s231301,True,V,0.6415885231343488,0.10181105598707547,False,0.18732892721195624,1.2809942229187223,1.2809942229187221,0.15868590586642434,0.9896345088787967,1.1805013569991685,False,2.8678294315265926,False
1,1x8d,25,I,restricted_s231301,True,W,0.5022977044402535,0.2723864013453407,False,2.108401712644298,0.9786648556529359,0.9786648556529359,0.5422808006834922,0.925805648362135,3.8880257423586877,False,15.410145700521095,False
1,1x8d,25,I,restricted_s231301,True,Y,0.6183668384085986,0.25220376880822054,False,1.6285837510589678,1.0704686525381009,1.0704686525381009,0.40785461500050835,0.9363932589989296,3.9930497073250915,False,10.442688751701045,False
1,1x8d,25,I,restricted_s231303,True,A,0.5974679978232436,0.22815410051767987,False,0.8128237554982802,1.0843384611599929,1.0843384611599929,0.3818683198914657,0.9479457064169684,2.128544613832591,False,5.9628441866163335,False
1,1x8d,25,I,restricted_s231303,True,C,0.5642442999846454,0.18661934097371732,False,0.50067449246958,1.1077738312425407,1.1077738312425405,0.330742093413785,0.9651732215745354,1.513791266487498,False,4.7547932150162495,False
1,1x8d,25,I,restricted_s231303,True,D,0.3023226814745645,0.28575837925878544,False,2.662215900714176,0.9186165247912877,0.918616524791288,0.9452098594290462,0.9183421486833923,2.8165342057712843,False,30.81580860519206,False
1,1x8d,25,I,restricted_s231303,True,E,0.5335515604547194,0.26424909171970523,False,1.5937478441300206,1.002696237192084,1.002696237192084,0.49526439674264827,0.9301724175253109,3.2179737825131243,False,11.303936590802962,False
1,1x8d,25,I,restricted_s231303,True,F,0.6118197245134278,0.18070691163811103,False,1.130514774746328,1.1532032695114838,1.153203269511484,0.29535973489874795,0.967345012086216,3.8275859610108296,False,10.225345820056063,False
1,1x8d,25,I,restricted_s231303,True,G,0.43925942506056304,0.3041014967748405,False,1.7442069733395371,0.9257899452377901,0.9257899452377903,0.6923050011571463,0.9075222796593017,2.5194198661344345,False,13.057450013338125,False
1,1x8d,25,I,restricted_s231303,True,H,0.42387853328522934,0.28842986514691127,False,2.7600773921564143,0.9351545545917789,0.9351545545917787,0.6804540510968169,0.9168082128913346,4.056228907311925,False,22.575616032630496,False
1,1x8d,25,I,restricted_s231303,True,K,0.39759205533691444,0.27384055852597594,False,2.0111219934375915,0.9403257814691294,0.9403257814691292,0.6887475613513628,0.9250113485061815,2.9199696758151172,False,18.471533238258264,False
1,1x8d,25,I,restricted_s231303,True,L,0.8631917369163129,0.10615515008902497,False,0.21379735205690847,1.5618354779046864,1.5618354779046864,0.12297980338442094,0.9887310841095766,1.738475311987629,False,2.333210805345758,False
1,1x8d,25,I,restricted_s231303,True,M,0.7949556603007666,0.17707659097949843,False,0.44132563925268503,1.3504184252323959,1.3504184252323959,0.22275027378571355,0.9686438809270794,1.9812574492152664,False,3.135126727372586,False
1,1x8d,25,I,restricted_s231303,True,N,0.46714824115972964,0.23170847675363948,False,1.048377089313714,1.0017430644641034,1.0017430644641032,0.4960063130675742,0.9463111818005081,2.1136365842401825,False,9.68547403749579,False
1,1x8d,25,I,restricted_s231303,True,P,0.636200725713715,0.11090174874545353,False,0.4299231581140896,1.2636398173291026,1.2636398173291026,0.17431880264053387,0.9877008021252003,2.4663039878758366,False,6.093380309250901,False
1,1x8d,25,I,restricted_s231303,True,Q,0.6546798760371265,0.2265566191508419,False,0.7694189352441474,1.1319616214058599,1.1319616214058599,0.34605709972669757,0.9486720983189403,2.2233872267085535,False,5.187488217614911,False
1,1x8d,25,I,restricted_s231303,True,R,0.3410666075877087,0.23082098470516063,False,1.9933911077786939,0.958875770384501,0.958875770384501,0.6767621912262483,0.94672167301974,2.945482377150534,False,25.320835141296016,False
1,1x8d,25,I,restricted_s231303,True,S,0.4172420010717498,0.2286655017731384,False,0.7256827299203873,0.9832731843865581,0.9832731843865579,0.5480404685668655,0.9477120882988388,1.3241407734324055,False,7.606031497479357,False
1,1x8d,25,I,restricted_s231303,True,T,0.6043385311946213,0.16107565023801218,False,0.38113114513321533,1.1705366165343545,1.1705366165343547,0.2665321536252325,0.9740546349004016,1.429963101821925,False,3.915292944849683,False
1,1x8d,25,I,restricted_s231303,True,V,0.722878302776844,0.13538015975135298,False,0.2806554817501856,1.3268262804040984,1.3268262804040982,0.1872793238243664,0.9816722123456981,1.4985929894396077,False,2.8678294315265926,False
1,1x8d,25,I,restricted_s231303,True,W,0.46968211195143,0.25248348662477377,False,1.8274425973107646,0.9834273318255868,0.983427331825587,0.5375624921625356,0.9362520889817977,3.3994979634074345,False,15.410145700521095,False
1,1x8d,25,I,restricted_s231303,True,Y,0.5559147484131011,0.26883638673891147,False,1.560661006637384,1.0101409829067032,1.0101409829067032,0.48359283056678104,0.9277269971651664,3.2272211414057903,False,10.442688751701045,False
1,1x8d,25,I,expanded_s231301,True,A,0.019561733035974943,0.039316564930355555,False,0.004586024340817659,0.9988444611052524,0.9988444611052524,2.0098712551720523,0.9984542077220772,0.002281750300680368,False,5.9628441866163335,False
1,1x8d,25,I,expanded_s231301,True,C,0.021906260159636787,0.08790746070124125,False,0.009156418002224193,0.9966284368259928,0.9966284368259929,4.0128922080097675,0.9922722783530598,0.002281750300680368,False,4.7547932150162495,False
1,1x8d,25,I,expanded_s231301,True,D,0.008604928661147542,0.14650232683202882,False,0.03884770478210751,0.9975527606551,0.9975527606551,17.025397025486956,0.9785370682328014,0.002281750300680368,False,30.81580860519206,False
1,1x8d,25,I,expanded_s231301,True,E,0.014207550286655352,0.1430958343503653,False,0.022981369516019413,0.9961357719604604,0.9961357719604604,10.071816144460184,0.9795235821915729,0.002281750300680368,False,11.303936590802962,False
1,1x8d,25,I,expanded_s231301,True,F,0.014938089455839364,0.08100943056218395,False,0.012373958068041464,0.9978028942755817,0.9978028942755819,5.4230114769139375,0.9934374721599907,0.002281750300680368,False,10.225345820056063,False
1,1x8d,25,I,expanded_s231301,True,G,0.013219190836500111,0.07853820193820342,False,0.013556394495235007,0.9980983240476184,0.9980983240476186,5.941226124170022,0.9938317508363139,0.002281750300680368,False,13.057450013338125,False
1,1x8d,25,I,expanded_s231301,True,H,0.010053429881144625,0.1359963226980014,False,0.0308660480926594,0.9973666124636994,0.9973666124636992,13.52735576870783,0.9815050002126211,0.002281750300680368,False,22.575616032630496,False
1,1x8d,25,I,expanded_s231301,True,K,0.011114312031783917,0.10747341352149946,False,0.02206411813133758,0.9977345418259421,0.9977345418259421,9.669821507094156,0.9884494653860367,0.002281750300680368,False,18.471533238258264,False
1,1x8d,25,I,expanded_s231301,True,L,0.03127210162131475,0.04087235981775468,False,0.002982227431753819,0.9984216151603662,0.9984216151603662,1.306991142222961,0.9983294502029281,0.002281750300680368,False,2.333210805345758,False
1,1x8d,25,I,expanded_s231301,True,M,0.026977798588480366,0.08970302111132152,False,0.007586975442840412,0.9958878215440418,0.9958878215440415,3.3250682340561726,0.9919533680035019,0.002281750300680368,False,3.135126727372586,False
1,1x8d,25,I,expanded_s231301,True,N,0.015348771388443963,0.11336366576841742,False,0.01685265692653844,0.996755598803864,0.996755598803864,7.385846260878478,0.9871486792835465,0.002281750300680368,False,9.68547403749579,False
1,1x8d,25,I,expanded_s231301,True,P,0.019351066964206166,0.010037686118445771,False,0.0011835778027776754,0.9999859839201657,0.9999859839201657,0.5187148665762237,0.9998992448573875,0.002281750300680368,False,6.093380309250901,False
1,1x8d,25,I,expanded_s231301,True,Q,0.020972755629545512,0.11153225619193272,False,0.012134254725353759,0.995761578970846,0.9957615789708459,5.31795907805319,0.987560555828737,0.002281750300680368,False,5.187488217614911,False
1,1x8d,25,I,expanded_s231301,True,R,0.009492815615351613,0.1134651021377924,False,0.027273154921596657,0.997935906961565,0.997935906961565,11.952734229273203,0.9871256705968604,0.002281750300680368,False,25.320835141296016,False
1,1x8d,25,I,expanded_s231301,True,S,0.017320283585030658,0.08374875104657262,False,0.011032945098386166,0.9973988879874283,0.9973988879874283,4.835299066289761,0.9929861466981392,0.002281750300680368,False,7.606031497479357,False
1,1x8d,25,I,expanded_s231301,True,T,0.02414081496712466,0.06852741820449043,False,0.0064770993566655565,0.9972741635011781,0.9972741635011783,2.838653885455489,0.9953039929542269,0.002281750300680368,False,3.915292944849683,False
1,1x8d,25,I,expanded_s231301,True,V,0.028207032536657777,0.08723813670337753,False,0.007056950935729754,0.9958741787636649,0.9958741787636649,3.0927796672692565,0.9923895075045228,0.002281750300680368,False,2.8678294315265926,False
1,1x8d,25,I,expanded_s231301,True,W,0.012168321781165782,0.13199762437627793,False,0.024751615261838635,0.99693568891945,0.9969356889194502,10.847644132865128,0.9825766271590191,0.002281750300680368,False,15.410145700521095,False
1,1x8d,25,I,expanded_s231301,True,Y,0.014781819378999214,0.12196780747136401,False,0.01882718725182746,0.9966126899839649,0.9966126899839647,8.251204019218758,0.9851238539406283,0.002281750300680368,False,10.442688751701045,False
1,1x8d,25,I,expanded_s231303,True,A,0.6480216862534134,0.32392513226398245,False,1.251663666824604,1.0001110849955854,1.0001110849955859,0.49986773457656974,0.8950725086877614,2.503989716169356,False,5.9628441866163335,False
1,1x8d,25,I,expanded_s231303,True,C,0.6278005443217305,0.22956502308287016,False,0.6852657737951137,1.105891430553348,1.105891430553348,0.3656655368639254,0.9472999001769612,1.8740234031136511,False,4.7547932150162495,False
1,1x8d,25,I,expanded_s231303,True,D,0.28414224075804795,0.17559632767106464,False,1.5375342474386324,0.980948144956323,0.9809481449563231,0.6179874108214273,0.9691659297084361,2.487970176277452,False,30.81580860519206,False
1,1x8d,25,I,expanded_s231303,True,E,0.4612478900676282,0.19643150120734393,False,1.0241775242235496,1.0315423851424306,1.0315423851424306,0.4258697013845269,0.9614146653334292,2.4049081700198194,False,11.303936590802962,False
1,1x8d,25,I,expanded_s231303,True,F,0.4440550895742894,0.15272732520960702,False,0.6934762669211876,1.0615462304240428,1.061546230424043,0.343937787890293,0.976674364134319,2.016284023849069,False,10.225345820056063,False
1,1x8d,25,I,expanded_s231303,True,G,0.5464493670273898,0.36078245215492694,False,2.574267686353256,0.9043082254953363,0.9043082254953364,0.6602303414084536,0.8698360222170779,3.899044810424241,False,13.057450013338125,False
1,1x8d,25,I,expanded_s231303,True,H,0.34135672650073373,0.212963599615332,False,1.6411695628848249,0.9711313002702915,0.9711313002702915,0.6238740387466021,0.9546465052388805,2.6306104453104453,False,22.575616032630496,False
1,1x8d,25,I,expanded_s231303,True,K,0.4078540399368094,0.2158676265496888,False,1.6262796618242106,0.9902599507330545,0.9902599507330545,0.5292766661895371,0.953401167807804,3.0726456798717634,False,18.471533238258264,False
1,1x8d,25,I,expanded_s231303,True,L,0.7738624457414753,0.0807720616169488,False,0.14584075989305198,1.4738501546280316,1.4738501546280318,0.10437521818177538,0.9934758740621479,1.3972738206789854,False,2.333210805345758,False
1,1x8d,25,I,expanded_s231303,True,M,0.7918106286055309,0.17543103819307734,False,0.4354946870368301,1.3491477503155231,1.349147750315523,0.2215568115093775,0.969223950838499,1.9656118178898667,False,3.135126727372586,False
1,1x8d,25,I,expanded_s231303,True,N,0.49564220653272045,0.21597146360623473,False,1.03677743041765,1.0315720513568334,1.0315720513568334,0.4357406628403772,0.9533563269077808,2.3793451445623925,False,9.68547403749579,False
1,1x8d,25,I,expanded_s231303,True,P,0.7295084793468906,0.12214633819941803,False,0.5429615561799332,1.3539690425637156,1.3539690425637159,0.16743648861870994,0.9850802720644734,3.242791106402006,False,6.093380309250901,False
1,1x8d,25,I,expanded_s231303,True,Q,0.6768188435404554,0.20457663437927245,False,0.7182664717807795,1.1811611047794839,1.1811611047794834,0.3022620252549814,0.9581484006660496,2.376304040095232,False,5.187488217614911,False
1,1x8d,25,I,expanded_s231303,True,R,0.33926185645983814,0.20356231972998542,False,1.7486804358156463,0.9769767462548437,0.9769767462548439,0.6000153446489296,0.9585623819861472,2.9143928591339665,False,25.320835141296016,False
1,1x8d,25,I,expanded_s231303,True,S,0.539154215434649,0.27810573907953856,False,1.1404626739465809,0.9908035048983482,0.9908035048983483,0.5158185378469842,0.9226571978910236,2.210976516483584,False,7.606031497479357,False
1,1x8d,25,I,expanded_s231303,True,T,0.7001638867693858,0.19644631808269614,False,0.5385274709317162,1.215140233115382,1.215140233115382,0.2805719086557231,0.9614088441117521,1.9193919787334037,False,3.915292944849683,False
1,1x8d,25,I,expanded_s231303,True,V,0.4951897756006059,0.13762131083756837,False,0.19543875016446022,1.108915581796345,1.108915581796345,0.2779163012213857,0.9810603748033494,0.7032288113563205,False,2.8678294315265926,False
1,1x8d,25,I,expanded_s231303,True,W,0.3650838297852596,0.2290727000544715,False,1.2887618674096524,0.9660247255003993,0.9660247255003995,0.6274523311240897,0.9475256980897541,2.0539598045652605,False,15.410145700521095,False
1,1x8d,25,I,expanded_s231303,True,Y,0.43459063081615174,0.2265298171068956,False,1.0280590665601435,0.9919735441628743,0.991973544162874,0.5212487362681464,0.9486842419615164,1.972300353033908,False,10.442688751701045,False
5,1a7g,65,N,restricted_s231301,False,A,0.6201639805689495,0.6391780395475664,False,2.8540248119280816,0.591812968198972,0.591812968198972,1.0306597280305976,0.5914514337601298,2.7691242165652494,False,7.199948009919879,False
5,1a7g,65,N,restricted_s231301,False,C,0.605702714090545,0.6121998250404834,False,0.690340474007148,0.6252535866710973,0.6252535866710971,1.0107265673387211,0.6252113742204014,0.6830140775114272,False,1.8617039301468894,False
5,1a7g,65,N,restricted_s231301,False,D,0.6197850685850843,0.6099616618084825,False,0.463899114325138,0.6280432704445328,0.6280432704445327,0.9841503010083356,0.6279467711238343,0.47137018994948093,False,1.227099827569409,False
5,1a7g,65,N,restricted_s231301,False,E,0.7159828961212958,0.7104313120405823,False,1.0970277942844122,0.49531817095810204,0.4953181709581017,0.9922462057253207,0.49528735087229664,1.105600392276126,False,2.156715644704411,False
5,1a7g,65,N,restricted_s231301,False,F,0.7445398847602162,0.7294092834442625,False,1.9486545140230493,0.46819103232150994,0.46819103232151016,0.9796779170254571,0.4679620972253275,1.989076695675292,False,3.5881913400235206,False
5,1a7g,65,N,restricted_s231301,False,G,0.6574567481998941,0.6769531646233777,False,121.45192311253854,0.542114523159752,0.542114523159752,1.0296542950952507,0.541734412906394,117.95407807365414,False,272.8843225464797,False
5,1a7g,65,N,restricted_s231301,False,H,0.6853256309689867,0.6701121501575991,False,0.9092924107137709,0.5511811562095579,0.551181156209558,0.9778010917381315,0.5509497062111595,0.9299359740920516,False,1.97997223073461,False
5,1a7g,65,N,restricted_s231301,False,I,0.6758269173152579,0.6733377963338025,False,1.9695225239642618,0.5466224077515989,0.546622407751599,0.9963169253581324,0.5466162120283385,1.9768032378415175,False,4.328052033528629,False
5,1a7g,65,N,restricted_s231301,False,K,0.738992901908224,0.7262409616419379,False,1.5211722473367324,0.4727366776139484,0.4727366776139488,0.9827441640733514,0.4725740656333935,1.5478822494673121,False,2.8343755041469345,False
5,1a7g,65,N,restricted_s231301,False,L,0.6469979750158511,0.6351129433643526,False,1.36985783710904,0.5967728031484258,0.5967728031484257,0.9816304963686981,0.5966315491710686,1.3954923386920983,False,3.3336623769968154,False
5,1a7g,65,N,restricted_s231301,False,M,0.7597783366763335,0.7458825484280059,False,1.4729433980157982,0.4438523168815856,0.4438523168815856,0.9817107338054478,0.44365922395054325,1.500384326354632,False,2.5991342112076907,False
5,1a7g,65,N,restricted_s231301,False,P,0.6780710361142324,0.6919066572379804,False,126.99778429692374,0.5214566020816438,0.5214566020816439,1.0204043830024576,0.521265177669764,124.45828968633298,False,270.69076591798415,False
5,1a7g,65,N,restricted_s231301,False,Q,0.6323806858480497,0.630332632059624,False,1.1403120584547253,0.6026849674851069,0.6026849674851071,0.9967613593611272,0.6026807729607867,1.1440171187871957,False,2.8607198447233437,False
5,1a7g,65,N,restricted_s231301,False,R,0.6705882318538201,0.6670803564494276,False,2.707802893975486,0.5550161032291574,0.5550161032291573,0.9947689577034552,0.5550037980393047,2.722042010867305,False,6.053171354357563,False
5,1a7g,65,N,restricted_s231301,False,S,0.6369347204277055,0.6491727763168209,False,1.8799153644386515,0.578724476501056,0.578724476501056,1.01921398770803,0.5785747064891108,1.8444756323116545,False,4.546561548740083,False
5,1a7g,65,N,restricted_s231301,False,T,0.7102657150405789,0.721169104701125,False,1.0598903244331066,0.4800340063306674,0.4800340063306674,1.0153511417342216,0.47991512242457773,1.0438657926978956,False,2.06920235028396,False
5,1a7g,65,N,restricted_s231301,False,V,0.6606884748986955,0.6713751076081275,False,1.8093270010649904,0.5493696690028416,0.5493696690028415,1.0161749948961505,0.5492554648841752,1.7805269861515312,False,4.079013083542396,False
5,1a7g,65,N,restricted_s231301,False,W,0.7256498422314106,0.71900365172043,False,2.961862327781842,0.48307792066099486,0.48307792066099503,0.9908410501536896,0.48303374881268657,2.9892406328163603,False,5.676840166122688,False
5,1a7g,65,N,restricted_s231301,False,Y,0.7270068476362425,0.7158641883879365,False,2.0312222076279913,0.487662622638805,0.4876626226388048,0.984673240307798,0.48753846378368104,2.062838842856188,False,3.9029078508751534,False
5,1a7g,65,N,restricted_s231303,False,A,0.6279963257776404,0.6339125122112356,False,2.8662613484617006,0.5981899281239571,0.5981899281239571,1.0094207341520178,0.5981549268620402,2.839511069553723,False,7.199948009919879,False
5,1a7g,65,N,restricted_s231303,False,C,0.6240109392854373,0.6165434156049822,False,0.716253047506132,0.6199299805840605,0.6199299805840603,0.9880330244065813,0.6198742166741422,0.7249282461346046,False,1.8617039301468894,False
5,1a7g,65,N,restricted_s231303,False,D,0.6138196557166496,0.6130250758238661,False,0.46174151769286337,0.6242008877683494,0.6242008877683494,0.9987055157237416,0.6242002564111432,0.4623400095655311,False,1.227099827569409,False
5,1a7g,65,N,restricted_s231303,False,E,0.6958285981401169,0.7101625562840793,False,1.0657440897200938,0.4958746060081349,0.49587460600813466,1.02059984050997,0.4956691436520619,1.0442330553251569,False,2.156715644704411,False
5,1a7g,65,N,restricted_s231303,False,F,0.7351060444177263,0.7294929309855483,False,1.9241843375636154,0.46787157068451635,0.4678715706845167,0.9923642126536668,0.4678400636421139,1.9389900532770945,False,3.5881913400235206,False
5,1a7g,65,N,restricted_s231303,False,G,0.6504586833041645,0.6821632019180354,False,121.08395274478984,0.535658542449471,0.5356585424494713,1.0487417870306843,0.5346533659489338,115.45640141565862,False,272.8843225464797,False
5,1a7g,65,N,restricted_s231303,False,H,0.6789536669975036,0.6730031723810884,False,0.9047244953105986,0.547102138351171,0.5471021383511713,0.9912357869090983,0.5470667299649911,0.9127238011974307,False,1.97997223073461,False
5,1a7g,65,N,restricted_s231303,False,I,0.6630788323247008,0.6683361855854115,False,1.9180177107424108,0.5533543828004502,0.5533543828004501,1.0079287001852841,0.5533267430371422,1.9029299496976604,False,4.328052033528629,False
5,1a7g,65,N,restricted_s231303,False,K,0.7206197967794342,0.7268620139989846,False,1.4846208241641974,0.47171057788115583,0.4717105778811561,1.0086622893895614,0.4716716126053398,1.4718710511748032,False,2.8343755041469345,False
5,1a7g,65,N,restricted_s231303,False,L,0.6286892874244634,0.6305011620811231,False,1.321428183759685,0.602471567504125,0.6024715675041248,1.0028819874823733,0.6024682846143535,1.3176307883213532,False,3.3336623769968154,False
5,1a7g,65,N,restricted_s231303,False,M,0.7450610153739657,0.7460939851106713,False,1.444821130016343,0.4433448324081545,0.4433448324081545,1.0013864230115261,0.4433437653816776,1.4428207700991695,False,2.5991342112076907,False
5,1a7g,65,N,restricted_s231303,False,P,0.6638228533066824,0.6957702644773245,False,125.02345740973449,0.5169243761496598,0.5169243761496601,1.048126410549898,0.5159037390691539,119.2828042031124,False,270.69076591798415,False
5,1a7g,65,N,restricted_s231303,False,Q,0.6084180218838938,0.6225700307010738,False,1.083591548790154,0.6126068362264256,0.6126068362264259,1.0232603379718435,0.6124065568728642,1.0589597862630835,False,2.8607198447233437,False
5,1a7g,65,N,restricted_s231303,False,R,0.6565949705676005,0.6660344165690106,False,2.6471417116213267,0.5564872590863912,0.5564872590863912,1.014376360503112,0.5563981559455776,2.6096248046517894,False,6.053171354357563,False
5,1a7g,65,N,restricted_s231303,False,S,0.6562163012853763,0.6491509013769164,False,1.9367597626528172,0.5786530271174033,0.5786530271174033,0.9892331234463084,0.5786031072415367,1.9578395797195896,False,4.546561548740083,False
5,1a7g,65,N,restricted_s231303,False,T,0.7304278236419468,0.7260062202196041,False,1.0972879570374903,0.47293451877926806,0.4729345187792681,0.9939465566901651,0.4729149682024437,1.103970781579496,False,2.06920235028396,False
5,1a7g,65,N,restricted_s231303,False,V,0.6648854648353081,0.6655368206919566,False,1.8049867780188606,0.5570611645676946,0.5570611645676945,1.000979651219793,0.5570607403032425,1.8032202511003148,False,4.079013083542396,False
5,1a7g,65,N,restricted_s231303,False,W,0.7166206235478302,0.7198152407665314,False,2.928309705967614,0.4818762247393947,0.4818762247393947,1.0044578918241083,0.4818660191602204,2.915313553512698,False,5.676840166122688,False
5,1a7g,65,N,restricted_s231303,False,Y,0.7144433015493332,0.716041053796669,False,1.9966134360335632,0.48728776208999947,0.48728776208999924,1.0022363597557302,0.48728520927775565,1.992158253488416,False,3.9029078508751534,False
5,1a7g,65,N,expanded_s231301,False,A,0.01780202382753215,0.0812677790851015,False,0.010416387550064424,0.9974234501729888,0.997423450172989,4.565086524567777,0.9933955480825751,0.0022817503006803685,False,7.199948009919879,False
5,1a7g,65,N,expanded_s231301,False,C,0.03500892299332491,0.03917422736207229,False,0.002553229217573263,0.998482729671069,0.9984827296710689,1.118978363588665,0.9984653799105846,0.0022817503006803685,False,1.8617039301468894,False
5,1a7g,65,N,expanded_s231301,False,D,0.04312152493321103,0.08057312519733466,False,0.004263479849808854,0.9949105938582783,0.9949105938582785,1.8685128905373987,0.9935079714959347,0.0022817503006803685,False,1.227099827569409,False
5,1a7g,65,N,expanded_s231301,False,E,0.0325265209814081,-0.029282205627866126,False,-0.002054160097053068,1.0029628711186274,1.0029628711186276,-0.900256306064937,0.9991425524335674,0.0022817503006803685,False,2.156715644704411,False
5,1a7g,65,N,expanded_s231301,False,F,0.025217165072707746,0.06695657473958141,False,0.006058499601524105,0.997258995418482,0.9972589954184821,2.655198335995657,0.9955168170991429,0.0022817503006803685,False,3.5881913400235206,False
5,1a7g,65,N,expanded_s231301,False,G,0.0028916436062840062,0.07252520241639385,False,0.05722849180337682,0.999588927527022,0.9995889275270222,25.080961657510258,0.994740095014461,0.0022817503006803685,False,272.8843225464797,False
5,1a7g,65,N,expanded_s231301,False,H,0.033947242955000845,0.002860541482749707,False,0.0001922701468577229,1.0009582003108504,1.0009582003108504,0.08426432410259445,0.9999918173024255,0.0022817503006803685,False,1.97997223073461,False
5,1a7g,65,N,expanded_s231301,False,I,0.022960842604573994,0.04044208769457134,False,0.004018961644676197,0.9986700314728011,0.9986700314728011,1.7613503298226056,0.9983644375429047,0.0022817503006803685,False,4.328052033528629,False
5,1a7g,65,N,expanded_s231301,False,K,0.0283730070011974,-0.04399596161395362,False,-0.003538144498999491,1.0033016229800842,1.0033016229800842,-1.5506273836994753,0.9980643553616635,0.0022817503006803685,False,2.8343755041469345,False
5,1a7g,65,N,expanded_s231301,False,L,0.026162139157198627,0.013600637589699085,False,0.001186189658394263,0.9999728139787839,0.9999728139787839,0.5198595385483534,0.9998150226571537,0.0022817503006803685,False,3.3336623769968154,False
5,1a7g,65,N,expanded_s231301,False,M,0.029629184980570236,0.04014750130291455,False,0.003091768242344941,0.9984988131173892,0.9984988131173892,1.3549985033082028,0.9983881781391325,0.0022817503006803685,False,2.5991342112076907,False
5,1a7g,65,N,expanded_s231301,False,P,0.002903336257873716,0.0857593664562834,False,0.0673988276993763,0.9995104528052565,0.9995104528052567,29.538213571958085,0.9926453310650168,0.0022817503006803685,False,270.69076591798415,False
5,1a7g,65,N,expanded_s231301,False,Q,0.02824206146535846,-0.04927284064081636,False,-0.0039808821705689754,1.0035807472237146,1.0035807472237148,-1.744661617610815,0.9975721871751847,0.0022817503006803685,False,2.8607198447233437,False
5,1a7g,65,N,expanded_s231301,False,R,0.01941523153787809,-0.007337718767781597,False,-0.0008623560307292366,1.0006618782333419,1.000661878233342,-0.3779361968187758,0.999946157883285,0.0022817503006803685,False,6.053171354357563,False
5,1a7g,65,N,expanded_s231301,False,S,0.022402295465205297,0.07686227405183192,False,0.007828685109574648,0.9970580800952368,0.997058080095237,3.430999924593109,0.994092190827581,0.0022817503006803685,False,4.546561548740083,False
5,1a7g,65,N,expanded_s231301,False,T,0.03320722438114721,0.03427146067113679,False,0.0023548766013553905,0.9988265995823475,0.9988265995823475,1.0320483361624702,0.9988254669834667,0.0022817503006803685,False,2.06920235028396,False
5,1a7g,65,N,expanded_s231301,False,V,0.02365138126454746,0.042141757154155544,False,0.004065596253434433,0.9985659663044991,0.9985659663044991,1.7817884157710684,0.9982240723039602,0.0022817503006803685,False,4.079013083542396,False
5,1a7g,65,N,expanded_s231301,False,W,0.020048446450986655,0.05363930972602916,False,0.006104787789660935,0.9982511705476778,0.9982511705476778,2.675484599625393,0.9971228244521151,0.0022817503006803685,False,5.676840166122688,False
5,1a7g,65,N,expanded_s231301,False,Y,0.024179087641729477,0.03372330432287508,False,0.0031824261079998243,0.9989538308176034,0.9989538308176032,1.3947302240086892,0.9988627387455468,0.0022817503006803685,False,3.9029078508751534,False
5,1a7g,65,N,expanded_s231303,False,A,0.6042605933578585,0.6093968073228722,False,2.6512690854198535,0.6286619119185846,0.6286619119185847,1.0084999982151275,0.6286355312246902,2.6289232425504676,False,7.199948009919879,False
5,1a7g,65,N,expanded_s231303,False,C,0.6025517344138601,0.6005166549690428,False,0.6736433288045592,0.6393838886531383,0.639383888653138,0.9966225647880728,0.6393797471047915,0.6759262258403776,False,1.8617039301468894,False
5,1a7g,65,N,expanded_s231303,False,D,0.6030932324614863,0.5872357862199439,False,0.4345871330295979,0.6554055899839477,0.6554055899839479,0.9737064762328351,0.6551541313826444,0.44632252494711594,False,1.227099827569409,False
5,1a7g,65,N,expanded_s231303,False,E,0.7024714051305494,0.7011688988401372,False,1.0622926666415788,0.508363871821946,0.5083638718219458,0.9981458230457508,0.5083621752993094,1.0642660041396454,False,2.156715644704411,False
5,1a7g,65,N,expanded_s231303,False,F,0.7145634596495879,0.716533067989138,False,1.837183920369511,0.48658424183508453,0.4865842418350846,1.0027563798749464,0.4865803624780733,1.8321338634600621,False,3.5881913400235206,False
5,1a7g,65,N,expanded_s231303,False,G,0.6088186176514759,0.6289040711653002,False,104.48427090963251,0.604883094714567,0.604883094714567,1.0329908661323535,0.604479669271711,101.14733279378805,False,272.8843225464797,False
5,1a7g,65,N,expanded_s231303,False,H,0.6661036046707207,0.6609475032802474,False,0.8717016128942132,0.563174983289156,0.5631749832891563,0.9922593101819016,0.5631483979076074,0.8785018230107736,False,1.97997223073461,False
5,1a7g,65,N,expanded_s231303,False,I,0.6569304926754227,0.6561232877109694,False,1.8655089919292065,0.5695028829032031,0.569502882903203,0.9987712475315832,0.5695022313233483,1.8678040607794082,False,4.328052033528629,False
5,1a7g,65,N,expanded_s231303,False,K,0.7100220819198597,0.7191484523333422,False,1.4472641079574695,0.4829087941434828,0.48290879414348264,1.0128536430709383,0.4828255035065586,1.4288975686254266,False,2.8343755041469345,False
5,1a7g,65,N,expanded_s231303,False,L,0.6147992603053016,0.6177903632457541,False,1.2661818375537757,0.6183440137774796,0.6183440137774793,1.0048651700377245,0.6183350670806792,1.26005147288192,False,3.3336623769968154,False
5,1a7g,65,N,expanded_s231303,False,M,0.7390214431502824,0.7370333565717656,False,1.415705401710721,0.4567857837888005,0.4567857837888003,0.9973098391163833,0.4567818313005568,1.4195241500525415,False,2.5991342112076907,False
5,1a7g,65,N,expanded_s231303,False,P,0.6231668093392185,0.645078291935245,False,108.81535480429554,0.5843541103434627,0.5843541103434629,1.0351615045404305,0.5838739972739068,105.11920538680108,False,270.69076591798415,False
5,1a7g,65,N,expanded_s231303,False,Q,0.6096481454822164,0.6101687365300292,False,1.064154136329075,0.6276943839763868,0.627694383976387,1.0008539204977014,0.6276941129613478,1.0632462085974503,False,2.8607198447233437,False
5,1a7g,65,N,expanded_s231303,False,R,0.6525166247242055,0.6548476073131063,False,2.5865137665060907,0.5711800446761294,0.5711800446761293,1.0035722960926643,0.5711746111962998,2.5773068632688383,False,6.053171354357563,False
5,1a7g,65,N,expanded_s231303,False,S,0.6294350396901843,0.6219423452361054,False,1.779852928212539,0.6132438596723953,0.6132438596723953,0.9880961592831454,0.6131877192022132,1.8012952600724668,False,4.546561548740083,False
5,1a7g,65,N,expanded_s231303,False,T,0.7160815058867748,0.7158017866740107,False,1.0606160588818827,0.48762788043713184,0.48762788043713196,0.9996093751752217,0.4876278021942939,1.0610305237443047,False,2.06920235028396,False
5,1a7g,65,N,expanded_s231303,False,V,0.6549122988234335,0.6544754014256604,False,1.74836286178843,0.5716621398080568,0.5716621398080568,0.9993328917496923,0.5716619489287207,1.7495299876773702,False,4.079013083542396,False
5,1a7g,65,N,expanded_s231303,False,W,0.7015285297285783,0.7034475297367033,False,2.8014554023395757,0.505165255468361,0.505165255468361,1.0027354554045973,0.5051615729073298,2.793813051328884,False,5.676840166122688,False
5,1a7g,65,N,expanded_s231303,False,Y,0.6949113420781086,0.6992319395846944,False,1.8964393386560283,0.5110933622274401,0.5110933622274398,1.0062174801949055,0.5110746946646262,1.884721122404558,False,3.9029078508751534,False
5,1a7g,34,S,restricted_s231301,True,A,0.9490667826335456,-0.03477424583189324,False,-0.10945799503885532,1.9667339211187556,1.9667339211187556,-0.036640462471354135,0.9987907518268231,2.9873529878186074,False,3.3165992294817324,False
5,1a7g,34,S,restricted_s231301,True,C,0.36795117037368397,0.1146217503543652,False,0.6715938748825647,1.0510376493930262,1.0510376493930262,0.3115134821774248,0.9868618543457016,2.1559062875489077,False,15.923902206492123,False
5,1a7g,34,S,restricted_s231301,True,D,0.522766853692853,0.1218665511378623,False,0.8672899024413383,1.145869596302446,1.1458695963024461,0.23311835912508694,0.9851485437137628,3.720384381978113,False,13.613560518657158,False
5,1a7g,34,S,restricted_s231301,True,E,1.1856830678418786,0.2917776492714397,False,1.0306179799005843,1.7139327007352243,1.7139327007352239,0.24608401451031842,0.9148658033856327,4.188073662368549,False,2.9790450841894676,False
5,1a7g,34,S,restricted_s231301,True,F,1.117107636076496,0.25874396099504976,False,2.015777010379877,1.6698397613479188,1.6698397613479192,0.23161954375659805,0.9330515626485922,8.702965983294552,False,6.973924559411812,False
5,1a7g,34,S,restricted_s231301,True,G,0.32745078572330377,0.20320868973141423,False,1.6237560263688164,0.9741423268340997,0.9741423268340996,0.6205778046387886,0.9587062284176419,2.61652288275752,False,24.402395603492558,False
5,1a7g,34,S,restricted_s231301,True,H,1.2155400356256147,0.17621489415182054,False,0.8656652954745144,2.049145060778585,2.0491450607785846,0.14496840004214767,0.9689483110790627,5.971406839165181,False,4.041458523447209,False
5,1a7g,34,S,restricted_s231301,True,I,1.1191530465457131,0.16226760981644736,False,1.0217402006716838,1.889298961829015,1.889298961829015,0.14499143822847943,0.9736692228044571,7.046900238768664,False,5.626251746808292,False
5,1a7g,34,S,restricted_s231301,True,K,1.3323306085741042,0.27660961371892434,False,1.1149325675681314,2.038033940576278,2.0380339405762777,0.2076133445699032,0.9234871215982675,5.370235568806295,False,3.025306120459427,False
5,1a7g,34,S,restricted_s231301,True,L,1.3757059143597998,0.2277210089934383,False,1.3082165140118556,2.2660124850120247,2.2660124850120242,0.1655302972942519,0.9481431420630103,7.903184706340063,False,4.175908011101597,False
5,1a7g,34,S,restricted_s231301,True,M,1.3362854960681396,0.2280801121992188,False,1.0916976919556194,2.1760986352552543,2.1760986352552543,0.17068217298647426,0.9479794624191917,6.396085032513215,False,3.581918660833814,False
5,1a7g,34,S,restricted_s231301,True,N,1.0443796090358146,0.13170094447238834,False,0.5639344474230396,1.8156372059743597,1.8156372059743602,0.12610447708183087,0.9826548612250807,4.471962141812737,False,4.099976340549357,False
5,1a7g,34,S,restricted_s231301,True,P,1.1036168715309942,0.030978467220651146,False,0.3996913944783817,2.1495934809700983,2.1495934809700983,0.028069947116408447,0.999040334568659,14.239121748994668,False,11.690862189559931,False
5,1a7g,34,S,restricted_s231301,True,Q,0.9828095734507133,0.23239086504739453,False,1.0252432866723,1.5091227237642288,1.5091227237642288,0.23645563833027583,0.9459944858425237,4.335880057299643,False,4.48888524766259,False
5,1a7g,34,S,restricted_s231301,True,R,0.15349488146365467,0.20936972565001702,False,7.828530383772432,0.9592863161940869,0.959286316194087,1.3640176379405373,0.9561643179812366,5.739317561605979,False,243.5972940502737,False
5,1a7g,34,S,restricted_s231301,True,T,0.9716460320641102,0.08553674408563118,False,0.29240833669994304,1.777873135652956,1.777873135652956,0.08803282395330915,0.9926834654112293,3.321583059235162,False,3.5182682887460834,False
5,1a7g,34,S,restricted_s231301,True,V,0.9539770549119942,0.12503414894853956,False,0.5580414501315665,1.6715128029438515,1.671512802943851,0.13106620154514528,0.9843664615967145,4.257706743254866,False,4.678427319954495,False
5,1a7g,34,S,restricted_s231301,True,W,1.1293887106113976,0.33191469820484737,False,3.078405059932646,1.5257974335793878,1.5257974335793878,0.29388880470140744,0.8898326331155851,10.47472721208391,False,8.212130406997652,False
5,1a7g,34,S,restricted_s231301,True,Y,1.0687029672798345,0.34814197694190924,False,2.1698085928222244,1.3980053046877507,1.3980053046877507,0.3257612148565786,0.8787971638909791,6.660733365012518,False,5.831872470114604,False
5,1a7g,34,S,restricted_s231303,True,A,0.9515192048438728,-0.036894021302659806,False,-0.11643044247379292,1.9755995368135157,1.9755995368135153,-0.03877380626144425,0.9986388311921189,3.0028117871308546,False,3.3165992294817324,False
5,1a7g,34,S,restricted_s231303,True,C,0.39208828643410176,0.09524180519062592,False,0.5946494042724274,1.079046831970664,1.079046831970664,0.24290908064817487,0.9909289985440309,2.4480328305787253,False,15.923902206492123,False
5,1a7g,34,S,restricted_s231303,True,D,0.5483673923612348,0.10073262675646294,False,0.7519924974431127,1.1902298212847824,1.1902298212847824,0.18369550808394117,0.9898529379067431,4.0936901793999425,False,13.613560518657158,False
5,1a7g,34,S,restricted_s231303,True,E,1.0453277071053568,0.2727802946783903,False,0.8494592146616705,1.5224204152827718,1.522420415282772,0.26095194150526546,0.9255909108351705,3.255232399351703,False,2.9790450841894676,False
5,1a7g,34,S,restricted_s231303,True,F,0.9288181781171398,0.2573281404472552,False,1.6668450635655954,1.3846810988238605,1.384681098823861,0.27704899248300646,0.9337822281339577,6.016427089760436,False,6.973924559411812,False
5,1a7g,34,S,restricted_s231303,True,G,0.36975130752035734,0.21342458832831002,False,1.9256911491331743,0.9788879882302407,0.9788879882302407,0.5772111794805743,0.9544499450968914,3.336198635075089,False,24.402395603492558,False
5,1a7g,34,S,restricted_s231303,True,H,1.144595703561186,0.13203119233744534,False,0.6107546508311247,2.007854653639725,2.007854653639725,0.11535181542850118,0.9825677642499525,5.2947120820104505,False,4.041458523447209,False
5,1a7g,34,S,restricted_s231303,True,I,0.9464563549865139,0.1547242482980367,False,0.8239068883933148,1.602900135749982,1.602900135749982,0.1634774255388051,0.9760604069886075,5.039881718700921,False,5.626251746808292,False
5,1a7g,34,S,restricted_s231303,True,K,1.2328098838245296,0.2668962785588021,False,0.9954236432842309,1.861755469328898,1.861755469328898,0.21649427219938677,0.9287663764914623,4.597921382268563,False,3.025306120459427,False
5,1a7g,34,S,restricted_s231303,True,L,1.0529707867313713,0.24403425942243004,False,1.0730452734988936,1.5948255854427957,1.5948255854427957,0.23175786308370475,0.9404472802281462,4.630027474456555,False,4.175908011101597,False
5,1a7g,34,S,restricted_s231303,True,M,1.0848542909556862,0.23537936073002255,False,0.9146512024505724,1.666204213624222,1.666204213624222,0.21696864057445783,0.9445965565423259,4.215591709607862,False,3.581918660833814,False
5,1a7g,34,S,restricted_s231303,True,N,1.1069785823921114,0.1456455523502132,False,0.6610248644660693,1.9029485677301388,1.9029485677301385,0.13157034351602567,0.9787873730806013,5.024117493358634,False,4.099976340549357,False
5,1a7g,34,S,restricted_s231303,True,P,1.063851206249216,0.04011745641486035,False,0.4989543588116493,2.0464213802407127,2.046421380240713,0.037709649788621374,0.9983905896908019,13.231476866226567,False,11.690862189559931,False
5,1a7g,34,S,restricted_s231303,True,Q,0.9456345309440797,0.22255569069468298,False,0.944714387639894,1.4733119737558251,1.4733119737558253,0.23535063855218274,0.9504689645394125,4.014071911814375,False,4.48888524766259,False
5,1a7g,34,S,restricted_s231303,True,R,0.1417976145071456,0.20495066648283522,False,7.0793065608956685,0.9619835322820858,0.9619835322820859,1.4453745727330778,0.9579952243082416,4.897904456357852,False,243.5972940502737,False
5,1a7g,34,S,restricted_s231303,True,T,0.9189815793561182,0.08610927588661137,False,0.27841055577051654,1.6862614664928854,1.686261466492886,0.09370076378129753,0.9925851926062834,2.971273066891336,False,3.5182682887460834,False
5,1a7g,34,S,restricted_s231303,True,V,0.8286116757106632,0.11796480717489388,False,0.4573023126625539,1.4911032760278853,1.491103276027885,0.14236440377661916,0.9860843042681902,3.212195608813119,False,4.678427319954495,False
5,1a7g,34,S,restricted_s231303,True,W,0.9191349789634278,0.3309427051498039,False,2.497974173484027,1.236447076882171,1.2364470768821707,0.36005887353240645,0.89047692590813,6.937682576677842,False,8.212130406997652,False
5,1a7g,34,S,restricted_s231303,True,Y,0.9644000263652698,0.3485489093128767,False,1.9603289790246465,1.2577862561914845,1.2577862561914845,0.3614152838905695,0.8785136578168041,5.424034528706322,False,5.831872470114604,False
5,1a7g,34,S,expanded_s231301,True,A,0.026229351942602692,-0.06321655361997709,False,-0.0054993501381966,1.0040042373703224,1.0040042373703226,-2.4101454644519222,0.9960036673484126,0.0022817503006803685,False,3.3165992294817324,False
5,1a7g,34,S,expanded_s231301,True,C,0.011970417761364005,0.054476249951249854,False,0.010384031884618151,0.9988390839614038,0.9988390839614039,4.550906329023758,0.9970323381912489,0.0022817503006803685,False,15.923902206492123,False
5,1a7g,34,S,expanded_s231301,True,D,0.012946375374682467,0.07624748552280217,False,0.01343833451314886,0.9981933514974345,0.9981933514974346,5.889485150562636,0.9941863209514501,0.0022817503006803685,False,13.613560518657158,False
5,1a7g,34,S,expanded_s231301,True,E,0.027675502836707524,0.0692713378894879,False,0.005711184255276729,0.9969316952407384,0.9969316952407385,2.502983895114981,0.9952014817470004,0.0022817503006803685,False,2.9790450841894676,False
5,1a7g,34,S,expanded_s231301,True,F,0.018088203513146404,0.0017385922964022703,False,0.0002193160582361446,1.0002642870837657,1.0002642870837655,0.09611746656535963,0.9999969772968269,0.0022817503006803685,False,6.973924559411812,False
5,1a7g,34,S,expanded_s231301,True,G,0.009669807454288831,0.12047647329966799,False,0.028428407750198083,0.997763536577044,0.9977635365770439,12.459035391261413,0.9854854193812744,0.0022817503006803685,False,24.402395603492558,False
5,1a7g,34,S,expanded_s231301,True,H,0.023761015366189076,-0.034982077455526006,False,-0.0033592994458541293,1.0022270052111562,1.002227005211156,-1.4722467418334333,0.9987762542568956,0.0022817503006803685,False,4.041458523447209,False
5,1a7g,34,S,expanded_s231301,True,I,0.02013837751135922,-0.006353915935691105,False,-0.0007199214330242453,1.0006614693643667,1.000661469364367,-0.31551280296077105,0.9999596277522821,0.0022817503006803685,False,5.626251746808292,False
5,1a7g,34,S,expanded_s231301,True,K,0.027463089688585518,0.0071029684576411865,False,0.0005901448306700228,1.0003640823756286,1.0003640823756286,0.25863690277330276,0.9999495478390897,0.0022817503006803685,False,3.025306120459427,False
5,1a7g,34,S,expanded_s231301,True,L,0.0233753755279884,0.007462825225591436,False,0.0007284718776829718,1.0001975154967786,1.0001975154967786,0.3192601212611903,0.9999443062396524,0.0022817503006803685,False,4.175908011101597,False
5,1a7g,34,S,expanded_s231301,True,M,0.02523923564591334,-0.00872441331857776,False,-0.0007887296189236177,1.0010774140632297,1.00107741406323,-0.3456686819273939,0.9999238846122466,0.0022817503006803685,False,3.581918660833814,False
5,1a7g,34,S,expanded_s231301,True,N,0.02359083879555599,0.08003999538661377,False,0.007741618902260701,0.9967801064183526,0.9967801064183528,3.3928422842553445,0.9935935991385109,0.0022817503006803685,False,4.099976340549357,False
5,1a7g,34,S,expanded_s231301,True,P,0.013970462620143221,0.013186073528223888,False,0.002153638577038751,0.9998267427311557,0.9998267427311559,0.9438537496397316,0.9998261274649083,0.0022817503006803685,False,11.690862189559931,False
5,1a7g,34,S,expanded_s231301,True,Q,0.022545756205357807,0.006987062004551754,False,0.0007071277931218687,1.0001932539297789,1.0001932539297789,0.3099058617023162,0.9999511809645446,0.0022817503006803685,False,4.48888524766259,False
5,1a7g,34,S,expanded_s231301,True,R,0.0030605383681209736,0.07534492392978917,False,0.0561725690559095,0.9995481748340422,0.9995481748340423,24.61819290180878,0.9943231424380143,0.0022817503006803685,False,243.5972940502737,False
5,1a7g,34,S,expanded_s231301,True,T,0.025466518744377668,-0.022365896225070056,False,-0.0020039405836656155,1.0017877066078589,1.0017877066078587,-0.8782470996357856,0.9994997666860495,0.0022817503006803685,False,3.5182682887460834,False
5,1a7g,34,S,expanded_s231301,True,V,0.02208432423547021,-0.010980712928913006,False,-0.0011345262259367746,1.0009727206262546,1.0009727206262549,-0.49721752007591863,0.9998794239435728,0.0022817503006803685,False,4.678427319954495,False
5,1a7g,34,S,expanded_s231301,True,W,0.016668869233603056,0.018078197413240914,False,0.0024746689055706963,0.9996751649842058,0.9996751649842056,1.0845485173521412,0.9996731787782879,0.0022817503006803685,False,8.212130406997652,False
5,1a7g,34,S,expanded_s231301,True,Y,0.01978017133095901,0.0031862932757003425,False,0.00036755625207886424,1.000265204324074,1.000265204324074,0.1610852212747674,0.9999898475351613,0.0022817503006803685,False,5.831872470114604,False
5,1a7g,34,S,expanded_s231303,True,A,0.5103796971666301,-0.001903050149067353,False,-0.0032213403930019717,1.2624299915974488,1.262429991597449,-0.003728694851366786,0.9999963784001301,0.8639324271389923,False,3.3165992294817324,False
5,1a7g,34,S,expanded_s231303,True,C,0.2267173839756457,0.12335548152204086,False,0.44534109890381923,0.9954671080572939,0.9954671080572941,0.5440936171674065,0.9847834251784654,0.8185008697993913,False,15.923902206492123,False
5,1a7g,34,S,expanded_s231303,True,D,0.3235502155238644,0.1267730939010593,False,0.5583936992754267,1.0226498182569095,1.0226498182569097,0.39181891347468073,0.9839285826627532,1.4251320701278756,False,13.613560518657158,False
5,1a7g,34,S,expanded_s231303,True,E,0.7664448756672875,0.3252768071230306,False,0.7426960241891317,1.0888242634509169,1.0888242634509169,0.4243968711250576,0.8941949987478468,1.7500035337684676,False,2.9790450841894676,False
5,1a7g,34,S,expanded_s231303,True,F,0.7887773582151514,0.34820491671534937,False,1.9154313000355583,1.0728574121843533,1.0728574121843533,0.44144892483129694,0.8787533359752565,4.338964696238766,False,6.973924559411812,False
5,1a7g,34,S,expanded_s231303,True,G,0.2637346117684514,0.19539689080187536,False,1.2575267769786878,0.9664900991718656,0.9664900991718658,0.7408845183104981,0.9618200550649599,1.697331697315437,False,24.402395603492558,False
5,1a7g,34,S,expanded_s231303,True,H,0.8033698075670357,0.2450299959296084,False,0.795559900643624,1.2517036463540538,1.2517036463540536,0.30500274421772106,0.939960301094736,2.608369648227581,False,4.041458523447209,False
5,1a7g,34,S,expanded_s231303,True,I,0.7691440905802085,0.21375775651246223,False,0.925014948547192,1.2627616015999692,1.2627616015999692,0.2779163997102451,0.9543076215307589,3.3283928170903554,False,5.626251746808292,False
5,1a7g,34,S,expanded_s231303,True,K,0.988136368597712,0.3200914108487018,False,0.9568860661681237,1.3438255542747644,1.3438255542747646,0.3239344497591473,0.8975414887008876,2.953949686054047,False,3.025306120459427,False
5,1a7g,34,S,expanded_s231303,True,L,0.9536732916089116,0.2907140926883737,False,1.1577549019479656,1.355000215745737,1.3550002157457373,0.3048361480249901,0.9154853163123756,3.797958048771349,False,4.175908011101597,False
5,1a7g,34,S,expanded_s231303,True,M,0.8876187257211774,0.28346069183306827,False,0.901228709409118,1.284656966097064,1.2846569660970641,0.31934960768516973,0.9196500361855182,2.8220755176176473,False,3.581918660833814,False
5,1a7g,34,S,expanded_s231303,True,N,0.5958927374064736,0.2033070858792667,False,0.49670891902489495,1.1127897226163221,1.1127897226163221,0.3411806741665082,0.9586662288312805,1.4558530322338348,False,4.099976340549357,False
5,1a7g,34,S,expanded_s231303,True,P,0.40279536638235075,0.03834539144390168,False,0.1805694115060459,1.13135341518765,1.1313534151876503,0.095198194031613,0.998529630955014,1.8967734980989577,False,11.690862189559931,False
5,1a7g,34,S,expanded_s231303,True,Q,0.7441042405633886,0.24904734934683984,False,0.8318675947184265,1.183056743324307,1.183056743324307,0.33469416752453524,0.9379754177833132,2.4854559040304918,False,4.48888524766259,False
5,1a7g,34,S,expanded_s231303,True,R,0.11064974766944485,0.1433914798528534,False,3.8649709538855577,0.9805109045319789,0.9805109045319789,1.2959042643388685,0.9794388835056088,2.9824509882736976,False,243.5972940502737,False
5,1a7g,34,S,expanded_s231303,True,T,0.5871036594233765,0.11257020285672964,False,0.23252368124662054,1.2125099508298844,1.2125099508298844,0.19173820678837258,0.9873279494287948,1.212714383541013,False,3.5182682887460834,False
5,1a7g,34,S,expanded_s231303,True,V,0.6709721677466515,0.17378563965943772,False,0.5455295491991394,1.2169929951595777,1.216992995159578,0.25900573527970305,0.9697985514481601,2.1062450551916014,False,4.678427319954495,False
5,1a7g,34,S,expanded_s231303,True,W,0.7076538017412336,0.43551918706674175,False,2.530952382086042,0.8843802862007587,0.8843802862007587,0.6154410334475913,0.8103230376967244,4.112420596832968,False,8.212130406997652,False
5,1a7g,34,S,expanded_s231303,True,Y,0.8445646335808941,0.4149547901410089,False,2.0438155165286633,1.012377139719474,1.012377139719474,0.4913239006725039,0.8278125221390313,4.159812933446089,False,5.831872470114604,False
9,4pql,42,L,restricted_s231301,True,A,0.5940475613337491,0.16559979146454973,False,0.6457644731259771,1.1561442005727878,1.1561442005727882,0.2787652071035304,0.9725767090668976,2.316517473022188,False,6.564371414437681,False
9,4pql,42,L,restricted_s231301,True,C,0.41928225213438813,0.16013369835671284,False,0.4024765449035083,1.041515171575662,1.041515171575662,0.3819233882224685,0.9743571986506013,1.0538148678893362,False,5.994477889336568,False
9,4pql,42,L,restricted_s231301,True,D,0.8908657860973305,0.09986655588830674,False,0.14472745995258327,1.6157064532062757,1.615706453206276,0.1121005626737538,0.9900266710150077,1.2910502543487092,False,1.626741654611155,False
9,4pql,42,L,restricted_s231301,True,E,0.7192379361253065,0.19912293050593627,False,0.6303849512083142,1.2308696776171655,1.2308696776171655,0.2768526526543572,0.9603500585467282,2.276969157291522,False,4.401614215271625,False
9,4pql,42,L,restricted_s231301,True,F,0.7734088204137815,0.08282359516499059,False,0.4117286068814909,1.4700482054158688,1.4700482054158688,0.10708902326802938,0.9931402520839457,3.8447321146163573,False,6.427585226456386,False
9,4pql,42,L,restricted_s231301,True,G,0.4495371637422313,0.24182683391373225,False,0.8757339869965372,0.9846633635167241,0.9846633635167239,0.5379462554343959,0.9415197823992602,1.6279209645011377,False,8.05567828556543,False
9,4pql,42,L,restricted_s231301,True,H,0.729709652356824,0.1668248605263852,False,0.7218182998510619,1.2890087547843485,1.2890087547843487,0.22861813597719655,0.9721694659103521,3.1573098816756144,False,5.929485711435257,False
9,4pql,42,L,restricted_s231301,True,I,0.6174449729032572,0.15097355119087405,False,0.4358511907633735,1.1948025741151884,1.1948025741151882,0.2445133701242863,0.9772069868408165,1.7825249823428062,False,4.675618918040999,False
9,4pql,42,L,restricted_s231301,True,K,0.5292542033527986,0.24289448974177594,False,1.1095035976980037,1.0230041524324691,1.0230041524324691,0.45893728987517085,0.9410022668530823,2.4175494608419905,False,8.630714216871162,False
9,4pql,42,L,restricted_s231301,True,M,0.8222587696603842,0.17799225219960094,False,0.45225138846919216,1.3833981036779592,1.3833981036779592,0.2164674415976332,0.9683187581569137,2.0892351530159026,False,3.0900840789568713,False
9,4pql,42,L,restricted_s231301,True,N,0.43655920152785643,0.15202041742298958,False,0.46872855905787125,1.0578521123464162,1.057852112346416,0.3482240596257121,0.97688979268654,1.3460544902086407,False,7.062790890784316,False
9,4pql,42,L,restricted_s231301,True,P,1.9093439331229132,0.07740510489225859,False,0.19634494247839507,4.350008320115722,4.350008320115723,0.04054015808752444,0.9940084497366185,4.8432209379769775,False,1.3285134327267727,False
9,4pql,42,L,restricted_s231301,True,Q,0.5667591620677459,0.21549224978564502,False,0.7407530243644728,1.076951533946522,1.0769515339465223,0.38021837882505516,0.9535630902823212,1.9482304528611587,False,6.0651734955220595,False
9,4pql,42,L,restricted_s231301,True,R,0.5618603334839093,0.18205832356196386,False,0.47594389214839017,1.1111043335625568,1.111104333562557,0.3240277213254772,0.9668547668218073,1.4688369569167732,False,4.652826366389452,False
9,4pql,42,L,restricted_s231301,True,S,0.44363957035872376,0.16568560432599028,False,0.5151157175926316,1.0498066877524572,1.0498066877524574,0.37346894956195653,0.9725482805191313,1.3792732118608877,False,7.007929907131867,False
9,4pql,42,L,restricted_s231301,True,T,0.4521458897292836,0.18155891122045842,False,0.49171072582096825,1.040253674694977,1.040253674694977,0.40154940107752485,0.9670363617564416,1.2245335804299617,False,5.989816597243765,False
9,4pql,42,L,restricted_s231301,True,V,0.48627567257761445,0.14421212642980522,False,0.4869437869877104,1.0962103321938084,1.0962103321938084,0.2965645508552302,0.9792028625905939,1.6419487278013043,False,6.943756856385504,False
9,4pql,42,L,restricted_s231301,True,W,2.2226428210530487,0.06245747124329311,False,0.12667448525433014,5.66249980981859,5.66249980981859,0.02810054348440109,0.9960990642858931,4.507901611392267,False,0.912504625077753,False
9,4pql,42,L,restricted_s231301,True,Y,0.6111350357123126,0.09027035278059146,False,0.5330815290014319,1.26315128133443,1.26315128133443,0.14770934000760771,0.9918512634088675,3.608989986509829,False,9.66298516812226,False
9,4pql,42,L,restricted_s231303,True,A,0.4951846866322458,0.19574148595063628,False,0.6362726159353234,1.0513515011122836,1.0513515011122836,0.3952898610049422,0.9616852706778368,1.6096355578605854,False,6.564371414437681,False
9,4pql,42,L,restricted_s231303,True,C,0.45090157659363955,0.15462211717271115,False,0.4179311404550555,1.063873518955786,1.063873518955786,0.34291766806586116,0.9760920008810284,1.21875067800469,False,5.994477889336568,False
9,4pql,42,L,restricted_s231303,True,D,0.8902295279250597,0.10860273736058751,False,0.15727560141206062,1.5991458851659046,1.5991458851659046,0.12199408574294088,0.9882054454377872,1.2892067714123698,False,1.626741654611155,False
9,4pql,42,L,restricted_s231303,True,E,0.773146742151543,0.21676086502911182,False,0.7376575321810374,1.2625799716531283,1.2625799716531285,0.2803618682087455,0.9530147273918311,2.6310908002361044,False,4.401614215271625,False
9,4pql,42,L,restricted_s231303,True,F,0.8969007718107509,0.0923709535585729,False,0.5325098782962687,1.6387358353955626,1.6387358353955621,0.10298904456519244,0.99146760693868,5.1705487757893325,False,6.427585226456386,False
9,4pql,42,L,restricted_s231303,True,G,0.35351705815986156,0.2714924799269744,False,0.7731616297502175,0.9330198647773844,0.9330198647773843,0.7679756143597593,0.9262918333431014,1.0067528386233744,False,8.05567828556543,False
9,4pql,42,L,restricted_s231303,True,H,0.7371831688054454,0.18844315027662722,False,0.8237070701718124,1.2656047870488283,1.2656047870488283,0.2556259532918886,0.9644891791138205,3.2223139300384562,False,5.929485711435257,False
9,4pql,42,L,restricted_s231303,True,I,0.6883040899964221,0.16538322337580397,False,0.5322441657699778,1.2460946221730873,1.2460946221730869,0.24027639204739237,0.9726483894258289,2.215133002600594,False,4.675618918040999,False
9,4pql,42,L,restricted_s231303,True,K,0.5110663896562805,0.2839482261003833,False,1.252458131377176,0.9709560651114488,0.9709560651114488,0.555599491274223,0.9193734048944456,2.2542463609978536,False,8.630714216871162,False
9,4pql,42,L,restricted_s231303,True,M,0.8770227750954902,0.1645324129324388,False,0.44589503323591456,1.4805716012698655,1.4805716012698655,0.18760335262048872,0.9729290850946295,2.3767967203546503,False,3.0900840789568713,False
9,4pql,42,L,restricted_s231303,True,N,0.44175282682595984,0.1718565761810805,False,0.5361938652612972,1.0433093033354799,1.04330930333548,0.389033336619231,0.9704653172233165,1.3782722836066374,False,7.062790890784316,False
9,4pql,42,L,restricted_s231303,True,P,1.2041090894803732,0.07969883306477708,False,0.12749223874027418,2.2579465207406995,2.2579465207406995,0.06618904695684233,0.9936480960081128,1.9261833279364753,False,1.3285134327267727,False
9,4pql,42,L,restricted_s231303,True,Q,0.5056069302660509,0.21692508495085147,False,0.6652211102929223,1.0362807153336546,1.0362807153336544,0.4290389865437669,0.9529435075190659,1.5504910536261072,False,6.0651734955220595,False
9,4pql,42,L,restricted_s231303,True,R,0.6213413432550722,0.20049154119272797,False,0.5796197192213567,1.1369176978060789,1.1369176978060789,0.32267535931601843,0.9598031419101647,1.796293712820181,False,4.652826366389452,False
9,4pql,42,L,restricted_s231303,True,S,0.3633025636181113,0.18424191128443926,False,0.46907970363303714,0.9981176353404171,0.9981176353404172,0.5071307767541844,0.9660549181262568,0.9249679276720544,False,7.007929907131867,False
9,4pql,42,L,restricted_s231303,True,T,0.4717102253966978,0.18773486742115236,False,0.5304369336918177,1.0453976234917015,1.0453976234917017,0.3979876994679764,0.9647556195543624,1.3327973060496525,False,5.989816597243765,False
9,4pql,42,L,restricted_s231303,True,V,0.45696118459900614,0.13961296249236183,False,0.4429957496120307,1.0812181147783544,1.0812181147783544,0.3055247736520015,0.9805082207041064,1.4499503405789649,False,6.943756856385504,False
9,4pql,42,L,restricted_s231303,True,W,2.2307258826087084,0.055712507094441366,False,0.11340546485061144,5.727579300219218,5.727579300219219,0.02497505745945294,0.9968961165532518,4.540748906573106,False,0.912504625077753,False
9,4pql,42,L,restricted_s231303,True,Y,0.6116197709771133,0.10690660376394943,False,0.6318258084245783,1.243306359230001,1.243306359230001,0.17479258983593235,0.9885709780716578,3.6147173573984825,False,9.66298516812226,False
9,4pql,42,L,expanded_s231301,True,A,0.018643930933176234,0.028911074666262984,False,0.00353830174275912,0.9992695640020777,0.9992695640020777,1.5506962973573732,0.9991641497616418,0.002281750300680368,False,6.564371414437681,False
9,4pql,42,L,expanded_s231301,True,C,0.019510049752866295,0.0393317643778615,False,0.004599950606599045,0.9988459126815992,0.9988459126815994,2.015974581104444,0.9984530123109244,0.002281750300680368,False,5.994477889336568,False
9,4pql,42,L,expanded_s231301,True,D,0.03745197842277213,0.06004584651958324,False,0.0036582747860219745,0.9969049791913228,0.9969049791913229,1.6032756892509916,0.9963944963157467,0.002281750300680368,False,1.626741654611155,False
9,4pql,42,L,expanded_s231301,True,E,0.022768167114614934,0.060583179850041864,False,0.006071445634737636,0.997759653507438,0.997759653507438,2.660872065154221,0.9963296783192575,0.002281750300680368,False,4.401614215271625,False
9,4pql,42,L,expanded_s231301,True,F,0.018841268399990046,0.014323008839642304,False,0.0017345716345996463,0.9998152660872343,0.999815266087234,0.7601934506516489,0.9997948514177795,0.002281750300680368,False,6.427585226456386,False
9,4pql,42,L,expanded_s231301,True,G,0.01682995680510229,0.020148004930488603,False,0.0027316003742989103,0.9996050673406834,0.9996050673406832,1.1971513155862876,0.999594057897321,0.002281750300680368,False,8.05567828556543,False
9,4pql,42,L,expanded_s231301,True,H,0.01961668167753163,0.055589501145532974,False,0.0064659947609167715,0.9982038511028682,0.9982038511028684,2.8337871847716,0.9969098073623908,0.002281750300680368,False,5.929485711435257,False
9,4pql,42,L,expanded_s231301,True,I,0.02209095569421667,0.06281769387369425,False,0.0064883698952813325,0.9977126045391306,0.9977126045391305,2.8435933122684993,0.9960539373363908,0.002281750300680368,False,4.675618918040999,False
9,4pql,42,L,expanded_s231301,True,K,0.016259631174427757,0.09879827075740583,False,0.013864581649426317,0.997051528719555,0.9970515287195548,6.076292241658608,0.9902389016953463,0.002281750300680368,False,8.630714216871162,False
9,4pql,42,L,expanded_s231301,True,M,0.02717370835676019,0.04577225455128943,False,0.0038434524362310866,0.9982508066338419,0.9982508066338419,1.6844316554204257,0.997904900713292,0.002281750300680368,False,3.0900840789568713,False
9,4pql,42,L,expanded_s231301,True,N,0.017974047460416993,0.05682887597504347,False,0.007214251833313814,0.9982801765543141,0.9982801765543142,3.1617183664499495,0.9967704788554131,0.002281750300680368,False,7.062790890784316,False
9,4pql,42,L,expanded_s231301,True,P,0.04144299020912912,0.050773160283682596,False,0.0027954467850697055,0.9975091382684276,0.9975091382684278,1.2251326467388497,0.9974220861948075,0.002281750300680368,False,1.3285134327267727,False
9,4pql,42,L,expanded_s231301,True,Q,0.01939601199331019,0.07599623501102576,False,0.00894021060343705,0.9974281575098041,0.997428157509804,3.9181371426887837,0.994224572264149,0.002281750300680368,False,6.0651734955220595,False
9,4pql,42,L,expanded_s231301,True,R,0.02214499748369576,0.06434321199085419,False,0.006629720478178639,0.9976406403782921,0.9976406403782921,2.9055416257430977,0.9958599510707,0.002281750300680368,False,4.652826366389452,False
9,4pql,42,L,expanded_s231301,True,S,0.018044264457806505,0.04609704154510808,False,0.0058291064538527546,0.9986620210630984,0.9986620210630985,2.554664483714385,0.9978750627607885,0.002281750300680368,False,7.007929907131867,False
9,4pql,42,L,expanded_s231301,True,T,0.019517639664277622,0.07643856252184181,False,0.00893620929671175,0.9973971376185512,0.9973971376185515,3.9163835298048024,0.9941571461595944,0.002281750300680368,False,5.989816597243765,False
9,4pql,42,L,expanded_s231301,True,V,0.01812745374613301,0.055382780677733945,False,0.006971176329212357,0.9983207069891825,0.9983207069891824,3.055188083960679,0.996932747604402,0.002281750300680368,False,6.943756856385504,False
9,4pql,42,L,expanded_s231301,True,W,0.05000535571873856,0.058388918828936,False,0.00266429327777787,0.9966610182884105,0.9966610182884105,1.167653304125099,0.9965907341579879,0.002281750300680368,False,0.912504625077753,False
9,4pql,42,L,expanded_s231301,True,Y,0.01536662176842555,0.01430829882567862,False,0.0021246026380892583,0.9997963926321662,0.9997963926321662,0.9311284575949209,0.9997952725847151,0.002281750300680368,False,9.66298516812226,False
9,4pql,42,L,expanded_s231303,True,A,0.5448782581312024,0.3739329403763222,False,1.3374770822578441,0.8893964577638348,0.889396457763835,0.686268785359173,0.8601741561015178,1.9489114335250548,False,6.564371414437681,False
9,4pql,42,L,expanded_s231303,True,C,0.47621471931033754,0.09871246948608005,False,0.281790400486861,1.132763796990336,1.132763796990336,0.2072856328948361,0.9902558483679598,1.359430446536659,False,5.994477889336568,False
9,4pql,42,L,expanded_s231303,True,D,1.0798895257360768,0.128275190702055,False,0.22534119091518823,1.889115318092595,1.8891153180925953,0.1187854754074217,0.9835454754503514,1.8970433055244476,False,1.626741654611155,False
9,4pql,42,L,expanded_s231303,True,E,0.6230826496950005,0.22646370968638443,False,0.6210924513088832,1.1060207717686392,1.1060207717686392,0.36345693432041254,0.948714188195081,1.7088474387486774,False,4.401614215271625,False
9,4pql,42,L,expanded_s231303,True,F,0.47760833484431525,0.13319620670889845,False,0.40889480960273866,1.1008784845251272,1.1008784845251272,0.2788816630520405,0.9822587705183604,1.466194676006494,False,6.427585226456386,False
9,4pql,42,L,expanded_s231303,True,G,0.6020884063084779,0.4045373687428514,False,1.9620994845454152,0.8753759297338659,0.8753759297338657,0.6718903146186609,0.8363495172906102,2.9202675523891535,False,8.05567828556543,False
9,4pql,42,L,expanded_s231303,True,H,0.5531137618323496,0.2332833186761624,False,0.7650946690245164,1.0478704055969192,1.0478704055969192,0.4217637216317739,0.9455788932274362,1.8140362240365753,False,5.929485711435257,False
9,4pql,42,L,expanded_s231303,True,I,0.42447046172980407,0.1621366350142786,False,0.321786437941425,1.042530748225458,1.042530748225458,0.3819738936686869,0.9737117115862466,0.8424304468842397,False,4.675618918040999,False
9,4pql,42,L,expanded_s231303,True,K,0.40570030169379034,0.2365180925846836,False,0.8281641659067808,0.9726818117591405,0.9726818117591404,0.5829872238133061,0.944059191880103,1.4205528561840135,False,8.630714216871162,False
9,4pql,42,L,expanded_s231303,True,M,0.6488763695028744,0.2492073452424095,False,0.4996812964394494,1.0976310280305426,1.0976310280305426,0.3840598255000956,0.9378956990772305,1.3010506782082705,False,3.0900840789568713,False
9,4pql,42,L,expanded_s231303,True,N,0.4705989283844032,0.21440828224801356,False,0.7126377752496987,1.019662735671237,1.019662735671237,0.4556072470969944,0.9540290885034561,1.5641493408861098,False,7.062790890784316,False
9,4pql,42,L,expanded_s231303,True,P,1.3539850010996561,0.12852669946325476,False,0.23119218977917966,2.4852289365746554,2.4852289365746554,0.09492475866340482,0.9834808875250822,2.435530972472289,False,1.3285134327267727,False
9,4pql,42,L,expanded_s231303,True,Q,0.5430949956476894,0.24097051417278906,False,0.7937485296360496,1.033212413605779,1.033212413605779,0.44369864591628244,0.9419332112993017,1.7889361099961862,False,6.0651734955220595,False
9,4pql,42,L,expanded_s231303,True,R,0.6241972659316937,0.29860707935084807,False,0.8672390153587777,1.016842781759306,1.016842781759306,0.47838575342866835,0.9108338121615563,1.8128445697705982,False,4.652826366389452,False
9,4pql,42,L,expanded_s231303,True,S,0.453239235927077,0.30538792744395804,False,0.9699941447799475,0.9285982231916544,0.9285982231916545,0.6737896970003118,0.9067382137714838,1.4396096424423341,False,7.007929907131867,False
9,4pql,42,L,expanded_s231303,True,T,0.4777317760494665,0.2660364204648018,False,0.7612700599391572,0.9740395465623927,0.9740395465623929,0.5568740322545662,0.9292246229862752,1.367041765005761,False,5.989816597243765,False
9,4pql,42,L,expanded_s231303,True,V,0.3384587500608843,0.2013769403424067,False,0.47327110440373504,0.9782387504540236,0.9782387504540236,0.5949822254740988,0.9594473278983308,0.795437383069081,False,6.943756856385504,False
9,4pql,42,L,expanded_s231303,True,W,1.3827965695427455,0.0579260116206629,False,0.0730915202358856,2.7519265724264934,2.751926572426493,0.04189047969638622,0.9966445771777228,1.7448241406075615,False,0.912504625077753,False
9,4pql,42,L,expanded_s231303,True,Y,0.39542226169378275,0.15434716411966956,False,0.5897542553071419,1.034294155598584,1.034294155598584,0.39033503945510506,0.9761769529282157,1.5108924275166777,False,9.66298516812226,False
9,4pql,89,E,restricted_s231301,True,A,0.6041019669640877,0.2523806011060916,False,0.4840088004826829,1.060011951386342,1.060011951386342,0.41777814823949244,0.9363040321853278,1.1585306759635106,False,3.174585571658357,False
9,4pql,89,E,restricted_s231301,True,C,0.5553919056314892,0.16205161909925428,False,0.2462225045688649,1.128455853756571,1.1284558537565712,0.2917788636386392,0.9737392727473102,0.8438668294829104,False,2.7357400232700897,False
9,4pql,89,E,restricted_s231301,True,D,0.5786141230145802,0.141157840672924,False,0.1548724126157846,1.1714424629767404,1.1714424629767402,0.24395851234582994,0.9800744640165574,0.6348309436984968,False,1.896182035783238,False
9,4pql,89,E,restricted_s231301,True,F,0.6402236979736594,0.21915680777947497,False,0.665084443245329,1.1292676196217115,1.1292676196217117,0.3423128641959325,0.9519702936039102,1.9429139620784133,False,4.740128095348941,False
9,4pql,89,E,restricted_s231301,True,G,0.5036329046943572,0.19493735609190418,False,0.5255011591933432,1.0572923689268676,1.0572923689268676,0.38706239063193665,0.9619994271998981,1.3576652547807209,False,5.352596552352077,False
9,4pql,89,E,restricted_s231301,True,H,0.5651828115137579,0.1549162532433713,False,0.3022142079731988,1.144319603316064,1.144319603316064,0.2740993711900955,0.9760009544810356,1.1025716938387462,False,3.4516674550539066,False
9,4pql,89,E,restricted_s231301,True,I,0.5733110589331712,0.13767541840236086,False,0.32821146448982236,1.1708238904684245,1.1708238904684243,0.24014087336558632,0.981045479167735,1.3667455268648037,False,4.158215785493175,False
9,4pql,89,E,restricted_s231301,True,K,0.43615518071363496,0.15231680488367313,False,0.3251047654930346,1.0573638145438196,1.0573638145438198,0.3492261736624408,0.9767995909500291,0.9309289795881056,False,4.89366773870307,False
9,4pql,89,E,restricted_s231301,True,L,0.6115050778125409,0.1644352154477716,False,0.5492131595483961,1.1728325217554987,1.172832521755499,0.268902453003309,0.9729610599206449,2.042425249060996,False,5.461928810479616,False
9,4pql,89,E,restricted_s231301,True,M,0.6297842004007566,0.125804351296324,False,0.2617540535298826,1.2381689534982376,1.2381689534982379,0.19975787137287615,0.9841732651949111,1.3103566419231705,False,3.3037409927118286,False
9,4pql,89,E,restricted_s231301,True,N,0.5900547368304842,0.11762789421165583,False,0.18718154704021386,1.2093508001301267,1.2093508001301267,0.1993508175927905,0.9861636785033315,0.9389555021668659,False,2.696872463518186,False
9,4pql,89,E,restricted_s231301,True,P,3.112877995393625,0.047532356132544064,False,0.11093305716405638,10.394084563257413,10.394084563257415,0.015269585317150721,0.997740675120489,7.264968554153002,False,0.7497380284793479,False
9,4pql,89,E,restricted_s231301,True,Q,0.7734142188854348,0.14267903911773014,False,0.1588588213029032,1.3774695587930401,1.37746955879304,0.18447946214816757,0.9796426917964411,0.8611192782821172,False,1.4395906186815148,False
9,4pql,89,E,restricted_s231301,True,R,0.44583519470823696,0.17782917102075413,False,0.4245858913467885,1.040204014666847,1.040204014666847,0.3988675033543032,0.9683767859340714,1.0644785242623296,False,5.355354268793927,False
9,4pql,89,E,restricted_s231301,True,S,0.5167355628768683,0.1680906683424469,False,0.2520889762749879,1.0932987897011073,1.0932987897011073,0.3252934003741113,0.9717455272161896,0.77495877870583,False,2.902297307642785,False
9,4pql,89,E,restricted_s231301,True,T,0.6138443063876937,0.15442787618521178,False,0.22325904470960078,1.1872154873969167,1.1872154873969167,0.2515749915381275,0.9761520310569248,0.8874453034643737,False,2.355185568116805,False
9,4pql,89,E,restricted_s231301,True,V,0.6828393392003778,0.14989271718820818,False,0.30413129639377673,1.2615642752481182,1.261564275248118,0.2195138864783865,0.9775321733339358,1.3854763417152733,False,2.971406351996884,False
9,4pql,89,E,restricted_s231301,True,W,0.7751115101689373,0.292544100924303,False,0.8725265707624383,1.1472892534794696,1.1472892534794696,0.37742195424312863,0.9144179490143911,2.311806615786775,False,3.8478942684090476,False
9,4pql,89,E,restricted_s231301,True,Y,0.5549932709147383,0.19832119819803837,False,0.5371486387254671,1.0878836698013212,1.0878836698013212,0.357339824807544,0.9606687023452943,1.5031871664871514,False,4.880200041780336,False
9,4pql,89,E,restricted_s231303,True,A,0.5994035500489328,0.22704558924080473,False,0.4320354844253228,1.0871007513834832,1.087100751383483,0.3787858600808582,0.9484503004062959,1.140579757473253,False,3.174585571658357,False
9,4pql,89,E,restricted_s231303,True,C,0.584424238914013,0.1668777132832541,False,0.2668095584099497,1.1464969298756702,1.14649692987567,0.2855420808578184,0.972151828809352,0.9343966311669616,False,2.7357400232700897,False
9,4pql,89,E,restricted_s231303,True,D,0.6312112413840621,0.14442297933772322,False,0.17285862434311405,1.2161048151053107,1.2161048151053109,0.22880292660987112,0.9791420030392156,0.7554913169351765,False,1.896182035783238,False
9,4pql,89,E,restricted_s231303,True,F,0.6329294411201187,0.18960574665339067,False,0.5688488332503501,1.160585558911639,1.1605855589116392,0.29956853692544044,0.9640496608360102,1.898893786005073,False,4.740128095348941,False
9,4pql,89,E,restricted_s231303,True,G,0.5568947678035157,0.2191411740584774,False,0.6532232463970473,1.0660546359199605,1.0660546359199605,0.39350553592522725,0.9519771458322721,1.6600103092861465,False,5.352596552352077,False
9,4pql,89,E,restricted_s231303,True,H,0.6693332433856236,0.12166760387168177,False,0.28109058426107497,1.2851346468723384,1.2851346468723386,0.18177433300079687,0.9851969941681235,1.5463711494396886,False,3.4516674550539066,False
9,4pql,89,E,restricted_s231303,True,I,0.5876585450540458,0.12433038921968737,False,0.30381511152117424,1.1992149343053484,1.1992149343053486,0.21156909954955722,0.984541954316481,1.4360089075768347,False,4.158215785493175,False
9,4pql,89,E,restricted_s231303,True,K,0.46327364894387263,0.13615185265124408,False,0.3086708604194744,1.0884713426293497,1.0884713426293497,0.2938907769989296,0.9814626730196339,1.050291076063944,False,4.89366773870307,False
9,4pql,89,E,restricted_s231303,True,L,0.5311976606866167,0.1939425398618198,False,0.5626978657856806,1.0761273077544948,1.0761273077544944,0.3651042807890629,0.9623862912319463,1.5411976670598841,False,5.461928810479616,False
9,4pql,89,E,restricted_s231303,True,M,0.6063436317850798,0.12014689898094914,False,0.24067854581804374,1.2219519856546728,1.2219519856546728,0.19814984883610615,0.9855647226652616,1.2146289650572177,False,3.3037409927118286,False
9,4pql,89,E,restricted_s231303,True,N,0.6083522341079396,0.1271195051765757,False,0.20855841128759553,1.21542557079839,1.21542557079839,0.20895707790566106,0.9838406314036625,0.9980921123990568,False,2.696872463518186,False
9,4pql,89,E,restricted_s231303,True,P,2.70261345756169,0.04465125388941625,False,0.09047469630978211,8.06276934167647,8.06276934167647,0.016521509490928392,0.9980062655261029,5.476176154452463,False,0.7497380284793479,False
9,4pql,89,E,restricted_s231303,True,Q,0.8070622262290125,0.1281527495833275,False,0.14889288928030825,1.4444949502535507,1.4444949502535507,0.15878918058415342,0.9835768727742329,0.9376765389969348,False,1.4395906186815148,False
9,4pql,89,E,restricted_s231303,True,R,0.5118891560752434,0.132907091072769,False,0.36434455867806353,1.1259631107361145,1.1259631107361143,0.25964037232551324,0.9823357051425747,1.40326620014734,False,5.355354268793927,False
9,4pql,89,E,restricted_s231303,True,S,0.4798140772081337,0.1768499870220447,False,0.24627476694940922,1.0605113220325872,1.0605113220325875,0.3685802385187852,0.9687240820903026,0.668171380915902,False,2.902297307642785,False
9,4pql,89,E,restricted_s231303,True,T,0.6341010663946666,0.1382849395124437,False,0.2065182798666425,1.2267109071805284,1.2267109071805287,0.21808028221541378,0.9808772755040398,0.9469828164595337,False,2.355185568116805,False
9,4pql,89,E,restricted_s231303,True,V,0.6515854725517531,0.16233683212140645,False,0.31430443350795517,1.213010985099729,1.2130109850997288,0.2491412699636464,0.9736467529367863,1.2615510611863585,False,2.971406351996884,False
9,4pql,89,E,restricted_s231303,True,W,0.7629155366345977,0.2580122104215666,False,0.7574253718769464,1.1883570680943594,1.1883570680943596,0.3381923660379496,0.9334296992733773,2.239628826488512,False,3.8478942684090476,False
9,4pql,89,E,restricted_s231303,True,Y,0.6272377528767321,0.19502127889161958,False,0.5969690486799291,1.1487777811636006,1.1487777811636006,0.3109208238776822,0.9619667007794771,1.9200034312104475,False,4.880200041780336,False
9,4pql,89,E,expanded_s231301,True,A,0.02680961264473242,0.026130286877897105,False,0.0022239332858179413,0.9993176695911762,0.9993176695911762,0.9746611121974271,0.9993172081076788,0.002281750300680368,False,3.174585571658357,False
9,4pql,89,E,expanded_s231301,True,C,0.028879963908874356,0.014090711085238242,False,0.0011132799319622042,1.0000201738601937,1.000020173860194,0.48790611822435104,0.9998014518611124,0.002281750300680368,False,2.7357400232700897,False
9,4pql,89,E,expanded_s231301,True,D,0.0346891808322337,0.030103258955580598,False,0.0019801021103827564,0.999114824479712,0.9991148244797119,0.8677996491519397,0.9990937938002533,0.002281750300680368,False,1.896182035783238,False
9,4pql,89,E,expanded_s231301,True,F,0.021940121041141455,0.042584173738821375,False,0.004428710810235601,0.9986127650587665,0.9986127650587665,1.9409270194530295,0.9981865881469819,0.002281750300680368,False,4.740128095348941,False
9,4pql,89,E,expanded_s231301,True,G,0.020646754945405393,0.024856212755998433,False,0.0027469532660092818,0.9993998882224876,0.9993998882224879,1.2038798746691084,0.9993821686874286,0.002281750300680368,False,5.352596552352077,False
9,4pql,89,E,expanded_s231301,True,H,0.02571103646851329,0.043502002550602485,False,0.0038606264481633717,0.9984240942482214,0.9984240942482214,1.691958338742069,0.9981075757740873,0.002281750300680368,False,3.4516674550539066,False
9,4pql,89,E,expanded_s231301,True,I,0.023425051094337367,0.018689699116908518,False,0.0018204966302054482,0.9996731187052695,0.9996731187052698,0.7978509434895729,0.9996506951469193,0.002281750300680368,False,4.158215785493175,False
9,4pql,89,E,expanded_s231301,True,K,0.02159319062203724,0.04349487098580076,False,0.004596098681619537,0.998587879800685,0.998587879800685,2.014286436271787,0.9981081961979286,0.002281750300680368,False,4.89366773870307,False
9,4pql,89,E,expanded_s231301,True,L,0.02043906574099254,0.028354492624931994,False,0.003165402611471617,0.9992586767307375,0.9992586767307375,1.3872695055755062,0.9991960227479827,0.002281750300680368,False,5.461928810479616,False
9,4pql,89,E,expanded_s231301,True,M,0.02628034499809995,0.02858166043325349,False,0.0024815584533702056,0.9991883847396102,0.9991883847396102,1.087567930912624,0.9991830886868782,0.002281750300680368,False,3.3037409927118286,False
9,4pql,89,E,expanded_s231301,True,N,0.029087329709961255,0.04461204423746352,False,0.0034995837145524573,0.998250782270115,0.9982507822701152,1.5337277323942755,0.9980097655089547,0.002281750300680368,False,2.696872463518186,False
9,4pql,89,E,expanded_s231301,True,P,0.05516698993616152,0.025854885696006306,False,0.0010693785047758892,1.000190724340632,1.000190724340632,0.4686658765672229,0.9993315248856464,0.002281750300680368,False,0.7497380284793479,False
9,4pql,89,E,expanded_s231301,True,Q,0.039812051234468473,0.04285916214781411,False,0.0024563895374729024,0.9981723771049057,0.9981723771049055,1.076537400582553,0.9981630922199873,0.002281750300680368,False,1.4395906186815148,False
9,4pql,89,E,expanded_s231301,True,R,0.020641438282436517,0.04865364078345826,False,0.005378281201524211,0.9984175067274724,0.9984175067274724,2.3570857862582617,0.9976328232385142,0.002281750300680368,False,5.355354268793927,False
9,4pql,89,E,expanded_s231301,True,S,0.028039037969764768,0.025942173954438597,False,0.0021111124884053674,0.9993314004492163,0.9993314004492164,0.9252162639250577,0.9993270036105176,0.002281750300680368,False,2.902297307642785,False
9,4pql,89,E,expanded_s231301,True,T,0.031125869516061628,0.023690523554865516,False,0.0017366859170535214,0.999494043463259,0.999494043463259,0.7611200561847979,0.9994387590936964,0.002281750300680368,False,2.355185568116805,False
9,4pql,89,E,expanded_s231301,True,V,0.027711053353222624,0.01284795991183162,False,0.001057911296920868,1.0000558414727514,1.0000558414727512,0.46364025748366156,0.9998349299261039,0.002281750300680368,False,2.971406351996884,False
9,4pql,89,E,expanded_s231301,True,W,0.024351319181334135,0.03735145156047843,False,0.003499879624357195,0.9987738725082005,0.9987738725082007,1.5338574178399833,0.9986048690663252,0.002281750300680368,False,3.8478942684090476,False
9,4pql,89,E,expanded_s231301,True,Y,0.021622965035601276,0.04989323175616861,False,0.005264953089186148,0.9983098734053772,0.998309873405377,2.307418602121474,0.9975106654249253,0.002281750300680368,False,4.880200041780336,False
9,4pql,89,E,expanded_s231303,True,A,0.5919562806233598,0.3705254113701781,False,0.6962972323660154,0.91174254938718,0.9117425493871799,0.6259337446001859,0.8627109195289603,1.1124136354252223,False,3.174585571658357,False
9,4pql,89,E,expanded_s231303,True,C,0.5531053462867395,0.24915791467609572,False,0.3770139047737308,1.0303043747369662,1.0303043747369667,0.4504709931820618,0.9379203335542594,0.8369327003955555,False,2.7357400232700897,False
9,4pql,89,E,expanded_s231303,True,D,0.5607228288207241,0.18435433874871301,False,0.19601153462482074,1.1076667181036102,1.1076667181036102,0.3287797986331948,0.9660134777845247,0.5961787659694452,False,1.896182035783238,False
9,4pql,89,E,expanded_s231303,True,F,0.47641700956572813,0.22944257860803888,False,0.5181450477209725,1.0083524726685682,1.0083524726685682,0.48160030813590043,0.9473561031216939,1.0758818858038597,False,4.740128095348941,False
9,4pql,89,E,expanded_s231303,True,G,0.5949010322890418,0.3876802125989351,False,1.2344766152981335,0.8926445208722843,0.8926445208722841,0.6516717765764015,0.8497040527592444,1.89432266314115,False,5.352596552352077,False
9,4pql,89,E,expanded_s231303,True,H,0.5525579187159931,0.21991038964523676,False,0.41942325170688494,1.0622937991229597,1.06229379912296,0.3979861335735694,0.9516394205260801,1.0538639824981562,False,3.4516674550539066,False
9,4pql,89,E,expanded_s231303,True,I,0.4965883127221088,0.16483757981803174,False,0.34037663963748166,1.0828871210621263,1.0828871210621265,0.33194011134586443,0.972828572279734,1.0254158144895806,False,4.158215785493175,False
9,4pql,89,E,expanded_s231303,True,K,0.41830724847757966,0.1505061780267618,False,0.3080946781254209,1.0490653037103805,1.0490653037103805,0.35979815930640896,0.9773478903757766,0.8562986501079993,False,4.89366773870307,False
9,4pql,89,E,expanded_s231303,True,L,0.41498557480518383,0.17473644044546463,False,0.39606140192148387,1.0271868229410428,1.0271868229410428,0.4210662997804084,0.9694671763804485,0.9406152953300587,False,5.461928810479616,False
9,4pql,89,E,expanded_s231303,True,M,0.5200136487365745,0.1490104739462642,False,0.25599856494621687,1.1154392343587993,1.1154392343587995,0.2865510824731239,0.9777958786543097,0.8933784606108666,False,3.3037409927118286,False
9,4pql,89,E,expanded_s231303,True,N,0.5048573729858317,0.2010199397916147,False,0.2736958741321968,1.0519081696162258,1.0519081696162258,0.3981717422541358,0.9595909838061756,0.6873814615340246,False,2.696872463518186,False
9,4pql,89,E,expanded_s231303,True,P,1.8131699659083425,0.09329066757482,False,0.12681956444581108,3.9492816521796543,3.9492816521796543,0.05145169472740756,0.9912968513434444,2.46482774022711,False,0.7497380284793479,False
9,4pql,89,E,expanded_s231303,True,Q,0.7554838614013686,0.14387524321165363,False,0.15647691311819176,1.3533650162347202,1.35336501623472,0.19044118685047137,0.9792999143907876,0.8216547885781277,False,1.4395906186815148,False
9,4pql,89,E,expanded_s231303,True,R,0.3997275890878408,0.18122231114789494,False,0.387939493616096,1.0149030304298285,1.0149030304298285,0.45336453148364264,0.9671584739422155,0.8556899948625399,False,5.355354268793927,False
9,4pql,89,E,expanded_s231303,True,S,0.599489734617725,0.32185066254020434,False,0.5599871446980407,0.9734956053664983,0.973495605366498,0.5368743515607285,0.8964121510224315,1.0430506562105673,False,2.902297307642785,False
9,4pql,89,E,expanded_s231303,True,T,0.6855478336471912,0.23316237401391596,False,0.3764621886688783,1.1502879114318045,1.1502879114318045,0.3401110215365514,0.9456353073441948,1.106880297404359,False,2.355185568116805,False
9,4pql,89,E,expanded_s231303,True,V,0.5863274224622746,0.2611171131536712,False,0.45492268069605374,1.0375795984988903,1.0375795984988905,0.44534351140718126,0.9318178532182929,1.021509619077203,False,2.971406351996884,False
9,4pql,89,E,expanded_s231303,True,W,0.43983851565812776,0.2240876897685449,False,0.37925768190074827,0.9963331261662334,0.9963331261662336,0.5094771871745789,0.9497847072941963,0.7444056209935672,False,3.8478942684090476,False
9,4pql,89,E,expanded_s231303,True,Y,0.4600416218203756,0.23117365246056398,False,0.5190068441041948,0.9989392898069261,0.9989392898069259,0.502505950539463,0.9465587424080424,1.0328372102798333,False,4.880200041780336,False
13,1qvc,95,D,restricted_s231301,True,A,1.4264537175993588,0.11948562191587357,False,0.29307442189859395,2.6938887892898924,2.6938887892898924,0.0837641070591208,0.985723186155377,3.4988067346284932,False,1.7195095151744533,False
13,1qvc,95,D,restricted_s231301,True,C,0.7869163742273574,0.13423607981193986,False,0.22990497677079105,1.4079722415949185,1.4079722415949187,0.17058493660618135,0.9819806748767226,1.347744890872505,False,2.176459196977832,False
13,1qvc,95,D,restricted_s231301,True,E,1.1840092425008422,0.16306225832935595,False,0.1948555280032488,2.015743444397383,2.015743444397383,0.1377204268988128,0.9734106999085304,1.414862939296687,False,1.0092626134529354,False
13,1qvc,95,D,restricted_s231301,True,F,0.9733363101649525,0.23259006020331272,False,0.575569703078168,1.4946068707268516,1.4946068707268516,0.23896165978221384,0.9459018638946194,2.408627825914558,False,2.5423998213172316,False
13,1qvc,95,D,restricted_s231301,True,G,0.9438009310016581,0.18871204340697112,False,0.5041738477953437,1.534546992842147,1.534546992842147,0.199948990521434,0.9643877646731656,2.5215123441260765,False,2.830742046625318,False
13,1qvc,95,D,restricted_s231301,True,H,1.4055923326794708,0.17250146936930247,False,0.26794853427502874,2.4907563202444476,2.4907563202444485,0.1227251069593302,0.9702432430654316,2.1833228824467357,False,1.1050939657438719,False
13,1qvc,95,D,restricted_s231301,True,I,1.1789389977093814,0.12438792573457456,False,0.2719612610642302,2.096605607334664,2.096605607334664,0.10550836470441133,0.98452764393145,2.5776274878882606,False,1.8545454739218292,False
13,1qvc,95,D,restricted_s231301,True,K,0.8575024979073023,0.2078606881791858,False,0.39558203589769964,1.3788284152564976,1.3788284152564978,0.24240242878179458,0.9567939343096754,1.6319227405670675,False,2.2193653773368784,False
13,1qvc,95,D,restricted_s231301,True,L,1.167325754459132,0.14968634101757186,False,0.34574872473195145,2.0131839751024536,2.0131839751024536,0.12823013665703575,0.9775939993127712,2.6963140939067296,False,1.9787291288732614,False
13,1qvc,95,D,restricted_s231301,True,M,0.9757184998782551,0.2059506378659654,False,0.4314665847562408,1.5501268961495738,1.5501268961495733,0.21107587679403722,0.957584334762602,2.044130249792853,False,2.147135667330137,False
13,1qvc,95,D,restricted_s231301,True,N,1.8082423002807892,0.06033111508630722,False,0.0554347858655581,4.051553667880421,4.0515536678804205,0.03336450821714481,0.9963601565524428,1.6614896735409448,False,0.5081411866129406,False
13,1qvc,95,D,restricted_s231301,True,P,1.9807838718667403,0.07034740559203907,False,0.21850852756548317,4.644818734198637,4.644818734198638,0.0355149325432168,0.9950512425264691,6.152581799207651,False,1.5681341545050331,False
13,1qvc,95,D,restricted_s231301,True,Q,1.1410995010075409,0.1586894502283438,False,0.2577826284857534,1.9399471662582104,1.9399471662582108,0.13906714540513598,0.974817658386226,1.8536558562036396,False,1.4235806514092404,False
13,1qvc,95,D,restricted_s231301,True,R,0.8137187872914408,0.21582964410824418,False,0.5468120278893533,1.3108889922604454,1.3108889922604456,0.26523861496016177,0.9534175647241087,2.0615852935722927,False,3.11352689188391,False
13,1qvc,95,D,restricted_s231301,True,S,1.2190116532345854,0.12107874122193867,False,0.15509742837385282,2.190796617704681,2.1907966177046814,0.09932533532445108,0.9853399384241108,1.5615092349521849,False,1.050821239832247,False
13,1qvc,95,D,restricted_s231301,True,T,0.8263806045660373,0.11675624427223483,False,0.1466273931927516,1.4899347121458308,1.4899347121458308,0.14128628337489577,0.9863679794234422,1.0378034561478517,False,1.5196895653736233,False
13,1qvc,95,D,restricted_s231301,True,V,1.1637028782729064,0.09587873003171679,False,0.1964607757523429,2.1310556806945273,2.131055680694527,0.08239107406352204,0.9908072691275052,2.384491014170724,False,1.7608058530267143,False
13,1qvc,95,D,restricted_s231301,True,W,0.9147634969741949,0.2766940067119525,False,0.8730826002908277,1.3305731010532038,1.3305731010532036,0.30247600349946835,0.9234404266496861,2.8864524464413,False,3.449425383452848,False
13,1qvc,95,D,restricted_s231301,True,Y,0.8735022884375431,0.27419456864920033,False,0.5771715392908393,1.2839870815211818,1.2839870815211818,0.31390251895007565,0.9248173385232791,1.8386967432479733,False,2.409805618623715,False
13,1qvc,95,D,restricted_s231303,True,A,0.9956547506867541,0.13171434795745993,False,0.22549994482824376,1.7290443500101964,1.7290443500101962,0.13228917741477134,0.9826513305421412,1.7045985864831945,False,1.7195095151744533,False
13,1qvc,95,D,restricted_s231303,True,C,0.6382549890529574,0.11340275945170235,False,0.15753184895627984,1.2626096770661477,1.262609677066148,0.1776762601103508,0.9871398141487394,0.8866229447785556,False,2.176459196977832,False
13,1qvc,95,D,restricted_s231303,True,E,1.0116147595801581,0.15832141777697542,False,0.16164378577260907,1.7030438558387313,1.7030438558387313,0.15650366533074528,0.9749343286730884,1.0328434508610451,False,1.0092626134529354,False
13,1qvc,95,D,restricted_s231303,True,F,0.7909431859530552,0.22167585099405182,False,0.44576659761880416,1.274925115737389,1.274925115737389,0.28026772963084723,0.9508598170860629,1.5905027603639657,False,2.5423998213172316,False
13,1qvc,95,D,restricted_s231303,True,G,0.9781930130189838,0.20092481073558566,False,0.55636323044293,1.5637750787117344,1.5637750787117344,0.20540405427296415,0.9596292204308691,2.7086282810346654,False,2.830742046625318,False
13,1qvc,95,D,restricted_s231303,True,H,1.367862258335194,0.1327590209726998,False,0.20068070374582667,2.5078550492936844,2.507855049293684,0.09705584035506537,0.9823750423503703,2.0676829236825323,False,1.1050939657438719,False
13,1qvc,95,D,restricted_s231303,True,I,0.9706201424615032,0.11014877094443103,False,0.19827430763696796,1.7282782294599024,1.7282782294599022,0.11348288184612833,0.9878672482594313,1.7471737094746016,False,1.8545454739218292,False
13,1qvc,95,D,restricted_s231303,True,K,0.8568218352059596,0.17216178902499343,False,0.32738298120930853,1.4391196972362363,1.4391196972362366,0.20093067420907854,0.9703603183997136,1.6293330149713725,False,2.2193653773368784,False
13,1qvc,95,D,restricted_s231303,True,L,0.9498384533620297,0.17098511621700577,False,0.3213619119634205,1.577376610814197,1.5773766108141973,0.18001494423792824,0.970764090032257,1.7851957420750135,False,1.9787291288732614,False
13,1qvc,95,D,restricted_s231303,True,M,0.8088169736829149,0.19356324020255752,False,0.3361496214368182,1.3410704286038055,1.3410704286038055,0.23931649124668497,0.962533272042287,1.4046237252004445,False,2.147135667330137,False
13,1qvc,95,D,restricted_s231303,True,N,1.3309026339167371,0.07056071511866463,False,0.047719255090042476,2.5834829377615494,2.58348293776155,0.053017187974908606,0.9950211854819426,0.900071409155584,False,0.5081411866129406,False
13,1qvc,95,D,restricted_s231303,True,P,2.0597944316184367,0.0882972403940946,False,0.2852030885331979,4.879004772344259,4.879004772344257,0.04286701577531553,0.9922035973387875,6.653206046067448,False,1.5681341545050331,False
13,1qvc,95,D,restricted_s231303,True,Q,0.9533678239208366,0.1540813009174161,False,0.2091185234016369,1.615117898562494,1.6151178985624945,0.16161789505727048,0.9762589527075968,1.2939069855323522,False,1.4235806514092404,False
13,1qvc,95,D,restricted_s231303,True,R,0.7770845763606767,0.18802618387377198,False,0.4549244116388605,1.3116359439371228,1.3116359439371228,0.24196360292512276,0.9646461541778665,1.8801357152035791,False,3.11352689188391,False
13,1qvc,95,D,restricted_s231303,True,S,1.0622060639577287,0.14450748344032163,False,0.16129761908231147,1.8212882719134091,1.8212882719134091,0.13604467941172704,0.9791175872297451,1.185622398316355,False,1.050821239832247,False
13,1qvc,95,D,restricted_s231303,True,T,0.9555634126566801,0.10092059943361137,False,0.14655283216756404,1.720229370803802,1.7202293708038021,0.10561371238882988,0.9898150326099605,1.3876307238212757,False,1.5196895653736233,False
13,1qvc,95,D,restricted_s231303,True,V,0.9456140127559477,0.0678264440898717,False,0.11293392480962146,1.7659105891868245,1.7659105891868245,0.07172741010065484,0.9953995734821235,1.5744876979545428,False,1.7608058530267143,False
13,1qvc,95,D,restricted_s231303,True,W,0.7712275866377519,0.2427469015412032,False,0.6457776435368302,1.220365776312263,1.2203657763122628,0.3147539140806463,0.9410739417921453,2.0516905895294726,False,3.449425383452848,False
13,1qvc,95,D,restricted_s231303,True,Y,0.7683967616850089,0.18633244443433178,False,0.34502933403915853,1.3040790895676235,1.3040790895676238,0.2424950933235655,0.9652802201511267,1.4228301666243603,False,2.409805618623715,False
13,1qvc,95,D,expanded_s231301,True,A,0.03642770127706038,0.0086696216432406,False,0.0005430458441720706,1.0006953486455206,1.0006953486455203,0.23799529861358892,0.9999248376605631,0.0022817503006803685,False,1.7195095151744533,False
13,1qvc,95,D,expanded_s231301,True,C,0.03237865418436824,0.014584712290065652,False,0.0010277966299556771,1.0001039105355538,1.0001039105355538,0.4504422020451626,0.999787286167416,0.0022817503006803685,False,2.176459196977832,False
13,1qvc,95,D,expanded_s231301,True,E,0.04754796839047512,0.016755203869827557,False,0.0008040552049243482,1.0006674574901047,1.0006674574901044,0.3523852740085523,0.9997192631432805,0.0022817503006803685,False,1.0092626134529354,False
13,1qvc,95,D,expanded_s231301,True,F,0.029957952893493074,0.009717934719368734,False,0.0007401674121975141,1.0003152200804788,1.000315220080479,0.32438580679788326,0.9999055617447901,0.0022817503006803685,False,2.5423998213172316,False
13,1qvc,95,D,expanded_s231301,True,G,0.028391210541772904,0.01755798238108654,False,0.0014111033243347953,0.9998090760870869,0.9998090760870867,0.6184302129439996,0.9996917172547055,0.0022817503006803685,False,2.830742046625318,False
13,1qvc,95,D,expanded_s231301,True,H,0.04543959527046767,0.004027505840385896,False,0.00020224129655188887,1.001698740347671,1.001698740347671,0.0886342806623428,0.9999837791967058,0.0022817503006803685,False,1.1050939657438719,False
13,1qvc,95,D,expanded_s231301,True,I,0.0350764242965788,-0.014721232352425437,False,-0.0009576282936516007,1.002263091925758,1.002263091925758,-0.41969022349468155,0.999783285318026,0.0022817503006803685,False,1.8545454739218292,False
13,1qvc,95,D,expanded_s231301,True,K,0.032064144341168964,0.008349001939772395,False,0.0005941321085558127,1.0004927021457282,1.0004927021457284,0.26038436737738363,0.9999302941666097,0.0022817503006803685,False,2.2193653773368784,False
13,1qvc,95,D,expanded_s231301,True,L,0.03395790466067261,-0.002689502766830684,False,-0.00018071709100484426,1.0013357990460248,1.0013357990460245,-0.07920108127123214,0.9999927665748672,0.0022817503006803685,False,1.9787291288732614,False
13,1qvc,95,D,expanded_s231301,True,M,0.03259900278569806,0.009050842517501205,False,0.0006335090300608658,1.00047259810174,1.0004725981017402,0.27764169895012925,0.9999180822497233,0.0022817503006803685,False,2.147135667330137,False
13,1qvc,95,D,expanded_s231301,True,N,0.06701034586689784,0.00836426142610956,False,0.00028480909592532776,1.0033694023510318,1.0033694023510318,0.12482044851288235,0.9999300391307957,0.0022817503006803685,False,0.5081411866129406,False
13,1qvc,95,D,expanded_s231301,True,P,0.03814542440554573,0.011696183943618483,False,0.0006996323057368946,1.00056276160217,1.0005627616021697,0.3066208890290403,0.9998631992811571,0.0022817503006803685,False,1.5681341545050331,False
13,1qvc,95,D,expanded_s231301,True,Q,0.040035293795398316,0.015432989839267629,False,0.0008795796375595358,1.000367096184571,1.0003670961845712,0.38548461560288355,0.999761822824621,0.0022817503006803685,False,1.4235806514092404,False
13,1qvc,95,D,expanded_s231301,True,R,0.027071214975425258,0.018982160854066028,False,0.0015999485533119443,0.9997051103658885,0.9997051103658887,0.7011935323663042,0.9996396775693104,0.0022817503006803685,False,3.11352689188391,False
13,1qvc,95,D,expanded_s231301,True,S,0.046598253214817933,0.012015444803695444,False,0.0005883534875706943,1.00105159972377,1.00105159972377,0.25785182865770195,0.9998556290861694,0.0022817503006803685,False,1.050821239832247,False
13,1qvc,95,D,expanded_s231301,True,T,0.03874865367171954,0.006105620408521558,False,0.00035953510336159307,1.0010282890200493,1.0010282890200495,0.1575698722399149,0.999962721399427,0.0022817503006803685,False,1.5196895653736233,False
13,1qvc,95,D,expanded_s231301,True,V,0.03599799577314398,-0.005653032843917126,False,-0.00035832020962086323,1.001702851404525,1.001702851404525,-0.1570374328488178,0.9999680432196655,0.0022817503006803685,False,1.7608058530267143,False
13,1qvc,95,D,expanded_s231301,True,W,0.025719390993411296,0.015258793893188002,False,0.0013537162510076826,0.9998765933006183,0.9998765933006184,0.5932797513400278,0.9997671692089253,0.0022817503006803685,False,3.449425383452848,False
13,1qvc,95,D,expanded_s231301,True,Y,0.030771102146188355,0.014533443977486769,False,0.0010776893855802138,1.0000524405489568,1.0000524405489568,0.4723082036009243,0.9997887790061531,0.0022817503006803685,False,2.409805618623715,False
13,1qvc,95,D,expanded_s231303,True,A,0.5259291597741359,0.08543781314556179,False,0.07726484856107245,1.1867330065395585,1.1867330065395587,0.1624511810340649,0.992700380084904,0.4756188786640495,False,1.7195095151744533,False
13,1qvc,95,D,expanded_s231303,True,C,0.4833528145070216,0.10696436884871345,False,0.11252626771308882,1.1302268858218734,1.1302268858218734,0.22129667116515694,0.9885586237967963,0.5084860387669764,False,2.176459196977832,False
13,1qvc,95,D,expanded_s231303,True,E,0.6104473507645242,0.17642227333098245,False,0.10869406050728472,1.15725294931392,1.1572529493139196,0.2890048963436916,0.9688751814727281,0.37609764361231834,False,1.0092626134529354,False
13,1qvc,95,D,expanded_s231303,True,F,0.5567428441570363,0.2730539136704028,False,0.3864976865493902,1.005920969509926,1.0059209695099263,0.49044889671430525,0.9254415602292762,0.7880488449228414,False,2.5423998213172316,False
13,1qvc,95,D,expanded_s231303,True,G,0.5027329125731608,0.2946110037232688,False,0.4192630387839662,0.9565190854284908,0.9565190854284906,0.5860189304403165,0.9132043564851682,0.7154428244646379,False,2.830742046625318,False
13,1qvc,95,D,expanded_s231303,True,H,0.7249928422533787,0.23822662776078965,False,0.19086365202454078,1.180189421397167,1.1801894213971673,0.32859169618881773,0.9432480738257222,0.5808535463259709,False,1.1050939657438719,False
13,1qvc,95,D,expanded_s231303,True,I,0.7127305986610916,0.20228102753531102,False,0.2673733035391346,1.219641150561752,1.2196411505617522,0.28381134178230655,0.9590823858992586,0.9420811087395494,False,1.8545454739218292,False
13,1qvc,95,D,expanded_s231303,True,K,0.556393543517923,0.2517005952722996,False,0.310810105694066,1.0294846030501803,1.0294846030501803,0.45237871324111,0.93664681033957,0.6870573185622233,False,2.2193653773368784,False
13,1qvc,95,D,expanded_s231303,True,L,0.5102664074450917,0.17426854329089256,False,0.17595528920054965,1.082525039535454,1.082525039535454,0.3415246246827352,0.9696304748192703,0.5152052779913195,False,1.9787291288732614,False
13,1qvc,95,D,expanded_s231303,True,M,0.537710460367054,0.21775736245651475,False,0.25140899908052117,1.054951715958533,1.054951715958533,0.40497140841907436,0.9525817310959822,0.6208067874766037,False,2.147135667330137,False
13,1qvc,95,D,expanded_s231303,True,N,0.9909235323466955,0.07924579746221024,False,0.03990256187096883,1.824876395868684,1.824876395868684,0.07997165762583223,0.9937201035845784,0.49895879434765655,False,0.5081411866129406,False
13,1qvc,95,D,expanded_s231303,True,P,0.6818676231516206,0.07883118453570645,False,0.0842910251805624,1.3574385906432627,1.3574385906432627,0.11561068726411355,0.9937856443446974,0.7290937124869682,False,1.5681341545050331,False
13,1qvc,95,D,expanded_s231303,True,Q,0.6340126927664752,0.1972586710779594,False,0.17803940411732166,1.15184309214565,1.1518430921456502,0.31112732178473174,0.9610890166845575,0.572239696263341,False,1.4235806514092404,False
13,1qvc,95,D,expanded_s231303,True,R,0.45962967944436633,0.2634580440587759,False,0.3770267364102269,0.9690731695505812,0.9690731695505813,0.5731963270458581,0.9305898590207241,0.6577619545354539,False,3.11352689188391,False
13,1qvc,95,D,expanded_s231303,True,S,0.6323559823033639,0.18903909101278327,False,0.12561517110530138,1.160794088172605,1.1607940881726053,0.298944101586904,0.9642642220690606,0.4201961853018353,False,1.050821239832247,False
13,1qvc,95,D,expanded_s231303,True,T,0.5709739595542622,0.11167788385840811,False,0.0969032536680202,1.1984809354065196,1.19848093540652,0.19559190395581405,0.9875280502569078,0.49543591379892443,False,1.5196895653736233,False
13,1qvc,95,D,expanded_s231303,True,V,0.5843108573971448,0.17754644777525344,False,0.18267007920443676,1.1339345438174349,1.133934543817435,0.3038561504164872,0.9684772588823891,0.6011728870850761,False,1.7608058530267143,False
13,1qvc,95,D,expanded_s231303,True,W,0.3130590773322762,0.12196703462216082,False,0.13170902074812346,1.021640211252601,1.021640211252601,0.38959750236760216,0.9851240424654766,0.3380643354942514,False,3.449425383452848,False
13,1qvc,95,D,expanded_s231303,True,Y,0.45867439125060844,0.2418775525409172,False,0.2673511591363874,0.9884961188513318,0.9884961188513316,0.5273404339872143,0.9414952495768157,0.5069802008447346,False,2.409805618623715,False
13,1qvc,107,G,restricted_s231301,True,A,1.1944136100628262,0.11424813997900299,False,0.5711180728233445,2.153704805272745,2.1537048052727448,0.09565207480597407,0.9869473625113381,5.970786038691077,False,4.185255943267811,False
13,1qvc,107,G,restricted_s231301,True,C,0.9160513416408682,0.12881790806820742,False,0.5052628944134914,1.6031424254955318,1.6031424254955315,0.14062302210863376,0.9834059465609308,3.5930311184975596,False,4.281750413343636,False
13,1qvc,107,G,restricted_s231301,True,D,1.0014060134644198,0.10338013020967457,False,0.7001540061466875,1.7957630356732956,1.7957630356732956,0.10323498043718077,0.9893125486778307,6.782139185590647,False,6.763107774594856,False
13,1qvc,107,G,restricted_s231301,True,E,0.9952229169516333,0.21431580412080167,False,1.4326368153315483,1.5638846549738397,1.5638846549738394,0.21534452279018124,0.9540687361040542,6.652766444993001,False,6.716786457871635,False
13,1qvc,107,G,restricted_s231301,True,F,1.0079592059880313,0.22438359866545757,False,1.8201553107416601,1.5636427330408793,1.5636427330408795,0.22261178560843659,0.9496520006499388,8.17636544159987,False,8.047748252947962,False
13,1qvc,107,G,restricted_s231301,True,H,1.1370988981100174,0.11273103314194058,False,0.8411825296321706,2.0366212369460066,2.0366212369460066,0.09913916311880336,0.9872917141667508,8.484866153491128,False,6.562185735522511,False
13,1qvc,107,G,restricted_s231301,True,I,1.0502447043563705,0.23411154853231683,False,1.7973934093842572,1.6112651108791296,1.6112651108791298,0.22291142965180596,0.9451917828438007,8.06326266980494,False,7.310209222655951,False
13,1qvc,107,G,restricted_s231301,True,K,1.1400442995613762,0.21757282595505958,False,1.4795961262408763,1.8036156850233387,1.8036156850233387,0.19084593996809524,0.9526620654059293,7.7528299867853026,False,5.965087321764175,False
13,1qvc,107,G,restricted_s231301,True,L,1.173935043575191,0.22416960243059267,False,1.4337641651336017,1.8518023825387033,1.8518023825387029,0.19095571229212951,0.9497479893461102,7.508359650117135,False,5.448248813320343,False
13,1qvc,107,G,restricted_s231301,True,M,1.159258323034151,0.22687924462015563,False,1.365911763878708,1.8178565542247185,1.8178565542247185,0.1957106885601993,0.9485258083605875,6.979239478065413,False,5.1933507512626145,False
13,1qvc,107,G,restricted_s231301,True,N,1.0378320138257253,0.13256602089768948,False,0.89194667415304,1.8019327680553359,1.801932768055336,0.12773360151901253,0.9824262501033534,6.982866399647222,False,6.483053515756069,False
13,1qvc,107,G,restricted_s231301,True,P,1.591890008377968,0.05698160802549735,False,0.3525413615376938,3.3526968938194086,3.352696893819408,0.035794940432824184,0.9967530963468285,9.848915999715176,False,3.886532642883518,False
13,1qvc,107,G,restricted_s231301,True,Q,1.180688705171078,0.20137011962346227,False,1.2213731636975647,1.9185149669218151,1.9185149669218151,0.17055310069582177,0.9594500749228324,7.161248659300898,False,5.137099015075071,False
13,1qvc,107,G,restricted_s231301,True,R,1.1289403839432166,0.24513004001162397,False,1.6354673748443813,1.7210319875243796,1.7210319875243796,0.21713284731247023,0.9399112634838995,7.532104861549679,False,5.909821180737612,False
13,1qvc,107,G,restricted_s231301,True,S,0.898609007828978,0.10264841226101427,False,0.37775580920561336,1.6230165731572004,1.6230165731572006,0.11423033974365654,0.9894633034602929,3.3069656454960423,False,4.095322880666016,False
13,1qvc,107,G,restricted_s231301,True,T,0.8477514052651632,0.18714682413315528,False,0.8098161893050979,1.4013744788294695,1.4013744788294695,0.22075672534523103,0.9649760662168738,3.6683647487462254,False,5.104291573571788,False
13,1qvc,107,G,restricted_s231301,True,V,0.7686979656678881,0.1976935717966951,False,1.6103684338358042,1.2869632694904733,1.2869632694904733,0.257179777528002,0.960917251670265,6.261644866927633,False,10.596854449893204,False
13,1qvc,107,G,restricted_s231301,True,W,1.04378336891328,0.2778714452600406,False,2.380458193520436,1.509408534703302,1.509408534703302,0.266215628200076,0.9227874599090963,8.941842406529897,False,8.207412586685747,False
13,1qvc,107,G,restricted_s231301,True,Y,1.0526126785694816,0.237027756475943,False,1.9511883492005415,1.6089966078063045,1.6089966078063045,0.2251804118472787,0.943817842659981,8.66500035768596,False,7.820443658037029,False
13,1qvc,107,G,restricted_s231303,True,A,0.9684599582433837,0.09300148070119746,False,0.3769585116893854,1.7577782704878677,1.7577782704878675,0.09603027973390434,0.9913507245873848,3.925413033617321,False,4.185255943267811,False
13,1qvc,107,G,restricted_s231303,True,C,0.9164175750346454,0.10611535953582567,False,0.4163830170295455,1.645329210912878,1.6453292109128779,0.11579367575072308,0.9887395304705825,3.595904649628029,False,4.281750413343636,False
13,1qvc,107,G,restricted_s231303,True,D,0.9449645066844383,0.12364129522567918,False,0.7901787582373172,1.6592846477958458,1.6592846477958456,0.13084226375813288,0.9847128301149165,6.039170643653751,False,6.763107774594856,False
13,1qvc,107,G,restricted_s231303,True,E,0.9876701234914448,0.2066235361331446,False,1.3707341974953706,1.5673404859398818,1.5673404859398818,0.20920298307973914,0.9573067143158351,6.552173287954053,False,6.716786457871635,False
13,1qvc,107,G,restricted_s231303,True,F,0.9274118295963671,0.2226738752421281,False,1.661943598482018,1.4470719295920509,1.4470719295920509,0.24010247458137485,0.9504163452846531,6.921809537280536,False,8.047748252947962,False
13,1qvc,107,G,restricted_s231303,True,H,0.967041108758828,0.12384080260790285,False,0.7858817665586361,1.6956502119024444,1.6956502119024444,0.1280615699645378,0.9846634556094304,6.136749430576704,False,6.562185735522511,False
13,1qvc,107,G,restricted_s231303,True,I,0.8930995101966805,0.20875998153269867,False,1.3629405345289878,1.4247398606025081,1.4247398606025081,0.2337477281638247,0.9564192701104672,5.830818315264034,False,7.310209222655951,False
13,1qvc,107,G,restricted_s231303,True,K,1.1754912384546148,0.19857987181019557,False,1.3924237686206402,1.9149218527909133,1.9149218527909133,0.16893351929297484,0.9605660345118463,8.242436281729345,False,5.965087321764175,False
13,1qvc,107,G,restricted_s231303,True,L,1.1265613975597166,0.2001980335818259,False,1.228772847381417,1.8180698294704045,1.8180698294704039,0.17770716626318078,0.95992074734997,6.91459367238814,False,5.448248813320343,False
13,1qvc,107,G,restricted_s231303,True,M,1.010376660356028,0.21639297249339257,False,1.135465944972278,1.583584178047425,1.583584178047425,0.21417059695058852,0.9531740814554739,5.3016892194321255,False,5.1933507512626145,False
13,1qvc,107,G,restricted_s231303,True,N,1.035417227644268,0.12660719078517385,False,0.8498716960550239,1.8099063023373145,1.809906302337315,0.12227649628085145,0.9839706192414867,6.950409292910972,False,6.483053515756069,False
13,1qvc,107,G,restricted_s231303,True,P,1.2969064989925718,0.05581304867032361,False,0.2813239663491538,2.5371978560309065,2.537197856030907,0.043035522386292935,0.9968849035981241,6.537017578732985,False,3.886532642883518,False
13,1qvc,107,G,restricted_s231303,True,Q,1.2063645883252099,0.19243282410614615,False,1.1925474567499812,1.9910272306989163,1.991027230698916,0.1595146491934911,0.9629696082065331,7.47609992423594,False,5.137099015075071,False
13,1qvc,107,G,restricted_s231303,True,R,1.1991188449310646,0.22381141955801512,False,1.5860570703493375,1.9011330224632326,1.9011330224632323,0.1866465701078042,0.9499084484754261,8.497649163513989,False,5.909821180737612,False
13,1qvc,107,G,restricted_s231303,True,S,0.7443035168613275,0.11309401643234228,False,0.3447290216035498,1.38563517687901,1.3856351768790103,0.15194609977022724,0.9872097434472011,2.268758606669396,False,4.095322880666016,False
13,1qvc,107,G,restricted_s231303,True,T,0.777616952130921,0.17436019246789214,False,0.6920676262404021,1.333517241361697,1.333517241361697,0.22422375436915185,0.9695985232825597,3.0865044972042224,False,5.104291573571788,False
13,1qvc,107,G,restricted_s231303,True,V,0.6447108820218904,0.183646498990336,False,1.254655871588452,1.1788543287088604,1.1788543287088606,0.2848509372362362,0.9662739634085925,4.404605032238053,False,10.596854449893204,False
13,1qvc,107,G,restricted_s231303,True,W,1.2385332065929544,0.21563394837062572,False,2.1919520833959245,1.9998248927818845,1.9998248927818845,0.17410429306437974,0.9535020003100942,12.589879576291615,False,8.207412586685747,False
13,1qvc,107,G,restricted_s231303,True,Y,1.014448787182303,0.22490371611207122,False,1.784260044019912,1.5727997377302783,1.572799737730278,0.22170041401178647,0.9494183184789808,8.04806816429785,False,7.820443658037029,False
13,1qvc,107,G,expanded_s231301,True,A,0.02334925602924626,0.0358659622971817,False,0.003504915537920327,0.9988703006842948,0.9988703006842949,1.5360644575680509,0.9987136327484972,0.0022817503006803685,False,4.185255943267811,False
13,1qvc,107,G,expanded_s231301,True,C,0.02308465476858572,-0.028198018561108373,False,-0.0027871691379139254,1.0018347843330675,1.0018347843330675,-1.2215048846856082,0.9992048717492275,0.0022817503006803685,False,4.281750413343636,False
13,1qvc,107,G,expanded_s231301,True,D,0.018367959117632938,-0.01004451946645618,False,-0.0012477752790060524,1.0007063765679793,1.0007063765679793,-0.5468500556936458,0.9998991076286879,0.0022817503006803685,False,6.763107774594856,False
13,1qvc,107,G,expanded_s231301,True,E,0.018431186242047346,0.02526704791654095,False,0.0031280186431705474,0.999408305294416,0.9994083052944158,1.3708856057728316,0.9993615762895833,0.0022817503006803685,False,6.716786457871635,False
13,1qvc,107,G,expanded_s231301,True,F,0.01683824665469286,-0.0070499493874614854,False,-0.0009553384306873992,1.0005209441237826,1.0005209441237826,-0.4186866680383642,0.9999502982136343,0.0022817503006803685,False,8.047748252947962,False
13,1qvc,107,G,expanded_s231301,True,H,0.01864703555835787,-0.040972557065565234,False,-0.005013619677584294,1.0018757453921516,1.0018757453921516,-2.1972692086813095,0.998321249567509,0.0022817503006803685,False,6.562185735522511,False
13,1qvc,107,G,expanded_s231301,True,I,0.017667258144401593,0.03286695991412395,False,0.004244812355915348,0.9991507938798918,0.9991507938798918,1.8603316737373221,0.9989197629460034,0.0022817503006803685,False,7.310209222655951,False
13,1qvc,107,G,expanded_s231301,True,K,0.0195580546542095,0.013201376943394894,False,0.0015401452926967329,0.9998661309983174,0.9998661309983177,0.6749841524015555,0.9998257236467984,0.0022817503006803685,False,5.965087321764175,False
13,1qvc,107,G,expanded_s231301,True,L,0.020464709858496223,0.0010183439525365012,False,0.00011354212378102772,1.0003771241225428,1.0003771241225428,0.04976097680240117,0.9999989629755943,0.0022817503006803685,False,5.448248813320343,False
13,1qvc,107,G,expanded_s231301,True,M,0.02096091469965462,-0.0003123497619220803,False,-3.400157738320894e-05,1.0004524542184785,1.000452454218478,-0.014901532991173664,0.9999999024376263,0.0022817503006803685,False,5.1933507512626145,False
13,1qvc,107,G,expanded_s231301,True,N,0.018760493348295743,-0.014926456002993341,False,-0.0018154344259830625,1.000912011467787,1.000912011467787,-0.7956323816158759,0.9997772009111907,0.0022817503006803685,False,6.483053515756069,False
13,1qvc,107,G,expanded_s231301,True,P,0.024229971224707856,-0.014310001607086674,False,-0.0013475810667249466,1.0012805533598805,1.0012805533598808,-0.590590945171839,0.9997952238540052,0.0022817503006803685,False,3.886532642883518,False
13,1qvc,107,G,expanded_s231301,True,Q,0.02107536427624875,0.0013637070214772705,False,0.0001476434222208158,1.000386689734889,1.000386689734889,0.06470621354877952,0.9999981403031596,0.0022817503006803685,False,5.137099015075071,False
13,1qvc,107,G,expanded_s231301,True,R,0.019649291165059573,0.00044996074008103157,False,5.225114969032229e-05,1.0003684118240999,1.0003684118240999,0.022899591456059906,0.9999997975353324,0.0022817503006803685,False,5.909821180737612,False
13,1qvc,107,G,expanded_s231301,True,S,0.02360423796550531,0.006845698610165758,False,0.00066175298202551,1.0002339850518631,1.0002339850518633,0.29001989473966083,0.9999531364105387,0.0022817503006803685,False,4.095322880666016,False
13,1qvc,107,G,expanded_s231301,True,T,0.02114298593349691,0.011430434625759399,False,0.001233572104066576,0.9999636788171717,0.9999636788171715,0.5406253715398882,0.9998693451642663,0.0022817503006803685,False,5.104291573571788,False
13,1qvc,107,G,expanded_s231301,True,V,0.01467390062449139,0.06422503402749276,False,0.009986812263049377,0.9983304598256895,0.9983304598256895,4.376820837964402,0.9958751450041674,0.0022817503006803685,False,10.596854449893204,False
13,1qvc,107,G,expanded_s231301,True,W,0.016673659380991915,-0.006038120493083475,False,-0.0008263023092785464,1.0004793660459594,1.0004793660459592,-0.36213529106675735,0.999963541100911,0.0022817503006803685,False,8.207412586685747,False
13,1qvc,107,G,expanded_s231301,True,Y,0.01708119939749068,-0.007786152760430922,False,-0.0010400941988222717,1.0005577610285372,1.0005577610285374,-0.4558317351868599,0.9999393758251912,0.0022817503006803685,False,7.820443658037029,False
13,1qvc,107,G,expanded_s231303,True,A,0.46229341422875025,0.10372970859830605,False,0.2006979267823995,1.1178080785495463,1.1178080785495463,0.22438067557453653,0.9892401475541104,0.8944528144792491,False,4.185255943267811,False
13,1qvc,107,G,expanded_s231303,True,C,0.43441288345699036,0.148585121035834,False,0.27637538935419625,1.0596199715774517,1.0596199715774515,0.3420366354087306,0.9779224618067666,0.8080286166536816,False,4.281750413343636,False
13,1qvc,107,G,expanded_s231303,True,D,0.5419067999773849,0.11644332466035036,False,0.4267617680703564,1.167460120970893,1.167460120970893,0.21487703174274586,0.9864409521420442,1.9860743822135547,False,6.763107774594856,False
13,1qvc,107,G,expanded_s231303,True,E,0.6155608358377581,0.22541993415908174,False,0.9320191602469557,1.1013957764463658,1.1013957764463655,0.3662025278984694,0.9491858532837152,2.545092098614241,False,6.716786457871635,False
13,1qvc,107,G,expanded_s231303,True,F,0.8207682092137228,0.21696798670007583,False,1.4331464364252038,1.3174996014548452,1.3174996014548457,0.26434745432931206,0.9529248927473157,5.421449735770313,False,8.047748252947962,False
13,1qvc,107,G,expanded_s231303,True,H,0.784732863446708,0.12452682132203063,False,0.6412586870191107,1.4203650888293624,1.4203650888293626,0.15868689476707176,0.9844930707714311,4.041031163665916,False,6.562185735522511,False
13,1qvc,107,G,expanded_s231303,True,I,0.6125586544629353,0.2749964869114603,False,1.231415548078656,1.0383251491484051,1.0383251491484053,0.44893086549004063,0.9243769321863551,2.742995954921648,False,7.310209222655951,False
13,1qvc,107,G,expanded_s231303,True,K,0.8344759980538676,0.24723284128700218,False,1.2306564017305128,1.2837304473586695,1.2837304473586693,0.2962731604786585,0.938875922189156,4.153789697798701,False,5.965087321764175,False
13,1qvc,107,G,expanded_s231303,True,L,0.8402617267097453,0.1877432090644611,False,0.8594799542840174,1.3905329033201772,1.3905329033201772,0.22343420281632548,0.9647524874501782,3.846680335644738,False,5.448248813320343,False
13,1qvc,107,G,expanded_s231303,True,M,0.8681529973834542,0.2423685394119878,False,1.0927483764007826,1.3328636789419417,1.3328636789419415,0.2791772189262351,0.9412574911032998,3.914174589902736,False,5.1933507512626145,False
13,1qvc,107,G,expanded_s231303,True,N,0.5070602717010406,0.16145907204941282,False,0.5307642262539836,1.093371157253587,1.0933711572535871,0.31842185448243515,0.9739309680529425,1.6668586618110461,False,6.483053515756069,False
13,1qvc,107,G,expanded_s231303,True,P,0.606383901426343,0.06230873166506691,False,0.1468449087071158,1.2921354123090518,1.292135412309052,0.10275459410862263,0.9961176219582907,1.429083633495598,False,3.886532642883518,False
13,1qvc,107,G,expanded_s231303,True,Q,0.7685137442527804,0.21528726236799264,False,0.8499392997794145,1.2597109349207143,1.2597109349207143,0.2801345636014808,0.953651394662095,3.034039387544257,False,5.137099015075071,False
13,1qvc,107,G,expanded_s231303,True,R,0.762724869993675,0.2648100411837611,False,1.1936491596136016,1.1777948188370606,1.1777948188370606,0.3471894671350589,0.9298756420882547,3.4380339054158706,False,5.909821180737612,False
13,1qvc,107,G,expanded_s231303,True,S,0.34607752678842985,0.11066867842675411,False,0.15685063094212381,1.0431697695022462,1.0431697695022464,0.31978001996763583,0.9877524436152758,0.4904954066798742,False,4.095322880666016,False
13,1qvc,107,G,expanded_s231303,True,T,0.4279334505756985,0.15870380947207557,False,0.34665627171294533,1.0472977005078368,1.0472977005078365,0.37086095807320385,0.974813100859051,0.9347337975773637,False,5.104291573571788,False
13,1qvc,107,G,expanded_s231303,True,V,0.3828117576617715,0.2595553693073523,False,1.0529124351087191,0.9478231475338994,0.9478231475338993,0.6780235040133725,0.932631010263724,1.5529143589806185,False,10.596854449893204,False
13,1qvc,107,G,expanded_s231303,True,W,0.7716108684434342,0.267774742793553,False,1.6957983681482083,1.1821475286317291,1.1821475286317293,0.34703339953431883,0.9282966871218465,4.886556655422175,False,8.207412586685747,False
13,1qvc,107,G,expanded_s231303,True,Y,0.8244759666099237,0.24473526332308956,False,1.577996161215655,1.2762039339336912,1.2762039339336912,0.29683735273617595,0.940104650886178,5.316029625887923,False,7.820443658037029,False
17,2fkz,137,Q,restricted_s231301,True,A,0.46118064441569273,0.21906113833319646,False,0.5917263063023384,1.010634072897796,1.0106340728977963,0.47500072040261543,0.9520122176721643,1.2457377028834506,False,5.857124629236126,False
17,2fkz,137,Q,restricted_s231301,True,C,0.47238970152820947,0.26138296524346105,False,0.4503362974652853,0.976202788238077,0.976202788238077,0.5533206257415673,0.9316789454805356,0.8138794697228916,False,3.64719724629897,False
17,2fkz,137,Q,restricted_s231301,True,D,1.6753002200187475,0.08779608854343668,False,0.059569605624394464,3.512461214287654,3.5124612142876543,0.052406182184142606,0.9922918468364731,1.13669042738281,False,0.4050017609615209,False
17,2fkz,137,Q,restricted_s231301,True,E,2.0118717650003366,0.062078772726371724,False,0.05609180985125247,4.79783893869745,4.797838938697449,0.030856227422805613,0.9961462259767875,1.8178440637819329,False,0.4491134225572032,False
17,2fkz,137,Q,restricted_s231301,True,F,0.4908671074823954,0.32778557673007713,False,1.6134736387306576,0.9191522013602501,0.9191522013602502,0.6677684687638862,0.8925566156877306,2.416217168380797,False,10.02785632659034,False
17,2fkz,137,Q,restricted_s231301,True,G,2.490210491267283,0.06170749757611368,False,0.038205313007580434,6.893818975109866,6.893818975109866,0.024780032769322387,0.996192184742894,1.5417781470764844,False,0.24862784677468103,False
17,2fkz,137,Q,restricted_s231301,True,H,1.359849916900749,0.11100396737231363,False,0.17378615641485076,2.5472943248811855,2.547294324881186,0.08162957249378239,0.9876781192276064,2.1289607565700264,False,1.151292559595677,False
17,2fkz,137,Q,restricted_s231301,True,I,0.5565507125420115,0.16990594621120542,False,0.44764639017530067,1.1206261447730785,1.1206261447730788,0.30528385353271825,0.9711319694420749,1.4663284186018208,False,4.73392927648852,False
17,2fkz,137,Q,restricted_s231301,True,K,0.45764901870492597,0.18721719024399877,False,0.5246995874439135,1.038083097521863,1.0380830975218627,0.40908465350541706,0.9649497236771424,1.282618604603718,False,6.123961675701524,False
17,2fkz,137,Q,restricted_s231301,True,L,0.3636349080545407,0.25466639806032715,False,1.1092033066697107,0.947019161869338,0.947019161869338,0.7003353980034567,0.935145025698979,1.5838172821649035,False,11.97771408616614,False
17,2fkz,137,Q,restricted_s231301,True,M,1.4145080061655395,0.1671428653710305,False,0.1728119600116637,2.5279830570248665,2.527983057024868,0.1181632515634343,0.9720632625555616,1.4624848057679931,False,0.7309380039326505,False
17,2fkz,137,Q,restricted_s231301,True,N,0.9289571170260787,0.12441770383624177,False,0.1527624457741485,1.6318039023479642,1.6318039023479642,0.13393266659557654,0.9845202349721173,1.1405913856358165,False,1.3217178478704754,False
17,2fkz,137,Q,restricted_s231301,True,P,4.019845759151647,0.09223730846768824,False,0.07745558679315327,16.41760042081069,16.417600420810686,0.022945484477283548,0.9914922789266365,3.375635274549802,False,0.2088991810045978,False
17,2fkz,137,Q,restricted_s231301,True,R,0.47700040272785027,0.1977258015745943,False,0.36673291378887146,1.0388988102409942,1.0388988102409944,0.41451915018068775,0.9609045073916842,0.8847188691499864,False,3.8883719228214906,False
17,2fkz,137,Q,restricted_s231301,True,S,0.45996528242054774,0.22798661343619125,False,0.4314077897264488,1.0018362069576503,1.0018362069576503,0.4956604816703151,0.9480221040938968,0.8703695486730298,False,4.113898593325501,False
17,2fkz,137,Q,restricted_s231301,True,T,0.48019469818496363,0.13316377511289051,False,0.2570946370998817,1.1026978705659387,1.1026978705659387,0.27731204783439295,0.9822674089976835,0.9270950869520648,False,4.020587870779553,False
17,2fkz,137,Q,restricted_s231301,True,V,0.5131603770289392,0.16342192903795413,False,0.3823932675225725,1.0956102551126568,1.0956102551126568,0.3184617058396504,0.9732932731095139,1.200751175135363,False,4.5598104468660186,False
17,2fkz,137,Q,restricted_s231301,True,W,2.0679779987430815,0.19529669168662875,False,0.15892713903240885,4.468794480014923,4.468794480014923,0.09443847652408788,0.9618592022162579,1.682864282460891,False,0.3935113516411618,False
17,2fkz,137,Q,restricted_s231301,True,Y,0.805982814845207,0.27659351181493447,False,0.7907238513600537,1.2037490633847594,1.2037490633847594,0.3431754458288985,0.9234960292218817,2.3041387749935214,False,3.546966352962738,False
17,2fkz,137,Q,restricted_s231303,True,A,0.4871771138494842,0.211894241488503,False,0.6046311219609432,1.0308814902393242,1.0308814902393244,0.4349429303322504,0.9551008304240121,1.3901389809901472,False,5.857124629236126,False
17,2fkz,137,Q,restricted_s231303,True,C,0.5481796014172081,0.23445603068607407,False,0.46875242794306576,1.0434528485072236,1.0434528485072236,0.4276992979671902,0.9450303696749307,1.0959859653055237,False,3.64719724629897,False
17,2fkz,137,Q,restricted_s231303,True,D,1.8735377684881376,0.10144259816128913,False,0.07697323297269185,4.130030691974029,4.130030691974029,0.05414494432271245,0.9897093992782872,1.4216144080584732,False,0.4050017609615209,False
17,2fkz,137,Q,restricted_s231303,True,E,1.7508835987259994,0.0830285127219112,False,0.06528908286401064,3.774846853984892,3.774846853984892,0.04742092094661545,0.9931062660751875,1.376799133393264,False,0.4491134225572032,False
17,2fkz,137,Q,restricted_s231303,True,F,0.4893119795914432,0.31271450799305217,False,1.5344119840888235,0.9333963034656079,0.933396303465608,0.6390902349338695,0.9022096364906632,2.4009316685109394,False,10.02785632659034,False
17,2fkz,137,Q,restricted_s231303,True,G,1.8884902018654603,0.07639287737219758,False,0.03586884339807628,4.277860841722438,4.277860841722438,0.04045182617137028,0.9941641282867963,0.8867051699006459,False,0.24862784677468103,False
17,2fkz,137,Q,restricted_s231303,True,H,1.5295335370526846,0.1292375268099898,False,0.2275796055297985,2.944126577965646,2.9441265779656463,0.08449473233455373,0.9832976616640371,2.69341767518365,False,1.151292559595677,False
17,2fkz,137,Q,restricted_s231303,True,I,0.5485756234937025,0.17999619948007245,False,0.46743540715707466,1.103452159978949,1.1034521599789493,0.32811556287123056,0.96760136817273,1.4246060231544713,False,4.73392927648852,False
17,2fkz,137,Q,restricted_s231303,True,K,0.5965805921051773,0.17432228734538444,False,0.63687543916832,1.1479138160732871,1.1479138160732871,0.2922024109605151,0.9696117401346731,2.179569419276216,False,6.123961675701524,False
17,2fkz,137,Q,restricted_s231303,True,L,0.34978268223816716,0.24948017560411984,False,1.0452213853264807,0.9478202348176107,0.9478202348176104,0.7132433601565462,0.9377596419805375,1.4654484622150148,False,11.97771408616614,False
17,2fkz,137,Q,restricted_s231303,True,M,1.3842295234547932,0.14400857377845014,False,0.14570585376835307,2.5174095346943868,2.517409534694387,0.10403518443894338,0.9792615306782968,1.4005440039745933,False,0.7309380039326505,False
17,2fkz,137,Q,restricted_s231303,True,N,0.936587330210604,0.09775647999677212,False,0.12101315622956493,1.6940808658891011,1.6940808658891007,0.10437518941751034,0.9904436706186407,1.1594053807701483,False,1.3217178478704754,False
17,2fkz,137,Q,restricted_s231303,True,P,4.320024603906282,0.10881056370119573,False,0.09819604987025621,18.722483953647476,18.722483953647476,0.02518748703486695,0.9881602612270279,3.898604483024597,False,0.2088991810045978,False
17,2fkz,137,Q,restricted_s231303,True,R,0.6515772843596899,0.18642647637492088,False,0.4723254259617575,1.1816104430753145,1.1816104430753145,0.28611567783263603,0.9652451689064311,1.6508197996687384,False,3.8883719228214906,False
17,2fkz,137,Q,restricted_s231303,True,S,0.4207160073769072,0.20353517858784603,False,0.35227522515724585,1.0057409434707172,1.0057409434707172,0.483782825038803,0.9585734310772137,0.728168109583036,False,4.113898593325501,False
17,2fkz,137,Q,restricted_s231303,True,T,0.5355917036155166,0.1459963706386812,False,0.3143876366149193,1.130469583237664,1.130469583237664,0.2725889323025943,0.9786850597603328,1.153339697100854,False,4.020587870779553,False
17,2fkz,137,Q,restricted_s231303,True,V,0.5031737170347079,0.16145248473538149,False,0.37043283068157407,1.0907064957769417,1.0907064957769417,0.3208682792234253,0.9739330951727715,1.154470088405455,False,4.5598104468660186,False
17,2fkz,137,Q,restricted_s231303,True,W,2.238854876249122,0.18401895706991614,False,0.162123426219862,5.188487678187952,5.188487678187954,0.0821933386670481,0.9661370234389003,1.9724643000158169,False,0.3935113516411618,False
17,2fkz,137,Q,restricted_s231303,True,Y,0.805807069915412,0.25719046095078096,False,0.7350942048232588,1.2348332504277755,1.2348332504277755,0.31917126388302736,0.9338530667959248,2.30313404747071,False,3.546966352962738,False
17,2fkz,137,Q,expanded_s231301,True,A,0.01973748557630561,0.07482837007158007,False,0.008650527203688939,0.9974357205869023,0.9974357205869024,3.7911804815406573,0.9944007150324307,0.0022817503006803685,False,5.857124629236126,False
17,2fkz,137,Q,expanded_s231301,True,C,0.025012346279331528,0.10397304135146596,False,0.009484936587592304,0.995424398038401,0.9954243980384012,4.156868779534773,0.9891896066721264,0.0022817503006803685,False,3.64719724629897,False
17,2fkz,137,Q,expanded_s231301,True,D,0.07505948882780403,0.049141563892781404,False,0.0014938654651045536,0.9982568455311093,0.998256845531109,0.6547015528645336,0.9975851066981717,0.0022817503006803685,False,0.4050017609615209,False
17,2fkz,137,Q,expanded_s231301,True,E,0.0712780878862903,0.016483247407737586,False,0.0005276608259861614,1.0027307770979654,1.0027307770979652,0.231252659780005,0.9997283025548953,0.0022817503006803685,False,0.4491134225572032,False
17,2fkz,137,Q,expanded_s231301,True,F,0.015084468300700836,0.13720442251723092,False,0.020754210628612126,0.9960882296595605,0.9960882296595607,9.09574137995015,0.9811749464417132,0.0022817503006803685,False,10.02785632659034,False
17,2fkz,137,Q,expanded_s231301,True,G,0.09579860252860194,0.0368974125311499,False,0.0008788299611379262,1.002107931131622,1.002107931131622,0.3851560623771489,0.9986385809485062,0.0022817503006803685,False,0.24862784677468103,False
17,2fkz,137,Q,expanded_s231301,True,H,0.044518570358720436,0.04694788821948818,False,0.0024062623125125095,0.9978017973769991,0.9978017973769994,1.0545686404840242,0.9977958957917304,0.0022817503006803685,False,1.151292559595677,False
17,2fkz,137,Q,expanded_s231301,True,I,0.021954481029984197,0.05003627153232154,False,0.005200317760090611,0.9982849584889609,0.9982849584889609,2.279091519584763,0.9974963715311438,0.0022817503006803685,False,4.73392927648852,False
17,2fkz,137,Q,expanded_s231301,True,K,0.01930268956157321,0.08700906183288945,False,0.01028524819641411,0.9970135760051024,0.9970135760051023,4.507613384929662,0.9924294231589603,0.0022817503006803685,False,6.123961675701524,False
17,2fkz,137,Q,expanded_s231301,True,L,0.013802160940079366,0.12418832278780688,False,0.020530607061624333,0.9967623652106242,0.9967623652106241,8.99774486958654,0.9845772604831515,0.0022817503006803685,False,11.97771408616614,False
17,2fkz,137,Q,expanded_s231301,True,M,0.055871944561300735,0.07690833862251939,False,0.0031408540754156956,0.9945276373254227,0.9945276373254228,1.3765108629455032,0.9940851074503239,0.0022817503006803685,False,0.7309380039326505,False
17,2fkz,137,Q,expanded_s231301,True,N,0.04154939275444883,0.08523224422462343,False,0.004680662844738535,0.9946436560569996,0.9946436560569996,2.051347530596517,0.9927354645444341,0.0022817503006803685,False,1.3217178478704754,False
17,2fkz,137,Q,expanded_s231301,True,P,0.10451188709672055,0.06250650147294821,False,0.0013646699193019629,0.9978573896950141,0.9978573896950143,0.5980803065502163,0.9960929372736124,0.0022817503006803685,False,0.2088991810045978,False
17,2fkz,137,Q,expanded_s231301,True,R,0.024224239909362254,0.09637153185173053,False,0.009077509659848106,0.9959177595831682,0.9959177595831683,3.9783098339644742,0.9907125278485509,0.0022817503006803685,False,3.8883719228214906,False
17,2fkz,137,Q,expanded_s231301,True,S,0.02355088691545531,0.0821902599869683,False,0.007963082286943117,0.9966833372374946,0.9966833372374948,3.4899008382156005,0.9932447611632745,0.0022817503006803685,False,4.113898593325501,False
17,2fkz,137,Q,expanded_s231301,True,T,0.023822606608797085,0.029579917781034016,False,0.002833190649508989,0.9991581750960012,0.9991581750960012,1.2416742746409162,0.9991250284640674,0.0022817503006803685,False,4.020587870779553,False
17,2fkz,137,Q,expanded_s231301,True,V,0.02236972594878342,0.04071971943331274,False,0.00415348101596366,0.9986786267101546,0.9986786267101544,1.8203047961580991,0.9983419044492723,0.0022817503006803685,False,4.5598104468660186,False
17,2fkz,137,Q,expanded_s231301,True,W,0.07614746075017297,0.050127201547465125,False,0.0015020560905956955,0.9981643175539958,0.9981643175539959,0.6582911767987123,0.9974872636650198,0.0022817503006803685,False,0.3935113516411618,False
17,2fkz,137,Q,expanded_s231301,True,Y,0.025363286289987554,0.0971623382735376,False,0.008740988531047366,0.9957145838869551,0.9957145838869552,3.8308260673575862,0.9905594800212186,0.0022817503006803685,False,3.546966352962738,False
17,2fkz,137,Q,expanded_s231303,True,A,0.40111556056902853,0.28259891837124035,False,0.6639333289082672,0.9341840458132438,0.9341840458132439,0.704532424447312,0.9201378513354049,0.9423744115526069,False,5.857124629236126,False
17,2fkz,137,Q,expanded_s231303,True,C,0.38565075366309715,0.22666755626145377,False,0.3188179743943218,0.9738974759945105,0.9738974759945108,0.587753437815059,0.9486218189384608,0.5424348951143698,False,3.64719724629897,False
17,2fkz,137,Q,expanded_s231303,True,D,1.4783544679517449,0.1217181054228043,False,0.07287703138970907,2.825646922948038,2.8256469229480374,0.08233350530028453,0.9851847028122831,0.8851442814673556,False,0.4050017609615209,False
17,2fkz,137,Q,expanded_s231303,True,E,1.4190372910102251,0.11453927523440789,False,0.07299687596883478,2.6885958275918207,2.6885958275918203,0.08071618410596271,0.9868807544287765,0.9043648033832451,False,0.4491134225572032,False
17,2fkz,137,Q,expanded_s231303,True,F,0.30054417601806166,0.18860422321721715,False,0.5684180138582313,0.9769590000176854,0.9769590000176857,0.6275424322509003,0.9644284469846301,0.9057841902728415,False,10.02785632659034,False
17,2fkz,137,Q,expanded_s231303,True,G,2.3064960403672434,0.10733401160955572,False,0.06155167043159831,5.824793038681428,5.8247930386814275,0.04653552823462288,0.9884794099517997,1.3226812452040304,False,0.24862784677468103,False
17,2fkz,137,Q,expanded_s231303,True,H,0.726938417721597,0.14484553831895808,False,0.12122395289958647,1.3178518902803462,1.3178518902803462,0.19925420749248537,0.9790197700290912,0.6083884221323571,False,1.151292559595677,False
17,2fkz,137,Q,expanded_s231303,True,I,0.3839169352891744,0.1754434107620494,False,0.3188571039615142,1.0126808200489408,1.0126808200489406,0.45698273411643503,0.9692196096201788,0.6977443132025909,False,4.73392927648852,False
17,2fkz,137,Q,expanded_s231303,True,K,0.3321392366150838,0.14375309063620004,False,0.292394930057578,1.0148243889293178,1.0148243889293174,0.4328097219142931,0.9793350489325404,0.6755738497839919,False,6.123961675701524,False
17,2fkz,137,Q,expanded_s231303,True,L,0.26274701582344545,0.1818527447596816,False,0.5723103428818503,0.9734734623143078,0.9734734623143078,0.692121066303104,0.9669295792233701,0.8268934016685683,False,11.97771408616614,False
17,2fkz,137,Q,expanded_s231303,True,M,0.9261558533747217,0.1422144338282202,False,0.09627384019582046,1.5943392040915028,1.5943392040915032,0.15355345788726596,0.9797750548109188,0.6269727918892041,False,0.7309380039326505,False
17,2fkz,137,Q,expanded_s231303,True,N,0.665607929589983,0.14624466049991255,False,0.12865813757943792,1.2483507045551903,1.2483507045551903,0.21971592284064256,0.9786124992752653,0.5855658339006782,False,1.3217178478704754,False
17,2fkz,137,Q,expanded_s231303,True,P,2.5511236267968376,0.1012076844165209,False,0.05393637202940173,6.991845129344282,6.991845129344284,0.03967180710234577,0.9897570046150459,1.3595642842852123,False,0.2088991810045978,False
17,2fkz,137,Q,expanded_s231303,True,R,0.4009519994084657,0.17444747569611227,False,0.271972423666803,1.0208723774854143,1.0208723774854143,0.43508319188700617,0.9695680782232543,0.6251044139104228,False,3.8883719228214906,False
17,2fkz,137,Q,expanded_s231303,True,S,0.4235222554890556,0.2848092822607858,False,0.4962310763801045,0.9381249616799228,0.9381249616799228,0.6724777235895355,0.918883672738096,0.7379145196532818,False,4.113898593325501,False
17,2fkz,137,Q,expanded_s231303,True,T,0.42775985380716347,0.18174769963788215,False,0.3125780687391535,1.0274897536753484,1.0274897536753484,0.4248825550604733,0.9669677736763381,0.7356811076761305,False,4.020587870779553,False
17,2fkz,137,Q,expanded_s231303,True,V,0.37378849643015466,0.21971158123819992,False,0.37447744971635605,0.9754665168648787,0.9754665168648785,0.5877965302210812,0.9517268210698099,0.6370868667351747,False,4.5598104468660186,False
17,2fkz,137,Q,expanded_s231303,True,W,1.7432271561574064,0.21404074341838106,False,0.14682759948641153,3.292597645062556,3.2925976450625565,0.12278419519931688,0.9541865601569067,1.195818397050734,False,0.3935113516411618,False
17,2fkz,137,Q,expanded_s231303,True,Y,0.4694073494585601,0.19218962062894768,False,0.3199903513296044,1.0399128188999496,1.0399128188999496,0.40943036117911147,0.9630631497225012,0.7815501283492257,False,3.546966352962738,False
17,2fkz,44,E,restricted_s231301,True,A,0.4678081355607744,0.10692598787019543,False,0.4201956527345897,1.1188027576397477,1.118802757639748,0.22856803835192033,0.9885668331179829,1.8383832480008655,False,8.400410582706789,False
17,2fkz,44,E,restricted_s231301,True,C,0.5220865704086323,0.14511439150655492,False,0.35435828165583216,1.1210498370438622,1.121049837043862,0.2779508222036342,0.9789418133776823,1.274895605080167,False,4.677239190031697,False
17,2fkz,44,E,restricted_s231301,True,D,0.8638834170642753,0.020611345877297554,False,0.03290884066355492,1.7106829584651018,1.7106829584651018,0.02385894377662769,0.9995751724211265,1.3793083621661637,False,1.8482090574900896,False
17,2fkz,44,E,restricted_s231301,True,F,0.728653468503347,0.16885736806259344,False,0.9697587414108396,1.284858863319648,1.2848588633196483,0.2317389202983226,0.9714871892509739,4.184703804447039,False,7.881749914539163,False
17,2fkz,44,E,restricted_s231301,True,G,0.2946813968131771,0.16757544518999476,False,0.4786956436544708,0.9880743931074099,0.9880743931074101,0.568666522563807,0.971918470169375,0.8417862220837151,False,9.693851748296051,False
17,2fkz,44,E,restricted_s231301,True,H,0.8439060885740158,0.11913054100167908,False,0.45986807056898665,1.5111075085594279,1.5111075085594279,0.14116563752132544,0.9858079142006473,3.257648806350029,False,4.574209194855176,False
17,2fkz,44,E,restricted_s231301,True,I,0.6482003155298522,0.11452796150139409,False,0.43850255201212945,1.2716895274886113,1.271689527488611,0.17668606256042407,0.9868833460343351,2.481817443083084,False,5.906787625909123,False
17,2fkz,44,E,restricted_s231301,True,K,0.5012389814019513,0.10199657880546187,False,0.3327132101420869,1.1489911939429986,1.1489911939429986,0.20348891963705676,0.9895966979119812,1.6350433760005942,False,6.507880969712739,False
17,2fkz,44,E,restricted_s231301,True,L,0.6583966110992365,0.1414629824483864,False,0.5494498037403154,1.2472086010269425,1.2472086010269423,0.2148598277445636,0.9799882245968075,2.557247715908669,False,5.899261200337835,False
17,2fkz,44,E,restricted_s231301,True,M,0.7061058066411962,0.13518400470226968,False,0.49640417292999983,1.3076769888018478,1.3076769888018476,0.19145006800795605,0.9817252848726566,2.592864960013338,False,5.200442907297884,False
17,2fkz,44,E,restricted_s231301,True,N,0.9016445349513892,0.013462220069568265,False,0.02236216266911161,1.788686593099629,1.7886865930996287,0.014930739939874486,0.9998187686307984,1.497726352422129,False,1.8423059803431439,False
17,2fkz,44,E,restricted_s231301,True,P,1.199069476345779,0.12094888918271901,False,0.48927974076215985,2.1477153666702873,2.1477153666702877,0.10086895844544094,0.9853713662054664,4.850647298264774,False,3.3737352737325654,False
17,2fkz,44,E,restricted_s231301,True,Q,1.0598178147781079,-0.021015969650434042,False,-0.035927056986423025,2.1677599985817757,2.1677599985817757,-0.019829794666014477,0.999558329019652,1.8117715080528305,False,1.6130246149151428,False
17,2fkz,44,E,restricted_s231301,True,R,1.0185396757822376,0.005228489026244315,False,0.0077771541782212196,2.026772224107342,2.026772224107342,0.005133318957092996,0.9999726629025025,1.5150342776723598,False,1.4603822874343328,False
17,2fkz,44,E,restricted_s231301,True,S,0.45646555702756675,0.12669165829389298,False,0.2957730578696395,1.0927000480047508,1.0927000480047508,0.2775492177742599,0.9839492237187435,1.0656598503195986,False,5.114492870122589,False
17,2fkz,44,E,restricted_s231301,True,T,0.7188680775622959,0.008907692364465841,False,0.020875731788399104,1.5039644015669913,1.503964401566991,0.012391275454422881,0.99992065301674,1.6847121077393064,False,3.2600728127899563,False
17,2fkz,44,E,restricted_s231301,True,V,0.6401699545425806,0.069931093142413,False,0.22325094829801126,1.3202820012628667,1.3202820012628667,0.10923832436400538,0.9951096422119071,2.0437053533894525,False,4.986866107042178,False
17,2fkz,44,E,restricted_s231301,True,W,0.6807936986866813,0.261321266442989,False,1.804848939956011,1.1076683171170714,1.1076683171170714,0.3838479512179735,0.9317111957046323,4.701989249204308,False,10.144965562195988,False
17,2fkz,44,E,restricted_s231301,True,Y,0.7283374364189561,0.20129021564336674,False,0.895271500547,1.2372610220135198,1.2372610220135198,0.2763694485252027,0.9594822490862469,3.2394011180485403,False,6.106599831100706,False
17,2fkz,44,E,restricted_s231303,True,A,0.4819108230667296,0.10307386875887828,False,0.41726866324796363,1.1328932155283267,1.1328932155283264,0.2138857726891221,0.9893757775790776,1.950894900590016,False,8.400410582706789,False
17,2fkz,44,E,restricted_s231303,True,C,0.4878985405944983,0.13161772262617782,False,0.3003540351623896,1.1096127963428741,1.109612796342874,0.2697645343759448,0.9826767750906985,1.1133933371086326,False,4.677239190031697,False
17,2fkz,44,E,restricted_s231303,True,D,0.8917917605995322,0.02526917842973053,False,0.04164910486131225,1.750222854031707,1.7502228540317077,0.02833529030672206,0.9993614686214864,1.4698668836800912,False,1.8482090574900896,False
17,2fkz,44,E,restricted_s231303,True,F,0.6621052412878635,0.1374881398581933,False,0.7174884475103135,1.256320114510803,1.2563201145108027,0.20765300028552044,0.9810970113983338,3.4552279356608153,False,7.881749914539163,False
17,2fkz,44,E,restricted_s231303,True,G,0.3670397611470284,0.17723157572392545,False,0.6305950915096407,1.0046161158200255,1.0046161158200255,0.4828675105118385,0.9685889685664144,1.3059381254315727,False,9.693851748296051,False
17,2fkz,44,E,restricted_s231303,True,H,0.91414147956072,0.11798576124690341,False,0.4933544356412,1.6199432879467779,1.619943287946778,0.12906728759710157,0.9860793601429887,3.8224591592973023,False,4.574209194855176,False
17,2fkz,44,E,restricted_s231303,True,I,0.603868591874323,0.08896507187250174,False,0.317331607868401,1.2572108508969864,1.2572108508969864,0.14732521788617403,0.9920852159867206,2.1539530870646786,False,5.906787625909123,False
17,2fkz,44,E,restricted_s231303,True,K,0.5665315106666476,0.07616235931135006,False,0.2808044981460345,1.2346611996250436,1.2346611996250434,0.1344362279544318,0.9941992950241288,2.088756151661852,False,6.507880969712739,False
17,2fkz,44,E,restricted_s231303,True,L,0.5538140144858305,0.14023308978331891,False,0.4581546200228348,1.1513838618076082,1.1513838618076082,0.25321332814864483,0.9803346805298235,1.809362182364597,False,5.899261200337835,False
17,2fkz,44,E,restricted_s231303,True,M,0.6241997260523013,0.10766532104135794,False,0.3494940177127061,1.2552159702050707,1.2552159702050707,0.172485370543621,0.9884081786450614,2.02622411750752,False,5.200442907297884,False
17,2fkz,44,E,restricted_s231303,True,N,0.9161979564529459,0.012091211176318855,False,0.020408960584976307,1.8172628094669854,1.8172628094669854,0.013197160167361534,0.9998538026122896,1.546466082563019,False,1.8423059803431439,False
17,2fkz,44,E,restricted_s231303,True,P,0.8786644071089693,0.13058230068592924,False,0.38709570467502574,1.5425751006979023,1.542575100697902,0.14861453318176213,0.9829482627475695,2.604696165223563,False,3.3737352737325654,False
17,2fkz,44,E,restricted_s231303,True,Q,0.990128045362101,-0.014769402284382315,False,-0.023588225815056926,2.0096007450425786,2.009600745042579,-0.014916658864037105,0.999781864756162,1.5813344013602328,False,1.6130246149151428,False
17,2fkz,44,E,restricted_s231303,True,R,1.169252226030533,0.014459631152478914,False,0.02469061894921817,2.3333368562521235,2.333336856252123,0.012366562860066198,0.9997909190669343,1.9965627659524146,False,1.4603822874343328,False
17,2fkz,44,E,restricted_s231303,True,S,0.44092671590904037,0.12461948758703502,False,0.2810314682574543,1.084520246002294,1.084520246002294,0.28263083884611573,0.9844699833135448,0.9943411320746486,False,5.114492870122589,False
17,2fkz,44,E,restricted_s231303,True,T,0.669345044760447,0.04405609764442615,False,0.09613540907503057,1.3890453276458068,1.3890453276458068,0.06581971135708259,0.9980590602603449,1.4605869137511165,False,3.2600728127899563,False
17,2fkz,44,E,restricted_s231303,True,V,0.5617156274508494,0.06688469239114506,False,0.18735744208423374,1.2403840922158034,1.2403840922158031,0.11907215879799878,0.995526437923742,1.5734781663115578,False,4.986866107042178,False
17,2fkz,44,E,restricted_s231303,True,W,0.5571163540742937,0.21147238725827935,False,1.1952263316663994,1.0747491812235943,1.0747491812235948,0.3795838799413141,0.9552794294272844,3.1487805326485105,False,10.144965562195988,False
17,2fkz,44,E,restricted_s231303,True,Y,0.7019845578296896,0.17469788374737955,False,0.7488841934418005,1.2475118860789711,1.2475118860789713,0.24886285858978036,0.9694806494141871,3.0092244286088645,False,6.106599831100706,False
17,2fkz,44,E,expanded_s231301,True,A,0.01648100918915472,0.03422047734284482,False,0.004737730776695636,0.9991436476608037,0.9991436476608037,2.0763581252878316,0.9988289589304279,0.0022817503006803685,False,8.400410582706789,False
17,2fkz,44,E,expanded_s231301,True,C,0.022087129028988267,0.051629703897209486,False,0.0053336987454042336,0.998207137405331,0.9982071374053308,2.3375470768268727,0.9973343736754865,0.0022817503006803685,False,4.677239190031697,False
17,2fkz,44,E,expanded_s231301,True,D,0.03513650101184395,-0.0017416618144908747,False,-0.00011310282055570887,1.0013569655075696,1.0013569655075698,-0.04956844774907406,0.999996966614124,0.0022817503006803685,False,1.8482090574900896,False
17,2fkz,44,E,expanded_s231301,True,F,0.01701463875563593,0.07668788888787559,False,0.010284239121473653,0.9976798644792657,0.9976798644792657,4.5071711476961855,0.9941189676979209,0.0022817503006803685,False,7.881749914539163,False
17,2fkz,44,E,expanded_s231301,True,G,0.015342137525792198,0.023185309989014465,False,0.003448221471738478,0.9995239567550012,0.9995239567550014,1.5112177133099503,0.9994624414007133,0.0022817503006803685,False,9.693851748296051,False
17,2fkz,44,E,expanded_s231301,True,H,0.022334490358659854,0.04980026708329529,False,0.005087726317749298,0.9982743022895201,0.9982743022895201,2.2297471884773055,0.9975199333984324,0.0022817503006803685,False,4.574209194855176,False
17,2fkz,44,E,expanded_s231301,True,I,0.01965433617045817,0.0028620152532195173,False,0.000332262769291648,1.000273790910478,1.000273790910478,0.14561749775712726,0.9999918088686904,0.0022817503006803685,False,5.906787625909123,False
17,2fkz,44,E,expanded_s231301,True,K,0.01872467367307835,0.025306631038866767,False,0.0030838141155518643,0.9994028965882277,0.9994028965882277,1.3515125273051734,0.9993595744254626,0.0022817503006803685,False,6.507880969712739,False
17,2fkz,44,E,expanded_s231301,True,L,0.019666869921819513,0.047851784524539455,False,0.005551764167912827,0.9985045961289796,0.9985045961289797,2.4331164397162173,0.997710206717817,0.0022817503006803685,False,5.899261200337835,False
17,2fkz,44,E,expanded_s231301,True,M,0.020946616994784336,0.0314981165832811,False,0.003431142938387742,0.999119202795272,0.9991192027952719,1.5037328744361946,0.999007868651706,0.0022817503006803685,False,5.200442907297884,False
17,2fkz,44,E,expanded_s231301,True,N,0.035192747801617394,-0.011205531268885129,False,-0.0007265196933808858,1.0020272363696863,1.0020272363696865,-0.3184045568720878,0.9998744360689821,0.0022817503006803685,False,1.8423059803431439,False
17,2fkz,44,E,expanded_s231301,True,P,0.02600629935067136,0.04972790788489079,False,0.004363045554408188,0.9980898498888425,0.9980898498888425,1.9121485611757003,0.9975271351773919,0.0022817503006803685,False,3.3737352737325654,False
17,2fkz,44,E,expanded_s231301,True,Q,0.037610885704308684,-0.015954696622722933,False,-0.0009679281180020607,1.0026147192657109,1.002614719265711,-0.4242042250256066,0.999745447655677,0.0022817503006803685,False,1.6130246149151428,False
17,2fkz,44,E,expanded_s231301,True,R,0.03952763037405415,-0.013169537896062091,False,-0.0007602175179690425,1.0026035548152932,1.0026035548152932,-0.3331729671482292,0.9998265632716042,0.0022817503006803685,False,1.4603822874343328,False
17,2fkz,44,E,expanded_s231301,True,S,0.0211218896553945,0.03128227608596091,False,0.00337935402701423,0.9991246526553001,0.9991246526553004,1.481035863567797,0.9990214192028818,0.0022817503006803685,False,5.114492870122589,False
17,2fkz,44,E,expanded_s231301,True,T,0.026455770117848533,-0.06488955773925109,False,-0.005596577503622229,1.0041333142177253,1.0041333142177256,-2.452756334447924,0.9957893452964045,0.0022817503006803685,False,3.2600728127899563,False
17,2fkz,44,E,expanded_s231301,True,V,0.02139046394534433,-0.010354315215497924,False,-0.0011045090895021906,1.0009005191603888,1.000900519160389,-0.4840622083726032,0.9998927881564182,0.0022817503006803685,False,4.986866107042178,False
17,2fkz,44,E,expanded_s231301,True,W,0.014997151187479008,0.12050603429579564,False,0.018334460761974324,0.9966104201130649,0.996610420113065,8.035261683325903,0.9854782956983006,0.0022817503006803685,False,10.144965562195988,False
17,2fkz,44,E,expanded_s231301,True,Y,0.019330110093395626,0.08360901602754592,False,0.00986931251496717,0.9971413101869968,0.9971413101869969,4.325325392539383,0.9930095324389056,0.0022817503006803685,False,6.106599831100706,False
17,2fkz,44,E,expanded_s231303,True,A,0.3923850033382333,0.21062884628921233,False,0.6942737783318399,0.9886707897361038,0.9886707897361038,0.5367912751437437,0.9556354891108755,1.293377538869135,False,8.400410582706789,False
17,2fkz,44,E,expanded_s231303,True,C,0.42933460173340654,0.17834725090376458,False,0.35813922598265113,1.0311869083715515,1.0311869083715512,0.41540386026120607,0.9681922580950696,0.8621470820166502,False,4.677239190031697,False
17,2fkz,44,E,expanded_s231303,True,D,0.7793139205215367,0.0603268828751377,False,0.08689092365333423,1.513303027506114,1.513303027506114,0.07741024673954933,0.9963606672025694,1.1224731519805526,False,1.8482090574900896,False
17,2fkz,44,E,expanded_s231303,True,F,0.5344607204815958,0.18748404295869098,False,0.7897738570623821,1.0852425483806976,1.0852425483806976,0.3507910605474458,0.9648497336358638,2.2514081625394278,False,7.881749914539163,False
17,2fkz,44,E,expanded_s231303,True,G,0.46965524519083235,0.25940440412433036,False,1.1810081530851992,0.9769147712900726,0.9769147712900728,0.5523294092434293,0.9327093551209011,2.1382315214808543,False,9.693851748296051,False
17,2fkz,44,E,expanded_s231303,True,H,0.6158676648824681,0.1452774983871509,False,0.4092623354478462,1.2003495532644617,1.200349553264462,0.23589077113648363,0.9788944484623714,1.7349654396231202,False,4.574209194855176,False
17,2fkz,44,E,expanded_s231303,True,I,0.4341086006275822,0.13660877959359807,False,0.35029049913511906,1.0698441848532003,1.0698441848532005,0.3146880282862525,0.9813380413379477,1.1131357651028313,False,5.906787625909123,False
17,2fkz,44,E,expanded_s231303,True,K,0.4405887462136414,0.1002514061424707,False,0.28745076830563815,1.105779160613177,1.1057791606131773,0.22753964327054965,0.9899496555664573,1.2632997229579588,False,6.507880969712739,False
17,2fkz,44,E,expanded_s231303,True,L,0.5635716014830778,0.13213552101875248,False,0.4393051636351289,1.1686772956115226,1.1686772956115226,0.23446092860433115,0.9825402040851028,1.8736817526492289,False,5.899261200337835,False
17,2fkz,44,E,expanded_s231303,True,M,0.5906245954100414,0.14394511881864727,False,0.4421287982136781,1.1788023575762474,1.1788023575762474,0.243716770241702,0.9792798027682855,1.814109048692892,False,5.200442907297884,False
17,2fkz,44,E,expanded_s231303,True,N,0.7820304246728287,0.08159981901116829,False,0.11756406842217151,1.4839445028849048,1.483944502884905,0.10434353502973559,0.9933414695373446,1.126701988663393,False,1.8423059803431439,False
17,2fkz,44,E,expanded_s231303,True,P,0.850271421464928,0.15490132193448922,False,0.44434848948093825,1.45954515578392,1.4595451557839199,0.1821786761545044,0.9760055804629477,2.439080680903014,False,3.3737352737325654,False
17,2fkz,44,E,expanded_s231303,True,Q,0.9542277637480483,0.01860891579394731,False,0.028642710530079666,1.875036336899933,1.8750363368999328,0.01950154512467189,0.9996537082529738,1.4687405714249309,False,1.6130246149151428,False
17,2fkz,44,E,expanded_s231303,True,R,1.0026586437630747,-0.02957913584542046,False,-0.043311691091644566,2.0646399083737137,2.064639908373714,-0.029500703982770354,0.9991250747226382,1.4681578825013941,False,1.4603822874343328,False
17,2fkz,44,E,expanded_s231303,True,S,0.45746843636799306,0.20241058380443439,False,0.4735839000856318,1.024084463718282,1.0240844637182822,0.4424580314468141,0.959029955563948,1.0703476181391436,False,5.114492870122589,False
17,2fkz,44,E,expanded_s231303,True,T,0.601049996593678,0.09129790374811454,False,0.17889520701508288,1.251511888931632,1.251511888931632,0.15189735340741345,0.9916646927712,1.177737485229626,False,3.2600728127899563,False
17,2fkz,44,E,expanded_s231303,True,V,0.43258331522286275,0.14186554809172408,False,0.3060373360160851,1.0643909863903496,1.0643909863903496,0.32794965293249073,0.9798741662646347,0.9331838996612193,False,4.986866107042178,False
17,2fkz,44,E,expanded_s231303,True,W,0.4063735692674679,0.22816852451943395,False,0.9406580242712668,0.9796961623922733,0.9796961623922733,0.5614748147393844,0.9479391244186245,1.675334315231726,False,10.144965562195988,False
17,2fkz,44,E,expanded_s231303,True,Y,0.5624232005397866,0.21141640845385196,False,0.7261082640157126,1.0785088703269328,1.0785088703269328,0.3759027156969071,0.9553031022364741,1.931638782309779,False,6.106599831100706,False
21,1m4i,128,S,restricted_s231301,True,A,1.8820670544935456,0.029344983843993665,False,0.02387726303078926,4.431717942995158,4.431717942995158,0.015591890721391033,0.9991388719231957,1.5313898395934271,False,0.43233020259146093,False
21,1m4i,128,S,restricted_s231301,True,C,0.3652559100891793,0.07222839590574973,False,0.23670225467561598,1.0806481828934023,1.0806481828934023,0.197747370845046,0.9947830588248823,1.196993182079244,False,8.97216337390297,False
21,1m4i,128,S,restricted_s231301,True,D,1.1442202586597559,0.12629781416535413,False,0.18856205105693796,2.0202149651425123,2.020214965142512,0.11037893553229766,0.9840488621370537,1.708315541797949,False,1.3048146568778487,False
21,1m4i,128,S,restricted_s231301,True,E,1.3173694715112965,0.24293392862698654,False,0.3489898199813522,2.09539484213496,2.0953948421349606,0.1844083485161462,0.9409831063218582,1.8924838424589858,False,1.090478206167334,False
21,1m4i,128,S,restricted_s231301,True,F,0.5536954475730208,0.08892019618220741,False,0.5503089267407009,1.2081092330163115,1.2081092330163115,0.16059405323263146,0.9920931987109177,3.4267079986052833,False,11.177255864191105,False
21,1m4i,128,S,restricted_s231301,True,G,1.096835904546211,0.1432096497655068,False,0.1465487089216426,1.8888940300211137,1.8888940300211137,0.13056615777430833,0.9794909962140409,1.1224096000049346,False,0.9329708088397793,False
21,1m4i,128,S,restricted_s231301,True,H,1.6581913350455881,0.25400040710602595,False,0.4792778606541395,2.907235955297742,2.907235955297742,0.15317919092795335,0.9354837931899731,3.1288705584008745,False,1.1379372494861466,False
21,1m4i,128,S,restricted_s231301,True,I,1.7539252862093009,0.3164757923687444,False,0.6048882628495361,2.966104120187047,2.966104120187047,0.18043858245109903,0.8998430728445753,3.3523221842726896,False,1.0897417062377064,False
21,1m4i,128,S,restricted_s231301,True,K,1.4269768678274029,0.2510672532860535,False,0.38788236972209417,2.3197286558981816,2.3197286558981816,0.17594346407892916,0.9369652343273968,2.2045852726196644,False,1.0826623539541533,False
21,1m4i,128,S,restricted_s231301,True,L,1.5774945913071623,0.26933811330596186,False,0.510885438517255,2.6387303516572898,2.63873035165729,0.1707378996987747,0.9274569807207848,2.992220470197815,False,1.2024245423724158,False
21,1m4i,128,S,restricted_s231301,True,M,1.74229304479141,0.2996008896685732,False,0.4656609116505538,2.9915999613627737,2.9915999613627737,0.1719578061590907,0.9102393069097994,2.7079951881901594,False,0.8920834501690507,False
21,1m4i,128,S,restricted_s231301,True,N,1.3803474404685796,0.128784855487911,False,0.1754316452170303,2.5498233651204507,2.5498233651204507,0.09329886933697872,0.9834144609969578,1.8803190913643637,False,0.9868581383862639,False
21,1m4i,128,S,restricted_s231301,True,P,0.5380337877451153,0.1617380612460336,False,1.357575051175637,1.115439273325846,1.115439273325846,0.3006094876009057,0.9738407995443743,4.516075197792748,False,15.60062744295065,False
21,1m4i,128,S,restricted_s231301,True,Q,1.5299500514898554,0.26081878874429,False,0.3380168135185328,2.5426677215161155,2.5426677215161155,0.1704753619180615,0.9319735594379615,1.9827898278989993,False,0.8470756097610375,False
21,1m4i,128,S,restricted_s231301,True,R,1.3019148367952538,0.22713694502184373,False,0.3821436394413628,2.1035563248510396,2.1035563248510396,0.17446375031792077,0.9484088082061439,2.1903899162146425,False,1.2922789759049362,False
21,1m4i,128,S,restricted_s231301,True,T,1.3897359764770298,0.3670361627447049,False,0.34584961249690904,1.9111993642457745,1.9111993642457745,0.26410495875276885,0.8652844552376424,1.3095157854293153,False,0.6780256710855823,False
21,1m4i,128,S,restricted_s231301,True,V,1.2870759348471332,0.2655132719915149,False,0.4171627165332388,1.9730929765370215,1.9730929765370215,0.20629184712637028,0.9295027023963599,2.0221968165212716,False,1.2207172511737898,False
21,1m4i,128,S,restricted_s231301,True,W,1.471396490716366,0.3472290407746251,False,0.8430403920636059,2.1431844487512506,2.1431844487512497,0.23598604656558114,0.8794319932427338,3.5724162692361676,False,1.6500709812572076,False
21,1m4i,128,S,restricted_s231301,True,Y,0.513275184794302,0.11710822750663227,False,0.6430911620991313,1.1432339210968252,1.1432339210968252,0.2281587557239185,0.9862856630502548,2.8186126807129774,False,10.698794983618457,False
21,1m4i,128,S,restricted_s231303,True,A,1.5625260591291483,0.058510624884234225,False,0.03952551904869675,3.258638933222574,3.2586389332225743,0.03744617540448848,0.9965765067756565,1.05552886567847,False,0.43233020259146093,False
21,1m4i,128,S,restricted_s231303,True,C,0.279970294521973,0.06951982603847574,False,0.17462957775288557,1.0394563934725034,1.0394563934725034,0.24831143660142702,0.9951669937875801,0.7032683638860716,False,8.97216337390297,False
21,1m4i,128,S,restricted_s231303,True,D,1.1882629197068395,0.10083227125591322,False,0.1563366930690676,2.172338268263776,2.1723382682637764,0.08485686928679885,0.989832853073374,1.842357541387505,False,1.3048146568778487,False
21,1m4i,128,S,restricted_s231303,True,E,1.2633703299436576,0.205471057584808,False,0.28307291686235914,2.076932514952364,2.076932514952364,0.16263723527049376,0.9577816444949805,1.740517270793248,False,1.090478206167334,False
21,1m4i,128,S,restricted_s231303,True,F,0.45139413163588377,0.10837577641833337,False,0.546793474817762,1.105916283101877,1.1059162831018772,0.24009123916957453,0.9882546910857235,2.277440346049304,False,11.177255864191105,False
21,1m4i,128,S,restricted_s231303,True,G,1.0919154738986,0.17212263329426172,False,0.17534567484820296,1.8163926687348466,1.8163926687348468,0.1576336606712891,0.970373799107849,1.1123618781768219,False,0.9329708088397793,False
21,1m4i,128,S,restricted_s231303,True,H,1.4347186176223683,0.22743946278495925,False,0.3713221605833153,2.4057942484730175,2.405794248473018,0.1585254836672256,0.9482712907680892,2.342349961617461,False,1.1379372494861466,False
21,1m4i,128,S,restricted_s231303,True,I,1.3166839508291415,0.3268284838194073,False,0.46894835154947156,1.8729969877333665,1.872996987733366,0.24822090647766848,0.8931831421643074,1.8892379300518796,False,1.0897417062377064,False
21,1m4i,128,S,restricted_s231303,True,K,1.1728399498904942,0.23461463536568417,False,0.2979112382972258,1.8252227136874055,1.8252227136874055,0.2000397713154209,0.9449559728722271,1.4892600423316926,False,1.0826623539541533,False
21,1m4i,128,S,restricted_s231303,True,L,1.2718016025741843,0.30935606156863743,False,0.4730813526661108,1.8306002465722009,1.8306002465722004,0.24324239012003657,0.9042988271707415,1.944896826711216,False,1.2024245423724158,False
21,1m4i,128,S,restricted_s231303,True,M,1.365873747411635,0.3184776269290671,False,0.3880565057889601,1.9956106343475635,1.995610634347563,0.233167690302702,0.89857200114563,1.6642807812916918,False,0.8920834501690507,False
21,1m4i,128,S,restricted_s231303,True,N,1.3240003408037444,0.1020247930396222,False,0.13330564677618614,2.4828151809386485,2.4828151809386485,0.07705798095013124,0.9895909416052222,1.729939522584378,False,0.9868581383862639,False
21,1m4i,128,S,restricted_s231303,True,P,0.5435705177098615,0.1608408372922073,False,1.363936916548539,1.1206122333317414,1.1206122333317414,0.2958969113517271,0.9741302250591417,4.609500350367811,False,15.60062744295065,False
21,1m4i,128,S,restricted_s231303,True,Q,1.333366065353143,0.23212837259890035,False,0.26218014645571164,2.158840874577274,2.158840874577274,0.17409200566194175,0.9461164186345861,1.5059861333599813,False,0.8470756097610375,False
21,1m4i,128,S,restricted_s231303,True,R,1.144601681604503,0.2599272383643487,False,0.3844699941330322,1.71508670127856,1.7150867012785604,0.22708968765447088,0.9324378307562831,1.693031498277561,False,1.2922789759049362,False
21,1m4i,128,S,restricted_s231303,True,T,1.336858720515587,0.3199462357972001,False,0.29000711676742785,1.931745407775326,1.9317454077753256,0.23932688689333326,0.8976344061992024,1.2117615389226306,False,0.6780256710855823,False
21,1m4i,128,S,restricted_s231303,True,V,1.0580117012971746,0.2723619585756026,False,0.35176449440922386,1.543064481759334,1.543064481759334,0.2574281156263899,0.9258189635208617,1.3664571702018207,False,1.2207172511737898,False
21,1m4i,128,S,restricted_s231303,True,W,1.2198745083032225,0.37617870010519977,False,0.7572024039075999,1.5703122023580771,1.570312202358077,0.30837491688259266,0.8584895855871622,2.4554604231831507,False,1.6500709812572076,False
21,1m4i,128,S,restricted_s231303,True,Y,0.4476103836796191,0.13909562277405368,False,0.6661138772378876,1.0758337654217165,1.0758337654217165,0.31075155502561475,0.9806524077250981,2.143557663558533,False,10.698794983618457,False
21,1m4i,128,S,expanded_s231301,True,A,0.07264843615295781,-0.009336895574012868,False,-0.00029325427237785997,1.0066344169994215,1.0066344169994217,-0.12852163196403127,0.99991282238104,0.002281750300680368,False,0.43233020259146093,False
21,1m4i,128,S,expanded_s231301,True,C,0.015947237850021178,0.006812510266693729,False,0.0009747423030625877,1.0000370329518877,1.000037032951888,0.42719061010836323,0.999953589703866,0.002281750300680368,False,8.97216337390297,False
21,1m4i,128,S,expanded_s231301,True,D,0.04181765207919142,0.004801874378610112,False,0.00026201084380524206,1.001347109801231,1.001347109801231,0.11482888540745065,0.999976942002452,0.002281750300680368,False,1.3048146568778487,False
21,1m4i,128,S,expanded_s231301,True,E,0.04574309681028331,0.022288862012348597,False,0.0011118096750079797,1.0000533077601512,1.0000533077601514,0.4872617633386363,0.9995032066301944,0.002281750300680368,False,1.090478206167334,False
21,1m4i,128,S,expanded_s231301,True,F,0.014287836172844999,-0.014059898036278672,False,-0.002245348853648436,1.0006059133020007,1.0006059133020007,-0.9840467000174918,0.9998023192672094,0.002281750300680368,False,11.177255864191105,False
21,1m4i,128,S,expanded_s231301,True,G,0.049453841254018804,0.015488327512529923,False,0.0007146157924765707,1.0009137678345879,1.0009137678345879,0.31318755267107357,0.9997601117108647,0.002281750300680368,False,0.9329708088397793,False
21,1m4i,128,S,expanded_s231301,True,H,0.04477905263756241,0.005541876889093488,False,0.00028239050433629276,1.0015088435612625,1.0015088435612622,0.1237604764430578,0.999969287600546,0.002281750300680368,False,1.1379372494861466,False
21,1m4i,128,S,expanded_s231301,True,I,0.04575855189336236,0.058629218619962266,False,0.002923546128088013,0.996728268786,0.9967282687859998,1.2812734711665317,0.9965626147240128,0.002281750300680368,False,1.0897417062377064,False
21,1m4i,128,S,expanded_s231301,True,K,0.045907911979062015,-0.004906577520932793,False,-0.00024387048443427558,1.0025580378401764,1.0025580378401762,-0.10687869060937945,0.9999759254970312,0.002281750300680368,False,1.0826623539541533,False
21,1m4i,128,S,expanded_s231301,True,L,0.043561732342479134,0.009119456270178825,False,0.0004776743478181378,1.001103105898377,1.0011031058983768,0.20934558337768414,0.9999168355173362,0.002281750300680368,False,1.2024245423724158,False
21,1m4i,128,S,expanded_s231301,True,M,0.05057446729234579,0.0007866822651731029,False,3.549246470007421e-05,1.0024782046689256,1.0024782046689258,0.015554929340643071,0.9999993811310137,0.002281750300680368,False,0.8920834501690507,False
21,1m4i,128,S,expanded_s231301,True,N,0.0480846760723585,-0.01948663388837047,False,-0.000924694442510709,1.0041861530295095,1.0041861530295095,-0.405256632259448,0.9996202710997005,0.002281750300680368,False,0.9868581383862639,False
21,1m4i,128,S,expanded_s231301,True,P,0.012093806771608925,0.038305100604936006,False,0.007227060633057948,0.9992197511920627,0.9992197511920627,3.1673319516614047,0.9985327192676456,0.002281750300680368,False,15.60062744295065,False
21,1m4i,128,S,expanded_s231301,True,Q,0.05190067064111088,0.011326119772381365,False,0.000497939176448759,1.0015180131891008,1.0015180131891008,0.21822684817891091,0.9998717190109017,0.002281750300680368,False,0.8470756097610375,False
21,1m4i,128,S,expanded_s231301,True,R,0.04201998749200586,0.00026520646212613904,False,1.4401121009705653e-05,1.0017433914043856,1.0017433914043858,0.006311436008318506,0.9999999296655324,0.002281750300680368,False,1.2922789759049362,False
21,1m4i,128,S,expanded_s231301,True,T,0.05801108517472774,0.08396445661224398,False,0.0033025743880570426,0.9936235475147843,0.9936235475147843,1.4473864151885012,0.9929499700258106,0.002281750300680368,False,0.6780256710855823,False
21,1m4i,128,S,expanded_s231301,True,V,0.04323410940182904,0.05328604715754446,False,0.002812257631902361,0.9972616386309687,0.997261638630969,1.2325001693059083,0.9971605971783241,0.002281750300680368,False,1.2207172511737898,False
21,1m4i,128,S,expanded_s231301,True,W,0.037186280839521385,0.018451602159094666,False,0.0011321903622532492,1.0000105265630215,1.0000105265630213,0.49619380434206795,0.9996595383777624,0.002281750300680368,False,1.6500709812572076,False
21,1m4i,128,S,expanded_s231301,True,Y,0.014603825182505326,0.005355502980396653,False,0.0008367616280735502,1.0000568500513811,1.0000568500513811,0.36671919264086267,0.9999713185878271,0.002281750300680368,False,10.698794983618457,False
21,1m4i,128,S,expanded_s231303,True,A,0.9001736319434237,0.10262831059533509,False,0.03994009041113731,1.6255459694685732,1.6255459694685732,0.1140094610122787,0.9894674298643474,0.35032259653289477,False,0.43233020259146093,False
21,1m4i,128,S,expanded_s231303,True,C,0.22917592324399905,0.07097331724443257,False,0.1459356063703731,1.0199908527843753,1.019990852784375,0.3096892389034632,0.9949627882393212,0.4712324099058035,False,8.97216337390297,False
21,1m4i,128,S,expanded_s231303,True,D,0.851263561080918,0.08055288639515404,False,0.08947340739133794,1.587506176567995,1.5875061765679948,0.09462743394404143,0.9935112324934093,0.945533484974861,False,1.3048146568778487,False
21,1m4i,128,S,expanded_s231303,True,E,0.9760819241282354,0.22629344104576962,False,0.24086584834186306,1.5109740479027696,1.5109740479027702,0.2318385736400951,0.9487912785396648,1.0389377598387999,False,1.090478206167334,False
21,1m4i,128,S,expanded_s231303,True,F,0.3538994502712815,0.12022814692762827,False,0.4755774283289394,1.04014747069267,1.04014747069267,0.3397240284930294,0.9855451926863485,1.3998934088899675,False,11.177255864191105,False
21,1m4i,128,S,expanded_s231303,True,G,0.8742303280302796,0.2669765871324409,False,0.21775448119060906,1.2974806077575338,1.2974806077575336,0.30538472365053204,0.9287235019231141,0.7130496856149133,False,0.9329708088397793,False
21,1m4i,128,S,expanded_s231303,True,H,0.9318869544326588,0.2938728046722842,False,0.31163120846255593,1.3207008299684992,1.3207008299684988,0.31535241831043404,0.9136387746740454,0.9881998372873901,False,1.1379372494861466,False
21,1m4i,128,S,expanded_s231303,True,I,1.1132156932669073,0.3635683788027443,False,0.4410511878552826,1.429789130018076,1.429789130018076,0.3265929334285573,0.8678180339347442,1.3504615155788826,False,1.0897417062377064,False
21,1m4i,128,S,expanded_s231303,True,K,1.0162476680629653,0.26201809698556827,False,0.28828622150076944,1.5002087627396559,1.5002087627396556,0.2578289773446584,0.9313465168520613,1.1181296395377491,False,1.0826623539541533,False
21,1m4i,128,S,expanded_s231303,True,L,1.0359411196863244,0.29606445215299865,False,0.36879002816806294,1.4597633233315643,1.4597633233315643,0.2857927410417349,0.9123458401713449,1.290410759992703,False,1.2024245423724158,False
21,1m4i,128,S,expanded_s231303,True,M,1.1595784585098723,0.325100001354086,False,0.33629668987891137,1.5906642845766747,1.590664284576675,0.2803605042576066,0.8943099891195734,1.1995152126346167,False,0.8920834501690507,False
21,1m4i,128,S,expanded_s231303,True,N,0.7871730353598058,0.13090277929179525,False,0.10168895945084214,1.4135551113732558,1.4135551113732554,0.1662947959491034,0.9828644623736835,0.6114981462316194,False,0.9868581383862639,False
21,1m4i,128,S,expanded_s231303,True,P,0.312177936326661,0.11832446960147365,False,0.5762604809681797,1.0235784864549033,1.0235784864549033,0.37902893136451415,0.98599931989353,1.5203601447879633,False,15.60062744295065,False
21,1m4i,128,S,expanded_s231303,True,Q,1.0044937941840135,0.29722217023445674,False,0.25290105207961205,1.411892131565363,1.411892131565363,0.29589249028253184,0.9116589815211196,0.8547058826607273,False,0.8470756097610375,False
21,1m4i,128,S,expanded_s231303,True,R,0.8407543369109405,0.32553753725207407,False,0.3536930032785196,1.159473662490579,1.1594736624905793,0.38719697652485335,0.8940253118398545,0.9134704678041741,False,1.2922789759049362,False
21,1m4i,128,S,expanded_s231303,True,T,0.8126786726784032,0.3028299139550217,False,0.16686443143051616,1.168239799985767,1.168239799985767,0.372631796718577,0.9082940432139941,0.44779976614968614,False,0.6780256710855823,False
21,1m4i,128,S,expanded_s231303,True,V,0.7896977354359092,0.3071927260879587,False,0.29613306569552944,1.1384437130845142,1.1384437130845142,0.38900038876063114,0.9056326290386484,0.7612667602698798,False,1.2207172511737898,False
21,1m4i,128,S,expanded_s231303,True,W,0.9511343562131965,0.4174887804814746,False,0.6552232578415992,1.110480718670132,1.1104807186701322,0.4389377565369898,0.8257031181720912,1.4927475435492248,False,1.6500709812572076,False
21,1m4i,128,S,expanded_s231303,True,Y,0.36112012123038145,0.13636162557926132,False,0.5268399778023743,1.0319218884367358,1.031921888436736,0.37760738757690987,0.9814055070693813,1.395205695479327,False,10.698794983618457,False
21,1m4i,23,D,restricted_s231301,True,A,0.9800009909436026,0.18760123119491964,False,0.1815775752441821,1.5927031573039208,1.5927031573039212,0.19142963418260028,0.9648057780541502,0.9485343061930499,False,0.9876430528351655,False
21,1m4i,23,D,restricted_s231301,True,C,0.41806596876940655,0.1597473981845765,False,0.22913479442918913,1.0412092526822483,1.041209252682248,0.3821105043656129,0.9744807687732583,0.5996558372809014,False,3.4309345406651466,False
21,1m4i,23,D,restricted_s231301,True,E,0.32078861327529795,0.0289383258684133,False,0.07936570851083656,1.0843391635554147,1.084339163555415,0.09020995344238945,0.9991625732959336,0.8797888202161824,False,8.54949673197484,False
21,1m4i,23,D,restricted_s231301,True,F,0.3115728526361828,0.14037203933455825,False,0.8060909902527077,1.009605409048195,1.009605409048195,0.4505271821562316,0.9802956905730571,1.789217215251566,False,18.430785597768903,False
21,1m4i,23,D,restricted_s231301,True,G,0.832744638995486,0.15263484950370992,False,0.30400799443872184,1.4392519284795278,1.4392519284795275,0.18329130246677855,0.9767026027169798,1.658605674940976,False,2.391770230127737,False
21,1m4i,23,D,restricted_s231301,True,H,0.8772801481407734,0.2613945929377419,False,0.42717222472214267,1.3109878838906583,1.3109878838906583,0.2979602279747439,0.9316728667829122,1.433655181517552,False,1.8628080452065106,False
21,1m4i,23,D,restricted_s231301,True,I,0.4204639147291477,0.1295325837051815,False,0.40506908781776013,1.0678623491300365,1.0678623491300365,0.3080706314324813,0.9832213097586601,1.3148578491050926,False,7.437403507833729,False
21,1m4i,23,D,restricted_s231301,True,K,0.696381636290368,0.20075644408742832,False,0.263935682158274,1.205341181303572,1.2053411813035722,0.28828509200337327,0.9596968501573713,0.9155370481494952,False,1.8879100693388455,False
21,1m4i,23,D,restricted_s231301,True,L,0.9098446391225494,0.23430158367982498,False,0.32293410098812847,1.4014611876420175,1.4014611876420175,0.25751823289939313,0.945102767885126,1.2540242193813589,False,1.5148563201765686,False
21,1m4i,23,D,restricted_s231301,True,M,0.8447564772898133,0.15937743017337005,False,0.2340816549904777,1.4443432729775765,1.4443432729775765,0.18866671574356206,0.9745988347513326,1.240715163074361,False,1.7386374455867868,False
21,1m4i,23,D,restricted_s231301,True,N,0.3500444978018333,0.04756150407774822,False,0.12158737292995535,1.0892338648221471,1.0892338648221473,0.13587273725603216,0.9977379033298623,0.8948621731292706,False,7.30314022112842,False
21,1m4i,23,D,restricted_s231301,True,P,0.6241694110284268,0.19161243089820254,False,1.2325292914184378,1.1503902173846607,1.1503902173846607,0.30698785860474637,0.9632846763252816,4.014912176071909,False,10.305547928499182,False
21,1m4i,23,D,restricted_s231301,True,Q,0.8060861293667473,0.16071804030323578,False,0.17985358314433375,1.3906696819025761,1.3906696819025761,0.19938072923980732,0.9741697115210874,0.9020610157765694,False,1.3882670568307687,False
21,1m4i,23,D,restricted_s231301,True,R,0.694467276441635,0.24270733483417686,False,0.31682677871289977,1.1451801944588649,1.145180194458865,0.34948707169872634,0.9410931496176907,0.9065479222819973,False,1.8796941681567974,False
21,1m4i,23,D,restricted_s231301,True,S,0.9248562923828689,0.1597337681772382,False,0.09256164401293494,1.5598976003506964,1.5598976003506964,0.17271198724905487,0.9744851233039002,0.5359306292936044,False,0.626556250728711,False
21,1m4i,23,D,restricted_s231301,True,T,0.31188535604727147,0.09791939383870295,False,0.20581598648652974,1.0361932252940995,1.0361932252940995,0.31395957501724325,0.990411792310261,0.6555493218361821,False,6.739309549814769,False
21,1m4i,23,D,restricted_s231301,True,V,0.4005682820740918,0.10636497184202201,False,0.3086906333486721,1.0752420805165535,1.0752420805165535,0.2655351823945662,0.9886864927650458,1.1625225349233759,False,7.245164733398086,False
21,1m4i,23,D,restricted_s231301,True,W,0.31773777024403166,0.19224099023723443,False,1.1001565322120566,0.9787928434646821,0.9787928434646821,0.6050303370908275,0.9630434016726075,1.8183493698877125,False,18.011075360352333,False
21,1m4i,23,D,restricted_s231301,True,Y,0.2873401363281775,0.11370777790628378,False,0.5817333729371107,1.017218737134764,1.017218737134764,0.39572535657328295,0.9870705412436153,1.4700432086903221,False,17.804816951246103,False
21,1m4i,23,D,restricted_s231303,True,A,0.9984254338847625,0.18592940665262747,False,0.1833427462516023,1.625580050009804,1.6255800500098043,0.18622262649018947,0.9654302557418019,0.984535282887663,False,0.9876430528351655,False
21,1m4i,23,D,restricted_s231303,True,C,0.3893420057248063,0.15590675998840564,False,0.20826133129524066,1.0301850961419314,1.0301850961419312,0.40043652546086506,0.9756930821899177,0.5200857515571321,False,3.4309345406651466,False
21,1m4i,23,D,restricted_s231303,True,E,0.23455138933641073,0.04607280046217793,False,0.09238961798425194,1.0334014755215946,1.0334014755215946,0.19642945024766817,0.9978772970575723,0.47034504178351283,False,8.54949673197484,False
21,1m4i,23,D,restricted_s231303,True,F,0.2726896615890115,0.13761096477870863,False,0.6916168407100048,0.9993094767046428,0.9993094767046428,0.5046431315981138,0.981063222372673,1.370506794613015,False,18.430785597768903,False
21,1m4i,23,D,restricted_s231303,True,G,1.0462830067101652,0.14953175535403576,False,0.3741985146615147,1.7818030609495252,1.7818030609495248,0.1429171212712414,0.9776402541407408,2.618290316324844,False,2.391770230127737,False
21,1m4i,23,D,restricted_s231303,True,H,0.8748615428386063,0.24103466226384998,False,0.392813977087319,1.3436388061264781,1.3436388061264781,0.27551178153491634,0.9419022915873517,1.425761086872202,False,1.8628080452065106,False
21,1m4i,23,D,restricted_s231303,True,I,0.34971999479731053,0.14824956227567446,False,0.38559840363186665,1.018612402465526,1.018612402465526,0.42390931168118196,0.9780220672850709,0.9096247546500499,False,7.437403507833729,False
21,1m4i,23,D,restricted_s231303,True,K,0.6274912265762537,0.18875462236613363,False,0.22360759808012026,1.156861500409246,1.156861500409246,0.30080838483754624,0.9643716925354182,0.7433556022744552,False,1.8879100693388455,False
21,1m4i,23,D,restricted_s231303,True,L,0.8024787055028356,0.2521391805755861,False,0.30651045805358956,1.2392994263158226,1.239299426315823,0.3142004626996238,0.9364258336186719,0.9755251644763301,False,1.5148563201765686,False
21,1m4i,23,D,restricted_s231303,True,M,0.6927853243840629,0.18467043388858914,False,0.22243600053719062,1.2240775727906275,1.2240775727906275,0.2665622775031713,0.9658968308474002,0.8344616598443653,False,1.7386374455867868,False
21,1m4i,23,D,restricted_s231303,True,N,0.2950753789191494,0.04293508205512814,False,0.09252410865659326,1.0617313080315962,1.061731308031596,0.1455054712202618,0.9981565787289194,0.6358806159016045,False,7.30314022112842,False
21,1m4i,23,D,restricted_s231303,True,P,0.7280986813174793,0.19402904938781185,False,1.45588840705602,1.2475830997431527,1.2475830997431525,0.26648729679982436,0.962352727993662,5.463256314801493,False,10.305547928499182,False
21,1m4i,23,D,restricted_s231303,True,Q,0.6696091360537779,0.1742452510630153,False,0.1619777414711914,1.2150239710351285,1.2150239710351283,0.260219345407828,0.9696385924819868,0.6224661783593848,False,1.3882670568307687,False
21,1m4i,23,D,restricted_s231303,True,R,0.8379270291629387,0.16651268832167773,False,0.2622652352820292,1.4230707417151929,1.423070741715193,0.19871979602808418,0.9722735246278879,1.319774076483877,False,1.8796941681567974,False
21,1m4i,23,D,restricted_s231303,True,S,1.071105545759483,0.11183398410492099,False,0.0750526674126649,1.9076950889984023,1.9076950889984023,0.10440986375961996,0.9874931599992202,0.7188273665930325,False,0.626556250728711,False
21,1m4i,23,D,restricted_s231303,True,T,0.32796360015385745,0.09078918168982396,False,0.20066662745293684,1.0480090292618447,1.0480090292618445,0.2768270065557033,0.9917573244880922,0.7248809642875598,False,6.739309549814769,False
21,1m4i,23,D,restricted_s231303,True,V,0.3320133005686195,0.11393278078610697,False,0.274064285200239,1.0345784345709557,1.0345784345709557,0.3431572789131672,0.9870193214623448,0.7986550250900796,False,7.245164733398086,False
21,1m4i,23,D,restricted_s231303,True,W,0.2916024912896859,0.17628822985451215,False,0.9258789071291874,0.9822198389051024,0.9822198389051022,0.6045498070844073,0.9689224600147628,1.5315179928589675,False,18.011075360352333,False
21,1m4i,23,D,restricted_s231303,True,Y,0.2517477031576048,0.11262503274518237,False,0.5048216364155229,1.00667071942183,1.00667071942183,0.4473726327293413,0.9873156019991466,1.1284142110698534,False,17.804816951246103,False
21,1m4i,23,D,expanded_s231301,True,A,0.04806556498830574,-0.003392766379605786,False,-0.00016106012087213007,1.0026364490034632,1.0026364490034634,-0.07058621656546094,0.9999884891362933,0.002281750300680368,False,0.9876430528351655,False
21,1m4i,23,D,expanded_s231301,True,C,0.02578860452130964,0.04990323741578789,False,0.004415389242341805,0.9980911824150589,0.9980911824150588,1.9350887084468587,0.9975096668954235,0.002281750300680368,False,3.4309345406651466,False
21,1m4i,23,D,expanded_s231301,True,E,0.016336679272105418,0.004878043807781383,False,0.0006813182617927908,1.0001075050153136,1.0001075050153136,0.2985945752213275,0.9999762046886093,0.002281750300680368,False,8.54949673197484,False
21,1m4i,23,D,expanded_s231301,True,F,0.011126591268382904,0.02954412341891179,False,0.006058667103733498,0.999466350261924,0.999466350261924,2.6552717455222576,0.9991271447714081,0.002281750300680368,False,18.430785597768903,False
21,1m4i,23,D,expanded_s231301,True,G,0.030886900583039306,0.0030648950959870865,False,0.00022641719223399556,1.000764670407372,1.0007646704073723,0.09922960990362657,0.9999906064180507,0.002281750300680368,False,2.391770230127737,False
21,1m4i,23,D,expanded_s231301,True,H,0.03499854629117806,0.062113375760582054,False,0.004049517161051497,0.9968771425287797,0.9968771425287797,1.7747415919454548,0.9961419285516248,0.002281750300680368,False,1.8628080452065106,False
21,1m4i,23,D,expanded_s231301,True,I,0.01751553415279524,0.045031987990403886,False,0.005866321360284694,0.9987292752894293,0.9987292752894295,2.570974290453905,0.9979721200576321,0.002281750300680368,False,7.437403507833729,False
21,1m4i,23,D,expanded_s231301,True,K,0.03476509390469982,0.014414435862413666,False,0.0009460680144676355,1.0002063733215225,1.0002063733215225,0.4146238149658789,0.9997922240387683,0.002281750300680368,False,1.8879100693388455,False
21,1m4i,23,D,expanded_s231301,True,L,0.03881041946297702,0.022702927988632108,False,0.0013347552920370438,0.9997440283423391,0.9997440283423392,0.5849699205206849,0.999484577060743,0.002281750300680368,False,1.5148563201765686,False
21,1m4i,23,D,expanded_s231301,True,M,0.03622676415603266,0.006109060124461964,False,0.00038478042686416103,1.000869755480529,1.000869755480529,0.16863388897086062,0.9999626793843958,0.002281750300680368,False,1.7386374455867868,False
21,1m4i,23,D,expanded_s231301,True,N,0.017675806499230517,0.01633512871237625,False,0.0021086836887889452,0.9997349609868783,0.9997349609868781,0.924151818084644,0.9997331635699501,0.002281750300680368,False,7.30314022112842,False
21,1m4i,23,D,expanded_s231301,True,P,0.014879848673431015,0.06935331561936356,False,0.01063498374484305,0.9981574762137104,0.9981574762137108,4.6608885037385255,0.9951901176126009,0.002281750300680368,False,10.305547928499182,False
21,1m4i,23,D,expanded_s231301,True,Q,0.04054128865515174,0.02306239454250804,False,0.0012980008141672634,0.9997736376973667,0.9997736376973668,0.5688619012256635,0.9994681259579657,0.002281750300680368,False,1.3882670568307687,False
21,1m4i,23,D,expanded_s231301,True,R,0.03484098793893402,0.017270411176125454,False,0.0011310461678947302,1.0000104580655853,1.0000104580655853,0.49569234966572673,0.9997017328978075,0.002281750300680368,False,1.8796941681567974,False
21,1m4i,23,D,expanded_s231301,True,S,0.060346769281886835,0.0049402437216080185,False,0.00018679380406527949,1.0030454770666328,1.003045477066633,0.08186426183863399,0.9999755939919711,0.002281750300680368,False,0.626556250728711,False
21,1m4i,23,D,expanded_s231301,True,T,0.018400361517061987,0.044268935828048986,False,0.005489601796290098,0.9987094444575352,0.9987094444575352,2.4058731556442523,0.998040261320652,0.002281750300680368,False,6.739309549814769,False
21,1m4i,23,D,expanded_s231301,True,V,0.017746386097743615,0.038871746073055415,False,0.004997953825733703,0.9989352681913184,0.9989352681913184,2.1904034916719075,0.9984889873572319,0.002281750300680368,False,7.245164733398086,False
21,1m4i,23,D,expanded_s231301,True,W,0.011255485596084663,0.04572653261846694,False,0.009269838130089398,0.9990973372975116,0.9990973372975113,4.062599718876046,0.9979090842146923,0.002281750300680368,False,18.011075360352333,False
21,1m4i,23,D,expanded_s231301,True,Y,0.011320491987491677,0.016840214490892045,False,0.003394301636410488,0.9997468745124154,0.9997468745124152,1.4875868036035236,0.9997164071759007,0.002281750300680368,False,17.804816951246103,False
21,1m4i,23,D,expanded_s231303,True,A,0.8125984573570822,0.2859754849867314,False,0.22951169054891693,1.1955497770147872,1.1955497770147874,0.35192718174342347,0.9182180219866037,0.652156759849954,False,0.9876430528351655,False
21,1m4i,23,D,expanded_s231303,True,C,0.3322996890973619,0.12967978686200346,False,0.1478477280406531,1.0242379776612915,1.0242379776612915,0.39024949801866354,0.9831831528794254,0.3788543708353017,False,3.4309345406651466,False
21,1m4i,23,D,expanded_s231303,True,E,0.18438678768164518,0.05349302409039793,False,0.08432716484741608,1.0142716737207453,1.0142716737207456,0.29011310822745523,0.9971384963736641,0.2906699575301564,False,8.54949673197484,False
21,1m4i,23,D,expanded_s231303,True,F,0.19316020390314045,0.12772668650676,False,0.4547190491219597,0.9879674387528664,0.9879674387528664,0.6612474201508305,0.9836858935540038,0.6876685417059749,False,18.430785597768903,False
21,1m4i,23,D,expanded_s231303,True,G,0.5573380093470871,0.31784248767055484,False,0.4236918101345307,0.9563342579345073,0.9563342579345075,0.5702867601707309,0.8989761530313932,0.7429451983203801,False,2.391770230127737,False
21,1m4i,23,D,expanded_s231303,True,H,0.5354786574844433,0.2127097011197996,False,0.2121766402282202,1.058934382242247,1.058934382242247,0.397232827390472,0.9547545830495255,0.5341367218365736,False,1.8628080452065106,False
21,1m4i,23,D,expanded_s231303,True,I,0.2861994941811025,0.14546884310420144,False,0.30964223326536733,0.9986439318384537,0.9986439318384536,0.50827777847906,0.9788388156859252,0.6091988404291886,False,7.437403507833729,False
21,1m4i,23,D,expanded_s231303,True,K,0.5830095475189169,0.22676666831068937,False,0.249595177032894,1.0754858671298375,1.0754858671298375,0.3889587559513019,0.9485768781432697,0.6417008827129825,False,1.8879100693388455,False
21,1m4i,23,D,expanded_s231303,True,L,0.5493450546844653,0.23251903210401875,False,0.19349741563482997,1.046313628293556,1.046313628293556,0.4232659056839491,0.9459348997094104,0.4571533238004615,False,1.5148563201765686,False
21,1m4i,23,D,expanded_s231303,True,M,0.5341458307060752,0.16725540845834083,False,0.1553277466707304,1.1066342102785545,1.1066342102785545,0.31312686319623556,0.9720256283414336,0.49605372431233097,False,1.7386374455867868,False
21,1m4i,23,D,expanded_s231303,True,N,0.23410757682940506,0.029903047928571316,False,0.05112585287221108,1.0408052973481932,1.040805297348193,0.12773208083889467,0.9991058077245816,0.4002585140431154,False,7.30314022112842,False
21,1m4i,23,D,expanded_s231303,True,P,0.30658343057457244,0.1686786712892028,False,0.5329419888485376,0.9905652284856649,0.9905652284856649,0.5501884787872576,0.9715475058521091,0.968653487661655,False,10.305547928499182,False
21,1m4i,23,D,expanded_s231303,True,Q,0.6040254010018609,0.15818903570335008,False,0.13264918899849104,1.1737462936058316,1.1737462936058316,0.26189136324560414,0.9749762289832442,0.5065046336564043,False,1.3882670568307687,False
21,1m4i,23,D,expanded_s231303,True,R,0.5588048149313871,0.26075282712385456,False,0.2738901156330224,1.0208429505829386,1.0208429505829388,0.46662594909077715,0.9320079631469173,0.586958603923975,False,1.8796941681567974,False
21,1m4i,23,D,expanded_s231303,True,S,0.8602715782519916,0.23750265866299763,False,0.1280159600280808,1.3314336143340506,1.3314336143340506,0.27607869964225196,0.9435924871280076,0.46369372281876986,False,0.626556250728711,False
21,1m4i,23,D,expanded_s231303,True,T,0.2889868840418876,0.07848877659181315,False,0.15286254889419879,1.0381489651891835,1.0381489651891835,0.27159978852340055,0.9938395119491205,0.5628227832034134,False,6.739309549814769,False
21,1m4i,23,D,expanded_s231303,True,V,0.28119680746252856,0.1260361799113118,False,0.25677567621936837,1.0081897016954509,1.0081897016954509,0.4482134098485703,0.9841148813533634,0.5728870903396677,False,7.245164733398086,False
21,1m4i,23,D,expanded_s231303,True,W,0.14358743530067059,0.15453660906703393,False,0.39965703328657093,0.9762383208642288,0.9762383208642286,1.07625440027838,0.9761184364580628,0.37134067297025414,False,18.011075360352333,False
21,1m4i,23,D,expanded_s231303,True,Y,0.15772586024231136,0.0902454282058263,False,0.2534344374473566,0.9964093713957778,0.9964093713957778,0.5721663401751869,0.991855762687947,0.4429383898566274,False,17.804816951246103,False
2,2ebe,30,A,restricted_s231301,True,C,0.08520461021348236,0.11213165448726353,False,2.3581389853431096,0.9881515577752711,0.988151557775271,1.3160280201542471,0.987426492061949,1.7918607728935134,False,246.81870766852003,False
2,2ebe,30,A,restricted_s231301,True,D,0.08842755881220883,0.07830679493490202,False,2.6510844211583384,0.9939704757284833,0.9939704757284833,0.8855474015877789,0.9938680458670232,2.993723900499247,False,382.8568951488422,False
2,2ebe,30,A,restricted_s231301,True,E,0.08135918796976267,0.06310141526180113,False,1.8915889777340793,0.9963515576562133,0.9963515576562133,0.7755905243947729,0.9960182113919578,2.4389016088227335,False,368.4521283266912,False
2,2ebe,30,A,restricted_s231301,True,F,0.2024954220564946,0.09331196938122398,False,2.4915617791996363,1.0032139027082905,1.0032139027082905,0.4608102663930381,0.9912928763701975,5.40691464776202,False,131.86182900606659,False
2,2ebe,30,A,restricted_s231301,True,G,0.06758478043917641,0.07696974205408925,False,1.9419115212501783,0.9941637363126404,0.9941637363126404,1.1388620567223553,0.9940756588081269,1.7051332159041273,False,373.30215756270564,False
2,2ebe,30,A,restricted_s231301,True,H,0.2208923157959583,0.1753626430618713,False,3.7550266160538652,0.9713208945176277,0.9713208945176278,0.7938829489381448,0.9692479434183547,4.729949951786201,False,96.93828428610983,False
2,2ebe,30,A,restricted_s231301,True,I,0.14244452398915378,0.12342987173466806,False,3.3789876362381666,0.9851266237639225,0.9851266237639226,0.8665118761888413,0.9847650667635635,3.8995283608805087,False,192.18547734052714,False
2,2ebe,30,A,restricted_s231301,True,K,0.3019074918605609,0.16618099277685333,False,1.8620140872777435,0.9908055601932192,0.9908055601932192,0.5504367968901076,0.9723838776396995,3.382793624622968,False,37.1131419753118,False
2,2ebe,30,A,restricted_s231301,True,L,0.1634336683138469,0.12321281169752614,False,3.7781840701728315,0.9864363203405406,0.9864363203405404,0.7539010350114436,0.98481860303359,5.011511981961243,False,187.62284441078057,False
2,2ebe,30,A,restricted_s231301,True,M,0.21435484181581796,0.1364597242821742,False,2.817706104781517,0.9874463929844133,0.9874463929844136,0.6366066804286404,0.981378743648833,4.426133421792397,False,96.32918939307014,False
2,2ebe,30,A,restricted_s231301,True,N,0.18042758727536293,0.17624962310851056,False,3.010999675184907,0.9689535257386874,0.9689535257386876,0.9768440944650216,0.968936070354108,3.0823748561779563,False,94.68464822928277,False
2,2ebe,30,A,restricted_s231301,True,P,0.10891192259034539,0.10639155570390407,False,3.8391274675585203,0.9886871891241454,0.9886871891241453,0.9768586686700842,0.988680836874903,3.9300746266450077,False,331.32175103111746,False
2,2ebe,30,A,restricted_s231301,True,Q,0.17802615940627972,0.17593158508931286,False,2.8268895293823046,0.9690524646095312,0.9690524646095312,0.9882344576552553,0.9690480773679618,2.860545397384294,False,90.25706332144853,False
2,2ebe,30,A,restricted_s231301,True,R,0.2682038113021745,0.20348935833181264,False,2.666701566165381,0.9627800414689603,0.9627800414689605,0.7587116579135758,0.9585920810457071,3.514776052734836,False,48.86160950661129,False
2,2ebe,30,A,restricted_s231301,True,S,0.14301072527512204,0.09236200680898217,False,0.9079342583935883,0.9940345523804798,0.9940345523804798,0.6458397202818,0.9914692596982174,1.405819787605241,False,68.73729438846668,False
2,2ebe,30,A,restricted_s231301,True,T,0.13837197065644097,0.12573119445808706,False,1.9808331447576386,0.9843514559630396,0.9843514559630397,0.908646410552761,0.9841916667401427,2.179982358101904,False,113.85621098072757,False
2,2ebe,30,A,restricted_s231301,True,V,0.11778288509251816,0.1066707422379814,False,2.3682508896605756,0.9887448324692178,0.9887448324692178,0.9056557084180082,0.9886213527503982,2.614957171525387,False,188.495160289126,False
2,2ebe,30,A,restricted_s231301,True,W,0.20596367809334204,0.13743016803462235,False,3.6966734555243126,0.985809790914944,0.985809790914944,0.6672543882826731,0.9811129489139754,5.540126105485076,False,130.59855527535723,False
2,2ebe,30,A,restricted_s231301,True,Y,0.18125613332454413,0.10491824602224949,False,2.7457938270222937,0.9948196346893925,0.9948196346893925,0.5788397010234708,0.9889921616516149,4.743616967128101,False,144.38570295128108,False
2,2ebe,30,A,restricted_s231303,True,C,0.07537839333367938,0.11495448610200458,False,2.1387049504445343,0.9883517332438311,0.9883517332438311,1.5250323205103715,0.986785466125024,1.4023997535532817,False,246.81870766852003,False
2,2ebe,30,A,restricted_s231303,True,D,0.08932724805008377,0.08559752299238185,False,2.927397010606335,0.9926869749065746,0.9926869749065748,0.9582465021690721,0.9926730640575686,3.0549519397982916,False,382.8568951488422,False
2,2ebe,30,A,restricted_s231303,True,E,0.09201698529838027,0.09301723503043066,False,3.1536427629683543,0.9913487944868201,0.9913487944868201,1.0108702727959074,0.9913477939872936,3.119730442013966,False,368.4521283266912,False
2,2ebe,30,A,restricted_s231303,True,F,0.17616126587992048,0.09308171616268116,False,2.162190225251376,0.9982380056974294,0.9982380056974292,0.5283892330004593,0.99133579411621,4.092040659067512,False,131.86182900606659,False
2,2ebe,30,A,restricted_s231303,True,G,0.07059359021820394,0.052966126028246796,False,1.395802523588563,0.997505316987328,0.9975053169873281,0.7502965335029588,0.9971945894935599,1.8603344961116746,False,373.30215756270564,False
2,2ebe,30,A,restricted_s231303,True,H,0.21543994792097385,0.18482912071952254,False,3.8600413922146393,0.9667752188760053,0.9667752188760055,0.8579148041166453,0.9658381961340481,4.499329506487702,False,96.93828428610983,False
2,2ebe,30,A,restricted_s231303,True,I,0.12539728068838224,0.09591454189912721,False,2.3114959790453535,0.9916696325387961,0.9916696325387963,0.7648853417920524,0.9908004006522806,3.0220163111372247,False,192.18547734052714,False
2,2ebe,30,A,restricted_s231303,True,K,0.2857524955681212,0.16586499477698222,False,1.7590269539403975,0.9868618163535771,0.9868618163535771,0.5804498555549491,0.9724888035076316,3.0304546329133797,False,37.1131419753118,False
2,2ebe,30,A,restricted_s231303,True,L,0.13579939879855488,0.10497065953922775,False,2.674554726906822,0.9899315718002192,0.9899315718002188,0.7729832419578048,0.9889811606358996,3.460042316225038,False,187.62284441078057,False
2,2ebe,30,A,restricted_s231303,True,M,0.16429187392482372,0.12083948031449827,False,1.9124180666421104,0.9872859305077886,0.9872859305077888,0.7355170857068178,0.985397819997322,2.6001001252123372,False,96.32918939307014,False
2,2ebe,30,A,restricted_s231303,True,N,0.17600495624151585,0.1974657586842589,False,3.290760424837327,0.9614678401887363,0.9614678401887367,1.121932943827413,0.96100727414725,2.933116852430661,False,94.68464822928277,False
2,2ebe,30,A,restricted_s231303,True,P,0.13631125777685588,0.08831552031864356,False,3.9885836535892127,0.9945039596850049,0.9945039596850048,0.6478960121050145,0.9922003688708473,6.156209606276635,False,331.32175103111746,False
2,2ebe,30,A,restricted_s231303,True,Q,0.1592766663819568,0.1852180508755993,False,2.662665835611398,0.9663672290592908,0.9663672290592908,1.1628699613252402,0.9656942736298438,2.289736534751441,False,90.25706332144853,False
2,2ebe,30,A,restricted_s231303,True,R,0.24433184266555566,0.2150544425155375,False,2.5674160826573535,0.9546087529138757,0.9546087529138758,0.8801736203082894,0.9537515867543314,2.9169427751743924,False,48.86160950661129,False
2,2ebe,30,A,restricted_s231303,True,S,0.1427437272007366,0.10144840453806454,False,0.9953932410070256,0.9914135248904955,0.9914135248904955,0.7107030657494352,0.9897082212166812,1.400575414652792,False,68.73729438846668,False
2,2ebe,30,A,restricted_s231303,True,T,0.12434834667288622,0.10341947317808255,False,1.4641954847844048,0.9897424303133293,0.9897424303133292,0.8316915821176161,0.9893044125675678,1.7605029511737216,False,113.85621098072757,False
2,2ebe,30,A,restricted_s231303,True,V,0.10344724827704456,0.07643380033377904,False,1.490406034351696,0.9948876005363195,0.9948876005363195,0.7388674093010172,0.994157874166536,2.0171495123348975,False,188.495160289126,False
2,2ebe,30,A,restricted_s231303,True,W,0.16529025426727378,0.13458662636902216,False,2.905276875633629,0.9828291527687195,0.9828291527687196,0.8142441728681478,0.9818864400026054,3.5680659100081598,False,130.59855527535723,False
2,2ebe,30,A,restricted_s231303,True,Y,0.16431645043745155,0.09234985422082995,False,2.1909953232321495,0.9966506953963978,0.9966506953963978,0.5620243985004029,0.9914715044253916,3.8983989468752203,False,144.38570295128108,False
2,2ebe,30,A,expanded_s231301,True,C,0.00304050009415321,0.0031124512998384267,False,0.0023357462487555753,0.9999903178238821,0.9999903178238823,1.0236642668827989,0.9999903126469062,0.0022817503006803685,False,246.81870766852003,False
2,2ebe,30,A,expanded_s231301,True,D,0.0024412700418971643,-0.06072706943074205,False,-0.05675898469034264,1.0003024621500842,1.0003024621500844,-24.87519544685426,0.9963122230383539,0.0022817503006803685,False,382.8568951488422,False
2,2ebe,30,A,expanded_s231301,True,E,0.0024885336832090317,-0.08391700673267007,False,-0.0769439677013135,1.0004238533955891,1.0004238533955891,-33.72146710285103,0.9929579359810291,0.0022817503006803685,False,368.4521283266912,False
2,2ebe,30,A,expanded_s231301,True,F,0.004159819730763292,-0.015517673785009836,False,-0.008511776739495653,1.0001464055513654,1.0001464055513651,-3.7303716962183047,0.999759201800302,0.0022817503006803685,False,131.86182900606659,False
2,2ebe,30,A,expanded_s231301,True,G,0.0024723150250247437,-0.08901463570880483,False,-0.08215343503463363,1.0004462567842027,1.0004462567842027,-36.004568514853375,0.9920763946296288,0.0022817503006803685,False,373.30215756270564,False
2,2ebe,30,A,expanded_s231301,True,H,0.004851615711270114,0.023495770710715243,False,0.011050232556414994,0.9997955532743529,0.9997955532743529,4.842875468503304,0.9994479487587095,0.0022817503006803685,False,96.93828428610983,False
2,2ebe,30,A,expanded_s231301,True,I,0.0034456707390995273,0.015621860417826214,False,0.010344919002584973,0.9999042170721782,0.9999042170721785,4.533764715403058,0.999755957477086,0.0022817503006803685,False,192.18547734052714,False
2,2ebe,30,A,expanded_s231301,True,K,0.007840977302873583,0.04336197683793646,False,0.012618478522032765,0.9993814803726763,0.9993814803726763,5.53017502321363,0.9981197389647063,0.0022817503006803685,False,37.1131419753118,False
2,2ebe,30,A,expanded_s231301,True,L,0.003487315181011221,0.020301498668196333,False,0.013283270449041191,0.999870565918166,0.999870565918166,5.821526766132301,0.9995878491518252,0.0022817503006803685,False,187.62284441078057,False
2,2ebe,30,A,expanded_s231301,True,M,0.004866930060817986,0.02861061771118773,False,0.013413442303336012,0.9997451952574226,0.999745195257423,5.8785758894548685,0.9991814325541843,0.0022817503006803685,False,96.32918939307014,False
2,2ebe,30,A,expanded_s231301,True,N,0.00490901402867003,0.04108417633363295,False,0.01909626478045933,0.9996207328227774,0.9996207328227775,8.369129950268983,0.9983120904549869,0.0022817503006803685,False,94.68464822928277,False
2,2ebe,30,A,expanded_s231301,True,P,0.002624273435411232,-0.04116090935062219,False,-0.035788540942320736,1.000222921773036,1.000222921773036,-15.684687729261773,0.9983057795414298,0.0022817503006803685,False,331.32175103111746,False
2,2ebe,30,A,expanded_s231301,True,Q,0.005027979042377045,0.041519561458565765,False,0.018842018044174496,0.9996077616035258,0.9996077616035258,8.257703763008694,0.9982761260162885,0.0022817503006803685,False,90.25706332144853,False
2,2ebe,30,A,expanded_s231301,True,R,0.006833609753210023,0.048248452084305005,False,0.016110214663488963,0.999387276036778,0.9993872760367779,7.060463477833331,0.9976720868714686,0.0022817503006803685,False,48.86160950661129,False
2,2ebe,30,A,expanded_s231301,True,S,0.005761530183589298,0.023438795372087668,False,0.009282512923420798,0.99976310857605,0.9997631085760498,4.068154574430407,0.9994506228715054,0.0022817503006803685,False,68.73729438846668,False
2,2ebe,30,A,expanded_s231301,True,T,0.004476676323627439,0.05180071386292425,False,0.026402689381038607,0.9995562505723122,0.9995562505723121,11.571243958274442,0.9973166860432915,0.0022817503006803685,False,113.85621098072757,False
2,2ebe,30,A,expanded_s231301,True,V,0.003479236543744522,0.023140062858301925,False,0.015175698668612885,0.9998510855822851,0.9998510855822852,6.650902451546877,0.9994645374909138,0.0022817503006803685,False,188.495160289126,False
2,2ebe,30,A,expanded_s231301,True,W,0.004179890183497851,0.02180093605454081,False,0.011900861078588084,0.9998352204447353,0.9998352204447353,5.215671966840326,0.9995247191871458,0.0022817503006803685,False,130.59855527535723,False
2,2ebe,30,A,expanded_s231301,True,Y,0.003975318798713077,-0.010444361149723486,False,-0.005994846048953566,1.0000988424899895,1.0000988424899897,-2.6273015268875093,0.9998909153201742,0.0022817503006803685,False,144.38570295128108,False
2,2ebe,30,A,expanded_s231303,True,C,0.05247584245880861,0.08605505354869916,False,1.1145867419198743,0.99372209117615,0.9937220911761498,1.639898465970296,0.9925945277587305,0.67966814107628,False,246.81870766852003,False
2,2ebe,30,A,expanded_s231303,True,D,0.05128198918973393,0.04115282030553562,False,0.8079806118903843,0.998409045443185,0.998409045443185,0.8024809676020513,0.9983064453809003,1.0068533018356396,False,382.8568951488422,False
2,2ebe,30,A,expanded_s231303,True,E,0.04967122658090317,0.03958648131579842,False,0.7244907665712428,0.998534612584096,0.998534612584096,0.7969700778643147,0.9984329104970339,0.9090564209295049,False,368.4521283266912,False
2,2ebe,30,A,expanded_s231303,True,F,0.12309712486719689,0.08161670728306833,False,1.3247870511570454,0.9950593381352235,0.9950593381352235,0.6630269177376836,0.9933387130922701,1.9980893923241545,False,131.86182900606659,False
2,2ebe,30,A,expanded_s231303,True,G,0.04672467753306061,0.04811417448960348,False,0.8392277805926298,0.9976869569149762,0.9976869569149762,1.029737967812827,0.9976850262131839,0.8149915870103901,False,373.30215756270564,False
2,2ebe,30,A,expanded_s231303,True,H,0.11313802740254159,0.14915689259741538,False,1.6358642381793276,0.9790495800406095,0.9790495800406096,1.3183621459716617,0.9777522213906831,1.2408307104218772,False,96.93828428610983,False
2,2ebe,30,A,expanded_s231303,True,I,0.08533421115739272,0.07545727177115308,False,1.2374989631227917,0.9944037540684939,0.9944037540684939,0.8842558072280957,0.9943062001368543,1.399480730584081,False,192.18547734052714,False
2,2ebe,30,A,expanded_s231303,True,K,0.18597817089614843,0.17305956277072376,False,1.194497643311274,0.9702172781695042,0.9702172781695042,0.9305369653697771,0.9700503877336059,1.2836649029161393,False,37.1131419753118,False
2,2ebe,30,A,expanded_s231303,True,L,0.08634726842449564,0.07819154273903468,False,1.266759298798588,0.9939525985055463,0.9939525985055463,0.9055473805451932,0.9938860826440897,1.3988879279137485,False,187.62284441078057,False
2,2ebe,30,A,expanded_s231303,True,M,0.12026353487125357,0.09504891955093842,False,1.1011311661899648,0.9916014797179507,0.9916014797179511,0.7903386479758115,0.9909657028921993,1.3932396815088626,False,96.32918939307014,False
2,2ebe,30,A,expanded_s231303,True,N,0.09215852752864845,0.09758962183611213,False,0.8515668215781237,0.9905057624952611,0.9905057624952613,1.0589320864070377,0.9904762657098847,0.8041751048147898,False,94.68464822928277,False
2,2ebe,30,A,expanded_s231303,True,P,0.049043068175462064,0.040383030845966436,False,0.6561852906612254,0.9984442070662419,0.9984442070662419,0.8234197481586492,0.9983692108196938,0.7969025422679048,False,331.32175103111746,False
2,2ebe,30,A,expanded_s231303,True,Q,0.10922990702665906,0.11529414600015749,False,1.136658540985412,0.986744034892422,0.986744034892422,1.0555181189710099,0.9867072598980943,1.07687259986925,False,90.25706332144853,False
2,2ebe,30,A,expanded_s231303,True,R,0.18484186021810783,0.1773629329475645,False,1.6018836215210108,0.9685983243693558,0.9685983243693558,0.9595387794641407,0.9685423900162378,1.6694308305242138,False,48.86160950661129,False
2,2ebe,30,A,expanded_s231303,True,S,0.08075732609500558,0.06616046681585444,False,0.367259404185152,0.9958358609315234,0.9958358609315234,0.8192503394431496,0.9956227926307083,0.4482871553459238,False,68.73729438846668,False
2,2ebe,30,A,expanded_s231303,True,T,0.0732783455590599,0.06470408967598222,False,0.5398388227305021,0.995886898643151,0.995886898643151,0.8829905913177705,0.9958133807792025,0.611375509590481,False,113.85621098072757,False
2,2ebe,30,A,expanded_s231303,True,V,0.06386820651158075,0.061329459480649794,False,0.7383360298021885,0.9962451426362984,0.9962451426362986,0.9602502219868877,0.9962386973998113,0.768899618970638,False,188.495160289126,False
2,2ebe,30,A,expanded_s231303,True,W,0.13365535642421236,0.12661501426308142,False,2.2100899479646836,0.9840182045809054,0.9840182045809056,0.9473246538748105,0.9839686381631597,2.3329805034893014,False,130.59855527535723,False
2,2ebe,30,A,expanded_s231303,True,Y,0.12000823427846471,0.07805518534689775,False,1.352499137389635,0.9956674463551161,0.9956674463551158,0.6504152470552983,0.9939073880404615,2.0794394711885427,False,144.38570295128108,False
2,2ebe,47,E,restricted_s231301,True,A,0.08136056998229113,0.004257740036281862,False,0.14549988038902587,1.0059267180354667,1.0059267180354667,0.05233173805454655,0.9999818716497834,2.7803372446252035,False,420.01955702134944,False
2,2ebe,47,E,restricted_s231301,True,C,0.09655154459952946,0.09046947756601886,False,1.592530009840846,0.9918522651683318,0.9918522651683319,0.9370070457315063,0.9918152736289316,1.6995923532224706,False,182.31664347808274,False
2,2ebe,47,E,restricted_s231301,True,D,0.08080252155154609,0.032352180936345176,False,0.54586880689288,1.001300771894391,1.001300771894391,0.4003857839474335,0.998953336388662,1.3633571140091898,False,208.8140906139455,False
2,2ebe,47,E,restricted_s231301,True,F,0.09000595697003579,0.0686527358182127,False,2.0343674602171475,0.9957427619182333,0.9957427619182333,0.7627576899278804,0.9952868018646747,2.66712153424438,False,329.2306794381306,False
2,2ebe,47,E,restricted_s231301,True,G,0.07415771058415681,0.023109034085731187,False,0.6665048451886867,1.0020719399158655,1.0020719399158655,0.3116201121056216,0.9994659725436245,2.1388377042967597,False,388.924412213373,False
2,2ebe,47,E,restricted_s231301,True,H,0.06188849311629774,0.03620622439868763,False,0.89506184853732,0.9993486882412754,0.9993486882412754,0.5850235249814648,0.9986891093147919,1.5299587286950178,False,399.44767600861746,False
2,2ebe,47,E,restricted_s231301,True,I,0.22227440601221174,0.1300162310039219,False,1.986911845066922,0.991607350531395,0.991607350531395,0.5849356807943907,0.9830957796755349,3.3968039740173355,False,68.75298655984771,False
2,2ebe,47,E,restricted_s231301,True,K,0.11643334935096025,0.10587323267063194,False,1.6609747127837557,0.9889023746681724,0.9889023746681722,0.9093033332872922,0.9887908586038702,1.826645358022651,False,134.74090382708982,False
2,2ebe,47,E,restricted_s231301,True,L,0.11949818039211722,0.11418084916437102,False,2.6597006629723627,0.9869910076954886,0.9869910076954889,0.9555028268188009,0.9869627336841031,2.7835612709042685,False,194.92978362060174,False
2,2ebe,47,E,restricted_s231301,True,M,0.13285081271225596,0.057768198952116545,False,1.0617798593307233,1.002300234078883,1.002300234078883,0.43483511897844207,0.9966628351898287,2.441798771509445,False,138.35072515860742,False
2,2ebe,47,E,restricted_s231301,True,N,0.06501052199500636,0.012510532451798737,False,0.3203834568652324,1.0025997354798093,1.0025997354798095,0.19243857867745942,0.9998434865777726,1.6648608562122962,False,393.9223626539547,False
2,2ebe,47,E,restricted_s231301,True,P,0.10575764543993878,0.005273407451515767,False,0.20421779872052273,1.0100692732579644,1.0100692732579641,0.049863132160129345,0.9999721911738504,4.0955670025842394,False,366.17651648562054,False
2,2ebe,47,E,restricted_s231301,True,Q,0.06088010588985665,0.05832846176268442,False,1.2059030195920697,0.9966043014361509,0.9966043014361509,0.9580873901272671,0.996597790548399,1.258656602746733,False,339.59122541497027,False
2,2ebe,47,E,restricted_s231301,True,R,0.07308132220788073,0.073639286671064,False,1.9526084235507022,0.994577566782919,0.994577566782919,1.0076348435732474,0.9945772554585768,1.9378135204479583,False,362.82665878779585,False
2,2ebe,47,E,restricted_s231301,True,S,0.06609768675278037,-0.006892393483230684,False,-0.17443161728031104,1.0052800467249317,1.0052800467249317,-0.10427586534169835,0.9999524949120724,1.6727899280310117,False,382.88546823755695,False
2,2ebe,47,E,restricted_s231301,True,T,0.07195209288521662,0.04605982184444384,False,1.1618775436692672,0.9985489025113069,0.998548902511307,0.6401456857957131,0.9978784928116582,1.815020501505109,False,350.58608384169855,False
2,2ebe,47,E,restricted_s231301,True,V,0.18947636026644224,0.10316091893493592,False,1.37440724683156,0.9968081802167523,0.9968081802167525,0.5444527158420752,0.9893578248044995,2.524383122427518,False,70.31454984192122,False
2,2ebe,47,E,restricted_s231301,True,W,0.09311750843073649,0.05005599495588897,False,1.690894367564408,0.9993486913117205,0.9993486913117205,0.5375572843330756,0.9974943973689759,3.1455147513482746,False,362.7680515128404,False
2,2ebe,47,E,restricted_s231301,True,Y,0.07330824410670143,0.04196275332563488,False,1.1106649238579833,0.9992216671256378,0.9992216671256381,0.5724152015502835,0.998239127333332,1.9403134662565695,False,361.04909700710164,False
2,2ebe,47,E,restricted_s231303,True,A,0.08500965746823894,0.03935803975666576,False,1.4053070950465312,1.0005350149061962,1.0005350149061965,0.4629831589589759,0.9984509447065126,3.0353309139934677,False,420.01955702134944,False
2,2ebe,47,E,restricted_s231303,True,C,0.09552323459122708,0.09796305151324551,False,1.706073124008503,0.9904091932448262,0.9904091932448263,1.0255416070494174,0.9904032405382132,1.6635825521667917,False,182.31664347808274,False
2,2ebe,47,E,restricted_s231303,True,D,0.08839171748589317,0.0403944508195504,False,0.7455779949831297,1.000672025950427,1.000672025950427,0.45699361850274184,0.998368288342987,1.631484477673634,False,208.8140906139455,False
2,2ebe,47,E,restricted_s231303,True,F,0.07954048402635176,0.06876168788737633,False,1.8006738450854078,0.9953880127250846,0.9953880127250846,0.8644866664954615,0.995271830278879,2.0829399860904174,False,329.2306794381306,False
2,2ebe,47,E,restricted_s231303,True,G,0.10732325572030962,0.03893498264672879,False,1.6251708662098756,1.0031610230202854,1.0031610230202859,0.362782347455015,0.9984840671262989,4.479740752577265,False,388.924412213373,False
2,2ebe,47,E,restricted_s231303,True,H,0.07395185505462692,0.0740034978312747,False,2.1860556767934796,0.994523484975713,0.9945234849757127,1.0006983296985534,0.9945234823087364,2.1845301545092,False,399.44767600861746,False
2,2ebe,47,E,restricted_s231303,True,I,0.17677712070490004,0.10462921876181419,False,1.2716588169256144,0.9942580463360816,0.9942580463360816,0.5918708164529688,0.9890527265812925,2.148541170768576,False,68.75298655984771,False
2,2ebe,47,E,restricted_s231303,True,K,0.12370041391080704,0.11744117329350488,False,1.9574514105015375,0.9862467489085504,0.9862467489085501,0.949400002640126,0.9862075708154449,2.061777338380225,False,134.74090382708982,False
2,2ebe,47,E,restricted_s231303,True,L,0.10961172483169873,0.12983077268127116,False,2.774040863781253,0.9835527803609274,0.9835527803609274,1.184460630289482,0.9831439704649841,2.342028762157572,False,194.92978362060174,False
2,2ebe,47,E,restricted_s231303,True,M,0.11370869155223666,0.03504826962252807,False,0.5513681599101952,1.0049590807746263,1.0049590807746263,0.30822858960106175,0.9987716187964666,1.7888287411100554,False,138.35072515860742,False
2,2ebe,47,E,restricted_s231303,True,N,0.06999223886644358,0.01109866555053466,False,0.30600694714472954,1.0033452726009138,1.0033452726009136,0.15856994618664355,0.9998768196229973,1.9297915809629296,False,393.9223626539547,False
2,2ebe,47,E,restricted_s231303,True,P,0.1257434709338871,-0.04476237388373299,False,-2.061052447433787,1.0270685730012632,1.0270685730012632,-0.35598169472566865,0.9979963298842929,5.7897708729717206,False,366.17651648562054,False
2,2ebe,47,E,restricted_s231303,True,Q,0.058246619831530795,0.0511227136006986,False,1.0112093713020156,0.9974372181940867,0.9974372181940866,0.8776940833401667,0.9973864681541009,1.1521205286627214,False,339.59122541497027,False
2,2ebe,47,E,restricted_s231303,True,R,0.07609508798784519,0.07743739981937106,False,2.137994456843978,0.9940052509102678,0.9940052509102678,1.0176399274515628,0.9940034491092149,2.100934131189287,False,362.82665878779585,False
2,2ebe,47,E,restricted_s231303,True,S,0.062175581196845506,0.011808735539645293,False,0.2811202522920698,1.0023973729064108,1.002397372906411,0.18992561568920907,0.9998605537649548,1.4801597523953276,False,382.88546823755695,False
2,2ebe,47,E,restricted_s231303,True,T,0.06731845487225246,0.04049525766166786,False,0.955725071772859,0.999079618015513,0.999079618015513,0.6015476400715687,0.9983601341069152,1.5887770279659852,False,350.58608384169855,False
2,2ebe,47,E,restricted_s231303,True,V,0.16074759765466473,0.08540552749940582,False,0.9653297069490505,0.9983823234078282,0.9983823234078284,0.5313020458500609,0.9927058958725483,1.8169132125297272,False,70.31454984192122,False
2,2ebe,47,E,restricted_s231303,True,W,0.08676729550984232,0.05776481573342879,False,1.8182286034846868,0.9975043698964643,0.9975043698964643,0.6657441077770636,0.996663226063283,2.7311223370129376,False,362.7680515128404,False
2,2ebe,47,E,restricted_s231303,True,Y,0.07232737254047582,0.060560099776073614,False,1.5814502484287984,0.9964709430234239,0.996470943023424,0.8373054024903641,0.9963324743151121,1.8887376621781657,False,361.04909700710164,False
2,2ebe,47,E,expanded_s231301,True,A,0.0023307693689089623,-0.12168836583401052,False,-0.11912910347754849,1.000572687517128,1.0005726875171281,-52.20952680143255,0.9851919416206479,0.0022817503006803685,False,420.01955702134944,False
2,2ebe,47,E,expanded_s231301,True,C,0.003537699171323366,0.011413250199263736,False,0.007361334532062138,0.9999317620238827,0.9999317620238827,3.22617883730185,0.999869737719889,0.0022817503006803685,False,182.31664347808274,False
2,2ebe,47,E,expanded_s231301,True,D,0.0033056293633983848,-0.010513484388697873,False,-0.007257058649929058,1.000080434550902,1.000080434550902,-3.180478884023883,0.9998894666460085,0.0022817503006803685,False,208.8140906139455,False
2,2ebe,47,E,expanded_s231301,True,F,0.002632594132961572,-0.05714488618902344,False,-0.04952923035556008,1.0003078091360886,1.0003078091360889,-21.70668295334136,0.9967344619824436,0.0022817503006803685,False,329.2306794381306,False
2,2ebe,47,E,expanded_s231301,True,G,0.002422152350105564,-0.0959690290900156,False,-0.09040610553361869,1.0004707700407025,1.000470770040703,-39.62138429724828,0.9907899454555198,0.0022817503006803685,False,388.924412213373,False
2,2ebe,47,E,expanded_s231301,True,H,0.0023900341633264805,-0.11526175211887152,False,-0.11003965616463675,1.0005566713138798,1.0005566713138798,-48.225985171044044,0.9867147284984878,0.0022817503006803685,False,399.44767600861746,False
2,2ebe,47,E,expanded_s231301,True,I,0.0057608726406736055,-0.013325754961667715,False,-0.005278027702938927,1.000186723607932,1.000186723607932,-2.313148682993548,0.9998224242547017,0.0022817503006803685,False,68.75298655984771,False
2,2ebe,47,E,expanded_s231301,True,K,0.0041151373022914285,0.04915480679427469,False,0.027255225511009878,0.9996123767969646,0.9996123767969646,11.944876484899755,0.9975838049690176,0.0022817503006803685,False,134.74090382708982,False
2,2ebe,47,E,expanded_s231301,True,L,0.003421329939648989,0.05104895597013697,False,0.03404552401813351,0.999662394855659,0.9996623948556591,14.920793045576403,0.997394004094359,0.0022817503006803685,False,194.92978362060174,False
2,2ebe,47,E,expanded_s231301,True,M,0.004061096770857524,0.009980580814263859,False,0.005607646052005451,0.9999354282979502,0.99993542829795,2.4576072370115924,0.99990038800661,0.0022817503006803685,False,138.35072515860742,False
2,2ebe,47,E,expanded_s231301,True,N,0.0024067375848623755,-0.1049462103315259,False,-0.09949611810002026,1.0005109483633898,1.0005109483633898,-43.605173655659286,0.9889862929370512,0.0022817503006803685,False,393.9223626539547,False
2,2ebe,47,E,expanded_s231301,True,P,0.0024962542299721887,-0.06267429193617553,False,-0.05728866986111868,1.000319133217893,1.000319133217893,-25.107335296082326,0.996071933130299,0.0022817503006803685,False,366.17651648562054,False
2,2ebe,47,E,expanded_s231301,True,Q,0.0025921243283788726,-0.0605907120116678,False,-0.05333574236291538,1.0003208364258922,1.0003208364258924,-23.374925094569644,0.9963287656179192,0.0022817503006803685,False,339.59122541497027,False
2,2ebe,47,E,expanded_s231301,True,R,0.002507751295750848,-0.06937059432973375,False,-0.06311884864278504,1.000354217212196,1.0003542172121964,-27.66246973823751,0.9951877206423394,0.0022817503006803685,False,362.82665878779585,False
2,2ebe,47,E,expanded_s231301,True,S,0.002441178949478294,-0.09248679810766204,False,-0.08644666522141776,1.0004575130039535,1.0004575130039537,-37.886119789549824,0.9914461921757926,0.0022817503006803685,False,382.88546823755695,False
2,2ebe,47,E,expanded_s231301,True,T,0.00255115427072968,-0.07459341485893849,False,-0.0667162894600164,1.0003871070058843,1.0003871070058845,-29.23908432930766,0.9944358224596823,0.0022817503006803685,False,350.58608384169855,False
2,2ebe,47,E,expanded_s231301,True,V,0.005696544021525852,-0.00918236922234037,False,-0.0036779973357286932,1.000137066154783,1.000137066154783,-1.61191929486412,0.9999156840954646,0.0022817503006803685,False,70.31454984192122,False
2,2ebe,47,E,expanded_s231301,True,W,0.0025079538584262457,-0.07253851262223851,False,-0.06599594024850235,1.0003701363177868,1.0003701363177868,-28.923384048124717,0.9947381641865534,0.0022817503006803685,False,362.7680515128404,False
2,2ebe,47,E,expanded_s231301,True,Y,0.0025139169525909347,-0.07584596496727343,False,-0.06884139636796884,1.000387660692678,1.0003876606926785,-30.170433788237837,0.994247389598183,0.0022817503006803685,False,361.04909700710164,False
2,2ebe,47,E,expanded_s231303,True,A,0.06080446443311395,0.011089771891890437,False,0.28322239648907827,1.0023485676138544,1.0023485676138544,0.1823841718742444,0.9998770169593858,1.5528891217838945,False,420.01955702134944,False
2,2ebe,47,E,expanded_s231303,True,C,0.08692152681232133,0.058987331583238364,False,0.9347864603966506,0.9973008139757856,0.9973008139757857,0.6786274211519807,0.9965204947126891,1.3774663847355828,False,182.31664347808274,False
2,2ebe,47,E,expanded_s231303,True,D,0.06125480043850344,0.009389810496336616,False,0.12010380265311162,1.002601808640544,1.002601808640544,0.15329101440406268,0.9999118314588429,0.7835019105329144,False,208.8140906139455,False
2,2ebe,47,E,expanded_s231303,True,F,0.06968527188186915,0.05754697827957934,False,1.3202732415494813,0.996835683462465,0.996835683462465,0.8258126391059115,0.9966883452908896,1.5987563994890064,False,329.2306794381306,False
2,2ebe,47,E,expanded_s231303,True,G,0.06081210252715782,0.04000084119669958,False,0.9460723446383172,0.9988330413017211,0.9988330413017211,0.6577776385685034,0.9983999327035564,1.4382859634712102,False,388.924412213373,False
2,2ebe,47,E,expanded_s231303,True,H,0.0476897523256899,0.013779658137147153,False,0.2624964346038457,1.0009600155094993,1.000960015509499,0.2889437974649371,0.9998101210216234,0.9084688334093736,False,399.44767600861746,False
2,2ebe,47,E,expanded_s231303,True,I,0.1592238643907123,0.08373102990803541,False,0.9166133146574422,0.9986882826887685,0.9986882826887685,0.5258698514097836,0.9929891146305397,1.7430421466454675,False,68.75298655984771,False
2,2ebe,47,E,expanded_s231303,True,K,0.10382717874172326,0.07686578122447339,False,1.0753344392035236,0.9948185686328345,0.9948185686328347,0.7403242788257007,0.9940916516767514,1.4525181328771422,False,134.74090382708982,False
2,2ebe,47,E,expanded_s231303,True,L,0.08087985124763135,0.06717002285987016,False,1.0589953195285509,0.9956761474234265,0.9956761474234266,0.8304914243006511,0.9954881880290044,1.2751429918982253,False,194.92978362060174,False
2,2ebe,47,E,expanded_s231303,True,M,0.10481771374928767,0.017781720372942993,False,0.2578635154166013,1.0072590745635854,1.0072590745635854,0.16964423032041026,0.9996838104205784,1.520025260685669,False,138.35072515860742,False
2,2ebe,47,E,expanded_s231303,True,N,0.04696606079633993,0.0025267394159810817,False,0.04674715952756374,1.0019684688726704,1.0019684688726707,0.05379926212968643,0.9999936155879238,0.8689182281882758,False,393.9223626539547,False
2,2ebe,47,E,expanded_s231303,True,P,0.07655376883639631,-0.029041324713859198,False,-0.8140920018239801,1.0103069252407513,1.0103069252407513,-0.3793585234963892,0.9991566014588642,2.1459699766881046,False,366.17651648562054,False
2,2ebe,47,E,expanded_s231303,True,Q,0.050858839837911354,0.02951780299890889,False,0.5098083438753718,0.9995841391594814,0.9995841391594812,0.5803868726259391,0.9991286993061176,0.8783939953168869,False,339.59122541497027,False
2,2ebe,47,E,expanded_s231303,True,R,0.0538188953047399,0.04244196004157751,False,0.8287611812272561,0.9983281146838113,0.9983281146838113,0.7886070459316842,0.9981986800278291,1.0509177993053975,False,362.82665878779585,False
2,2ebe,47,E,expanded_s231303,True,S,0.05283374806632159,-0.0026284072378968053,False,-0.053170771163934996,1.003069142146381,1.0030691421463809,-0.04974864237527492,0.9999930914753917,1.0687883854768443,False,382.88546823755695,False
2,2ebe,47,E,expanded_s231303,True,T,0.05796613324345859,0.0319952601018732,False,0.6502115039997897,0.9996507895827497,0.9996507895827499,0.5519647130418834,0.9989763033310135,1.177994695379107,False,350.58608384169855,False
2,2ebe,47,E,expanded_s231303,True,V,0.14237655824368312,0.08278206795233067,False,0.8287431698541063,0.9966986324986218,0.996698632498622,0.581430461401138,0.9931471292255358,1.425352169986057,False,70.31454984192122,False
2,2ebe,47,E,expanded_s231303,True,W,0.05137576014950037,0.03992420148170365,False,0.7440866824743846,0.9985371963319704,0.9985371963319704,0.7771019127605436,0.9984060581360483,0.9575149285518071,False,362.7680515128404,False
2,2ebe,47,E,expanded_s231303,True,Y,0.06287899108299622,0.015037457116536132,False,0.3413864108214953,1.0020626872557323,1.0020626872557326,0.23914914755371403,0.9997738748834684,1.4275041927331908,False,361.04909700710164,False
6,4pt4,10,L,restricted_s231301,True,A,0.46299887490898883,0.17349371361648072,False,0.5618830872138196,1.0537131697505637,1.0537131697505637,0.3747173546600608,0.9698999313355625,1.4994850925000616,False,6.994912417517102,False
6,4pt4,10,L,restricted_s231301,True,C,0.41683168758202194,0.11741502517192219,False,0.2137320581861384,1.0758640495926803,1.0758640495926803,0.2816844992112503,0.9862137118638769,0.7587640029345359,False,4.367020852973599,False
6,4pt4,10,L,restricted_s231301,True,D,0.44198342763454906,0.0674218554743568,False,0.1194567730733536,1.1357506647435098,1.13575066474351,0.15254385404265453,0.995454293404395,0.7830979086181403,False,4.008704955512568,False
6,4pt4,10,L,restricted_s231301,True,E,0.5680245449326724,0.22823660294578976,False,0.43059907519832885,1.063363898595447,1.063363898595447,0.40180764190892937,0.9479080530757659,1.0716547678202824,False,3.3213962854038623,False
6,4pt4,10,L,restricted_s231301,True,F,0.5948259369425688,0.183424426617256,False,0.46262728750478643,1.1356066824180793,1.1356066824180795,0.30836655771949945,0.9663554797201308,1.5002511651266923,False,4.240178875141183,False
6,4pt4,10,L,restricted_s231301,True,G,0.6426926796189214,0.2237114317889549,False,0.7180094411341611,1.1254984813200914,1.1254984813200914,0.3480846116398937,0.9499531952869359,2.0627439913286607,False,4.993886001391821,False
6,4pt4,10,L,restricted_s231301,True,H,0.5701259116773212,0.010833444017286285,False,0.025169327271682876,1.3126907008719755,1.3126907008719753,0.019001844672195463,0.9998826364907243,1.324572835210679,False,4.075062600563299,False
6,4pt4,10,L,restricted_s231301,True,I,0.7042282414549876,0.05025784339286923,False,0.0808194655519702,1.4251514307190234,1.4251514307190234,0.07136584481337017,0.9974741491774979,1.1324670192488062,False,2.2834877598858947,False
6,4pt4,10,L,restricted_s231301,True,K,0.5149475619223648,0.04298612326041698,False,0.10782315481221584,1.2208997927908958,1.2208997927908956,0.08347670022932882,0.9981521932070403,1.291655689743389,False,4.871029377277463,False
6,4pt4,10,L,restricted_s231301,True,M,0.6927109261238228,0.12867813765869424,False,0.24284164262223432,1.3015749233524387,1.3015749233524385,0.18576022523382704,0.9834419368886901,1.307285466070875,False,2.7243716808185434,False
6,4pt4,10,L,restricted_s231301,True,N,0.4600169584883372,0.04578132413252491,False,0.07935386940731443,1.169495231130835,1.1694952311308349,0.09952094871234102,0.9979040703606727,0.7973584499951035,False,3.7679568145931754,False
6,4pt4,10,L,restricted_s231301,True,P,0.9491079654499083,0.17324663307538368,False,0.9401400428440013,1.5719464112020158,1.5719464112020158,0.18253627551556698,0.9699856041280434,5.150428539141661,False,5.717578411902329,False
6,4pt4,10,L,restricted_s231301,True,Q,0.58431359517532,0.16877716155423758,False,0.2498229465842581,1.144184797404223,1.1441847974042232,0.288846884528841,0.9715142697376948,0.8648974940192357,False,2.533218532233563,False
6,4pt4,10,L,restricted_s231301,True,R,0.4610549250950695,0.05689274340537681,False,0.13224922895116464,1.1601102848559823,1.1601102848559823,0.12339688897943239,0.9967632157478099,1.0717387613654323,False,5.041776699037223,False
6,4pt4,10,L,restricted_s231301,True,S,0.37041280778929364,0.21971374868206892,False,0.47736318251145304,0.9744360750558755,0.9744360750558755,0.5931591566538146,0.9517258686400727,0.8047809380612099,False,5.865508809364532,False
6,4pt4,10,L,restricted_s231301,True,T,0.4257204828550345,0.06919936179194454,False,0.18356092596840182,1.12231875809167,1.1223187580916698,0.1625464702282323,0.9952114483275876,1.129282756559789,False,6.230940507520482,False
6,4pt4,10,L,restricted_s231301,True,V,0.4426138267181653,-0.007508354681492189,False,-0.018170053424001808,1.202553602797963,1.202553602797963,-0.01696366952014163,0.999943624609977,1.0711157395767343,False,5.467470492387978,False
6,4pt4,10,L,restricted_s231301,True,W,0.6268983354987414,-0.0640052630529571,False,-0.17841695945796276,1.4732511087932083,1.4732511087932083,-0.10209831391885327,0.9959033263015218,1.7475015268103917,False,4.446551538130314,False
6,4pt4,10,L,restricted_s231301,True,Y,0.5690237442332462,-0.04538726420269923,False,-0.1092913887266394,1.37544088353547,1.37544088353547,-0.07976339241143286,0.9979399962481944,1.3701948402958617,False,4.231765072540483,False
6,4pt4,10,L,restricted_s231303,True,A,0.34296549256734715,0.16910378863468822,False,0.4056822858272768,1.0016318007637623,1.0016318007637623,0.4930635655757169,0.9714039086693947,0.822778875079908,False,6.994912417517102,False
6,4pt4,10,L,restricted_s231303,True,C,0.3857113289749799,0.1444881131360263,False,0.2433771383909299,1.0373118250220772,1.0373118250220772,0.37460168338845673,0.9791231851623908,0.6496957947157733,False,4.367020852973599,False
6,4pt4,10,L,restricted_s231303,True,D,0.4599743403706821,0.14699019066864144,False,0.27103542095493066,1.0763529618119057,1.076352961811906,0.31956171848670006,0.9783938838471964,0.8481473382933099,False,4.008704955512568,False
6,4pt4,10,L,restricted_s231303,True,E,0.604062324197599,0.17868310568168438,False,0.3584973397022104,1.1490198272891583,1.1490198272891583,0.2958024338283911,0.968072347743948,1.211948580214156,False,3.3213962854038623,False
6,4pt4,10,L,restricted_s231303,True,F,0.5825688847313978,0.1609085904327864,False,0.39747580124203685,1.1519058293129254,1.1519058293129254,0.27620526027059566,0.9741084255249337,1.4390594909475423,False,4.240178875141183,False
6,4pt4,10,L,restricted_s231303,True,G,0.37938489729305136,0.14706047685017015,False,0.2786215041148387,1.0323478524827214,1.0323478524827212,0.3876287060962657,0.9783732161486006,0.7187844959182265,False,4.993886001391821,False
6,4pt4,10,L,restricted_s231303,True,H,0.6043736639613333,0.02726038749828248,False,0.06713853198696523,1.3323166051433615,1.3323166051433613,0.045105187607953984,0.9992568712734434,1.4884880331398027,False,4.075062600563299,False
6,4pt4,10,L,restricted_s231303,True,I,0.767570147918076,0.09403236793310159,False,0.16481401401190332,1.4448110548479813,1.4448110548479813,0.12250654638947453,0.9911579137808939,1.3453486272311057,False,2.2834877598858947,False
6,4pt4,10,L,restricted_s231303,True,K,0.4945903308379879,0.02867740666526742,False,0.06908857664689531,1.21625245925813,1.2162524592581299,0.05798214173875798,0.9991776063469548,1.1915492352486399,False,4.871029377277463,False
6,4pt4,10,L,restricted_s231303,True,M,0.6801035266989077,0.08873550501448879,False,0.16441400534618605,1.341842147220767,1.341842147220767,0.1304735257662814,0.9921260101498237,1.2601330758908331,False,2.7243716808185434,False
6,4pt4,10,L,restricted_s231303,True,N,0.4744365781830761,0.09025604245478727,False,0.1613468043754165,1.1394485308328746,1.1394485308328746,0.19023837242995872,0.9918538468003997,0.8481296507875696,False,3.7679568145931754,False
6,4pt4,10,L,restricted_s231303,True,P,0.5801658037472013,0.19578490994117634,False,0.649446636481349,1.109416940562444,1.1094169405624443,0.33746371929650426,0.9616682690393255,1.924493210218929,False,5.717578411902329,False
6,4pt4,10,L,restricted_s231303,True,Q,0.6284076009154904,0.1498028154718038,False,0.23847017024129932,1.206621657126318,1.2066216571263182,0.23838479237610238,0.9775591164767207,1.0003581514757964,False,2.533218532233563,False
6,4pt4,10,L,restricted_s231303,True,R,0.4441843018708919,0.2190351300765711,False,0.4905243688877619,1.0027157613520081,1.0027157613520084,0.4931176746994463,0.9520236117923396,0.9947410000802243,False,5.041776699037223,False
6,4pt4,10,L,restricted_s231303,True,S,0.37389883970873794,0.27367501542544465,False,0.6001985751204014,0.935146800885851,0.9351468008858509,0.7319493573144912,0.9251019859318826,0.8200001395212901,False,5.865508809364532,False
6,4pt4,10,L,restricted_s231303,True,T,0.3861785293691223,0.14078578631298316,False,0.3387665644409979,1.0403969607168513,1.0403969607168513,0.36456140257972613,0.980179362372235,0.9292441877933385,False,6.230940507520482,False
6,4pt4,10,L,restricted_s231303,True,V,0.4218201965216132,0.04640613631504041,False,0.10702598387829891,1.138782187113094,1.138782187113094,0.1100140218455914,0.99784647051231,0.9728394806665072,False,5.467470492387978,False
6,4pt4,10,L,restricted_s231303,True,W,0.5927962275035562,-0.05007423293015874,False,-0.13199061936486953,1.410775000094713,1.4107750000947128,-0.08447124088666427,0.9974925711964561,1.5625509697668865,False,4.446551538130314,False
6,4pt4,10,L,restricted_s231303,True,Y,0.5781466490411764,-0.08176268692932866,False,-0.20003901968854298,1.4287951947271296,1.4287951947271293,-0.141422054533962,0.9933148630260966,1.4144824889423757,False,4.231765072540483,False
6,4pt4,10,L,expanded_s231301,True,A,0.018061046786879933,-0.0020823838869757543,False,-0.0002630788855322879,1.0004014214766597,1.0004014214766594,-0.11529696542774354,0.9999956636773473,0.0022817503006803685,False,6.994912417517102,False
6,4pt4,10,L,expanded_s231301,True,C,0.022858168265268777,-0.04752917240955342,False,-0.004744461681182414,1.0026953554973363,1.0026953554973361,-2.0793080118222043,0.997740977770063,0.0022817503006803685,False,4.367020852973599,False
6,4pt4,10,L,expanded_s231301,True,D,0.023857888893952402,-0.02584009719087857,False,-0.002471327190640188,1.001802179198054,1.001802179198054,-1.0830839772008758,0.9993322893771659,0.0022817503006803685,False,4.008704955512568,False
6,4pt4,10,L,expanded_s231301,True,E,0.026210403716988392,0.04391438554635964,False,0.0038229728739223342,0.9983849577147004,0.9983849577147006,1.6754562814267655,0.9980715267420857,0.0022817503006803685,False,3.3213962854038623,False
6,4pt4,10,L,expanded_s231301,True,F,0.023197541973542263,0.04688145128892305,False,0.0046113405332702,0.9983630570855035,0.9983630570855037,2.0209663309325294,0.9978021295250443,0.0022817503006803685,False,4.240178875141183,False
6,4pt4,10,L,expanded_s231301,True,G,0.021375424394628022,-0.030090894270581484,False,-0.003212095618877901,1.0017433200389454,1.0017433200389456,-1.4077331853183601,0.9990945380819967,0.0022817503006803685,False,4.993886001391821,False
6,4pt4,10,L,expanded_s231301,True,H,0.023662842652352908,-0.03468501207697282,False,-0.003344591260588272,1.0022014220887348,1.0022014220887348,-1.4658007318289767,0.9987969499372203,0.0022817503006803685,False,4.075062600563299,False
6,4pt4,10,L,expanded_s231301,True,I,0.03161074374988577,-0.011107623015154182,False,-0.000801778735584601,1.0017014795700256,1.0017014795700256,-0.35138758844275286,0.9998766207109532,0.0022817503006803685,False,2.2834877598858947,False
6,4pt4,10,L,expanded_s231301,True,K,0.021643310192354756,-0.03583130870066405,False,-0.0037775228777338957,1.0020194491336956,1.0020194491336956,-1.6555373638419244,0.9987161173167977,0.0022817503006803685,False,4.871029377277463,False
6,4pt4,10,L,expanded_s231301,True,M,0.028940156784096092,0.00263404903784571,False,0.00020767828691979238,1.0006850730904235,1.0006850730904233,0.0910170963307717,0.9999930617856663,0.0022817503006803685,False,2.7243716808185434,False
6,4pt4,10,L,expanded_s231301,True,N,0.024608270947549738,-0.03163141035080915,False,-0.002932956168791266,1.0021623556317596,1.0021623556317598,-1.2853975160720794,0.9989994538792187,0.0022817503006803685,False,3.7679568145931754,False
6,4pt4,10,L,expanded_s231301,True,P,0.019976895304719505,0.011427239743942101,False,0.0013052132137633312,0.9999425148020423,0.9999425148020425,0.572022807830526,0.9998694181918345,0.0022817503006803685,False,5.717578411902329,False
6,4pt4,10,L,expanded_s231301,True,Q,0.03001219295425766,0.012371492339129396,False,0.0009405729333973489,1.0001581404954953,1.0001581404954958,0.41221554046334097,0.9998469461773029,0.0022817503006803685,False,2.533218532233563,False
6,4pt4,10,L,expanded_s231301,True,R,0.02127366200032189,-0.024413450274475935,False,-0.0026185147391919556,1.0014912956737057,1.0014912956737059,-1.1475903995328371,0.9994039834456957,0.0022817503006803685,False,5.041776699037223,False
6,4pt4,10,L,expanded_s231301,True,S,0.019723374114077076,0.016254896738154553,False,0.0018804903920237807,0.9997478086673393,0.9997478086673393,0.8241438125210542,0.999735778332032,0.0022817503006803685,False,5.865508809364532,False
6,4pt4,10,L,expanded_s231301,True,T,0.01913626849854799,-0.023120944298891534,False,-0.0027568708920452704,1.0012510939681356,1.0012510939681356,-1.2082263739477677,0.9994654219347276,0.0022817503006803685,False,6.230940507520482,False
6,4pt4,10,L,expanded_s231301,True,V,0.020428704869671594,-0.05402883351558628,False,-0.006034660929612832,1.0026248101713373,1.0026248101713373,-2.6447507984609127,0.997080885148945,0.0022817503006803685,False,5.467470492387978,False
6,4pt4,10,L,expanded_s231301,True,W,0.022652826203287305,-0.04213388815826865,False,-0.004244018433338403,1.0024220538264323,1.0024220538264326,-1.8599837291893546,0.9982247354686664,0.0022817503006803685,False,4.446551538130314,False
6,4pt4,10,L,expanded_s231301,True,Y,0.023220591766665164,-0.04076347522420857,False,-0.004005585765610858,1.002432299916338,1.002432299916338,-1.7554882163996992,0.9983383390876452,0.0022817503006803685,False,4.231765072540483,False
6,4pt4,10,L,expanded_s231303,True,A,0.539901198282883,0.4374159829276527,False,1.6519284026454757,0.8191704772458434,0.8191704772458432,0.8101778331272886,0.8086672578794355,2.0389701311242097,False,6.994912417517102,False
6,4pt4,10,L,expanded_s231303,True,C,0.5918069046327603,0.0709708185070369,False,0.18341933201988606,1.2662333715312033,1.2662333715312033,0.1199222549643572,0.9949631429204412,1.5294853492740041,False,4.367020852973599,False
6,4pt4,10,L,expanded_s231303,True,D,0.655920419977042,0.24163254733334621,False,0.6353465510965285,1.1132481534888372,1.1132481534888372,0.3683869871619542,0.9416137120691982,1.724671536286407,False,4.008704955512568,False
6,4pt4,10,L,expanded_s231303,True,E,0.6501551907026709,0.28233363932216243,False,0.6096777644024927,1.0555804097670671,1.0555804097670671,0.4342557644076078,0.9202877161071031,1.4039600953465468,False,3.3213962854038623,False
6,4pt4,10,L,expanded_s231303,True,F,0.5293779867027596,0.24073343998609242,False,0.5403640869437348,1.0253630852217328,1.0253630852217328,0.45474773419556985,0.9420474108724625,1.1882721920530661,False,4.240178875141183,False
6,4pt4,10,L,expanded_s231303,True,G,0.8333975728652259,0.39207204495036846,False,1.6317616926450604,1.0410477331577639,1.0410477331577639,0.47045018814060424,0.8462795115684363,3.4685110852955447,False,4.993886001391821,False
6,4pt4,10,L,expanded_s231303,True,H,0.617134424575301,0.16670208572563955,False,0.4192326428758596,1.1750997064962978,1.1750997064962978,0.270122811315153,0.9722104146147215,1.5520075510643927,False,4.075062600563299,False
6,4pt4,10,L,expanded_s231303,True,I,0.61656083043295,0.20395178312176404,False,0.28714557335971874,1.1286498960844973,1.1286498960844975,0.33078939344646463,0.9584036701614529,0.8680616097389795,False,2.2834877598858947,False
6,4pt4,10,L,expanded_s231303,True,K,0.5527941317199531,0.1460613533037256,False,0.3932959670547842,1.1440976341092681,1.1440976341092683,0.2642237768502953,0.9786660810710842,1.4884957430519927,False,4.871029377277463,False
6,4pt4,10,L,expanded_s231303,True,M,0.6719934625019118,0.2591172814414815,False,0.4743815435312608,1.1033249753454213,1.103324975345421,0.38559494385072873,0.9328582344583761,1.2302587238148617,False,2.7243716808185434,False
6,4pt4,10,L,expanded_s231303,True,N,0.6026343075081898,0.25072965403784225,False,0.569331836877842,1.0609715257201493,1.0609715257201493,0.416056057403328,0.9371346405860639,1.3684017495890637,False,3.7679568145931754,False
6,4pt4,10,L,expanded_s231303,True,P,0.6343501496927345,0.1803413439572477,False,0.6540884462112674,1.1736009953450566,1.1736009953450566,0.28429305809197203,0.9674769996596937,2.3007541956921873,False,5.717578411902329,False
6,4pt4,10,L,expanded_s231303,True,Q,0.7440737918518141,0.24252687757142613,False,0.4571392799007708,1.1927300208796334,1.1927300208796336,0.32594465794560135,0.9411807136554545,1.4025058204115903,False,2.533218532233563,False
6,4pt4,10,L,expanded_s231303,True,R,0.5430440615138913,0.1264707962222968,False,0.34626526510588646,1.1575384230585994,1.1575384230585997,0.23289232897552203,0.9840051377028982,1.486804080791688,False,5.041776699037223,False
6,4pt4,10,L,expanded_s231303,True,S,0.53586163699521,0.42950701944840297,False,1.3499840077904048,0.8268350249180767,0.8268350249180767,0.8015259719968391,0.8155237202445491,1.6842673287643992,False,5.865508809364532,False
6,4pt4,10,L,expanded_s231303,True,T,0.46784087260008683,0.22377975817642287,False,0.6523378318524264,1.0094884474042225,1.0094884474042225,0.4783245143433869,0.9499226198305017,1.3637976149893003,False,6.230940507520482,False
6,4pt4,10,L,expanded_s231303,True,V,0.47355097633873755,0.15176280712122964,False,0.39293302819856835,1.0805156762230401,1.0805156762230397,0.3204782899923146,0.9769680503746845,1.226083140321272,False,5.467470492387978,False
6,4pt4,10,L,expanded_s231303,True,W,0.6310885501058905,0.061326256186805594,False,0.17209176314730495,1.3208681618740479,1.3208681618740479,0.09717535863472038,0.9962390903021103,1.7709403450127041,False,4.446551538130314,False
6,4pt4,10,L,expanded_s231303,True,Y,0.5756670688994839,0.02734925345187406,False,0.06662518255235077,1.2999044450728643,1.2999044450728645,0.047508803142341044,0.9992520183356252,1.4023755208636843,False,4.231765072540483,False
6,4pt4,17,D,restricted_s231301,True,A,0.7222039973358121,0.21394488638580184,False,0.436261167415793,1.2125549094530612,1.2125549094530612,0.29623885657658755,0.9542275855893663,1.4726669298462036,False,2.8234802788554196,False
6,4pt4,17,D,restricted_s231301,True,C,0.5323737802042365,0.19076801119233036,False,0.3429168348515764,1.0803020673279389,1.0803020673279387,0.35833472324490756,0.9636075659057229,0.9569735016084566,False,3.3764987742845904,False
6,4pt4,17,D,restricted_s231301,True,E,0.7662103307170993,0.1728794028418586,False,0.22356912525539246,1.3221543020463364,1.3221543020463367,0.2256291724493718,0.9701127120730424,0.990869765768247,False,1.6877983991014827,False
6,4pt4,17,D,restricted_s231301,True,F,0.6302378987862282,0.3690160930720157,False,1.2733804544748626,0.9320639548344593,0.9320639548344593,0.5855187283765414,0.8638271230538654,2.174790306034351,False,5.475305517255052,False
6,4pt4,17,D,restricted_s231301,True,G,0.6695769775386026,0.3036352426930971,False,0.7362266237313133,1.0417189926964423,1.041718992696442,0.4534732418806796,0.907805639394704,1.6235282608472703,False,3.6212526626398436,False
6,4pt4,17,D,restricted_s231301,True,H,0.7579016785120012,0.25962322613020516,False,0.49139693644378335,1.1808771965617422,1.1808771965617424,0.34255528585175726,0.9325957804537445,1.4345040253048034,False,2.497330570153139,False
6,4pt4,17,D,restricted_s231301,True,I,0.6875011735331893,0.2535903505679069,False,0.6406105108392967,1.1239705363852548,1.1239705363852548,0.36885806211015104,0.9356919340988461,1.7367398916930625,False,3.674412350680522,False
6,4pt4,17,D,restricted_s231301,True,K,0.659988240474764,0.24206568658153793,False,0.5244407697116256,1.116063464432445,1.1160634644324452,0.36677272674950606,0.9414042033798087,1.4298794088629214,False,3.282668420271313,False
6,4pt4,17,D,restricted_s231301,True,L,0.5880406677268372,0.25298656791688645,False,0.7791017992618982,1.048259046253091,1.048259046253091,0.43021950997852826,0.9359977964536346,1.810940185629383,False,5.237082096072272,False
6,4pt4,17,D,restricted_s231301,True,M,0.5551690674163365,0.30016655181466295,False,0.9515810762438945,0.974926324134877,0.9749263241348771,0.5406759299677621,0.9099000411716953,1.7599841670418594,False,5.7102909926776055,False
6,4pt4,17,D,restricted_s231301,True,N,1.1476219472484992,0.10218367120347253,False,0.1188842370899206,2.082499686359378,2.0824996863593777,0.08903948852534997,0.9895584973393807,1.3351855346302184,False,1.0137804881414505,False
6,4pt4,17,D,restricted_s231301,True,P,1.0408114501517638,0.030929899161093854,False,0.14893552683384037,2.0189040883692058,2.0189040883692058,0.029717101168116346,0.9990433413378846,5.011778436640858,False,4.626448589992375,False
6,4pt4,17,D,restricted_s231301,True,Q,0.6636944815795902,0.18664926614867422,False,0.30855280511486827,1.1927341890116903,1.1927341890116905,0.2812276903439813,0.9651620514461614,1.0971636709652042,False,2.4907779112627986,False
6,4pt4,17,D,restricted_s231301,True,R,0.6591179207432432,0.30140904699689336,False,0.7543122411576572,1.0371082247453067,1.0371082247453065,0.4572915369332008,0.9091525863884246,1.6495215420263591,False,3.7969226681711628,False
6,4pt4,17,D,restricted_s231301,True,S,0.4533928701650533,0.0796246990715101,False,0.13052053906308783,1.1333625530203837,1.133362553020384,0.1756196541920112,0.9936599072977715,0.74320006871432,False,3.615400122959923,False
6,4pt4,17,D,restricted_s231301,True,T,0.5053792004807007,-0.01993592072766552,False,-0.046800264102053055,1.2755585356349006,1.2755585356349006,-0.03944744997163142,0.9996025590647402,1.1863951696677328,False,4.645095441963591,False
6,4pt4,17,D,restricted_s231301,True,V,0.6676822617127879,0.19045518875274237,False,0.473350528620824,1.19147250024317,1.1914725002431696,0.28524823808284594,0.9637268210771572,1.6594336631216866,False,3.7223758240732683,False
6,4pt4,17,D,restricted_s231301,True,W,0.6985132575006394,0.4175387098391814,False,1.5064123162450749,0.904608122219393,0.9046081222193928,0.5977534504258126,0.825661425785832,2.5201231631067533,False,5.1650253758141345,False
6,4pt4,17,D,restricted_s231301,True,Y,0.6361769720331008,0.3995482763845585,False,1.1294418578960792,0.8963543144424589,0.8963543144424585,0.6280458016386197,0.8403611748381284,1.7983431382699777,False,4.443412912412084,False
6,4pt4,17,D,restricted_s231303,True,A,0.6754580164870618,0.18491344513313063,False,0.3526562694624545,1.206440994293809,1.2064409942938088,0.27376008666657464,0.9658070178089967,1.2881946150607821,False,2.8234802788554196,False
6,4pt4,17,D,restricted_s231303,True,C,0.4355183268357165,0.19924963133791712,False,0.2930019818977176,1.016122480883936,1.016122480883936,0.45749999267671876,0.9602995844117042,0.6404415007384717,False,3.3764987742845904,False
6,4pt4,17,D,restricted_s231303,True,E,0.5846590260245733,0.17865362170099017,False,0.1762929942449071,1.1329232717930757,1.1329232717930755,0.3055689106790277,0.9680828834531194,0.5769336738254986,False,1.6877983991014827,False
6,4pt4,17,D,restricted_s231303,True,F,0.47531076042112214,0.3652027428433497,False,0.9504297770625185,0.8787507321546013,0.8787507321546014,0.7683452032934884,0.8666269566196942,1.2369827689279898,False,5.475305517255052,False
6,4pt4,17,D,restricted_s231303,True,G,0.6815313048710241,0.31953455413648413,False,0.788610337760487,1.028939316255163,1.028939316255163,0.46884794851346445,0.8978976687127983,1.6820172515649592,False,3.6212526626398436,False
6,4pt4,17,D,restricted_s231303,True,H,0.6179151099631278,0.2642306242160139,False,0.40774439464102574,1.055274892684616,1.0552748926846163,0.4276163828260828,0.9301821772264156,0.9535284685452774,False,2.497330570153139,False
6,4pt4,17,D,restricted_s231303,True,I,0.5432385437959859,0.258549099412996,False,0.5160853106721331,1.0142004429358242,1.014200442935824,0.4759402703761288,0.9331523631927288,1.0843489042527927,False,3.674412350680522,False
6,4pt4,17,D,restricted_s231303,True,K,0.5130042694708528,0.20227755575356582,False,0.3406400390501323,1.0556348810559077,1.055634881055908,0.3942999460067039,0.9590837904383631,0.863910945208044,False,3.282668420271313,False
6,4pt4,17,D,restricted_s231303,True,L,0.46002358404415084,0.28478143297018943,False,0.6860900959983367,0.9496093469484747,0.9496093469484747,0.6190583327633425,0.9188995354354456,1.1082802050911404,False,5.237082096072272,False
6,4pt4,17,D,restricted_s231303,True,M,0.44978978081279575,0.2717037154976594,False,0.697852119078303,0.957891737644194,0.957891737644194,0.6040682271764275,0.926177090984767,1.1552538069089413,False,5.7102909926776055,False
6,4pt4,17,D,restricted_s231303,True,N,0.8129489090845369,0.09734403690688351,False,0.08022625757900184,1.502614471563067,1.5026144715630672,0.1197418876132115,0.9905241384786714,0.6699932594861668,False,1.0137804881414505,False
6,4pt4,17,D,restricted_s231303,True,P,0.9365775870450453,0.03184585493637862,False,0.1379889829385764,1.8175253486077192,1.8175253486077196,0.03400236710431442,0.9989858415233711,4.058216962226361,False,4.626448589992375,False
6,4pt4,17,D,restricted_s231303,True,Q,0.5476458831270269,0.2065286183927691,False,0.2817183088521349,1.0737069180845555,1.0737069180845555,0.37712073578185673,0.9573459297847741,0.7470241811765376,False,2.4907779112627986,False
6,4pt4,17,D,restricted_s231303,True,R,0.5327154802845621,0.28335987934775214,False,0.573146214199188,0.981885394494585,0.9818853944945849,0.5319159848637944,0.9197071787760274,1.0775126721298875,False,3.7969226681711628,False
6,4pt4,17,D,restricted_s231303,True,S,0.4451744338773592,0.094468505291364,False,0.15204551971121863,1.1140703498533806,1.1140703498533808,0.2122055942623809,0.9910757015080155,0.7165009963084312,False,3.615400122959923,False
6,4pt4,17,D,restricted_s231303,True,T,0.4273719300557084,0.009657501050926052,False,0.019171910813549197,1.1743920768722427,1.1743920768722427,0.022597415440146446,0.9999067326734513,0.8484116630209172,False,4.645095441963591,False
6,4pt4,17,D,restricted_s231303,True,V,0.5449290463686787,0.19772286926772886,False,0.4010671397040581,1.081457796385593,1.0814577963855927,0.3628414939253521,0.9609056669685366,1.1053508113561297,False,3.7223758240732683,False
6,4pt4,17,D,restricted_s231303,True,W,0.5551310560203976,0.35344706973315215,False,1.013426762752075,0.9157515992217622,0.9157515992217621,0.6366912207487184,0.8750751688970483,1.591708397612792,False,5.1650253758141345,False
6,4pt4,17,D,restricted_s231303,True,Y,0.5166903570690906,0.3835984315647333,False,0.8806915956957145,0.870565703935534,0.870565703935534,0.7424145357399023,0.8528522433010767,1.1862531689496125,False,4.443412912412084,False
6,4pt4,17,D,expanded_s231301,True,A,0.028427697069752,-0.03331639052244197,False,-0.0026741414862287236,1.0027023504751487,1.0027023504751487,-1.1719693804494526,0.9988900181225561,0.0022817503006803685,False,2.8234802788554196,False
6,4pt4,17,D,expanded_s231301,True,C,0.02599565472458932,0.045488410898265254,False,0.003992713257051026,0.998310772017197,0.998310772017197,1.7498467101595143,0.9979308044739507,0.0022817503006803685,False,3.3764987742845904,False
6,4pt4,17,D,expanded_s231301,True,E,0.03676831882794658,-0.03622042960904836,False,-0.0022477496601884693,1.004015437877335,1.004015437877335,-0.9850988776108582,0.998688080478936,0.0022817503006803685,False,1.6877983991014827,False
6,4pt4,17,D,expanded_s231301,True,F,0.020414083154827775,0.0581620338044433,False,0.006500964903245486,0.9980420856019765,0.9980420856019767,2.849113201083852,0.9966171778237307,0.0022817503006803685,False,5.475305517255052,False
6,4pt4,17,D,expanded_s231301,True,G,0.025101787252835975,0.005557851346685708,False,0.0005052082090291857,1.0003510757191119,1.0003510757191119,0.2214125747583088,0.9999691102884082,0.0022817503006803685,False,3.6212526626398436,False
6,4pt4,17,D,expanded_s231301,True,H,0.030227069285070872,0.015077770037311783,False,0.0011381753881517579,1.0000021621183999,1.0000021621184005,0.49881680208933404,0.9997726608507018,0.0022817503006803685,False,2.497330570153139,False
6,4pt4,17,D,expanded_s231301,True,I,0.024919545214557522,0.034537621625345724,False,0.0031624264347481076,0.9988996600863081,0.9988996600863084,1.3859651662169785,0.9988071526924645,0.0022817503006803685,False,3.674412350680522,False
6,4pt4,17,D,expanded_s231301,True,K,0.02636456132687042,-0.05954120215033661,False,-0.0051530596024344354,1.0038346454450946,1.0038346454450948,-2.2583801570653477,0.9964548452464929,0.0022817503006803685,False,3.282668420271313,False
6,4pt4,17,D,expanded_s231301,True,L,0.020873215998124563,0.021951687822001152,False,0.0023996431739504395,0.9995192865032402,0.9995192865032404,1.0516677364893599,0.9995181234017654,0.0022817503006803685,False,5.237082096072272,False
6,4pt4,17,D,expanded_s231301,True,M,0.019989638402552617,0.06752592259260733,False,0.007707857995056372,0.9976999480926149,0.9976999480926152,3.378046227388709,0.9954402497780173,0.0022817503006803685,False,5.7102909926776055,False
6,4pt4,17,D,expanded_s231301,True,N,0.04744190222044883,0.01680810440343457,False,0.0008083971232475811,1.000655917195057,1.000655917195057,0.35428816334834473,0.9997174876263633,0.0022817503006803685,False,1.0137804881414505,False
6,4pt4,17,D,expanded_s231301,True,P,0.022208037797521844,-0.047792236537053744,False,-0.004910382046484915,1.002615940533702,1.0026159405337023,-2.1520242793528923,0.9977159021267863,0.0022817503006803685,False,4.626448589992375,False
6,4pt4,17,D,expanded_s231301,True,Q,0.030266803373150176,-0.02738707768565685,False,-0.0020646538708953893,1.0025739179769828,1.002573917976983,-0.9048553079097893,0.9992499479758398,0.0022817503006803685,False,2.4907779112627986,False
6,4pt4,17,D,expanded_s231301,True,R,0.02451422580995063,-0.04063557040500314,False,-0.0037823028028198184,1.00259324636471,1.0025932463647098,-1.657632214047268,0.99834875041786,0.0022817503006803685,False,3.7969226681711628,False
6,4pt4,17,D,expanded_s231301,True,S,0.02512209618069569,-0.039320112910389,False,-0.0035713054679333534,1.0026067270332533,1.0026067270332533,-1.565160511589926,0.9984539287207143,0.0022817503006803685,False,3.615400122959923,False
6,4pt4,17,D,expanded_s231301,True,T,0.022163418001624975,-0.03746151135778364,False,-0.0038567072460708365,1.002151767367905,1.002151767367905,-1.6902407090385174,0.9985966351667906,0.0022817503006803685,False,4.645095441963591,False
6,4pt4,17,D,expanded_s231301,True,V,0.02475847830617553,0.03858590798902937,False,0.003556091213167655,0.9987023255162965,0.9987023255162966,1.5584927115413574,0.9985111277046621,0.0022817503006803685,False,3.7223758240732683,False
6,4pt4,17,D,expanded_s231301,True,W,0.021018311706545646,0.03589274270064234,False,0.0038965202149860837,0.9989329597188237,0.9989329597188237,1.707689142770892,0.9987117110214254,0.0022817503006803685,False,5.1650253758141345,False
6,4pt4,17,D,expanded_s231301,True,Y,0.022660825256437714,0.03467983297097302,False,0.003491961056739644,0.9989417657315476,0.9989417657315474,1.530387026002984,0.9987973091851053,0.0022817503006803685,False,4.443412912412084,False
6,4pt4,17,D,expanded_s231303,True,A,0.5746159494957358,0.2935629178520156,False,0.47628141016675,0.9928116198583367,0.9928116198583365,0.5108854324521218,0.9138208132622108,0.9322665707665979,False,2.8234802788554196,False
6,4pt4,17,D,expanded_s231303,True,C,0.4865960717028658,0.13518358186739748,False,0.22210541371949824,1.1052161372058638,1.1052161372058638,0.27781478258613185,0.9817253991935007,0.7994729857495547,False,3.3764987742845904,False
6,4pt4,17,D,expanded_s231303,True,E,0.5272712357297198,0.20926328139238914,False,0.18622915880323446,1.0573379380827037,1.0573379380827037,0.39687975981238227,0.9562088790608897,0.4692331977102358,False,1.6877983991014827,False
6,4pt4,17,D,expanded_s231303,True,F,0.4997796506420262,0.371455074253566,False,1.0164668555978893,0.8784883247165556,0.8784883247165556,0.7432376924038182,0.8620211278112778,1.367620165105431,False,5.475305517255052,False
6,4pt4,17,D,expanded_s231303,True,G,0.6290312809183747,0.3937872346666243,False,0.8970005390052082,0.9002713751105086,0.9002713751105086,0.6260217045036327,0.8449316138136129,1.4328585295879355,False,3.6212526626398436,False
6,4pt4,17,D,expanded_s231303,True,H,0.5838255583331554,0.31627193554540683,False,0.4611261944676158,0.9715570038532109,0.9715570038532113,0.5417233470360144,0.899972062786362,0.8512208251511072,False,2.497330570153139,False
6,4pt4,17,D,expanded_s231303,True,I,0.5615957948206195,0.3007731778194768,False,0.6206558364978678,0.977563933043698,0.9775639330436978,0.5355687855810022,0.9095354955043734,1.1588723114708048,False,3.674412350680522,False
6,4pt4,17,D,expanded_s231303,True,K,0.5539312017706542,0.2812271450155042,False,0.5113756963598984,0.9952787954771447,0.9952787954771449,0.5076932733100338,0.9209112929064285,1.0072532437269774,False,3.282668420271313,False
6,4pt4,17,D,expanded_s231303,True,L,0.4083458958409659,0.25506314060008184,False,0.5454629786896793,0.9584383973614597,0.9584383973614597,0.6246252091619369,0.9349427943072228,0.873264432316989,False,5.237082096072272,False
6,4pt4,17,D,expanded_s231303,True,M,0.43227037963709747,0.29651837291006494,False,0.7319228842807044,0.9305054618571839,0.930505461857184,0.6859557972928889,0.9120768545267677,1.067011733364196,False,5.7102909926776055,False
6,4pt4,17,D,expanded_s231303,True,N,0.7478979764484963,0.14727782073740908,False,0.11166668811841027,1.3390538149652502,1.3390538149652507,0.19692234151612428,0.9783092435188395,0.5670595182785131,False,1.0137804881414505,False
6,4pt4,17,D,expanded_s231303,True,P,0.5893058856701361,0.10177494526319594,False,0.27747853740552364,1.2273282783707489,1.2273282783707489,0.17270308635635187,0.9896418605166735,1.6066796677447925,False,4.626448589992375,False
6,4pt4,17,D,expanded_s231303,True,Q,0.5443519011022178,0.23494357202080016,False,0.3185505190140851,1.0405350320710618,1.040535032071062,0.4316023725554744,0.9448015179661071,0.7380648005431003,False,2.4907779112627986,False
6,4pt4,17,D,expanded_s231303,True,R,0.5515207668507854,0.3653918130608134,False,0.7651603096534612,0.9011328103870812,0.9011328103870809,0.6625168715717111,0.8664888229481316,1.154929545927254,False,3.7969226681711628,False
6,4pt4,17,D,expanded_s231303,True,S,0.453010668400496,0.0962658719209049,False,0.15766567229272,1.117999731718573,1.117999731718573,0.21250243898406057,0.9907328819033079,0.741947589150006,False,3.615400122959923,False
6,4pt4,17,D,expanded_s231303,True,T,0.4337339884649224,-0.010938210122335217,False,-0.02203760322434326,1.1976137197557453,1.1976137197557453,-0.025218706426600068,0.9998803555593195,0.8738593824581954,False,4.645095441963591,False
6,4pt4,17,D,expanded_s231303,True,V,0.4798387892351573,0.24367343655016546,False,0.43523494713334254,0.996397330128659,0.996397330128659,0.5078235482766422,0.9406232563198325,0.8570594030354884,False,3.7223758240732683,False
6,4pt4,17,D,expanded_s231303,True,W,0.342623259880307,0.33130792465444275,False,0.5863016635444737,0.8903630958724398,0.8903630958724398,0.9669744102317596,0.8902350590611662,0.6063259351443973,False,5.1650253758141345,False
6,4pt4,17,D,expanded_s231303,True,Y,0.4840677968549124,0.34709571027341507,False,0.7465727098435115,0.8982859204122828,0.8982859204122825,0.7170394571350686,0.8795245679097936,1.0411877650728498,False,4.443412912412084,False
10,6zrw,80,P,restricted_s231301,True,A,0.10919448336466715,0.0844201465288536,False,2.374315160619577,0.9934870066257012,0.9934870066257013,0.7731173217507986,0.992873238860047,3.0710929555202715,False,257.56779860066996,False
10,6zrw,80,P,restricted_s231301,True,C,0.08493649973435163,0.05641907326795811,False,0.8003288048714456,0.997630131783851,0.9976301317838511,0.6642500390811377,0.9968168881715848,1.2048607569200098,False,167.01217819868256,False
10,6zrw,80,P,restricted_s231301,True,D,0.07806917564864863,0.11349346898782185,False,2.568953443943245,0.98837411305569,0.98837411305569,1.4537551862799314,0.9871192324971104,1.7671155832757757,False,289.93842110777587,False
10,6zrw,80,P,restricted_s231301,True,E,0.08568809751802281,0.10319717292521186,False,2.2509526618982787,0.9896569112218585,0.9896569112218585,1.2043349766693834,0.989350343500244,1.8690420070031852,False,254.5529070926598,False
10,6zrw,80,P,restricted_s231301,True,F,0.1460735191100205,0.12520537322418313,False,3.356245683793145,0.9847590940285055,0.9847590940285058,0.857139432164157,0.984323614515793,3.9156356105553267,False,183.50980986707881,False
10,6zrw,80,P,restricted_s231301,True,G,0.0831149644926914,0.15128755048680032,False,3.4575325112647004,0.9817595785488279,0.9817595785488281,1.820220358755054,0.9771120770677039,1.8995131521490571,False,274.96907808882264,False
10,6zrw,80,P,restricted_s231301,True,H,0.11053226845535659,0.12202019462443035,False,3.2999911489043874,0.9852430445514823,0.9852430445514824,1.103932782070004,0.9851110721038162,2.9893044236955397,False,244.6763417230416,False
10,6zrw,80,P,restricted_s231301,True,I,0.1353991126864215,0.09632032679878563,False,2.7744987363690536,0.9922495461518268,0.9922495461518268,0.7113807829882856,0.9907223946453751,3.900159805715109,False,212.74078903284345,False
10,6zrw,80,P,restricted_s231301,True,K,0.09665410482989444,0.1044192603335768,False,2.357363248891886,0.9891569157113851,0.9891569157113851,1.0803396350041066,0.9890966180713887,2.1820575423791846,False,233.5745889261281,False
10,6zrw,80,P,restricted_s231301,True,L,0.13576529087328604,0.10639563153299185,False,2.8210899286057627,0.9895425464804608,0.9895425464804606,0.7836732853339828,0.9886799695906958,3.599829139771533,False,195.30096056596946,False
10,6zrw,80,P,restricted_s231301,True,M,0.12488082103608285,0.11406211953718154,False,3.2485993126840804,0.9871068771888081,0.987106877188808,0.9133677901126597,0.9869898328866857,3.556726378848307,False,228.06517005851813,False
10,6zrw,80,P,restricted_s231301,True,N,0.0901101584570344,0.11542645114707817,False,2.543473681426175,0.987317649051159,0.9873176490511594,1.2809482651405488,0.9866767343755912,1.985617804125055,False,244.53901104280277,False
10,6zrw,80,P,restricted_s231301,True,Q,0.10953600409187089,0.10417796517261614,False,2.1991532538161294,0.9891756601535533,0.9891756601535535,0.9510842214514159,0.9891469515724932,2.312259213448079,False,192.71820025763418,False
10,6zrw,80,P,restricted_s231301,True,R,0.11395618313143338,0.10012649055743011,False,2.6986984848124633,0.9901659462853443,0.9901659462853445,0.8786402615990345,0.9899746858886529,3.0714486949426956,False,236.5197854487888,False
10,6zrw,80,P,restricted_s231301,True,S,0.06788722494534269,0.08648053534071509,False,1.519692320791098,0.992866828198642,0.992866828198642,1.2738852620701797,0.9925211170071834,1.1929585544631072,False,258.85064015527666,False
10,6zrw,80,P,restricted_s231301,True,T,0.07484101917028353,0.10155738907390605,False,1.9721070389833044,0.9903998611453186,0.9903998611453184,1.3569749610549202,0.9896860967244914,1.4533112957737826,False,259.46528689823356,False
10,6zrw,80,P,restricted_s231301,True,V,0.10488168442803059,0.06338762808200651,False,1.5299831014571694,0.9977037653181842,0.9977037653181842,0.6043727122394079,0.9959820086061372,2.5315224702784116,False,230.13489728238812,False
10,6zrw,80,P,restricted_s231301,True,W,0.1291057377952015,0.10485650066734437,False,3.1353092204716093,0.9895931397690823,0.9895931397690824,0.8121753723577853,0.9890051142677991,3.8603845021422547,False,231.6004909569554,False
10,6zrw,80,P,restricted_s231301,True,Y,0.1314514287784707,0.08943656498800442,False,2.272633715985005,0.9937663496224779,0.9937663496224778,0.6803772756150708,0.9920011008431464,3.340255175234228,False,193.30764219323743,False
10,6zrw,80,P,restricted_s231303,True,A,0.10526841378893437,0.09648544245616479,False,2.6160825129171275,0.9907676999794703,0.9907676999794705,0.916565938284397,0.9906905593940382,2.854221833525517,False,257.56779860066996,False
10,6zrw,80,P,restricted_s231303,True,C,0.088152753862574,0.07616498490972708,False,1.1213453452961315,0.9943426016781678,0.9943426016781679,0.8640114071588134,0.994198895073701,1.2978362739255105,False,167.01217819868256,False
10,6zrw,80,P,restricted_s231303,True,D,0.09994674635109536,0.128606110071624,False,3.726799535692561,0.9842818275811108,0.9842818275811107,1.2867463400944874,0.9834604684522453,2.8962969775526215,False,289.93842110777587,False
10,6zrw,80,P,restricted_s231303,True,E,0.09463495091031683,0.10262753162305231,False,2.4722563773709667,0.9895314710994091,0.9895314710994091,1.0844569647456133,0.9894675897529595,2.279718290112966,False,254.5529070926598,False
10,6zrw,80,P,restricted_s231303,True,F,0.11597875343525055,0.12254017758984591,False,2.60805188570844,0.9850269571631856,0.9850269571631858,1.0565743634954528,0.984983904876249,2.4684035273014313,False,183.50980986707881,False
10,6zrw,80,P,restricted_s231303,True,G,0.10612866505500901,0.13554759740530195,False,3.955563703403733,0.9824923224182813,0.9824923224182815,1.2772006256278114,0.9816268488376501,3.097057442685925,False,274.96907808882264,False
10,6zrw,80,P,restricted_s231303,True,H,0.10089655213854104,0.12832589304064254,False,3.167981227781324,0.9842848339176453,0.9842848339176453,1.27185607754404,0.9835324651753216,2.4908331089620694,False,244.6763417230416,False
10,6zrw,80,P,restricted_s231303,True,I,0.10805434319885293,0.09941441489950067,False,2.2852954467736124,0.9901914224712078,0.9901914224712078,0.9200408975375275,0.99011677411019,2.4839063707821722,False,212.74078903284345,False
10,6zrw,80,P,restricted_s231303,True,K,0.10620032445140139,0.09514703146710918,False,2.3601884451592943,0.9910692176887935,0.9910692176887935,0.8959203463700307,0.990947042402997,2.634373083189803,False,233.5745889261281,False
10,6zrw,80,P,restricted_s231303,True,L,0.11415354914285714,0.10332274030225383,False,2.303507941770688,0.9894417177565747,0.9894417177565747,0.9051206999525777,0.9893244113364329,2.5449732194737966,False,195.30096056596946,False
10,6zrw,80,P,restricted_s231303,True,M,0.09723418672896507,0.1043048139516608,False,2.313035530809912,0.9891704995558317,0.9891704995558316,1.0727175025632156,0.9891205057865095,2.156239201171796,False,228.06517005851813,False
10,6zrw,80,P,restricted_s231303,True,N,0.12081495936614006,0.16219579379330537,False,4.791907776665955,0.975404897933648,0.9754048979336483,1.3425141608644435,0.9736925244757596,3.569353617529405,False,244.53901104280277,False
10,6zrw,80,P,restricted_s231303,True,Q,0.10724103684889587,0.10775656777758223,False,2.227037271773717,0.9883887878729338,0.9883887878729339,1.0048072169370459,0.9883885221007953,2.2163826396096113,False,192.71820025763418,False
10,6zrw,80,P,restricted_s231303,True,R,0.12790839181915023,0.11030937785839127,False,3.337174759622761,0.9881415664488857,0.9881415664488857,0.8624092312438559,0.9878318411564947,3.8695953599772372,False,236.5197854487888,False
10,6zrw,80,P,restricted_s231303,True,S,0.07704975899272257,0.119794158125296,False,2.389220144235575,0.9874764433362563,0.9874764433362563,1.5547635669647024,0.9856493596790515,1.5367096290402187,False,258.85064015527666,False
10,6zrw,80,P,restricted_s231303,True,T,0.06812212942278392,0.10305289613904908,False,1.821493725644472,0.9906002590607406,0.9906002590607406,1.5127668059152348,0.9893801005973544,1.204080971714907,False,259.46528689823356,False
10,6zrw,80,P,restricted_s231303,True,V,0.08849172088360711,0.07958537149435935,False,1.620758724431383,0.9937454917035482,0.9937454917035481,0.8993538683583487,0.9936661686441048,1.80213682450698,False,230.13489728238812,False
10,6zrw,80,P,restricted_s231303,True,W,0.12128728156620441,0.12166006041115368,False,3.417454693838678,0.9851989686648217,0.9851989686648218,1.0030735196645146,0.9851988297007545,3.4069832637807753,False,231.6004909569554,False
10,6zrw,80,P,restricted_s231303,True,Y,0.12193553548661533,0.09663115424080505,False,2.277699784327232,0.9913027317403231,0.991302731740323,0.7924773845062756,0.9906624200300898,2.8741511478542328,False,193.30764219323743,False
10,6zrw,80,P,expanded_s231301,True,A,0.0029763792978811285,0.07621629891146658,False,0.05842889818572083,0.9995551616052423,0.9995551616052425,25.607051818202283,0.9941910757802379,0.002281750300680368,False,257.56779860066996,False
10,6zrw,80,P,expanded_s231301,True,C,0.003696238515215961,0.07494234282042245,False,0.046263170669384984,0.9994596526312546,0.9994596526312547,20.275299473211557,0.9943836452525863,0.002281750300680368,False,167.01217819868256,False
10,6zrw,80,P,expanded_s231301,True,D,0.0028053120256359204,0.07164463890189611,False,0.05827343798573729,0.9996058986413934,0.9996058986413932,25.538919823243333,0.9948670457166169,0.002281750300680368,False,289.93842110777587,False
10,6zrw,80,P,expanded_s231301,True,E,0.002993953339439402,0.07645560217311989,False,0.05826830730764829,0.9995511547457087,0.9995511547457085,25.536671252009455,0.9941545408963457,0.002281750300680368,False,254.5529070926598,False
10,6zrw,80,P,expanded_s231301,True,F,0.003526179494523144,0.07500917240444632,False,0.04853757500248194,0.9994834423305602,0.9994834423305602,21.272080029093935,0.9943736240552,0.002281750300680368,False,183.50980986707881,False
10,6zrw,80,P,expanded_s231301,True,G,0.002880660844065924,0.07635205307727078,False,0.06047790055726499,0.999568409467571,0.9995684094675712,26.505047699229756,0.9941703639908855,0.002281750300680368,False,274.96907808882264,False
10,6zrw,80,P,expanded_s231301,True,H,0.0030537822676226733,0.0726126899185801,False,0.05425535042611704,0.9995658388963825,0.9995658388963825,23.77795256998072,0.9947273972627881,0.002281750300680368,False,244.6763417230416,False
10,6zrw,80,P,expanded_s231301,True,I,0.0032749801752982514,0.0637821448133212,False,0.044438414987529075,0.9995929549755453,0.9995929549755453,19.475581957534313,0.9959318380030125,0.002281750300680368,False,212.74078903284345,False
10,6zrw,80,P,expanded_s231301,True,K,0.0031255126546104127,0.07980332027469242,False,0.05825964254646999,0.9995109162545571,0.9995109162545571,25.532873833345494,0.9936314300731349,0.002281750300680368,False,233.5745889261281,False
10,6zrw,80,P,expanded_s231301,True,L,0.003418077209225184,0.0692141342847252,False,0.046204155742667626,0.9995385247418984,0.9995385247418984,20.249435588500003,0.995209403615216,0.002281750300680368,False,195.30096056596946,False
10,6zrw,80,P,expanded_s231301,True,M,0.003163039210094773,0.0808584444010087,False,0.058329589856402804,0.9994984879568293,0.9994984879568292,25.563528944867542,0.993461911969049,0.002281750300680368,False,228.06517005851813,False
10,6zrw,80,P,expanded_s231301,True,N,0.003054639634165589,0.07310940310566955,False,0.054611156305673966,0.9995626850625812,0.9995626850625812,23.93388807241095,0.9946550151775326,0.002281750300680368,False,244.53901104280277,False
10,6zrw,80,P,expanded_s231301,True,Q,0.0034409050811826697,0.08630677306181103,False,0.05723218186444505,0.99941789299984,0.9994178929998401,25.08257886385713,0.992551140923657,0.002281750300680368,False,192.71820025763418,False
10,6zrw,80,P,expanded_s231301,True,R,0.0031059919087012455,0.07778207208916664,False,0.05714093004550358,0.999526466212635,0.9995264662126352,25.04258683715979,0.9939499492615157,0.002281750300680368,False,236.5197854487888,False
10,6zrw,80,P,expanded_s231301,True,S,0.002968994797115321,0.07535833061437508,False,0.05791485175561327,0.9995613379470785,0.9995613379470785,25.381765804235602,0.9943211220070145,0.002281750300680368,False,258.85064015527666,False
10,6zrw,80,P,expanded_s231301,True,T,0.00296547608941838,0.06323534205993175,False,0.04865568172130307,0.999633748258667,0.999633748258667,21.323841485545113,0.9960012915145634,0.002281750300680368,False,259.46528689823356,False
10,6zrw,80,P,expanded_s231301,True,V,0.003148783627077159,0.062191449045638725,False,0.04506672238109826,0.9996182600053319,0.9996182600053318,19.750943987017486,0.9961322236656037,0.002281750300680368,False,230.13489728238812,False
10,6zrw,80,P,expanded_s231301,True,W,0.0031388048888190663,0.0781592347111481,False,0.056817758229696036,0.9995191989200947,0.9995191989200948,24.900953541127713,0.9938911340293677,0.002281750300680368,False,231.6004909569554,False
10,6zrw,80,P,expanded_s231301,True,Y,0.0034356549984154894,0.07151939979741136,False,0.047498777399792795,0.9995203717584729,0.9995203717584726,20.81681654019272,0.994884975452618,0.002281750300680368,False,193.30764219323743,False
10,6zrw,80,P,expanded_s231303,True,A,0.060527707683976396,0.11336766981332114,False,1.767400659876234,0.9899398330389284,0.9899398330389285,1.8729879942790755,0.9871477714410978,0.9436262620340593,False,257.56779860066996,False
10,6zrw,80,P,expanded_s231303,True,C,0.055217151212593546,0.0861889306638187,False,0.7948288626449856,0.9935307193534028,0.9935307193534028,1.5609086809274093,0.9925714682310274,0.509209073123189,False,167.01217819868256,False
10,6zrw,80,P,expanded_s231303,True,D,0.058645839747318136,0.1250731514041226,False,2.126704115836419,0.9887692945317916,0.9887692945317914,2.1326858297709372,0.9843567067978414,0.9971952202940454,False,289.93842110777587,False
10,6zrw,80,P,expanded_s231303,True,E,0.07233814160458549,0.1417908440451791,False,2.6109201884161397,0.9847190344212573,0.9847190344212574,1.9601117875025842,0.9798953565449556,1.3320261655804657,False,254.5529070926598,False
10,6zrw,80,P,expanded_s231303,True,F,0.09536065473672413,0.15007980241127486,False,2.6263388544532815,0.980470238030422,0.9804702380304218,1.5738126256119125,0.9774760529081927,1.668774803119995,False,183.50980986707881,False
10,6zrw,80,P,expanded_s231303,True,G,0.08093088616106213,0.1525425420646341,False,3.3946041108434724,0.9818590021217111,0.9818590021217111,1.8848495216159653,0.9767307728604594,1.8009947594825115,False,274.96907808882264,False
10,6zrw,80,P,expanded_s231303,True,H,0.0809734627210528,0.15259927509384272,False,3.0233411888852806,0.9818437182388957,0.9818437182388959,1.8845590884452508,0.9767134612408337,1.6042697771708065,False,244.6763417230416,False
10,6zrw,80,P,expanded_s231303,True,I,0.08339898149224471,0.12164813851876559,False,2.158325690643612,0.9866647284081587,0.9866647284081586,1.4586285868500404,0.9852017303949193,1.4796951808716379,False,212.74078903284345,False
10,6zrw,80,P,expanded_s231303,True,K,0.08593835183994249,0.14059412780692288,False,2.822148065061978,0.9832205450727634,0.9832205450727635,1.6359881798614784,0.9802332912262106,1.7250418430901704,False,233.5745889261281,False
10,6zrw,80,P,expanded_s231303,True,L,0.0965311183387586,0.142453765414108,False,2.6856267263045526,0.9818158142337494,0.9818158142337494,1.4757289448796411,0.9797069247193424,1.81986450535033,False,195.30096056596946,False
10,6zrw,80,P,expanded_s231303,True,M,0.07236719425632739,0.14364098844111556,False,2.3707135674569946,0.9844472201771549,0.9844472201771548,1.9848909428812958,0.9793672664396592,1.1943797597341208,False,228.06517005851813,False
10,6zrw,80,P,expanded_s231303,True,N,0.06071932667888385,0.12682829162736844,False,1.8831774325189958,0.9882849796894433,0.9882849796894434,2.0887631428804214,0.9839145844428832,0.9015753839480712,False,244.53901104280277,False
10,6zrw,80,P,expanded_s231303,True,Q,0.08163331607138856,0.1324400718202104,False,2.0835771087966335,0.985040953805978,0.9850409538059781,1.6223777030494655,0.9824596273762575,1.284273757510526,False,192.71820025763418,False
10,6zrw,80,P,expanded_s231303,True,R,0.08412388005774492,0.11910453105825876,False,2.369818335923434,0.9870377566258121,0.9870377566258122,1.4158230811096941,0.9858141106813922,1.6738096500489434,False,236.5197854487888,False
10,6zrw,80,P,expanded_s231303,True,S,0.050627049545435135,0.10288770037410545,False,1.3483272818536352,0.9921452967367643,0.9921452967367643,2.032267360983956,0.9894141211117282,0.6634595957890206,False,258.85064015527666,False
10,6zrw,80,P,expanded_s231303,True,T,0.04990027658480051,0.11904734916337337,False,1.5413524081292995,0.9906090463033601,0.9906090463033603,2.3857051966648792,0.9858277286571738,0.64607832111195,False,259.46528689823356,False
10,6zrw,80,P,expanded_s231303,True,V,0.05630299492170556,0.1139164879575051,False,1.476048281393617,0.9903423483512137,0.9903423483512137,2.023275815361445,0.9870230337714276,0.7295338926047168,False,230.13489728238812,False
10,6zrw,80,P,expanded_s231303,True,W,0.08685114146642005,0.16257766038644073,False,3.2702117586953467,0.9793030100110154,0.9793030100110156,1.8719116138421672,0.9735685043432711,1.7469904746106668,False,231.6004909569554,False
10,6zrw,80,P,expanded_s231303,True,Y,0.0962758143827913,0.15324749098011722,False,2.8520661714966433,0.9797609784426091,0.9797609784426092,1.5917548136316702,0.9765152065082988,1.791774805435963,False,193.30764219323743,False
10,6zrw,45,T,restricted_s231301,True,A,0.37593451558224955,0.11070386823702585,False,2.0522278044130275,1.0580919498485255,1.0580919498485257,0.29447646770493274,0.9877446535573592,6.9690723350749115,False,49.311767529207145,False
10,6zrw,45,T,restricted_s231301,True,C,0.213477109843527,0.09398671454247622,False,1.6651872576518087,1.0054444520587125,1.0054444520587127,0.4402660060901422,0.991166497489511,3.782229912410885,False,82.99373237830008,False
10,6zrw,45,T,restricted_s231301,True,D,0.3422993412368638,0.06773311431370134,False,1.6301333607417834,1.0707988381921887,1.0707988381921887,0.1978768468234693,0.9954122252253671,8.238120765063861,False,70.30982669613233,False
10,6zrw,45,T,restricted_s231301,True,E,0.3541682208767891,0.06589224347686251,False,1.6036117275420263,1.078761251395469,1.0787612513954687,0.18604787101942055,0.995658212249586,8.619350056280052,False,68.7155994261838,False
10,6zrw,45,T,restricted_s231301,True,F,0.22214172494870493,0.19274481219630224,False,7.182100337199662,0.9637136158507847,0.9637136158507845,0.8676659562304616,0.9628494373714122,8.27749468055886,False,167.74076934232275,False
10,6zrw,45,T,restricted_s231301,True,G,0.16588070508021596,0.23649376902899083,False,11.263843856669855,0.949056902010696,0.9490569020106961,1.42568581990671,0.9440706972104623,7.900649427380085,False,287.1250250432501,False
10,6zrw,45,T,restricted_s231301,True,H,0.5161390739918976,0.10131413468900119,False,2.014999776202419,1.1618151763798708,1.1618151763798705,0.1962923169242397,0.9897354461122189,10.265301300509492,False,38.533479291626605,False
10,6zrw,45,T,restricted_s231301,True,I,0.1950343000450144,0.22777188917005006,False,10.10526899957482,0.949191716245626,0.949191716245626,1.167855547037007,0.9481199665039064,8.652841548094822,False,227.4766159575279,False
10,6zrw,45,T,restricted_s231301,True,K,0.3543716310760647,0.03732263231732375,False,1.0617924755020887,1.099127088730826,1.0991270887308258,0.10532059861561711,0.9986070211169059,10.081527160486955,False,80.28019698119172,False
10,6zrw,45,T,restricted_s231301,True,L,0.34419040242521554,0.1983300128140609,False,6.404567160379511,0.9819404592746922,0.9819404592746922,0.5762217987968254,0.9606652060171743,11.114760277643969,False,93.82154667646893,False
10,6zrw,45,T,restricted_s231301,True,M,0.3630753520689217,0.08733673145120877,False,2.057269263725556,1.0684040822395784,1.0684040822395782,0.24054712321708316,0.9923722953394194,8.552458396556924,False,64.87799739147789,False
10,6zrw,45,T,restricted_s231301,True,N,0.39261893904846257,0.11800128920771372,False,2.343373392767859,1.0614905493493736,1.0614905493493738,0.30054915204472177,0.9860756957453175,7.796972231747187,False,50.580544150613456,False
10,6zrw,45,T,restricted_s231301,True,P,0.30036183659076837,0.22963880390832506,False,14.415756926390673,0.9522677670913559,0.9522677670913559,0.7645405505400449,0.9472660197395538,18.85545104992519,False,209.0005473230126,False
10,6zrw,45,T,restricted_s231301,True,Q,0.3861389850811418,0.11223889534327516,False,2.1253805555408753,1.0624236895305328,1.0624236895305328,0.290669680295787,0.9874024303721214,7.3120132563467815,False,49.0399104616799,False
10,6zrw,45,T,restricted_s231301,True,R,0.3176757563197423,0.058245000380539654,False,1.5618541999458533,1.063911837057857,1.063911837057857,0.18334732576166676,0.996607519930671,8.518554570990078,False,84.41075111351617,False
10,6zrw,45,T,restricted_s231301,True,S,0.3262225279969758,0.0807944500020534,False,1.0954955471197059,1.0537071983171473,1.0537071983171475,0.24766667862619957,0.9934722568488656,4.423265790926702,False,41.563789708512466,False
10,6zrw,45,T,restricted_s231301,True,V,0.44212847006683975,0.03771957107728852,False,0.8538827384070766,1.1621237915396865,1.1621237915396863,0.08531359917081609,0.9985772339577454,10.008752962085454,False,51.20153807431339,False
10,6zrw,45,T,restricted_s231301,True,W,0.3972434787360124,0.13148627562128204,False,3.656310414042561,1.0533382503306083,1.0533382503306083,0.3309966875722108,0.9827113593232442,11.04636557199653,False,70.00126027322628,False
10,6zrw,45,T,restricted_s231301,True,Y,0.24206539280788683,0.17012720508298962,False,5.82126866814897,0.9762318369437929,0.9762318369437931,0.702815066249514,0.9710567340906505,8.282788670444209,False,141.3549990341527,False
10,6zrw,45,T,restricted_s231303,True,A,0.32397404636601185,0.10479342912787035,False,1.6741518292194428,1.0370584801845146,1.0370584801845149,0.32346242022572164,0.989018337211622,5.175722818283404,False,49.311767529207145,False
10,6zrw,45,T,restricted_s231303,True,C,0.22209168686119402,0.07547833025233755,False,1.3912330392082253,1.015798497998435,1.015798497998435,0.3398521183708738,0.9943030216623191,4.093642393277657,False,82.99373237830008,False
10,6zrw,45,T,restricted_s231303,True,D,0.3451536750538926,0.07607207676241849,False,1.8460939627119783,1.066617945676147,1.0666179456761473,0.22040059909702694,0.9942130391370528,8.376084140766208,False,70.30982669613233,False
10,6zrw,45,T,restricted_s231303,True,E,0.3671861533767931,0.08681263042471175,False,2.1904056470165103,1.0710728795713036,1.0710728795713038,0.2364267541854384,0.9924635671987424,9.264626816720128,False,68.7155994261838,False
10,6zrw,45,T,restricted_s231303,True,F,0.1955902180414546,0.15117189707598983,False,4.959716178416245,0.9791200447718374,0.9791200447718376,0.7729011122833838,0.9771470575344464,6.4170126030272385,False,167.74076934232275,False
10,6zrw,45,T,restricted_s231303,True,G,0.13312429642825185,0.20257874458027883,False,7.743231560579703,0.9637857726123807,0.9637857726123809,1.5217263115411837,0.9589618522442782,5.0884521755672765,False,287.1250250432501,False
10,6zrw,45,T,restricted_s231303,True,H,0.44286846102062183,0.10593864297642236,False,1.8078707694710803,1.1022987062116114,1.1022987062116114,0.23921017706313794,0.9887770039243141,7.557666616307486,False,38.533479291626605,False
10,6zrw,45,T,restricted_s231303,True,I,0.15725979372884735,0.19110781863554488,False,6.836485797429672,0.964623490446448,0.964623490446448,1.2152363557404853,0.9634778016563637,5.625642917228202,False,227.4766159575279,False
10,6zrw,45,T,restricted_s231303,True,K,0.28746694121083666,0.07273736604261863,False,1.6786258537117935,1.0408180660331057,1.0408180660331054,0.25302862908772145,0.994709275581182,6.634134088952589,False,80.28019698119172,False
10,6zrw,45,T,restricted_s231303,True,L,0.30075117844282306,0.1757143482212238,False,4.958121348514556,0.9847586767410555,0.9847586767410554,0.5842515701218759,0.9691244678291906,8.486278175478901,False,93.82154667646893,False
10,6zrw,45,T,restricted_s231303,True,M,0.29306398188065247,0.06921274314043883,False,1.3159698647182487,1.0453189732725037,1.0453189732725032,0.23616939446562585,0.9952095961869757,5.572143959194452,False,64.87799739147789,False
10,6zrw,45,T,restricted_s231303,True,N,0.4063059585534204,0.1261895678363672,False,2.593344077943061,1.0625413853176198,1.0625413853176198,0.31057769441935473,0.984076192969271,8.350065457184511,False,50.580544150613456,False
10,6zrw,45,T,restricted_s231303,True,P,0.26692740024736794,0.22214227238391068,False,12.392867037756632,0.9526585184978587,0.9526585184978587,0.8322198177408772,0.9506528108201124,14.891338530483443,False,209.0005473230126,False
10,6zrw,45,T,restricted_s231303,True,Q,0.3609845110523244,0.11401825625676314,False,2.0184250674958606,1.0479921682479132,1.0479921682479132,0.3158535969434885,0.986999837240167,6.39038176873126,False,49.0399104616799,False
10,6zrw,45,T,restricted_s231303,True,R,0.31670245770675454,0.09116225858375197,False,2.437049076143171,1.042557824030353,1.0425578240303528,0.2878482827189241,0.9916894426099091,8.466436044445269,False,84.41075111351617,False
10,6zrw,45,T,restricted_s231303,True,S,0.3204238948165137,0.10583961826375475,False,1.4095753574676542,1.0348443869494537,1.0348443869494537,0.330311253236474,0.9887979752057827,4.267415486624434,False,41.563789708512466,False
10,6zrw,45,T,restricted_s231303,True,V,0.30331936991456804,0.03764619169392671,False,0.5846611031798016,1.0691650018768009,1.0691650018768006,0.12411403763805133,0.9985827642509442,4.710676683364574,False,51.20153807431339,False
10,6zrw,45,T,restricted_s231303,True,W,0.3462934952218487,0.13398150915369506,False,3.247843229797667,1.0271253346331022,1.0271253346331022,0.38690160514814587,0.9820489552048982,8.39449406924548,False,70.00126027322628,False
10,6zrw,45,T,restricted_s231303,True,Y,0.2287575462909576,0.17222215061472362,False,5.568979377750615,0.9735357818019077,0.9735357818019079,0.7528588822843625,0.9703395308376395,7.397109217670298,False,141.3549990341527,False
10,6zrw,45,T,expanded_s231301,True,A,0.006802346860376134,0.07025965801968294,False,0.02356760087403817,0.9990904107945263,0.9990904107945263,10.328737928515151,0.9950635804549572,0.002281750300680368,False,49.311767529207145,False
10,6zrw,45,T,expanded_s231301,True,C,0.00524338092974563,0.03990916410250059,False,0.01736718129216688,0.9996089751436202,0.9996089751436203,7.6113417348902574,0.9984072586206397,0.002281750300680368,False,82.99373237830008,False
10,6zrw,45,T,expanded_s231301,True,D,0.005696735354354646,-0.01066090280250235,False,-0.004270080434145361,1.0001539174775063,1.0001539174775065,-1.8714056629562474,0.9998863451514357,0.002281750300680368,False,70.30982669613233,False
10,6zrw,45,T,expanded_s231301,True,E,0.005762439630037002,-0.0012432336366524613,False,-0.0004922825932025401,1.0000475338280443,1.0000475338280446,-0.215747793724735,0.9999984543701248,0.002281750300680368,False,68.7155994261838,False
10,6zrw,45,T,expanded_s231301,True,F,0.003688202372975567,0.0008219152209975972,False,0.0005084876351652037,1.000007540057407,1.0000075400574073,0.22284981621941008,0.9999993244553694,0.002281750300680368,False,167.74076934232275,False
10,6zrw,45,T,expanded_s231301,True,G,0.0028190224543818395,0.10099133131397278,False,0.08174358463643339,0.9994385532262543,0.9994385532262544,35.82494745900077,0.9898007509994313,0.002281750300680368,False,287.1250250432501,False
10,6zrw,45,T,expanded_s231301,True,H,0.007695112013788894,-0.005161516339731964,False,-0.0015304899316665279,1.0001386516416952,1.0001386516416952,-0.6707525933973447,0.9999733587490746,0.002281750300680368,False,38.533479291626605,False
10,6zrw,45,T,expanded_s231301,True,I,0.0031671284592161915,0.06364917499815809,False,0.04585589945601601,0.9996068604755926,0.9996068604755926,20.09680877103107,0.9959487825220539,0.002281750300680368,False,227.4766159575279,False
10,6zrw,45,T,expanded_s231301,True,K,0.005331259759009546,-0.027888949915947803,False,-0.011936319506629331,1.000325788803434,1.0003257888034338,-5.231211979273184,0.9992222064725857,0.002281750300680368,False,80.28019698119172,False
10,6zrw,45,T,expanded_s231301,True,L,0.0049315423174122386,0.06939426344370059,False,0.03210767976563639,0.9993398786161118,0.9993398786161117,14.071513327318321,0.9951844362011063,0.002281750300680368,False,93.82154667646893,False
10,6zrw,45,T,expanded_s231301,True,M,0.005930418477576401,0.04629136755319964,False,0.017810773764583454,0.9994861155003397,0.9994861155003395,7.80575059386326,0.9978571092900544,0.002281750300680368,False,64.87799739147789,False
10,6zrw,45,T,expanded_s231301,True,N,0.00671648902770091,-0.0014777846544668828,False,-0.0005020384259936586,1.0000649622736932,1.0000649622736932,-0.22002338548786946,0.999997816152515,0.002281750300680368,False,50.580544150613456,False
10,6zrw,45,T,expanded_s231301,True,P,0.003304154500508999,0.0706539237867852,False,0.04879148714744124,0.9995440144764458,0.9995440144764457,21.383359578343295,0.9950080230535312,0.002281750300680368,False,209.0005473230126,False
10,6zrw,45,T,expanded_s231301,True,Q,0.0068211755066694725,0.020043894059409404,False,0.006704879716427886,0.9997730825968603,0.9997730825968603,2.9384809172277255,0.9995982423109351,0.002281750300680368,False,49.0399104616799,False
10,6zrw,45,T,expanded_s231301,True,R,0.005199183860736557,-0.03369852036387482,False,-0.014789169037361534,1.000377441119231,1.0003774411192308,-6.481501956174489,0.9988644097252855,0.002281750300680368,False,84.41075111351617,False
10,6zrw,45,T,expanded_s231301,True,S,0.0074092882149232025,0.014081503073618709,False,0.004336512893039626,0.9998462297223083,0.9998462297223084,1.9005203556877246,0.9998017112711877,0.002281750300680368,False,41.563789708512466,False
10,6zrw,45,T,expanded_s231301,True,V,0.006675634563979041,-0.017118757776634606,False,-0.0058512386095664415,1.0002731212390439,1.0002731212390439,-2.5643641233756953,0.9997069481321849,0.002281750300680368,False,51.20153807431339,False
10,6zrw,45,T,expanded_s231301,True,W,0.005709277188436814,-0.0016654196220150738,False,-0.0006655959411093735,1.0000516125305288,1.0000516125305288,-0.2917041101784483,0.9999972263774826,0.002281750300680368,False,70.00126027322628,False
10,6zrw,45,T,expanded_s231301,True,Y,0.004017708947665427,0.027176808336705074,False,0.01543434116347381,0.9997977649731414,0.9997977649731414,6.764255124178849,0.99926142108863,0.002281750300680368,False,141.3549990341527,False
10,6zrw,45,T,expanded_s231303,True,A,0.18444974089244084,0.1120454051320542,False,1.019113771614963,0.9926882150256966,0.9926882150256967,0.607457644504862,0.9874458271887938,1.6776705023535288,False,49.311767529207145,False
10,6zrw,45,T,expanded_s231303,True,C,0.12196394206958548,0.06050396086838007,False,0.612435780330818,1.00011660000849,1.0001166000084902,0.4960807255136117,0.9963392707192376,1.2345486305615672,False,82.99373237830008,False
10,6zrw,45,T,expanded_s231303,True,D,0.221345209187872,0.12084200256391689,False,1.8806330655207246,0.9954981049580396,0.9954981049580398,0.5459436100166476,0.9853972104163423,3.4447386708370447,False,70.30982669613233,False
10,6zrw,45,T,expanded_s231303,True,E,0.2754393313329172,0.11279868277801589,False,2.134938272879887,1.0137284377259035,1.0137284377259035,0.4095227875850406,0.9872764571635445,5.213234373280267,False,68.7155994261838,False
10,6zrw,45,T,expanded_s231303,True,F,0.1290309910499335,0.11888146976343235,False,2.573041727497158,0.9859702089292313,0.9859702089292314,0.9213404376428186,0.9858671961468861,2.7927155070715175,False,167.74076934232275,False
10,6zrw,45,T,expanded_s231303,True,G,0.10649532573759485,0.18217382785693723,False,5.570415315244281,0.9725399321269783,0.9725399321269785,1.7106274533195447,0.9668126964439511,3.256357954757861,False,287.1250250432501,False
10,6zrw,45,T,expanded_s231303,True,H,0.28485655724902864,0.13807668923524147,False,1.5156007469612873,1.0024791575439793,1.0024791575439793,0.48472357655622245,0.9809348278898345,3.1267320598041817,False,38.533479291626605,False
10,6zrw,45,T,expanded_s231303,True,I,0.09373994867119931,0.16190830415995688,False,3.452475411547994,0.9784326257340885,0.9784326257340885,1.7272070921210314,0.9737857010440469,1.9988775099969698,False,227.4766159575279,False
10,6zrw,45,T,expanded_s231303,True,K,0.2470564451862996,0.047131970706993036,False,0.9348032566977064,1.037748372833102,1.0377483728331018,0.19077409889651692,0.9977785773372752,4.900053320156312,False,80.28019698119172,False
10,6zrw,45,T,expanded_s231303,True,L,0.1801259243692149,0.14375862189333952,False,2.429476550345931,0.9806560393206996,0.9806560393206996,0.7981006753845653,0.9793334586313279,3.044072790911104,False,93.82154667646893,False
10,6zrw,45,T,expanded_s231303,True,M,0.20854427450754032,0.08058661491624587,False,1.0903316534273417,1.0098789601444222,1.0098789601444222,0.3864244899868115,0.9935057974963406,2.8215904573350263,False,64.87799739147789,False
10,6zrw,45,T,expanded_s231303,True,N,0.24088976476210228,0.11231671537735709,False,1.3685045291601545,1.003915984474934,1.003915984474934,0.46625773198906456,0.9873849554468417,2.935081683947819,False,50.580544150613456,False
10,6zrw,45,T,expanded_s231303,True,P,0.11144239285811049,0.15718287240061463,False,3.6610281894439605,0.9773857360926704,0.9773857360926703,1.4104405726530058,0.9752935446238921,2.5956628449489734,False,209.0005473230126,False
10,6zrw,45,T,expanded_s231303,True,Q,0.22758450311098422,0.12703612041199056,False,1.4178150341251616,0.9939718013740535,0.9939718013740536,0.5581931927502108,0.9838618241106704,2.540007747388686,False,49.0399104616799,False
10,6zrw,45,T,expanded_s231303,True,R,0.23196232730115535,0.08838660198462385,False,1.7306197674614774,1.0128017974897798,1.0128017974897796,0.38103860662629085,0.9921878085896116,4.541848876638392,False,84.41075111351617,False
10,6zrw,45,T,expanded_s231303,True,S,0.16642319146911835,0.09738085276683286,False,0.6736007442685781,0.9952838140478856,0.9952838140478856,0.5851399189451486,0.9905169695144045,1.1511789273972297,False,41.563789708512466,False
10,6zrw,45,T,expanded_s231303,True,V,0.13269308909557673,0.0012024155432380488,False,0.008169319723001113,1.017288351428109,1.0172883514281088,0.009061628992388352,0.9999985541968613,0.9015288233344394,False,51.20153807431339,False
10,6zrw,45,T,expanded_s231303,True,W,0.224716456437157,0.1390931455159026,False,2.1879957060059616,0.9879844482436098,0.9879844482436098,0.6189717821347039,0.980653096870492,3.5348876461864274,False,70.00126027322628,False
10,6zrw,45,T,expanded_s231303,True,Y,0.1514929269937035,0.15674518861518125,False,3.3565857571823416,0.9754585320981317,0.9754585320981319,1.034670012162984,0.9754309458459912,3.2441123427994,False,141.3549990341527,False
14,4akd,8,V,restricted_s231301,True,A,0.7064629967347937,0.2543634241117315,False,0.3723331246253353,1.139693272040111,1.1396932720401107,0.3600520130387234,0.9352992484741554,1.0341092707216473,False,2.071989704614174,False
14,4akd,8,V,restricted_s231301,True,C,0.969937871910344,0.2181186535624152,False,0.158661863550083,1.5176563900454099,1.5176563900454099,0.2248789947059382,0.9524242529681192,0.7055432800985095,False,0.7499560721433156,False
14,4akd,8,V,restricted_s231301,True,D,0.5655728998990831,0.27507266965946187,False,0.5815999345575901,1.0087254101756893,1.0087254101756895,0.4863611211013539,0.9243350264064166,1.1958191338168027,False,3.738421924565258,False
14,4akd,8,V,restricted_s231301,True,E,0.9518581178570581,0.2580899392959698,False,0.3482642293609577,1.4147038688181726,1.4147038688181726,0.27114328748596916,0.9333895832342027,1.284428733567595,False,1.4176387515290945,False
14,4akd,8,V,restricted_s231301,True,F,0.9228505037544794,0.18593829720705343,False,0.4269326481058499,1.5084665497903376,1.5084665497903376,0.20148257648513088,0.9654269496317415,2.11895567127293,False,2.4880503458543743,False
14,4akd,8,V,restricted_s231301,True,G,0.33646696443110813,0.2601937339378351,False,0.853474333240963,0.938116826509367,0.938116826509367,0.7733113840099152,0.932299220819487,1.1036619282847904,False,9.74880091255263,False
14,4akd,8,V,restricted_s231301,True,H,1.1794940017349906,0.16582223691328024,False,0.36734807977096945,2.000033432541837,2.000033432541837,0.14058760508265583,0.972502985745076,2.6129478452598582,False,1.878188893089174,False
14,4akd,8,V,restricted_s231301,True,I,1.8876533736980736,0.035387495892791006,False,0.0305068597983359,4.429636607216211,4.429636607216211,0.018746818873564636,0.9987477251344377,1.6273086118815816,False,0.4566941258410026,False
14,4akd,8,V,restricted_s231301,True,K,0.9829474155442789,0.22524257054138141,False,0.3366280523833686,1.5233824165567755,1.5233824165567755,0.22915017322331513,0.9492657844159108,1.4690281383960047,False,1.520440902207771,False
14,4akd,8,V,restricted_s231301,True,L,1.0867667238252179,0.22403627188357014,False,0.33215477586280956,1.6941115815879508,1.6941115815879508,0.20614936671506087,0.949807748880511,1.6112335495161285,False,1.3642244603154263,False
14,4akd,8,V,restricted_s231301,True,M,1.2381333110896626,0.2078110870310531,False,0.2712874106418766,2.0183784374960516,2.018378437496051,0.1678422550865397,0.9568145521069722,1.6163236754773134,False,1.0543711597367,False
14,4akd,8,V,restricted_s231301,True,N,0.9044898848897126,0.23819065517597382,False,0.30364511580177517,1.387219875303962,1.387219875303962,0.26334253058564294,0.9432652117868403,1.1530424467574758,False,1.409411680445168,False
14,4akd,8,V,restricted_s231301,True,P,1.301398577749264,0.12398368655307242,False,0.504698133287975,2.370933871479249,2.370933871479249,0.09526957280643343,0.9846280454687095,5.297579472864954,False,3.1279285569492994,False
14,4akd,8,V,restricted_s231301,True,Q,1.170184533196284,0.2642476579150536,False,0.3743935307210235,1.750894797280728,1.750894797280728,0.2258170830486694,0.9301731752864089,1.6579504334502986,False,1.2107733004685524,False
14,4akd,8,V,restricted_s231301,True,R,0.8123409577231365,0.23373654758085993,False,0.3945597816840317,1.2801502897610724,1.2801502897610721,0.28773207279365376,0.9453672263249804,1.371274942877116,False,2.0780109847665944,False
14,4akd,8,V,restricted_s231301,True,S,0.5856349925790388,0.23883763816161177,False,0.35038587068354893,1.0632249876283093,1.0632249876283095,0.4078267883375798,0.942956582597383,0.8591536424368377,False,2.5050523062312635,False
14,4akd,8,V,restricted_s231301,True,T,0.8079829240681149,0.22206892967147607,False,0.20321338963846547,1.2939805993043896,1.2939805993043896,0.2748435926756728,0.950685390474565,0.7393783048028554,False,1.132562918484237,False
14,4akd,8,V,restricted_s231301,True,W,0.92041078651902,0.2872046345621614,False,0.7561013436782859,1.3184635287620274,1.3184635287620274,0.3120396227084269,0.9175134978860153,2.423094019648892,False,2.860268916297118,False
14,4akd,8,V,restricted_s231301,True,Y,0.9100133991517311,0.17311562687379056,False,0.4360170963062511,1.5130493065202861,1.5130493065202864,0.19023415153574694,0.9700309797320945,2.2920022129902318,False,2.7677028354419657,False
14,4akd,8,V,restricted_s231303,True,A,0.8542731068685108,0.19801273600626174,False,0.3504914696125955,1.3914686307435709,1.391468630743571,0.2317909043538927,0.9607909563793144,1.5121019118052779,False,2.071989704614174,False
14,4akd,8,V,restricted_s231303,True,C,1.2982550175060257,0.1738814158765067,False,0.1692968990788448,2.233981249254118,2.233981249254118,0.13393471508435717,0.9697652532127813,1.2640255289468094,False,0.7499560721433156,False
14,4akd,8,V,restricted_s231303,True,D,0.798071136989761,0.3001198504610809,False,0.8954155678085316,1.157883559114786,1.157883559114786,0.37605651495316683,0.9099280753592185,2.3810664945401743,False,3.738421924565258,False
14,4akd,8,V,restricted_s231303,True,E,1.5536107871943348,0.22937129514499877,False,0.505180840469511,2.7009990412665896,2.7009990412665896,0.14763755313466914,0.947388808963506,3.4217638381523767,False,1.4176387515290945,False
14,4akd,8,V,restricted_s231303,True,F,1.0492856732936369,0.17067202435554318,False,0.44556928657325967,1.7428330042026927,1.7428330042026927,0.1626554414107411,0.9708710601023809,2.7393444861650726,False,2.4880503458543743,False
14,4akd,8,V,restricted_s231303,True,G,0.4603558352016111,0.2755006040389378,False,1.2364239508059156,0.958270873662386,0.958270873662386,0.598451421644918,0.9240994171741804,2.066038956691674,False,9.74880091255263,False
14,4akd,8,V,restricted_s231303,True,H,1.4088226981904173,0.13248313709097295,False,0.3505550367397772,2.611490893614056,2.6114908936140564,0.0940381903706853,0.9824482183865345,3.7277943711798227,False,1.878188893089174,False
14,4akd,8,V,restricted_s231303,True,I,1.7762077206415992,0.0985184909761886,False,0.07991658735783908,3.804935258271093,3.804935258271093,0.055465636046555356,0.9902941069357747,1.440830630532402,False,0.4566941258410026,False
14,4akd,8,V,restricted_s231303,True,K,1.2408139766969122,0.1702560163390654,False,0.3212023311856892,2.117107235385905,2.117107235385905,0.13721316775645334,0.9710128889003519,2.3409001952043527,False,1.520440902207771,False
14,4akd,8,V,restricted_s231303,True,L,1.2137826891810393,0.20862323418623077,False,0.345453379150015,1.9668218761231377,1.9668218761231377,0.17187857105376297,0.9564763461576772,2.0098688104752656,False,1.3642244603154263,False
14,4akd,8,V,restricted_s231303,True,M,1.2329117194725554,0.2772606046789248,False,0.36042396914093083,1.8363956102993857,1.8363956102993853,0.2248827716533817,0.923126557093077,1.60271934791191,False,1.0543711597367,False
14,4akd,8,V,restricted_s231303,True,N,1.2361981103296795,0.22944637309011298,False,0.3997671820502198,1.9609034223106776,1.9609034223106778,0.18560647453903836,0.9473543618757926,2.1538428712848448,False,1.409411680445168,False
14,4akd,8,V,restricted_s231303,True,P,1.5238287738386453,0.08431487673264276,False,0.40188075028705356,3.0650912615228703,3.0650912615228703,0.055330938869363196,0.9928910015615593,7.263219430197946,False,3.1279285569492994,False
14,4akd,8,V,restricted_s231303,True,Q,1.0694255947182236,0.22935442696163277,False,0.29697544149157595,1.653116113729023,1.6531161137290233,0.21446506245445152,0.947396546833101,1.3847264355920357,False,1.2107733004685524,False
14,4akd,8,V,restricted_s231303,True,R,1.047680863172812,0.22294791749305629,False,0.4853782038842059,1.6304786577751167,1.6304786577751167,0.21280136473799618,0.9502942260855094,2.2808979842860024,False,2.0780109847665944,False
14,4akd,8,V,restricted_s231303,True,S,0.6021967692781711,0.26531566755270475,False,0.4002378128706177,1.0430964732508268,1.0430964732508268,0.4405796926986637,0.9296075965510627,0.9084345454486529,False,2.5050523062312635,False
14,4akd,8,V,restricted_s231303,True,T,0.9976450578260665,0.22600938675424814,False,0.25536705647063224,1.5443413659694238,1.5443413659694238,0.2265428821416079,0.9489197570989686,1.1272349590352915,False,1.132562918484237,False
14,4akd,8,V,restricted_s231303,True,W,0.9693047309482455,0.28330136131870887,False,0.7854451463113059,1.3903409618180451,1.390340961818045,0.2922727520803108,0.9197403386749663,2.6873704124682862,False,2.860268916297118,False
14,4akd,8,V,restricted_s231303,True,Y,0.9498257040822427,0.1592220254725474,False,0.4185684802023699,1.5997025232356017,1.5997025232356021,0.1676328875795099,0.9746483466044195,2.496935334385616,False,2.7677028354419657,False
14,4akd,8,V,expanded_s231301,True,A,0.033184880773280134,0.10187696257913337,False,0.007004930696768122,0.9943396865984718,0.994339686598472,3.0699812747606097,0.9896210844956498,0.0022817503006803685,False,2.071989704614174,False
14,4akd,8,V,expanded_s231301,True,C,0.05515896967503577,0.02755271826295495,False,0.0011397679026900382,1.0000029528333492,1.0000029528333494,0.4995147375899037,0.9992408477163223,0.0022817503006803685,False,0.7499560721433156,False
14,4akd,8,V,expanded_s231301,True,D,0.024705286845227888,0.14359381447122627,False,0.01326215038093557,0.9935152984466807,0.9935152984466807,5.8122706840363225,0.979380816445603,0.0022817503006803685,False,3.738421924565258,False
14,4akd,8,V,expanded_s231301,True,E,0.040119108151936235,0.05880332379405899,False,0.0033444038995075124,0.9968912690249324,0.9968912690249324,1.465718618952426,0.9965421691107711,0.0022817503006803685,False,1.4176387515290945,False
14,4akd,8,V,expanded_s231301,True,F,0.030283389065026905,0.008062811896033684,False,0.00060750543568951,1.0004287451140523,1.0004287451140526,0.2662453623906021,0.9999349910643291,0.0022817503006803685,False,2.4880503458543743,False
14,4akd,8,V,expanded_s231301,True,G,0.015298838408867891,0.14480513257825964,False,0.021597009261107344,0.9958033538084817,0.9958033538084817,9.46510635044842,0.9790314735789927,0.0022817503006803685,False,9.74880091255263,False
14,4akd,8,V,expanded_s231301,True,H,0.034854946802924745,-0.005542614879519917,False,-0.0003628427046355105,1.0016012424101843,1.0016012424101843,-0.15901946173835002,0.9999692794202973,0.0022817503006803685,False,1.878188893089174,False
14,4akd,8,V,expanded_s231301,True,I,0.07068403697970563,-0.03800061776449614,False,-0.0012266973522617826,1.010368307226383,1.010368307226383,-0.5376124424727842,0.9985559530495166,0.0022817503006803685,False,0.4566941258410026,False
14,4akd,8,V,expanded_s231301,True,K,0.03873907852537236,0.013692888607102946,False,0.0008065177047506868,1.0004398164310155,1.0004398164310155,0.3534644893046363,0.9998125048015936,0.0022817503006803685,False,1.520440902207771,False
14,4akd,8,V,expanded_s231301,True,L,0.0408969708709454,0.05477363089986109,False,0.0030559659092968044,0.9971924110516039,0.9971924110516039,1.3393077710499617,0.9969998493580459,0.0022817503006803685,False,1.3642244603154263,False
14,4akd,8,V,expanded_s231301,True,M,0.046519742181722584,0.04720534902370088,False,0.002315378681760416,0.9977721250802923,0.9977721250802923,1.0147379759608315,0.9977716550235507,0.0022817503006803685,False,1.0543711597367,False
14,4akd,8,V,expanded_s231301,True,N,0.04023603016136528,0.06966322029205554,False,0.003950540677355106,0.9960129952575284,0.9960129952575285,1.731364153289315,0.9951470357385405,0.0022817503006803685,False,1.409411680445168,False
14,4akd,8,V,expanded_s231301,True,P,0.02700882218699623,0.030787291307559878,False,0.0026009616677020874,0.9990664195228385,0.9990664195228387,1.1398975895506782,0.9990521426939434,0.0022817503006803685,False,3.1279285569492994,False
14,4akd,8,V,expanded_s231301,True,Q,0.04341128490676744,0.04151581049284648,False,0.002182121844089307,0.998280030302376,0.998280030302376,0.9563368276706902,0.9982764374791221,0.0022817503006803685,False,1.2107733004685524,False
14,4akd,8,V,expanded_s231301,True,R,0.03313676735552296,0.01976657560284355,False,0.0013610980618992763,0.9997880445164404,0.9997880445164404,0.5965149041476739,0.9996092824889371,0.0022817503006803685,False,2.0780109847665944,False
14,4akd,8,V,expanded_s231301,True,S,0.030180446387289804,0.11573490167119684,False,0.008749974844596076,0.9939249973540845,0.9939249973540846,3.834764409579358,0.9866054325351583,0.0022817503006803685,False,2.5050523062312635,False
14,4akd,8,V,expanded_s231301,True,T,0.04488517152304984,0.1296495394344349,False,0.0065907707501056765,0.9903759949918556,0.9903759949918556,2.8884715159850978,0.9831909969244389,0.0022817503006803685,False,1.132562918484237,False
14,4akd,8,V,expanded_s231301,True,W,0.028244287592832887,0.022826341381505307,False,0.0018440547009547878,0.9995083122802837,0.9995083122802837,0.8081755047451645,0.999478958139135,0.0022817503006803685,False,2.860268916297118,False
14,4akd,8,V,expanded_s231301,True,Y,0.028712719540756677,0.001933967151593708,False,0.0001536890339973211,1.0007133613505768,1.0007133613505768,0.06735576366594292,0.9999962597710566,0.0022817503006803685,False,2.7677028354419657,False
14,4akd,8,V,expanded_s231303,True,A,0.8736589911597373,0.22236410766978956,False,0.4025262728074427,1.3747392288804026,1.3747392288804026,0.2545204821558726,0.9505542036202183,1.5815083697701346,False,2.071989704614174,False
14,4akd,8,V,expanded_s231303,True,C,1.294483080063516,0.19373110083992068,False,0.1880752077899223,2.1741231803320153,2.174123180332015,0.14965904446616246,0.9624682605673526,1.2566912241140604,False,0.7499560721433156,False
14,4akd,8,V,expanded_s231303,True,D,0.7116702689173401,0.17610791224621175,False,0.468539280695696,1.2558130411274135,1.2558130411274133,0.24745717214535842,0.9689860032442805,1.8934156429318285,False,3.738421924565258,False
14,4akd,8,V,expanded_s231303,True,E,1.2495303104531683,0.22684443203539692,False,0.4018282773890982,1.994428009569667,1.9944280095696671,0.18154376099378255,0.9485416036545382,2.2133962367501017,False,1.4176387515290945,False
14,4akd,8,V,expanded_s231303,True,F,0.8058482045184368,0.23751921344817362,False,0.4762238624788998,1.2665824653339042,1.2665824653339044,0.29474436018643446,0.9435846232429609,1.6157183200305316,False,2.4880503458543743,False
14,4akd,8,V,expanded_s231303,True,G,0.4511450596014673,0.20843563475517746,False,0.9167256360941499,1.015462451073423,1.0154624510734231,0.46201466760891813,0.9565545861642062,1.984191629323187,False,9.74880091255263,False
14,4akd,8,V,expanded_s231303,True,H,1.136020569005007,0.17960061072089423,False,0.3832068572901634,1.8824827572328655,1.8824827572328657,0.15809626658274237,0.9677436206286818,2.423883027557805,False,1.878188893089174,False
14,4akd,8,V,expanded_s231303,True,I,1.5570963553001098,0.15043102332593025,False,0.1069740217356166,2.9560778633991425,2.956077863399142,0.09660996431844879,0.9773705072211134,1.1072773133732405,False,0.4566941258410026,False
14,4akd,8,V,expanded_s231303,True,K,1.2280782196156035,0.21257814292101382,False,0.3969302357482991,1.9860509389189707,1.9860509389189707,0.1730982111119536,0.9548105331522531,2.2930926506893776,False,1.520440902207771,False
14,4akd,8,V,expanded_s231303,True,L,1.0578930624371847,0.1943137631816783,False,0.2804343210328019,1.708011367540806,1.708011367540806,0.18367996736269004,0.9622421614381746,1.526755067846147,False,1.3642244603154263,False
14,4akd,8,V,expanded_s231303,True,M,1.3683900613934505,0.21882912375147312,False,0.3157246937885625,2.2736041639504645,2.2736041639504645,0.15991721214975532,0.9521138145981626,1.9743008869670666,False,1.0543711597367,False
14,4akd,8,V,expanded_s231303,True,N,1.1267352980162353,0.19647662017346287,False,0.31201153138763255,1.8267781454269956,1.826778145426996,0.17437691045925838,0.9613969377252128,1.7892938380768668,False,1.409411680445168,False
14,4akd,8,V,expanded_s231303,True,P,0.9706420862305799,0.10471637162583884,False,0.31792928165868206,1.7388618247272507,1.738861824727251,0.1078836093255522,0.9890344815135191,2.9469655645213995,False,3.1279285569492994,False
14,4akd,8,V,expanded_s231303,True,Q,1.3059396339150675,0.20304652754309035,False,0.3210565278800551,2.175145311735523,2.1751453117355224,0.1554792597375872,0.958772107652693,2.0649476233802746,False,1.2107733004685524,False
14,4akd,8,V,expanded_s231303,True,R,1.0628423327742853,0.2526423383957887,False,0.5579853740537519,1.5925958797408235,1.5925958797408237,0.23770443706013175,0.9361718488499078,2.347391495736359,False,2.0780109847665944,False
14,4akd,8,V,expanded_s231303,True,S,0.8141287591234576,0.18363413229296097,False,0.37450989965943793,1.3638019799191385,1.3638019799191385,0.22555907801448147,0.9662785054570113,1.6603627881268137,False,2.5050523062312635,False
14,4akd,8,V,expanded_s231303,True,T,1.2058359379909482,0.15096634841348786,False,0.2061724879715224,2.089959012662017,2.089959012662017,0.12519642486772614,0.9772091616466974,1.6467921363517364,False,1.132562918484237,False
14,4akd,8,V,expanded_s231303,True,W,0.7256670128275127,0.26023848808814193,False,0.5401517346405093,1.148899640958665,1.148899640958665,0.35861970227107365,0.932275929317598,1.5061964839628892,False,2.860268916297118,False
14,4akd,8,V,expanded_s231303,True,Y,0.8133773510923794,0.22583978743948663,False,0.5084075486024332,1.2941967791124644,1.2941967791124647,0.2776568429600111,0.9489963904092874,1.8310643569323284,False,2.7677028354419657,False
14,4akd,6,I,restricted_s231301,True,A,0.7090872678492285,0.31262702875354703,False,0.4381812280855766,1.0594450620765337,1.0594450620765337,0.4408865353086839,0.9022643408927289,0.9938639377562003,False,1.976639900447365,False
14,4akd,6,I,restricted_s231301,True,C,0.63672464865707,0.2756584535444903,False,0.20578488675708279,1.0543812142425357,1.0543812142425355,0.4329319653729248,0.92401241698946,0.47532846547799035,False,1.172439653139529,False
14,4akd,6,I,restricted_s231301,True,D,0.36408862086933697,0.2634210265599069,False,0.5639844710560942,0.9407433273101728,0.9407433273101728,0.7235079908043671,0.9306093627661248,0.7795138107999041,False,5.880437012321562,False
14,4akd,6,I,restricted_s231301,True,E,0.7536370851150289,0.2800953587882199,False,0.30334549935349575,1.1457883565578728,1.1457883565578728,0.3716581419894809,0.9215465899852984,0.816194951978427,False,1.4370417378857674,False
14,4akd,6,I,restricted_s231301,True,F,0.7607731489691836,0.2656681653947748,False,0.33003701890369685,1.1745493706559902,1.1745493706559904,0.34920812564789416,0.9294204258957746,0.9451012008708884,False,1.6329314851855814,False
14,4akd,6,I,restricted_s231301,True,G,0.46703987633396826,0.31911148740666306,False,0.9704101104853406,0.9200506668557351,0.9200506668557354,0.6832639001010582,0.8981678586051071,1.4202566685314593,False,6.5111681607136065,False
14,4akd,6,I,restricted_s231301,True,H,0.9624675589518418,0.3325238559926751,False,0.5298089453058287,1.2862569540936697,1.28625695409367,0.3454909756696675,0.8894278851957628,1.5334957571001568,False,1.6554283126111802,False
14,4akd,6,I,restricted_s231301,True,K,0.8770984587301419,0.2665574064721806,False,0.29344158359624123,1.3017075255470836,1.3017075255470831,0.30390819162776883,0.9289471490548247,0.9655599673853239,False,1.2551122134132737,False
14,4akd,6,I,restricted_s231301,True,L,1.0326124501566702,0.2141094685548785,False,0.17582455429448493,1.6241042663661702,1.6241042663661707,0.20734736301348425,0.9541571354751475,0.8479710170370032,False,0.7952547918601064,False
14,4akd,6,I,restricted_s231301,True,M,1.1034451479139489,0.24832893829563607,False,0.19966123301656194,1.6695564703569525,1.6695564703569525,0.22504873827675012,0.9383327384049621,0.8871910793431408,False,0.7286444607874906,False
14,4akd,6,I,restricted_s231301,True,N,0.5081060394249064,0.2893464548281917,False,0.43514182922739714,0.9641343849312843,0.9641343849312844,0.5694607668030968,0.9162786290783572,0.7641296022380005,False,2.9597723617289464,False
14,4akd,6,I,restricted_s231301,True,P,0.5341838085030491,0.3018358873854366,False,2.034071325575951,0.9628806535339224,0.9628806535339224,0.5650412509343471,0.908895097086246,3.5998634121180166,False,12.61550333225379,False
14,4akd,6,I,restricted_s231301,True,Q,0.8305772540861617,0.3238788478484373,False,0.3353945252477499,1.1518457668002184,1.1518457668002187,0.38994427821742284,0.8951024919163688,0.860108851400411,False,1.2467901140372035,False
14,4akd,6,I,restricted_s231301,True,R,0.7816731889775064,0.26805229496884136,False,0.3420420027425735,1.1919543899241976,1.1919543899241978,0.34292118336497646,0.9281479671619374,0.9974362020631802,False,1.6324304784161245,False
14,4akd,6,I,restricted_s231301,True,S,0.6914000532148079,0.279263425460346,False,0.43169927234528177,1.0918685391369738,1.0918685391369736,0.4039100433415543,0.9220119392001538,1.0688005397781812,False,2.2358252021550973,False
14,4akd,6,I,restricted_s231301,True,T,0.7379017028407007,0.21584047173644003,False,0.164155749232325,1.2259608197826872,1.2259608197826874,0.29250572387286655,0.953412890760591,0.5612052545804983,False,1.0306820285916318,False
14,4akd,6,I,restricted_s231301,True,V,1.924592552762161,0.0944812330516689,False,0.04299242381574825,4.340380739133515,4.340380739133516,0.049091550788799496,0.9910732966010362,0.8757601486396148,False,0.2364327191076379,False
14,4akd,6,I,restricted_s231301,True,W,0.6653658124377368,0.35660732819525987,False,0.6420650023413388,0.9681630150691501,0.9681630150691503,0.5359567947874241,0.8728312134774382,1.1979790322389705,False,2.70600286524706,False
14,4akd,6,I,restricted_s231301,True,Y,0.8122696484652399,0.3057011169643587,False,0.40337928304349124,1.163158504193703,1.163158504193703,0.37635422860126816,0.9065468270867435,1.0718074951427077,False,1.6244873680691345,False
14,4akd,6,I,restricted_s231303,True,A,0.7810831945949581,0.27358353781471223,False,0.42239115260971305,1.1827079494688535,1.1827079494688535,0.3502617131028954,0.9251520478367858,1.2059301282684824,False,1.976639900447365,False
14,4akd,6,I,restricted_s231303,True,C,0.8639872630635327,0.3198042884891048,False,0.32395308618537366,1.1938603268806498,1.1938603268806498,0.3701493090941414,0.8977252170639775,0.8751957067762121,False,1.172439653139529,False
14,4akd,6,I,restricted_s231303,True,D,0.5095424761752425,0.29570331487170604,False,0.8860254338569983,0.9582867364808845,0.9582867364808846,0.5803310395069152,0.9125595495738847,1.5267586490114673,False,5.880437012321562,False
14,4akd,6,I,restricted_s231303,True,E,1.038571874709176,0.27977315930853264,False,0.41755336370685747,1.497502469824189,1.4975024698241888,0.2693825686227789,0.9217269793305224,1.5500385412523288,False,1.4370417378857674,False
14,4akd,6,I,restricted_s231303,True,F,0.8112777054130111,0.26615638776398876,False,0.3525935780301571,1.2263180282078316,1.226318028207832,0.32807062980794216,0.9291607772524253,1.0747489899860012,False,1.6329314851855814,False
14,4akd,6,I,restricted_s231303,True,G,0.4627838426724854,0.3765815670810519,False,1.1347394613724695,0.8656171556519207,0.8656171556519209,0.8137310172852354,0.8581863233347792,1.3944896252795924,False,6.5111681607136065,False
14,4akd,6,I,restricted_s231303,True,H,0.9046901835684784,0.35368419902733617,False,0.529695050137444,1.178515082358545,1.1785150823585455,0.39094510524283244,0.8749074873583916,1.3549090218393403,False,1.6554283126111802,False
14,4akd,6,I,restricted_s231303,True,K,1.0194964760041427,0.2499775546299078,False,0.3198668989388532,1.5296705925342176,1.5296705925342176,0.24519707572671587,0.9375112221812515,1.3045298276532484,False,1.2551122134132737,False
14,4akd,6,I,restricted_s231303,True,L,1.0355590906994527,0.212823052321024,False,0.17526687679418684,1.631600937247394,1.631600937247394,0.20551512147633785,0.9547063484007627,0.8528174254776981,False,0.7952547918601064,False
14,4akd,6,I,restricted_s231303,True,M,1.0770305204396964,0.2360304155362664,False,0.18523013745596445,1.651570819389358,1.6515708193893577,0.21914923584515256,0.9442896429417774,0.8452237432707508,False,0.7286444607874906,False
14,4akd,6,I,restricted_s231303,True,N,0.6667962471005322,0.3221899927545433,False,0.6358629262596257,1.0149470791031998,1.0149470791031998,0.4831910709688908,0.8961936085688273,1.3159658041374782,False,2.9597723617289464,False
14,4akd,6,I,restricted_s231303,True,P,0.5333461669763615,0.20564538490153092,False,1.3836706484374757,1.065097778241157,1.065097778241157,0.38557581854834133,0.9577099756687011,3.5885825351985834,False,12.61550333225379,False
14,4akd,6,I,restricted_s231303,True,Q,0.7309351039432013,0.281435895197398,False,0.2564789090808291,1.1228433755575424,1.1228433755575424,0.38503540694533056,0.9207938368944393,0.6661177243817615,False,1.2467901140372035,False
14,4akd,6,I,restricted_s231303,True,R,0.7436788549458856,0.2863070794161279,False,0.34757794793303065,1.12721719732745,1.1272171973274503,0.384987521847668,0.9180282562762071,0.9028291261620693,False,1.6324304784161245,False
14,4akd,6,I,restricted_s231303,True,S,0.5688160491246834,0.3071202025731188,False,0.3905872606311786,0.9741618972737864,0.9741618972737864,0.539928862847185,0.9056771811714465,0.7234050400112167,False,2.2358252021550973,False
14,4akd,6,I,restricted_s231303,True,T,0.8246763257915739,0.2432777867179408,False,0.2067810265165285,1.278840179726575,1.2788401797265754,0.29499790294625977,0.9408159184896202,0.7009576151264985,False,1.0306820285916318,False
14,4akd,6,I,restricted_s231303,True,V,1.6356083684508431,0.10182332301578127,False,0.03937623307045495,3.342128576490259,3.3421285764902584,0.06225409760664323,0.9896320108900238,0.632508293980203,False,0.2364327191076379,False
14,4akd,6,I,restricted_s231303,True,W,0.7002827454838293,0.3373597349741597,False,0.639285603958324,1.0179015207755668,1.0179015207755666,0.4817478899056351,0.8861884092181648,1.3270127744276108,False,2.70600286524706,False
14,4akd,6,I,restricted_s231303,True,Y,0.7941223532491201,0.30929502971387934,False,0.39900349569330296,1.1393941182406355,1.1393941182406355,0.38948032182750053,0.9043365845942904,1.0244509756516536,False,1.6244873680691345,False
14,4akd,6,I,expanded_s231301,True,A,0.03397584598697847,0.07218368629342221,False,0.004847712930160979,0.9962493544939756,0.9962493544939754,2.1245589093230297,0.9947895154330928,0.0022817503006803685,False,1.976639900447365,False
14,4akd,6,I,expanded_s231301,True,C,0.04411525653716943,0.055139771860322824,False,0.002851965530694185,0.997081145497302,0.9970811454973018,1.2499025550007774,0.9969596055591915,0.0022817503006803685,False,1.172439653139529,False
14,4akd,6,I,expanded_s231301,True,D,0.01969832311589715,0.09771900055302758,False,0.01131925583625501,0.9965382230386661,0.9965382230386661,4.9607776244753214,0.9904509969309173,0.0022817503006803685,False,5.880437012321562,False
14,4akd,6,I,expanded_s231301,True,E,0.039847342907962935,0.08572809639929224,False,0.0049089875374538645,0.9947557370286859,0.9947557370286859,2.151413121755746,0.9926506934877536,0.0022817503006803685,False,1.4370417378857674,False
14,4akd,6,I,expanded_s231301,True,F,0.0373809278283132,0.07302077151405797,False,0.004457223965209233,0.9959381653854361,0.9959381653854363,1.953423196166638,0.9946679669274917,0.0022817503006803685,False,1.6329314851855814,False
14,4akd,6,I,expanded_s231301,True,G,0.01871994646070426,0.08767737390342854,False,0.010686882822392794,0.997067804904917,0.9970678049049172,4.683633796040784,0.9923126781053984,0.0022817503006803685,False,6.5111681607136065,False
14,4akd,6,I,expanded_s231301,True,H,0.03712606057282605,0.08524286647439978,False,0.005238986663486245,0.9950488807253974,0.9950488807253975,2.2960385551057416,0.9927336537152277,0.0022817503006803685,False,1.6554283126111802,False
14,4akd,6,I,expanded_s231301,True,K,0.04263760288481069,0.06370297524457566,False,0.0034090631997120533,0.9963856808576447,0.9963856808576447,1.4940562070685581,0.995941930944989,0.0022817503006803685,False,1.2551122134132737,False
14,4akd,6,I,expanded_s231301,True,L,0.05356497553454101,0.07626473659382106,False,0.0032487102610930267,0.9946989691044235,0.9946989691044235,1.4237799202324337,0.994183689952275,0.0022817503006803685,False,0.7952547918601064,False
14,4akd,6,I,expanded_s231301,True,M,0.05595980911043615,0.0909980214992047,False,0.003710426576105071,0.9929470364106306,0.9929470364106308,1.626131735360658,0.9917193600832304,0.0022817503006803685,False,0.7286444607874906,False
14,4akd,6,I,expanded_s231301,True,N,0.027765461919439915,0.08911667419735887,False,0.007323558986176588,0.995822189627972,0.995822189627972,3.2096233246875707,0.9920582183800019,0.0022817503006803685,False,2.9597723617289464,False
14,4akd,6,I,expanded_s231301,True,P,0.013448745242635372,0.08226641990559531,False,0.013957542132659673,0.9979681085019332,0.9979681085019333,6.117033107653294,0.9932322361559163,0.0022817503006803685,False,12.61550333225379,False
14,4akd,6,I,expanded_s231301,True,Q,0.04277966537729762,0.07706740392104852,False,0.004110564459039165,0.9952362642673147,0.9952362642673145,1.801496183790787,0.9940606152528699,0.0022817503006803685,False,1.2467901140372035,False
14,4akd,6,I,expanded_s231301,True,R,0.037386663650268735,0.0881446522318214,False,0.005379567661204755,0.9948068936877764,0.9948068936877766,2.3576495901416927,0.9922305202829312,0.0022817503006803685,False,1.6324304784161245,False
14,4akd,6,I,expanded_s231301,True,S,0.031945900497147246,0.07989250460993999,False,0.005706358048417422,0.9959160645530996,0.9959160645530994,2.500868761457338,0.9936171877071507,0.0022817503006803685,False,2.2358252021550973,False
14,4akd,6,I,expanded_s231301,True,T,0.047051308580356,0.05146892692452034,False,0.0024959824291635384,0.9973704649130732,0.997370464913073,1.0938893832595489,0.9973509495612384,0.0022817503006803685,False,1.0306820285916318,False
14,4akd,6,I,expanded_s231301,True,V,0.0982381713630331,-0.0069649522651894814,False,-0.00016177298197654318,1.0110191866610787,1.011019186661079,-0.07089863510845423,0.9999514894399436,0.0022817503006803685,False,0.2364327191076379,False
14,4akd,6,I,expanded_s231301,True,W,0.029038216050094233,0.108761466601407,False,0.008546203688686756,0.9945267400611784,0.9945267400611786,3.7454596526791133,0.988170943382711,0.0022817503006803685,False,2.70600286524706,False
14,4akd,6,I,expanded_s231301,True,Y,0.03747795530110204,0.08446828172366672,False,0.005142637202922947,0.9950732001599505,0.9950732001599505,2.253812435738268,0.9928651093826512,0.0022817503006803685,False,1.6244873680691345,False
14,4akd,6,I,expanded_s231303,True,A,0.8530030244652328,0.30258530966389796,False,0.5101829824436612,1.2114017911427266,1.2114017911427268,0.35472946869513816,0.908442130375603,1.438231180286076,False,1.976639900447365,False
14,4akd,6,I,expanded_s231303,True,C,0.9387549992395408,0.2539990666112229,False,0.27955990344658055,1.4043751614303046,1.4043751614303048,0.27057013471777036,0.9354844741606275,1.0332252808987488,False,1.172439653139529,False
14,4akd,6,I,expanded_s231303,True,D,0.49768611508120053,0.10964437465982135,False,0.3208865263453111,1.1385545034147098,1.1385545034147095,0.22030828535759372,0.9879781111054567,1.4565340827943156,False,5.880437012321562,False
14,4akd,6,I,expanded_s231303,True,E,0.8936743415690024,0.17240698197340645,False,0.2214132060851676,1.490502436584824,1.4905024365848243,0.1929192480458997,0.9702758325668216,1.1476988860773942,False,1.4370417378857674,False
14,4akd,6,I,expanded_s231303,True,F,0.6070639217666921,0.26665596164528516,False,0.26433439921158614,1.0447721774330456,1.044772177433046,0.43925516256880587,0.9288945981190282,0.6017786966139077,False,1.6329314851855814,False
14,4akd,6,I,expanded_s231303,True,G,0.46329109684343966,0.2699663274046545,False,0.8143713088911582,0.9644926485462024,0.9644926485462024,0.5827142572866761,0.927118182067643,1.397548281525081,False,6.5111681607136065,False
14,4akd,6,I,expanded_s231303,True,H,0.8551585574746295,0.22015485178788588,False,0.3116630278239375,1.3547615474701507,1.3547615474701507,0.25744331254548347,0.951531841234254,1.2106083655557176,False,1.6554283126111802,False
14,4akd,6,I,expanded_s231303,True,K,1.014276730912864,0.20937011950980652,False,0.26653467621609084,1.6040388061368018,1.6040388061368018,0.20642307284459768,0.9561641530564494,1.2912058353900546,False,1.2551122134132737,False
14,4akd,6,I,expanded_s231303,True,L,0.6220342719877725,0.25540561621601066,False,0.12634296105235523,1.069184542438329,1.0691845424383288,0.4105973379888484,0.9347679712053198,0.3077052610014404,False,0.7952547918601064,False
14,4akd,6,I,expanded_s231303,True,M,0.9798506046512078,0.1691860880717917,False,0.12079255886090005,1.6285530260439023,1.6285530260439023,0.17266518719148616,0.9713760676029639,0.6995767984599048,False,0.7286444607874906,False
14,4akd,6,I,expanded_s231303,True,N,0.6885207084528808,0.127955364116854,False,0.26075570222516203,1.2978609300642916,1.2978609300642916,0.18584098131829924,0.9836274247937233,1.4031119528934932,False,2.9597723617289464,False
14,4akd,6,I,expanded_s231303,True,P,0.3718576288741291,0.16740428104096752,False,0.7853221346413696,1.0137769781293444,1.0137769781293446,0.45018380165499466,0.9719758066891567,1.7444477827818723,False,12.61550333225379,False
14,4akd,6,I,expanded_s231303,True,Q,0.8689637129123357,0.18234884905279222,False,0.19755954516680105,1.4381888685219812,1.4381888685219812,0.2098463334465938,0.966748897249122,0.9414486396879563,False,1.2467901140372035,False
14,4akd,6,I,expanded_s231303,True,R,0.8854858147498696,0.23592198998558875,False,0.34102382858958236,1.366273977083641,1.366273977083641,0.2664322635729987,0.9443408146412398,1.2799644608211895,False,1.6324304784161245,False
14,4akd,6,I,expanded_s231303,True,S,0.801511432376269,0.20918170844152056,False,0.3748618759048378,1.307097514710102,1.3070975147101023,0.2609840608528218,0.9562430128534867,1.4363401147177175,False,2.2358252021550973,False
14,4akd,6,I,expanded_s231303,True,T,1.20659275597281,0.11366017212879904,False,0.14134932099483624,2.1815829980995978,2.181582998099598,0.0941992827042634,0.9870813652716518,1.5005350034203482,False,1.0306820285916318,False
14,4akd,6,I,expanded_s231303,True,V,0.9375583355599915,0.39756401199565156,False,0.08812780247782778,1.1335367258476305,1.1335367258476303,0.4240418936259488,0.8419428563659215,0.20782805614854205,False,0.2364327191076379,False
14,4akd,6,I,expanded_s231303,True,W,0.6698747526067422,0.2970721505244275,False,0.5384976370024858,1.0507299175021365,1.0507299175021367,0.4434741709079267,0.9117481373827919,1.2142705761195,False,2.70600286524706,False
14,4akd,6,I,expanded_s231303,True,Y,0.6620502591235126,0.25564935972164265,False,0.2749489135276263,1.099805095908563,1.099805095908563,0.3861479641441369,0.9346434048739141,0.7120299446276416,False,1.6244873680691345,False
18,1dzr,179,A,restricted_s231301,False,C,0.7700109381375603,0.7626730733704283,False,2.0696592700026875,0.4183836274150461,0.4183836274150461,0.9904704408681776,0.4183297831557053,2.0895719696476434,False,3.524224328912499,False
18,1dzr,179,A,restricted_s231301,False,D,0.80317358364195,0.8178562514871458,False,15.652133256229284,0.3313267326384468,0.3313267326384467,1.0182808151864482,0.3311111519033945,15.371136353348033,False,23.827975390700725,False
18,1dzr,179,A,restricted_s231301,False,E,0.80830972621554,0.8214527357952947,False,15.6068040401085,0.3253881415552393,0.3253881415552395,1.0162598681588175,0.32521540285442596,15.357099624905707,False,23.504639381624028,False
18,1dzr,179,A,restricted_s231301,False,F,0.7385935562810756,0.7381295546699274,False,4.610074521630198,0.4551649758202698,0.45516497582026977,0.9993717767949608,0.45516476052277466,4.612972497997648,False,8.456094672325861,False
18,1dzr,179,A,restricted_s231301,False,G,0.7468780309635104,0.7529201895857551,False,3.347032596748105,0.4331476957949668,0.43314769579496687,1.008089886663891,0.4331111881141505,3.320172775291461,False,5.951977954709692,False
18,1dzr,179,A,restricted_s231301,False,H,0.7764687253901528,0.775890076441473,False,5.188946408864082,0.39799492411425086,0.397994924114251,0.999254768505468,0.3979945892796451,5.19281625908567,False,8.61301136209446,False
18,1dzr,179,A,restricted_s231301,False,I,0.747004586657489,0.7490254661332247,False,3.3140915758675655,0.4389649350377607,0.4389649350377607,1.0027053106658665,0.43896085108390537,3.3051501180010474,False,5.92303982632127,False
18,1dzr,179,A,restricted_s231301,False,K,0.8093333586295468,0.8202936731254993,False,15.745518211414938,0.32723841832412676,0.3272384183241271,1.0135423980478349,0.32711828983027663,15.535135226451391,False,23.717021945028076,False
18,1dzr,179,A,restricted_s231301,False,L,0.7397911388606078,0.7406919814883295,False,3.659162476484445,0.4513762000763323,0.4513762000763322,1.0012176985914012,0.4513753885588922,3.6547121386612202,False,6.677823336897529,False
18,1dzr,179,A,restricted_s231301,False,M,0.7510342692366242,0.7457944533759233,False,3.2749298330780725,0.44381808898396186,0.4438180889839619,0.9930232000384925,0.44379063331370777,3.297938893019948,False,5.846865402716098,False
18,1dzr,179,A,restricted_s231301,False,N,0.7864265876769494,0.8058934547439346,False,16.362721017292202,0.35091469851428964,0.3509146985142894,1.0247535718807383,0.3505357396008859,15.967469122612151,False,25.81782837111615,False
18,1dzr,179,A,restricted_s231301,False,P,0.7779094263245725,0.7936267789906474,False,11.318934011471955,0.3704035708437599,0.3704035708437597,1.020204604976103,0.3701565356689301,11.094768594714475,False,18.33412467681723,False
18,1dzr,179,A,restricted_s231301,False,Q,0.7580408227584645,0.7550938216979876,False,3.2571490706938264,0.4298420052487781,0.42984200524877814,0.9961123451771992,0.42983332043352773,3.269861162210985,False,5.690417408936481,False
18,1dzr,179,A,restricted_s231301,False,R,0.7902905905522799,0.805535630891629,False,16.786664699351853,0.3513447586189735,0.3513447586189733,1.0192904237018632,0.35111234736402525,16.46897126570264,False,26.3689507797468,False
18,1dzr,179,A,restricted_s231301,False,S,0.797325690558773,0.8133942289551765,False,14.814020226820176,0.3386480262286107,0.33864802622861057,1.0201530423347358,0.3383898283024138,14.521370433711212,False,22.842103175080393,False
18,1dzr,179,A,restricted_s231301,False,T,0.7459194140492545,0.7485281248840197,False,3.7749361821500274,0.4397124516298331,0.439712451629833,1.003497309207443,0.4397056462576136,3.761780074060639,False,6.760978896030587,False
18,1dzr,179,A,restricted_s231301,False,V,0.743875488516936,0.7322916474325006,False,2.375794908007981,0.4638831284748635,0.46388312847486335,0.984427715036652,0.46374894310059417,2.4133766976679705,False,4.361386933592077,False
18,1dzr,179,A,restricted_s231301,False,W,0.7202090230300905,0.7257682824113961,False,5.370660828699244,0.4732913056104807,0.4732913056104806,1.0077189526978105,0.4732604002456121,5.329522496645719,False,10.274748107253679,False
18,1dzr,179,A,restricted_s231301,False,Y,0.7288351361882187,0.732146620899547,False,4.720284800262228,0.46397229143636853,0.4639722914363686,1.0045435305556851,0.4639613255053752,4.698935045304706,False,8.84587583713851,False
18,1dzr,179,A,restricted_s231303,False,C,0.7598129227391766,0.7616211949992273,False,2.0394320595167725,0.41993642517651536,0.41993642517651525,1.0023798914258155,0.41993315532794895,2.034589956324665,False,3.524224328912499,False
18,1dzr,179,A,restricted_s231303,False,D,0.795633787496113,0.814780691824819,False,15.446891261944797,0.33649902817484184,0.336499028174842,1.024064971384589,0.3361324242294693,15.083897695533711,False,23.827975390700725,False
18,1dzr,179,A,restricted_s231303,False,E,0.7983134891145436,0.8190819551565216,False,15.369311695275215,0.32953607991870687,0.32953607991870676,1.026015426677825,0.32910475073696993,14.97961073064964,False,23.504639381624028,False
18,1dzr,179,A,restricted_s231303,False,F,0.7273697491136996,0.7370487184335456,False,4.53337105106739,0.45685286910256234,0.45685286910256245,1.013306807619701,0.4567591866554679,4.473838542263882,False,8.456094672325861,False
18,1dzr,179,A,restricted_s231303,False,G,0.7444298229412009,0.7528405528981054,False,3.3357084279300313,0.4333018422904832,0.4333018422904832,1.0112982173708116,0.4332311019120751,3.2984419141984214,False,5.951977954709692,False
18,1dzr,179,A,restricted_s231303,False,H,0.7636801393147838,0.7756878727772495,False,5.102153472770884,0.39845250968921114,0.3984525096892114,1.0157235115126075,0.39830832402630556,5.023171576655538,False,8.61301136209446,False
18,1dzr,179,A,restricted_s231303,False,I,0.7325412005303401,0.7498782753645223,False,3.2536248814168296,0.43798314630013585,0.43798314630013585,1.023667030361747,0.4376825721363298,3.1784015553055887,False,5.92303982632127,False
18,1dzr,179,A,restricted_s231303,False,K,0.8011804923996071,0.818173689983966,False,15.546621722159252,0.330880581782162,0.33088058178216223,1.0212101988822304,0.330591813018021,15.223723518601624,False,23.717021945028076,False
18,1dzr,179,A,restricted_s231303,False,L,0.7270003308335038,0.7418260622469908,False,3.6014021636923217,0.44991389568306855,0.4499138956830684,1.02039301879889,0.44969409337112365,3.52942650267399,False,6.677823336897529,False
18,1dzr,179,A,restricted_s231303,False,M,0.7367395860309978,0.7456056106455375,False,3.2117835501311616,0.4441508797663605,0.44415087976636086,1.012034136325297,0.444072273373895,3.1735921100380766,False,5.846865402716098,False
18,1dzr,179,A,restricted_s231303,False,N,0.7776088874809826,0.8018797409719579,False,16.098676242037186,0.3575779553479262,0.35757795534792614,1.0312121606140578,0.35698888101874576,15.611410393425613,False,25.81782837111615,False
18,1dzr,179,A,restricted_s231303,False,P,0.7720145235998812,0.7919078376073962,False,11.208830252263475,0.37327772067817944,0.3732777206781792,1.025768056687267,0.3728819767359777,10.927256097701617,False,18.33412467681723,False
18,1dzr,179,A,restricted_s231303,False,Q,0.7460828866759976,0.7548777392100309,False,3.2048508393707236,0.43023694827624803,0.43023694827624814,1.0117880368134655,0.4301595988451526,3.1675120902438323,False,5.690417408936481,False
18,1dzr,179,A,restricted_s231303,False,R,0.7836772485366217,0.804588034701506,False,16.626608010483768,0.3530753553932019,0.35307535539320173,1.0266829057548008,0.35263809441516836,16.194491909125684,False,26.3689507797468,False
18,1dzr,179,A,restricted_s231303,False,S,0.7903821766477216,0.8105282140949889,False,14.633269266289583,0.3434498769808146,0.34344987698081475,1.025488982472648,0.34304401415598795,14.26955288296321,False,22.842103175080393,False
18,1dzr,179,A,restricted_s231303,False,T,0.7348125860890261,0.7494186926763219,False,3.723151325077144,0.4385849614169521,0.43858496141695225,1.0198773222775557,0.4383716230673127,3.650587422380103,False,6.760978896030587,False
18,1dzr,179,A,restricted_s231303,False,V,0.7276553034599303,0.7341331173821631,False,2.329834827683806,0.46109052803595807,0.46109052803595807,1.008902311151216,0.46104856596274707,2.309276925954634,False,4.361386933592077,False
18,1dzr,179,A,restricted_s231303,False,W,0.7093828447643227,0.7251685820470087,False,5.28555802916183,0.4743797171134887,0.4743797171134887,1.0222527756333473,0.4741305276119307,5.170500051601335,False,10.274748107253679,False
18,1dzr,179,A,restricted_s231303,False,Y,0.7185282219324348,0.7296867379127687,False,4.637897251377656,0.4676817769931058,0.4676817769931058,1.0155296836501755,0.46755726451422247,4.5669735961901194,False,8.84587583713851,False
18,1dzr,179,A,expanded_s231301,False,C,0.025444990071071046,0.06419023454318476,False,0.005756185660145949,0.9973808077584947,0.9973808077584948,2.522706213046002,0.9958796137892909,0.0022817503006803685,False,3.524224328912499,False
18,1dzr,179,A,expanded_s231301,False,D,0.009785668213557823,0.03532003793676399,False,0.008235667245553609,0.999404498957307,0.999404498957307,3.6093639357023033,0.9987524949201456,0.0022817503006803685,False,23.827975390700725,False
18,1dzr,179,A,expanded_s231301,False,E,0.00985274543296628,0.03588532590210253,False,0.008310511392405288,0.999389938630782,0.999389938630782,3.6421651352153974,0.9987122433848998,0.0022817503006803685,False,23.504639381624028,False
18,1dzr,179,A,expanded_s231301,False,F,0.016426655148931074,0.043376301249576775,False,0.006025200354015135,0.998844779914856,0.9988447799148558,2.640604606130018,0.998118496489906,0.0022817503006803685,False,8.456094672325861,False
18,1dzr,179,A,expanded_s231301,False,G,0.019579581337968496,0.06341027406163645,False,0.007389658103965141,0.9979002667680648,0.9979002667680646,3.2385919273295176,0.9959791371434281,0.0022817503006803685,False,5.951977954709692,False
18,1dzr,179,A,expanded_s231301,False,H,0.01627633230973949,0.07949453280703683,False,0.011144198255669856,0.9976771601279075,0.9976771601279075,4.884056880521457,0.993680619253791,0.0022817503006803685,False,8.61301136209446,False
18,1dzr,179,A,expanded_s231301,False,I,0.019627352928835006,0.036048895173291434,False,0.004190813590558647,0.9989701442064715,0.9989701442064716,1.8366661721525959,0.9987004771567851,0.0022817503006803685,False,5.92303982632127,False
18,1dzr,179,A,expanded_s231301,False,K,0.009808531259393113,0.04538683407679333,False,0.010558300683650046,0.9992058509238523,0.9992058509238525,4.627281381534951,0.9979400352924855,0.0022817503006803685,False,23.717021945028076,False
18,1dzr,179,A,expanded_s231301,False,L,0.01848487829254684,0.02772645962943378,False,0.0034225195641007394,0.9993166502620237,0.9993166502620237,1.4999535939932682,0.9992312434364173,0.0022817503006803685,False,6.677823336897529,False
18,1dzr,179,A,expanded_s231301,False,M,0.01975479421724408,0.018196204190432705,False,0.002101727506051106,0.9996713273559318,0.9996713273559319,0.9211032010927822,0.99966889815306,0.0022817503006803685,False,5.846865402716098,False
18,1dzr,179,A,expanded_s231301,False,N,0.009401003264790975,0.03392380835475544,False,0.008233765879391756,0.9994505431961902,0.9994505431961902,3.6085306428738613,0.9988491752267099,0.0022817503006803685,False,25.81782837111615,False
18,1dzr,179,A,expanded_s231301,False,P,0.011155883441716077,0.07103311627655626,False,0.014528641794178117,0.9985395794039991,0.9985395794039991,6.367323273649177,0.9949542963920411,0.0022817503006803685,False,18.33412467681723,False
18,1dzr,179,A,expanded_s231301,False,Q,0.020024514534601943,0.05745433226204766,False,0.006546797411132496,0.998099990959432,0.9980999909594322,2.8691997582646898,0.9966989997043222,0.0022817503006803685,False,5.690417408936481,False
18,1dzr,179,A,expanded_s231301,False,R,0.009302241996544081,0.049476299825900155,False,0.012136059462465177,0.9991660506780141,0.9991660506780141,5.318750022229192,0.9975520957555377,0.0022817503006803685,False,26.3689507797468,False
18,1dzr,179,A,expanded_s231301,False,S,0.009994613719445352,0.030985742744977604,False,0.007073983028238611,0.9994805112443087,0.9994805112443087,3.1002441529773446,0.9990398837465421,0.0022817503006803685,False,22.842103175080393,False
18,1dzr,179,A,expanded_s231301,False,T,0.018370850716419675,0.07241133830937249,False,0.00899384549526618,0.9976769723835297,0.9976769723835297,3.94164317304326,0.9947565980842457,0.0022817503006803685,False,6.760978896030587,False
18,1dzr,179,A,expanded_s231301,False,V,0.022872927276227327,0.0327181822889598,False,0.0032638901603617883,0.999026449593972,0.9990264495939722,1.4304326636392102,0.9989295205477063,0.0022817503006803685,False,4.361386933592077,False
18,1dzr,179,A,expanded_s231301,False,W,0.014902134073431066,0.01139004107745906,False,0.0017439938149254753,0.999882601761466,0.9998826017614663,0.764322815868789,0.9998702669642537,0.0022817503006803685,False,10.274748107253679,False
18,1dzr,179,A,expanded_s231301,False,Y,0.01606066925690271,0.04105286622917514,False,0.005832408871875118,0.9989392720838703,0.9989392720838703,2.556111801600736,0.9983146621743694,0.0022817503006803685,False,8.84587583713851,False
18,1dzr,179,A,expanded_s231303,False,C,0.4327439097353742,0.2818490855453875,False,0.4298442677809088,0.9433303409445559,0.9433303409445558,0.6513068796687171,0.9205610929772289,0.6599719444074446,False,3.524224328912499,False
18,1dzr,179,A,expanded_s231303,False,D,0.30109392796332785,0.22187708183835983,False,1.5918479614126293,0.9570458692648808,0.9570458692648808,0.7369032093712087,0.9507705605548937,2.160185952739893,False,23.827975390700725,False
18,1dzr,179,A,expanded_s231303,False,E,0.2991050296285484,0.2322715737277783,False,1.6329518191547094,0.9505166268656615,0.9505166268656615,0.7765552254879531,0.9460499160380211,2.1028147974004483,False,23.504639381624028,False
18,1dzr,179,A,expanded_s231303,False,F,0.6542439978509561,0.2354963286490718,False,1.3028479217847309,1.1198910896548189,1.1198910896548189,0.3599518366582255,0.9445414791928084,3.6195062480589195,False,8.456094672325861,False
18,1dzr,179,A,expanded_s231303,False,G,0.36125242964537224,0.24639380834414426,False,0.5297877118522539,0.9524825940968881,0.9524825940968881,0.6820543977683962,0.9392900912096691,0.776752871304193,False,5.951977954709692,False
18,1dzr,179,A,expanded_s231303,False,H,0.5122751360894154,0.32474733263608707,False,1.4328604325692285,0.9297058470137767,0.9297058470137769,0.6339314750177604,0.8945391699457467,2.26027652677931,False,8.61301136209446,False
18,1dzr,179,A,expanded_s231303,False,I,0.6155874126352426,0.23821423843058284,False,0.8685645504540657,1.085664489218238,1.0856644892182379,0.3869706130130592,0.9432539766089374,2.2445232822492236,False,5.92303982632127,False
18,1dzr,179,A,expanded_s231303,False,K,0.3614443842950486,0.2452638923455787,False,2.1024963632120395,0.953343529821117,0.9533435298211173,0.6785660616195069,0.9398456231114964,3.098440199313968,False,23.717021945028076,False
18,1dzr,179,A,expanded_s231303,False,L,0.6215493324667963,0.1999256133159123,False,0.8298105783551304,1.13779630969088,1.1377963096908799,0.32165687077878485,0.9600297491402563,2.5798005693023773,False,6.677823336897529,False
18,1dzr,179,A,expanded_s231303,False,M,0.6368737433733254,0.22022282642846158,False,0.8200470544526565,1.1250998933108554,1.1250998933108556,0.3457872595940424,0.9515019067198596,2.371536346988029,False,5.846865402716098,False
18,1dzr,179,A,expanded_s231303,False,N,0.20679325484344913,0.1849684126538366,False,0.9875376175937021,0.9662630100569215,0.9662630100569215,0.8944605702631121,0.9657866863203199,1.1040594190789323,False,25.81782837111615,False
18,1dzr,179,A,expanded_s231303,False,P,0.276487712984718,0.2772493173085815,False,1.4054212051853552,0.9231333960930717,0.9231333960930714,1.0027545684241874,0.9231328160519255,1.4015605108575588,False,18.33412467681723,False
18,1dzr,179,A,expanded_s231303,False,Q,0.6584993768992005,0.28373158585755387,False,1.0631809299535677,1.0599472843889928,1.059947284388993,0.4308760126602003,0.9194963871867575,2.467486930612726,False,5.690417408936481,False
18,1dzr,179,A,expanded_s231303,False,R,0.30053262615997256,0.21733708602986987,False,1.7223377316242836,0.9596860889335844,0.9596860889335845,0.7231730172090602,0.9527645910360449,2.381639926599166,False,26.3689507797468,False
18,1dzr,179,A,expanded_s231303,False,S,0.13807306893578059,0.15942675023655553,False,0.5028127252581522,0.975039091014106,0.975039091014106,1.1546549335461413,0.974583111309011,0.43546579211672265,False,22.842103175080393,False
18,1dzr,179,A,expanded_s231303,False,T,0.32734938343528214,0.2730810740391175,False,0.6043836537860958,0.9283717764063599,0.9283717764063599,0.8342189961482128,0.925426727001642,0.7244903994954306,False,6.760978896030587,False
18,1dzr,179,A,expanded_s231303,False,V,0.461593269564713,0.20292609782391047,False,0.4085281525768343,1.0257297045583467,1.0257297045583464,0.4396210066391821,0.9588209988219607,0.9292735024196258,False,4.361386933592077,False
18,1dzr,179,A,expanded_s231303,False,W,0.6081742239326072,0.2138141734983845,False,1.3360899091229121,1.1098033485896854,1.1098033485896854,0.35156730601933167,0.9542834992112027,3.8003815663378107,False,10.274748107253679,False
18,1dzr,179,A,expanded_s231303,False,Y,0.5867496826955184,0.23960961864158897,False,1.2436493595871372,1.0630934547257984,1.0630934547257984,0.4083677004149816,0.9425872306544323,3.045415585814808,False,8.84587583713851,False
18,1dzr,13,L,restricted_s231301,False,A,0.6355237326706505,0.12210382062140565,False,0.2477261953461471,1.2486906630783097,1.2486906630783101,0.19213101626951185,0.9850906569896556,1.2893607713949167,False,3.1923529853335495,False
18,1dzr,13,L,restricted_s231301,False,C,0.5431237016860274,0.060923305403644136,False,0.08926694361318903,1.2288055730335818,1.2288055730335818,0.11217206175042438,0.9962883508586943,0.7958037163639038,False,2.697791932921709,False
18,1dzr,13,L,restricted_s231301,False,D,0.3904867195490951,0.016866576212279896,False,0.03152247907906579,1.1393075301138977,1.139307530113898,0.0431937255939361,0.9997155186068754,0.7297930114991327,False,4.78615946170224,False
18,1dzr,13,L,restricted_s231301,False,E,0.5193890223412118,0.060467549505491054,False,0.12135724319084432,1.206952593686508,1.2069525936865082,0.11642053817950547,0.996343675456801,1.04240407310029,False,3.8641196637041015,False
18,1dzr,13,L,restricted_s231301,False,F,0.6908471578839701,0.004716254792080277,False,0.01194840791231726,1.4707533731184286,1.4707533731184286,0.006826770202726065,0.9999777569407362,1.7502285205888461,False,3.6671679978167986,False
18,1dzr,13,L,restricted_s231301,False,G,0.4327689705332882,0.1687902427965233,False,0.4380377301121422,1.0411946226342117,1.041194622634212,0.3900239025652143,0.9715098539366908,1.1231048333990241,False,5.996641245345065,False
18,1dzr,13,L,restricted_s231301,False,H,0.7629771201522082,0.10312375496582725,False,0.19899555132137559,1.4247719547095392,1.4247719547095397,0.13515969514951487,0.9893654911617481,1.4722994980215436,False,2.52914153928408,False
18,1dzr,13,L,restricted_s231301,False,I,0.9479802303455085,-0.009996811332496849,False,-0.011994928515971465,1.917620076145325,1.917620076145325,-0.010545379547475722,0.9999000637631825,1.137458207357053,False,1.2657178004081235,False
18,1dzr,13,L,restricted_s231301,False,K,0.6536246073294761,0.01693219547839356,False,0.02766069367595392,1.4050905280650299,1.40509052806503,0.025905076535557136,0.9997133007562814,1.067771162072694,False,2.499317324344487,False
18,1dzr,13,L,restricted_s231301,False,M,0.9940264788921717,0.11104840693194186,False,0.1260682263797091,1.7673185268804827,1.7673185268804827,0.11171574328251671,0.9876682513178778,1.1284732364076615,False,1.1420769249648801,False
18,1dzr,13,L,restricted_s231301,False,N,0.517601203285545,0.04172886093135699,False,0.0691934377705785,1.224713188383033,1.2247131883830331,0.08061971391580486,0.9982587021653715,0.8582694530873753,False,3.2035617612222587,False
18,1dzr,13,L,restricted_s231301,False,P,1.2590305923234402,0.08116276579772,False,0.31623724419706445,2.380785222212489,2.3807852222124892,0.06446449061093949,0.9934126054480644,4.905603708336751,False,3.094709554535652,False
18,1dzr,13,L,restricted_s231301,False,Q,0.6083259916793953,0.13200925848596168,False,0.18538842594495175,1.209451185994051,1.209451185994051,0.2170041397072743,0.9825735556739865,0.8543082458935103,False,2.3085636479391436,False
18,1dzr,13,L,restricted_s231301,False,R,0.5531865579046497,0.10199439305541945,False,0.14221289681450774,1.1931715134065914,1.1931715134065914,0.18437612338548504,0.9895971437852566,0.7713194865106021,False,2.5205253315832463,False
18,1dzr,13,L,restricted_s231301,False,S,0.4644188248387229,0.12409920612972267,False,0.17413458945797583,1.100416829916212,1.100416829916212,0.26721398766042304,0.9845993870379726,0.651667193707191,False,3.0213861067352505,False
18,1dzr,13,L,restricted_s231301,False,T,0.569854985529697,0.09373276192123721,False,0.12556373730533651,1.217906541156481,1.217906541156481,0.16448528889171662,0.9912141693426166,0.7633736618719574,False,2.350760947985656,False
18,1dzr,13,L,restricted_s231301,False,V,0.7602692257768305,-0.01298420689303841,False,-0.01778833765410636,1.5977522815070944,1.5977522815070944,-0.017078432814074992,0.9998314103713588,1.0415673292602299,False,1.8019906203497424,False
18,1dzr,13,L,restricted_s231301,False,W,0.7458250140957781,0.11259320059372273,False,0.2862502221913227,1.3883053008111634,1.3883053008111632,0.150964634419279,0.9873227711800617,1.8961409292477776,False,3.4087623375217095,False
18,1dzr,13,L,restricted_s231301,False,Y,0.6100316919155101,0.01631528205806395,False,0.04134796406998606,1.3522329869053809,1.352232986905381,0.026744974522280442,0.9997338115713658,1.5460087290619888,False,4.154388871349807,False
18,1dzr,13,L,restricted_s231303,False,A,0.679437436793071,0.12222151303686106,False,0.2650989665143683,1.2955514874384668,1.2955514874384666,0.17988633893025352,0.9850619017509804,1.473702606272697,False,3.1923529853335495,False
18,1dzr,13,L,restricted_s231303,False,C,0.5748820308129025,0.07460786674880106,False,0.11571024367705224,1.2447079054492285,1.2447079054492287,0.12977943778013556,0.994433666219193,0.8915915005972016,False,2.697791932921709,False
18,1dzr,13,L,restricted_s231303,False,D,0.6271527191171785,0.032825299733191454,False,0.09853015681156993,1.352147581129056,1.3521475811290558,0.05234020156908274,0.9989224996974262,1.882494790959527,False,4.78615946170224,False
18,1dzr,13,L,restricted_s231303,False,E,0.6432683059327279,0.07143326238596463,False,0.17755921086567358,1.3218926060530267,1.3218926060530267,0.11104738369223342,0.9948972890248979,1.598949970381805,False,3.8641196637041015,False
18,1dzr,13,L,restricted_s231303,False,F,0.7852035749015289,0.004004293430261216,False,0.01153025650492581,1.6102562830053493,1.6102562830053493,0.005099688231505298,0.9999839656341243,2.2609728245137,False,3.6671679978167986,False
18,1dzr,13,L,restricted_s231303,False,G,0.3753458932012154,0.172293574679689,False,0.3878009044780549,1.0115451681810619,1.0115451681810619,0.4590261350943458,0.9703149241240945,0.8448340406551107,False,5.996641245345065,False
18,1dzr,13,L,restricted_s231303,False,H,1.0527198584715796,0.10860169251180003,False,0.28914956530389013,1.8795647836788305,1.8795647836788296,0.10316295606836601,0.9882056723835725,2.8028429615013257,False,2.52914153928408,False
18,1dzr,13,L,restricted_s231303,False,I,0.9888602529077315,0.010357550867043886,False,0.012963697351982061,1.9573602590409631,1.9573602590409631,0.010474231153075103,0.9998927211400367,1.2376753159754434,False,1.2657178004081235,False
18,1dzr,13,L,restricted_s231303,False,K,0.8511515784482578,0.013778239208079425,False,0.029310419135449732,1.7010042693945722,1.7010042693945717,0.016187762035522107,0.999810160124325,1.810652953208203,False,2.499317324344487,False
18,1dzr,13,L,restricted_s231303,False,M,0.9531771815606996,0.12500181271658056,False,0.13607718138422867,1.670248988377662,1.6702489883776617,0.13114226309100988,0.984374546817569,1.0376302663756387,False,1.1420769249648801,False
18,1dzr,13,L,restricted_s231303,False,N,0.6795188355194962,0.05297919537921584,False,0.11532938037303718,1.3897451255240831,1.389745125524083,0.07796574960091125,0.9971932048569709,1.4792313414977958,False,3.2035617612222587,False
18,1dzr,13,L,restricted_s231303,False,P,0.9882319306080325,0.08647712877032858,False,0.2644722071341283,1.8056834288369967,1.8056834288369967,0.08750691623283365,0.99252170619964,3.0223006194211552,False,3.094709554535652,False
18,1dzr,13,L,restricted_s231303,False,Q,0.6928482974386424,0.14750452233264805,False,0.23593118136848862,1.2756422489382746,1.2756422489382746,0.21289584296872843,0.9782424158914175,1.10820003847207,False,2.3085636479391436,False
18,1dzr,13,L,restricted_s231303,False,R,0.7518729418351078,0.11075690056296096,False,0.20989704101900344,1.3987626873541554,1.3987626873541557,0.14730800165867775,0.9877329089776864,1.4248855368043658,False,2.5205253315832463,False
18,1dzr,13,L,restricted_s231303,False,S,0.5011266740546033,0.129426877761208,False,0.195964869431171,1.1214094218775368,1.121409421877537,0.25827177929687595,0.9832486833129853,0.7587544793498907,False,3.0213861067352505,False
18,1dzr,13,L,restricted_s231303,False,T,0.6567843891821947,0.08835567436720787,False,0.13641613319630552,1.3153044786333334,1.3153044786333339,0.1345276712152451,0.9921932748071158,1.0140377214888294,False,2.350760947985656,False
18,1dzr,13,L,restricted_s231303,False,V,0.7549729827855245,-0.007104811249672255,False,-0.00966577054352409,1.5807120858186585,1.5807120858186583,-0.009410682781599108,0.9999495216571066,1.0271061906819088,False,1.8019906203497424,False
18,1dzr,13,L,restricted_s231303,False,W,0.760521923453478,0.14469133466162884,False,0.3751033850779522,1.3583117317655522,1.3583117317655522,0.1902526806914328,0.9790644176738365,1.9716063064904996,False,3.4087623375217095,False
18,1dzr,13,L,restricted_s231303,False,Y,0.6637557184440801,0.024535936624402982,False,0.06765782978412373,1.4079999172835589,1.407999917283559,0.036965311096555285,0.9993979878139634,1.8303059754427065,False,4.154388871349807,False
18,1dzr,13,L,expanded_s231301,False,A,0.026734902531326255,-0.00935612347478141,False,-0.0007985193709522791,1.0012150251116982,1.0012150251116982,-0.349959139137257,0.9999124629535247,0.0022817503006803685,False,3.1923529853335495,False
18,1dzr,13,L,expanded_s231301,False,C,0.02908237247278884,0.03186815416465414,False,0.002500317689533908,0.9989921813297725,0.9989921813297725,1.095789354684589,0.9989844207501378,0.0022817503006803685,False,2.697791932921709,False
18,1dzr,13,L,expanded_s231301,False,D,0.02183436048405554,-0.019999269162006155,False,-0.0020899782458533075,1.0013500818023495,1.0013500818023495,-0.9159539697354795,0.9996000292329857,0.0022817503006803685,False,4.78615946170224,False
18,1dzr,13,L,expanded_s231301,False,E,0.02430013994096723,-0.013850942668946284,False,-0.0013005847981267537,1.0012636564914899,1.0012636564914899,-0.5699943581639707,0.9998081513871815,0.0022817503006803685,False,3.8641196637041015,False
18,1dzr,13,L,expanded_s231301,False,F,0.024944146884186922,-0.030349601201265525,False,-0.0027762108677453837,1.0021363002842616,1.0021363002842616,-1.2167023126577776,0.9990789017069241,0.0022817503006803685,False,3.6671679978167986,False
18,1dzr,13,L,expanded_s231301,False,G,0.019506530200086816,-0.021150617898589158,False,-0.002474065261973993,1.0012056550540256,1.0012056550540256,-1.0842839644794964,0.9995526513625079,0.0022817503006803685,False,5.996641245345065,False
18,1dzr,13,L,expanded_s231301,False,H,0.030036373140656276,0.010030283090783925,False,0.0007619628825068385,1.0002996370602022,1.0002996370602022,0.3339378906971712,0.9998993934211187,0.0022817503006803685,False,2.52914153928408,False
18,1dzr,13,L,expanded_s231301,False,I,0.042458594559450176,-0.017557950488411453,False,-0.0009435747749532352,1.0032937040541285,1.0032937040541283,-0.41353112769257955,0.9996917183746464,0.0022817503006803685,False,1.2657178004081235,False
18,1dzr,13,L,expanded_s231301,False,K,0.03021505286458292,-0.04599797012582404,False,-0.003473628943681625,1.0036926116176401,1.0036926116176401,-1.5223527932245102,0.9978841867443039,0.0022817503006803685,False,2.499317324344487,False
18,1dzr,13,L,expanded_s231301,False,M,0.04469782385816326,-0.005787691486793064,False,-0.0002954521193725504,1.0025152898868996,1.0025152898868996,-0.12948486049698468,0.9999665026272537,0.0022817503006803685,False,1.1420769249648801,False
18,1dzr,13,L,expanded_s231301,False,N,0.02668809086764649,-0.01109095365188736,False,-0.0009482426808095515,1.0013042469519007,1.0013042469519007,-0.41557688434479706,0.9998769907470917,0.0022817503006803685,False,3.2035617612222587,False
18,1dzr,13,L,expanded_s231301,False,P,0.02715339331214718,0.03153809471638,False,0.0026502049403082707,0.9990245741880649,0.9990245741880651,1.161478948646588,0.9990053485816607,0.0022817503006803685,False,3.094709554535652,False
18,1dzr,13,L,expanded_s231301,False,Q,0.03143859520325123,0.020121523925401848,False,0.0014603799237882253,0.9997232003772274,0.9997232003772275,0.6400261778656374,0.9995951242749195,0.0022817503006803685,False,2.3085636479391436,False
18,1dzr,13,L,expanded_s231301,False,R,0.030087667772027604,-0.0013899692963417643,False,-0.00010541072454984003,1.0009889096207631,1.0009889096207634,-0.04619730937184881,0.9999980679853552,0.0022817503006803685,False,2.5205253315832463,False
18,1dzr,13,L,expanded_s231301,False,S,0.027480899526288585,0.001481598082148522,False,0.0001230176932962433,1.0006737685427063,1.0006737685427063,0.05391374036833132,0.999997804867123,0.0022817503006803685,False,3.0213861067352505,False
18,1dzr,13,L,expanded_s231301,False,T,0.0311551484194347,0.003342675564533564,False,0.00024481189663322334,1.0007623601663749,1.0007623601663749,0.10729127396640453,0.9999888265200702,0.0022817503006803685,False,2.350760947985656,False
18,1dzr,13,L,expanded_s231301,False,V,0.03558424823267357,-0.03380184586187726,False,-0.0021674582375488076,1.0036718652700278,1.0036718652700276,-0.949910354740621,0.9988574352163299,0.0022817503006803685,False,1.8019906203497424,False
18,1dzr,13,L,expanded_s231301,False,W,0.02587233922248965,0.017393571600606422,False,0.0015339852685253305,0.9997693531673604,0.9997693531673605,0.6722844599025272,0.9996974636669745,0.0022817503006803685,False,3.4087623375217095,False
18,1dzr,13,L,expanded_s231301,False,Y,0.02343583788233589,-0.02037935380819357,False,-0.001984166169478661,1.0015044529612382,1.0015044529612382,-0.8695807638929753,0.9995846819383605,0.0022817503006803685,False,4.154388871349807,False
18,1dzr,13,L,expanded_s231303,False,A,0.6568819638684461,0.6666093925229892,False,1.3978792950838144,0.5557265406683605,0.5557265406683604,1.0148084879622166,0.5556319178001313,1.3774808859658063,False,3.1923529853335495,False
18,1dzr,13,L,expanded_s231303,False,C,0.6803261128208593,0.6783837931605233,False,1.2450908923086388,0.5397992017828033,0.5397992017828035,0.997145016744569,0.5397954291771404,1.2486557836627932,False,2.697791932921709,False
18,1dzr,13,L,expanded_s231303,False,D,0.5781762002638677,0.5941015327496643,False,1.6440235997465065,0.6472969849992828,0.6472969849992828,1.027544081680513,0.6470433687844996,1.5999543270764234,False,4.78615946170224,False
18,1dzr,13,L,expanded_s231303,False,E,0.5961647661328859,0.6024866203526807,False,1.3879195053107913,0.6370498381367812,0.6370498381367808,1.0106042063854301,0.6370098722960048,1.3733561532213319,False,3.8641196637041015,False
18,1dzr,13,L,expanded_s231303,False,F,0.5817722313172425,0.5883926523677832,False,1.2553101338682828,0.6538379166144915,0.6538379166144913,1.0113797474237483,0.6537940866396051,1.241185753487639,False,3.6671679978167986,False
18,1dzr,13,L,expanded_s231303,False,G,0.619388632526705,0.6357902577464084,False,2.361484868106596,0.5960397614646032,0.5960397614646031,1.0264803458739555,0.5957707481547555,2.3005651083324,False,5.996641245345065,False
18,1dzr,13,L,expanded_s231303,False,H,0.6337773495365087,0.6395272466752328,False,1.0251062954058319,0.5910379620771019,0.5910379620771019,1.0090724244767175,0.591004900759996,1.0158897127105908,False,2.52914153928408,False
18,1dzr,13,L,expanded_s231303,False,I,0.5993986377650069,0.5961171370575344,False,0.45225590543013355,0.6446551271532218,0.6446551271532217,0.9945253450696713,0.6446443589063288,0.45474548001433873,False,1.2657178004081235,False
18,1dzr,13,L,expanded_s231303,False,K,0.6005879815577881,0.6060947572131496,False,0.9097845642002408,0.6326794698568516,0.6326794698568516,1.009168974112799,0.6326491452787332,0.9015185638263097,False,2.499317324344487,False
18,1dzr,13,L,expanded_s231303,False,M,0.6811099161314038,0.6792123448475086,False,0.5283456435074521,0.5386741913835265,0.5386741913835266,0.9972140013836928,0.538670590606749,0.5298217261032653,False,1.1420769249648801,False
18,1dzr,13,L,expanded_s231303,False,N,0.6123105365347802,0.6186389650308337,False,1.2135064932649227,0.6173258799528085,0.6173258799528086,1.0103353251633846,0.617285830945579,1.201092808537287,False,3.2035617612222587,False
18,1dzr,13,L,expanded_s231303,False,P,0.6302186034355046,0.6295703658123568,False,1.2278784918440826,0.603641574702911,0.6036415747029114,0.9989714083024301,0.6036411544908952,1.229142777900559,False,3.094709554535652,False
18,1dzr,13,L,expanded_s231303,False,Q,0.639972616013408,0.6455932766815685,False,0.9538108158300501,0.5832409129299023,0.5832409129299023,1.0087826580817996,0.5832093211035557,0.9455067533017684,False,2.3085636479391436,False
18,1dzr,13,L,expanded_s231303,False,R,0.6792005899093014,0.6813549188399893,False,1.1664403014875522,0.5357601157056932,0.5357601157056933,1.0031718596283545,0.5357554745725516,1.1627522146800287,False,2.5205253315832463,False
18,1dzr,13,L,expanded_s231303,False,S,0.6614484433317949,0.670856443976548,False,1.340700657489382,0.5500401420512725,0.5500401420512724,1.0142233317495826,0.5499516315751408,1.3218988515839118,False,3.0213861067352505,False
18,1dzr,13,L,expanded_s231303,False,T,0.6461823945419021,0.6557819546369561,False,0.9961461266262657,0.570042179526552,0.5700421795265519,1.0148558056922294,0.5699500279725334,0.981564199602522,False,2.350760947985656,False
18,1dzr,13,L,expanded_s231303,False,V,0.6105045193659803,0.6167318230542693,False,0.678481120907958,0.6196806377433838,0.6196806377433836,1.0102002581320055,0.6196418584321575,0.6716303182920975,False,1.8019906203497424,False
18,1dzr,13,L,expanded_s231303,False,W,0.6396389324888403,0.6434222649530231,False,1.4029031738584303,0.5860221025672561,0.5860221025672562,1.0059147939126563,0.5860077889627215,1.394654082381698,False,3.4087623375217095,False
18,1dzr,13,L,expanded_s231303,False,Y,0.5784953476775074,0.5926300409661648,False,1.4242645977088033,0.6489894240988062,0.6489894240988066,1.0244335470378525,0.6487896345444418,1.3902947651676005,False,4.154388871349807,False
22,4hut,25,I,restricted_s231301,False,A,0.3920482089271403,0.11971576679561383,False,1.124311926984357,1.0598330942178593,1.0598330942178598,0.3053598105274401,0.9856681351805382,3.681925021640412,False,23.954989899951975,False
22,4hut,25,I,restricted_s231301,False,C,0.2672918959380554,0.10077721824054596,False,0.5205147533934307,1.0175710901724029,1.0175710901724029,0.3770305788242116,0.9898439522836974,1.3805637596204572,False,19.32345970011973,False
22,4hut,25,I,restricted_s231301,False,D,0.2665458871338051,0.08655498803113051,False,0.8063974039114084,1.02490495780672,1.0249049578067198,0.3247282821050629,0.9925082340469309,2.483298955926807,False,34.95304649217694,False
22,4hut,25,I,restricted_s231301,False,E,0.2943829554899342,0.10400617148727215,False,0.9874933406610176,1.0254260361797565,1.0254260361797565,0.35330228719994083,0.9891827162925602,2.7950380635440815,False,32.252427253090744,False
22,4hut,25,I,restricted_s231301,False,F,1.017471033924407,0.08653238792348292,False,0.26999185261894393,1.8591589084582938,1.8591589084582938,0.08504653699056738,0.9925121458402598,3.174636642158505,False,3.066549052780393,False
22,4hut,25,I,restricted_s231301,False,G,0.3121752171577377,0.11785010922229187,False,0.756299740578367,1.0238735993304167,1.0238735993304167,0.37751270038436097,0.9861113517562939,2.0033756210277103,False,20.55727471499006,False
22,4hut,25,I,restricted_s231301,False,H,0.4191237571539028,0.06392377706662339,False,0.7067790908352599,1.1220807765795402,1.1220807765795402,0.1525176656668271,0.9959137507255367,4.634080175205473,False,26.380254809705107,False
22,4hut,25,I,restricted_s231301,False,K,0.3416756641588429,0.07432550064986693,False,0.8075199409523518,1.0659518298814226,1.0659518298814226,0.21753232215951288,0.9944757199531467,3.7121837018786144,False,31.79811422585912,False
22,4hut,25,I,restricted_s231301,False,L,1.4868134073810964,-0.005910002181111462,False,-0.013275607907928217,3.2281882493292424,3.2281882493292424,-0.003974945444917302,0.9999650718742192,3.3398214118645377,False,1.5108115881563342,False
22,4hut,25,I,restricted_s231301,False,M,0.4523207853162375,0.06383770886490928,False,0.4163219031653644,1.1468438476159675,1.1468438476159677,0.14113370629270885,0.995924746926879,2.949840361323184,False,14.41801334795748,False
22,4hut,25,I,restricted_s231301,False,N,0.3023614031926858,0.081629588083123,False,0.7054779643349812,1.0420591445509417,1.0420591445509422,0.26997357209346895,0.9933366103493796,2.6131371262174286,False,28.58311100672503,False
22,4hut,25,I,restricted_s231301,False,P,0.37559725945446537,0.0795941385501336,False,1.1961203727024898,1.0812826206935664,1.0812826206935664,0.21191352318635062,0.9936647731084621,5.644379625790357,False,40.01026114359499,False
22,4hut,25,I,restricted_s231301,False,Q,0.34178382840674204,0.09450216658339544,False,0.7850973811710907,1.05221756078516,1.05221756078516,0.27649689285747164,0.9910693405110442,2.8394437747833643,False,24.306937998564926,False
22,4hut,25,I,restricted_s231301,False,R,0.3428627914330062,0.06247704885896246,False,0.596690830807077,1.0747127830046728,1.0747127830046728,0.182221723733385,0.9960966183658748,3.274531809830294,False,27.855342345980862,False
22,4hut,25,I,restricted_s231301,False,S,0.25736533454195565,0.1175618515682026,False,0.9837628187615322,1.0057242249074483,1.0057242249074485,0.4567897684333928,0.9861792110558559,2.153644601400437,False,32.51426470598571,False
22,4hut,25,I,restricted_s231301,False,T,0.22228883378017875,0.06612859856272149,False,0.5027626914519635,1.020013027515302,1.0200130275153023,0.2974895204502985,0.9956270084521304,1.6900181582563005,False,34.202360179088785,False
22,4hut,25,I,restricted_s231301,False,V,1.2979440453915125,0.03369714958119216,False,0.06742222276058057,2.5971847156761334,2.597184715676134,0.025961943198427886,0.9988645021101028,2.5969636496494335,False,1.5415369180301648,False
22,4hut,25,I,restricted_s231301,False,W,0.4311231724035059,0.05722385424497321,False,0.3798610891800855,1.1365261306247658,1.1365261306247658,0.13273203090882588,0.9967254305053501,2.8618645143839734,False,15.397362588422144,False
22,4hut,25,I,restricted_s231301,False,Y,0.5418748827040378,0.052460819265415556,False,0.28466093052531877,1.2367739879335051,1.2367739879335051,0.09681352825144454,0.9972478624420014,2.9403011714023695,False,10.013681532523707,False
22,4hut,25,I,restricted_s231303,False,A,0.34541389069289696,0.0929308162299932,False,0.7689454692090294,1.0551115662850674,1.0551115662850676,0.269041919662162,0.9913638633948272,2.858087952147383,False,23.954989899951975,False
22,4hut,25,I,restricted_s231303,False,C,0.33414678565100436,0.09296664780071666,False,0.6002737401401057,1.0495250612901812,1.0495250612901816,0.2782209848872063,0.9913572023966974,2.157543006266989,False,19.32345970011973,False
22,4hut,25,I,restricted_s231303,False,D,0.2846185683814853,0.11318899436621525,False,1.1260364940263112,1.0165763504014218,1.0165763504014216,0.39768661268264005,0.987188251554365,2.831466934304136,False,34.95304649217694,False
22,4hut,25,I,restricted_s231303,False,E,0.2982119552737727,0.084732360937201,False,0.8149608800428778,1.038393964208115,1.0383939642081148,0.2841346882267436,0.9928204270100079,2.868220297665758,False,32.252427253090744,False
22,4hut,25,I,restricted_s231303,False,F,0.8891181103110977,0.10709360460604714,False,0.29199331522421407,1.600093287375712,1.6000932873757125,0.12044924444129886,0.9885309598524837,2.424202132430291,False,3.066549052780393,False
22,4hut,25,I,restricted_s231303,False,G,0.40912246552745374,0.09994671150050827,False,0.8405961117091416,1.0856003017383644,1.0856003017383644,0.24429533922478147,0.9900106548602341,3.4409011419398827,False,20.55727471499006,False
22,4hut,25,I,restricted_s231303,False,H,0.32884276498084686,0.10208957105846736,False,0.8856225301023504,1.0409947304350984,1.0409947304350984,0.31045101772092654,0.9895777194810982,2.8526964949377693,False,26.380254809705107,False
22,4hut,25,I,restricted_s231303,False,K,0.26385952376205246,0.08856820110764996,False,0.7431080452800164,1.0228827215504848,1.0228827215504848,0.335664219524327,0.992155673752555,2.213843484220874,False,31.79811422585912,False
22,4hut,25,I,restricted_s231303,False,L,1.3504896480377668,0.01688846362709106,False,0.03445813035784821,2.778206898857874,2.7782068988578743,0.012505437306853585,0.9997147797963165,2.755451849649711,False,1.5108115881563342,False
22,4hut,25,I,restricted_s231303,False,M,0.3933746433926667,0.0696424915841149,False,0.3949899865034713,1.0999524294805516,1.0999524294805516,0.1770385884140421,0.9951499233659565,2.231095435418316,False,14.41801334795748,False
22,4hut,25,I,restricted_s231303,False,N,0.31894053932468797,0.11289901902607657,False,1.0292227767778606,1.0297069195899127,1.0297069195899127,0.3539814012515451,0.9872538115029496,2.90756173386205,False,28.58311100672503,False
22,4hut,25,I,restricted_s231303,False,P,0.471786942834652,0.07299911379231433,False,1.3779545431087645,1.1537028619778376,1.1537028619778376,0.15472898286186454,0.9946711293855367,8.905600732468743,False,40.01026114359499,False
22,4hut,25,I,restricted_s231303,False,Q,0.3141075015985086,0.10664516234271554,False,0.8142349150668308,1.0316674315583816,1.0316674315583818,0.3395180369777641,0.9886268093488958,2.3982081255970416,False,24.306937998564926,False
22,4hut,25,I,restricted_s231303,False,R,0.32253499327994845,0.09758611233933669,False,0.8767451200375269,1.041078949714928,1.041078949714928,0.30255976676191404,0.9904769506784943,2.8977584475977025,False,27.855342345980862,False
22,4hut,25,I,restricted_s231303,False,S,0.25619306972584716,0.11780758244191539,False,0.9813288309668005,1.0052719166100026,1.0052719166100026,0.4598390681214819,0.9861213735191914,2.1340701540991067,False,32.51426470598571,False
22,4hut,25,I,restricted_s231303,False,T,0.2522070015180425,0.07757003118921368,False,0.6691248839545061,1.0244809616669368,1.024480961666937,0.3075649396024576,0.9939828902613045,2.1755564363720454,False,34.202360179088785,False
22,4hut,25,I,restricted_s231303,False,V,1.0661169800756605,0.05926859853964452,False,0.09740549294221693,2.0102308966288414,2.0102308966288414,0.05559295991649841,0.9964872332271464,1.7521192087725077,False,1.5415369180301648,False
22,4hut,25,I,restricted_s231303,False,W,0.45820033302861185,0.0628225494018739,False,0.4432179023698032,1.1523769190722408,1.1523769190722408,0.13710716661122768,0.9960533272866491,3.2326384778015544,False,15.397362588422144,False
22,4hut,25,I,restricted_s231303,False,Y,0.5341227881885047,0.07645272344713056,False,0.408910105442674,1.2036168692378901,1.20361686923789,0.1431369811170621,0.9941549810775167,2.8567746940831027,False,10.013681532523707,False
22,4hut,25,I,expanded_s231301,False,A,0.009759690874532196,0.02795311282283098,False,0.006535250389424252,0.999549624085703,0.9995496240857031,2.8641391599578543,0.9992186234835141,0.0022817503006803685,False,23.954989899951975,False
22,4hut,25,I,expanded_s231301,False,C,0.01086654831576204,0.030729171621693266,False,0.006452490206642053,0.9994502418160378,0.999450241816038,2.827868678145045,0.9990557180114444,0.0022817503006803685,False,19.32345970011973,False
22,4hut,25,I,expanded_s231301,False,D,0.00807963126172907,0.03355710042233758,False,0.009476784459374457,0.999523022446075,0.9995230224460746,4.153296027417499,0.9988739210112452,0.0022817503006803685,False,34.95304649217694,False
22,4hut,25,I,expanded_s231301,False,E,0.008411101156093786,0.02983728794794597,False,0.008094212574935929,0.9995688177283508,0.9995688177283506,3.547370004738209,0.9991097362479113,0.0022817503006803685,False,32.252427253090744,False
22,4hut,25,I,expanded_s231301,False,F,0.02727778488472113,0.047233981385397826,False,0.003951059504425894,0.9981672007812575,0.9981672007812576,1.7315915344671036,0.997768951002484,0.0022817503006803685,False,3.066549052780393,False
22,4hut,25,I,expanded_s231301,False,G,0.010535406288174263,0.02530987955693848,False,0.005481594511836927,0.9995776950571827,0.9995776950571827,2.402363882762472,0.9993594099968132,0.0022817503006803685,False,20.55727471499006,False
22,4hut,25,I,expanded_s231301,False,H,0.009300248761642304,0.03255513496898641,False,0.00798717226904126,0.9994809529196677,0.9994809529196677,3.5004585149653136,0.9989401631871511,0.0022817503006803685,False,26.380254809705107,False
22,4hut,25,I,expanded_s231301,False,K,0.008470974524862101,0.0338135504085106,False,0.009108052277249158,0.9994988899611896,0.9994988899611896,3.991695442982229,0.9988566438087711,0.0022817503006803685,False,31.79811422585912,False
22,4hut,25,I,expanded_s231301,False,L,0.0388623362019936,0.007792419779295515,False,0.00045752154687815904,1.0009046179004968,1.0009046179004966,0.20051341583771723,0.9999392781939833,0.0022817503006803685,False,1.5108115881563342,False
22,4hut,25,I,expanded_s231301,False,M,0.012580020435360969,0.027135926638270864,False,0.00492188459345204,0.9994755158908702,0.9994755158908702,2.157065386157478,0.9992636414854823,0.0022817503006803685,False,14.41801334795748,False
22,4hut,25,I,expanded_s231301,False,N,0.008934686328004161,0.03471479884476588,False,0.008865504595704949,0.9994594969425443,0.9994594969425443,3.8853964840330897,0.9987948827411675,0.0022817503006803685,False,28.58311100672503,False
22,4hut,25,I,expanded_s231301,False,P,0.007551763232202353,0.0393209389947149,False,0.011880743823063367,0.9994631442852033,0.9994631442852032,5.206855377435816,0.998453863756574,0.0022817503006803685,False,40.01026114359499,False
22,4hut,25,I,expanded_s231301,False,Q,0.009688776363157296,0.030778386627628714,False,0.007248448133151352,0.9994974625777077,0.9994974625777077,3.176705238513619,0.9990526909166002,0.0022817503006803685,False,24.306937998564926,False
22,4hut,25,I,expanded_s231301,False,R,0.009050650782037022,0.03138552657977864,False,0.00791257296685836,0.9995137953982106,0.9995137953982107,3.467764621088908,0.99901494872131,0.0022817503006803685,False,27.855342345980862,False
22,4hut,25,I,expanded_s231301,False,S,0.008377165387731709,0.03066813948470055,False,0.008353307264651092,0.9995563527467387,0.9995563527467387,3.6609208563094375,0.999059465220547,0.0022817503006803685,False,32.51426470598571,False
22,4hut,25,I,expanded_s231301,False,T,0.008167817400996254,0.03325334766119349,False,0.009289609732864777,0.9995234986977591,0.9995234986977594,4.071264822489479,0.9988942148693238,0.0022817503006803685,False,34.202360179088785,False
22,4hut,25,I,expanded_s231301,False,V,0.03847309219221882,0.0014893651161657865,False,8.83308075331011e-05,1.0013655778599868,1.0013655778599868,0.03871186409256209,0.9999977817915509,0.0022817503006803685,False,1.5415369180301648,False
22,4hut,25,I,expanded_s231301,False,W,0.012173371891180635,0.04284261191162035,False,0.008030325819758653,0.9991051128880216,0.9991051128880217,3.519370992244061,0.9981645106045903,0.0022817503006803685,False,15.397362588422144,False
22,4hut,25,I,expanded_s231301,False,Y,0.01509514087986247,0.04913174229619327,False,0.007426652632758388,0.9987445621349147,0.9987445621349147,3.2548051513541694,0.9975860718989404,0.0022817503006803685,False,10.013681532523707,False
22,4hut,25,I,expanded_s231303,False,A,0.7466149839522122,0.7507076466819966,False,13.426522169964004,0.4364547791013982,0.43645477910139824,1.0054816241540185,0.4364380292131783,13.353324265135795,False,23.954989899951975,False
22,4hut,25,I,expanded_s231303,False,C,0.7498921055756912,0.7474868527717741,False,10.831465626403002,0.44126919017439886,0.44126919017439914,0.9967925348379676,0.4412634049333482,10.86631896592574,False,19.32345970011973,False
22,4hut,25,I,expanded_s231303,False,D,0.7397124881480929,0.7559843875533955,False,19.546131308740293,0.4287523804857737,0.4287523804857736,1.0219975999675768,0.42848760577551753,19.125418014054436,False,34.95304649217694,False
22,4hut,25,I,expanded_s231303,False,E,0.7431735892041341,0.7573327022700337,False,18.15262274784593,0.4266476585551816,0.4266476585551814,1.0190522285393142,0.4264471780723686,17.813240812853604,False,32.252427253090744,False
22,4hut,25,I,expanded_s231303,False,F,0.588334705083643,0.5775958221148971,False,1.0420736799835588,0.6664983898828323,0.6664983898828325,0.9817469836881048,0.6663830662754161,1.0614483133615815,False,3.066549052780393,False
22,4hut,25,I,expanded_s231303,False,G,0.699795046281602,0.6965428074562999,False,10.020380553770035,0.5148386944382728,0.5148386944382728,0.9953525838135279,0.514828117380896,10.067166868024408,False,20.55727471499006,False
22,4hut,25,I,expanded_s231303,False,H,0.7544229532770248,0.7591400693888964,False,15.108306776711892,0.42372860623263436,0.4237286062326343,1.0062526147850908,0.42370635504822135,15.014427346296767,False,26.380254809705107,False
22,4hut,25,I,expanded_s231303,False,K,0.7418604191312655,0.7577540933064058,False,17.875238978700747,0.4260613429561725,0.4260613429561721,1.0214240762349232,0.42580873407738684,17.50031098208568,False,31.79811422585912,False
22,4hut,25,I,expanded_s231303,False,L,0.5445736342610494,0.5403817718763572,False,0.44459810702060265,0.708005112334021,0.7080051123340209,0.9923024874489556,0.7079875406237688,0.4480469540730371,False,1.5108115881563342,False
22,4hut,25,I,expanded_s231303,False,M,0.7416982212625383,0.7324438692315391,False,7.832619128743554,0.46361162145664575,0.4636116214566453,0.9875227528316758,0.463525978425132,7.931583455959755,False,14.41801334795748,False
22,4hut,25,I,expanded_s231303,False,N,0.7519218103257942,0.7593543201252946,False,16.320243952722485,0.4234362587089714,0.4234362587089712,1.009884684414567,0.4233810165070516,16.160502485670804,False,28.58311100672503,False
22,4hut,25,I,expanded_s231303,False,P,0.7364070400103254,0.7534580763550456,False,22.199766685539554,0.4325916650157834,0.4325916650157833,1.0231543635765363,0.43230092717535445,21.697377713308178,False,40.01026114359499,False
22,4hut,25,I,expanded_s231303,False,Q,0.7503011280241635,0.7521486571754761,False,13.717328434007504,0.4342758108730932,0.4342758108730932,1.0024623835448279,0.4342723975091282,13.683634078618866,False,24.306937998564926,False
22,4hut,25,I,expanded_s231303,False,R,0.7436040377112886,0.752454418606812,False,15.585847999702438,0.43389067716108054,0.4338906771610807,1.0119020075829115,0.43381234791908463,15.402527006475369,False,27.855342345980862,False
22,4hut,25,I,expanded_s231303,False,S,0.7518680545832676,0.7660032099243547,False,18.726049175445628,0.41343888500210163,0.4134388850021016,1.0188000477675856,0.413239082385585,18.380494991611464,False,32.51426470598571,False
22,4hut,25,I,expanded_s231303,False,T,0.7503875642439766,0.7650070449306746,False,19.63392550415608,0.41497795042198554,0.4149779504219859,1.0194825732505672,0.4147642212064368,19.25871615593617,False,34.202360179088785,False
22,4hut,25,I,expanded_s231303,False,V,0.4826605445097477,0.5087563168953979,False,0.3785345658080838,0.7418479993554332,0.7418479993554333,1.0540665125469422,0.7411670100190295,0.35911829215922086,False,1.5415369180301648,False
22,4hut,25,I,expanded_s231303,False,W,0.7067958798120496,0.7076642153104458,False,7.70136277064793,0.4992121123755888,0.4992121123755889,1.0012285520094246,0.499211358369051,7.691912855652798,False,15.397362588422144,False
22,4hut,25,I,expanded_s231303,False,Y,0.7319153147297,0.7195603991888515,False,5.273778239044347,0.4823854758572021,0.48238547585720204,0.9831197471999734,0.4822328319191806,5.3643294767139125,False,10.013681532523707,False
22,4hut,44,A,restricted_s231301,False,C,0.6245237704021706,0.6230110993409756,False,2.3209204867070676,0.6118594582716884,0.6118594582716883,0.9975778807262681,0.6118571700979489,2.3265556820660103,False,5.965069459218626,False
22,4hut,44,A,restricted_s231301,False,D,0.6852367049941347,0.6815783223166441,False,10.106831609359453,0.5354643743118438,0.5354643743118438,0.9946611402296058,0.5354509905480288,10.161080191618233,False,21.64006907373127,False
22,4hut,44,A,restricted_s231301,False,E,0.6797844322293323,0.6739353748642087,False,4.975511153118539,0.5458453219786991,0.5458453219786988,0.9913957173953781,0.5458111105066384,5.018693409520003,False,10.86046040130349,False
22,4hut,44,A,restricted_s231301,False,F,0.7074300717509154,0.7033219545380488,False,11.927634079501223,0.5053551048918136,0.5053551048918137,0.9941928999389312,0.5053382282647788,11.997303622097768,False,23.972681521985905,False
22,4hut,44,A,restricted_s231301,False,G,0.5976122433568225,0.5958708290704288,False,1.808893456931034,0.6449409875866368,0.6449409875866369,0.9970860465029765,0.6449379550629198,1.814179892773812,False,5.079738742100928,False
22,4hut,44,A,restricted_s231301,False,H,0.7101116524764343,0.7104537572406637,False,14.206201827025065,0.49525557585829355,0.49525557585829355,1.0004817619356567,0.495255458822624,14.199361115329054,False,28.158889645764138,False
22,4hut,44,A,restricted_s231301,False,I,0.6511134235869651,0.651212711835117,False,7.344177993787824,0.5759220138025092,0.5759220138025093,1.0001524899419287,0.575922003944353,7.34305825126151,False,17.320629637430585,False
22,4hut,44,A,restricted_s231301,False,K,0.6492557119780071,0.6554079332604584,False,8.68990092016688,0.5704782908459628,0.5704782908459625,1.009475806171513,0.5704404410192545,8.608330053123074,False,20.42148650527234,False
22,4hut,44,A,restricted_s231301,False,L,0.6982146487215788,0.6822140787068005,False,5.146868541417946,0.5348399690550291,0.5348399690550292,0.9770835945019556,0.5345839508142315,5.267582600280415,False,10.80521572832658,False
22,4hut,44,A,restricted_s231301,False,M,0.6857196196636371,0.6730795196805109,False,4.410535885524016,0.5471237323142362,0.5471237323142362,0.9815666642448899,0.5469639601866527,4.493363564783448,False,9.556049886163256,False
22,4hut,44,A,restricted_s231301,False,N,0.7026537868095819,0.6993960874022491,False,10.668276431963154,0.5108557255318542,0.5108557255318539,0.9953637204146804,0.5108451129264255,10.717967927863217,False,21.70849275013766,False
22,4hut,44,A,restricted_s231301,False,P,0.6486504378384021,0.6485212550800956,False,6.8219209522547475,0.5794201983975226,0.5794201983975226,0.9998008437969501,0.5794201817093375,6.823279850762172,False,16.217046153333737,False
22,4hut,44,A,restricted_s231301,False,Q,0.6411930645593115,0.6465782694520473,False,7.30781460452903,0.5819655419041324,0.5819655419041323,1.0083987260474143,0.5819365414723958,7.246949461323913,False,17.626967358858952,False
22,4hut,44,A,restricted_s231301,False,R,0.6864174274152995,0.6906489100007804,False,11.651354515769015,0.5230219885596052,0.5230219885596055,1.0061645908400292,0.523004083114734,11.579968746506475,False,24.577108386256246,False
22,4hut,44,A,restricted_s231301,False,S,0.6045360342666188,0.598124123524194,False,1.8619012697619124,0.6422886454577836,0.6422886454577836,0.9893936665823346,0.6422475328584148,1.8818609140621279,False,5.149240028511074,False
22,4hut,44,A,restricted_s231301,False,T,0.6599811774162494,0.6440499073059642,False,1.72214646738008,0.5854535222665057,0.5854535222665059,0.9758610235330434,0.5851997168991789,1.7647456203806122,False,4.051529574107981,False
22,4hut,44,A,restricted_s231301,False,V,0.6538220139158115,0.6347715763506423,False,3.704753051856984,0.5974279650287451,0.5974279650287453,0.9708629609286569,0.5970650458573206,3.8159381920526525,False,8.926521465699695,False
22,4hut,44,A,restricted_s231301,False,W,0.6768210152195879,0.6749074051561673,False,8.954084599011384,0.5445036563688439,0.544503656368844,0.9971726497546776,0.5444999944653689,8.979472713390455,False,19.602125482399998,False
22,4hut,44,A,restricted_s231301,False,Y,0.6511338791488851,0.6436622283488178,False,5.355300023445404,0.5857547613627128,0.5857547613627127,0.9885251696473946,0.5856989357970345,5.417464509634723,False,12.777782442759099,False
22,4hut,44,A,restricted_s231303,False,C,0.6172122892330818,0.6234684088018448,False,2.2954324791975345,0.6113262822581546,0.6113262822581542,1.0101360904147527,0.6112871432260957,2.272399235092225,False,5.965069459218626,False
22,4hut,44,A,restricted_s231303,False,D,0.6633267278652375,0.6771097072496005,False,9.719528099517738,0.5417124148690701,0.5417124148690702,1.0207785677937633,0.5415224443483603,9.521681201168654,False,21.64006907373127,False
22,4hut,44,A,restricted_s231303,False,E,0.6777983116138661,0.6763073666311116,False,4.978434952761103,0.5426105687574327,0.5426105687574327,0.9978003117487789,0.5426083458404912,4.989410099537579,False,10.86046040130349,False
22,4hut,44,A,restricted_s231303,False,F,0.6892886354018776,0.7021138992552823,False,11.601798129450763,0.5072005598654526,0.5072005598654524,1.0186065215567166,0.5070360724725432,11.389872226343064,False,23.972681521985905,False
22,4hut,44,A,restricted_s231303,False,G,0.5986334929058308,0.5957224225513433,False,1.811533355006503,0.6451232696001676,0.6451232696001679,0.9951371408566587,0.6451147952695587,1.8203856339308708,False,5.079738742100928,False
22,4hut,44,A,restricted_s231303,False,H,0.6908409048096195,0.7075249915943581,False,13.763704976232052,0.4996867450212441,0.499686745021244,1.0241504037595115,0.4994083862694035,13.439144217204264,False,28.158889645764138,False
22,4hut,44,A,restricted_s231303,False,I,0.6225702671264662,0.6457595816612623,False,6.963425121791515,0.5835323070012652,0.5835323070012655,1.0372477064184715,0.5829945626926716,6.713367577196802,False,17.320629637430585,False
22,4hut,44,A,restricted_s231303,False,K,0.6439806798270623,0.6549224328759793,False,8.612912921032642,0.5711963288755918,0.5711963288755918,1.0169908094942466,0.5710766069158085,8.469017458786945,False,20.42148650527234,False
22,4hut,44,A,restricted_s231303,False,L,0.6767085592865392,0.6801068868759798,False,4.972929293351181,0.5374661710542685,0.5374661710542684,1.0050218480951731,0.5374546224238634,4.948080783294829,False,10.80521572832658,False
22,4hut,44,A,restricted_s231303,False,M,0.67146328151039,0.6739367117645654,False,4.324339587122319,0.5458154263931875,0.5458154263931874,1.0036836418643946,0.5458093085359652,4.308468731332149,False,9.556049886163256,False
22,4hut,44,A,restricted_s231303,False,N,0.6842469898960367,0.696844297063552,False,10.35090485429025,0.5145667177978769,0.514566717797877,1.018410467789459,0.5144080256500042,10.163784821220185,False,21.70849275013766,False
22,4hut,44,A,restricted_s231303,False,P,0.6330952626066441,0.6437588433906916,False,6.609430260732831,0.585688263511417,0.585688263511417,1.016843564332076,0.5855745515562791,6.4999479689624655,False,16.217046153333737,False
22,4hut,44,A,restricted_s231303,False,Q,0.6386112100159569,0.6471473000888704,False,7.284794107747703,0.5812732368214184,0.5812732368214182,1.01336664615189,0.5812003719876854,7.188705228665885,False,17.626967358858952,False
22,4hut,44,A,restricted_s231303,False,R,0.6790017393967931,0.6901088943091712,False,11.516467764362478,0.5238730828856207,0.5238730828856208,1.0163580654774838,0.5237497139953732,11.331112681190813,False,24.577108386256246,False
22,4hut,44,A,restricted_s231303,False,S,0.5970282410064945,0.5967750834686133,False,1.8346308571115186,0.6438595638397685,0.6438595638397685,0.9995759705814679,0.6438594997510297,1.835409124575381,False,5.149240028511074,False
22,4hut,44,A,restricted_s231303,False,T,0.6518929727632643,0.6465162087207028,False,1.7075551149773027,0.5820457014529778,0.582045701452978,0.9917520754675874,0.5820167918614086,1.7217560287657894,False,4.051529574107981,False
22,4hut,44,A,restricted_s231303,False,V,0.6198115039740448,0.6277674096010641,False,3.4732868493874416,0.6059713758771158,0.6059713758771159,1.012836008328352,0.6059080794427697,3.4292687274418405,False,8.926521465699695,False
22,4hut,44,A,restricted_s231303,False,W,0.6602379488688676,0.6753839248456144,False,8.74086408845144,0.5440859546484218,0.5440859546484218,1.0229401778596567,0.5438565540601334,8.544843850732638,False,19.602125482399998,False
22,4hut,44,A,restricted_s231303,False,Y,0.6394368050662864,0.6491542224450157,False,5.3039693507889,0.5786932236823195,0.5786932236823193,1.0151968377511864,0.5785987954818069,5.224572372130305,False,12.777782442759099,False
22,4hut,44,A,expanded_s231301,False,C,0.019558083937722705,0.07828024012976402,False,0.009132589982851772,0.997320495633069,0.9973204956330689,4.002449339057228,0.9938722040052266,0.0022817503006803685,False,5.965069459218626,False
22,4hut,44,A,expanded_s231301,False,D,0.01026844631466162,0.0784086094392716,False,0.017423168284819844,0.9984951717964483,0.9984951717964481,7.635878597068501,0.9938520899657997,0.0022817503006803685,False,21.64006907373127,False
22,4hut,44,A,expanded_s231301,False,E,0.014494723659749199,0.07579070912329736,False,0.01193092585897939,0.9980129662445353,0.9980129662445353,5.228848158986479,0.9942557684105877,0.0022817503006803685,False,10.86046040130349,False
22,4hut,44,A,expanded_s231301,False,F,0.009756088928083693,0.09333276763636289,False,0.021828631553836436,0.9982740557092438,0.9982740557092435,9.56661714795331,0.9912889944853367,0.0022817503006803685,False,23.972681521985905,False
22,4hut,44,A,expanded_s231301,False,G,0.02119402147080771,0.08831516723803659,False,0.009508019026855658,0.9967056794448232,0.9967056794448232,4.166984890511714,0.9922004312357177,0.0022817503006803685,False,5.079738742100928,False
22,4hut,44,A,expanded_s231301,False,H,0.009001736484315443,0.09479474409527167,False,0.024028467864970336,0.9983743966468456,0.9983743966468455,10.530717518829983,0.991013956491912,0.0022817503006803685,False,28.158889645764138,False
22,4hut,44,A,expanded_s231301,False,I,0.011477630001884153,0.05654770306024168,False,0.01124167083616649,0.9988336687640964,0.9988336687640964,4.926775218486645,0.9968023572786107,0.0022817503006803685,False,17.320629637430585,False
22,4hut,44,A,expanded_s231301,False,K,0.010570374696152846,0.08888435299579668,False,0.019186822132970724,0.9982326509896358,0.9982326509896355,8.408817620074217,0.9920995717925187,0.0022817503006803685,False,20.42148650527234,False
22,4hut,44,A,expanded_s231301,False,L,0.0145317305726348,0.07559880962699986,False,0.011870410460425203,0.9980140081272127,0.9980140081272127,5.202326677413257,0.9942848199829806,0.0022817503006803685,False,10.80521572832658,False
22,4hut,44,A,expanded_s231301,False,M,0.015452361300670557,0.08051724391666226,False,0.011889460901281549,0.9977504123818974,0.9977504123818977,5.21067572456827,0.9935169734320648,0.0022817503006803685,False,9.556049886163256,False
22,4hut,44,A,expanded_s231301,False,N,0.01025225082447474,0.08397806006455383,False,0.018690233694381643,0.9983831803758987,0.9983831803758987,8.191182746336713,0.9929476854277942,0.0022817503006803685,False,21.70849275013766,False
22,4hut,44,A,expanded_s231301,False,P,0.011861734030977322,0.07235820475711606,False,0.013918989839939777,0.9984241131746459,0.9984241131746461,6.100137177932851,0.9947642902043273,0.0022817503006803685,False,16.217046153333737,False
22,4hut,44,A,expanded_s231301,False,Q,0.011377458447678217,0.08784318496393906,False,0.017616958534802815,0.998130582187051,0.9981305821870505,7.720809121642197,0.9922835748553911,0.0022817503006803685,False,17.626967358858952,False
22,4hut,44,A,expanded_s231301,False,R,0.009635375980162736,0.09288239425504917,False,0.021995450043226183,0.9983029268891089,0.9983029268891089,9.639727027391041,0.9913728608374497,0.0022817503006803685,False,24.577108386256246,False
22,4hut,44,A,expanded_s231301,False,S,0.021050503589481472,0.08939273101845119,False,0.009689644241191033,0.9966795996910158,0.9966795996910157,4.246583965958848,0.992008939641063,0.0022817503006803685,False,5.149240028511074,False
22,4hut,44,A,expanded_s231301,False,T,0.02373146513353561,0.0767839825632582,False,0.007382682624747337,0.9969187896273564,0.9969187896273561,3.235534853461389,0.9941042200217253,0.0022817503006803685,False,4.051529574107981,False
22,4hut,44,A,expanded_s231301,False,V,0.015987955521372218,0.035246031094186725,False,0.005030201762785969,0.9991285907668759,0.9991285907668759,2.204536474164623,0.9987577172921076,0.0022817503006803685,False,8.926521465699695,False
22,4hut,44,A,expanded_s231301,False,W,0.010789031863730677,0.06250868893367507,False,0.013219834881480258,0.9987675867352257,0.9987675867352259,5.79372549114528,0.996092663807793,0.0022817503006803685,False,19.602125482399998,False
22,4hut,44,A,expanded_s231301,False,Y,0.01336307215680606,0.043143909003336534,False,0.007366840961848015,0.9990255013591914,0.9990255013591913,3.2285920854930454,0.9981386031159118,0.0022817503006803685,False,12.777782442759099,False
22,4hut,44,A,expanded_s231303,False,C,0.3637736454340595,0.20149425536527626,False,0.43722944959882976,0.9857346654958892,0.9857346654958891,0.5539000911538016,0.9594000650547928,0.7893651880216501,False,5.965069459218626,False
22,4hut,44,A,expanded_s231303,False,D,0.3477176357368686,0.23828636633427855,False,1.7930176117658014,0.9551948103422683,0.9551948103422682,0.6852869738094017,0.943219607619206,2.6164478244766576,False,21.64006907373127,False
22,4hut,44,A,expanded_s231303,False,E,0.5367887452553007,0.2651569879260907,False,1.5458050255622933,1.003475583343718,1.003475583343718,0.4939689780566842,0.929691771753963,3.129356486400464,False,10.86046040130349,False
22,4hut,44,A,expanded_s231303,False,F,0.42498097334547424,0.2914795212920618,False,2.969573987380424,0.9328623263677199,0.9328623263677199,0.6858648729554138,0.9150396886673504,4.329677906647172,False,23.972681521985905,False
22,4hut,44,A,expanded_s231303,False,G,0.46702062892767227,0.19811780730703898,False,0.47000335017513467,1.033058061903389,1.0330580619033891,0.4242163943848434,0.960749334427851,1.1079330181396856,False,5.079738742100928,False
22,4hut,44,A,expanded_s231303,False,H,0.3528175795395379,0.3090675291243481,False,3.0705708463487684,0.9063913293523019,0.9063913293523017,0.8759980994362924,0.9044772624409703,3.5052254660423245,False,28.158889645764138,False
22,4hut,44,A,expanded_s231303,False,I,0.3982405002309954,0.22631379984555003,False,1.5610619448242022,0.978340854304895,0.9783408543048953,0.5682842395845701,0.9487820639994684,2.746973848800342,False,17.320629637430585,False
22,4hut,44,A,expanded_s231303,False,K,0.509651596413961,0.27859967129217106,False,2.8996216939787756,0.9757672152583794,0.9757672152583794,0.546647304261322,0.9223822231558944,5.304373901371378,False,20.42148650527234,False
22,4hut,44,A,expanded_s231303,False,L,0.5914293142809981,0.277067151084765,False,1.770603538534344,1.0220573634391872,1.0220573634391872,0.46847043999094984,0.923233793789772,3.7795416474272088,False,10.80521572832658,False
22,4hut,44,A,expanded_s231303,False,M,0.5835919847224765,0.2792768237576558,False,1.5574805194259627,1.01461217290488,1.0146121729048798,0.47854807994058396,0.9220044557118352,3.2545956920762023,False,9.556049886163256,False
22,4hut,44,A,expanded_s231303,False,N,0.2754553483488285,0.2302596215167398,False,1.3768881635903492,0.9490231604228485,0.9490231604228485,0.8359235821594788,0.9469805066989676,1.6471459747951749,False,21.70849275013766,False
22,4hut,44,A,expanded_s231303,False,P,0.3335846252852162,0.16072011346678997,False,0.8694568013449449,1.004051184573445,1.0040511845734452,0.4817971251803755,0.9741690451272221,1.8046118498931207,False,16.217046153333737,False
22,4hut,44,A,expanded_s231303,False,Q,0.45232786401364783,0.24159105533833958,False,1.9262461909696398,0.9860437645111608,0.9860437645111606,0.5341060645581855,0.9416337619805074,3.6064862745249626,False,17.626967358858952,False
22,4hut,44,A,expanded_s231303,False,R,0.38526769744208295,0.2093555956230198,False,1.9823391369012848,0.9871153021477311,0.9871153021477309,0.543402929996466,0.9561702345813307,3.648009658163192,False,24.577108386256246,False
22,4hut,44,A,expanded_s231303,False,S,0.3021440677232365,0.12340580632861083,False,0.19199627482020257,1.016718373050759,1.0167183730507587,0.4084336563630644,0.9847710069643854,0.47007946536495376,False,5.149240028511074,False
22,4hut,44,A,expanded_s231303,False,T,0.4766669831218823,0.2418898773474316,False,0.46714507953476164,0.996609576632672,0.9966095766326722,0.5074609442491658,0.9414892872368446,0.9205537585280477,False,4.051529574107981,False
22,4hut,44,A,expanded_s231303,False,V,0.35571953976952225,0.1846280438403988,False,0.5862564633235604,0.9951847854069329,0.9951847854069331,0.5190269951434857,0.9659124854276677,1.1295298102201583,False,8.926521465699695,False
22,4hut,44,A,expanded_s231303,False,W,0.505811456457121,0.26464024123138546,False,2.6239026037095248,0.9881290977744522,0.9881290977744525,0.523199381613492,0.9299655427209942,5.01511029240456,False,19.602125482399998,False
22,4hut,44,A,expanded_s231303,False,Y,0.6053789604163071,0.24207657278157224,False,1.872559278837296,1.0733875577714274,1.0733875577714274,0.3998760918534417,0.9413989329103282,4.682848804883305,False,12.777782442759099,False
3,1w53,37,T,restricted_s231301,False,A,0.5222789070562958,0.5234205431077166,False,6.942986162694335,0.7260322383856969,0.7260322383856967,1.0021858743211658,0.7260309350528231,6.92784276908432,False,25.397621659223297,False
3,1w53,37,T,restricted_s231301,False,C,0.4971170076898485,0.5048823140038831,False,3.8847833476274807,0.7451541489882351,0.7451541489882353,1.0156206812358337,0.7450938490060844,3.825033715245317,False,15.478113394231977,False
3,1w53,37,T,restricted_s231301,False,D,0.5964049626534753,0.5849065055814935,False,10.232321884111848,0.6580165942434826,0.6580165942434827,0.9807203866634109,0.6578843797284465,10.433475252741577,False,29.332325331083553,False
3,1w53,37,T,restricted_s231301,False,E,0.6660752283641028,0.6438168562646,False,24.476962851845077,0.5859952907180874,0.5859952907180874,0.9665827955287122,0.5854998555895676,25.323193176075925,False,57.07841480499466,False
3,1w53,37,T,restricted_s231301,False,F,0.6038390533908211,0.5963716557303275,False,12.100567623868182,0.6443966102692876,0.6443966102692876,0.9876334635552952,0.6443408482414678,12.252083460506094,False,33.602187527736795,False
3,1w53,37,T,restricted_s231301,False,G,0.6329161964105027,0.6226086251325116,False,11.225249645350091,0.6124647459362544,0.6124647459362542,0.9837141609956436,0.6123584999106036,11.411088800418115,False,28.486209640339453,False
3,1w53,37,T,restricted_s231301,False,H,0.6238527439357953,0.6101997201854009,False,16.807169179617613,0.6278427065431873,0.6278427065431872,0.9781149896620484,0.6276563014856584,17.183224219296253,False,44.15099321933814,False
3,1w53,37,T,restricted_s231301,False,I,0.6268353707432828,0.6096904697068382,False,11.129464188961137,0.6285714787802046,0.6285714787802047,0.9726484786330504,0.6282775311486551,11.442432115456928,False,29.121340027802038,False
3,1w53,37,T,restricted_s231301,False,K,0.679596367032298,0.6554428739542143,False,31.41148584068302,0.570978030210513,0.570978030210513,0.9644590609223551,0.5703946389826399,32.56901937407568,False,70.51842198695653,False
3,1w53,37,T,restricted_s231301,False,L,0.5883518805252517,0.5733130324232177,False,19.006944530278982,0.6715383338059304,0.6715383338059306,0.9744390243324998,0.6713121668536944,19.505524774419747,False,56.34862813855017,False
3,1w53,37,T,restricted_s231301,False,M,0.5449354791933884,0.5499043786789101,False,23.341974066694608,0.6976298642718589,0.697629864271859,1.009118326251902,0.6976051743097619,23.13105753751602,False,77.8942356167391,False
3,1w53,37,T,restricted_s231301,False,N,0.6084878815423774,0.6004174966202808,False,17.533912814774737,0.6395639608650259,0.6395639608650259,0.9867369833206208,0.6394988297522353,17.769591199235954,False,47.9925217018484,False
3,1w53,37,T,restricted_s231301,False,P,0.6136645290226089,0.6011211889332523,False,9.7934348030609,0.6388106515960704,0.6388106515960705,0.9795599395172234,0.6386533162154733,9.997790240266053,False,26.548621680648175,False
3,1w53,37,T,restricted_s231301,False,Q,0.5693888575927,0.5557217254879493,False,13.891639324908798,0.6913601543206651,0.6913601543206651,0.9759968395543716,0.6911733638206964,14.233283102895655,False,43.90228849777184,False
3,1w53,37,T,restricted_s231301,False,R,0.5953760920203377,0.5999237673646399,False,36.38213013582804,0.6401121547020544,0.6401121547020545,1.0076383237507411,0.6400914733510172,36.10633823493584,False,101.85929454319782,False
3,1w53,37,T,restricted_s231301,False,S,0.48713646329020577,0.49820910543405317,False,4.371597582622098,0.7519102906666462,0.751910290666646,1.0227300622685087,0.7517876872626005,4.274439310921882,False,18.01266109074167,False
3,1w53,37,T,restricted_s231301,False,V,0.5823581007585005,0.5586839532275001,False,5.412946504425528,0.688432705667412,0.6884327056674121,0.9593477836057135,0.6878722404060924,5.64231928913302,False,16.637091934895892,False
3,1w53,37,T,restricted_s231301,False,W,0.6257911565028522,0.6180284386704513,False,14.986779992966683,0.6181011087827096,0.6181011087827096,0.9875953538944499,0.6180408489945641,15.175020755077801,False,38.749887918463706,False
3,1w53,37,T,restricted_s231301,False,Y,0.6238788941934845,0.6087267046307618,False,10.805987347670577,0.6296813879179178,0.6296813879179181,0.9757129313016583,0.6294517990693733,11.074965802958824,False,28.453900367413276,False
3,1w53,37,T,restricted_s231303,False,A,0.5133247724431191,0.5379386451192475,False,7.0132289594523725,0.7112278568153848,0.7112278568153849,1.047949902279177,0.7106220140872684,6.692332280578835,False,25.397621659223297,False
3,1w53,37,T,restricted_s231303,False,C,0.5070222121144369,0.5248488801135124,False,4.118881377883309,0.7248514431355412,0.7248514431355414,1.0351595404957366,0.724533653043592,3.978982192359239,False,15.478113394231977,False
3,1w53,37,T,restricted_s231303,False,D,0.5765235560449161,0.5925904170472741,False,10.021164102842397,0.6490947416462068,0.6490947416462065,1.027868524770402,0.6488365976237377,9.749461007263408,False,29.332325331083553,False
3,1w53,37,T,restricted_s231303,False,E,0.6256575429486542,0.6479586893443575,False,23.139603146805587,0.5806468780337051,0.5806468780337051,1.035644333944414,0.5801495369031425,22.343194848249475,False,57.07841480499466,False
3,1w53,37,T,restricted_s231303,False,F,0.5892313528284081,0.6086751255019319,False,12.05144027029791,0.6298926518909871,0.6298926518909869,1.032998537128397,0.6295145915952075,11.666464024043407,False,33.602187527736795,False
3,1w53,37,T,restricted_s231303,False,G,0.6072807351128938,0.6249786650750379,False,10.811584881291159,0.6097148849259685,0.6097148849259684,1.0291429135469843,0.6094016682010237,10.505426155079451,False,28.486209640339453,False
3,1w53,37,T,restricted_s231303,False,H,0.6028902276195575,0.618350147856718,False,16.459369359814353,0.6178821037793142,0.6178821037793144,1.0256430101682066,0.6176430946455748,16.047854074601453,False,44.15099321933814,False
3,1w53,37,T,restricted_s231303,False,I,0.5917510302070893,0.6166601495292013,False,10.62664718640668,0.6203507242080262,0.6203507242080263,1.0420939179664714,0.6197302599826228,10.197398721166497,False,29.121340027802038,False
3,1w53,37,T,restricted_s231303,False,K,0.6380656574363313,0.6603347482646708,False,29.71201509555018,0.5644539326405548,0.5644539326405547,1.0349009393763864,0.5639580202342339,28.710008818287605,False,70.51842198695653,False
3,1w53,37,T,restricted_s231303,False,L,0.5550999729793376,0.5791957468540958,False,18.11673440290138,0.6651128931447496,0.6651128931447495,1.04340798963731,0.6645322868261262,17.363039753221344,False,56.34862813855017,False
3,1w53,37,T,restricted_s231303,False,M,0.5236685487839685,0.5586586335259011,False,22.788110981777333,0.6891248372172206,0.6891248372172208,1.0668172354883338,0.687900531186973,21.36083878636073,False,77.8942356167391,False
3,1w53,37,T,restricted_s231303,False,N,0.5841684931896086,0.6042091700293934,False,16.93943856069626,0.635332907580588,0.635332907580588,1.0343063295494783,0.6349312788523914,16.37758377450394,False,47.9925217018484,False
3,1w53,37,T,restricted_s231303,False,P,0.5924457136021318,0.6026871054210253,False,9.479434722366417,0.636873139065614,0.636873139065614,1.0172866333298705,0.6367682529592259,9.31835179170448,False,26.548621680648175,False
3,1w53,37,T,restricted_s231303,False,Q,0.5382503205514196,0.5641390100228608,False,13.330842228616284,0.6824174016129753,0.6824174016129753,1.0480978616880694,0.6817471773704266,12.719081600973396,False,43.90228849777184,False
3,1w53,37,T,restricted_s231303,False,R,0.5752662774537656,0.6080692843101287,False,35.63055985361127,0.6313277827373864,0.6313277827373864,1.057022301049099,0.6302517454785679,33.708427739176166,False,101.85929454319782,False
3,1w53,37,T,restricted_s231303,False,S,0.49005955648510213,0.5126043147995024,False,4.524900127037885,0.7377450825763875,0.7377450825763874,1.046004119328067,0.7372368164489327,4.325891307143794,False,18.01266109074167,False
3,1w53,37,T,restricted_s231303,False,V,0.5482963659010198,0.5644812683262151,False,5.149230331671106,0.6816228487753406,0.6816228487753406,1.029518529451857,0.6813608977088274,5.0015907284473,False,16.637091934895892,False
3,1w53,37,T,restricted_s231303,False,W,0.6075212166991805,0.6275789601983596,False,14.774074189086525,0.6065469617906246,0.6065469617906246,1.0330157086663705,0.6061446487163459,14.301887246380739,False,38.749887918463706,False
3,1w53,37,T,restricted_s231303,False,Y,0.609195191661577,0.6157514836551047,False,10.673423464137873,0.6208930953412418,0.620893095341242,1.0107622188803647,0.6208501103765375,10.559776834516997,False,28.453900367413276,False
3,1w53,37,T,expanded_s231301,False,A,0.009478454584811846,-0.00934003761111872,False,-0.002248429154441019,1.0002668993459514,1.0002668993459511,-0.985396672795698,0.9999127636974229,0.002281750300680369,False,25.397621659223297,False
3,1w53,37,T,expanded_s231301,False,C,0.01214157553997643,-0.029391551933137385,False,-0.0055235156458969,1.0008611373526597,1.0008611373526597,-2.4207362410557836,0.9991361366749617,0.002281750300680369,False,15.478113394231977,False
3,1w53,37,T,expanded_s231301,False,D,0.008819842130597638,0.04845391724947111,False,0.012535342312938976,0.99922307781371,0.9992230778137098,5.493739744090844,0.9976522179031815,0.002281750300680369,False,29.332325331083553,False
3,1w53,37,T,expanded_s231301,False,E,0.006322634933982213,0.06566500646974555,False,0.02369758017361149,0.9992096239848169,0.9992096239848169,10.385702662795916,0.9956881069253284,0.002281750300680369,False,57.07841480499466,False
3,1w53,37,T,expanded_s231301,False,F,0.008240437743038918,-0.06101902614453275,False,-0.0168959690727747,1.0010735517863667,1.0010735517863665,-7.4048282442371915,0.9962766784483728,0.002281750300680369,False,33.602187527736795,False
3,1w53,37,T,expanded_s231301,False,G,0.008949869960567418,0.0589936727829463,False,0.015040311334556295,0.9990241287725039,0.9990241287725037,6.591567591805114,0.9965197465715787,0.002281750300680369,False,28.486209640339453,False
3,1w53,37,T,expanded_s231301,False,H,0.007188922790189931,0.05865440661291364,False,0.018616796122483938,0.9992083566099941,0.9992083566099941,8.158997992432743,0.9965596605848871,0.002281750300680369,False,44.15099321933814,False
3,1w53,37,T,expanded_s231301,False,I,0.00885173452846259,0.02246627948621787,False,0.00579123106415058,0.9996806221204539,0.9996806221204539,2.5380652135440758,0.9994952662860471,0.002281750300680369,False,29.121340027802038,False
3,1w53,37,T,expanded_s231301,False,K,0.005688303570141247,0.07700317879550526,False,0.03088829986013307,0.9991563218837968,0.9991563218837968,13.537107829425,0.9940705104553875,0.002281750300680369,False,70.51842198695653,False
3,1w53,37,T,expanded_s231301,False,L,0.006363446315994211,-0.03883382840385685,False,-0.013924702941919317,1.0005347274136016,1.0005347274136016,-6.102641002289896,0.9984919337714998,0.002281750300680369,False,56.34862813855017,False
3,1w53,37,T,expanded_s231301,False,M,0.005412294230390287,-0.04690284349126231,False,-0.019773606659820243,1.0005369969072695,1.0005369969072695,-8.6659818359284,0.9978001232724342,0.002281750300680369,False,77.8942356167391,False
3,1w53,37,T,expanded_s231301,False,N,0.006895206438668716,0.04287680147380948,False,0.014188720167451067,0.9994562550766485,0.9994562550766484,6.218349204652365,0.9981615798953756,0.002281750300680369,False,47.9925217018484,False
3,1w53,37,T,expanded_s231301,False,P,0.009270711554394863,0.02195542705816469,False,0.005403771004803225,0.9996788612301053,0.9996788612301053,2.3682569487081633,0.9995179592226936,0.002281750300680369,False,26.548621680648175,False
3,1w53,37,T,expanded_s231301,False,Q,0.0072092565145387396,0.01408866194592705,False,0.0044591017903820454,0.9998488358236629,0.9998488358236629,1.954246171920055,0.9998015096045733,0.002281750300680369,False,43.90228849777184,False
3,1w53,37,T,expanded_s231301,False,R,0.0047329697222476454,-0.03283909420344618,False,-0.015831627386198532,1.0003332538795335,1.0003332538795338,-6.938369803864113,0.9989215938918972,0.002281750300680369,False,101.85929454319782,False
3,1w53,37,T,expanded_s231301,False,S,0.011254990151289026,0.001855183104706186,False,0.00037610558073173175,1.0000849146681612,1.0000849146681607,0.1648320504744034,0.9999965582956479,0.002281750300680369,False,18.01266109074167,False
3,1w53,37,T,expanded_s231301,False,V,0.011711036915829228,-0.01132550272449815,False,-0.0022066337449633245,1.000402415146638,1.000402415146638,-0.9670794145640536,0.9998717329880373,0.002281750300680369,False,16.637091934895892,False
3,1w53,37,T,expanded_s231301,False,W,0.007673594271593562,-0.05736738161059421,False,-0.01705824358264324,1.0009393120708518,1.0009393120708518,-7.475946678984479,0.9967089835271444,0.002281750300680369,False,38.749887918463706,False
3,1w53,37,T,expanded_s231301,False,Y,0.008954949787023712,0.023697953089430752,False,0.006038315442669797,0.999655763165746,0.999655763165746,2.6463524255346,0.9994384070193711,0.002281750300680369,False,28.453900367413276,False
3,1w53,37,T,expanded_s231303,False,A,0.4998757643116445,0.5046360493079493,False,6.40668545437481,0.7453651180521111,0.745365118052111,1.0095229361696698,0.7453424577388651,6.346250515796149,False,25.397621659223297,False
3,1w53,37,T,expanded_s231303,False,C,0.4922818589407936,0.49318180929885264,False,3.757845369383893,0.7567725128873571,0.7567725128873571,1.0018281200936296,0.7567717029767101,3.750988112644202,False,15.478113394231977,False
3,1w53,37,T,expanded_s231303,False,D,0.5643660766549137,0.5572109672528984,False,9.224164724647142,0.6895671335636442,0.6895671335636442,0.9873218648356317,0.6895159379730894,9.342611617522287,False,29.332325331083553,False
3,1w53,37,T,expanded_s231303,False,E,0.6214367618243453,0.6094331042364691,False,21.616973265361057,0.6287353792561878,0.6287353792561877,0.9806840239823644,0.6285912914607009,22.042750505487785,False,57.07841480499466,False
3,1w53,37,T,expanded_s231303,False,F,0.5949761634557625,0.580974352667091,False,11.615130105304786,0.6626648522484162,0.6626648522484162,0.9764666021116785,0.6624688015430545,11.895061316164057,False,33.602187527736795,False
3,1w53,37,T,expanded_s231303,False,G,0.6111127927845053,0.5966240632178124,False,10.386203000657453,0.6442496504739246,0.6442496504739247,0.9762912350424287,0.6440397271894679,10.638426965091087,False,28.486209640339453,False
3,1w53,37,T,expanded_s231303,False,H,0.5844425778893103,0.5843534046000896,False,15.078491804845472,0.6585311064841596,0.6585311064841595,0.9998474216414166,0.658531098532284,15.08079280745817,False,44.15099321933814,False
3,1w53,37,T,expanded_s231303,False,I,0.6074515761025313,0.5831755252510681,False,10.316260679866406,0.6604956333930836,0.6604956333930838,0.9600362369504074,0.6599063067481409,10.74569925884924,False,29.121340027802038,False
3,1w53,37,T,expanded_s231303,False,K,0.6337197852216601,0.6215132468409872,False,27.774755292022203,0.613870283580413,0.613870283580413,0.9807382716062695,0.613721284001174,28.32025229986411,False,70.51842198695653,False
3,1w53,37,T,expanded_s231303,False,L,0.5552053418615358,0.5508351083351379,False,17.232909055828475,0.6965997823664921,0.6965997823664923,0.9921286176538845,0.6965806834254169,17.369632071071226,False,56.34862813855017,False
3,1w53,37,T,expanded_s231303,False,M,0.5226542958212318,0.5291850263661069,False,21.544052129909655,0.7200058583113526,0.7200058583113528,1.0124953159231447,0.7199632078699029,21.278174615817182,False,77.8942356167391,False
3,1w53,37,T,expanded_s231303,False,N,0.5764078452556786,0.5741866061527259,False,15.883876832587328,0.670314675217967,0.670314675217967,0.9961464107034016,0.6703097413148145,15.945323560791994,False,47.9925217018484,False
3,1w53,37,T,expanded_s231303,False,P,0.6013007985556795,0.5792412296013596,False,9.246837513292625,0.6649662225123554,0.6649662225123554,0.9633135877961466,0.6644795979299049,9.598990017827312,False,26.548621680648175,False
3,1w53,37,T,expanded_s231303,False,Q,0.5366691733667303,0.5311279117998486,False,12.513907320230736,0.7179338468868848,0.7179338468868849,0.9896747161158538,0.7179031413071322,12.644465011032803,False,43.90228849777184,False
3,1w53,37,T,expanded_s231303,False,R,0.5635308100212936,0.579088735969155,False,33.240186111393534,0.6648982849334454,0.6648982849334455,1.027607942052491,0.6646562358736464,32.347147925892145,False,101.85929454319782,False
3,1w53,37,T,expanded_s231303,False,S,0.4821638750225866,0.4893775301544373,False,4.2502705062652275,0.760561669800304,0.7605616698003039,1.014961002898678,0.7605096329799428,4.187619518510235,False,18.01266109074167,False
3,1w53,37,T,expanded_s231303,False,V,0.5569280675540289,0.5339800602533746,False,4.9476795332031065,0.7153919062908733,0.7153919062908735,0.9587953837531666,0.7148652952518024,5.160308045952005,False,16.637091934895892,False
3,1w53,37,T,expanded_s231303,False,W,0.6231922140992374,0.6089727048264061,False,14.70585558382931,0.629354439220371,0.6293544392203709,0.9771827873469434,0.6291522447764111,15.049237229971874,False,38.749887918463706,False
3,1w53,37,T,expanded_s231303,False,Y,0.5980767812453175,0.5894055333807129,False,10.03027771058144,0.6526763077597266,0.6526763077597271,0.9855014470774985,0.6526011172201973,10.177841686916034,False,28.453900367413276,False
3,1w53,84,Y,restricted_s231301,False,A,0.6853536452885867,0.6553990385857688,False,13.945114894865165,0.5713493786835705,0.5713493786835705,0.9562932116743836,0.5704521002208499,14.582467724986273,False,31.045708096431937,False
3,1w53,84,Y,restricted_s231301,False,C,0.6836573114362265,0.6664975156434813,False,20.741928959712624,0.556075520232716,0.5560755202327163,0.9749000039848971,0.5557810616410674,21.275955354323656,False,45.521036766647946,False
3,1w53,84,Y,restricted_s231301,False,D,0.7328653448952899,0.7371603751284862,False,3.539911363905657,0.4566130286251336,0.4566130286251336,1.0058605994445131,0.45659458134042963,3.5192862369403617,False,6.552487782072062,False
3,1w53,84,Y,restricted_s231301,False,E,0.7144274688373665,0.7113186586041328,False,2.7124935709557767,0.49403543062268357,0.49403543062268357,0.9956485292505718,0.4940257659216172,2.724348493737524,False,5.337604274342109,False
3,1w53,84,Y,restricted_s231301,False,F,0.7094735325071068,0.6650607203066836,False,5.612843376546879,0.5596667361927053,0.5596667361927052,0.9374003255012502,0.5576942383051552,5.987669540807508,False,11.89557465406154,False
3,1w53,84,Y,restricted_s231301,False,G,0.7458264250537661,0.7428996730724773,False,4.458041641097861,0.4481086416259664,0.4481086416259664,0.9960758269176666,0.4481000757488064,4.475604688543809,False,8.045928834135621,False
3,1w53,84,Y,restricted_s231301,False,H,0.5457307683517275,0.5476639098887227,False,2.733292296956512,0.7000679788415992,0.7000679788415989,1.003542298967005,0.700064241805397,2.7236443344441215,False,9.14520646670231,False
3,1w53,84,Y,restricted_s231301,False,I,0.6782320225797676,0.6590932405025984,False,13.300927725987345,0.5659623933031813,0.5659623933031813,0.9717813647247566,0.5655961003237839,13.68716072236541,False,29.75478283528176,False
3,1w53,84,Y,restricted_s231301,False,K,0.6764738937924016,0.6693654944315138,False,28.269945815892783,0.552000364205929,0.5520003642059288,0.9894919827267283,0.5519498348644551,28.570161567140456,False,62.432483935102496,False
3,1w53,84,Y,restricted_s231301,False,L,0.6403726426757334,0.6523544057554481,False,103.5300975720399,0.5745772919379548,0.5745772919379548,1.0187106104808759,0.5744337292914562,101.628565077151,False,247.8279322399317,False
3,1w53,84,Y,restricted_s231301,False,M,0.6684062594573078,0.6621762455033424,False,33.7590623475656,0.5615614329649637,0.5615614329649635,0.9906793004017892,0.5615226198910971,34.076680853101465,False,76.27395570644995,False
3,1w53,84,Y,restricted_s231301,False,N,0.626871967056642,0.6517383679625951,False,2.2857351096811724,0.5758554376194686,0.5758554376194683,1.039667431649095,0.5752370997254531,2.1985252592317868,False,5.594660808127051,False
3,1w53,84,Y,restricted_s231301,False,P,0.6585361468431374,0.6387022225067633,False,7.321477424591816,0.592452855519502,0.592452855519502,0.9698817985444639,0.592059470964921,7.5488347503576385,False,17.406869842920617,False
3,1w53,84,Y,restricted_s231301,False,Q,0.6566020430602125,0.6524167830507286,False,2.3026115238536593,0.5743698575950854,0.5743698575950855,0.9936258803125593,0.5743523411937385,2.3173827991772313,False,5.375183805364981,False
3,1w53,84,Y,restricted_s231301,False,R,0.6379426745842667,0.6541029538099571,False,104.59922059222181,0.5724104804417415,0.5724104804417415,1.0253318673754217,0.5721493258170891,102.01499038547212,False,250.66903162103318,False
3,1w53,84,Y,restricted_s231301,False,S,0.7031889826834964,0.7014882196850806,False,3.686155530639118,0.507917170237833,0.5079171702378328,0.9975813571595997,0.5079142776430561,3.6950926399974633,False,7.472763118067016,False
3,1w53,84,Y,restricted_s231301,False,T,0.6840963912559033,0.662416924842962,False,16.948347935156903,0.5616738169455436,0.5616738169455434,0.9683093396046998,0.5612038176815937,17.503030531623143,False,37.40060706493082,False
3,1w53,84,Y,restricted_s231301,False,V,0.6537104111827183,0.6330066825450789,False,7.918607873236448,0.5997311842327748,0.5997311842327746,0.9683288987241591,0.5993025398532738,8.177601519142687,False,19.13617530421013,False
3,1w53,84,Y,restricted_s231301,False,W,0.68974115221954,0.6625141065292768,False,23.2452560854544,0.5618163706667338,0.5618163706667341,0.9605257050378267,0.5610750586497142,24.20055597006534,False,50.8689843907668,False
3,1w53,84,Y,restricted_s231303,False,A,0.6473998630419929,0.6595502037064095,False,13.2562910820495,0.565141159569095,0.565141159569095,1.0187679073753966,0.5649935287908336,13.012081540928252,False,31.045708096431937,False
3,1w53,84,Y,restricted_s231303,False,C,0.648175390829213,0.6717356328408136,False,19.81997349987192,0.5493263245755968,0.5493263245755969,1.0363485598881808,0.5487712395719515,19.12481405098922,False,45.521036766647946,False
3,1w53,84,Y,restricted_s231303,False,D,0.7247734055747648,0.7389999421293932,False,3.509561631035263,0.4540814798750936,0.4540814798750935,1.0196289439502082,0.45387908553275336,3.441998828945215,False,6.552487782072062,False
3,1w53,84,Y,restricted_s231303,False,E,0.7060867418450515,0.7165597244818467,False,2.7005786098374913,0.4866518446158107,0.4866518446158107,1.014832430657781,0.48654216125050004,2.6611079112706966,False,5.337604274342109,False
3,1w53,84,Y,restricted_s231303,False,F,0.6540652681325879,0.6658509421678519,False,5.180641420502556,0.5567814249266495,0.5567814249266494,1.0180191100330294,0.556642522814184,5.088943193153291,False,11.89557465406154,False
3,1w53,84,Y,restricted_s231303,False,G,0.7323395455985454,0.7447285945628419,False,4.388202924066126,0.44553280897469394,0.44553280897469394,1.0169170831191028,0.4453793204404541,4.315202288279559,False,8.045928834135621,False
3,1w53,84,Y,restricted_s231303,False,H,0.5381703939772317,0.5609800564260747,False,2.7609639691163452,0.6858216569932281,0.6858216569932282,1.0423837184358533,0.685301376292198,2.648702124069344,False,9.14520646670231,False
3,1w53,84,Y,restricted_s231303,False,I,0.6352283882845317,0.6632378729847439,False,12.53591391638,0.560900055071844,0.5609000550718442,1.0440935657423205,0.5601155238386726,12.00650432843854,False,29.75478283528176,False
3,1w53,84,Y,restricted_s231303,False,K,0.6429716053855917,0.6739748504673911,False,27.054910361305478,0.5467191021430597,0.5467191021430599,1.0482186846543662,0.5457579009374577,25.8103683490687,False,62.432483935102496,False
3,1w53,84,Y,restricted_s231303,False,L,0.6155016093584919,0.653694880462073,False,99.71363073010106,0.5741417292152678,0.574141729215268,1.0620522684634213,0.5726830032576762,93.88768678434901,False,247.8279322399317,False
3,1w53,84,Y,restricted_s231303,False,M,0.6322691355732815,0.6661378902049053,False,32.12494476273497,0.5574074037736547,0.5574074037736547,1.053566990267388,0.5562603112333575,30.49160144489899,False,76.27395570644995,False
3,1w53,84,Y,restricted_s231303,False,N,0.6442328966324601,0.6602029641533145,False,2.3795461316435174,0.564387089179798,0.5643870891797977,1.0247892766798052,0.5641320461231774,2.3219857836071065,False,5.594660808127051,False
3,1w53,84,Y,restricted_s231303,False,P,0.623551323466567,0.6432648104859922,False,6.98204560941381,0.5865990051608857,0.5865990051608855,1.0316148587574638,0.5862103835904207,6.768073908729259,False,17.406869842920617,False
3,1w53,84,Y,restricted_s231303,False,Q,0.6358325937100343,0.6575332761268383,False,2.24726269575286,0.5681209104032618,0.5681209104032623,1.0341295533312977,0.5676499907859069,2.173095903229562,False,5.375183805364981,False
3,1w53,84,Y,restricted_s231303,False,R,0.6161907384112643,0.6548369359225666,False,101.14607101095372,0.5726821159336271,0.572682115933627,1.0627179136300304,0.5711885873515443,95.17678182864077,False,250.66903162103318,False
3,1w53,84,Y,restricted_s231303,False,S,0.6925725490365,0.7045571752905772,False,3.646386765171023,0.5037428180130128,0.503742818013013,1.0173045066119788,0.5035991867465629,3.584361163713817,False,7.472763118067016,False
3,1w53,84,Y,restricted_s231303,False,T,0.6526804714724225,0.6673185345112539,False,16.28967641675942,0.5549002463872813,0.554900246387281,1.0224276099540845,0.5546859734977525,15.932351843952025,False,37.40060706493082,False
3,1w53,84,Y,restricted_s231303,False,V,0.6217340730977805,0.6371248167374758,False,7.580264002350102,0.5943088428870207,0.5943088428870207,1.0247545442748716,0.5940719678972379,7.397150902818378,False,19.13617530421013,False
3,1w53,84,Y,restricted_s231303,False,W,0.6404295035543675,0.6678793988354811,False,21.758173999808246,0.5546906053621004,0.5546906053621006,1.0428616969217805,0.5539371086111564,20.86391135471937,False,50.8689843907668,False
3,1w53,84,Y,expanded_s231301,False,A,0.008573008875255327,0.025122907682055377,False,0.006686590786456843,0.9996427386601143,0.9996427386601142,2.9304656098710913,0.999368839509599,0.002281750300680369,False,31.045708096431937,False
3,1w53,84,Y,expanded_s231301,False,C,0.0070799140568778,0.024534574460773177,False,0.007907126019213534,0.9997027198258441,0.9997027198258441,3.4653774415438003,0.9993980546560288,0.002281750300680369,False,45.521036766647946,False
3,1w53,84,Y,expanded_s231301,False,D,0.018660829648965316,0.03765393346569958,False,0.004604129378134184,0.998942919287154,0.9989429192871541,2.0178059697247903,0.9985821812945607,0.002281750300680369,False,6.552487782072062,False
3,1w53,84,Y,expanded_s231301,False,E,0.020675730944602656,0.05665002125610639,False,0.006251832323655446,0.998084924655099,0.9980849246550993,2.7399283443903935,0.9967907750916827,0.002281750300680369,False,5.337604274342109,False
3,1w53,84,Y,expanded_s231301,False,F,0.013849731207089778,0.05243219817118988,False,0.008638231468434713,0.9987394713519729,0.9987394713519727,3.7857917519980067,0.9972508645949371,0.002281750300680369,False,11.89557465406154,False
3,1w53,84,Y,expanded_s231301,False,G,0.0168401503560333,0.020850716169116622,False,0.0028251605171231643,0.9995813322733761,0.9995813322733761,1.2381549884230374,0.999565247635235,0.002281750300680369,False,8.045928834135621,False
3,1w53,84,Y,expanded_s231301,False,H,0.015795642680611448,-0.003412384615704223,False,-0.000492934018599791,1.0003573039438505,1.0003573039438507,-0.21603328745165876,0.9999883556312346,0.002281750300680369,False,9.14520646670231,False
3,1w53,84,Y,expanded_s231301,False,I,0.008757006372692774,0.029731089758241798,False,0.00774681667549853,0.9995559744756515,0.9995559744756511,3.395120260612476,0.9991160623017874,0.002281750300680369,False,29.75478283528176,False
3,1w53,84,Y,expanded_s231301,False,K,0.006045451636504927,0.015459577529301848,False,0.005834947957051152,0.999849627228941,0.9998496272289409,2.5572245811959773,0.9997610014626155,0.002281750300680369,False,62.432483935102496,False
3,1w53,84,Y,expanded_s231301,False,L,0.00303430289565883,-0.09076098509132276,False,-0.06825090050121922,1.0005599996338135,1.0005599996338135,-29.91164304037487,0.9917624435852528,0.002281750300680369,False,247.8279322399317,False
3,1w53,84,Y,expanded_s231301,False,M,0.005469478545033992,-0.00643930973743842,False,-0.002686343279089109,1.0001003545284621,1.000100354528462,-1.1773169387939157,0.9999585352901054,0.002281750300680369,False,76.27395570644995,False
3,1w53,84,Y,expanded_s231301,False,N,0.020195154384521442,0.0007945735057108406,False,8.977491833179308e-05,1.0003757511913793,1.0003757511913791,0.039344760162855735,0.9999993686529439,0.002281750300680369,False,5.594660808127051,False
3,1w53,84,Y,expanded_s231301,False,P,0.01144916244203185,0.04848611274303287,False,0.00966299525317974,0.9990208325586688,0.9990208325586686,4.234904779150655,0.99764909687107,0.002281750300680369,False,17.406869842920617,False
3,1w53,84,Y,expanded_s231301,False,Q,0.020603329041567003,0.053841951001630785,False,0.005962817350503517,0.998205850302142,0.998205850302142,2.613264627915479,0.997101044312338,0.002281750300680369,False,5.375183805364981,False
3,1w53,84,Y,expanded_s231301,False,R,0.0030170583990106583,-0.09662172483394167,False,-0.07307337828276603,1.0005921294142575,1.0005921294142575,-32.02514239221404,0.9906642422901141,0.002281750300680369,False,250.66903162103318,False
3,1w53,84,Y,expanded_s231301,False,S,0.01747404502485515,0.050267236942091835,False,0.006563865598597437,0.9985485983263283,0.9985485983263284,2.8766800629500224,0.9974732048902076,0.002281750300680369,False,7.472763118067016,False
3,1w53,84,Y,expanded_s231301,False,T,0.007810785879778897,0.03420602931878029,False,0.009992543501322794,0.9995266564344469,0.9995266564344467,4.379332610734501,0.9988299475582428,0.002281750300680369,False,37.40060706493082,False
3,1w53,84,Y,expanded_s231301,False,V,0.010919593913767749,0.04803291048048993,False,0.010036921592223802,0.999070237777355,0.9990702377773548,4.398781755054884,0.9976928395107733,0.002281750300680369,False,19.13617530421013,False
3,1w53,84,Y,expanded_s231301,False,W,0.006697419846345929,0.0264086425795247,False,0.008997185413016511,0.9996911158987439,0.9996911158987442,3.943106925562251,0.999302583597107,0.002281750300680369,False,50.8689843907668,False
3,1w53,84,Y,expanded_s231303,False,A,0.6609133191516663,0.6272819046122257,False,12.870897549591653,0.6076484841899823,0.6076484841899824,0.9491137285860586,0.6065174121460586,13.560964468152898,False,31.045708096431937,False
3,1w53,84,Y,expanded_s231303,False,C,0.6588520626990438,0.6379561066125455,False,19.13334284860863,0.5934486470165314,0.5934486470165313,0.9682842973870398,0.5930120060357624,19.760046610526317,False,45.521036766647946,False
3,1w53,84,Y,expanded_s231303,False,D,0.7339313471022031,0.724927313211709,False,3.4862306776534675,0.4745614631859537,0.4745614631859538,0.9877317763765714,0.4744803905596527,3.529531762603076,False,6.552487782072062,False
3,1w53,84,Y,expanded_s231303,False,E,0.7140365930332557,0.6998458622383161,False,2.667283882969455,0.510417145948402,0.5104171459484022,0.9801260454528572,0.5102157691079079,2.7213682315084933,False,5.337604274342109,False
3,1w53,84,Y,expanded_s231303,False,F,0.6772528741015024,0.634742605946129,False,5.113684551618893,0.5989089470953588,0.5989089470953588,0.9372313211490304,0.5971018241967172,5.456160540334481,False,11.89557465406154,False
3,1w53,84,Y,expanded_s231303,False,G,0.76136620551257,0.7345129355943932,False,4.499551548091109,0.46121184554980504,0.46121184554980516,0.9647301525550397,0.4604907474445068,4.664051948800679,False,8.045928834135621,False
3,1w53,84,Y,expanded_s231303,False,H,0.5264400251753146,0.535306734031388,False,2.5771821977276725,0.7135253190265872,0.7135253190265872,1.0168427711269115,0.7134467005006488,2.5344942904708088,False,9.14520646670231,False
3,1w53,84,Y,expanded_s231303,False,I,0.6508796394096452,0.6285061303424548,False,12.172141414724585,0.6054806180299328,0.6054806180299327,0.965625735216601,0.6049800441219532,12.605444294620249,False,29.75478283528176,False
3,1w53,84,Y,expanded_s231303,False,K,0.6493729292402254,0.6387391931750941,False,25.895741996383073,0.5921253194447328,0.5921253194447328,0.9836246083162523,0.5920122431020298,26.326854551464358,False,62.432483935102496,False
3,1w53,84,Y,expanded_s231303,False,L,0.618471140796184,0.6322241046761975,False,96.90378546646281,0.6004818254818655,0.6004818254818658,1.0222370341521654,0.6002926814663805,94.79580784982416,False,247.8279322399317,False
3,1w53,84,Y,expanded_s231303,False,M,0.6358050527589568,0.6310790622071848,False,30.604410369346887,0.6017615522303956,0.6017615522303957,0.9925669188515183,0.6017392172437003,30.83359901290959,False,76.27395570644995,False
3,1w53,84,Y,expanded_s231303,False,N,0.6494194762567647,0.6513664151748624,False,2.3665976709395666,0.5757255837533997,0.5757255837533996,1.002997968168925,0.5757217931822488,2.3595238934132956,False,5.594660808127051,False
3,1w53,84,Y,expanded_s231303,False,P,0.6310117293222746,0.6117874771369625,False,6.719836355328917,0.6260856546904751,0.626085654690475,0.9695342395521561,0.6257160828183906,6.9309943694540594,False,17.406869842920617,False
3,1w53,84,Y,expanded_s231303,False,Q,0.6508001014438316,0.6352798480102066,False,2.222317011250105,0.5966603929787727,0.596660392978773,0.9761520420799067,0.5964195147121288,2.276609498777434,False,5.375183805364981,False
3,1w53,84,Y,expanded_s231303,False,R,0.6197739184526396,0.6346397223005489,False,98.59643918725182,0.5974534150023266,0.5974534150023267,1.0239858493642713,0.5972324228782822,96.28691573078297,False,250.66903162103318,False
3,1w53,84,Y,expanded_s231303,False,S,0.7119349703880586,0.6844213049340256,False,3.6412044235886407,0.532324479139122,0.532324479139122,0.9613536817287737,0.5315674773524054,3.78758046366533,False,7.472763118067016,False
3,1w53,84,Y,expanded_s231303,False,T,0.654492852760657,0.6342645241223108,False,15.525799763397721,0.5981176987193996,0.5981176987193995,0.9690931252296753,0.5977085134398986,16.02095749024956,False,37.40060706493082,False
3,1w53,84,Y,expanded_s231303,False,V,0.6273668445355606,0.5980775385649783,False,7.180161228051452,0.6431611213082955,0.6431611213082954,0.9533139084003311,0.642303257864057,7.5317911181006725,False,19.13617530421013,False
3,1w53,84,Y,expanded_s231303,False,W,0.6495693433854871,0.6315331354035397,False,20.86770694741631,0.6014912036857425,0.6014912036857424,0.9722335911237058,0.6011658988873743,21.463676155539382,False,50.8689843907668,False
7,2p7t,44,A,restricted_s231301,False,C,0.7721130223885526,0.7567189466093334,False,2.4694410277732,0.42761341341155723,0.4276134134115573,0.9800624062373702,0.4273764358424608,2.5196773308077525,False,4.226522391374806,False
7,2p7t,44,A,restricted_s231301,False,D,0.7168764012713651,0.7230077303615735,False,10.031428462192482,0.47729741503381856,0.47729741503381856,1.0085528399028545,0.4772598218374061,9.946358847354716,False,19.354214744671253,False
7,2p7t,44,A,restricted_s231301,False,E,0.7681237430895158,0.7620964806257642,False,9.47224087845228,0.419245282110631,0.419245282110631,0.9921532662959891,0.419208954217824,9.547154860271785,False,16.181232122892403,False
7,2p7t,44,A,restricted_s231301,False,F,0.647608838200002,0.6617811776453777,False,23.42161169061741,0.5622465281196519,0.562246528119652,1.0218841044306421,0.5620456729142971,22.92002741706909,False,54.64992855774472,False
7,2p7t,44,A,restricted_s231301,False,G,0.5636900122116572,0.5755029466056742,False,1.9853606649136872,0.6689359038671837,0.6689359038671838,1.020956437293733,0.6687963584481863,1.9446085967941174,False,6.120001403656957,False
7,2p7t,44,A,restricted_s231301,False,H,0.6874328627554004,0.6972556221778444,False,19.401029692906512,0.5139310839440582,0.5139310839440581,1.0142890454539402,0.5138345973413869,19.127712933371647,False,40.4764546807125,False
7,2p7t,44,A,restricted_s231301,False,I,0.6933890263532924,0.703045971289831,False,16.846135350074732,0.5058196188386455,0.5058196188386452,1.0139271672459644,0.505726362253138,16.614739099882602,False,34.55728363828123,False
7,2p7t,44,A,restricted_s231301,False,K,0.7302998263017652,0.7370238185827617,False,15.771350146236426,0.4568411029138793,0.45684110291387914,1.009207166753752,0.4567958908416844,15.627465465754721,False,29.301250356200438,False
7,2p7t,44,A,restricted_s231301,False,L,0.6900983581826278,0.7013540502150492,False,18.11446964868281,0.5082291868500751,0.508229186850075,1.016310272150282,0.5081024962469463,17.823759284019342,False,37.426336661698414,False
7,2p7t,44,A,restricted_s231301,False,M,0.702843654204833,0.7071064237873582,False,15.647976784928327,0.5000186766431666,0.5000186766431669,1.0060650324677798,0.5000005054386529,15.553643432517836,False,31.485796372644973,False
7,2p7t,44,A,restricted_s231301,False,N,0.7074006822630152,0.7024866011053525,False,6.638499251124615,0.5065367234610734,0.5065367234610733,0.9930533270876384,0.5065125752674492,6.684937324155158,False,13.358767493965802,False
7,2p7t,44,A,restricted_s231301,False,P,0.6133789738892066,0.6286315684032503,False,7.839138110700632,0.6050549928462795,0.6050549928462795,1.0248665102054815,0.6048223512068697,7.648935771282953,False,20.33027460704961,False
7,2p7t,44,A,restricted_s231301,False,Q,0.7290452729786292,0.7360463177290641,False,14.991419523633368,0.4582848327850832,0.4582848327850834,1.0096030315399083,0.4582358181574857,14.848825781324704,False,27.937215315106467,False
7,2p7t,44,A,restricted_s231301,False,R,0.6524803129319752,0.6644045752054294,False,14.621557241122423,0.558708748476859,0.5587087484768588,1.0182752828508672,0.5585665604460929,14.359139897991456,False,33.72823397898901,False
7,2p7t,44,A,restricted_s231301,False,S,0.65641143179348,0.6563123913571245,False,0.7336363599723992,0.5692540547601007,0.5692540547601008,0.9998491183554117,0.5692540449510927,0.7337470689368722,False,1.7029194566170485,False
7,2p7t,44,A,restricted_s231301,False,T,0.7349033140879007,0.7243034592276186,False,2.586871118225158,0.47549685587396434,0.47549685587396434,0.9855765314197316,0.47538449895090534,2.6247288117734984,False,4.8598630022021405,False
7,2p7t,44,A,restricted_s231301,False,V,0.696845836747623,0.6940863516206419,False,5.596317840011789,0.5182517512521129,0.5182517512521129,0.9960400349956017,0.5182441364939467,5.618567169377385,False,11.570500827213728,False
7,2p7t,44,A,restricted_s231301,False,W,0.6456707162715591,0.6513707076552436,False,22.123399063458976,0.5757486911104811,0.5757486911104813,1.008828015953084,0.5757162012087071,21.929802417866075,False,52.60324539119701,False
7,2p7t,44,A,restricted_s231301,False,Y,0.6560926351565038,0.6669742325967448,False,22.31130174846234,0.5552637822148347,0.5552637822148349,1.0165854589080172,0.5551453730519834,21.947295776223683,False,50.985970590896564,False
7,2p7t,44,A,restricted_s231303,False,C,0.7690475351732852,0.7603527962941826,False,2.4714481647403197,0.421939223651793,0.42193922365179315,0.9886941463544989,0.4218636251676173,2.499709514669439,False,4.226522391374806,False
7,2p7t,44,A,restricted_s231303,False,D,0.71743215984691,0.7207086223564946,False,10.007281441793767,0.4805898168675803,0.4805898168675803,1.0045669300777982,0.4805790816610036,9.961786658673661,False,19.354214744671253,False
7,2p7t,44,A,restricted_s231303,False,E,0.7637978310876841,0.7634615730085956,False,9.435766638352984,0.4171265396087365,0.4171265396087365,0.999559755127074,0.41712642653924076,9.439922515841403,False,16.181232122892403,False
7,2p7t,44,A,restricted_s231303,False,F,0.6492585758237212,0.6644029922979374,False,23.57430364318889,0.5587980171758914,0.5587980171758914,1.0233257087979197,0.5585686638255469,23.036950445504935,False,54.64992855774472,False
7,2p7t,44,A,restricted_s231303,False,G,0.5798189391411568,0.5806178419893583,False,2.060318186220465,0.6628835598093815,0.6628835598093816,1.0013778488322318,0.6628829215636205,2.0574832852785074,False,6.120001403656957,False
7,2p7t,44,A,restricted_s231303,False,H,0.6961315584376798,0.700297812394754,False,19.73224767506839,0.5096003316271569,0.5096003316271569,1.0059848658009765,0.5095829739551221,19.614855397806956,False,40.4764546807125,False
7,2p7t,44,A,restricted_s231303,False,I,0.6938834424739347,0.7015176755936625,False,16.821500782069165,0.5079312323449915,0.5079312323449912,1.0110021837277297,0.507872950829665,16.638441590744694,False,34.55728363828123,False
7,2p7t,44,A,restricted_s231303,False,K,0.7338838185612089,0.7351889196513102,False,15.809291896575672,0.45949895571079485,0.45949895571079485,1.001778348366721,0.4594972524219394,15.78122737664556,False,29.301250356200438,False
7,2p7t,44,A,restricted_s231303,False,L,0.6926496828840046,0.7015887012171546,False,18.187522596325383,0.5078532003731865,0.5078532003731867,1.0129055402089124,0.5077732943244262,17.955793382840216,False,37.426336661698414,False
7,2p7t,44,A,restricted_s231303,False,M,0.7090934245406835,0.710044884380279,False,15.852725639065348,0.4958371674412225,0.4958371674412224,1.0013417975779593,0.4958362621653963,15.831482993529127,False,31.485796372644973,False
7,2p7t,44,A,restricted_s231303,False,N,0.6945565235716629,0.6990918328811373,False,6.486467021717158,0.5112911782294247,0.5112911782294245,1.0065297915368387,0.511270609198892,6.444386521151227,False,13.358767493965802,False
7,2p7t,44,A,restricted_s231303,False,P,0.6102362759820403,0.624462600604707,False,7.7472522936177155,0.6102488487582756,0.6102488487582758,1.0233128137126435,0.6100464604460062,7.570756654077451,False,20.33027460704961,False
7,2p7t,44,A,restricted_s231303,False,Q,0.7325917447587145,0.7359895271658873,False,15.063183614158635,0.45833096082742014,0.45833096082742053,1.004638029887017,0.4583194159021337,14.99364265142607,False,27.937215315106467,False
7,2p7t,44,A,restricted_s231303,False,R,0.6570162130992756,0.6655156681690726,False,14.747824919516614,0.5571611361579565,0.5571611361579563,1.0129364464686545,0.5570888954214729,14.559477024379126,False,33.72823397898901,False
7,2p7t,44,A,restricted_s231303,False,S,0.6442145688231827,0.6406626630857535,False,0.7028361066023073,0.5895639681622379,0.5895639681622379,0.994486455430653,0.5895513521278706,0.7067327088913954,False,1.7029194566170485,False
7,2p7t,44,A,restricted_s231303,False,T,0.7256429115777989,0.7226776236508521,False,2.5485408070437137,0.47774584520684715,0.4777458452068469,0.9959135714279915,0.4777370522743575,2.558997969461834,False,4.8598630022021405,False
7,2p7t,44,A,restricted_s231303,False,V,0.6926890414856757,0.6945929759786434,False,5.566995394130482,0.5175442226876852,0.5175442226876852,1.002748613560977,0.5175405977211317,5.551735817774785,False,11.570500827213728,False
7,2p7t,44,A,restricted_s231303,False,W,0.6450033017634965,0.6555909300934998,False,22.243719684219883,0.5703126302527941,0.5703126302527944,1.0164148436156153,0.5702005323791399,21.8844892161295,False,52.60324539119701,False
7,2p7t,44,A,restricted_s231303,False,Y,0.6615796258482832,0.6693928452831341,False,22.579477057153266,0.5519742650816872,0.5519742650816872,1.0118099456657734,0.55191321868375,22.31592716979661,False,50.985970590896564,False
7,2p7t,44,A,expanded_s231301,False,C,0.02323498899676289,0.05026419757426341,False,0.004936105110465588,0.9982040885585415,0.9982040885585415,2.163297670649478,0.9974735104422153,0.0022817503006803685,False,4.226522391374806,False
7,2p7t,44,A,expanded_s231301,False,D,0.01085791107436109,0.11673482898344188,False,0.024531397366275933,0.9975829014481329,0.9975829014481329,10.751131427028279,0.9863729797022066,0.0022817503006803685,False,19.354214744671253,False
7,2p7t,44,A,expanded_s231301,False,E,0.011874853603637525,0.13694322098653058,False,0.026313607400299897,0.9968886507456566,0.9968886507456566,11.532202884975515,0.9812465542258343,0.0022817503006803685,False,16.181232122892403,False
7,2p7t,44,A,expanded_s231301,False,F,0.006461587934681316,0.11735507879142668,False,0.041441049634483196,0.9985251517962531,0.998525151796253,18.161956469174726,0.9862277854818581,0.0022817503006803685,False,54.64992855774472,False
7,2p7t,44,A,expanded_s231301,False,G,0.019308933966928874,0.027130066802980555,False,0.003205979066022221,0.9993251295941049,0.9993251295941052,1.4050525445603173,0.9992639594752658,0.0022817503006803685,False,6.120001403656957,False
7,2p7t,44,A,expanded_s231301,False,H,0.007508148008837145,0.15737873537986088,False,0.047827903279348195,0.9976931266091714,0.9976931266091713,20.961059264498378,0.9752319336502356,0.0022817503006803685,False,40.4764546807125,False
7,2p7t,44,A,expanded_s231301,False,I,0.008125765022330395,0.135738253275415,False,0.03811589424181763,0.997860073755883,0.9978600737558829,16.704673701785993,0.9815751265977393,0.0022817503006803685,False,34.55728363828123,False
7,2p7t,44,A,expanded_s231301,False,K,0.008824517762883352,0.18434379959696093,False,0.047665666437674024,0.996824381845706,0.9968243818457059,20.889957338215822,0.9660173635501556,0.0022817503006803685,False,29.301250356200438,False
7,2p7t,44,A,expanded_s231301,False,L,0.007808100565892811,0.14728616969782474,False,0.04304123123901436,0.9977609159845156,0.9977609159845157,18.86325213857993,0.9783067842157436,0.0022817503006803685,False,37.426336661698414,False
7,2p7t,44,A,expanded_s231301,False,M,0.008512884028329821,0.15212021570806658,False,0.04077353183437441,0.9974825056851053,0.9974825056851051,17.86941008497583,0.9768594399729312,0.0022817503006803685,False,31.485796372644973,False
7,2p7t,44,A,expanded_s231301,False,N,0.013069255929702038,0.039840504939895424,False,0.006955719944183283,0.9991294339397,0.9991294339397001,3.0484141678908676,0.9984127341661342,0.0022817503006803685,False,13.358767493965802,False
7,2p7t,44,A,expanded_s231301,False,P,0.010594060184157438,0.057711040196331595,False,0.012429812652704816,0.9988894456449251,0.9988894456449252,5.4474903099600835,0.9966694358394574,0.0022817503006803685,False,20.33027460704961,False
7,2p7t,44,A,expanded_s231301,False,Q,0.009037379105921926,0.15562609435472202,False,0.039292352730329966,0.997268770194189,0.9972687701941892,17.220268457339017,0.9757805187558951,0.0022817503006803685,False,27.937215315106467,False
7,2p7t,44,A,expanded_s231301,False,R,0.008225025578731419,0.09434523511175484,False,0.026172838798296974,0.9985156671017197,0.9985156671017195,11.470509630476569,0.9910989766117078,0.0022817503006803685,False,33.72823397898901,False
7,2p7t,44,A,expanded_s231301,False,S,0.036604712860756526,0.006593456577937938,False,0.0004110023096332495,1.000857201834028,1.0008572018340276,0.18012589261440987,0.9999565263303548,0.0022817503006803685,False,1.7029194566170485,False
7,2p7t,44,A,expanded_s231301,False,T,0.021668160548710045,0.0385811929281424,False,0.004062765197188693,0.9987975422165092,0.9987975422165088,1.7805476769203292,0.9985114915522414,0.0022817503006803685,False,4.8598630022021405,False
7,2p7t,44,A,expanded_s231301,False,V,0.014042938029951758,0.06987019160706015,False,0.011352776062101026,0.9982348385667554,0.9982348385667552,4.97546820031792,0.9951181563247927,0.0022817503006803685,False,11.570500827213728,False
7,2p7t,44,A,expanded_s231301,False,W,0.006586091934523772,0.06540791614207869,False,0.022660560133048912,0.9991818115090554,0.9991818115090554,9.931218208360496,0.9957218045059507,0.0022817503006803685,False,52.60324539119701,False
7,2p7t,44,A,expanded_s231301,False,Y,0.006689731891797299,0.12065544851996936,False,0.04115345882197974,0.9984304473090179,0.998430447309018,18.03591690541628,0.985442262742445,0.0022817503006803685,False,50.985970590896564,False
7,2p7t,44,A,expanded_s231303,False,C,0.7378343328990723,0.7413724300591794,False,2.3119501500866737,0.4503794380796614,0.4503794380796612,1.0047952460360654,0.450366919948147,2.3009166884570336,False,4.226522391374806,False
7,2p7t,44,A,expanded_s231303,False,D,0.6807006210770308,0.6955160418696466,False,9.163024623446477,0.5164769321952423,0.5164769321952424,1.0217649585351845,0.51625743550198,8.967839958597434,False,19.354214744671253,False
7,2p7t,44,A,expanded_s231303,False,E,0.7310225579156071,0.739286747894136,False,8.744908866457102,0.45352340122411333,0.45352340122411317,1.0113049725881138,0.4534551043881123,8.647153038392846,False,16.181232122892403,False
7,2p7t,44,A,expanded_s231303,False,F,0.612005094858525,0.6319072885535004,False,21.134793107090584,0.6010892759868356,0.6010892759868355,1.0325196536142827,0.6006931786729631,20.469143645943504,False,54.64992855774472,False
7,2p7t,44,A,expanded_s231303,False,G,0.5572516835325564,0.5613349676866853,False,1.914366156377595,0.6849197272616712,0.6849197272616713,1.00732754027452,0.6849030540521879,1.9004406013320017,False,6.120001403656957,False
7,2p7t,44,A,expanded_s231303,False,H,0.6531613153947534,0.667895255556034,False,17.657583929614578,0.5541330165984161,0.5541330165984162,1.0225578885552582,0.5539159276057399,17.268053111948955,False,40.4764546807125,False
7,2p7t,44,A,expanded_s231303,False,I,0.6496685820053534,0.664776776670775,False,14.924758132212876,0.5583000947452629,0.5583000947452628,1.0232552336435705,0.5580718371992146,14.585567355535856,False,34.55728363828123,False
7,2p7t,44,A,expanded_s231303,False,K,0.6908959722231226,0.7048721242901237,False,14.269512945115734,0.5033506212253284,0.5033506212253285,1.020229025249676,0.5031552883987285,13.986578103503398,False,29.301250356200438,False
7,2p7t,44,A,expanded_s231303,False,L,0.6427443504618079,0.6643089719309601,False,15.980328616147137,0.5591586227111388,0.5591586227111389,1.0335508533893112,0.558693589812031,15.461579431474544,False,37.426336661698414,False
7,2p7t,44,A,expanded_s231303,False,M,0.6717842944112625,0.6809686163001498,False,14.403619026159868,0.5363660953828181,0.5363660953828179,1.0136715340999989,0.5362817436142593,14.209355340088841,False,31.485796372644973,False
7,2p7t,44,A,expanded_s231303,False,N,0.6700031311709425,0.6817248617782762,False,6.101721144231875,0.5353886118018212,0.5353886118018212,1.0174950385483243,0.5352512128333902,5.996806778475591,False,13.358767493965802,False
7,2p7t,44,A,expanded_s231303,False,P,0.6002338317816279,0.6106073294384871,False,7.45119155514148,0.6272662986896359,0.6272662986896359,1.0172824274600922,0.6271586892359989,7.324604607341248,False,20.33027460704961,False
7,2p7t,44,A,expanded_s231303,False,Q,0.6895464478608988,0.7026874547652183,False,13.536576457537636,0.5064030269780386,0.5064030269780391,1.0190574644319979,0.5062303409155793,13.28342800087594,False,27.937215315106467,False
7,2p7t,44,A,expanded_s231303,False,R,0.629108144973599,0.6386504734526132,False,13.551337087515932,0.5922166287915543,0.5922166287915543,1.0151680256490951,0.592125572758753,13.348861218172482,False,33.72823397898901,False
7,2p7t,44,A,expanded_s231303,False,S,0.6617176301330289,0.6506159944506046,False,0.7331478221132101,0.5768220740798761,0.5768220740798762,0.983223001508676,0.5766988277650509,0.7456577205661932,False,1.7029194566170485,False
7,2p7t,44,A,expanded_s231303,False,T,0.7043606731290429,0.7072848895254752,False,2.421104341813129,0.49975663609046955,0.49975663609046944,1.0041515895307467,0.49974808504893636,2.4110944672651895,False,4.8598630022021405,False
7,2p7t,44,A,expanded_s231303,False,V,0.6550286450368644,0.663882864356759,False,5.031574522070009,0.55933793961323,0.5593379396132301,1.0135173009409324,0.5592595424134652,4.96446830991319,False,11.570500827213728,False
7,2p7t,44,A,expanded_s231303,False,W,0.6166995824291941,0.6254667919920427,False,20.290392585672205,0.6088681560787018,0.6088681560787019,1.0142163377641902,0.6087912921151829,20.00598080524099,False,52.60324539119701,False
7,2p7t,44,A,expanded_s231303,False,Y,0.6266880381476408,0.6406114966172207,False,20.469009366971534,0.5898107730975988,0.5898107730975989,1.0222175270980673,0.5896169104018447,20.024122874394642,False,50.985970590896564,False
7,2p7t,86,T,restricted_s231301,False,A,0.7261837944313859,0.7401805814542267,False,0.917040674900181,0.45232861688504555,0.45232861688504566,1.0192744414432995,0.4521327068380829,0.899699470146279,False,1.7060995123383313,False
7,2p7t,86,T,restricted_s231301,False,C,0.7193432888857393,0.7161235570447644,False,0.8318131539361708,0.4871774177186819,0.48717741771868184,0.9955240677285496,0.4871670510455541,0.8355530327198297,False,1.6147363703618212,False
7,2p7t,86,T,restricted_s231301,False,D,0.7030411295233778,0.698515463783312,False,0.8830012078273288,0.5120966285059755,0.5120966285059754,0.9935627297607267,0.5120761468555847,0.8887221524905391,False,1.7980614900810594,False
7,2p7t,86,T,restricted_s231301,False,E,0.7096461701729476,0.7060051034269623,False,0.9047293353718363,0.5015700513021331,0.5015700513021332,0.9948691800237602,0.5015567939350843,0.9093952788347799,False,1.8057971722210533,False
7,2p7t,86,T,restricted_s231301,False,F,0.7891649692372585,0.775583029230743,False,1.98745765883359,0.398655433863605,0.3986554338636049,0.982789479340875,0.39847096476926447,2.022261837974205,False,3.24714579569358,False
7,2p7t,86,T,restricted_s231301,False,G,0.7487248515447215,0.7745888921283498,False,1.8794009067663517,0.4006809967866873,0.4006809967866872,1.0345441192852987,0.4000120481913757,1.8166464549281005,False,3.240603665479536,False
7,2p7t,86,T,restricted_s231301,False,H,0.7677107226761613,0.7554033815184283,False,0.9624954853606404,0.4295172018368965,0.429517201836897,0.9839687778297133,0.42936573119052385,0.9781768558587445,False,1.65967162885749,False
7,2p7t,86,T,restricted_s231301,False,I,0.7258808654917901,0.7075710378777691,False,1.1408768856266027,0.49967847614383193,0.4996784761438322,0.9747757125384259,0.4993432263565768,1.1703993759299056,False,2.221280401366044,False
7,2p7t,86,T,restricted_s231301,False,K,0.7144208761314499,0.7121601904976642,False,0.9227743946225074,0.4928329737698654,0.4928329737698654,0.9968356388939429,0.49282786307033055,0.9257036552649628,False,1.8136927016281585,False
7,2p7t,86,T,restricted_s231301,False,L,0.7214308852860594,0.7086047049335312,False,1.66751006321682,0.49804388304849895,0.49804388304849906,0.9822211931674614,0.49787937214606326,1.6976930194709432,False,3.2618929258329863,False
7,2p7t,86,T,restricted_s231301,False,M,0.7425831481481939,0.7340456750106471,False,1.460324900158813,0.46124983544573767,0.46124983544573783,0.9885030071597545,0.4611769469981633,1.4773095170997352,False,2.679053071681279,False
7,2p7t,86,T,restricted_s231301,False,N,0.7247427742353074,0.7208979404145729,False,0.8764816625081859,0.48032094225313604,0.48032094225313604,0.9946948987179742,0.48030615950602695,0.8811562858499133,False,1.6775873997045236,False
7,2p7t,86,T,restricted_s231301,False,P,0.7212279560984153,0.7285563895314897,False,19.471828504213903,0.46925929320942333,0.46925929320942306,1.0101610501521856,0.46920558727284023,19.2759644625779,False,37.057064389844356,False
7,2p7t,86,T,restricted_s231301,False,Q,0.7149706054019773,0.7146796637307898,False,1.5711463123977376,0.4892330628967011,0.4892330628967014,0.9995930718424096,0.48923297824964507,1.5717859163448022,False,3.0748010381358135,False
7,2p7t,86,T,restricted_s231301,False,R,0.6856302992192026,0.6778603389869945,False,0.6875074845653134,0.5405657331104468,0.540565733110447,0.9886674199768353,0.5405053608284368,0.6953880250058426,False,1.4792691645008815,False
7,2p7t,86,T,restricted_s231301,False,S,0.705350458150077,0.7172207866209597,False,0.522040236370503,0.48573524793681866,0.4857352479368183,1.016828979599751,0.48559434323881184,0.5134002343009451,False,1.0319203023559793,False
7,2p7t,86,T,restricted_s231301,False,V,0.6424560577873369,0.6425033105719501,False,0.9745951695897368,0.58718949813691,0.5871894981369102,1.0000735502203464,0.5871894959040843,0.9745234931720812,False,2.3610514790891726,False
7,2p7t,86,T,restricted_s231301,False,W,0.815040121743144,0.802979313990096,False,2.247295014033272,0.3553696843876506,0.3553696843876507,0.9852021913629808,0.3552242213039946,2.281049548747192,False,3.4338138087977734,False
7,2p7t,86,T,restricted_s231301,False,Y,0.7779409563124959,0.7674602764233991,False,1.9297538886876828,0.41111456876305774,0.4111145687630577,0.9865276666512378,0.41100472411211997,1.9561072171834986,False,3.232208608377034,False
7,2p7t,86,T,restricted_s231303,False,A,0.7589896626080652,0.7420270613461835,False,0.9608596668471475,0.449683570071517,0.44968357007151727,0.9776510773498623,0.44939584022994733,0.9828247409615385,False,1.7060995123383313,False
7,2p7t,86,T,restricted_s231303,False,C,0.7315131772221648,0.7170787068837411,False,0.8470140373613877,0.4860064820678926,0.4860064820678927,0.9802676550636626,0.4857981281339418,0.8640640471875807,False,1.6147363703618212,False
7,2p7t,86,T,restricted_s231303,False,D,0.7127287297299205,0.7017980564208646,False,0.8993753206533477,0.5075989676228864,0.5075989676228864,0.984663627474091,0.5074794880038971,0.9133833073132506,False,1.7980614900810594,False
7,2p7t,86,T,restricted_s231303,False,E,0.7173706526924695,0.707641925897635,False,0.9166976759501199,0.4993375528369347,0.4993375528369346,0.98643835406659,0.4992429047118861,0.9293005205759038,False,1.8057971722210533,False
7,2p7t,86,T,restricted_s231303,False,F,0.7770967528556507,0.7763879241280028,False,1.9590957151854822,0.39722229370637563,0.3972222937063759,0.9990878500971172,0.39722179126821044,1.9608843356418022,False,3.24714579569358,False
7,2p7t,86,T,restricted_s231303,False,G,0.7936344172346876,0.7745108241933236,False,1.991929227145256,0.4004986950181903,0.40049869501819013,0.9759037755595359,0.4001329832073785,2.041112327906694,False,3.240603665479536,False
7,2p7t,86,T,restricted_s231303,False,H,0.7709683458933967,0.7560700529105088,False,0.967432680064601,0.4285800342257044,0.42858003422570423,0.9806758694280453,0.42835807509190044,0.9864958547708856,False,1.65967162885749,False
7,2p7t,86,T,restricted_s231303,False,I,0.7088791350235764,0.7115618589016315,False,1.1204390572078429,0.49368691796386055,0.49368691796386066,1.0037844587963023,0.4936797209564546,1.1162147883335711,False,2.221280401366044,False
7,2p7t,86,T,restricted_s231303,False,K,0.7239471160274229,0.7156368867650635,False,0.9396438280353225,0.4879329062116006,0.4879329062116005,0.9885209443088043,0.48786384630120755,0.9505553053226832,False,1.8136927016281585,False
7,2p7t,86,T,restricted_s231303,False,L,0.7102344424055116,0.7116719548519073,False,1.648736611746534,0.4935250951192984,0.4935250951192982,1.0020239970924627,0.4935230286772649,1.645406314150773,False,3.2618929258329863,False
7,2p7t,86,T,restricted_s231303,False,M,0.7352715217232716,0.7365504775291494,False,1.4508802795290416,0.45749502977953543,0.4574950297795351,1.0017394333495746,0.45749339405158196,1.4483609521865868,False,2.679053071681279,False
7,2p7t,86,T,restricted_s231303,False,N,0.7324038185430854,0.7211416325701192,False,0.8860461118961916,0.4800815826069928,0.480081582606993,0.9846229829940412,0.47995474577410313,0.8998836378995573,False,1.6775873997045236,False
7,2p7t,86,T,restricted_s231303,False,P,0.7142697583202718,0.72560547838721,False,19.20586305896433,0.47362518828390404,0.47362518828390393,1.0158703626114538,0.473496689734468,18.90582082697309,False,37.057064389844356,False
7,2p7t,86,T,restricted_s231303,False,Q,0.7141362380708549,0.7153458652602446,False,1.5707756552499383,0.48828175625300935,0.4882817562530092,1.0016938325278903,0.4882802930550719,1.5681195233935943,False,3.0748010381358135,False
7,2p7t,86,T,restricted_s231303,False,R,0.689429335039488,0.6782794905128868,False,0.6917443940915795,0.5400612517825459,0.5400612517825462,0.9838274294986845,0.5399369327495787,0.7031155803859446,False,1.4792691645008815,False
7,2p7t,86,T,restricted_s231303,False,S,0.7336820637444924,0.716704291878609,False,0.5426178349888141,0.4866232027403117,0.486623202740312,0.9768594971788814,0.48633495800278176,0.5554717301268665,False,1.0319203023559793,False
7,2p7t,86,T,restricted_s231303,False,V,0.6403036968728398,0.6443022339596732,False,0.9740496682007607,0.5848906196134093,0.5848906196134096,1.00624475089924,0.5848746313145745,0.9680047198559715,False,2.3610514790891726,False
7,2p7t,86,T,restricted_s231303,False,W,0.803923551633436,0.8040837600655393,False,2.2196923510783892,0.35344933246560617,0.3534493324656062,1.0001992831678803,0.3534493067988644,2.2192500918897586,False,3.4338138087977734,False
7,2p7t,86,T,restricted_s231303,False,Y,0.7696934211332729,0.768313854591958,False,1.9114186613261317,0.40969572404588944,0.40969572404588933,0.9982076415057782,0.4096938208420475,1.914850760351615,False,3.232208608377034,False
7,2p7t,86,T,expanded_s231301,False,A,0.03657058257728543,0.08195041866969495,False,0.005113136823710356,0.9953434584036357,0.9953434584036358,2.2408835980807056,0.9932841288798617,0.0022817503006803685,False,1.7060995123383313,False
7,2p7t,86,T,expanded_s231301,False,C,0.03759094507780636,0.06553629804086647,False,0.003978018308683386,0.9964859363913288,0.9964859363913287,1.7434065013587277,0.9957049936390988,0.0022817503006803685,False,1.6147363703618212,False
7,2p7t,86,T,expanded_s231301,False,D,0.03562310642795592,0.04446112567467683,False,0.0028478478451044714,0.9981013188879461,0.9981013188879461,1.248097937909904,0.9980232083037406,0.0022817503006803685,False,1.7980614900810594,False
7,2p7t,86,T,expanded_s231301,False,E,0.03554672332491662,0.04621223837511861,False,0.002966371551147383,0.9979781822356473,0.9979781822356473,1.3000421432015918,0.9978644290243612,0.0022817503006803685,False,1.8057971722210533,False
7,2p7t,86,T,expanded_s231301,False,F,0.02650837854950072,0.030831892112090795,False,0.002653903518313567,0.9990680871983143,0.9990680871983143,1.1630998876267182,0.9990493944287884,0.0022817503006803685,False,3.24714579569358,False
7,2p7t,86,T,expanded_s231301,False,G,0.026535122613980392,0.03652944421904938,False,0.003141160172615446,0.9987654861693929,0.9987654861693929,1.3766450131194548,0.9986655997050473,0.0022817503006803685,False,3.240603665479536,False
7,2p7t,86,T,expanded_s231301,False,H,0.037078569720693844,0.04021084139377966,False,0.002474504818605782,0.9983928993602383,0.9983928993602383,1.0844766045907557,0.9983830882344042,0.0022817503006803685,False,1.65967162885749,False
7,2p7t,86,T,expanded_s231301,False,I,0.032050319691437054,0.0720242797738781,False,0.005127606326942216,0.9964104206077266,0.996410420607727,2.2472250032850987,0.9948125031230541,0.0022817503006803685,False,2.221280401366044,False
7,2p7t,86,T,expanded_s231301,False,K,0.03546926634597827,0.06019503067312593,False,0.003872367361594517,0.9969879217038232,0.9969879217038232,1.6971039120450038,0.9963765582822615,0.0022817503006803685,False,1.8136927016281585,False
7,2p7t,86,T,expanded_s231301,False,L,0.026448388022174082,0.07170716518502031,False,0.006186306915365929,0.9969064393714043,0.9969064393714044,2.711211175701963,0.9948580824611283,0.0022817503006803685,False,3.2618929258329863,False
7,2p7t,86,T,expanded_s231301,False,M,0.029183904783927076,0.06873199061812633,False,0.005373826477999034,0.996839964558819,0.9968399645588188,2.3551334589050676,0.9952759134656699,0.0022817503006803685,False,2.679053071681279,False
7,2p7t,86,T,expanded_s231301,False,N,0.036880048241372504,0.061457687457159495,False,0.0038023566541103594,0.9968270130018396,0.9968270130018394,1.666421015908962,0.9962229526524181,0.0022817503006803685,False,1.6775873997045236,False
7,2p7t,86,T,expanded_s231301,False,P,0.007846907843510689,0.13043685730954294,False,0.03792886883869601,0.9980145219652944,0.9980145219652944,16.622707939333434,0.9829862262552099,0.0022817503006803685,False,37.057064389844356,False
7,2p7t,86,T,expanded_s231301,False,Q,0.027241156968532416,0.08529336012956111,False,0.007144268884999191,0.9960951010096583,0.9960951010096583,3.1310476360489243,0.992725042717809,0.0022817503006803685,False,3.0748010381358135,False
7,2p7t,86,T,expanded_s231301,False,R,0.03927448111875429,0.04269219686639911,False,0.0024803111400011645,0.9981890571076524,0.9981890571076524,1.0870212832936144,0.9981773763267205,0.0022817503006803685,False,1.4792691645008815,False
7,2p7t,86,T,expanded_s231301,False,S,0.04702307001888802,0.04411636290517619,False,0.00214070506845632,0.9980621954702638,0.9980621954702635,0.9381855095266157,0.9980537465240188,0.0022817503006803685,False,1.0319203023559793,False
7,2p7t,86,T,expanded_s231301,False,V,0.031087180159674283,0.10348928394637194,False,0.007595951242568549,0.9945320327410069,0.9945320327410071,3.3290019684904175,0.9892899681082672,0.0022817503006803685,False,2.3610514790891726,False
7,2p7t,86,T,expanded_s231301,False,W,0.025777790324170536,0.06319122698066186,False,0.0055934430123861355,0.9974066340751278,0.9974066340751279,2.4513826121632554,0.9960068688326784,0.0022817503006803685,False,3.4338138087977734,False
7,2p7t,86,T,expanded_s231301,False,Y,0.026569560275222875,0.0077307073565100895,False,0.0006639004805675455,1.000295138543061,1.000295138543061,0.29096105755725543,0.9999402361637679,0.0022817503006803685,False,3.232208608377034,False
7,2p7t,86,T,expanded_s231303,False,A,0.7367408634429171,0.728805440721835,False,0.9160743511824325,0.46890560050801405,0.4689056005080144,0.9892290178068874,0.4688426295742519,0.926048806385969,False,1.7060995123383313,False
7,2p7t,86,T,expanded_s231303,False,C,0.7088959603461117,0.6991807651861257,False,0.8003383012009516,0.5112406426107401,0.5112406426107401,0.9862953159512398,0.5111462575937437,0.8114590916707938,False,1.6147363703618212,False
7,2p7t,86,T,expanded_s231303,False,D,0.6851068460987827,0.6825703673749497,False,0.8408340245055803,0.5341041273059428,0.5341041273059429,0.9962976888374763,0.5340976935816263,0.8439586219322683,False,1.7980614900810594,False
7,2p7t,86,T,expanded_s231303,False,E,0.6920199496731995,0.6899100580112745,False,0.8621444952894014,0.5240285634977049,0.5240285634977049,0.9969511115063642,0.52402411185488,0.8647811164849659,False,1.8057971722210533,False
7,2p7t,86,T,expanded_s231303,False,F,0.7711406707800126,0.7632830413259877,False,1.9112654579213384,0.41746074116478726,0.4174607411647872,0.9898103812290476,0.4173989988241505,1.9309410106894616,False,3.24714579569358,False
7,2p7t,86,T,expanded_s231303,False,G,0.7838415377299768,0.7665039643961717,False,1.94701186632854,0.4127722640140575,0.4127722640140572,0.9778812776571971,0.4124716725649524,1.9910513789497852,False,3.240603665479536,False
7,2p7t,86,T,expanded_s231303,False,H,0.7496957623346285,0.743610755321184,False,0.9252367803245027,0.44708007188101195,0.44708007188101184,0.991883364800549,0.44704304457065813,0.9328080429199982,False,1.65967162885749,False
7,2p7t,86,T,expanded_s231303,False,I,0.6951884059981683,0.6908640009705406,False,1.0668379807757693,0.5227256326418199,0.52272563264182,0.9937795207884419,0.522706932162977,1.0735157632644357,False,2.221280401366044,False
7,2p7t,86,T,expanded_s231303,False,K,0.6951097117706009,0.6941613441133432,False,0.875139904292196,0.5181409277399702,0.5181409277399702,0.998635657593041,0.5181400283387568,0.8763355260130604,False,1.8136927016281585,False
7,2p7t,86,T,expanded_s231303,False,L,0.6910284938252786,0.6892631998145076,False,1.5536412668046464,0.5249193576444109,0.5249193576444109,0.9974454106790892,0.5249162413814663,1.5576203471094054,False,3.2618929258329863,False
7,2p7t,86,T,expanded_s231303,False,M,0.7144038691876513,0.7155608923395964,False,1.3695305106849816,0.48797394805673455,0.48797394805673483,1.001619564509443,0.4879726093541605,1.36731605413052,False,2.679053071681279,False
7,2p7t,86,T,expanded_s231303,False,N,0.7066700188788688,0.7042870221933732,False,0.8349327714885177,0.5039854690431944,0.5039854690431943,0.9966278508754675,0.5039797903699912,0.8377578157735488,False,1.6775873997045236,False
7,2p7t,86,T,expanded_s231303,False,P,0.6784335575318751,0.6772770706312483,False,17.02725759453414,0.5412971070591064,0.5412971070591063,0.998295357168307,0.541295769597155,17.056332549549705,False,37.057064389844356,False
7,2p7t,86,T,expanded_s231303,False,Q,0.6827724668304441,0.6891621786286445,False,1.446819834594981,0.5250963199646842,0.5250963199646843,1.0093584790081862,0.5250554915478204,1.4334053408028553,False,3.0748010381358135,False
7,2p7t,86,T,expanded_s231303,False,R,0.6643912210974044,0.6602342242009138,False,0.6488870734069174,0.5641080498170147,0.5641080498170149,0.9937431489693311,0.5640907691938174,0.6529726258539905,False,1.4792691645008815,False
7,2p7t,86,T,expanded_s231303,False,S,0.7145220440599573,0.7007665937422092,False,0.5166960950359507,0.5091153935083855,0.5091153935083854,0.9807487390597652,0.5089261810949416,0.5268383985191788,False,1.0319203023559793,False
7,2p7t,86,T,expanded_s231303,False,V,0.6129197623025175,0.612280783230942,False,0.8860530194167477,0.625112650780358,0.6251126507803584,0.9989574833267324,0.6251122424861043,0.8869777084666409,False,2.3610514790891726,False
7,2p7t,86,T,expanded_s231303,False,W,0.8005379820818532,0.7924399785868455,False,2.1783369712765435,0.37210445799788505,0.3721044579978851,0.9898842982141229,0.3720388803372798,2.2005975599436622,False,3.4338138087977734,False
7,2p7t,86,T,expanded_s231303,False,Y,0.7612325947774392,0.7587966803206495,False,1.8669908118191014,0.42423353161360283,0.42423353161360294,0.996800039208119,0.42422759793436193,1.8729842881048462,False,3.232208608377034,False
11,2dp9,52,Q,restricted_s231301,True,A,0.525106804862318,0.23503634935101092,False,1.395225608950745,1.0288987836442867,1.0288987836442867,0.4475972262683532,0.9447579144837495,3.1171453419915727,False,11.30477075130011,False
11,2dp9,52,Q,restricted_s231301,True,C,0.3611050298155234,0.18497948280878643,False,0.8410039506994832,0.9968027992482162,0.9968027992482164,0.5122595021821943,0.9657825909397939,1.641753734419484,False,12.590440858936876,False
11,2dp9,52,Q,restricted_s231301,True,D,0.6154157049266509,0.18679417159011244,False,0.8314352079523153,1.1488243562997287,1.148824356299729,0.30352519458757676,0.9651079374599637,2.7392625810916647,False,7.232634442034501,False
11,2dp9,52,Q,restricted_s231301,True,E,0.6094766030024668,0.09600581994852356,False,0.5130921618770612,1.254435127586041,1.2544351275860413,0.15752174812875466,0.9907828825360117,3.257278236003777,False,8.768812441179824,False
11,2dp9,52,Q,restricted_s231301,True,F,0.43780666519282274,0.12516578626839217,False,0.9109891890610001,1.0820778451224555,1.0820778451224555,0.2858928294599296,0.9843335259478153,3.186470926122627,False,16.6243709976167,False
11,2dp9,52,Q,restricted_s231301,True,G,0.3463236233735632,0.2048782977243401,False,1.3215549205918982,0.9780316632695913,0.9780316632695913,0.5915804868539026,0.9580248831215766,2.2339393370124307,False,18.62546578708399,False
11,2dp9,52,Q,restricted_s231301,True,H,0.6123249306455455,0.13491051971113968,False,0.680920710631009,1.2097236714391162,1.209723671439116,0.22032504795927518,0.9817991516712703,3.0905279129083416,False,8.242686577934393,False
11,2dp9,52,Q,restricted_s231301,True,I,0.4101433060928747,0.2032590396595336,False,1.2801122128246492,1.0014868624943458,1.001486862494346,0.49558053646133793,0.9586857627966842,2.583055868104125,False,15.355449842637631,False
11,2dp9,52,Q,restricted_s231301,True,K,0.57748843125072,0.17379889219521436,False,0.9688928796566122,1.132759189014563,1.1327591890145627,0.3009564915764668,0.9697939450717163,3.2193785705746656,False,9.653514915045605,False
11,2dp9,52,Q,restricted_s231301,True,L,0.47394435181669936,0.1845873158965682,False,1.3217945763992367,1.0496550170465848,1.0496550170465848,0.389470441390466,0.9659275228101005,3.3938251428792343,False,15.108966519474064,False
11,2dp9,52,Q,restricted_s231301,True,M,1.2997850176035814,0.18579194503058608,False,0.4014046550683785,2.2064619189023746,2.206461918902374,0.142940519019931,0.9654813531617517,2.8081936306136432,False,1.6622027509176271,False
11,2dp9,52,Q,restricted_s231301,True,N,0.7497759681889302,0.2002208269536459,False,0.8308999907068787,1.2619224737121315,1.2619224737121315,0.2670408701378834,0.9599116204539981,3.111508700064725,False,5.53487716462347,False
11,2dp9,52,Q,restricted_s231301,True,P,0.9004017632548623,0.13065215637620253,False,1.3088394763090483,1.5754444713240998,1.5754444713240996,0.14510428756148597,0.9829300140342483,9.019991747345477,False,11.125856818114244,False
11,2dp9,52,Q,restricted_s231301,True,R,0.5438563499506879,0.12823329927427352,False,0.6563277849885214,1.156298741210804,1.1562987412108037,0.23578523866807952,0.9835562209572345,2.7835830126433385,False,9.410999930462781,False
11,2dp9,52,Q,restricted_s231301,True,S,0.5653161060048928,0.2079958841725384,False,0.8043884563759551,1.084415453097607,1.0844154530976067,0.3679284597823544,0.956737712167284,2.186263212288024,False,6.841002190302578,False
11,2dp9,52,Q,restricted_s231301,True,T,0.4592590523018592,0.18974580832942964,False,0.8487726084974396,1.0366339168979537,1.0366339168979537,0.413156381737936,0.9639965282214112,2.0543616074065967,False,9.740055681341808,False
11,2dp9,52,Q,restricted_s231301,True,V,0.38867259306179747,0.18954168988798467,False,1.1500563345113874,1.0037270643932255,1.0037270643932255,0.4876641504224824,0.964073947794407,2.3582958343668463,False,15.610990099830072,False
11,2dp9,52,Q,restricted_s231301,True,W,0.470183328116849,0.13589267030435825,False,1.152870135691217,1.093283426058259,1.093283426058259,0.2890206057467577,0.9815331821575509,3.9888856115033247,False,18.043348226400983,False
11,2dp9,52,Q,restricted_s231301,True,Y,0.4870182243711203,0.17726253103212716,False,1.3356609329713762,1.0645265846480045,1.0645265846480045,0.363975149515244,0.9685779950920842,3.669648696484528,False,15.471558520998654,False
11,2dp9,52,Q,restricted_s231303,True,A,0.5273478085144976,0.22013440957888245,False,1.3123414268188156,1.0459209142049302,1.0459209142049304,0.41743685291683663,0.9515408417193568,3.143808261414488,False,11.30477075130011,False
11,2dp9,52,Q,restricted_s231303,True,C,0.4440644924058461,0.19893502448123312,False,1.1122393020801231,1.020513312079655,1.020513312079655,0.4479867854406594,0.9604248560346512,2.482750246720059,False,12.590440858936876,False
11,2dp9,52,Q,restricted_s231303,True,D,0.9103572985651429,0.17821164862853286,False,1.173395670444822,1.5042778610142016,1.5042778610142016,0.19576011408863384,0.9682406082931003,5.994048766816444,False,7.232634442034501,False
11,2dp9,52,Q,restricted_s231303,True,E,0.713786090755927,0.11927965688623911,False,0.7465780942129047,1.3392102633655547,1.3392102633655545,0.16710840745007702,0.9857723634531012,4.46762736600157,False,8.768812441179824,False
11,2dp9,52,Q,restricted_s231303,True,F,0.5058056823492303,0.13621359180661788,False,1.1453794086917835,1.1180441707987987,1.1180441707987987,0.2693002403096177,0.9814458574071401,4.2531689068488285,False,16.6243709976167,False
11,2dp9,52,Q,restricted_s231303,True,G,0.44620160858228985,0.27046227023289215,False,2.2477342497327943,0.9577344754239542,0.9577344754239541,0.6061436467973035,0.92685016038047,3.708253417501288,False,18.62546578708399,False
11,2dp9,52,Q,restricted_s231303,True,H,0.695660301977189,0.15150659215116338,False,0.8687554399560506,1.2731490124521676,1.2731490124521676,0.21778818156010193,0.9770457525347409,3.988992578627617,False,8.242686577934393,False
11,2dp9,52,Q,restricted_s231303,True,I,0.47659056316576126,0.21649347240245864,False,1.5843560580157725,1.0207810730306597,1.0207810730306597,0.45425463518286413,0.9531305764071258,3.4878148406300276,False,15.355449842637631,False
11,2dp9,52,Q,restricted_s231303,True,K,0.5857157303575649,0.16194750965292928,False,0.9156861255792865,1.1533525089963872,1.1533525089963867,0.27649506622276365,0.9737730041172143,3.3117629840148615,False,9.653514915045605,False
11,2dp9,52,Q,restricted_s231303,True,L,0.4715904897492836,0.18723897318032579,False,1.3341235425773024,1.0457973518974435,1.0457973518974435,0.39703721184002144,0.9649415669223772,3.3601977416536513,False,15.108966519474064,False
11,2dp9,52,Q,restricted_s231303,True,M,1.3781028676290235,0.17777209156929283,False,0.40722010847887136,2.409191055415234,2.409191055415234,0.12899769367372652,0.9683970834590789,3.156801465837459,False,1.6622027509176271,False
11,2dp9,52,Q,restricted_s231303,True,N,0.9153088334389289,0.2139647548868894,False,1.083971543565225,1.4461026001862027,1.4461026001862034,0.23376236202484493,0.9542190836661932,4.6370661819802175,False,5.53487716462347,False
11,2dp9,52,Q,restricted_s231303,True,P,1.065926822577168,0.16994764464918286,False,2.0154684647306027,1.7738964853587034,1.773896485358703,0.15943650262809617,0.9711177980781951,12.641198417603984,False,11.125856818114244,False
11,2dp9,52,Q,restricted_s231303,True,R,0.5529089849152141,0.13507588559492467,False,0.7028574316189806,1.1563390040183457,1.1563390040183457,0.244300398944752,0.9817545051307468,2.877021219183233,False,9.410999930462781,False
11,2dp9,52,Q,restricted_s231303,True,S,0.5777201966721143,0.20807621637586712,False,0.8223557284371484,1.0933409603479556,1.0933409603479556,0.3601678071399692,0.9567042881787033,2.2832571710596077,False,6.841002190302578,False
11,2dp9,52,Q,restricted_s231303,True,T,0.4724351436957226,0.20677901379637698,False,0.951502855448591,1.0278156188064957,1.027815618806496,0.4376876203129279,0.9572424394533978,2.173931386883429,False,9.740055681341808,False
11,2dp9,52,Q,restricted_s231303,True,V,0.4245948308225581,0.1879503902600149,False,1.2458001611703473,1.0206752420502672,1.0206752420502672,0.4426582158240193,0.964674650801108,2.8143613212990055,False,15.610990099830072,False
11,2dp9,52,Q,restricted_s231303,True,W,0.4793171680903562,0.14184846291673547,False,1.2267745271838375,1.0937641405397198,1.09376414053972,0.2959386234419118,0.9798790135681595,4.145368093275039,False,18.043348226400983,False
11,2dp9,52,Q,restricted_s231303,True,Y,0.4927484794853571,0.19464697780294915,False,1.4839081572059794,1.050977059337485,1.0509770593374852,0.39502299024087284,0.9621125540321782,3.7565108711802773,False,15.471558520998654,False
11,2dp9,52,Q,expanded_s231301,True,A,0.01420702610106581,0.024487036783554416,False,0.0039327937561440054,0.9995060636491929,0.9995060636491929,1.7235863867187096,0.9994003850295609,0.0022817503006803685,False,11.30477075130011,False
11,2dp9,52,Q,expanded_s231301,True,C,0.013462124093001834,0.02200349257145671,False,0.003729461669205605,0.9995888012901425,0.9995888012901427,1.6344740562074476,0.9995158463146578,0.0022817503006803685,False,12.590440858936876,False
11,2dp9,52,Q,expanded_s231301,True,D,0.017761751948361666,0.02526824808483792,False,0.0032460667637329104,0.99941786312297,0.9994178631229702,1.4226213809482149,0.9993615156387231,0.0022817503006803685,False,7.232634442034501,False
11,2dp9,52,Q,expanded_s231301,True,E,0.016131088272806147,0.011417685439846545,False,0.0016150371720030075,0.9998918526254623,0.9998918526254625,0.7078062711425691,0.9998696364591968,0.0022817503006803685,False,8.768812441179824,False
11,2dp9,52,Q,expanded_s231301,True,F,0.011715516690675542,0.006041857165123028,False,0.001176730806432096,0.9999956863744083,0.999995686374408,0.5157141016180519,0.9999634959619962,0.0022817503006803685,False,16.6243709976167,False
11,2dp9,52,Q,expanded_s231301,True,G,0.011068288915473864,0.03361643935145352,False,0.006930097432742928,0.9993783540934137,0.9993783540934137,3.0371848447555907,0.99886993500533,0.0022817503006803685,False,18.62546578708399,False
11,2dp9,52,Q,expanded_s231301,True,H,0.016637944259938132,0.028242484761213736,False,0.003873212765295067,0.9993370274147584,0.9993370274147584,1.6974744187127568,0.9992023620545126,0.0022817503006803685,False,8.242686577934393,False
11,2dp9,52,Q,expanded_s231301,True,I,0.012189974197189786,0.03984327891903067,False,0.007457966045124893,0.9991772183870192,0.9991772183870195,3.2685285690117314,0.9984125131249804,0.0022817503006803685,False,15.355449842637631,False
11,2dp9,52,Q,expanded_s231301,True,K,0.01537415737204096,0.021258404910219294,False,0.003155058883688176,0.9995827045897636,0.9995827045897638,1.3827362629238642,0.9995480802206732,0.0022817503006803685,False,9.653514915045605,False
11,2dp9,52,Q,expanded_s231301,True,L,0.012289003808027664,0.03493855702106189,False,0.006487186775552076,0.9992922994940361,0.9992922994940362,2.843074798157247,0.9987792972332861,0.0022817503006803685,False,15.108966519474064,False
11,2dp9,52,Q,expanded_s231301,True,M,0.03705032823791948,0.054891581888621734,False,0.0033805067171037,0.9973052245695936,0.9973052245695934,1.4815410415836063,0.9969869142377648,0.0022817503006803685,False,1.6622027509176271,False
11,2dp9,52,Q,expanded_s231301,True,N,0.020303928000059784,0.03681704945753272,False,0.004137490719512102,0.9989171880495108,0.9989171880495109,1.8132968880417775,0.9986445048692416,0.0022817503006803685,False,5.53487716462347,False
11,2dp9,52,Q,expanded_s231301,True,P,0.014320801496096174,0.006215166499779344,False,0.0009902698556024196,1.0000270730240735,1.0000270730240735,0.43399571605497,0.99996137170538,0.0022817503006803685,False,11.125856818114244,False
11,2dp9,52,Q,expanded_s231301,True,R,0.01557098811128828,0.007811536467708666,False,0.001144691368112234,0.9999991889878227,0.9999991889878227,0.501672495790145,0.9999389798980136,0.0022817503006803685,False,9.410999930462781,False
11,2dp9,52,Q,expanded_s231301,True,S,0.01826308723161708,0.0386143073933266,False,0.004824387377001305,0.9989231074266041,0.9989231074266041,2.1143362512378223,0.9985089352645337,0.0022817503006803685,False,6.841002190302578,False
11,2dp9,52,Q,expanded_s231301,True,T,0.01530570499491801,0.05167284521652824,False,0.007703306064566877,0.998652485955127,0.998652485955127,3.3760512981065096,0.9973299170672287,0.0022817503006803685,False,9.740055681341808,False
11,2dp9,52,Q,expanded_s231301,True,V,0.012089792139169823,0.026943850973440295,False,0.005085210676281822,0.999494671958573,0.999494671958573,2.2286446833229396,0.9992740288947211,0.0022817503006803685,False,15.610990099830072,False
11,2dp9,52,Q,expanded_s231301,True,W,0.011245415143852027,0.01618075892826989,False,0.00328315594200194,0.9997625406587757,0.9997625406587759,1.4388760860568195,0.9997381830405052,0.0022817503006803685,False,18.043348226400983,False
11,2dp9,52,Q,expanded_s231301,True,Y,0.012144147293188743,0.03360779249554094,False,0.006314530677251738,0.9993312043489491,0.9993312043489493,2.76740652794869,0.9988705162835766,0.0022817503006803685,False,15.471558520998654,False
11,2dp9,52,Q,expanded_s231303,True,A,0.4049280806294339,0.25667379826411146,False,1.174954887121963,0.9560978935243309,0.9560978935243313,0.6338750275484204,0.9341185612846742,1.85360652503732,False,11.30477075130011,False
11,2dp9,52,Q,expanded_s231303,True,C,0.2939312829917279,0.14248114137286688,False,0.5272834414193335,1.0026362697494582,1.0026362697494584,0.484743032189863,0.9796991243530851,1.0877586812074245,False,12.590440858936876,False
11,2dp9,52,Q,expanded_s231303,True,D,0.4942756748905085,0.16757899961594352,False,0.5990807246705837,1.0786479965231741,1.0786479965231741,0.33903954438596534,0.9719172788877196,1.7669936577916865,False,7.232634442034501,False
11,2dp9,52,Q,expanded_s231303,True,E,0.40423186293778685,0.08807640283069783,False,0.3121985582435085,1.0921968222199299,1.0921968222199299,0.21788584944936218,0.9922425472644045,1.4328537582063818,False,8.768812441179824,False
11,2dp9,52,Q,expanded_s231303,True,F,0.3344624523191622,0.11169011391935756,False,0.6210224866891912,1.037152833208798,1.037152833208798,0.3339391705852135,0.987525318452681,1.8596874562540149,False,16.6243709976167,False
11,2dp9,52,Q,expanded_s231303,True,G,0.3875230642510768,0.271903413698491,False,1.9625438000039104,0.9394364372130093,0.9394364372130093,0.7016444665660581,0.9260685336191072,2.7970630333748123,False,18.62546578708399,False
11,2dp9,52,Q,expanded_s231303,True,H,0.4006599121201126,0.10334674044330552,False,0.34130406543083325,1.0777145732922666,1.0777145732922664,0.25794130462526416,0.9893194512397441,1.323185001047731,False,8.242686577934393,False
11,2dp9,52,Q,expanded_s231303,True,I,0.26416162483314554,0.14559178541193407,False,0.5905669555145316,0.9928618388409373,0.9928618388409373,0.5511466152734915,0.9788030320205654,1.0715242353824106,False,15.355449842637631,False
11,2dp9,52,Q,expanded_s231303,True,K,0.3715946374574896,0.14157057457087052,False,0.507841168772776,1.032868841922541,1.032868841922541,0.38098120989990386,0.9799577724156736,1.3329821932850765,False,9.653514915045605,False
11,2dp9,52,Q,expanded_s231303,True,L,0.3247417072734222,0.13104959113943107,False,0.6429963368299152,1.0203426405146514,1.0203426405146516,0.4035502314739372,0.982826004662188,1.5933489481133958,False,15.108966519474064,False
11,2dp9,52,Q,expanded_s231303,True,M,0.866022744736943,0.14114818819436983,False,0.2031835775052473,1.5055203116922389,1.5055203116922384,0.1629843893271464,0.9800771889694467,1.2466444077500702,False,1.6622027509176271,False
11,2dp9,52,Q,expanded_s231303,True,N,0.5019060328289963,0.17718704701738197,False,0.49222353287547255,1.0740471701157834,1.0740471701157834,0.3530283268735906,0.9686047503692601,1.394289056729784,False,5.53487716462347,False
11,2dp9,52,Q,expanded_s231303,True,P,0.4071856091617856,0.10446048617846079,False,0.47323616910714505,1.0807305069126287,1.0807305069126285,0.25654267692195354,0.9890880068273595,1.8446683989779795,False,11.125856818114244,False
11,2dp9,52,Q,expanded_s231303,True,R,0.3935231930747866,0.1341150019700093,False,0.49668776718798,1.049305775858837,1.049305775858837,0.34080583897000855,0.9820131662465844,1.457392187554889,False,9.410999930462781,False
11,2dp9,52,Q,expanded_s231303,True,S,0.49804669711673627,0.25596420761886035,False,0.8721055181358021,0.9930862561395383,0.9930862561395379,0.5139361612087258,0.9344823244180489,1.6969140993789935,False,6.841002190302578,False
11,2dp9,52,Q,expanded_s231303,True,T,0.3719944453542273,0.1739120551446776,False,0.6301262643976134,1.0089912303864828,1.0089912303864828,0.46751250540601996,0.9697545970753546,1.3478276134033431,False,9.740055681341808,False
11,2dp9,52,Q,expanded_s231303,True,V,0.2810087448628761,0.16165256094520855,False,0.7091414526721217,0.9881143481792436,0.9881143481792437,0.5752581152735664,0.9738684495398556,1.2327361124403895,False,15.610990099830072,False
11,2dp9,52,Q,expanded_s231303,True,W,0.3488044795450473,0.15902268910879597,False,1.0008253054809295,1.0107289123297964,1.0107289123297967,0.4559078178015732,0.9747117843486073,2.195236112218903,False,18.043348226400983,False
11,2dp9,52,Q,expanded_s231303,True,Y,0.3247865092328908,0.14121471452076834,False,0.7095973717835752,1.0137570082166476,1.0137570082166476,0.4347924267368789,0.9800584044028179,1.6320371012648722,False,15.471558520998654,False
11,2dp9,49,L,restricted_s231301,True,A,0.5619389055961758,0.18978713845811881,False,1.0689315148904368,1.1024777798598573,1.1024777798598575,0.33773624956038356,0.9639808420758789,3.1649890003865977,False,10.022913962523011,False
11,2dp9,49,L,restricted_s231301,True,C,0.38772613751747304,0.17041078696484957,False,0.6014097093662703,1.0181861252718303,1.01818612527183,0.43951328134841033,0.9709601636860207,1.3683538925630818,False,9.102239831535135,False
11,2dp9,49,L,restricted_s231301,True,D,0.46712140066176744,0.17889840187297237,False,0.9872472727385392,1.0510678588381022,1.0510678588381024,0.3829805305848294,0.9679953618072965,2.577800159269104,False,11.813802801183693,False
11,2dp9,49,L,restricted_s231301,True,E,0.3841399608257818,0.18720156929271337,False,1.6574954362654464,1.0037403025139775,1.0037403025139777,0.4873264653078218,0.9649555724543455,3.4012013593771937,False,23.04906796285346,False
11,2dp9,49,L,restricted_s231301,True,F,0.5804535244983994,0.27320565338635494,False,2.1968356222521837,1.0197599252606182,1.0197599252606182,0.4706761900058173,0.9253586709577348,4.667403342040803,False,13.85289134073728,False
11,2dp9,49,L,restricted_s231301,True,G,0.44510701994317997,0.27612722383751165,False,1.735698011597303,0.952307927747702,0.9523079277477019,0.6203614220075896,0.9237537562557888,2.7978819282158205,False,14.12213944942039,False
11,2dp9,49,L,restricted_s231301,True,H,0.678895058205831,0.20966051394907864,False,1.4614321713368865,1.1762235264144503,1.1762235264144503,0.3088261011991527,0.9560424688906082,4.732217146355945,False,10.267373718460583,False
11,2dp9,49,L,restricted_s231301,True,I,0.5478441795608435,0.15253177082116778,False,0.6713159233338578,1.133005959393723,1.1330059593937232,0.2784218150194432,0.9767340588901587,2.4111469975403237,False,8.033588538011278,False
11,2dp9,49,L,restricted_s231301,True,K,0.3588988599542536,0.26212670526607584,False,2.461716001684194,0.9406544403093444,0.9406544403093444,0.7303637166735145,0.9312895903863517,3.370534359094709,False,26.167040168941142,False
11,2dp9,49,L,restricted_s231301,True,M,0.8309693086894628,0.05884328709869533,False,0.21324647399956914,1.592716060781007,1.5927160607810071,0.07081282844428775,0.9965374675634204,3.011410201858291,False,4.361139211333455,False
11,2dp9,49,L,restricted_s231301,True,N,0.4360933579217374,0.1581496163723914,False,0.769770430233472,1.052241422307715,1.052241422307715,0.3626508257912366,0.9749886988412654,2.1226214735730333,False,11.16126987645164,False
11,2dp9,49,L,restricted_s231301,True,P,0.38338748281698454,0.30833888656082786,False,6.457773561180246,0.9105594228344485,0.9105594228344487,0.8042487049792854,0.9049271310344289,8.029572843821459,False,54.62816132654491,False
11,2dp9,49,L,restricted_s231301,True,Q,0.5544264931967153,0.20905577339896822,False,0.9369398555195565,1.0755766177021733,1.0755766177021733,0.37706670940920106,0.9562956836085593,2.4848119235654105,False,8.083614100512074,False
11,2dp9,49,L,restricted_s231301,True,R,0.29111794123872153,0.25314505592340736,False,2.26830966160944,0.937359520680705,0.9373595206807052,0.8695618512767107,0.9359175806615349,2.6085662086935573,False,30.7796673249821,False
11,2dp9,49,L,restricted_s231301,True,S,0.361668245665879,0.25288192157317735,False,1.1948232489038926,0.9478851980510596,0.9478851980510596,0.6992096337005985,0.9360507337414573,1.7088197749510925,False,13.063979855929139,False
11,2dp9,49,L,restricted_s231301,True,T,0.4182650792788451,0.2052907446268011,False,0.961098919711947,1.0032137773910543,1.0032137773910548,0.4908149276548612,0.9578557101705735,1.9581697001436507,False,11.193015676781284,False
11,2dp9,49,L,restricted_s231301,True,V,0.44076391121777303,0.13798572223549935,False,0.6535113734670839,1.072634572182533,1.072634572182533,0.3130603906618917,0.9809599404591476,2.0874929980295165,False,10.745162085267076,False
11,2dp9,49,L,restricted_s231301,True,W,0.4973880584551614,0.08882975945459205,False,0.6704333558026754,1.1590291575174778,1.1590291575174778,0.17859246506739346,0.9921092738352393,3.7539845566815004,False,15.174059164659406,False
11,2dp9,49,L,restricted_s231301,True,Y,0.5281058305901767,0.19022547995863218,False,1.2286264452014024,1.0779773981174035,1.0779773981174032,0.3602033322488573,0.963814266774508,3.4109247061395003,False,12.23010563010628,False
11,2dp9,49,L,restricted_s231303,True,A,0.6071798740966539,0.16196351864184608,False,0.9856632703052214,1.171985421793614,1.1719854217936143,0.26674717913338464,0.9737678186291525,3.6951216260560678,False,10.022913962523011,False
11,2dp9,49,L,restricted_s231303,True,C,0.48390071925089456,0.16659534257632505,False,0.7337825808552081,1.0729286938984672,1.0729286938984675,0.34427587302251583,0.9722459918318769,2.131379624174879,False,9.102239831535135,False
11,2dp9,49,L,restricted_s231303,True,D,0.571857060250181,0.1831354624728631,False,1.237227755127756,1.1175658829634016,1.1175658829634016,0.32024692043277975,0.9664614023848506,3.863355667732179,False,11.813802801183693,False
11,2dp9,49,L,restricted_s231303,True,E,0.4050535346901444,0.1836066388620358,False,1.7141711252815612,1.015327329837691,1.0153273298376913,0.45328980773489647,0.9662886021657859,3.781622917681138,False,23.04906796285346,False
11,2dp9,49,L,restricted_s231303,True,F,0.5927039115115763,0.27426624794614995,False,2.2519077021807883,1.0261805708145486,1.0261805708145486,0.46273736788186043,0.924778025237541,4.866492007093997,False,13.85289134073728,False
11,2dp9,49,L,restricted_s231303,True,G,0.39388937379680916,0.26234103502794803,False,1.4592879221053416,0.9484821467733121,0.948482146773312,0.6660271956543785,0.931177181340465,2.191033536808623,False,14.12213944942039,False
11,2dp9,49,L,restricted_s231303,True,H,0.7450604175674881,0.21240974002730262,False,1.6248949498942953,1.2385988466255524,1.2385988466255524,0.2850906248929301,0.9548821023415337,5.699573426886794,False,10.267373718460583,False
11,2dp9,49,L,restricted_s231303,True,I,0.6054451418564242,0.15228212313227674,False,0.7406845850054796,1.1821668765135083,1.1821668765135085,0.2515209266777617,0.9768101549743261,2.9448229011751943,False,8.033588538011278,False
11,2dp9,49,L,restricted_s231303,True,K,0.42739622720312637,0.2881137562767954,False,3.2221761580582546,0.9363900701514195,0.9363900701514197,0.674113943780475,0.9169904634440753,4.7798687266251765,False,26.167040168941142,False
11,2dp9,49,L,restricted_s231303,True,M,0.7720128964244619,0.06592183236686198,False,0.2219492979983208,1.494218902759389,1.494218902759389,0.08538954811788194,0.9956543120173953,2.599256031802809,False,4.361139211333455,False
11,2dp9,49,L,restricted_s231303,True,N,0.541326376586049,0.1768303705112456,False,1.0683896084418434,1.1015883585093387,1.1015883585093387,0.326661286350854,0.9687310200648557,3.2706343025121387,False,11.16126987645164,False
11,2dp9,49,L,restricted_s231303,True,P,0.32974436338740637,0.26832818378484924,False,4.833483661197697,0.9317719329036978,0.931771932903698,0.8137460820508365,0.9279999857867242,5.939793466060262,False,54.62816132654491,False
11,2dp9,49,L,restricted_s231303,True,Q,0.5116020818193152,0.1813736101772431,False,0.7500875781762539,1.0761544570143322,1.0761544570143324,0.3545208602988047,0.9671036135312735,2.115778398890405,False,8.083614100512074,False
11,2dp9,49,L,restricted_s231303,True,R,0.40944943778648957,0.21231764813395848,False,2.6757793357622446,0.9937821587824743,0.9937821587824744,0.5185442414618068,0.9549212162908646,5.160175587369488,False,30.7796673249821,False
11,2dp9,49,L,restricted_s231303,True,S,0.34797667901197,0.21273221115325391,False,0.9670721917406199,0.9730360724242347,0.9730360724242347,0.6113404259080711,0.9547450063378474,1.5818881767947095,False,13.063979855929139,False
11,2dp9,49,L,restricted_s231303,True,T,0.47762997897203524,0.2117459514231618,False,1.1320192324374059,1.02585796816151,1.02585796816151,0.44332634203339927,0.9551636520558999,2.5534671078763056,False,11.193015676781284,False
11,2dp9,49,L,restricted_s231303,True,V,0.4556096001661394,0.14005608501428457,False,0.6856584299343693,1.0799583139751634,1.0799583139751634,0.3074037179269548,0.9803842930504715,2.2304819035965444,False,10.745162085267076,False
11,2dp9,49,L,restricted_s231303,True,W,0.5046972470804167,0.0875740043479517,False,0.6706685130845245,1.1663225933901118,1.1663225933901118,0.17351789583666574,0.9923307937624649,3.8651258986901955,False,15.174059164659406,False
11,2dp9,49,L,restricted_s231303,True,Y,0.5710104295723134,0.1994559455982186,False,1.392904160275497,1.098270060326776,1.098270060326776,0.34930350702632706,0.9602173257655204,3.9876615386243848,False,12.23010563010628,False
11,2dp9,49,L,expanded_s231301,True,A,0.015088186967049465,0.03288237209310893,False,0.004972722208068399,0.9992353826298309,0.9992353826298309,2.1793454816618807,0.9989187496055303,0.0022817503006803685,False,10.022913962523011,False
11,2dp9,49,L,expanded_s231301,True,C,0.015832880030366595,0.033543117177064215,False,0.004834055305019005,0.999188511789838,0.999188511789838,2.1185733178505965,0.9988748592900458,0.0022817503006803685,False,9.102239831535135,False
11,2dp9,49,L,expanded_s231301,True,D,0.013897580541086073,0.060058394231196806,False,0.009860583911730588,0.9985238100029034,0.9985238100029034,4.321499994451792,0.9963929892823702,0.0022817503006803685,False,11.813802801183693,False
11,2dp9,49,L,expanded_s231301,True,E,0.00994964015310626,0.0671888162506702,False,0.015408406668301695,0.9987619862511617,0.9987619862511615,6.752889071037809,0.9954856629708336,0.0022817503006803685,False,23.04906796285346,False
11,2dp9,49,L,expanded_s231301,True,F,0.012834053470448512,0.09758828698983953,False,0.017350099381670002,0.9976598063418481,0.9976598063418483,7.6038554159482645,0.9904765262423887,0.0022817503006803685,False,13.85289134073728,False
11,2dp9,49,L,expanded_s231301,True,G,0.01271111975648875,0.04893292917443927,False,0.008783862318656206,0.9989175879199197,0.9989175879199197,3.849615935642497,0.9976055684424093,0.0022817503006803685,False,14.12213944942039,False
11,2dp9,49,L,expanded_s231301,True,H,0.014907484731162206,0.07575293152581938,False,0.011594798009427993,0.997963661760886,0.997963661760886,5.081536750962923,0.9942614933652444,0.0022817503006803685,False,10.267373718460583,False
11,2dp9,49,L,expanded_s231301,True,I,0.016853079366393502,0.06184528969168499,False,0.00837327738639048,0.998199459132907,0.998199459132907,3.6696729628538893,0.9961751601429516,0.0022817503006803685,False,8.033588538011278,False
11,2dp9,49,L,expanded_s231301,True,K,0.009338062098303549,0.12594705448656343,False,0.030775092992445543,0.9977349965719639,0.9977349965719639,13.487493781974775,0.9841373394661587,0.0022817503006803685,False,26.167040168941142,False
11,2dp9,49,L,expanded_s231301,True,M,0.022873576883184556,-0.020681399391733853,False,-0.0020630699571640215,1.0014693156775083,1.001469315677508,-0.904161141799284,0.9995722797191995,0.0022817503006803685,False,4.361139211333455,False
11,2dp9,49,L,expanded_s231301,True,N,0.014298064554125724,0.04728408868495184,False,0.007545810355371081,0.9988522927451932,0.9988522927451929,3.30702722077919,0.9977642149572336,0.0022817503006803685,False,11.16126987645164,False
11,2dp9,49,L,expanded_s231301,True,P,0.006462875154192919,0.14119357915175287,False,0.04984909718929605,0.9982167358059959,0.9982167358059959,21.846867807766753,0.9800643732063177,0.0022817503006803685,False,54.62816132654491,False
11,2dp9,49,L,expanded_s231301,True,Q,0.016800850674068824,0.05539799330410467,False,0.007523689742319298,0.9984208017570817,0.9984208017570817,3.2973326398054583,0.9969310623378783,0.0022817503006803685,False,8.083614100512074,False
11,2dp9,49,L,expanded_s231301,True,R,0.008609979103972135,0.11742234528806648,False,0.031118364914966334,0.9980521238616316,0.9980521238616316,13.637936151772397,0.9862119928270501,0.0022817503006803685,False,30.7796673249821,False
11,2dp9,49,L,expanded_s231301,True,S,0.013215886712284181,0.0730780948042054,False,0.012617084908699588,0.9982430760174281,0.9982430760174279,5.529564258165079,0.9946595920597876,0.0022817503006803685,False,13.063979855929139,False
11,2dp9,49,L,expanded_s231301,True,T,0.014277773963333934,0.08608775058161378,False,0.013757799449615759,0.9977455719417158,0.9977455719417159,6.029493869470941,0.992588899199798,0.0022817503006803685,False,11.193015676781284,False
11,2dp9,49,L,expanded_s231301,True,V,0.014572282190856174,0.06809595225296916,False,0.01066256866929362,0.9982277245436793,0.9982277245436793,4.672977874097035,0.9953629412867613,0.0022817503006803685,False,10.745162085267076,False
11,2dp9,49,L,expanded_s231301,True,W,0.012262617214123002,-0.012414289554288853,False,-0.0023099725310358706,1.000454835142519,1.000454835142519,-1.012368676076031,0.9998458854148623,0.0022817503006803685,False,15.174059164659406,False
11,2dp9,49,L,expanded_s231301,True,Y,0.013659001546901693,0.05776160873387183,False,0.00964913633282294,0.9986086365171633,0.9986086365171631,4.228830968027385,0.9966635965564752,0.0022817503006803685,False,12.23010563010628,False
11,2dp9,49,L,expanded_s231303,True,A,0.4500296649827775,0.3313969378804432,False,1.494801882227735,0.9042497935032026,0.9042497935032027,0.7363890953569154,0.8901760695634657,2.0299076828442573,False,10.022913962523011,False
11,2dp9,49,L,expanded_s231303,True,C,0.37754290843286986,0.052653606998914096,False,0.18094338852720873,1.1027806558562476,1.1027806558562476,0.13946390151379662,0.9972275976700038,1.29742095670046,False,9.102239831535135,False
11,2dp9,49,L,expanded_s231303,True,D,0.4079701505293317,0.1959749948369101,False,0.9445365489389458,1.006535747435727,1.0065357474357275,0.4803660135003434,0.961593801398673,1.9662851292419141,False,11.813802801183693,False
11,2dp9,49,L,expanded_s231303,True,E,0.2747900763336694,0.1616820103784263,False,1.0240380968763394,0.9866523621041261,0.9866523621041261,0.5883837310853273,0.9738589275199905,1.7404255807471223,False,23.04906796285346,False
11,2dp9,49,L,expanded_s231303,True,F,0.3316436570171758,0.14979925536470765,False,0.6882112659456588,1.0106275695045233,1.0106275695045233,0.4516873825117346,0.9775601830921791,1.523645097453612,False,13.85289134073728,False
11,2dp9,49,L,expanded_s231303,True,G,0.4797901253036974,0.3523510417352647,False,2.3874119362265267,0.8920894634088358,0.8920894634088358,0.7343857723462601,0.8758487433880737,3.250896226650849,False,14.12213944942039,False
11,2dp9,49,L,expanded_s231303,True,H,0.40093784207041516,0.1870526800922164,False,0.7700170716142368,1.0107581573847593,1.0107581573847593,0.4665378531651923,0.9650112948703189,1.6504921656198135,False,10.267373718460583,False
11,2dp9,49,L,expanded_s231303,True,I,0.3189266784771139,0.11944907284834644,False,0.3060435404227088,1.0255232341430565,1.0255232341430567,0.37453459026607605,0.9857319189956704,0.8171302421100546,False,8.033588538011278,False
11,2dp9,49,L,expanded_s231303,True,K,0.2598219837634798,0.17068150497552703,False,1.1604246857455265,0.9788138488178346,0.9788138488178347,0.6569171034076208,0.9708678238592892,1.766470502482071,False,26.167040168941142,False
11,2dp9,49,L,expanded_s231303,True,M,0.5371600193549012,0.19017158651837981,False,0.44550159206305956,1.0842357402034275,1.0842357402034275,0.3540315356060288,0.9638347676810823,1.2583669737229848,False,4.361139211333455,False
11,2dp9,49,L,expanded_s231303,True,N,0.38618147318492335,0.1798004246697124,False,0.7749893911452856,1.010264944474829,1.0102649444748288,0.4655853197380466,0.967671807288591,1.664548597840928,False,11.16126987645164,False
11,2dp9,49,L,expanded_s231303,True,P,0.19649551531444126,0.11290100552880611,False,1.2119006989559105,0.9942414050168851,0.9942414050168852,0.5745729379529944,0.9872533629505844,2.1092199421599904,False,54.62816132654491,False
11,2dp9,49,L,expanded_s231303,True,Q,0.44904154202093094,0.18718239837222922,False,0.6794493710660984,1.0335329608520514,1.0335329608520516,0.41684873415008933,0.96496274973962,1.6299662573077596,False,8.083614100512074,False
11,2dp9,49,L,expanded_s231303,True,R,0.27036819678513696,0.16037068751685474,False,1.334579707742071,0.9863806946305973,0.9863806946305974,0.593156626495912,0.9742812425853714,2.24996172701658,False,30.7796673249821,False
11,2dp9,49,L,expanded_s231303,True,S,0.37586589799460446,0.2822996823015081,False,1.3861774059805276,0.9290615260915948,0.9290615260915945,0.7510648979002625,0.9203068893724676,1.8456160178112926,False,13.063979855929139,False
11,2dp9,49,L,expanded_s231303,True,T,0.36458136026348303,0.1899227001335503,False,0.7750298847890625,0.9944350155323648,0.994435015532365,0.5209336538661579,0.9639293679739815,1.487770811190841,False,11.193015676781284,False
11,2dp9,49,L,expanded_s231303,True,V,0.27778332052733207,0.14586016319262615,False,0.4353673246820962,0.996128532234578,0.996128532234578,0.5250861099785668,0.9787248127934205,0.8291351007168467,False,10.745162085267076,False
11,2dp9,49,L,expanded_s231303,True,W,0.3510367560637675,0.17861461142240842,False,0.9514179674488156,0.9978262165491477,0.9978262165491478,0.5088202541102625,0.968096820586422,1.8698508162032423,False,15.174059164659406,False
11,2dp9,49,L,expanded_s231303,True,Y,0.32407028112610814,0.15654386652192437,False,0.6204481161429857,1.0035591174444989,1.0035591174444989,0.4830552989245168,0.9754940178543658,1.2844246145821456,False,12.23010563010628,False
15,5mh3,13,P,restricted_s231301,True,A,0.45017024302562647,0.08324615469771261,False,0.27588359828096326,1.1277033643233154,1.1277033643233154,0.18492149578392664,0.9930700777280446,1.4918957750770208,False,7.361815277903778,False
15,5mh3,13,P,restricted_s231301,True,C,0.6686083761626211,0.17580775340575536,False,0.22264352956132816,1.211944087631976,1.211944087631976,0.26294578362116544,0.9690916338424211,0.8467278938463526,False,1.8940883853328643,False
15,5mh3,13,P,restricted_s231301,True,D,0.3449378587749431,0.11206689969263733,False,0.5218504721881064,1.0416698935771933,1.0416698935771933,0.3248901123542838,0.9874410099932803,1.6062368546908647,False,13.499816342764513,False
15,5mh3,13,P,restricted_s231301,True,E,0.6913415323223568,0.24263150401022407,False,0.910458777846492,1.1424706427696119,1.1424706427696119,0.350957511832358,0.9411299532617367,2.594213678724139,False,5.427757662900751,False
15,5mh3,13,P,restricted_s231301,True,F,0.9144143234591937,0.23750134886891403,False,0.9841155149917973,1.4018042844541068,1.4018042844541072,0.25973056499208774,0.9435931092854464,3.7889861557948588,False,4.53144776264631,False
15,5mh3,13,P,restricted_s231301,True,G,0.36697012549264557,0.25211350300522345,False,0.6269074850207191,0.9496308253316533,0.9496308253316532,0.6870136980953674,0.9364387816024351,0.9125108957197173,False,6.776050562055482,False
15,5mh3,13,P,restricted_s231301,True,H,0.8309024791827718,0.3010859641379923,False,1.0435099769918468,1.1900527818132907,1.1900527818132909,0.36236017063533527,0.9093472421990956,2.8797590396379222,False,4.1711522351355095,False
15,5mh3,13,P,restricted_s231301,True,I,0.7455702104807217,0.23893182976041538,False,0.663509492672888,1.1995940295462342,1.1995940295462342,0.32046858418117213,0.9429115807273399,2.070435373152779,False,3.7246424128873983,False
15,5mh3,13,P,restricted_s231301,True,K,0.5468951667881011,0.2921325527133679,False,0.815203808557542,0.9795625611753627,0.9795625611753628,0.5341655411384482,0.9146585716451714,1.5261257901813114,False,5.102489985587699,False
15,5mh3,13,P,restricted_s231301,True,L,0.7332634250736395,0.25058185607567507,False,0.7247073141262835,1.1701902304560063,1.1701902304560066,0.3417351084305205,0.9372087334056696,2.120669770965679,False,3.944146152893479,False
15,5mh3,13,P,restricted_s231301,True,M,2.0327059632788886,0.1925798213753443,False,0.2389939967670912,4.348977230515864,4.348977230515864,0.09474061908329345,0.9629130123990406,2.522613838494912,False,0.6105224682718381,False
15,5mh3,13,P,restricted_s231301,True,N,0.7137355225701211,0.17129893590865408,False,0.4959853979348323,1.2648941251055061,1.2648941251055061,0.24000337728997476,0.9706566745565628,2.0665767437746396,False,4.056737564402248,False
15,5mh3,13,P,restricted_s231301,True,Q,0.596653102794871,0.18502642429824545,False,0.5010569539313185,1.13520174476157,1.13520174476157,0.31010720204342496,0.9657652223114057,1.6157540058071742,False,4.538699548786883,False
15,5mh3,13,P,restricted_s231301,True,R,0.5177803281831513,0.2920687013461107,False,0.9214803095361266,0.9656416121834199,0.9656416121834199,0.5640784043900543,0.9146958736939964,1.6336032409050225,False,6.093341145250199,False
15,5mh3,13,P,restricted_s231301,True,S,0.5226958820426907,0.14655288541689795,False,0.39034495296523264,1.1200058056866127,1.1200058056866127,0.2803788789078855,0.9785222517759816,1.3922052705456283,False,5.0957148374312435,False
15,5mh3,13,P,restricted_s231301,True,T,0.471961545962177,0.17536842270972725,False,0.39731627460533886,1.0572133970769453,1.0572133970769453,0.3715735407049058,0.9692459163163023,1.0692803202606864,False,4.8004101326240045,False
15,5mh3,13,P,restricted_s231301,True,V,0.4379079235945975,0.13118088285209953,False,0.3811842175906929,1.0768730534967939,1.0768730534967939,0.29956270664228263,0.9827915759741437,1.2724688659121948,False,6.635620773826611,False
15,5mh3,13,P,restricted_s231301,True,W,0.7238691650277606,0.27732154975490647,False,1.1818256849869748,1.1224975307474099,1.1224975307474099,0.38311004688847483,0.923092758041537,3.0848203919095076,False,5.887212726129232,False
15,5mh3,13,P,restricted_s231301,True,Y,0.815178590349361,0.2548914446620376,False,0.9718893838717308,1.2489520370605474,1.2489520370605476,0.31268172113401405,0.9350303514380994,3.1082385639523302,False,4.677446346525219,False
15,5mh3,13,P,restricted_s231303,True,A,0.3953636771569372,0.09942085400098873,False,0.2893737768045591,1.077697648367227,1.0776976483672271,0.2514668386229224,0.9901154937897141,1.1507432884161661,False,7.361815277903778,False
15,5mh3,13,P,restricted_s231303,True,C,0.6958455524137097,0.21746381102170095,False,0.28661577607237504,1.1815585813931684,1.1815585813931686,0.312517354271181,0.9527094908959179,0.9171195524190623,False,1.8940883853328643,False
15,5mh3,13,P,restricted_s231303,True,D,0.48473331724461893,0.08446020108092422,False,0.5526915724579995,1.1530850419567646,1.1530850419567646,0.17424055264247842,0.99286647443337,3.1720030961567196,False,13.499816342764513,False
15,5mh3,13,P,restricted_s231303,True,E,0.7957550554436877,0.2425512875903467,False,1.0476191775902295,1.247203281655398,1.2472032816553984,0.3048064676825808,0.941168872888265,3.4369978614797594,False,5.427757662900751,False
15,5mh3,13,P,restricted_s231303,True,F,0.7785472141193119,0.26563676153400917,False,0.9371521586838426,1.192514243292984,1.1925142432929843,0.3411954428923054,0.9294371109217239,2.746672554415225,False,4.53144776264631,False
15,5mh3,13,P,restricted_s231303,True,G,0.40815086561738906,0.234710737661007,False,0.6491279634081253,0.9749923476121521,0.9749923476121521,0.5750587771165743,0.944910869626626,1.128802809797886,False,6.776050562055482,False
15,5mh3,13,P,restricted_s231303,True,H,0.8366117757025427,0.3406919206082387,False,1.1888904770010118,1.1298655179090251,1.1298655179090251,0.40722821564655054,0.8839290152322696,2.9194697992952845,False,4.1711522351355095,False
15,5mh3,13,P,restricted_s231303,True,I,0.7677268756842823,0.27888092621042926,False,0.7974622626060176,1.161195791313006,1.161195791313006,0.3632553907427821,0.9222254289960131,2.1953212063154033,False,3.7246424128873983,False
15,5mh3,13,P,restricted_s231303,True,K,0.7450609991143868,0.3125035841263587,False,1.188034340225196,1.089447427169305,1.089447427169305,0.41943355577303676,0.90234150990818,2.8324732818183564,False,5.102489985587699,False
15,5mh3,13,P,restricted_s231303,True,L,0.6831016526576106,0.2718022716066557,False,0.7323040191906147,1.0952907060023602,1.0952907060023604,0.39789432590187346,0.9261235251494618,1.8404485098669428,False,3.944146152893479,False
15,5mh3,13,P,restricted_s231303,True,M,1.6921100895217063,0.2311246934789871,False,0.23876827101572723,3.081059703514345,3.0810597035143457,0.1365896314372294,0.9465813760642442,1.748070248842092,False,0.6105224682718381,False
15,5mh3,13,P,restricted_s231303,True,N,0.8458085786098313,0.15717754553378888,False,0.5393112773989931,1.449507918895351,1.449507918895351,0.18583110825398041,0.9752952191799737,2.902158214877036,False,4.056737564402248,False
15,5mh3,13,P,restricted_s231303,True,Q,0.5931543924932416,0.21135900147820044,False,0.5690100456997254,1.1010950930944663,1.1010950930944663,0.3563305003774521,0.9553273724941381,1.5968603448118728,False,4.538699548786883,False
15,5mh3,13,P,restricted_s231303,True,R,0.6924355009513409,0.3303254546439848,False,1.3937242634813976,1.0220087796509603,1.02200877965096,0.4770486986732322,0.8908850940142448,2.921555529566737,False,6.093341145250199,False
15,5mh3,13,P,restricted_s231303,True,S,0.5669472918466099,0.17222479333233448,False,0.4975577253872836,1.1261444713949869,1.126144471394987,0.3037756698182283,0.9703386205616347,1.6379117053219228,False,5.0957148374312435,False
15,5mh3,13,P,restricted_s231303,True,T,0.5327576051821377,0.17514703386356933,False,0.4479306585665045,1.0972088372475866,1.0972088372475866,0.32875557694514856,0.9693235165287937,1.3625036044369212,False,4.8004101326240045,False
15,5mh3,13,P,restricted_s231303,True,V,0.424945543362844,0.15496749817069033,False,0.43697386074275346,1.0488732193964936,1.0488732193964938,0.3646761346038398,0.975985074510717,1.198251871396666,False,6.635620773826611,False
15,5mh3,13,P,restricted_s231303,True,W,0.7325642893814152,0.32949162343157595,False,1.4210188893128968,1.0539028441243352,1.0539028441243352,0.4497784402100765,0.8914352700884245,3.1593752885291395,False,5.887212726129232,False
15,5mh3,13,P,restricted_s231303,True,Y,0.7675220713575392,0.2926237555565821,False,1.0505319555583243,1.1398997480345472,1.1398997480345474,0.3812577728729152,0.9143713376839616,2.755437476440641,False,4.677446346525219,False
15,5mh3,13,P,expanded_s231301,True,A,0.01760522582615054,0.01770217007364392,False,0.00229431489758197,0.999686642572871,0.999686642572871,1.0055065608615699,0.9996866331746838,0.002281750300680368,False,7.361815277903778,False
15,5mh3,13,P,expanded_s231301,True,C,0.03470834756198085,0.02433944558401162,False,0.001600091654623918,0.9995151055168917,0.9995151055168918,0.7012562479543909,0.9994075913886629,0.002281750300680368,False,1.8940883853328643,False
15,5mh3,13,P,expanded_s231301,True,D,0.013000801521104645,-0.01080855097366299,False,-0.001896991842698258,1.0004500604920699,1.0004500604920699,-0.8313757391124771,0.9998831752258497,0.002281750300680368,False,13.499816342764513,False
15,5mh3,13,P,expanded_s231301,True,E,0.02050330318153315,0.024325141773067008,False,0.0027070711028054886,0.9994228939279399,0.9994228939279399,1.186401115844402,0.9994082874777201,0.002281750300680368,False,5.427757662900751,False
15,5mh3,13,P,expanded_s231301,True,F,0.022439623673421803,0.009162330514418658,False,0.0009316622555916384,1.0000923382131746,1.0000923382131748,0.4083103463660494,0.9999160516995446,0.002281750300680368,False,4.53144776264631,False
15,5mh3,13,P,expanded_s231301,True,G,0.018350408612417327,0.03815863012312069,False,0.004744769862948132,0.9989362845865439,0.9989362845865439,2.0794430755781406,0.9985439189471269,0.002281750300680368,False,6.776050562055482,False
15,5mh3,13,P,expanded_s231301,True,H,0.023388697551929634,0.04624286753425907,False,0.004511353257971938,0.99838391028779,0.9983839102877903,1.9771459026987972,0.997861597202209,0.002281750300680368,False,4.1711522351355095,False
15,5mh3,13,P,expanded_s231301,True,I,0.02475094391444803,0.03945702685494825,False,0.003637480784628868,0.9986594119072207,0.9986594119072211,1.5941625091686198,0.9984431430317678,0.002281750300680368,False,3.7246424128873983,False
15,5mh3,13,P,expanded_s231301,True,K,0.02114671818851524,0.03297108997024367,False,0.003557610868159263,0.9990527229942066,0.9990527229942066,1.5591587156133873,0.9989129072261741,0.002281750300680368,False,5.102489985587699,False
15,5mh3,13,P,expanded_s231301,True,L,0.024052352409395957,0.039830526098320704,False,0.0037785624189340125,0.9986624799556889,0.9986624799556891,1.6559929532198714,0.998413529190731,0.002281750300680368,False,3.944146152893479,False
15,5mh3,13,P,expanded_s231301,True,M,0.06113405910973823,0.0003960883013624165,False,1.478348753364072e-05,1.0036889442119765,1.0036889442119767,0.00647901198007188,0.9999998431140575,0.002281750300680368,False,0.6105224682718381,False
15,5mh3,13,P,expanded_s231301,True,N,0.0237162271583797,0.008906783554343297,False,0.0008569261846539949,1.0001399888265772,1.0001399888265772,0.37555651220840347,0.999920669206716,0.002281750300680368,False,4.056737564402248,False
15,5mh3,13,P,expanded_s231301,True,Q,0.022421689857545873,0.004879870404781423,False,0.0004966015422626119,1.0002839022945458,1.000283902294546,0.2176406165541147,0.9999761868648326,0.002281750300680368,False,4.538699548786883,False
15,5mh3,13,P,expanded_s231301,True,R,0.019351129152089985,0.0361757906335046,False,0.0042655971394017665,0.998974381406005,0.9989743814060049,1.8694408139794518,0.9986913121720409,0.002281750300680368,False,6.093341145250199,False
15,5mh3,13,P,expanded_s231301,True,S,0.021160771619887803,0.023251696369361877,False,0.0025072131647721732,0.999463730582255,0.999463730582255,1.098811366004675,0.999459358615947,0.002281750300680368,False,5.0957148374312435,False
15,5mh3,13,P,expanded_s231301,True,T,0.021801927259933972,0.03513425151570738,False,0.003677087259504405,0.9989433352404922,0.9989433352404922,1.6115204448129044,0.998765584370431,0.002281750300680368,False,4.8004101326240045,False
15,5mh3,13,P,expanded_s231301,True,V,0.018543567059068813,0.026725903256359443,False,0.003288571049836345,0.9993526767207772,0.9993526767207773,1.4412493114850318,0.9992857260951318,0.002281750300680368,False,6.635620773826611,False
15,5mh3,13,P,expanded_s231301,True,W,0.019686984250491067,0.01659820517607686,False,0.0019237562833079997,0.9997340401411033,0.9997340401411033,0.8431055241821936,0.9997244995849328,0.002281750300680368,False,5.887212726129232,False
15,5mh3,13,P,expanded_s231301,True,Y,0.0220866399220564,0.015749852270457547,False,0.0016271026412623252,0.9997920970312002,0.9997920970312004,0.7130940842988642,0.9997519421534588,0.002281750300680368,False,4.677446346525219,False
15,5mh3,13,P,expanded_s231303,True,A,0.2974654848138559,0.11019665810840085,False,0.24131811341137527,1.022926309997378,1.022926309997378,0.3704519136980154,0.9878566965417402,0.6514154860274057,False,7.361815277903778,False
15,5mh3,13,P,expanded_s231303,True,C,0.5246728458951191,0.1894378015715585,False,0.18825888154337939,1.0764958542783543,1.0764958542783543,0.36105890185410255,0.9641133193357347,0.5214076722015053,False,1.8940883853328643,False
15,5mh3,13,P,expanded_s231303,True,D,0.2928630266445162,0.07769430217427453,False,0.3071719656872968,1.0402611753998032,1.0402611753998035,0.2652922871980751,0.9939635954096525,1.1578624050157669,False,13.499816342764513,False
15,5mh3,13,P,expanded_s231303,True,E,0.579673680386612,0.2415848361647216,False,0.760105197381719,1.0559408335225584,1.0559408335225584,0.41676005714731973,0.9416367669352647,1.8238436825845592,False,5.427757662900751,False
15,5mh3,13,P,expanded_s231303,True,F,0.7268507041123324,0.1959791026196325,False,0.6454936259887449,1.2434168486078274,1.2434168486078276,0.26962772617654995,0.9615921913364035,2.3940179859918453,False,4.53144776264631,False
15,5mh3,13,P,expanded_s231303,True,G,0.39949415931176374,0.23860489404042304,False,0.6459016879176475,0.9689530602195103,0.9689530602195101,0.59726754066063,0.9430677045399585,1.081427742085605,False,6.776050562055482,False
15,5mh3,13,P,expanded_s231303,True,H,0.6649913356869371,0.2733164622681242,False,0.7581197630021143,1.0787073179208804,1.0787073179208801,0.4110075539341996,0.925298111453237,1.8445397310714289,False,4.1711522351355095,False
15,5mh3,13,P,expanded_s231303,True,I,0.6544063378310461,0.22316752840216683,False,0.5439551397424413,1.1361631650245054,1.1361631650245057,0.3410228714193535,0.950196254266868,1.5950693790081407,False,3.7246424128873983,False
15,5mh3,13,P,expanded_s231303,True,K,0.680689257523201,0.2958266505270197,False,1.0274681163197217,1.0606058191018617,1.0606058191018617,0.43459867664642343,0.9124865928379646,2.364176817675032,False,5.102489985587699,False
15,5mh3,13,P,expanded_s231303,True,L,0.755516488857915,0.20478260271318505,False,0.6102250127608442,1.26137189897409,1.26137189897409,0.2710498125894604,0.9580640856260138,2.2513389953348093,False,3.944146152893479,False
15,5mh3,13,P,expanded_s231303,True,M,1.680436418901662,0.22271124361260589,False,0.22848930648586388,3.0753623886400363,3.075362388640036,0.13253178823520773,0.9503997019685265,1.7240339810427803,False,0.6105224682718381,False
15,5mh3,13,P,expanded_s231303,True,N,0.4412560794435091,0.15725442051675623,False,0.2814948657598713,1.055927989501087,1.0559279895010867,0.35637904573479856,0.9752710472279392,0.7898749074302962,False,4.056737564402248,False
15,5mh3,13,P,expanded_s231303,True,Q,0.5538797725440138,0.18531145561953793,False,0.4658533330135184,1.1015022686567089,1.1015022686567089,0.33456981967113136,0.965659664416168,1.3923949669800864,False,4.538699548786883,False
15,5mh3,13,P,expanded_s231303,True,R,0.5851776616339013,0.31112725825629295,False,1.10938245835236,0.9783034527613519,0.9783034527613518,0.5316799984940989,0.903199829169922,2.0865604527056005,False,6.093341145250199,False
15,5mh3,13,P,expanded_s231303,True,S,0.3129140970859341,0.1426510526683719,False,0.22746010020204996,1.0086401814669421,1.0086401814669421,0.45587927804095174,0.9796506771726053,0.4989481013032954,False,5.0957148374312435,False
15,5mh3,13,P,expanded_s231303,True,T,0.34880127595280885,0.15858301659522028,False,0.26552968701667695,1.011034413040591,1.0110344130405908,0.45465148073791967,0.9748514268475601,0.584029082200965,False,4.8004101326240045,False
15,5mh3,13,P,expanded_s231303,True,V,0.3620674852152943,0.1218504301159336,False,0.29275084021631403,1.0428567062411713,1.0428567062411713,0.3365406591080067,0.985152472680562,0.8698825306643287,False,6.635620773826611,False
15,5mh3,13,P,expanded_s231303,True,W,0.5368935192567621,0.27331120522051155,False,0.8638837954865005,0.994776621373616,0.9947766213736157,0.5090603544607216,0.9253009851009114,1.6970164498503615,False,5.887212726129232,False
15,5mh3,13,P,expanded_s231303,True,Y,0.7162383255734164,0.23109766999456585,False,0.7742156350821234,1.1819553226185593,1.18195532261856,0.3226547110691827,0.9465938669230827,2.399517529177246,False,4.677446346525219,False
15,5mh3,66,E,restricted_s231301,True,A,0.7229720590819672,0.1896584861368905,False,0.34990633118568715,1.2484530257237065,1.2484530257237068,0.2623316956089833,0.9640296586362629,1.3338316987331857,False,2.551866834847387,False
15,5mh3,66,E,restricted_s231301,True,C,0.9104652904581153,0.13655867212223446,False,0.16979361881568977,1.5802831829722908,1.580283182972291,0.1499877848759317,0.9813517290682121,1.1320496462838041,False,1.3656477249492607,False
15,5mh3,66,E,restricted_s231301,True,D,1.1942422171089406,-0.004332746800713258,False,-0.004819160883602619,2.436563171416189,2.436563171416189,-0.003628030175655747,0.9999812273051609,1.3283133409251708,False,0.9313559537889309,False
15,5mh3,66,E,restricted_s231301,True,F,1.1135109395996123,0.15055236816315395,False,0.37550896190909006,1.9046231947434105,1.9046231947434105,0.13520510918131476,0.9773339844404662,2.777328195530832,False,2.2399494988489645,False
15,5mh3,66,E,restricted_s231301,True,G,0.6061400617509745,0.18222006949085917,False,0.4518251466425805,1.1465040061125626,1.1465040061125626,0.3006237023246323,0.9667958462747465,1.5029591584055184,False,4.090733632634549,False
15,5mh3,66,E,restricted_s231301,True,H,1.2089444015652835,0.06588129703098487,False,0.08396624517359963,2.3022529156491043,2.302252915649104,0.05449489401306206,0.9956596547015151,1.54080940415213,False,1.0542321674285708,False
15,5mh3,66,E,restricted_s231301,True,I,0.8796511474002748,0.1598551655170375,False,0.38039789379626643,1.492552581592774,1.4925525815927745,0.18172563747512205,0.9744463260575206,2.093253869302521,False,2.7052098222715624,False
15,5mh3,66,E,restricted_s231301,True,K,0.8013168779052663,0.15815811256631854,False,0.25941924093826,1.3886392088617794,1.3886392088617792,0.19737274594759804,0.9749860114294597,1.314362019400263,False,2.0469461633930846,False
15,5mh3,66,E,restricted_s231301,True,L,1.0111767141740775,0.1368294834115423,False,0.2835507863783289,1.7457607724114448,1.7457607724114446,0.1353170830514068,0.9812776924693305,2.0954544687503227,False,2.049387622054295,False
15,5mh3,66,E,restricted_s231301,True,M,1.752446573762084,0.12340481652738011,False,0.16137123486494528,3.638548298072176,3.6385482980721746,0.07041858985889622,0.9847712512578436,2.291599919684542,False,0.7461896571660918,False
15,5mh3,66,E,restricted_s231301,True,N,1.1900062373684084,0.040074279686058346,False,0.049370377623092605,2.3207375594068056,2.320737559406806,0.033675688771748806,0.9983940521076436,1.4660539820795109,False,1.0352648920255125,False
15,5mh3,66,E,restricted_s231301,True,P,5.393287686680648,-0.014892678413242941,False,-0.019327581921182342,30.248193069516777,30.24819306951678,-0.002761335808216228,0.9997782081296797,6.999359463515451,False,0.24063074975708557,False
15,5mh3,66,E,restricted_s231301,True,Q,1.8891888086798403,0.03905612608952804,False,0.027465210525220937,4.4214655622037045,4.4214655622037045,0.02067349007684433,0.998474619014879,1.3285231677443656,False,0.3722360267959633,False
15,5mh3,66,E,restricted_s231301,True,R,0.7884075981884364,0.14156036718912055,False,0.23837595044308094,1.3983720026927637,1.398372002692764,0.17955226143734646,0.9799606624412814,1.32761318924552,False,2.1358461001476745,False
15,5mh3,66,E,restricted_s231301,True,S,0.7510949033180627,0.11858767232375023,False,0.17515159611409134,1.3860023612329275,1.3860023612329277,0.15788640263683487,0.9859369639728349,1.1093519973152426,False,1.9664356525244748,False
15,5mh3,66,E,restricted_s231301,True,T,0.8312642151474331,0.11295583795789889,False,0.1845962745648189,1.503207903411891,1.5032079034118913,0.1358843986058813,0.9872409786712288,1.3584802704261978,False,1.9659622088383573,False
15,5mh3,66,E,restricted_s231301,True,V,0.780105523637705,0.1312349551558566,False,0.3053141584350229,1.4038104011871972,1.4038104011871977,0.16822718360446384,0.9827773865452403,1.8148919329998312,False,2.9822501168599564,False
15,5mh3,66,E,restricted_s231301,True,W,1.1433154112251116,0.16644010389595748,False,0.5136428306338308,1.926583057884532,1.9265830578845322,0.14557671685507131,0.9722976918151028,3.5283309153426448,False,2.699213235978091,False
15,5mh3,66,E,restricted_s231301,True,Y,0.9042546455429439,0.1460808759194592,False,0.3080956119833341,1.5534878426356886,1.5534878426356884,0.16154838312359177,0.9786603776906035,1.9071414150126595,False,2.3323912317541335,False
15,5mh3,66,E,restricted_s231303,True,A,0.8892420866329019,0.15452419236492196,False,0.35065052958206516,1.515932658131543,1.5159326581315433,0.1737706690762072,0.9761222739739687,2.0178924984646702,False,2.551866834847387,False
15,5mh3,66,E,restricted_s231303,True,C,0.9381940304539993,0.1578560320599031,False,0.2022518639838598,1.5840088648800075,1.5840088648800075,0.16825520834268723,0.9750814731423028,1.2020541056413019,False,1.3656477249492607,False
15,5mh3,66,E,restricted_s231303,True,D,1.2609082035690817,0.01756643687573732,False,0.02062922177992697,2.545590169099618,2.5455901690996177,0.013931574737966168,0.9996914202954907,1.4807530496684234,False,0.9313559537889309,False
15,5mh3,66,E,restricted_s231303,True,F,1.0365384809099016,0.1494810441964389,False,0.3470641692341982,1.7645263134546012,1.7645263134546012,0.1442117653608194,0.9776554174259424,2.406628671147877,False,2.2399494988489645,False
15,5mh3,66,E,restricted_s231303,True,G,0.8300666769536418,0.19157459732705834,False,0.6505071916469676,1.370971309404855,1.3709713094048548,0.23079422731453358,0.9632991736589754,2.8185591954188527,False,4.090733632634549,False
15,5mh3,66,E,restricted_s231303,True,H,1.4493564072595204,0.07640270003165897,False,0.11674012793573857,2.879164509618601,2.8791645096186005,0.05271491515059647,0.9941626274278723,2.2145559298015423,False,1.0542321674285708,False
15,5mh3,66,E,restricted_s231303,True,I,0.8061096739389921,0.20030374331210685,False,0.4368015333209266,1.326879235997864,1.326879235997864,0.24848199914701216,0.9598784104151575,1.757879986559899,False,2.7052098222715624,False
15,5mh3,66,E,restricted_s231303,True,K,0.910593019928394,0.13940200170316822,False,0.25983625450893166,1.5753026685124105,1.5753026685124107,0.15308924915120734,0.9805670819211498,1.6972860991191456,False,2.0469461633930846,False
15,5mh3,66,E,restricted_s231303,True,L,0.9597897322676741,0.17466595308584767,False,0.34356464549064936,1.5859111534693657,1.5859111534693657,0.1819835607880158,0.9694918048326124,1.8878883565249713,False,2.049387622054295,False
15,5mh3,66,E,restricted_s231303,True,M,1.3225203186037744,0.13891069821605956,False,0.13708415910236835,2.3816355513954774,2.381635551395477,0.10503483104343674,0.9807038179211268,1.3051304766290122,False,0.7461896571660918,False
15,5mh3,66,E,restricted_s231303,True,N,1.3402725817462184,0.05666216334925184,False,0.07862085662527808,2.644445105461818,2.6444451054618185,0.04227659665724689,0.9967893992445828,1.8596779977983682,False,1.0352648920255125,False
15,5mh3,66,E,restricted_s231303,True,P,5.119731023682602,0.001960788594750831,False,0.002415622361882664,27.191568334459244,27.19156833445924,0.0003829866423999055,0.9999961553080867,6.307327970358634,False,0.24063074975708557,False
15,5mh3,66,E,restricted_s231303,True,Q,1.792257201729854,0.0016457771580416088,False,0.0010979682164329976,4.206286565224641,4.206286565224641,0.0009182706346238334,0.999997291417546,1.1956913082413625,False,0.3722360267959633,False
15,5mh3,66,E,restricted_s231303,True,R,1.0083135378254113,0.16915388061931255,False,0.36429022652811816,1.6755758949536848,1.6755758949536845,0.1677592080972351,0.9713869646714274,2.1715065936468387,False,2.1358461001476745,False
15,5mh3,66,E,restricted_s231303,True,S,0.7822667072992407,0.14006712853651596,False,0.21546206231562828,1.3928014984665562,1.3928014984665564,0.17905290769703694,0.9803811995035351,1.2033429955809305,False,1.9664356525244748,False
15,5mh3,66,E,restricted_s231303,True,T,0.7239110710787084,0.13268382060754927,False,0.18883319974446297,1.3319446654486704,1.3319446654486709,0.18328745878942773,0.9823950037489837,1.0302570671865037,False,1.9659622088383573,False
15,5mh3,66,E,restricted_s231303,True,V,0.7022027802561598,0.17640647572818427,False,0.36942061977099294,1.245342509176437,1.2453425091764372,0.2512187087379975,0.9688807553211615,1.4705139662041302,False,2.9822501168599564,False
15,5mh3,66,E,restricted_s231303,True,W,0.9670765541815005,0.1938246931578939,False,0.5059494805534707,1.5603504288987193,1.560350428898719,0.20042331945679348,0.9624319883222482,2.5244042555763646,False,2.699213235978091,False
15,5mh3,66,E,restricted_s231303,True,Y,0.8854308544851246,0.1674030493865375,False,0.3457159499110549,1.487540147950783,1.487540147950783,0.1890639438851291,0.9719762190560886,1.8285662660306292,False,2.3323912317541335,False
15,5mh3,66,E,expanded_s231301,True,A,0.029902331677381124,0.008932358507050459,False,0.0006815994126860762,1.0003599527462659,1.0003599527462659,0.2987177924257699,0.9999202129715016,0.002281750300680368,False,2.551866834847387,False
15,5mh3,66,E,expanded_s231301,True,C,0.040875654104966165,-0.0076342875622302415,False,-0.0004261592461827509,1.002294932093972,1.002294932093972,-0.18676857237870398,0.9999417176534171,0.002281750300680368,False,1.3656477249492607,False
15,5mh3,66,E,expanded_s231301,True,D,0.0494966960818784,-0.027856614178008804,False,-0.00128416324337009,1.0052075436546999,1.0052075436546999,-0.5627974467614535,0.9992240090465375,0.002281750300680368,False,0.9313559537889309,False
15,5mh3,66,E,expanded_s231301,True,F,0.03191647682580967,0.027453000203871782,False,0.001962650571102738,0.9992662554033607,0.9992662554033609,0.8601513366811077,0.9992463327798061,0.002281750300680368,False,2.2399494988489645,False
15,5mh3,66,E,expanded_s231301,True,G,0.023617474630085344,-0.0011113557599900445,False,-0.00010737118930953964,1.0006102799408358,1.0006102799408358,-0.04705650275471593,0.9999987648883748,0.002281750300680368,False,4.090733632634549,False
15,5mh3,66,E,expanded_s231301,True,H,0.046522808713665924,-0.03431190301085736,False,-0.0016828561554354654,1.0053569439313605,1.0053569439313605,-0.7375286221869565,0.9988226933117736,0.002281750300680368,False,1.0542321674285708,False
15,5mh3,66,E,expanded_s231301,True,I,0.029042472072231474,0.06890426151560637,False,0.005413530881268173,0.9968411650026169,0.9968411650026167,2.3725343126519918,0.9952522027449889,0.002281750300680368,False,2.7052098222715624,False
15,5mh3,66,E,expanded_s231301,True,K,0.033387265290295384,0.020411997397863188,False,0.0013949953910600496,0.9997517079391098,0.9997517079391098,0.6113707493077102,0.9995833503622296,0.002281750300680368,False,2.0469461633930846,False
15,5mh3,66,E,expanded_s231301,True,L,0.033367372050325056,0.03728608428418397,False,0.0025497223424822127,0.9986251042243245,0.9986251042243245,1.117441440337245,0.9986097479187528,0.002281750300680368,False,2.049387622054295,False
15,5mh3,66,E,expanded_s231301,True,M,0.055298002740540385,0.026561531648954837,False,0.0010960031072171333,1.000120269807259,1.0001202698072589,0.4803343761542747,0.9992944850364616,0.002281750300680368,False,0.7461896571660918,False
15,5mh3,66,E,expanded_s231301,True,N,0.04694705077740977,-0.027869223807160434,False,-0.0013545176693466688,1.0048207813071004,1.0048207813071002,-0.5936309809810395,0.9992233063643864,0.002281750300680368,False,1.0352648920255125,False
15,5mh3,66,E,expanded_s231301,True,P,0.09737747208673359,-0.018024586446161103,False,-0.0004223523640717973,1.0129927493970745,1.0129927493970745,-0.18510016803585436,0.9996751142834448,0.002281750300680368,False,0.24063074975708557,False
15,5mh3,66,E,expanded_s231301,True,Q,0.07829334644470891,-0.010956977406288305,False,-0.00031932581281350923,1.007845564953626,1.007845564953626,-0.13994774656906728,0.9998799446461181,0.002281750300680368,False,0.3722360267959633,False
15,5mh3,66,E,expanded_s231301,True,R,0.03268504446853293,0.036622440122598,False,0.0025566207762646957,0.9986742999640034,0.9986742999640036,1.1204647482690666,0.9986587968794668,0.002281750300680368,False,2.1358461001476745,False
15,5mh3,66,E,expanded_s231301,True,S,0.03406388582353893,0.0006757376817213338,False,4.5263909890845296e-05,1.0011143118149255,1.0011143118149257,0.01983736339482396,0.9999995433785854,0.002281750300680368,False,1.9664356525244748,False
15,5mh3,66,E,expanded_s231301,True,T,0.03406798721489956,0.00820139393788277,False,0.0005492996391514975,1.0006018177852343,1.0006018177852345,0.24073608711159514,0.9999327371374757,0.002281750300680368,False,1.9659622088383573,False
15,5mh3,66,E,expanded_s231301,True,V,0.02766062736820612,0.06039357718210534,False,0.004981921091667881,0.9974240618386683,0.9974240618386685,2.1833769848446525,0.996352615835149,0.002281750300680368,False,2.9822501168599564,False
15,5mh3,66,E,expanded_s231301,True,W,0.029074714628809246,0.013821870731068376,False,0.0010847245828280753,1.0000416051364625,1.0000416051364625,0.4753914494958691,0.9998089558894936,0.002281750300680368,False,2.699213235978091,False
15,5mh3,66,E,expanded_s231301,True,Y,0.03127759545468025,0.03133865045676133,False,0.002286204360122323,0.9990178927152621,0.9990178927152623,1.0019520363120482,0.999017888987549,0.002281750300680368,False,2.3323912317541335,False
15,5mh3,66,E,expanded_s231303,True,A,0.6742362970028578,0.3320361996207992,False,0.5712886170617097,1.0068528687896672,1.0068528687896674,0.4924626590066121,0.8897519621413768,1.1600648427113318,False,2.551866834847387,False
15,5mh3,66,E,expanded_s231303,True,C,0.6784557494753075,0.23588921171258012,False,0.218558797133181,1.1402214201449052,1.1402214201449055,0.3476854782275897,0.9443562797976175,0.6286106576764062,False,1.3656477249492607,False
15,5mh3,66,E,expanded_s231303,True,D,0.8115380863787556,0.13166076691745981,False,0.09951326653692093,1.444898611972583,1.444898611972583,0.16223609110566375,0.9826654424547063,0.6133855041669385,False,0.9313559537889309,False
15,5mh3,66,E,expanded_s231303,True,F,0.670096956651808,0.21465133630921682,False,0.3221880801880664,1.1613555169099155,1.1613555169099155,0.3203287735878388,0.9539248038206675,1.005804369615013,False,2.2399494988489645,False
15,5mh3,66,E,expanded_s231303,True,G,0.6828741341936964,0.4015058784763901,False,1.12158908058859,0.9179611248743017,0.9179611248743015,0.5879646897893828,0.8387930295489023,1.9075789755169803,False,4.090733632634549,False
15,5mh3,66,E,expanded_s231303,True,H,0.9178241616217212,0.16953848646153313,False,0.1640453980013588,1.5311881532582712,1.5311881532582712,0.18471782891613173,0.9712567016083324,0.8880864341245646,False,1.0542321674285708,False
15,5mh3,66,E,expanded_s231303,True,I,0.6660746432766236,0.2106140074054313,False,0.37949941269256393,1.1630861307128157,1.1630861307128155,0.31620180940886294,0.955641739884625,1.2001810280657008,False,2.7052098222715624,False
15,5mh3,66,E,expanded_s231303,True,K,0.6458227857743686,0.2173196068896235,False,0.28728879971886245,1.1363871627756714,1.1363871627756712,0.33650037080845363,0.9527721884613395,0.8537547790174534,False,2.0469461633930846,False
15,5mh3,66,E,expanded_s231303,True,L,0.7746303446431753,0.2038260986128972,False,0.3235775678013698,1.2842724088104396,1.2842724088104396,0.2631269224378079,0.9584549215242455,1.2297394915104132,False,2.049387622054295,False
15,5mh3,66,E,expanded_s231303,True,M,1.0507151188227206,0.15602178439517392,False,0.12232618934914347,1.7761333654632279,1.7761333654632274,0.14849104348092887,0.9756572027941459,0.8237950685884579,False,0.7461896571660918,False
15,5mh3,66,E,expanded_s231303,True,N,0.8351478826047188,0.18913932061648092,False,0.163529720899459,1.3815533795588468,1.381553379558847,0.22647404675993396,0.964226317396736,0.7220682600898771,False,1.0352648920255125,False
15,5mh3,66,E,expanded_s231303,True,P,2.2467380286876075,0.03063993823171516,False,0.016565000220539472,5.91015194070741,5.910151940707411,0.01363752152698147,0.9990611941851567,1.2146635433547117,False,0.24063074975708557,False
15,5mh3,66,E,expanded_s231303,True,Q,1.439699707617253,0.04052545249780162,False,0.021717918206891847,2.95604628388892,2.956046283888921,0.02814854534135628,0.9983576876998485,0.7715467333576043,False,0.3722360267959633,False
15,5mh3,66,E,expanded_s231303,True,R,0.6421797097159284,0.2283763947299328,False,0.3132403844118398,1.1190774058235569,1.1190774058235575,0.3556269238574297,0.947844222330158,0.880811781667626,False,2.1358461001476745,False
15,5mh3,66,E,expanded_s231303,True,S,0.6613606769101088,0.33486755390077866,False,0.4355030275483343,0.9944614807168948,0.9944614807168948,0.5063312131971424,0.8878637213445091,0.860114913316176,False,1.9664356525244748,False
15,5mh3,66,E,expanded_s231303,True,T,0.6298047030368221,0.1958111217322703,False,0.24244789621452598,1.1500084332195006,1.1500084332195009,0.31090768422036064,0.96165800460595,0.7798067031456427,False,1.9659622088383573,False
15,5mh3,66,E,expanded_s231303,True,V,0.5353023350953782,0.2417740104569233,False,0.3859693482987254,1.0277042052326337,1.0277042052326337,0.45165880028123717,0.9415453278675756,0.8545595658899849,False,2.9822501168599564,False
15,5mh3,66,E,expanded_s231303,True,W,0.5440501650356999,0.210776796224392,False,0.30952728637395066,1.0666442805322192,1.0666442805322192,0.3874216198621336,0.9555731421733812,0.7989416968627044,False,2.699213235978091,False
15,5mh3,66,E,expanded_s231303,True,Y,0.6747960314873702,0.20981549315598533,False,0.3302261597116138,1.1721843598586552,1.1721843598586552,0.3109317236106364,0.9559774588317107,1.0620536106027534,False,2.3323912317541335,False
19,2ed6,90,T,restricted_s231301,False,A,0.6040916087438454,0.6029913779842168,False,28.506882033606875,0.6364026085844198,0.63640260858442,0.9981787021310949,0.6364013980766955,28.55889629055915,False,78.25927371445742,False
19,2ed6,90,T,restricted_s231301,False,C,0.6199367282716394,0.6210316753503732,False,37.632266740873035,0.614320857120614,0.614320857120614,1.001766223920603,0.6143196582115087,37.56591691980988,False,97.74605979594216,False
19,2ed6,90,T,restricted_s231301,False,D,0.6167462458280769,0.6397862051953279,False,74.07831546606491,0.5912044513694065,0.5912044513694065,1.0373572754161096,0.5906736116417618,71.41060965360298,False,187.7369299534082,False
19,2ed6,90,T,restricted_s231301,False,E,0.6363135121195662,0.6615552098929923,False,80.75345412951167,0.5629818475699239,0.5629818475699239,1.0396686496399328,0.5623447042634389,77.67229891704335,False,191.83324279737718,False
19,2ed6,90,T,restricted_s231301,False,F,0.6277326583918159,0.6290101103662182,False,41.33009572769351,0.6043479129406248,0.6043479129406247,1.002035025511776,0.604346281057078,41.24615874238999,False,104.67285291176051,False
19,2ed6,90,T,restricted_s231301,False,G,0.5993034206261414,0.600253139630863,False,24.30445941952564,0.6396970703294795,0.6396970703294795,1.00158470479566,0.6396961683632916,24.266004965085955,False,67.56235342361977,False
19,2ed6,90,T,restricted_s231301,False,H,0.5478800915053152,0.566278618201278,False,26.310394781232294,0.6796670323526334,0.6796670323526334,1.0335813017870614,0.6793285265680512,25.455563810743904,False,84.80309083149092,False
19,2ed6,90,T,restricted_s231301,False,I,0.6495091194573116,0.6462423552337535,False,32.147235422482375,0.5823814900504234,0.5823814900504234,0.9949704105366718,0.582370818301931,32.30974015110927,False,76.58839331072114,False
19,2ed6,90,T,restricted_s231301,False,K,0.6474269534111184,0.6614705340592769,False,54.26204684183674,0.5626539547287565,0.5626539547287565,1.0216913747167407,0.5624567325713351,53.11001754994814,False,126.70533261449141,False
19,2ed6,90,T,restricted_s231301,False,L,0.5736909387406575,0.5801986709181722,False,38.76023976452053,0.6634118528428806,0.6634118528428807,1.0113436202980657,0.6633695022647864,38.3254899586918,False,116.4479198135668,False
19,2ed6,90,T,restricted_s231301,False,M,0.6343230889091598,0.6344006260227331,False,32.85852052372597,0.5975358517139684,0.5975358517139685,1.0001222359944468,0.5975358457019643,32.85450452069383,False,81.65332655519586,False
19,2ed6,90,T,restricted_s231301,False,N,0.6188445389988642,0.6310157375505235,False,50.82477721657545,0.6019672770377528,0.6019672770377525,1.019667618900458,0.6018191389635688,49.84445546224319,False,130.15286428051127,False
19,2ed6,90,T,restricted_s231301,False,P,0.5938043719231793,0.613983167935927,False,66.95195200102387,0.6234318532998873,0.6234318532998876,1.033982228772405,0.6230246694913634,64.7515500150448,False,183.6383522955641,False
19,2ed6,90,T,restricted_s231301,False,Q,0.6249881085148151,0.6329814054774447,False,43.30030018744388,0.5993984331161314,0.5993984331161316,1.0127895184783986,0.5993345403197986,42.753503464863726,False,109.45313382345054,False
19,2ed6,90,T,restricted_s231301,False,R,0.6196878593367187,0.6258405089743273,False,36.116197816379994,0.6083615124243181,0.6083615124243181,1.0099286270416756,0.608323657326755,35.76113880658383,False,93.12480254925993,False
19,2ed6,90,T,restricted_s231301,False,S,0.6268469920234836,0.6308420584114017,False,33.72165836655047,0.6020542578947097,0.6020542578947097,1.0063732720085679,0.6020382973392657,33.50810211726627,False,85.27598369643047,False
19,2ed6,90,T,restricted_s231301,False,V,0.644305653134408,0.667794677069852,False,83.99587172865594,0.554602003522612,0.5546020035226121,1.0364563368661674,0.5540502692771722,81.04139918004276,False,195.2194328779012,False
19,2ed6,90,T,restricted_s231301,False,W,0.624374077024685,0.6458117848088807,False,74.23346056383951,0.5833867139170087,0.5833867139170086,1.0343347178767452,0.582927138601968,71.76928249708565,False,184.09791812379893,False
19,2ed6,90,T,restricted_s231301,False,Y,0.6164298787835825,0.639176958606965,False,73.3014694007765,0.5919702452264414,0.5919702452264416,1.036901325854402,0.5914528155859502,70.69281094840574,False,186.04066729220418,False
19,2ed6,90,T,restricted_s231303,False,A,0.5885863344693955,0.6030765580809138,False,27.77911689373961,0.6365086316735902,0.6365086316735901,1.0246186884793733,0.6362986650932784,27.111663300780048,False,78.25927371445742,False
19,2ed6,90,T,restricted_s231303,False,C,0.6089466156215906,0.6225724071837654,False,37.05683718864194,0.6125892600091076,0.6125892600091078,1.0223760034338414,0.6124035978134118,36.24580102054392,False,97.74605979594216,False
19,2ed6,90,T,restricted_s231303,False,D,0.6111966325790272,0.6425739709310673,False,73.73162299715885,0.5880832292439382,0.5880832292439382,1.0513375510916008,0.5870986918818798,70.13125605625284,False,187.7369299534082,False
19,2ed6,90,T,restricted_s231303,False,E,0.6305864493604737,0.6653064674170875,False,80.48042247080522,0.5585727840668475,0.5585727840668475,1.0550598860660996,0.5573673044129959,76.28043065013574,False,191.83324279737718,False
19,2ed6,90,T,restricted_s231303,False,F,0.6155989854920063,0.6322900606750973,False,40.74255979786208,0.6004878711622494,0.6004878711622494,1.0271135521280155,0.6002092791714818,39.66704529742597,False,104.67285291176051,False
19,2ed6,90,T,restricted_s231303,False,G,0.5826624659605908,0.5976858187350665,False,23.528528301656667,0.6429973632115796,0.6429973632115796,1.025783972114469,0.6427716620829933,22.937118283449916,False,67.56235342361977,False
19,2ed6,90,T,restricted_s231303,False,H,0.5404282232768346,0.5656233561947527,False,25.92250919839119,0.6807050136497356,0.6807050136497355,1.0466206830671236,0.680070218926984,24.76781666728125,False,84.80309083149092,False
19,2ed6,90,T,restricted_s231303,False,I,0.6336715273715301,0.6478454023648889,False,31.44115802643234,0.5804972333670025,0.5804972333670025,1.022367858395267,0.5802963346346752,30.75327316704101,False,76.58839331072114,False
19,2ed6,90,T,restricted_s231303,False,K,0.6368635376661068,0.6654856282099149,False,53.70070152193146,0.557948102713153,0.557948102713153,1.044942266044463,0.5571288786460549,51.39107036526596,False,126.70533261449141,False
19,2ed6,90,T,restricted_s231303,False,L,0.5558491756274627,0.5789874571138214,False,37.47639918485524,0.6653089045750127,0.6653089045750127,1.0416269061841092,0.6647735245048706,35.97871652734672,False,116.4479198135668,False
19,2ed6,90,T,restricted_s231303,False,M,0.6200615777679488,0.6355221663421411,False,32.176544792728784,0.5963506058868524,0.5963506058868525,1.0249339567690134,0.5961115760877919,31.393773794129764,False,81.65332655519586,False
19,2ed6,90,T,restricted_s231303,False,N,0.611838240355206,0.6339824869213332,False,50.48561004651097,0.5985565739330231,0.598556573933023,1.0361929757010142,0.5980662062770417,48.722208343823226,False,130.15286428051127,False
19,2ed6,90,T,restricted_s231303,False,P,0.587226527564959,0.6175257541628213,False,66.59231738651472,0.6195799860780673,0.6195799860780676,1.0515971693641015,0.6186619429456387,63.32493023615017,False,183.6383522955641,False
19,2ed6,90,T,restricted_s231303,False,Q,0.6147138462680101,0.6357738831243673,False,42.77636529853091,0.5962350946893544,0.5962350946893546,1.0342599031796909,0.5957915695369632,41.35939638288289,False,109.45313382345054,False
19,2ed6,90,T,restricted_s231303,False,R,0.6099036676683737,0.6291078175748182,False,35.731536507456546,0.6045921532398786,0.6045921532398788,1.0314871854761274,0.6042233538662495,34.64079535894876,False,93.12480254925993,False
19,2ed6,90,T,restricted_s231303,False,S,0.6181802494095845,0.63279735824643,False,33.358500526510454,0.5997811632670875,0.5997811632670876,1.0236453831237833,0.5995675033963394,32.587946056780694,False,85.27598369643047,False
19,2ed6,90,T,restricted_s231303,False,V,0.6338100940984317,0.6712982817210238,False,83.06111062694757,0.5507639811696278,0.5507639811696274,1.0591473502420585,0.5493586169584009,78.4226204295037,False,195.2194328779012,False
19,2ed6,90,T,restricted_s231303,False,W,0.6164808137844989,0.649157109788558,False,73.67468034847602,0.579662787131511,0.5796627871315111,1.0530045627916031,0.5785950468109661,69.96615489790308,False,184.09791812379893,False
19,2ed6,90,T,restricted_s231303,False,Y,0.6089639159595799,0.6417789394422136,False,72.70845380254886,0.5891966186545933,0.5891966186545934,1.0538866468482377,0.5881197928884274,68.99077241370443,False,186.04066729220418,False
19,2ed6,90,T,expanded_s231301,False,A,0.005399656732133068,0.000792730920863368,False,0.00033498685319651166,1.0000205953431176,1.0000205953431176,0.14681135490444583,0.999999371577687,0.002281750300680369,False,78.25927371445742,False
19,2ed6,90,T,expanded_s231301,False,C,0.004831527194654075,0.02514411163406023,False,0.011874627207901998,0.999780374736742,0.999780374736742,5.204174709371678,0.999367773650134,0.002281750300680369,False,97.74605979594216,False
19,2ed6,90,T,expanded_s231301,False,D,0.0034862554196053216,-0.01776641273992507,False,-0.011628097408859655,1.0001360304822537,1.0001360304822537,-5.096130547410207,0.9996843545783546,0.002281750300680369,False,187.7369299534082,False
19,2ed6,90,T,expanded_s231301,False,E,0.0034488326718942696,-0.03655076349646107,False,-0.02418201273659932,1.0002640093814572,1.0002640093814574,-10.598010101889221,0.9986640416878259,0.002281750300680369,False,191.83324279737718,False
19,2ed6,90,T,expanded_s231301,False,F,0.0046689263971791085,-0.010911748502014042,False,-0.0053326789303129755,1.0001236911749432,1.0001236911749432,-2.3371001326143728,0.9998809337446288,0.002281750300680369,False,104.67285291176051,False
19,2ed6,90,T,expanded_s231301,False,G,0.005811412104824725,-0.010662946621252799,False,-0.004186621292780631,1.000157706064788,1.000157706064788,-1.8348288555203742,0.9998863015693523,0.002281750300680369,False,67.56235342361977,False
19,2ed6,90,T,expanded_s231301,False,H,0.005187142960401071,0.025182745770815314,False,0.011077531152153219,0.9997656534471944,0.9997656534471945,4.854839352426134,0.9993658293154425,0.002281750300680369,False,84.80309083149092,False
19,2ed6,90,T,expanded_s231301,False,I,0.005458239384107125,-0.005619825435372164,False,-0.002349299375595131,1.0000911410822206,1.0000911410822206,-1.0296040609240285,0.9999684175620759,0.002281750300680369,False,76.58839331072114,False
19,2ed6,90,T,expanded_s231301,False,K,0.0042436212117166125,-0.020310930600488546,False,-0.010920972841969504,1.0001903921128406,1.0001903921128406,-4.786226099636364,0.9995874660981421,0.002281750300680369,False,126.70533261449141,False
19,2ed6,90,T,expanded_s231301,False,L,0.004426578708758093,0.03410134661337489,False,0.01757808072738505,0.9997176900093474,0.9997176900093474,7.703770531834112,0.9988370981591544,0.002281750300680369,False,116.4479198135668,False
19,2ed6,90,T,expanded_s231301,False,M,0.005286242925241808,-0.010331512588987315,False,-0.0044594870666724955,1.0001371741349259,1.0001371741349259,-1.9544150231262256,0.9998932598476237,0.002281750300680369,False,81.65332655519586,False
19,2ed6,90,T,expanded_s231301,False,N,0.004187040803282262,0.0215671159382507,False,0.011753115288089646,0.9998369265218032,0.999836926521803,5.150920889365115,0.999534859510106,0.002281750300680369,False,130.15286428051127,False
19,2ed6,90,T,expanded_s231301,False,P,0.0035249451580786507,0.004287521474864236,False,0.0027753774812705116,0.9999821986822415,0.9999821986822418,1.216337072659946,0.9999816171596025,0.002281750300680369,False,183.6383522955641,False
19,2ed6,90,T,expanded_s231301,False,Q,0.004565832318858111,0.01426879510270065,False,0.007130754097442702,0.9998905489731017,0.9998905489731017,3.1251246445837935,0.9997964014863171,0.002281750300680369,False,109.45313382345054,False
19,2ed6,90,T,expanded_s231301,False,R,0.004949956424329326,-0.006699189737593669,False,-0.0030880833865401737,1.0000908234631616,1.0000908234631616,-1.3533835782203572,0.9999551208568598,0.002281750300680369,False,93.12480254925993,False
19,2ed6,90,T,expanded_s231301,False,S,0.005172740470153361,0.017474973214417842,False,0.00770839473127426,0.9998459702416495,0.9998459702416496,3.378281457430194,0.9996946253111555,0.002281750300680369,False,85.27598369643047,False
19,2ed6,90,T,expanded_s231301,False,V,0.0034187908647258037,-0.03327858193483627,False,-0.022210605252134672,1.0002392331547965,1.0002392331547965,-9.734020959923592,0.9988925359844064,0.002281750300680369,False,195.2194328779012,False
19,2ed6,90,T,expanded_s231301,False,W,0.003520542727586794,-0.02974691549327029,False,-0.01927970731308491,1.0002218447951128,1.0002218447951128,-8.449525483720157,0.9991151210186362,0.002281750300680369,False,184.09791812379893,False
19,2ed6,90,T,expanded_s231301,False,Y,0.0035021126686383816,-0.00011469154970305417,False,-7.472560216693117e-05,1.0000130681186021,1.0000130681186026,-0.03274924611367405,0.9999999868458485,0.002281750300680369,False,186.04066729220418,False
19,2ed6,90,T,expanded_s231303,False,A,0.12295687231293319,0.09774275626567568,False,0.9405311896629694,0.9910821052456333,0.9910821052456333,0.7949352844378965,0.9904463535975887,1.1831544127872304,False,78.25927371445742,False
19,2ed6,90,T,expanded_s231303,False,C,0.10549196614322891,0.09385138553477115,False,0.9677414321109309,0.9913274205501057,0.9913274205501058,0.8896543401925691,0.9911919174332038,1.0877723947274394,False,97.74605979594216,False
19,2ed6,90,T,expanded_s231303,False,D,0.0912547077296683,0.07765387826672403,False,1.3303568209505914,0.9941548577522168,0.9941548577522169,0.8509575034393274,0.9939698751901368,1.5633645811614196,False,187.7369299534082,False
19,2ed6,90,T,expanded_s231303,False,E,0.09565060648659984,0.06127040508276042,False,1.124248580764105,0.997427935709563,0.9974279357095632,0.6405647317180795,0.9962459374609944,1.755089728010347,False,191.83324279737718,False
19,2ed6,90,T,expanded_s231303,False,F,0.11049067100111692,0.08873347669247632,False,1.0262358224245094,0.9925997456182497,0.9925997456182496,0.803085689393445,0.9921263701140657,1.277865906438459,False,104.67285291176051,False
19,2ed6,90,T,expanded_s231303,False,G,0.1511389094608918,0.12349379058392075,False,1.2610321952935697,0.9855135362849368,0.9855135362849365,0.8170880088020986,0.9847492836872147,1.5433248092115812,False,67.56235342361977,False
19,2ed6,90,T,expanded_s231303,False,H,0.15632286080556682,0.06840460392277627,False,0.9068166973000489,1.0030504300554763,1.0030504300554763,0.43758541502037496,0.995320810162168,2.072319291669777,False,84.80309083149092,False
19,2ed6,90,T,expanded_s231303,False,I,0.11788354066843992,0.0906424715720811,False,0.818366549623052,0.992526018192817,0.992526018192817,0.7689154148077614,0.9917839423473045,1.0643128410004032,False,76.58839331072114,False
19,2ed6,90,T,expanded_s231303,False,K,0.12452239886756887,0.07363377743349218,False,1.161768113322129,0.9971677186123358,0.9971677186123359,0.5913295768723715,0.9945780668208749,1.9646710713624203,False,126.70533261449141,False
19,2ed6,90,T,expanded_s231303,False,L,0.10490963047771382,0.09252908040216376,False,1.1303822729450106,0.9915916473001031,0.9915916473001032,0.881988431193835,0.9914383692799299,1.2816293649282413,False,116.4479198135668,False
19,2ed6,90,T,expanded_s231303,False,M,0.14455823905051055,0.10484252142928367,False,1.2375255917615582,0.9905853839265192,0.9905853839265193,0.7252614732851742,0.9890080457003501,1.706316462883395,False,81.65332655519586,False
19,2ed6,90,T,expanded_s231303,False,N,0.12885697753652317,0.10209495359307885,False,1.7122451569606276,0.9902928263763766,0.9902928263763764,0.7923121863085847,0.9895766204508272,2.161073862738435,False,130.15286428051127,False
19,2ed6,90,T,expanded_s231303,False,P,0.09546924111552413,0.07756469330156207,False,1.3598497862742747,0.9943042911854572,0.9943042911854575,0.81245741974322,0.9939837183530346,1.6737489906905643,False,183.6383522955641,False
19,2ed6,90,T,expanded_s231303,False,Q,0.12268762807901822,0.10382135553532561,False,1.3941697836601052,0.9895770623745004,0.9895770623745006,0.8462251423465325,0.9892211261348075,1.6475163805629252,False,109.45313382345054,False
19,2ed6,90,T,expanded_s231303,False,R,0.14669567403310582,0.09089132201321777,False,1.2416668662092534,0.9948528932870493,0.9948528932870491,0.6195910180194251,0.9917387675826895,2.0040104360749873,False,93.12480254925993,False
19,2ed6,90,T,expanded_s231303,False,S,0.10119044349073313,0.0984295346371781,False,0.8493597353292277,0.9903192493288061,0.9903192493288063,0.9727157154538228,0.9903116267111086,0.873183934252524,False,85.27598369643047,False
19,2ed6,90,T,expanded_s231303,False,V,0.05551425392459822,-0.00017340361272476123,False,-0.0018792549192608063,1.0031010851331812,1.0031010851331812,-0.0031235871954666864,0.9999999699311871,0.6016335711672144,False,195.2194328779012,False
19,2ed6,90,T,expanded_s231303,False,W,0.09299404765525396,0.09143475197041763,False,1.5653639203120375,0.991642117535141,0.9916421175351406,0.9832323065384043,0.9916396861321082,1.5920590789201206,False,184.09791812379893,False
19,2ed6,90,T,expanded_s231303,False,Y,0.08333717091399791,0.08725698323762607,False,1.3528412457327743,0.992401583804921,0.9924015838049212,1.0470355818494645,0.9923862188762687,1.2920680721691808,False,186.04066729220418,False
19,2ed6,137,V,restricted_s231301,False,A,0.2874939845776873,0.1422630238868524,False,3.394295881230687,1.0008532639777517,1.0008532639777517,0.49483826277558085,0.979761232034569,6.859404651111365,False,82.99059903663073,False
19,2ed6,137,V,restricted_s231301,False,C,0.1291788565003647,0.09088050102098874,False,2.030729245836267,0.9932074985665986,0.9932074985665986,0.7035245819870853,0.991740734534174,2.8865078745372754,False,172.97760311946095,False
19,2ed6,137,V,restricted_s231301,False,D,0.173798226050354,0.12145750627632398,False,3.2734751641555913,0.9879876251156003,0.9879876251156003,0.6988420367486058,0.9852480741691366,4.684141754530942,False,155.0741291132561,False
19,2ed6,137,V,restricted_s231301,False,E,0.17194610699618285,0.1217577839441086,False,3.5526658141388627,0.9876939098197992,0.9876939098197989,0.7081159676782424,0.9851750420490197,5.01706779157555,False,169.6935262234597,False
19,2ed6,137,V,restricted_s231301,False,F,0.26694296430176384,0.11333775256443863,False,2.616514608681997,1.0107491149165106,1.0107491149165109,0.4245766613886731,0.987154553843642,6.162643514422341,False,86.48286898770284,False
19,2ed6,137,V,restricted_s231301,False,G,0.16466273655911043,0.05955002598602671,False,1.4936462738726848,1.0075024763290845,1.0075024763290845,0.36164846540522244,0.9964537944050635,4.130105383411688,False,152.32475059415285,False
19,2ed6,137,V,restricted_s231301,False,H,0.17346579164197748,0.0534265075198991,False,1.8583454454235486,1.0115550380267673,1.011555038026767,0.3079944870638706,0.9971456082942263,6.033697106527017,False,200.51913375902174,False
19,2ed6,137,V,restricted_s231301,False,I,0.4168762442022249,0.09354936765606929,False,1.2037956099522302,1.0957887849082424,1.0957887849082424,0.22440560947552793,0.9912485158111496,5.364373968929273,False,30.867734170103084,False
19,2ed6,137,V,restricted_s231301,False,K,0.16619422562167682,0.06389131559044336,False,2.119023356562611,1.006383785192981,1.0063837851929813,0.384437638259978,0.9959178997921224,5.512008049351323,False,199.5620619607978,False
19,2ed6,137,V,restricted_s231301,False,L,0.25437087133332825,0.0857309419169848,False,1.9977153475419203,1.0210896313915758,1.0210896313915758,0.33703128612018923,0.9926502055980266,5.927388434881123,False,91.60699416344423,False
19,2ed6,137,V,restricted_s231301,False,M,0.1820837010304095,0.08751744186543367,False,2.564093949518541,1.0012834747417878,1.0012834747417878,0.4806440190427452,0.9923406973693305,5.334704787599797,False,160.90452101538673,False
19,2ed6,137,V,restricted_s231301,False,N,0.14278801425610205,0.10045191586952994,False,2.9961259188704714,0.9917017578247384,0.9917017578247384,0.703503836739134,0.9899094125981408,4.2588622298892505,False,208.88636065830963,False
19,2ed6,137,V,restricted_s231301,False,P,0.24650928502553468,0.06673531780342888,False,3.1085953401663255,1.02786507664845,1.0278650766484503,0.27072131500651625,0.9955463973576753,11.48263977696585,False,188.96230443084275,False
19,2ed6,137,V,restricted_s231301,False,Q,0.14711171677858528,0.10428457138295776,False,3.060145594423903,0.9909588925542111,0.9909588925542111,0.7088801195890755,0.9891247281714728,4.316873205864218,False,199.46870378402068,False
19,2ed6,137,V,restricted_s231301,False,R,0.17620861653467226,0.06544787302903364,False,2.221825044452334,1.0079845182178975,1.0079845182178975,0.3714226597775686,0.9957165759159755,5.9819318664695995,False,192.6580584557826,False
19,2ed6,137,V,restricted_s231301,False,S,0.117185646300984,0.047875178053997526,False,1.1476219312596851,1.0025119083349148,1.0025119083349148,0.4085413151285877,0.997707967326298,2.809071907203493,False,204.55684530446894,False
19,2ed6,137,V,restricted_s231301,False,T,0.12777036988679374,0.016136278843392835,False,0.370000607772916,1.0122017907881746,1.0122017907881746,0.1262912430925088,0.9997396205050882,2.9297408016000697,False,179.46050904072462,False
19,2ed6,137,V,restricted_s231301,False,W,0.26144519213347095,0.12804961597097378,False,2.832978084242015,1.0013976755894107,1.0013976755894107,0.4897761359696487,0.9836032958496862,5.784230541639893,False,84.62219276916036,False
19,2ed6,137,V,restricted_s231301,False,Y,0.27843439702536477,0.15948071389071167,False,3.0097904292079147,0.9887158806282084,0.9887158806282084,0.5727766238457361,0.974565901896909,5.254736844879568,False,67.78056739174903,False
19,2ed6,137,V,restricted_s231303,False,A,0.32245188327592755,0.1675350974761653,False,4.48331877985298,0.9959312016361812,0.9959312016361812,0.5195661931761852,0.9719319911136518,8.628965546133376,False,82.99059903663073,False
19,2ed6,137,V,restricted_s231303,False,C,0.15636128111793,0.1196022625539418,False,3.2348823508603672,0.9870465242377655,0.9870465242377655,0.7649097122946696,0.985695298791978,4.2291035123033955,False,172.97760311946095,False
19,2ed6,137,V,restricted_s231303,False,D,0.2035230330291182,0.1973226694566402,False,6.227731770404226,0.9611022086269366,0.9611022086269364,0.9695348311186436,0.9610637641185055,6.423422419201491,False,155.0741291132561,False
19,2ed6,137,V,restricted_s231303,False,E,0.20694848423066464,0.19142803639343367,False,6.722534948996253,0.9635961911836225,0.9635961911836225,0.925003326818611,0.9633553068825543,7.267579211976728,False,169.6935262234597,False
19,2ed6,137,V,restricted_s231303,False,F,0.22198140637726732,0.10052624891168854,False,1.9298615988011256,1.004645828554734,1.0046458285547337,0.4528588702642945,0.9898944732797452,4.261507779840621,False,86.48286898770284,False
19,2ed6,137,V,restricted_s231303,False,G,0.1968599665476204,0.09709110759832612,False,2.911436605950654,1.0005271420413744,1.0005271420413746,0.4931988423092605,0.9905733168253302,5.903169991881361,False,152.32475059415285,False
19,2ed6,137,V,restricted_s231303,False,H,0.16210807737141644,0.07840302162681702,False,2.5485506862988974,1.0008595025569915,1.0008595025569915,0.4836466072395808,0.9938529661997848,5.269448080789366,False,200.51913375902174,False
19,2ed6,137,V,restricted_s231303,False,I,0.38160437990038726,0.12852720820792746,False,1.513955731188096,1.0475288115821308,1.0475288115821306,0.33680747647990256,0.9834807567502761,4.495018183714323,False,30.867734170103084,False
19,2ed6,137,V,restricted_s231303,False,K,0.14863143622536756,0.12139417348190268,False,3.6006963589843464,0.9860053231264022,0.9860053231264025,0.8167462857442525,0.9852634546446456,4.408586144598436,False,199.5620619607978,False
19,2ed6,137,V,restricted_s231303,False,L,0.27456016391320304,0.1140407780645748,False,2.868311606821327,1.0127611741716471,1.0127611741716471,0.4153580637452803,0.9869947009384265,6.905636021503433,False,91.60699416344423,False
19,2ed6,137,V,restricted_s231303,False,M,0.17433638569810447,0.11666794049506259,False,3.272712207049187,0.9897142412327768,0.9897142412327771,0.669211650957905,0.9863885916606404,4.890399326378507,False,160.90452101538673,False
19,2ed6,137,V,restricted_s231303,False,N,0.16967573360671123,0.13790981006296057,False,4.887930017836609,0.9819899581869855,0.9819899581869855,0.8127845221675576,0.9809808842883981,6.0138079460486455,False,208.88636065830963,False
19,2ed6,137,V,restricted_s231303,False,P,0.240146603041488,0.1421289318558547,False,6.449619836969442,0.9894068305941687,0.9894068305941688,0.5918423581919264,0.9797993667295137,10.897529971786707,False,188.96230443084275,False
19,2ed6,137,V,restricted_s231303,False,Q,0.16343633398732185,0.14338552723179412,False,4.674430372864298,0.979842625432008,0.9798426254320078,0.8773173243283644,0.9794405905804604,5.328095368962235,False,199.46870378402068,False
19,2ed6,137,V,restricted_s231303,False,R,0.165423051121424,0.1470637546543313,False,4.686934192553677,0.9787093158337372,0.9787093158337374,0.8890160933277879,0.9783722520669706,5.272046510439901,False,192.6580584557826,False
19,2ed6,137,V,restricted_s231303,False,S,0.14365746969027798,0.096234727798774,False,2.827965144190937,0.992987793614004,0.9929877936140042,0.6698901770040482,0.9907388771654958,4.221535471438697,False,204.55684530446894,False
19,2ed6,137,V,restricted_s231303,False,T,0.11533057621911245,0.05491836735921474,False,1.1366610414501452,1.0006336079059304,1.0006336079059301,0.4761821986814432,0.9969839729265982,2.3870296802307593,False,179.46050904072462,False
19,2ed6,137,V,restricted_s231303,False,W,0.2585565409520274,0.1351404963975358,False,2.9568229037661147,0.9969685662869038,0.9969685662869039,0.5226728973861456,0.9817370462334277,5.657119239495677,False,84.62219276916036,False
19,2ed6,137,V,restricted_s231303,False,Y,0.30815397212522583,0.1835849611254247,False,3.834511742575647,0.9818140005500449,0.9818140005500451,0.5957572438846269,0.9662965620485763,6.436366123847301,False,67.78056739174903,False
19,2ed6,137,V,expanded_s231301,False,A,0.005243479911733202,0.019764048775417896,False,0.008600514352130861,0.9998202292961279,0.9998202292961279,3.769261846735102,0.9996093823760029,0.002281750300680369,False,82.99059903663073,False
19,2ed6,137,V,expanded_s231301,False,C,0.0036319438085195012,-0.004982906764846249,False,-0.0031304859349090136,1.0000493862905742,1.0000493862905742,-1.371966921172562,0.9999751706401728,0.002281750300680369,False,172.97760311946095,False
19,2ed6,137,V,expanded_s231301,False,D,0.0038358744386394294,0.015328528836813803,False,0.009118097018523218,0.9998971173088148,0.9998971173088148,3.9960976517914326,0.9997650362036989,0.002281750300680369,False,155.0741291132561,False
19,2ed6,137,V,expanded_s231301,False,E,0.003666919880301487,0.009581490077280236,False,0.005962106775837887,0.999943177188514,0.9999431771885138,2.6129532114272602,0.999908195047899,0.002281750300680369,False,169.6935262234597,False
19,2ed6,137,V,expanded_s231301,False,F,0.005136520360832818,-0.012333258995672221,False,-0.0054786928591442794,1.0001530839133106,1.0001530839133108,-2.401092204309407,0.9998478907225457,0.002281750300680369,False,86.48286898770284,False
19,2ed6,137,V,expanded_s231301,False,G,0.0038703373438009944,0.012601247910910714,False,0.007429042653277,0.9999174373504187,0.9999174373504187,3.255852601865252,0.9998412085510877,0.002281750300680369,False,152.32475059415285,False
19,2ed6,137,V,expanded_s231301,False,H,0.0033733091809902836,-0.0007599891828881743,False,-0.0005140665896684418,1.0000165065718067,1.0000165065718067,-0.22529484909683506,0.9999994224164419,0.002281750300680369,False,200.51913375902174,False
19,2ed6,137,V,expanded_s231301,False,I,0.008597688028495655,-0.013072521454605501,False,-0.0034693314831656837,1.0002987071618603,1.0002987071618605,-1.520469387965547,0.9998291091828189,0.002281750300680369,False,30.867734170103084,False
19,2ed6,137,V,expanded_s231301,False,K,0.0033813884658220068,-0.009237503605625693,False,-0.0062334383767848126,1.0000739049642469,1.000073904964247,-2.7318670123221347,0.9999146685271361,0.002281750300680369,False,199.5620619607978,False
19,2ed6,137,V,expanded_s231301,False,L,0.0049907951185070515,0.00040845888783000526,False,0.00018674402935628476,1.0000208309666678,1.0000208309666678,0.08184244757220004,0.999999833161337,0.002281750300680369,False,91.60699416344423,False
19,2ed6,137,V,expanded_s231301,False,M,0.003765736560202994,-0.0059974290226854085,False,-0.003633986407982805,1.0000593502473167,1.000059350247317,-1.5926310634863194,0.9999640308451179,0.002281750300680369,False,160.90452101538673,False
19,2ed6,137,V,expanded_s231301,False,N,0.0033050574767349472,-0.006153254506117441,False,-0.004248092633283507,1.000051597124548,1.0000515971245478,-1.8617692882594634,0.9999621374589829,0.002281750300680369,False,208.88636065830963,False
19,2ed6,137,V,expanded_s231301,False,P,0.0034749332761720613,-0.004677223498784368,False,-0.003071211812290373,1.0000445812404257,1.0000445812404262,-1.3459894412524471,0.9999781235803424,0.002281750300680369,False,188.96230443084275,False
19,2ed6,137,V,expanded_s231301,False,Q,0.0033821796759905885,-0.008442637721314159,False,-0.005695732635346134,1.0000685481747862,1.0000685481747862,-2.496212067397466,0.9999287218683066,0.002281750300680369,False,199.46870378402068,False
19,2ed6,137,V,expanded_s231301,False,R,0.0034414421105847712,-0.0020990777717986913,False,-0.001391733808981403,1.000026291233075,1.0000262912330753,-0.6099413281840778,0.9999955938725079,0.002281750300680369,False,192.6580584557826,False
19,2ed6,137,V,expanded_s231301,False,S,0.0033398506722575796,-0.011988203479640601,False,-0.008190212550969331,1.0000912322214144,1.0000912322214144,-3.589442958998268,0.9998562829773308,0.002281750300680369,False,204.55684530446894,False
19,2ed6,137,V,expanded_s231301,False,T,0.003565739488097035,-0.004975626819745534,False,-0.0031839504904736123,1.0000481980761553,1.0000481980761553,-1.3953982999472934,0.9999752431377505,0.002281750300680369,False,179.46050904072462,False
19,2ed6,137,V,expanded_s231301,False,W,0.0051926843150817475,0.009531004132799135,False,0.004188078886797859,0.9999279809790613,0.9999279809790615,1.8354676607466924,0.9999091599602207,0.002281750300680369,False,84.62219276916036,False
19,2ed6,137,V,expanded_s231301,False,Y,0.005802049881608857,0.02908220678439491,False,0.011437049909736586,0.999696190953968,0.999696190953968,5.012402060964472,0.9991542252485498,0.002281750300680369,False,67.78056739174903,False
19,2ed6,137,V,expanded_s231303,False,A,0.5820210317803841,0.5921068338408025,False,28.600106572447604,0.6495112207222222,0.6495112207222222,1.017328930587897,0.6494094973190202,28.11293939701498,False,82.99059903663073,False
19,2ed6,137,V,expanded_s231303,False,C,0.6482120918231167,0.6723951838523499,False,75.39309935221847,0.5484695386722591,0.5484695386722588,1.037307375678873,0.5478847167321647,72.68154176853984,False,172.97760311946095,False
19,2ed6,137,V,expanded_s231303,False,D,0.6172859102110555,0.6360415911291823,False,60.8851289757107,0.5958028699205605,0.5958028699205606,1.0303841066317456,0.5954510943538581,59.089740014274845,False,155.0741291132561,False
19,2ed6,137,V,expanded_s231303,False,E,0.6375787965885298,0.6603637766239184,False,71.44673427953127,0.5644388378382086,0.5644388378382085,1.0357367280049201,0.5639196825229955,68.98155906584002,False,169.6935262234597,False
19,2ed6,137,V,expanded_s231303,False,F,0.5713920656815715,0.583572626902328,False,28.83760618286339,0.6595913552019688,0.6595913552019689,1.0213173439960657,0.6594429891303161,28.23569613537717,False,86.48286898770284,False
19,2ed6,137,V,expanded_s231303,False,G,0.5709987102354793,0.5886716161758282,False,51.20103016091815,0.6537780599133148,0.6537780599133151,1.0309508684057458,0.6534657283089385,49.66388964790826,False,152.32475059415285,False
19,2ed6,137,V,expanded_s231303,False,H,0.6525974971615099,0.6811783164506353,False,89.13782615011971,0.5368129644287158,0.5368129644287156,1.043795477937685,0.5359961011974781,85.39778915907631,False,200.51913375902174,False
19,2ed6,137,V,expanded_s231303,False,I,0.5911340336986077,0.5957307347720407,False,10.87027977976626,0.645126021308723,0.6451260213087231,1.0077760724495464,0.6451048916479645,10.786403921403357,False,30.867734170103084,False
19,2ed6,137,V,expanded_s231303,False,K,0.6587461367010672,0.6864372800675457,False,90.2395509813668,0.5295706599544129,0.529570659954413,1.0420361377831417,0.52880386053347,86.59925285637893,False,199.5620619607978,False
19,2ed6,137,V,expanded_s231303,False,L,0.6121954935204161,0.6242047963137309,False,35.006271998866936,0.6105125956125153,0.6105125956125151,1.0196167775170242,0.6103683722589336,34.332773617274505,False,91.60699416344423,False
19,2ed6,137,V,expanded_s231303,False,M,0.6531621545089413,0.6741882191110128,False,70.8549864132687,0.5459123406045715,0.5459123406045716,1.0321911863033142,0.545470245211921,68.6452154925179,False,160.90452101538673,False
19,2ed6,137,V,expanded_s231303,False,N,0.6562386262965214,0.6877676215497814,False,94.27870300398395,0.5279697762894365,0.5279697762894365,1.048045015928419,0.5269756987477565,89.95673045634058,False,208.88636065830963,False
19,2ed6,137,V,expanded_s231303,False,P,0.6447366866420644,0.6679857580187577,False,81.38132616558511,0.5543355464039844,0.5543355464039844,1.0360597928710709,0.5537950270841058,78.5488701767547,False,188.96230443084275,False
19,2ed6,137,V,expanded_s231303,False,Q,0.6574485481805747,0.686695760312615,False,90.0535633536986,0.5293043321861762,0.5293043321861762,1.0444859331015015,0.5284489327686797,86.2180719718198,False,199.46870378402068,False
19,2ed6,137,V,expanded_s231303,False,R,0.6615358363301449,0.686531734449171,False,87.49861360795234,0.5292989725169895,0.5292989725169898,1.037784647098924,0.5286741775942129,84.31288114788593,False,192.6580584557826,False
19,2ed6,137,V,expanded_s231303,False,S,0.6523352489184148,0.6815346764283271,False,90.94374227879908,0.5363630913926423,0.5363630913926425,1.0447613823694573,0.5355104848257356,87.04738116616068,False,204.55684530446894,False
19,2ed6,137,V,expanded_s231303,False,T,0.6724902900347525,0.694466664310937,False,83.81202173581853,0.5181990131871673,0.5181990131871675,1.0326790952997236,0.5177160521608405,81.15979312188267,False,179.46050904072462,False
19,2ed6,137,V,expanded_s231303,False,W,0.5781910027279134,0.5886314219847778,False,28.800434890840677,0.6536220514064376,0.6536220514064377,1.018057042063274,0.6535130490521784,28.28960824481059,False,84.62219276916036,False
19,2ed6,137,V,expanded_s231303,False,Y,0.5665176361265772,0.5627179446397008,False,21.60774266447826,0.683362952435866,0.683362952435866,0.9932928981472566,0.6833485147804705,21.753646587811293,False,67.78056739174903,False
23,4hgr,68,L,restricted_s231301,True,A,0.5698071576546483,0.11753792302618493,False,0.2869597469016269,1.1907322972421068,1.190732297242107,0.2062766700052984,0.9861848366506906,1.3911400978804636,False,4.284647203928279,False
23,4hgr,68,L,restricted_s231301,True,C,0.5485523567678297,0.08166282477268781,False,0.10625874269622135,1.2113170181367878,1.2113170181367878,0.1488696999751492,0.9933311830501453,0.7137701138240965,False,2.3720409877598563,False
23,4hgr,68,L,restricted_s231301,True,D,0.4267580401274374,0.08393567200546578,False,0.1114672382317572,1.1104819790497475,1.1104819790497475,0.19668211050083823,0.992954802964991,0.5667380624903461,False,3.111852167963292,False
23,4hgr,68,L,restricted_s231301,True,E,0.7564497870091215,0.21797941533408718,False,0.33670946621667547,1.2424353156624592,1.2424353156624595,0.288161116676286,0.9524849744906095,1.168476406880834,False,2.042018808582937,False
23,4hgr,68,L,restricted_s231301,True,F,0.5945157784359353,0.13889144972868428,False,0.39281471203046503,1.1883026941021977,1.1883026941021977,0.23362113297326245,0.9807091651922644,1.6814177169298379,False,4.757171941378261,False
23,4hgr,68,L,restricted_s231301,True,G,0.4106104451047767,0.2979315302955514,False,0.6759670850556788,0.9239333410983356,0.9239333410983357,0.7255819569312888,0.911236803255751,0.9316205820698096,False,5.525595498875672,False
23,4hgr,68,L,restricted_s231301,True,H,0.6067972298823807,0.3048549184712925,False,0.5396792792960582,0.9982326381041322,0.9982326381041323,0.5023999838140072,0.9070634786838616,1.074202421741821,False,2.9174199479748792,False
23,4hgr,68,L,restricted_s231301,True,I,0.7468657756037145,0.16896202048304385,False,0.21052519869109879,1.3054245858168596,1.3054245858168592,0.2262280934569089,0.9714518356342875,0.9305882195006823,False,1.668293404591917,False
23,4hgr,68,L,restricted_s231301,True,K,0.6923758305456632,0.1850308012722184,False,0.2800941251587821,1.2231625813090334,1.2231625813090332,0.2672404106399774,0.9657636025805608,1.0480979447981806,False,2.1863418661794554,False
23,4hgr,68,L,restricted_s231301,True,M,0.6823599088842002,0.16037314424880886,False,0.2659173117123391,1.2467506370582742,1.2467506370582742,0.23502720801849594,0.9742804546037508,1.1314320327177279,False,2.4299730952728806,False
23,4hgr,68,L,restricted_s231301,True,N,0.5868688050194095,0.13788508096446964,False,0.1472020613898126,1.182574088913664,1.1825740889136642,0.23495043489304113,0.9809877044474216,0.6265238941005786,False,1.8190958711452576,False
23,4hgr,68,L,restricted_s231301,True,P,1.265713422221328,0.05457677769247243,False,0.10456849222311465,2.4638733470573215,2.463873347057322,0.043119379738179704,0.9970213753367064,2.4250926812503595,False,1.513761898362754,False
23,4hgr,68,L,restricted_s231301,True,Q,0.7528928185867351,0.20374985588892228,False,0.23861048171694643,1.2600439897057747,1.260043989705775,0.2706226581778052,0.9584859962252434,0.881709178838137,False,1.5554607351698453,False
23,4hgr,68,L,restricted_s231301,True,R,0.533366429841454,0.2191345380294701,False,0.36795576715906286,1.0507217360743493,1.050721736074349,0.4108517630076738,0.9519800542426107,0.8955925233602814,False,3.1481767266028062,False
23,4hgr,68,L,restricted_s231301,True,S,0.3952901113285235,0.10961851897399034,False,0.19105775057747978,1.0695920389763234,1.0695920389763236,0.2773115639183976,0.9879837802979489,0.688964238915406,False,4.409250573400245,False
23,4hgr,68,L,restricted_s231301,True,T,0.5161631889156081,0.10269498018851413,False,0.1576455082050827,1.1604097006720724,1.1604097006720724,0.19895835734482145,0.9894537410440808,0.7923542911638637,False,2.974030078947438,False
23,4hgr,68,L,restricted_s231301,True,V,0.7048657994203882,0.06270511126156021,False,0.08367929717222955,1.4084384184382948,1.4084384184382945,0.08896035431584663,0.9960680690216753,0.9406358350949557,False,1.8932529503644628,False
23,4hgr,68,L,restricted_s231301,True,W,0.5293821098978408,0.06870640820098307,False,0.21485909018047233,1.207501531606012,1.2075015316060125,0.12978604096432708,0.9952794294721199,1.655486896618785,False,5.907275511513983,False
23,4hgr,68,L,restricted_s231301,True,Y,0.5366989874583672,0.14562578387782954,False,0.31945832117932316,1.1317313816287125,1.1317313816287122,0.2713360510841769,0.9787931310699678,1.1773530273727513,False,4.087381293332967,False
23,4hgr,68,L,restricted_s231303,True,A,0.6007090032182235,0.13011095307930967,False,0.3348829735688184,1.2045336646833413,1.2045336646833413,0.2165956434517487,0.9830711398887936,1.5461205416323194,False,4.284647203928279,False
23,4hgr,68,L,restricted_s231303,True,C,0.6058502876192734,0.09104910066039287,False,0.13084681867903278,1.256730323363206,1.2567303233632057,0.1502831681704337,0.9917100612689337,0.8706684871764317,False,2.3720409877598563,False
23,4hgr,68,L,restricted_s231303,True,D,0.682045379522716,0.10751505209141159,False,0.22819256916456573,1.3185256107121033,1.3185256107121033,0.1576362150076419,0.988440513573781,1.4475897505754207,False,3.111852167963292,False
23,4hgr,68,L,restricted_s231303,True,E,0.9716179597969594,0.2101192389146977,False,0.4168896286363972,1.535730207343229,1.5357302073432288,0.21625705535394452,0.9558499054379083,1.9277504169937048,False,2.042018808582937,False
23,4hgr,68,L,restricted_s231303,True,F,0.7229952483278943,0.16646944581237574,False,0.572557127603131,1.2820088924764625,1.2820088924764628,0.23024970938243033,0.9722879236109205,2.4866790457144488,False,4.757171941378261,False
23,4hgr,68,L,restricted_s231303,True,G,0.40153383572984513,0.25785551240435955,False,0.5721075206945917,0.9541539953163078,0.9541539953163081,0.6421762986316465,0.9335105347226852,0.8908885642675417,False,5.525595498875672,False
23,4hgr,68,L,restricted_s231303,True,H,0.8738067066331843,0.3392010755275706,False,0.8647121125533318,1.170745811170771,1.170745811170771,0.3881877684763113,0.8849426303609393,2.2275614606494223,False,2.9174199479748792,False
23,4hgr,68,L,restricted_s231303,True,I,0.8450730375180985,0.17171283031277332,False,0.24208586090556505,1.4239286725535751,1.4239286725535751,0.20319288711077338,0.9705147039059767,1.1914091302496659,False,1.668293404591917,False
23,4hgr,68,L,restricted_s231303,True,K,0.9260375900285386,0.2164474559738178,False,0.43822704150573966,1.456668657150259,1.456668657150259,0.23373506465018046,0.9531504988024622,1.8748878871110422,False,2.1863418661794554,False
23,4hgr,68,L,restricted_s231303,True,M,0.6630048811171192,0.17559848789441643,False,0.2829039183358515,1.2067301632035585,1.2067301632035585,0.2648524813249408,0.9691651710491944,1.0681565712377217,False,2.4299730952728806,False
23,4hgr,68,L,restricted_s231303,True,N,0.9385271642712313,0.1269336150182268,False,0.21671006581751967,1.6425719465674937,1.6425719465674937,0.1352476730034672,0.9838878573784046,1.6023201065497379,False,1.8190958711452576,False
23,4hgr,68,L,restricted_s231303,True,P,1.0585367179542375,0.09089342811483067,False,0.14564513433722115,1.9280719210967645,1.928071921096765,0.08586705267106298,0.9917383847255342,1.696170181771049,False,1.513761898362754,False
23,4hgr,68,L,restricted_s231303,True,Q,0.8206711909490225,0.21249069615910532,False,0.2712490089204782,1.3247312182887272,1.3247312182887274,0.25892306017636796,0.9548477040458188,1.0476046773729397,False,1.5554607351698453,False
23,4hgr,68,L,restricted_s231303,True,R,0.7746983434595623,0.20517222890362255,False,0.5003919423633938,1.2822643516479046,1.2822643516479053,0.2648414452358153,0.9579043564867196,1.8894019473343526,False,3.1481767266028062,False
23,4hgr,68,L,restricted_s231303,True,S,0.44142887025508476,0.15733116106041156,False,0.30622473050665966,1.0559584141290441,1.0559584141290441,0.356413392194978,0.9752469057593829,0.8591841305983746,False,4.409250573400245,False
23,4hgr,68,L,restricted_s231303,True,T,0.5584153436381246,0.13211058412518484,False,0.21940186369092338,1.164282541545488,1.1642825415454878,0.2365812215410717,0.9825467935621025,0.9273849473840599,False,2.974030078947438,False
23,4hgr,68,L,restricted_s231303,True,V,0.7071517651536514,0.06601993758651713,False,0.08838862572142323,1.406691388160646,1.406691388160646,0.09336035182231664,0.9956413678410724,0.9467469219658083,False,1.8932529503644628,False
23,4hgr,68,L,restricted_s231303,True,W,0.6346266753640732,0.0876525464550749,False,0.32860191273943085,1.2914977287956988,1.2914977287956984,0.13811670681001598,0.9923170310999408,2.379161220455636,False,5.907275511513983,False
23,4hgr,68,L,restricted_s231303,True,Y,0.6373244910934168,0.17691035558309406,False,0.4608493892255628,1.180683902265181,1.1806839022651812,0.2775828609372602,0.9687027260874632,1.6602227805762289,False,4.087381293332967,False
23,4hgr,68,L,expanded_s231301,True,A,0.02307684984160679,0.017300009082948715,False,0.0017105584686702118,0.9997340815748809,0.9997340815748809,0.749669439359846,0.9997007096857299,0.0022817503006803685,False,4.284647203928279,False
23,4hgr,68,L,expanded_s231301,True,C,0.031015084136141235,-0.019606658223430707,False,-0.0014424432350489274,1.0021781397528282,1.0021781397528282,-0.6321652437687078,0.9996155789533095,0.0022817503006803685,False,2.3720409877598563,False
23,4hgr,68,L,expanded_s231301,True,D,0.027078498533685505,0.027700099594067922,False,0.0023341290691954106,0.9992330908703569,0.9992330908703573,1.0229555216885142,0.9992327044824787,0.0022817503006803685,False,3.111852167963292,False
23,4hgr,68,L,expanded_s231301,True,E,0.03342752245654236,0.06104110738368212,False,0.004166643379199036,0.997036493281902,0.9970364932819022,1.826073334122771,0.9962739832093737,0.0022817503006803685,False,2.042018808582937,False
23,4hgr,68,L,expanded_s231301,True,F,0.021900782586530814,0.04818700131665197,False,0.005020400723523764,0.9983689781992368,0.998368978199237,2.200241070211227,0.997678012904109,0.0022817503006803685,False,4.757171941378261,False
23,4hgr,68,L,expanded_s231301,True,G,0.020320973692246766,0.028942480270199775,False,0.003249820311718655,0.9992366632114827,0.999236663211483,1.4242664110747039,0.9991623328358091,0.0022817503006803685,False,5.525595498875672,False
23,4hgr,68,L,expanded_s231301,True,H,0.027966272441942778,0.11034942559203874,False,0.009003339130992492,0.9946099881944592,0.9946099881944593,3.9458038543077616,0.9878230042715072,0.0022817503006803685,False,2.9174199479748792,False
23,4hgr,68,L,expanded_s231301,True,I,0.0369826341931595,0.06662961342589019,False,0.00411090620734805,0.9964394379923425,0.9964394379923424,1.8016459584215974,0.9955604946147164,0.0022817503006803685,False,1.668293404591917,False
23,4hgr,68,L,expanded_s231301,True,K,0.032305392551842116,0.06814821940843342,False,0.004813351822810707,0.9966405284285316,0.9966405284285316,2.109499808710651,0.9953558201914601,0.0022817503006803685,False,2.1863418661794554,False
23,4hgr,68,L,expanded_s231301,True,M,0.030643144254913945,0.0571722383546985,False,0.004257160132497942,0.9974351279952688,0.9974351279952688,1.8657432109151246,0.9967313351615136,0.0022817503006803685,False,2.4299730952728806,False
23,4hgr,68,L,expanded_s231301,True,N,0.0354165508780992,0.037413880868225675,False,0.0024104304852984363,0.9986041908454677,0.9986041908454679,1.0563953840960152,0.9986002015183781,0.0022817503006803685,False,1.8190958711452576,False
23,4hgr,68,L,expanded_s231301,True,P,0.038824446535309004,0.016321777662680056,False,0.0009592466709239061,1.0002399696803213,1.0002399696803215,0.4203994935983484,0.99973359957393,0.0022817503006803685,False,1.513761898362754,False
23,4hgr,68,L,expanded_s231301,True,Q,0.038300507791297886,0.05300849300668601,False,0.0031579775786706433,0.9974064244982562,0.9974064244982563,1.3840154103317102,0.9971900996691601,0.0022817503006803685,False,1.5554607351698453,False
23,4hgr,68,L,expanded_s231301,True,R,0.026921825578614753,0.06389854141769268,False,0.00541569945422547,0.9972842539189354,0.9972842539189352,2.373484711543864,0.9959169764046915,0.0022817503006803685,False,3.1481767266028062,False
23,4hgr,68,L,expanded_s231301,True,S,0.022748442535603732,0.03788761106566478,False,0.00380026315233836,0.9987937233515186,0.9987937233515187,1.665503517718483,0.9985645289277368,0.0022817503006803685,False,4.409250573400245,False
23,4hgr,68,L,expanded_s231301,True,T,0.027698827135220705,0.0163939438208858,False,0.0013504862881027252,0.9998590389927484,0.9998590389927484,0.5918641876370255,0.9997312386059977,0.0022817503006803685,False,2.974030078947438,False
23,4hgr,68,L,expanded_s231301,True,V,0.03471600458665968,0.004112103041311992,False,0.0002702728168940219,1.000919689398375,1.000919689398375,0.11844977814331059,0.9999830906085776,0.0022817503006803685,False,1.8932529503644628,False
23,4hgr,68,L,expanded_s231301,True,W,0.019653524521697933,-0.010388751123705036,False,-0.0012061213740078602,1.000794612176044,1.0007946121760443,-0.5285948132222097,0.9998920738500897,0.0022817503006803685,False,5.907275511513983,False
23,4hgr,68,L,expanded_s231301,True,Y,0.02362715779339064,0.05267435430662166,False,0.005086931099723708,0.9980691520236586,0.9980691520236589,2.2293986761859506,0.9972254123983804,0.0022817503006803685,False,4.087381293332967,False
23,4hgr,68,L,expanded_s231303,True,A,0.5103875469399751,0.3030002877682188,False,0.6626102938029415,0.9512003008791498,0.9512003008791498,0.5936670860894919,0.9081908256123765,1.1161310932151909,False,4.284647203928279,False
23,4hgr,68,L,expanded_s231303,True,C,0.567624421848625,0.010723063936248563,False,0.014437837757428093,1.310024138344468,1.3100241383444677,0.018891125052946028,0.999885015899819,0.7642656388628662,False,2.3720409877598563,False
23,4hgr,68,L,expanded_s231303,True,D,0.6041368583844926,0.23425613295416606,False,0.4403979206548802,1.0819358152182248,1.081935815218225,0.38775341994624296,0.9451240641733601,1.1357679855304326,False,3.111852167963292,False
23,4hgr,68,L,expanded_s231303,True,E,0.6840531975554767,0.27531473310497395,False,0.3845732460357789,1.091268930056692,1.091268930056692,0.4024756175233666,0.924201797735337,0.9555193638865631,False,2.042018808582937,False
23,4hgr,68,L,expanded_s231303,True,F,0.3870803304440433,0.16196411006573028,False,0.29824195730089625,1.024444939728033,1.0244449397280333,0.4184250589016792,0.973767627050616,0.7127726959846749,False,4.757171941378261,False
23,4hgr,68,L,expanded_s231303,True,G,0.5400643867080255,0.3672843321483988,False,1.0960415829124752,0.8949551666119323,0.8949551666119326,0.6800750821345369,0.8651022193583048,1.6116479072756984,False,5.525595498875672,False
23,4hgr,68,L,expanded_s231303,True,H,0.5379908124768926,0.2899403034240002,False,0.4550743906926892,0.9774636754917977,0.977463675491798,0.5389317005045574,0.9159346204503986,0.844400858711114,False,2.9174199479748792,False
23,4hgr,68,L,expanded_s231303,True,I,0.5484139721538606,0.23291603443960793,False,0.2130984697808282,1.0452890696028738,1.0452890696028738,0.42470842514249807,0.9457501209009274,0.5017523956802351,False,1.668293404591917,False
23,4hgr,68,L,expanded_s231303,True,K,0.6168836249570152,0.2329232123162769,False,0.31414784455306055,1.0931723756395124,1.0931723756395126,0.37758047530035693,0.9457467771642666,0.8320023547381863,False,2.1863418661794554,False
23,4hgr,68,L,expanded_s231303,True,M,0.49375554323697457,0.22913426071394863,False,0.2749181927348496,1.0175219137312033,1.0175219137312033,0.46406417882781564,0.9474974905670723,0.5924141644142157,False,2.4299730952728806,False
23,4hgr,68,L,expanded_s231303,True,N,0.6501544034623691,0.27339550247410604,False,0.3233429992111951,1.0672021687008149,1.067202168700815,0.4205085761446053,0.925254899226931,0.7689331860380495,False,1.8190958711452576,False
23,4hgr,68,L,expanded_s231303,True,P,0.8767793337778856,0.1373188685300188,False,0.18225442889891302,1.5279453080102272,1.5279453080102272,0.15661736452926678,0.9811435283456355,1.1636923494830964,False,1.513761898362754,False
23,4hgr,68,L,expanded_s231303,True,Q,0.7157819397478147,0.3035142596179652,False,0.3379238843650725,1.0778437342882063,1.0778437342882066,0.4240317375497065,0.9078790942085584,0.7969306408944444,False,1.5554607351698453,False
23,4hgr,68,L,expanded_s231303,True,R,0.5568256524556228,0.34768164990804135,False,0.6094809117088266,0.9228586841188449,0.922858684118845,0.624399483706887,0.8791174703172221,0.9761073281010852,False,3.1481767266028062,False
23,4hgr,68,L,expanded_s231303,True,S,0.4720970697401483,0.28436717636879016,False,0.591937086455815,0.954377821869263,0.9543778218692631,0.6023489544752132,0.9191353090040413,0.9827145578289094,False,4.409250573400245,False
23,4hgr,68,L,expanded_s231303,True,T,0.5341868967108506,0.23082206995576904,False,0.36670422926799234,1.0387513901334748,1.0387513901334746,0.43209983505213245,0.946721172021334,0.8486562583939654,False,2.974030078947438,False
23,4hgr,68,L,expanded_s231303,True,V,0.5321245155235024,0.22971088071192788,False,0.23142137890488812,1.0386869178024987,1.0386869178024989,0.43168633282369834,0.9472329112825505,0.5360868790798645,False,1.8932529503644628,False
23,4hgr,68,L,expanded_s231303,True,W,0.4038703477934918,0.20265705683217375,False,0.4834938186226924,0.9994169057756052,0.9994169057756053,0.5017874125678495,0.9589301173161212,0.9635431390127117,False,5.907275511513983,False
23,4hgr,68,L,expanded_s231303,True,Y,0.4553015119908797,0.19484184701806673,False,0.3625989009153716,1.0298758917283384,1.0298758917283384,0.42794025911771993,0.9620366546505883,0.8473119628027942,False,4.087381293332967,False
23,4hgr,148,V,restricted_s231301,True,A,0.7682389441426779,0.03313168997240798,False,0.09926183238728245,1.5392849662533261,1.5392849662533261,0.04312680348349372,0.9989022911195723,2.301627395716303,False,3.899800407107617,False
23,4hgr,148,V,restricted_s231301,True,C,0.6238809727620044,0.0996971439613725,False,0.18831073771822152,1.2648291658620354,1.2648291658620354,0.15980154599041535,0.9900604794859453,1.178403729144874,False,3.0275451387636236,False
23,4hgr,148,V,restricted_s231301,True,D,0.672702346578459,0.030914682481735702,False,0.10106374563439943,1.410935688193782,1.410935688193782,0.045955960520988076,0.9990442824070535,2.1991433644008733,False,4.859679824621015,False
23,4hgr,148,V,restricted_s231301,True,E,1.0403367469061071,0.08141006270053365,False,0.3008864146299552,1.9129127873725913,1.9129127873725913,0.0782535683206825,0.9933724016910951,3.8450184584161713,False,3.55263468100878,False
23,4hgr,148,V,restricted_s231301,True,F,0.6614177402700075,0.22423414712346074,False,2.275920910214156,1.1408485413803395,1.1408485413803395,0.3390204608541686,0.9497190472638141,6.713225816754332,False,15.345448203752,False
23,4hgr,148,V,restricted_s231301,True,G,0.44413012758893133,0.18799117668188733,False,0.6246809925331495,1.0302664796615206,1.0302664796615206,0.4232794962648521,0.9646593174897594,1.4758120769976477,False,7.481877458621252,False
23,4hgr,148,V,restricted_s231301,True,H,1.2004708488280735,0.04037317460452719,False,0.19686422238793377,2.344196620511234,2.344196620511234,0.03363111619406701,0.9983700067723523,5.8536333213544465,False,4.061834997399437,False
23,4hgr,148,V,restricted_s231301,True,I,0.7347792299190797,0.234592521917888,False,0.865805362374548,1.1951530915212747,1.1951530915212745,0.31926939734500026,0.9449663486602053,2.7118332341729725,False,5.02283874563687,False
23,4hgr,148,V,restricted_s231301,True,K,1.1471064036285383,0.00432884081765833,False,0.01736323932906749,2.30592181920115,2.3059218192011497,0.0037737046920541103,0.9999812611371753,4.601112367278612,False,3.4966763105419254,False
23,4hgr,148,V,restricted_s231301,True,L,0.5508897058080747,0.24017490212634376,False,1.4468423377738295,1.0388597056155777,1.0388597056155777,0.43597638437269803,0.9423160163886013,3.318625479808063,False,10.935255363593289,False
23,4hgr,148,V,restricted_s231301,True,M,0.648773732262043,0.13689793890030108,False,0.7940160154473628,1.2432757821545621,1.2432757821545624,0.2110102984949571,0.9812589543248494,3.7629254169617643,False,8.94003244714777,False
23,4hgr,148,V,restricted_s231301,True,N,0.7526882698480023,0.02983539206206051,False,0.0949218086858628,1.5216261323039206,1.5216261323039206,0.03963844430322458,0.9991098493805031,2.3946905675645027,False,4.226872109444361,False
23,4hgr,148,V,restricted_s231301,True,P,0.9484234830415157,0.05803666004363201,False,0.3908938138440843,1.7894204406592447,1.7894204406592449,0.06119276998236403,0.9966317460909798,6.38790847279411,False,7.101565346375213,False
23,4hgr,148,V,restricted_s231301,True,Q,0.5535774251267442,0.22838014887742733,False,1.2890792785099965,1.0535957760786987,1.0535957760786987,0.4125532193173134,0.947842507598724,3.124637545292083,False,10.196307027435418,False
23,4hgr,148,V,restricted_s231301,True,R,0.30695506902088754,0.2824173566857932,False,2.3772602767375943,0.9208425359692493,0.9208425359692493,0.9200608987713944,0.9202404366426095,2.5838075282973927,False,27.422720671477393,False
23,4hgr,148,V,restricted_s231301,True,S,0.4506607930218332,0.05747101118229748,False,0.11875679287473619,1.1512952874167057,1.1512952874167057,0.12752609517445457,0.9966970828736842,0.9312352323834423,False,4.585216489415715,False
23,4hgr,148,V,restricted_s231301,True,T,0.6538297340167019,0.028747045223994228,False,0.05473256129482364,1.3899019752192108,1.3899019752192108,0.043967173299677274,0.9991736073908896,1.2448505825418934,False,2.9119766816105765,False
23,4hgr,148,V,restricted_s231301,True,W,0.4544017585311969,0.260666090043554,False,3.110756403988122,0.9695866987457596,0.9695866987457598,0.5736467457479217,0.9320531895014057,5.422773557151992,False,26.262826391228668,False
23,4hgr,148,V,restricted_s231301,True,Y,0.445400603560518,0.3195765054058349,False,3.13464046066478,0.9137025608690337,0.9137025608690338,0.7175035301954031,0.8978708571925944,4.368815383822711,False,22.022270378413825,False
23,4hgr,148,V,restricted_s231303,True,A,0.7904600679321735,0.045826269959654546,False,0.1412657321947146,1.552379446064563,1.5523794460645632,0.057974174558286136,0.997899952981585,2.4367010530298923,False,3.899800407107617,False
23,4hgr,148,V,restricted_s231303,True,C,0.6655607247357342,0.08205265417941952,False,0.16533734018004684,1.3337490303464656,1.3337490303464656,0.12328349785363181,0.9932673619421126,1.341114934752609,False,3.0275451387636236,False
23,4hgr,148,V,restricted_s231303,True,D,0.8462103163118204,0.047440178288027435,False,0.19508877657817755,1.6357831628825494,1.6357831628825494,0.05606192381912085,0.9977494294840001,3.479880162650417,False,4.859679824621015,False
23,4hgr,148,V,restricted_s231303,True,E,1.0280398529723265,0.08490919635171473,False,0.3101096153582959,1.882285863832532,1.8822858638325324,0.08259329257150927,0.992790428374906,3.7546585891318354,False,3.55263468100878,False
23,4hgr,148,V,restricted_s231303,True,F,0.5423526420442363,0.23613136134783716,False,1.9652373466741457,1.03801345293936,1.03801345293936,0.4353834443542315,0.9442419801880172,4.5138081664750045,False,15.345448203752,False
23,4hgr,148,V,restricted_s231303,True,G,0.5417269224474084,0.20279312961173956,False,0.8219478198095689,1.073751062508248,1.073751062508248,0.3743456734540031,0.9588749465822762,2.195692051748967,False,7.481877458621252,False
23,4hgr,148,V,restricted_s231303,True,H,1.1503187910223598,0.048804507806716246,False,0.22803443232798945,2.210951836145817,2.2109518361458176,0.04242694128585055,0.9976181200177443,5.374755412878168,False,4.061834997399437,False
23,4hgr,148,V,restricted_s231303,True,I,0.7135291500025389,0.2397296859494103,False,0.8591772567443189,1.1670156098116289,1.1670156098116293,0.33597742425597793,0.942529677674597,2.557246989576657,False,5.02283874563687,False
23,4hgr,148,V,restricted_s231303,True,K,1.1008428111614692,-0.006438674074000557,False,-0.024784330032467314,2.2260308310214367,2.2260308310214363,-0.005848858718718695,0.9999585434761687,4.237464302761753,False,3.4966763105419254,False
23,4hgr,148,V,restricted_s231303,True,L,0.5111050626336405,0.24345658507550966,False,1.3606945271192212,1.0123645987225562,1.0123645987225565,0.4763337381575088,0.9407288911833712,2.856599098737956,False,10.935255363593289,False
23,4hgr,148,V,restricted_s231303,True,M,0.5363747656262876,0.12978392242473533,False,0.6223408782327804,1.1484722472553996,1.1484722472553999,0.24196500421341718,0.9831561334800502,2.572028464429779,False,8.94003244714777,False
23,4hgr,148,V,restricted_s231303,True,N,0.8057912844363824,0.04495525340304829,False,0.15311654591288715,1.576850491310024,1.5768504913100243,0.0557901956391755,0.9979790251914678,2.744506344863393,False,4.226872109444361,False
23,4hgr,148,V,restricted_s231303,True,P,0.7658109843877297,0.055975801539894815,False,0.304421975643013,1.5007326964505854,1.5007326964505854,0.07309349523714105,0.9968667096419663,4.164829916196521,False,7.101565346375213,False
23,4hgr,148,V,restricted_s231303,True,Q,0.5155320235318387,0.22307202480025815,False,1.172583183156788,1.035771722609589,1.035771722609589,0.43270255700513516,0.9502388717515131,2.7099058329412,False,10.196307027435418,False
23,4hgr,148,V,restricted_s231303,True,R,0.36256473369516395,0.29450185486649977,False,2.9280880544706913,0.9179012129546366,0.9179012129546367,0.8122738575950691,0.913268657480191,3.604804004329274,False,27.422720671477393,False
23,4hgr,148,V,restricted_s231303,True,S,0.5460054874368072,0.07061371305726474,False,0.17678519889070407,1.2210110426759961,1.221011042675996,0.12932784501627803,0.9950137035282663,1.3669538750023458,False,4.585216489415715,False
23,4hgr,148,V,restricted_s231303,True,T,0.7613716294726439,0.0030726445373707965,False,0.006812349237733664,1.5750079094094125,1.575007909409413,0.004035669860064305,0.999990558855547,1.6880343224173238,False,2.9119766816105765,False
23,4hgr,148,V,restricted_s231303,True,W,0.3953478581193801,0.2442685986162612,False,2.5362291740951473,0.9631577943820586,0.9631577943820586,0.6178573972253603,0.9403328517300479,4.10487789817635,False,26.262826391228668,False
23,4hgr,148,V,restricted_s231303,True,Y,0.3949980993383123,0.3293369069996937,False,2.8648210475401896,0.8958485938672042,0.8958485938672042,0.8337683334461303,0.8915372016878751,3.435991668931962,False,22.022270378413825,False
23,4hgr,148,V,expanded_s231301,True,A,0.02418871892871772,-0.020588311886857818,False,-0.001942119670610823,1.0015811039023084,1.0015811039023086,-0.8511534632127472,0.9995761214136495,0.0022817503006803685,False,3.899800407107617,False
23,4hgr,148,V,expanded_s231301,True,C,0.027452932658603334,-0.016990860723710803,False,-0.001412195266978,1.0016865614220771,1.0016865614220776,-0.6189087677809942,0.9997113106518674,0.0022817503006803685,False,3.0275451387636236,False
23,4hgr,148,V,expanded_s231301,True,D,0.021668568917571608,-0.01990086656492784,False,-0.00209560716450918,1.0013319734762987,1.0013319734762987,-0.9184208999049174,0.999603955509965,0.0022817503006803685,False,4.859679824621015,False
23,4hgr,148,V,expanded_s231301,True,E,0.025343044296092316,-0.00934827733594972,False,-0.0008416682057978219,1.001116097507428,1.0011160975074278,-0.3688695496377735,0.9999126097108502,0.0022817503006803685,False,3.55263468100878,False
23,4hgr,148,V,expanded_s231301,True,F,0.012193946054480011,0.06050280782403943,False,0.011321380242927071,0.9986731563708777,0.9986731563708777,4.9617086670488355,0.9963394102454073,0.0022817503006803685,False,15.345448203752,False
23,4hgr,148,V,expanded_s231301,True,G,0.01746339843707045,0.004943310843255346,False,0.0006458880866516251,1.0001323162712636,1.0001323162712639,0.2830669449058625,0.999975563677907,0.0022817503006803685,False,7.481877458621252,False
23,4hgr,148,V,expanded_s231301,True,H,0.023701341050088243,-0.01042474405488214,False,-0.0010035998735883616,1.0010559143959818,1.001055914395982,-0.4398377303989441,0.9998913247113902,0.0022817503006803685,False,4.061834997399437,False
23,4hgr,148,V,expanded_s231301,True,I,0.02131372904239246,0.04713569611662904,False,0.005046131935569737,0.9984450001351838,0.9984450001351838,2.211518032479316,0.9977782261516007,0.0022817503006803685,False,5.02283874563687,False
23,4hgr,148,V,expanded_s231301,True,K,0.02554502561975441,-0.023473581774569527,False,-0.0020967233726612395,1.0018518148295514,1.0018518148295514,-0.9189100893450269,0.9994489909586727,0.0022817503006803685,False,3.4966763105419254,False
23,4hgr,148,V,expanded_s231301,True,L,0.014445068098328073,0.06725467816590912,False,0.010623583155346039,0.99826566318029,0.9982656631802898,4.65589208081985,0.9954768082648,0.0022817503006803685,False,10.935255363593289,False
23,4hgr,148,V,expanded_s231301,True,M,0.015975869734882697,0.014590182134322796,False,0.002083839754857442,0.9997890467154136,0.9997890467154136,0.9132637143670304,0.9997871265852872,0.0022817503006803685,False,8.94003244714777,False
23,4hgr,148,V,expanded_s231301,True,N,0.02323402778201966,-0.017156997332567054,False,-0.0016849417668620063,1.0013370723523374,1.0013370723523374,-0.7384426623542432,0.9997056374425303,0.0022817503006803685,False,4.226872109444361,False
23,4hgr,148,V,expanded_s231301,True,P,0.017924911263711058,-0.00043717784869997626,False,-5.5650523065152685e-05,1.0003369751921007,1.0003369751921007,-0.024389400999995006,0.9999998088755286,0.0022817503006803685,False,7.101565346375213,False
23,4hgr,148,V,expanded_s231301,True,Q,0.014959345959224598,0.059223123327133725,False,0.009033307995366556,0.9984519036502549,0.9984519036502549,3.958938010295438,0.9964926216633792,0.0022817503006803685,False,10.196307027435418,False
23,4hgr,148,V,expanded_s231301,True,R,0.009121763082970016,0.13733645997425206,False,0.034353831160740436,0.9975777052606641,0.997577705260664,15.055911749193971,0.9811386967617406,0.0022817503006803685,False,27.422720671477393,False
23,4hgr,148,V,expanded_s231301,True,S,0.022307666103496365,-0.019553203639010763,False,-0.002000008789605495,1.0013700046430505,1.0013700046430505,-0.8765239513758958,0.9996176722274515,0.0022817503006803685,False,4.585216489415715,False
23,4hgr,148,V,expanded_s231301,True,T,0.027992398474956444,-0.02028599095138111,False,-0.0016535762733702335,1.0019192814567215,1.0019192814567217,-0.7246964196201368,0.9995884785711204,0.0022817503006803685,False,2.9119766816105765,False
23,4hgr,148,V,expanded_s231301,True,W,0.009321017574239159,0.08327738646923837,False,0.020385993278375553,0.9985344214029863,0.9985344214029863,8.934366425763981,0.993064876902853,0.0022817503006803685,False,26.262826391228668,False
23,4hgr,148,V,expanded_s231301,True,Y,0.010178950748857166,0.12555343079437983,False,0.028144509737282355,0.9975476066615356,0.9975476066615356,12.334614234033527,0.9842363360157609,0.0022817503006803685,False,22.022270378413825,False
23,4hgr,148,V,expanded_s231303,True,A,1.037050355577856,0.12172155812204945,False,0.49227720712738404,1.823010669740234,1.8230106697402337,0.11737285221239312,0.9851838622883405,4.194131759161644,False,3.899800407107617,False
23,4hgr,148,V,expanded_s231303,True,C,0.9770927939357866,0.08347656994933039,False,0.24693976635543985,1.791581618041307,1.7915816180413067,0.0854336153816895,0.9930316622694945,2.890428612346482,False,3.0275451387636236,False
23,4hgr,148,V,expanded_s231303,True,D,1.0380333186021855,0.03985672642357067,False,0.20105763809957566,1.9947679505321099,1.9947679505321099,0.0383963844987574,0.9984114413587967,5.2363690155796405,False,4.859679824621015,False
23,4hgr,148,V,expanded_s231303,True,E,1.1891014722491036,0.08445117235832027,False,0.3567591748516134,2.2131202845361027,2.2131202845361027,0.07102099722287508,0.9928679994873052,5.023291544781424,False,3.55263468100878,False
23,4hgr,148,V,expanded_s231303,True,F,0.5222295805401862,0.16376168513383854,False,1.3123610856278811,1.1016813425191818,1.1016813425191818,0.3135817870838454,0.9731821104821256,4.185067946171831,False,15.345448203752,False
23,4hgr,148,V,expanded_s231303,True,G,0.7772577222909841,0.19488307274176675,False,1.1333126986457807,1.3011808203963011,1.301180820396301,0.25073160053957994,0.9620205879587272,4.520023388383701,False,7.481877458621252,False
23,4hgr,148,V,expanded_s231303,True,H,1.098416137831642,0.07847169657099749,False,0.35010815300529213,2.0341288560957573,2.0341288560957578,0.07144077173329469,0.9938421928372694,4.900677085520979,False,4.061834997399437,False
23,4hgr,148,V,expanded_s231303,True,I,0.6716818425460364,0.14990719403156186,False,0.5057493334247865,1.2497766170099869,1.249776617009987,0.22318184672572475,0.9775278331775836,2.266086336521437,False,5.02283874563687,False
23,4hgr,148,V,expanded_s231303,True,K,1.3426392323211334,0.010655447183242125,False,0.05002492488943621,2.774067265315589,2.774067265315589,0.007936195313480568,0.9998864614453252,6.303388829715789,False,3.4966763105419254,False
23,4hgr,148,V,expanded_s231303,True,L,0.7069799466531475,0.13851335621577035,False,1.0708476231100992,1.3039683145933398,1.3039683145933398,0.1959226097875823,0.9808140501498431,5.465666388739429,False,10.935255363593289,False
23,4hgr,148,V,expanded_s231303,True,M,0.7977928868803409,0.11157528833899501,False,0.7957877924624343,1.4584455475799218,1.4584455475799218,0.13985495505643677,0.98755095503207,5.690093655539797,False,8.94003244714777,False
23,4hgr,148,V,expanded_s231303,True,N,1.0472239010374114,0.03769347806180984,False,0.166849483297633,2.0177308766249005,2.017730876624901,0.035993714452534506,0.9985792017116039,4.635517223921418,False,4.226872109444361,False
23,4hgr,148,V,expanded_s231303,True,P,0.8360986349096247,0.07946505307148176,False,0.4718324215996507,1.5661796825055643,1.566179682505564,0.09504267768607381,0.9936853053403466,4.964426856302537,False,7.101565346375213,False
23,4hgr,148,V,expanded_s231303,True,Q,0.7129621555420749,0.1515991334560877,False,1.1020621857751405,1.292146145300876,1.2921461453008758,0.21263279162527887,0.9770177027353634,5.182936165919771,False,10.196307027435418,False
23,4hgr,148,V,expanded_s231303,True,R,0.47602501341871606,0.13505923302195016,False,1.7630498537114176,1.098016666977098,1.098016666977098,0.28372297508482147,0.9817590035755226,6.21398338708502,False,27.422720671477393,False
23,4hgr,148,V,expanded_s231303,True,S,0.900857536026324,0.10433809225245291,False,0.4309817231240327,1.6235567868149556,1.6235567868149556,0.11582085743844413,0.9891135625051186,3.7211063072390798,False,4.585216489415715,False
23,4hgr,148,V,expanded_s231303,True,T,1.0871304162995377,0.05393490223853293,False,0.17074163491446728,2.0645839965963035,2.064583996596304,0.049612172955403926,0.9970910263205199,3.4415270435331644,False,2.9119766816105765,False
23,4hgr,148,V,expanded_s231303,True,W,0.3841013223978802,0.2155560714535459,False,2.174440483359651,0.9819430816754025,0.9819430816754025,0.5611958587069303,0.9535355800595138,3.874655255599801,False,26.262826391228668,False
23,4hgr,148,V,expanded_s231303,True,Y,0.4398993081320166,0.240593849631761,False,2.330772527418695,0.9818372653073666,0.9818372653073667,0.5469293658437792,0.9421145995193695,4.2615604006248216,False,22.022270378413825,False
