parent_index,pdb_id,position_1based,source_aa,common_holdout,restricted_stratum,expanded_stratum,method,noise_group,affine_slope,centered_scale_ratio,exact_task_range,low_task_range,normalized_regret,spearman,student_choice,task_bias,task_mae,task_rmse,teacher_best_in_top3,teacher_best_in_top5,teacher_choice,top1_match,top1_regret,top3_recall,top5_recall,extra_regret_vs_teacher_old_choice,new_teacher_score_at_student_choice,new_teacher_score_at_teacher_old_choice,regret_to_new_best,student_old_choice,teacher_new_choice,teacher_old_choice,teacher_old_regret_to_new_best,selected_both_new_checked_geometry,selected_new_wrong_chirality_sum
0,6ahp,48,Y,True,unseen_protein_covered_source,unseen_protein_covered_source,restricted_context_s231301,all,9.476822092460038,13.104339699498986,0.10642775999012662,False,0.21085400890214226,0.34210526315789475,C,0.09086777057303677,0.1290484842617174,0.2695159584358002,False,True,E,False,0.022440719852393216,0.0,0.2,0.0229975558646989,-0.027708351205182738,-0.05070590706988164,0.0229975558646989,C,E,E,0.0,True,0
0,6ahp,48,Y,True,unseen_protein_covered_source,unseen_protein_covered_source,restricted_context_s231301,new,10.056324978950949,14.118521691375866,0.10005582171267356,False,0.22984725397328795,0.19824561403508772,C,0.08830581164027074,0.1296901289835097,0.2698201648074352,False,True,E,False,0.0229975558646989,0.0,0.2,0.0229975558646989,-0.027708351205182738,-0.05070590706988164,0.0229975558646989,C,E,E,0.0,True,0
0,6ahp,48,Y,True,unseen_protein_covered_source,unseen_protein_covered_source,restricted_context_s231301,old,8.794331363927851,12.114482863713409,0.11279969826757967,False,0.19400658136669227,0.5210526315789473,C,0.09342972950580282,0.12840683953992507,0.2692603472240364,False,True,E,False,0.021883883840087534,0.3333333333333333,0.4,0.0229975558646989,-0.027708351205182738,-0.05070590706988164,0.0229975558646989,C,E,E,0.0,True,0
0,6ahp,48,Y,True,unseen_protein_covered_source,unseen_protein_covered_source,restricted_aa_only_s231301,all,-0.44148165980336357,4.773994544396271,0.10642775999012662,False,0.21306511787639532,-0.09649122807017543,V,0.025039163192156443,0.073503435743472,0.10467901683885678,False,False,E,False,0.022676043227617036,0.3333333333333333,0.2,0.02206120875540156,-0.028644698314480077,-0.05070590706988164,0.02206120875540156,V,E,E,0.0,True,0
0,6ahp,48,Y,True,unseen_protein_covered_source,unseen_protein_covered_source,restricted_aa_only_s231301,new,-0.6744075396161677,5.143467513448674,0.10005582171267356,False,0.220489006814155,-0.13157894736842105,V,0.022477204259390385,0.07348376274266319,0.10437814825009287,False,False,E,False,0.02206120875540156,0.3333333333333333,0.2,0.02206120875540156,-0.028644698314480077,-0.05070590706988164,0.02206120875540156,V,E,E,0.0,True,0
0,6ahp,48,Y,True,unseen_protein_covered_source,unseen_protein_covered_source,restricted_aa_only_s231301,old,-0.25806985926099973,4.4133833848767745,0.11279969826757967,False,0.20647996455258835,0.007017543859649123,V,0.027601122124922488,0.07389054121663259,0.10510446004506735,False,False,E,False,0.023290877699832513,0.0,0.2,0.02206120875540156,-0.028644698314480077,-0.05070590706988164,0.02206120875540156,V,E,E,0.0,True,0
0,6ahp,48,Y,True,unseen_protein_covered_source,unseen_protein_covered_source,restricted_context_s231303,all,4.0045746628406915,8.259070254746813,0.10642775999012662,False,0.18275626076542334,-0.057894736842105256,I,0.10645287192354147,0.12698442057765083,0.19224281464159504,False,False,E,False,0.01945033945743547,0.0,0.2,0.018300978004971533,-0.032404929064910104,-0.05070590706988164,0.018300978004971533,I,E,E,0.0,True,0
0,6ahp,48,Y,True,unseen_protein_covered_source,unseen_protein_covered_source,restricted_context_s231303,new,4.532715853309647,8.898263111013387,0.10005582171267356,False,0.18290767785132728,0.05087719298245614,I,0.10389091299077542,0.12544940279972727,0.19090279892987444,False,False,E,False,0.018300978004971533,0.0,0.2,0.018300978004971533,-0.032404929064910104,-0.05070590706988164,0.018300978004971533,I,E,E,0.0,True,0
0,6ahp,48,Y,True,unseen_protein_covered_source,unseen_protein_covered_source,restricted_context_s231303,old,3.507622259116601,7.635208439778219,0.11279969826757967,False,0.1826219504686394,-0.24912280701754386,I,0.1090148308563075,0.1289031014853845,0.19364161005364905,False,False,E,False,0.020599700909899404,0.0,0.0,0.018300978004971533,-0.032404929064910104,-0.05070590706988164,0.018300978004971533,I,E,E,0.0,True,0
0,6ahp,48,Y,True,unseen_protein_covered_source,unseen_protein_covered_source,restricted_aa_only_s231303,all,-0.4561040726828637,4.781486775183852,0.10642775999012662,False,0.21306511787639532,-0.09649122807017543,V,0.029050923363855338,0.073695321249388,0.10590992530134277,False,False,E,False,0.022676043227617036,0.3333333333333333,0.2,0.02206120875540156,-0.028644698314480077,-0.05070590706988164,0.02206120875540156,V,E,E,0.0,True,0
0,6ahp,48,Y,True,unseen_protein_covered_source,unseen_protein_covered_source,restricted_aa_only_s231303,new,-0.6933902358879643,5.1515395892126525,0.10005582171267356,False,0.220489006814155,-0.13157894736842105,V,0.02648896443108928,0.07326074877813253,0.10552206953135249,False,False,E,False,0.02206120875540156,0.3333333333333333,0.2,0.02206120875540156,-0.028644698314480077,-0.05070590706988164,0.02206120875540156,V,E,E,0.0,True,0
0,6ahp,48,Y,True,unseen_protein_covered_source,unseen_protein_covered_source,restricted_aa_only_s231303,old,-0.26908723860791844,4.420309678270299,0.11279969826757967,False,0.20647996455258835,0.007017543859649123,V,0.03161288229662138,0.07446148543293103,0.10642025003389452,False,False,E,False,0.023290877699832513,0.0,0.2,0.02206120875540156,-0.028644698314480077,-0.05070590706988164,0.02206120875540156,V,E,E,0.0,True,0
0,6ahp,48,Y,True,unseen_protein_covered_source,unseen_protein_covered_source,expanded_context_s231301,all,-0.40732976734565524,4.895594765205961,0.10642775999012662,False,0.21306511787639532,-0.08771929824561404,V,0.02349174951008152,0.0759707827093465,0.10651904159581037,False,False,E,False,0.022676043227617036,0.3333333333333333,0.2,0.02206120875540156,-0.028644698314480077,-0.05070590706988164,0.02206120875540156,V,E,E,0.0,True,0
0,6ahp,48,Y,True,unseen_protein_covered_source,unseen_protein_covered_source,expanded_context_s231301,new,-0.642734077101743,5.274478720006708,0.10005582171267356,False,0.220489006814155,-0.11929824561403508,V,0.020929790577315463,0.07595110970853769,0.10628774749202508,False,False,E,False,0.02206120875540156,0.3333333333333333,0.2,0.02206120875540156,-0.028644698314480077,-0.05070590706988164,0.02206120875540156,V,E,E,0.0,True,0
0,6ahp,48,Y,True,unseen_protein_covered_source,unseen_protein_covered_source,expanded_context_s231301,old,-0.22301512434796208,4.525798342440724,0.11279969826757967,False,0.20647996455258835,0.012280701754385965,V,0.026053708442847566,0.0761738548526129,0.10687319307869339,False,False,E,False,0.023290877699832513,0.0,0.2,0.02206120875540156,-0.028644698314480077,-0.05070590706988164,0.02206120875540156,V,E,E,0.0,True,0
0,6ahp,48,Y,True,unseen_protein_covered_source,unseen_protein_covered_source,expanded_aa_only_s231301,all,-0.42953431783826573,4.771570291530756,0.10642775999012662,False,0.21306511787639532,-0.09649122807017543,V,0.024828499986457527,0.0736021833858887,0.10453467367217532,False,False,E,False,0.022676043227617036,0.3333333333333333,0.2,0.02206120875540156,-0.028644698314480077,-0.05070590706988164,0.02206120875540156,V,E,E,0.0,True,0
0,6ahp,48,Y,True,unseen_protein_covered_source,unseen_protein_covered_source,expanded_aa_only_s231301,new,-0.6603174212450849,5.14085564078267,0.10005582171267356,False,0.220489006814155,-0.13157894736842105,V,0.02226654105369147,0.0735825103850799,0.10423779823450616,False,False,E,False,0.02206120875540156,0.3333333333333333,0.2,0.02206120875540156,-0.028644698314480077,-0.05070590706988164,0.02206120875540156,V,E,E,0.0,True,0
0,6ahp,48,Y,True,unseen_protein_covered_source,unseen_protein_covered_source,expanded_aa_only_s231301,old,-0.2480226754863142,4.411142251750646,0.11279969826757967,False,0.20647996455258835,0.007017543859649123,V,0.02739045891922357,0.07413566727895049,0.10495632253229416,False,False,E,False,0.023290877699832513,0.0,0.2,0.02206120875540156,-0.028644698314480077,-0.05070590706988164,0.02206120875540156,V,E,E,0.0,True,0
0,6ahp,48,Y,True,unseen_protein_covered_source,unseen_protein_covered_source,expanded_context_s231303,all,-0.35964141183285625,2.455118404383581,0.10642775999012662,False,0.21306511787639532,-0.16315789473684209,V,0.07014675224642095,0.07532110091963855,0.0903554493755243,False,False,E,False,0.022676043227617036,0.3333333333333333,0.4,0.02206120875540156,-0.028644698314480077,-0.05070590706988164,0.02206120875540156,V,E,E,0.0,True,0
0,6ahp,48,Y,True,unseen_protein_covered_source,unseen_protein_covered_source,expanded_context_s231303,new,-0.3938057666639121,2.645126976410031,0.10005582171267356,False,0.220489006814155,-0.11578947368421051,V,0.0675847933136549,0.07257836680621213,0.08795559776304776,False,False,E,False,0.02206120875540156,0.3333333333333333,0.2,0.02206120875540156,-0.028644698314480077,-0.05070590706988164,0.02206120875540156,V,E,E,0.0,True,0
0,6ahp,48,Y,True,unseen_protein_covered_source,unseen_protein_covered_source,expanded_context_s231303,old,-0.3247790752754268,2.2696671881475594,0.11279969826757967,False,0.20647996455258835,-0.0456140350877193,V,0.07270871117918701,0.07806383503306498,0.09283522772436668,False,False,E,False,0.023290877699832513,0.0,0.4,0.02206120875540156,-0.028644698314480077,-0.05070590706988164,0.02206120875540156,V,E,E,0.0,True,0
0,6ahp,48,Y,True,unseen_protein_covered_source,unseen_protein_covered_source,expanded_aa_only_s231303,all,-0.43822772989179376,4.76923681362141,0.10642775999012662,False,0.21306511787639532,-0.10350877192982455,V,0.02762018418087647,0.07338014828399475,0.10522298441523753,False,False,E,False,0.022676043227617036,0.3333333333333333,0.2,0.02206120875540156,-0.028644698314480077,-0.05070590706988164,0.02206120875540156,V,E,E,0.0,True,0
0,6ahp,48,Y,True,unseen_protein_covered_source,unseen_protein_covered_source,expanded_aa_only_s231303,new,-0.6696085365555144,5.138341568403982,0.10005582171267356,False,0.220489006814155,-0.13157894736842105,V,0.025058225248110414,0.07315208786863824,0.10485711976423158,False,False,E,False,0.02206120875540156,0.3333333333333333,0.2,0.02206120875540156,-0.028644698314480077,-0.05070590706988164,0.02206120875540156,V,E,E,0.0,True,0
0,6ahp,48,Y,True,unseen_protein_covered_source,unseen_protein_covered_source,expanded_aa_only_s231303,old,-0.25604134467642625,4.408985036752113,0.11279969826757967,False,0.20647996455258835,-0.007017543859649123,V,0.030182143113642517,0.07414631246753778,0.10571229613451995,False,False,E,False,0.023290877699832513,0.0,0.2,0.02206120875540156,-0.028644698314480077,-0.05070590706988164,0.02206120875540156,V,E,E,0.0,True,0
0,6ahp,48,Y,True,unseen_protein_covered_source,unseen_protein_covered_source,legacy_baseline,old,1.0009986164771398,1.0010028675200136,0.11279969826757967,False,0.0,1.0,E,6.385945430986256e-06,5.6385843263858036e-05,6.85472092621827e-05,True,True,E,True,0.0,1.0,1.0,0.0,-0.05070590706988164,-0.05070590706988164,0.0,E,E,E,0.0,True,0
0,6ahp,48,Y,True,unseen_protein_covered_source,unseen_protein_covered_source,legacy_baseline,new,1.0014887563629942,1.001496363028863,0.10005582171267356,False,0.0,0.9964912280701754,E,-2.6633220370768007e-06,6.118652251132404e-05,7.938609625899733e-05,True,True,E,True,0.0,1.0,1.0,0.0,-0.05070590706988164,-0.05070590706988164,0.0,E,E,E,0.0,True,0
0,6ahp,48,Y,True,unseen_protein_covered_source,unseen_protein_covered_source,legacy_baseline,all,1.0012689567628978,1.001274540982892,0.10642775999012662,False,0.0,0.9964912280701754,E,1.8613116969547278e-06,5.878618288759103e-05,7.32100667340603e-05,True,True,E,True,0.0,0.6666666666666666,0.8,0.0,-0.05070590706988164,-0.05070590706988164,0.0,E,E,E,0.0,True,0
0,6ahp,48,Y,True,unseen_protein_covered_source,unseen_protein_covered_source,legacy_exact,old,1.0,1.0,0.11279969826757967,False,0.0,1.0,E,0.0,0.0,0.0,True,True,E,True,0.0,1.0,1.0,0.0,-0.05070590706988164,-0.05070590706988164,0.0,E,E,E,0.0,True,0
0,6ahp,48,Y,True,unseen_protein_covered_source,unseen_protein_covered_source,legacy_exact,new,1.0,1.0,0.10005582171267356,False,0.0,1.0,E,0.0,0.0,0.0,True,True,E,True,0.0,1.0,1.0,0.0,-0.05070590706988164,-0.05070590706988164,0.0,E,E,E,0.0,True,0
0,6ahp,48,Y,True,unseen_protein_covered_source,unseen_protein_covered_source,legacy_exact,all,1.0,1.0,0.10642775999012662,False,0.0,1.0,E,0.0,0.0,0.0,True,True,E,True,0.0,1.0,1.0,0.0,-0.05070590706988164,-0.05070590706988164,0.0,E,E,E,0.0,True,0
0,6ahp,48,Y,True,unseen_protein_covered_source,unseen_protein_covered_source,legacy_expanded_s231301,old,0.21756243660407643,0.3041489084816803,0.11279969826757967,False,0.0,0.7684210526315789,E,0.021692431838846504,0.027252350434651188,0.02815344795666016,True,True,E,True,0.0,0.6666666666666666,0.6,0.0,-0.05070590706988164,-0.05070590706988164,0.0,E,E,E,0.0,True,0
0,6ahp,48,Y,True,unseen_protein_covered_source,unseen_protein_covered_source,legacy_expanded_s231301,new,0.32804688040865027,0.4018188992735499,0.10005582171267356,False,0.0,0.8526315789473684,E,0.017699865345693896,0.021749889072821986,0.02226138551511911,True,True,E,True,0.0,0.6666666666666666,0.6,0.0,-0.05070590706988164,-0.05070590706988164,0.0,E,E,E,0.0,True,0
0,6ahp,48,Y,True,unseen_protein_covered_source,unseen_protein_covered_source,legacy_expanded_s231301,all,0.26412647194977007,0.34310349947836,0.10642775999012662,False,0.0,0.8228070175438595,E,0.019696148592270205,0.024501119753736585,0.025194084252200998,True,True,E,True,0.0,0.3333333333333333,0.6,0.0,-0.05070590706988164,-0.05070590706988164,0.0,E,E,E,0.0,True,0
0,6ahp,48,Y,True,unseen_protein_covered_source,unseen_protein_covered_source,legacy_expanded_s231303,old,0.25077915906418047,0.32439428664886094,0.11279969826757967,False,0.0,0.7684210526315789,E,0.021964898601345383,0.027178626876170127,0.027896232300647455,True,True,E,True,0.0,0.6666666666666666,0.6,0.0,-0.05070590706988164,-0.05070590706988164,0.0,E,E,E,0.0,True,0
0,6ahp,48,Y,True,unseen_protein_covered_source,unseen_protein_covered_source,legacy_expanded_s231303,new,0.37083793077808,0.42637394120304156,0.10005582171267356,False,0.0,0.8701754385964912,E,0.01741193196842997,0.021110654585753997,0.021492449765225713,True,True,E,True,0.0,0.6666666666666666,0.6,0.0,-0.05070590706988164,-0.05070590706988164,0.0,E,E,E,0.0,True,0
0,6ahp,48,Y,True,unseen_protein_covered_source,unseen_protein_covered_source,legacy_expanded_s231303,all,0.3024115945621692,0.36599490442724475,0.10642775999012662,False,0.0,0.856140350877193,E,0.019688415284887673,0.024144640730962057,0.024681459298140536,True,True,E,True,0.0,0.3333333333333333,0.6,0.0,-0.05070590706988164,-0.05070590706988164,0.0,E,E,E,0.0,True,0
0,6ahp,48,Y,True,unseen_protein_covered_source,unseen_protein_covered_source,legacy_oracle_r32,old,0.9829193671698484,0.9830500794888295,0.11279969826757967,False,0.0,0.9894736842105263,E,0.0008492568909739897,0.0009001647056070181,0.0009950178379003398,True,True,E,True,0.0,1.0,1.0,0.0,-0.05070590706988164,-0.05070590706988164,0.0,E,E,E,0.0,True,0
0,6ahp,48,Y,True,unseen_protein_covered_source,unseen_protein_covered_source,legacy_oracle_r32,new,0.9913989296938943,0.9915110148691635,0.10005582171267356,False,0.0,0.9929824561403509,E,0.0004510849067292399,0.0005027347953417204,0.0005570712150591604,True,True,E,True,0.0,1.0,1.0,0.0,-0.05070590706988164,-0.05070590706988164,0.0,E,E,E,0.0,True,0
0,6ahp,48,Y,True,unseen_protein_covered_source,unseen_protein_covered_source,legacy_oracle_r32,all,0.9871381052428304,0.9872453481194143,0.10642775999012662,False,0.0,0.9964912280701754,E,0.0006501708988516148,0.0007014497504743692,0.0007619960493933575,True,True,E,True,0.0,0.6666666666666666,1.0,0.0,-0.05070590706988164,-0.05070590706988164,0.0,E,E,E,0.0,True,0
0,6ahp,48,Y,True,unseen_protein_covered_source,unseen_protein_covered_source,legacy_restricted_s231301,old,0.2714257969263223,0.3423918775551335,0.11279969826757967,False,0.0,0.7456140350877193,E,0.022186938156546335,0.027165525762944998,0.02781461045763247,True,True,E,True,0.0,0.6666666666666666,0.6,0.0,-0.05070590706988164,-0.05070590706988164,0.0,E,E,E,0.0,True,0
0,6ahp,48,Y,True,unseen_protein_covered_source,unseen_protein_covered_source,legacy_restricted_s231301,new,0.3847878443342184,0.439939654853772,0.10005582171267356,False,0.0,0.8421052631578947,E,0.017911381500417767,0.021417932232844668,0.021765642144824557,True,True,E,True,0.0,0.6666666666666666,0.6,0.0,-0.05070590706988164,-0.05070590706988164,0.0,E,E,E,0.0,True,0
0,6ahp,48,Y,True,unseen_protein_covered_source,unseen_protein_covered_source,legacy_restricted_s231301,all,0.3199596569191753,0.3819584764090133,0.10642775999012662,False,0.0,0.8263157894736841,E,0.02004915982848205,0.024291728997894835,0.024775276502000475,True,True,E,True,0.0,0.6666666666666666,0.6,0.0,-0.05070590706988164,-0.05070590706988164,0.0,E,E,E,0.0,True,0
0,6ahp,48,Y,True,unseen_protein_covered_source,unseen_protein_covered_source,legacy_restricted_s231303,old,0.18625623894356497,0.3008598914549156,0.11279969826757967,False,0.0,0.8298245614035088,E,0.021497926738850436,0.0274632395927959,0.028529199084084647,True,True,E,True,0.0,0.6666666666666666,0.8,0.0,-0.05070590706988164,-0.05070590706988164,0.0,E,E,E,0.0,True,0
0,6ahp,48,Y,True,unseen_protein_covered_source,unseen_protein_covered_source,legacy_restricted_s231303,new,0.2865339390079477,0.3853403421636902,0.10005582171267356,False,0.0,0.8789473684210527,E,0.017315042133770782,0.02179936949129653,0.02252472654954175,True,True,E,True,0.0,1.0,0.8,0.0,-0.05070590706988164,-0.05070590706988164,0.0,E,E,E,0.0,True,0
0,6ahp,48,Y,True,unseen_protein_covered_source,unseen_protein_covered_source,legacy_restricted_s231303,all,0.22791209808807064,0.3330747687100527,0.10642775999012662,False,0.0,0.8368421052631579,E,0.01940648443631061,0.024631304542046213,0.02551276500662374,True,True,E,True,0.0,1.0,0.8,0.0,-0.05070590706988164,-0.05070590706988164,0.0,E,E,E,0.0,True,0
0,6ahp,48,Y,True,unseen_protein_covered_source,unseen_protein_covered_source,legacy_wt_z,old,0.21730800089990748,0.30380323553145006,0.11279969826757967,False,0.0,0.7684210526315789,E,0.021775025541486255,0.027328389459326065,0.028219729164863868,True,True,E,True,0.0,0.6666666666666666,0.6,0.0,-0.05070590706988164,-0.05070590706988164,0.0,E,E,E,0.0,True,0
0,6ahp,48,Y,True,unseen_protein_covered_source,unseen_protein_covered_source,legacy_wt_z,new,0.327378239426211,0.4009458655318026,0.10005582171267356,False,0.0,0.8491228070175438,E,0.017726965726050693,0.021778858343328628,0.022288089392446055,True,True,E,True,0.0,0.6666666666666666,0.6,0.0,-0.05070590706988164,-0.05070590706988164,0.0,E,E,E,0.0,True,0
0,6ahp,48,Y,True,unseen_protein_covered_source,unseen_protein_covered_source,legacy_wt_z,all,0.2637001772996884,0.3425363967262099,0.10642775999012662,False,0.0,0.8228070175438595,E,0.019750995633768476,0.024553623901327346,0.025240832242405527,True,True,E,True,0.0,0.3333333333333333,0.6,0.0,-0.05070590706988164,-0.05070590706988164,0.0,E,E,E,0.0,True,0
0,6ahp,58,L,True,unseen_protein_uncovered_source,unseen_protein_covered_source,restricted_context_s231301,all,1.213902269511286,3.0613415883265174,0.05593065502871589,False,0.4810852824742318,0.32280701754385965,S,-0.1319723579477332,0.1319723579477332,0.13854066325912107,False,True,C,False,0.026907414973458596,0.0,0.4,0.02374300982998695,0.024871119711521367,0.001128109881534417,0.02374300982998695,S,C,C,0.0,False,1
0,6ahp,58,L,True,unseen_protein_uncovered_source,unseen_protein_covered_source,restricted_context_s231301,new,1.7509097517275607,3.5423239703359384,0.05428966121504614,False,0.4373394362499113,0.46842105263157896,S,-0.1235469486315436,0.1235469486315436,0.13016175355369322,False,True,C,False,0.02374300982998695,0.3333333333333333,0.4,0.02374300982998695,0.024871119711521367,0.001128109881534417,0.02374300982998695,S,C,C,0.0,False,1
0,6ahp,58,L,True,unseen_protein_uncovered_source,unseen_protein_covered_source,restricted_context_s231301,old,0.8065569813896503,2.597775375350869,0.06695920051672627,False,0.4491066184312993,0.28947368421052627,S,-0.1403977672639228,0.1403977672639228,0.14702807746788446,False,True,C,False,0.030071820116930242,0.0,0.4,0.02374300982998695,0.024871119711521367,0.001128109881534417,0.02374300982998695,S,C,C,0.0,False,1
0,6ahp,58,L,True,unseen_protein_uncovered_source,unseen_protein_covered_source,restricted_aa_only_s231301,all,3.193246183953232,4.732484606653432,0.05593065502871589,False,0.28902951616379624,0.4842105263157894,V,-0.06463148834415267,0.08127124574281681,0.08934084210736186,False,False,C,False,0.01616561016167395,0.3333333333333333,0.2,0.0174651783567967,0.018593288238331118,0.001128109881534417,0.0174651783567967,V,C,C,0.0,False,1
0,6ahp,58,L,True,unseen_protein_uncovered_source,unseen_protein_covered_source,restricted_aa_only_s231301,new,3.7321051840500803,5.47602845932601,0.05428966121504614,False,0.3217035797592398,0.5754385964912281,V,-0.056206079027963055,0.07638391038457386,0.08419387278121135,False,False,C,False,0.0174651783567967,0.0,0.4,0.0174651783567967,0.018593288238331118,0.001128109881534417,0.0174651783567967,V,C,C,0.0,False,1
0,6ahp,58,L,True,unseen_protein_uncovered_source,unseen_protein_covered_source,restricted_aa_only_s231301,old,2.5916202046381946,4.0158641630422585,0.06695920051672627,False,0.22201641972767716,0.46315789473684205,V,-0.07305689766034225,0.0861585811010598,0.09511714263226459,False,False,C,False,0.014866041966551197,0.3333333333333333,0.2,0.0174651783567967,0.018593288238331118,0.001128109881534417,0.0174651783567967,V,C,C,0.0,False,1
0,6ahp,58,L,True,unseen_protein_uncovered_source,unseen_protein_covered_source,restricted_context_s231303,all,7.009222597055853,13.889796483030665,0.05593065502871589,False,0.9631475629061576,0.36315789473684207,H,0.13636573505944624,0.14881286851309658,0.2425594574020176,False,False,C,False,0.05386947408265273,0.3333333333333333,0.4,0.04945367450092322,0.05058178438245764,0.001128109881534417,0.04945367450092322,H,C,C,0.0,False,1
0,6ahp,58,L,True,unseen_protein_uncovered_source,unseen_protein_covered_source,restricted_context_s231303,new,7.4807527431750085,16.07209048887083,0.05428966121504614,False,0.9109225107342788,0.28070175438596495,H,0.14479114437563587,0.1554961462255406,0.2485628008323204,False,False,C,False,0.04945367450092322,0.3333333333333333,0.4,0.04945367450092322,0.05058178438245764,0.001128109881534417,0.04945367450092322,H,C,C,0.0,False,1
0,6ahp,58,L,True,unseen_protein_uncovered_source,unseen_protein_covered_source,restricted_context_s231303,old,6.071172612976499,11.786522422013254,0.06695920051672627,False,0.8704595218370731,0.34210526315789475,H,0.12794032574325664,0.1429291139135774,0.23676786456830415,False,False,C,False,0.05828527366438224,0.3333333333333333,0.4,0.04945367450092322,0.05058178438245764,0.001128109881534417,0.04945367450092322,H,C,C,0.0,False,1
0,6ahp,58,L,True,unseen_protein_uncovered_source,unseen_protein_covered_source,restricted_aa_only_s231303,all,2.2740114691306204,3.5130808639200897,0.05593065502871589,False,0.28902951616379624,0.487719298245614,V,-0.0693294171742516,0.07534989466443101,0.0823008594120066,False,True,C,False,0.01616561016167395,0.3333333333333333,0.4,0.0174651783567967,0.018593288238331118,0.001128109881534417,0.0174651783567967,V,C,C,0.0,False,1
0,6ahp,58,L,True,unseen_protein_uncovered_source,unseen_protein_covered_source,restricted_aa_only_s231303,new,2.986264868157615,4.065038217703563,0.05428966121504614,False,0.3217035797592398,0.612280701754386,V,-0.060904007858062,0.06812102389181056,0.07509375075644993,False,True,C,False,0.0174651783567967,0.0,0.4,0.0174651783567967,0.018593288238331118,0.001128109881534417,0.0174651783567967,V,C,C,0.0,False,1
0,6ahp,58,L,True,unseen_protein_uncovered_source,unseen_protein_covered_source,restricted_aa_only_s231303,old,1.6688969265042397,2.9811096529403636,0.06695920051672627,False,0.22201641972767716,0.46140350877192987,V,-0.0777548264904412,0.0831657029851975,0.08988936765134221,False,True,C,False,0.014866041966551197,0.3333333333333333,0.4,0.0174651783567967,0.018593288238331118,0.001128109881534417,0.0174651783567967,V,C,C,0.0,False,1
0,6ahp,58,L,True,unseen_protein_uncovered_source,unseen_protein_covered_source,expanded_context_s231301,all,0.3538852248043178,0.714905249489557,0.05593065502871589,False,0.0,0.5368421052631579,C,-0.02797602904848848,0.02829768168209553,0.031021510909931906,True,True,C,True,0.0,0.6666666666666666,0.6,0.0,0.001128109881534417,0.001128109881534417,0.0,C,C,C,0.0,True,0
0,6ahp,58,L,True,unseen_protein_uncovered_source,unseen_protein_covered_source,expanded_context_s231301,new,0.46279662587262527,0.8272275173219736,0.05428966121504614,False,0.0,0.6070175438596491,C,-0.01955061973229888,0.020368675960939685,0.022560369871778296,True,True,C,True,0.0,1.0,0.6,0.0,0.001128109881534417,0.001128109881534417,0.0,C,C,C,0.0,True,0
0,6ahp,58,L,True,unseen_protein_uncovered_source,unseen_protein_covered_source,expanded_context_s231301,old,0.2607546365129707,0.6066501235650279,0.06695920051672627,False,0.0,0.5578947368421052,C,-0.036401438364678074,0.036401438364678074,0.03984977903375189,True,True,C,True,0.0,0.6666666666666666,0.6,0.0,0.001128109881534417,0.001128109881534417,0.0,C,C,C,0.0,True,0
0,6ahp,58,L,True,unseen_protein_uncovered_source,unseen_protein_covered_source,expanded_aa_only_s231301,all,0.20263749196876685,0.4180229363289223,0.05593065502871589,False,0.20104921406730702,0.5017543859649122,I,-0.02445004162781622,0.02445004162781622,0.027747236816938258,True,True,C,False,0.011244814235793002,0.6666666666666666,0.6,0.012737130821137588,0.013865240702672005,0.001128109881534417,0.012737130821137588,I,C,C,0.0,False,1
0,6ahp,58,L,True,unseen_protein_uncovered_source,unseen_protein_covered_source,expanded_aa_only_s231301,new,0.21837604001096514,0.48370056878155165,0.05428966121504614,False,0.23461429922512667,0.46842105263157896,I,-0.016024632311626624,0.016471910196961755,0.01974751123222361,True,True,C,False,0.012737130821137588,0.6666666666666666,0.8,0.012737130821137588,0.013865240702672005,0.001128109881534417,0.012737130821137588,I,C,C,0.0,False,1
0,6ahp,58,L,True,unseen_protein_uncovered_source,unseen_protein_covered_source,expanded_aa_only_s231301,old,0.17438543139288978,0.3547234632254031,0.06695920051672627,False,0.14564835863015213,0.5035087719298245,I,-0.03287545094400582,0.03287545094400582,0.0363615318929766,True,True,C,False,0.009752497650448416,0.6666666666666666,0.6,0.012737130821137588,0.013865240702672005,0.001128109881534417,0.012737130821137588,I,C,C,0.0,False,1
0,6ahp,58,L,True,unseen_protein_uncovered_source,unseen_protein_covered_source,expanded_context_s231303,all,-0.8002783541763445,2.03706202646048,0.05593065502871589,False,1.0,-0.39824561403508774,G,-0.08364811703696157,0.08387884470312558,0.09223231215038974,False,False,C,False,0.05593065502871589,0.0,0.2,0.044902109540705504,0.04603021942223992,0.001128109881534417,0.044902109540705504,G,C,C,0.0,True,0
0,6ahp,58,L,True,unseen_protein_uncovered_source,unseen_protein_covered_source,expanded_context_s231303,new,-0.744670261453667,2.3571148260317636,0.05428966121504614,False,0.8270839886593561,-0.32280701754385965,G,-0.07522270772077196,0.07596310124230221,0.08368055733252165,False,False,C,False,0.044902109540705504,0.0,0.2,0.044902109540705504,0.04603021942223992,0.001128109881534417,0.044902109540705504,G,C,C,0.0,True,0
0,6ahp,58,L,True,unseen_protein_uncovered_source,unseen_protein_covered_source,expanded_context_s231303,old,-0.7520367992316602,1.7285982036699652,0.06695920051672627,False,1.0,-0.41578947368421054,G,-0.09207352635315116,0.09207352635315116,0.10091318067156867,False,False,C,False,0.06695920051672627,0.0,0.2,0.044902109540705504,0.04603021942223992,0.001128109881534417,0.044902109540705504,G,C,C,0.0,True,0
0,6ahp,58,L,True,unseen_protein_uncovered_source,unseen_protein_covered_source,expanded_aa_only_s231303,all,0.18927766076574898,0.4111754908536374,0.05593065502871589,False,0.20104921406730702,0.5140350877192983,I,-0.024111415754996045,0.024111415754996045,0.027534911189934966,True,True,C,False,0.011244814235793002,0.6666666666666666,0.6,0.012737130821137588,0.013865240702672005,0.001128109881534417,0.012737130821137588,I,C,C,0.0,False,1
0,6ahp,58,L,True,unseen_protein_uncovered_source,unseen_protein_covered_source,expanded_aa_only_s231303,new,0.20923562577990382,0.4757772875851108,0.05428966121504614,False,0.23461429922512667,0.48947368421052634,I,-0.01568600643880645,0.016202223320980477,0.01951947821296801,True,True,C,False,0.012737130821137588,0.6666666666666666,0.8,0.012737130821137588,0.013865240702672005,0.001128109881534417,0.012737130821137588,I,C,C,0.0,False,1
0,6ahp,58,L,True,unseen_protein_uncovered_source,unseen_protein_covered_source,expanded_aa_only_s231303,old,0.16006096824422703,0.3489128979139128,0.06695920051672627,False,0.14564835863015213,0.5105263157894736,I,-0.032536825071185646,0.032536825071185646,0.036161298902126326,True,True,C,False,0.009752497650448416,0.6666666666666666,0.6,0.012737130821137588,0.013865240702672005,0.001128109881534417,0.012737130821137588,I,C,C,0.0,False,1
0,6ahp,58,L,True,unseen_protein_uncovered_source,unseen_protein_covered_source,legacy_baseline,old,1.0006434128798232,1.0006559175289589,0.06695920051672627,False,0.0,1.0,C,-0.0001091691476018996,0.00012383143274847708,0.0001407828035201631,True,True,C,True,0.0,1.0,1.0,0.0,0.001128109881534417,0.001128109881534417,0.0,C,C,C,0.0,True,0
0,6ahp,58,L,True,unseen_protein_uncovered_source,unseen_protein_covered_source,legacy_baseline,new,1.0007347829782576,1.0007649128623304,0.05428966121504614,False,0.0,0.9982456140350877,C,-0.00018191381211831988,0.00019678765734310773,0.00020798275137676745,True,True,C,True,0.0,1.0,1.0,0.0,0.001128109881534417,0.001128109881534417,0.0,C,C,C,0.0,True,0
0,6ahp,58,L,True,unseen_protein_uncovered_source,unseen_protein_covered_source,legacy_baseline,all,1.0005011830169637,1.0005200487751775,0.05593065502871589,False,0.0,0.9982456140350877,C,-0.00014554147986010975,0.00015836420934611355,0.00017228495881815303,True,True,C,True,0.0,1.0,1.0,0.0,0.001128109881534417,0.001128109881534417,0.0,C,C,C,0.0,True,0
0,6ahp,58,L,True,unseen_protein_uncovered_source,unseen_protein_covered_source,legacy_exact,old,1.0,1.0,0.06695920051672627,False,0.0,1.0,C,0.0,0.0,0.0,True,True,C,True,0.0,1.0,1.0,0.0,0.001128109881534417,0.001128109881534417,0.0,C,C,C,0.0,True,0
0,6ahp,58,L,True,unseen_protein_uncovered_source,unseen_protein_covered_source,legacy_exact,new,1.0,1.0,0.05428966121504614,False,0.0,1.0,C,0.0,0.0,0.0,True,True,C,True,0.0,1.0,1.0,0.0,0.001128109881534417,0.001128109881534417,0.0,C,C,C,0.0,True,0
0,6ahp,58,L,True,unseen_protein_uncovered_source,unseen_protein_covered_source,legacy_exact,all,1.0,1.0,0.05593065502871589,False,0.0,1.0,C,0.0,0.0,0.0,True,True,C,True,0.0,1.0,1.0,0.0,0.001128109881534417,0.001128109881534417,0.0,C,C,C,0.0,True,0
0,6ahp,58,L,True,unseen_protein_uncovered_source,unseen_protein_covered_source,legacy_expanded_s231301,old,0.10874256996388526,0.2639429134628038,0.06695920051672627,False,0.0,0.2,C,-0.044451952620954915,0.044451952620954915,0.04733578025479411,True,True,C,True,0.0,0.3333333333333333,0.2,0.0,0.001128109881534417,0.001128109881534417,0.0,C,C,C,0.0,True,0
0,6ahp,58,L,True,unseen_protein_uncovered_source,unseen_protein_covered_source,legacy_expanded_s231301,new,0.21782456011535983,0.40636165882883823,0.05428966121504614,False,0.0,0.356140350877193,C,-0.029717634623516037,0.029717634623516037,0.03170170699100102,True,True,C,True,0.0,0.3333333333333333,0.4,0.0,0.001128109881534417,0.001128109881534417,0.0,C,C,C,0.0,True,0
0,6ahp,58,L,True,unseen_protein_uncovered_source,unseen_protein_covered_source,legacy_expanded_s231301,all,0.15569370850341385,0.32782179238353915,0.05593065502871589,False,0.0,0.24736842105263157,C,-0.03708479362223547,0.03708479362223547,0.03941241747370449,True,True,C,True,0.0,0.3333333333333333,0.2,0.0,0.001128109881534417,0.001128109881534417,0.0,C,C,C,0.0,True,0
0,6ahp,58,L,True,unseen_protein_uncovered_source,unseen_protein_covered_source,legacy_expanded_s231303,old,0.10513296879579935,0.25744341593755493,0.06695920051672627,False,0.0,0.15789473684210528,C,-0.04486460577916106,0.04486460577916106,0.047735968073709216,True,True,C,True,0.0,0.3333333333333333,0.4,0.0,0.001128109881534417,0.001128109881534417,0.0,C,C,C,0.0,True,0
0,6ahp,58,L,True,unseen_protein_uncovered_source,unseen_protein_covered_source,legacy_expanded_s231303,new,0.19700873648652614,0.3779470192919077,0.05428966121504614,False,0.0,0.28596491228070176,C,-0.029960643488466276,0.029960643488466276,0.03198018621391872,True,True,C,True,0.0,0.3333333333333333,0.4,0.0,0.001128109881534417,0.001128109881534417,0.0,C,C,C,0.0,True,0
0,6ahp,58,L,True,unseen_protein_uncovered_source,unseen_protein_covered_source,legacy_expanded_s231303,all,0.14367916454355936,0.3107205391450478,0.05593065502871589,False,0.0,0.2175438596491228,C,-0.03741262463381367,0.03741262463381367,0.03975793396517959,True,True,C,True,0.0,0.3333333333333333,0.2,0.0,0.001128109881534417,0.001128109881534417,0.0,C,C,C,0.0,True,0
0,6ahp,58,L,True,unseen_protein_uncovered_source,unseen_protein_covered_source,legacy_oracle_r32,old,0.9820824579883595,0.982411900889963,0.06695920051672627,False,0.0,0.9929824561403509,C,-0.0007357055277067469,0.000777294708336223,0.0009176101206965782,True,True,C,True,0.0,1.0,1.0,0.0,0.001128109881534417,0.001128109881534417,0.0,C,C,C,0.0,True,0
0,6ahp,58,L,True,unseen_protein_uncovered_source,unseen_protein_covered_source,legacy_oracle_r32,new,0.9714631512346675,0.9730463000309377,0.05428966121504614,False,0.0,0.9964912280701754,C,-0.0005310339468378458,0.0007723324500686956,0.0009655531044447673,True,True,C,True,0.0,0.6666666666666666,1.0,0.0,0.001128109881534417,0.001128109881534417,0.0,C,C,C,0.0,True,0
0,6ahp,58,L,True,unseen_protein_uncovered_source,unseen_protein_covered_source,legacy_oracle_r32,all,0.976310575606502,0.9769543129191522,0.05593065502871589,False,0.0,0.9947368421052631,C,-0.0006333697372722964,0.0007382633767719082,0.0008988398733867388,True,True,C,True,0.0,1.0,1.0,0.0,0.001128109881534417,0.001128109881534417,0.0,C,C,C,0.0,True,0
0,6ahp,58,L,True,unseen_protein_uncovered_source,unseen_protein_covered_source,legacy_restricted_s231301,old,0.21335821109967915,0.38827612926599037,0.06695920051672627,False,0.0,0.40175438596491225,C,-0.04193506215744021,0.04193506215744021,0.04453591388083997,True,True,C,True,0.0,0.3333333333333333,0.4,0.0,0.001128109881534417,0.001128109881534417,0.0,C,C,C,0.0,True,0
0,6ahp,58,L,True,unseen_protein_uncovered_source,unseen_protein_covered_source,legacy_restricted_s231301,new,0.3470711590403001,0.463190584446234,0.05428966121504614,False,0.0,0.5596491228070175,C,-0.027953573955054507,0.027953573955054507,0.02946754367530977,True,True,C,True,0.0,0.3333333333333333,0.6,0.0,0.001128109881534417,0.001128109881534417,0.0,C,C,C,0.0,True,0
0,6ahp,58,L,True,unseen_protein_uncovered_source,unseen_protein_covered_source,legacy_restricted_s231301,all,0.27432020626930576,0.41978073177528735,0.05593065502871589,False,0.0,0.48947368421052634,C,-0.034944318056247356,0.034944318056247356,0.03689814712098192,True,True,C,True,0.0,0.3333333333333333,0.4,0.0,0.001128109881534417,0.001128109881534417,0.0,C,C,C,0.0,True,0
0,6ahp,58,L,True,unseen_protein_uncovered_source,unseen_protein_covered_source,legacy_restricted_s231303,old,0.061647194242482516,0.24424766008596915,0.06695920051672627,False,0.0,0.0,C,-0.044707304248485714,0.044707304248485714,0.04784967267487286,True,True,C,True,0.0,0.3333333333333333,0.2,0.0,0.001128109881534417,0.001128109881534417,0.0,C,C,C,0.0,True,0
0,6ahp,58,L,True,unseen_protein_uncovered_source,unseen_protein_covered_source,legacy_restricted_s231303,new,0.14734472802403645,0.39119543158350184,0.05428966121504614,False,0.0,0.15263157894736842,C,-0.029720746011940097,0.029720746011940097,0.03204231525772251,True,True,C,True,0.0,0.3333333333333333,0.4,0.0,0.001128109881534417,0.001128109881534417,0.0,C,C,C,0.0,True,0
0,6ahp,58,L,True,unseen_protein_uncovered_source,unseen_protein_covered_source,legacy_restricted_s231303,all,0.09794780739580941,0.3097759671989761,0.05593065502871589,False,0.0,0.04035087719298246,C,-0.03721402513021291,0.03721402513021291,0.03982710877439592,True,True,C,True,0.0,0.3333333333333333,0.2,0.0,0.001128109881534417,0.001128109881534417,0.0,C,C,C,0.0,True,0
0,6ahp,58,L,True,unseen_protein_uncovered_source,unseen_protein_covered_source,legacy_wt_z,old,0.10883905185638901,0.2637639478043189,0.06695920051672627,False,0.0,0.2,C,-0.044370849160000364,0.044370849160000364,0.04725868156613369,True,True,C,True,0.0,0.3333333333333333,0.2,0.0,0.001128109881534417,0.001128109881534417,0.0,C,C,C,0.0,True,0
0,6ahp,58,L,True,unseen_protein_uncovered_source,unseen_protein_covered_source,legacy_wt_z,new,0.2175254759842336,0.40585705955572265,0.05428966121504614,False,0.0,0.356140350877193,C,-0.02969991488826866,0.02969991488826866,0.031685593295303016,True,True,C,True,0.0,0.3333333333333333,0.4,0.0,0.001128109881534417,0.001128109881534417,0.0,C,C,C,0.0,True,0
0,6ahp,58,L,True,unseen_protein_uncovered_source,unseen_protein_covered_source,legacy_wt_z,all,0.15560592715801258,0.3275059492918309,0.05593065502871589,False,0.0,0.24736842105263157,C,-0.037035382024134506,0.037035382024134506,0.039365838332386986,True,True,C,True,0.0,0.3333333333333333,0.2,0.0,0.001128109881534417,0.001128109881534417,0.0,C,C,C,0.0,True,0
4,1jhg,2,A,False,train,train,restricted_context_s231301,all,1.08193502285344,1.2837355550808827,0.10353662164905594,False,0.0,0.8070175438596491,Q,0.0012129871354121715,0.013290817279423554,0.015636919241948887,True,True,Q,True,0.0,0.6666666666666666,0.6,0.0,-0.039215247171570156,-0.039215247171570156,0.0,Q,Q,Q,0.0,True,0
4,1jhg,2,A,False,train,train,restricted_context_s231301,new,0.28290118701219974,1.1579731694490105,0.08660482059067531,False,0.0,0.28771929824561404,Q,0.009193487973328507,0.028640183756150562,0.034347909825446124,True,True,Q,True,0.0,0.3333333333333333,0.4,0.0,-0.039215247171570156,-0.039215247171570156,0.0,Q,Q,Q,0.0,True,0
4,1jhg,2,A,False,train,train,restricted_context_s231301,old,0.8483341129292399,0.8773629103985159,0.1339555690532263,False,0.0,0.9526315789473684,Q,-0.006767513702504163,0.007850858566035174,0.011151916894163907,True,True,Q,True,0.0,0.6666666666666666,0.8,0.0,-0.039215247171570156,-0.039215247171570156,0.0,Q,Q,Q,0.0,True,0
4,1jhg,2,A,False,train,train,restricted_aa_only_s231301,all,1.3265930760199376,2.74387417574765,0.10353662164905594,False,0.5370316134512421,0.46140350877192987,S,0.02234047130288478,0.05420596227732072,0.05872753309056277,True,True,Q,False,0.05560243897548331,0.6666666666666666,0.4,0.06919973358184206,0.029984486410271904,-0.039215247171570156,0.06919973358184206,S,Q,Q,0.0,True,0
4,1jhg,2,A,False,train,train,restricted_aa_only_s231301,new,0.1684121126006307,2.4750679088728735,0.08660482059067531,False,0.7990286581032736,0.09649122807017543,S,0.03032097214080112,0.06461297215915036,0.07147268110287733,True,True,Q,False,0.06919973358184206,0.3333333333333333,0.2,0.06919973358184206,0.029984486410271904,-0.039215247171570156,0.06919973358184206,S,Q,Q,0.0,True,0
4,1jhg,2,A,False,train,train,restricted_aa_only_s231301,old,1.142616612103061,1.8752876502276272,0.1339555690532263,False,0.3135752000906667,0.556140350877193,S,0.014359970464968444,0.04379895239549105,0.05103547604172559,True,True,Q,False,0.04200514436912456,0.6666666666666666,0.4,0.06919973358184206,0.029984486410271904,-0.039215247171570156,0.06919973358184206,S,Q,Q,0.0,True,0
4,1jhg,2,A,False,train,train,restricted_context_s231303,all,1.1916962155161794,1.430031310863218,0.10353662164905594,False,0.0,0.8035087719298245,Q,0.0066255987785954614,0.01561597869113425,0.019391955953095247,True,True,Q,True,0.0,0.6666666666666666,0.6,0.0,-0.039215247171570156,-0.039215247171570156,0.0,Q,Q,Q,0.0,True,0
4,1jhg,2,A,False,train,train,restricted_context_s231303,new,0.24268797694929473,1.2899369211186724,0.08660482059067531,False,0.0,0.2631578947368421,Q,0.014606099616511796,0.0315115235419834,0.03946565401058041,True,True,Q,True,0.0,0.3333333333333333,0.4,0.0,-0.039215247171570156,-0.039215247171570156,0.0,Q,Q,Q,0.0,True,0
4,1jhg,2,A,False,train,train,restricted_context_s231303,old,0.9739574590927147,0.9773480432898871,0.1339555690532263,False,0.0,0.9666666666666668,Q,-0.0013549020593208727,0.002495737961509674,0.003110584820188128,True,True,Q,True,0.0,0.6666666666666666,1.0,0.0,-0.039215247171570156,-0.039215247171570156,0.0,Q,Q,Q,0.0,True,0
4,1jhg,2,A,False,train,train,restricted_aa_only_s231303,all,1.2275460553519095,2.4780727972081578,0.10353662164905594,False,0.5370316134512421,0.45964912280701753,S,0.017890534606801643,0.04769122125527896,0.05169637175049508,True,True,Q,False,0.05560243897548331,0.6666666666666666,0.4,0.06919973358184206,0.029984486410271904,-0.039215247171570156,0.06919973358184206,S,Q,Q,0.0,True,0
4,1jhg,2,A,False,train,train,restricted_aa_only_s231303,new,0.1627722326441342,2.235306017466898,0.08660482059067531,False,0.7990286581032736,0.05964912280701754,S,0.025871035444717975,0.058098231137108616,0.06456329200359964,True,True,Q,False,0.06919973358184206,0.3333333333333333,0.2,0.06919973358184206,0.029984486410271904,-0.039215247171570156,0.06919973358184206,S,Q,Q,0.0,True,0
4,1jhg,2,A,False,train,train,restricted_aa_only_s231303,old,1.053325071787342,1.6936269724187514,0.1339555690532263,False,0.3135752000906667,0.5877192982456141,S,0.009910033768885307,0.03731085821891573,0.044628787828279094,True,True,Q,False,0.04200514436912456,0.6666666666666666,0.4,0.06919973358184206,0.029984486410271904,-0.039215247171570156,0.06919973358184206,S,Q,Q,0.0,True,0
4,1jhg,2,A,False,train,train,expanded_context_s231301,all,1.2773945530268125,1.5070618556766187,0.10353662164905594,False,0.0,0.8210526315789475,Q,0.008260504075647282,0.01589477260217947,0.020686273712400893,True,True,Q,True,0.0,0.6666666666666666,0.4,0.0,-0.039215247171570156,-0.039215247171570156,0.0,Q,Q,Q,0.0,True,0
4,1jhg,2,A,False,train,train,expanded_context_s231301,new,0.2886590135060834,1.3594210946845728,0.08660482059067531,False,0.0,0.2421052631578947,Q,0.016241004913563617,0.03179031745302862,0.04080227217727109,True,True,Q,True,0.0,0.3333333333333333,0.2,0.0,-0.039215247171570156,-0.039215247171570156,0.0,Q,Q,Q,0.0,True,0
4,1jhg,2,A,False,train,train,expanded_context_s231301,old,1.027625999407274,1.0299941998285758,0.1339555690532263,False,0.0,0.9701754385964911,Q,0.0002800032377309484,0.0018212308445794952,0.002477114937478789,True,True,Q,True,0.0,0.6666666666666666,0.8,0.0,-0.039215247171570156,-0.039215247171570156,0.0,Q,Q,Q,0.0,True,0
4,1jhg,2,A,False,train,train,expanded_aa_only_s231301,all,0.9775329592436648,1.3303256314561622,0.10353662164905594,False,0.0,0.5736842105263157,Q,0.007137423947529671,0.017932963454412598,0.02144659517633833,True,True,Q,True,0.0,0.6666666666666666,0.4,0.0,-0.039215247171570156,-0.039215247171570156,0.0,Q,Q,Q,0.0,True,0
4,1jhg,2,A,False,train,train,expanded_aa_only_s231301,new,0.29975509205655254,1.1999990042805109,0.08660482059067531,False,0.0,0.10350877192982455,Q,0.015117924785446005,0.0316827674006456,0.03693447600923213,True,True,Q,True,0.0,0.3333333333333333,0.2,0.0,-0.039215247171570156,-0.039215247171570156,0.0,Q,Q,Q,0.0,True,0
4,1jhg,2,A,False,train,train,expanded_aa_only_s231301,old,0.7411270109500447,0.9092046747264727,0.1339555690532263,False,0.0,0.743859649122807,Q,-0.0008430768903866632,0.01377057258224694,0.019258116322002715,True,True,Q,True,0.0,0.6666666666666666,0.6,0.0,-0.039215247171570156,-0.039215247171570156,0.0,Q,Q,Q,0.0,True,0
4,1jhg,2,A,False,train,train,expanded_context_s231303,all,0.9649330476508271,1.1573950526045,0.10353662164905594,False,0.0,0.7543859649122807,Q,0.005418973617540182,0.013716170492065959,0.015331353288424445,True,True,Q,True,0.0,0.3333333333333333,0.6,0.0,-0.039215247171570156,-0.039215247171570156,0.0,Q,Q,Q,0.0,True,0
4,1jhg,2,A,False,train,train,expanded_context_s231303,new,0.26333597111479223,1.0440097355444788,0.08660482059067531,False,0.0,0.18947368421052632,Q,0.013399474455456516,0.028434385621605326,0.03382472505164826,True,True,Q,True,0.0,0.3333333333333333,0.4,0.0,-0.039215247171570156,-0.039215247171570156,0.0,Q,Q,Q,0.0,True,0
4,1jhg,2,A,False,train,train,expanded_context_s231303,old,0.7502632060818425,0.7910160997059461,0.1339555690532263,False,0.0,0.887719298245614,Q,-0.0025615272203761523,0.009050664792661004,0.011878822985557884,True,True,Q,True,0.0,0.3333333333333333,0.6,0.0,-0.039215247171570156,-0.039215247171570156,0.0,Q,Q,Q,0.0,True,0
4,1jhg,2,A,False,train,train,expanded_aa_only_s231303,all,0.9696331248440765,1.3147274971541292,0.10353662164905594,False,0.0,0.5929824561403508,Q,0.007293093065280467,0.017748491789057953,0.021199569283332415,True,True,Q,True,0.0,0.6666666666666666,0.4,0.0,-0.039215247171570156,-0.039215247171570156,0.0,Q,Q,Q,0.0,True,0
4,1jhg,2,A,False,train,train,expanded_aa_only_s231303,new,0.30237350745820696,1.1859289561746311,0.08660482059067531,False,0.0,0.12982456140350876,Q,0.015273593903196802,0.03147476680176588,0.03667345309596435,True,True,Q,True,0.0,0.3333333333333333,0.2,0.0,-0.039215247171570156,-0.039215247171570156,0.0,Q,Q,Q,0.0,True,0
4,1jhg,2,A,False,train,train,expanded_aa_only_s231303,old,0.7322438852410054,0.8985442046211977,0.1339555690532263,False,0.0,0.7491228070175439,Q,-0.0006874077726358671,0.01369863460877068,0.01920986690866386,True,True,Q,True,0.0,0.6666666666666666,0.6,0.0,-0.039215247171570156,-0.039215247171570156,0.0,Q,Q,Q,0.0,True,0
4,1jhg,2,A,False,train,train,legacy_baseline,old,1.0042572768791633,1.0043210477191953,0.1339555690532263,False,0.0,1.0,Q,0.0003764925090194905,0.0003897890240414881,0.0005467158519856446,True,True,Q,True,0.0,1.0,1.0,0.0,-0.039215247171570156,-0.039215247171570156,0.0,Q,Q,Q,0.0,True,0
4,1jhg,2,A,False,train,train,legacy_baseline,new,1.0082366489206103,1.0082979963327932,0.08660482059067531,False,0.0,1.0,Q,0.0002598021840646719,0.00029776667140352683,0.0004309140272749795,True,True,Q,True,0.0,1.0,1.0,0.0,-0.039215247171570156,-0.039215247171570156,0.0,Q,Q,Q,0.0,True,0
4,1jhg,2,A,False,train,train,legacy_baseline,all,1.0070803359341782,1.0071688404311816,0.10353662164905594,False,0.0,0.9947368421052631,Q,0.0003181473465420812,0.0003405667262358037,0.00046463395619104745,True,True,Q,True,0.0,1.0,1.0,0.0,-0.039215247171570156,-0.039215247171570156,0.0,Q,Q,Q,0.0,True,0
4,1jhg,2,A,False,train,train,legacy_exact,old,1.0,1.0,0.1339555690532263,False,0.0,1.0,Q,0.0,0.0,0.0,True,True,Q,True,0.0,1.0,1.0,0.0,-0.039215247171570156,-0.039215247171570156,0.0,Q,Q,Q,0.0,True,0
4,1jhg,2,A,False,train,train,legacy_exact,new,1.0,1.0,0.08660482059067531,False,0.0,1.0,Q,0.0,0.0,0.0,True,True,Q,True,0.0,1.0,1.0,0.0,-0.039215247171570156,-0.039215247171570156,0.0,Q,Q,Q,0.0,True,0
4,1jhg,2,A,False,train,train,legacy_exact,all,1.0,1.0,0.10353662164905594,False,0.0,1.0,Q,0.0,0.0,0.0,True,True,Q,True,0.0,1.0,1.0,0.0,-0.039215247171570156,-0.039215247171570156,0.0,Q,Q,Q,0.0,True,0
4,1jhg,2,A,False,train,train,legacy_expanded_s231301,old,0.967016550744796,0.9825236316213842,0.1339555690532263,False,0.0,0.9122807017543859,Q,0.000913930704954488,0.004910479375659778,0.005873493995913655,True,True,Q,True,0.0,0.6666666666666666,0.6,0.0,-0.039215247171570156,-0.039215247171570156,0.0,Q,Q,Q,0.0,True,0
4,1jhg,2,A,False,train,train,legacy_expanded_s231301,new,0.8777965005044522,0.9869496293468637,0.08660482059067531,False,0.0,0.8736842105263157,Q,-0.0001865125935593988,0.007409799701656616,0.01161195830938798,True,True,Q,True,0.0,1.0,0.8,0.0,-0.039215247171570156,-0.039215247171570156,0.0,Q,Q,Q,0.0,True,0
4,1jhg,2,A,False,train,train,legacy_expanded_s231301,all,0.9741738417051009,1.020284495207025,0.10353662164905594,False,0.0,0.882456140350877,Q,0.0003637090556975446,0.005404545295019255,0.006829187657244875,True,True,Q,True,0.0,1.0,1.0,0.0,-0.039215247171570156,-0.039215247171570156,0.0,Q,Q,Q,0.0,True,0
4,1jhg,2,A,False,train,train,legacy_expanded_s231303,old,1.0090372782034323,1.0236676539140617,0.1339555690532263,False,0.0,0.9245614035087718,Q,0.004933123604089905,0.005669235004563178,0.007509166143251622,True,True,Q,True,0.0,0.6666666666666666,0.6,0.0,-0.039215247171570156,-0.039215247171570156,0.0,Q,Q,Q,0.0,True,0
4,1jhg,2,A,False,train,train,legacy_expanded_s231303,new,1.0037164399672736,1.0312068768156926,0.08660482059067531,False,0.0,0.9333333333333333,Q,0.0019497653855140718,0.005168667553941142,0.006190829063294368,True,True,Q,True,0.0,1.0,0.8,0.0,-0.039215247171570156,-0.039215247171570156,0.0,Q,Q,Q,0.0,True,0
4,1jhg,2,A,False,train,train,legacy_expanded_s231303,all,1.02928748868071,1.0498049878439943,0.10353662164905594,False,0.0,0.956140350877193,Q,0.0034414444948019885,0.004652885987961411,0.005804322269818489,True,True,Q,True,0.0,1.0,1.0,0.0,-0.039215247171570156,-0.039215247171570156,0.0,Q,Q,Q,0.0,True,0
4,1jhg,2,A,False,train,train,legacy_oracle_r32,old,1.0076853212775028,1.0077999661857593,0.1339555690532263,False,0.0,1.0,Q,0.0004746696343533074,0.0005118642992670344,0.0007329022237400555,True,True,Q,True,0.0,1.0,1.0,0.0,-0.039215247171570156,-0.039215247171570156,0.0,Q,Q,Q,0.0,True,0
4,1jhg,2,A,False,train,train,legacy_oracle_r32,new,1.0144080663497914,1.0145541566121292,0.08660482059067531,False,0.0,0.9982456140350877,Q,0.00031754680809463985,0.0004904860253471226,0.000641726402692198,True,True,Q,True,0.0,1.0,1.0,0.0,-0.039215247171570156,-0.039215247171570156,0.0,Q,Q,Q,0.0,True,0
4,1jhg,2,A,False,train,train,legacy_oracle_r32,all,1.0133805247661183,1.0135575025039716,0.10353662164905594,False,0.0,0.9929824561403509,Q,0.00039610822122397365,0.00047609348721753587,0.00065336084151281,True,True,Q,True,0.0,1.0,1.0,0.0,-0.039215247171570156,-0.039215247171570156,0.0,Q,Q,Q,0.0,True,0
4,1jhg,2,A,False,train,train,legacy_restricted_s231301,old,1.0118986306746975,1.0245312218260867,0.1339555690532263,False,0.0,0.9368421052631579,Q,0.005096848947637663,0.005745551271091957,0.007333484069239184,True,True,Q,True,0.0,0.6666666666666666,0.6,0.0,-0.039215247171570156,-0.039215247171570156,0.0,Q,Q,Q,0.0,True,0
4,1jhg,2,A,False,train,train,legacy_restricted_s231301,new,1.0472380077728136,1.0733418587534496,0.08660482059067531,False,0.0,0.9298245614035087,Q,0.0025511725944203454,0.005653660561157967,0.00648384282195675,True,True,Q,True,0.0,1.0,0.8,0.0,-0.039215247171570156,-0.039215247171570156,0.0,Q,Q,Q,0.0,True,0
4,1jhg,2,A,False,train,train,legacy_restricted_s231301,all,1.0413475752797334,1.062374779429283,0.10353662164905594,False,0.0,0.956140350877193,Q,0.003824010771029004,0.005096616195771724,0.006139167597703337,True,True,Q,True,0.0,1.0,1.0,0.0,-0.039215247171570156,-0.039215247171570156,0.0,Q,Q,Q,0.0,True,0
4,1jhg,2,A,False,train,train,legacy_restricted_s231303,old,0.9983390106437954,1.012514154538532,0.1339555690532263,False,0.0,0.9122807017543859,Q,0.00431478210756242,0.005354222210821094,0.007018325354484431,True,True,Q,True,0.0,0.6666666666666666,0.6,0.0,-0.039215247171570156,-0.039215247171570156,0.0,Q,Q,Q,0.0,True,0
4,1jhg,2,A,False,train,train,legacy_restricted_s231303,new,1.0346469060023118,1.0668987869183126,0.08660482059067531,False,0.0,0.9298245614035087,Q,0.002764932673001094,0.005938846754741901,0.0070856115973126806,True,True,Q,True,0.0,1.0,0.8,0.0,-0.039215247171570156,-0.039215247171570156,0.0,Q,Q,Q,0.0,True,0
4,1jhg,2,A,False,train,train,legacy_restricted_s231303,all,1.0270240693554074,1.051125415850335,0.10353662164905594,False,0.0,0.9491228070175438,Q,0.0035398573902817574,0.00509534870743972,0.006167868118090471,True,True,Q,True,0.0,1.0,1.0,0.0,-0.039215247171570156,-0.039215247171570156,0.0,Q,Q,Q,0.0,True,0
4,1jhg,2,A,False,train,train,legacy_wt_z,old,0.9647487403398309,0.9803469997048562,0.1339555690532263,False,0.0,0.9122807017543859,Q,0.0010264826508195864,0.004944538483350647,0.005916011452282308,True,True,Q,True,0.0,0.6666666666666666,0.6,0.0,-0.039215247171570156,-0.039215247171570156,0.0,Q,Q,Q,0.0,True,0
4,1jhg,2,A,False,train,train,legacy_wt_z,new,0.8652285528295847,0.9782606588378983,0.08660482059067531,False,0.0,0.8736842105263157,Q,0.00021165636920900707,0.007736438233677671,0.011824586982027227,True,True,Q,True,0.0,1.0,0.8,0.0,-0.039215247171570156,-0.039215247171570156,0.0,Q,Q,Q,0.0,True,0
4,1jhg,2,A,False,train,train,legacy_wt_z,all,0.9677783610370756,1.015233423291148,0.10353662164905594,False,0.0,0.882456140350877,Q,0.0006190695100142967,0.005505904415485034,0.006938919043094929,True,True,Q,True,0.0,1.0,1.0,0.0,-0.039215247171570156,-0.039215247171570156,0.0,Q,Q,Q,0.0,True,0
4,1jhg,25,N,True,seen_protein_covered_source,seen_protein_covered_source,restricted_context_s231301,all,2.020460965454978,6.399726711814551,0.11765079234089904,False,0.12515021753242853,0.30000000000000004,C,0.031637799020672784,0.07992652168194618,0.1695388086222836,True,True,M,False,0.014724022254326091,0.6666666666666666,0.6,0.0,-0.04163301388599261,-0.04163301388599261,0.04555337823795835,C,M,C,0.04555337823795835,False,0
4,1jhg,25,N,True,seen_protein_covered_source,seen_protein_covered_source,restricted_context_s231301,new,0.040901689072802616,4.470502164807797,0.17655123379061444,False,0.25801789803397,0.29298245614035084,C,0.03829437000785582,0.08638082185065996,0.18113734026569447,True,True,M,False,0.04555337823795835,0.6666666666666666,0.6,0.0,-0.04163301388599261,-0.04163301388599261,0.04555337823795835,C,M,C,0.04555337823795835,False,0
4,1jhg,25,N,True,seen_protein_covered_source,seen_protein_covered_source,restricted_context_s231301,old,3.3511292858562083,5.889364606769724,0.10319230243177147,False,0.0,0.3508771929824562,C,0.024981228033489743,0.07879752262298297,0.16020233004513676,True,True,C,True,0.0,0.6666666666666666,0.6,0.0,-0.04163301388599261,-0.04163301388599261,0.04555337823795835,C,M,C,0.04555337823795835,False,0
4,1jhg,25,N,True,seen_protein_covered_source,seen_protein_covered_source,restricted_aa_only_s231301,all,3.1234201446443346,10.15820426364409,0.11765079234089904,False,0.6215778740824133,0.48245614035087714,Y,0.08781709004711896,0.10979297993562288,0.2817361182512642,False,False,M,False,0.07312912938736749,0.6666666666666666,0.6,0.04337797781664132,0.001744963930648713,-0.04163301388599261,0.08893135605459968,Y,M,C,0.04555337823795835,False,0
4,1jhg,25,N,True,seen_protein_covered_source,seen_protein_covered_source,restricted_aa_only_s231301,new,0.05346074008303139,7.095970843152567,0.17655123379061444,False,0.5037141578974755,0.4807017543859649,Y,0.094473661034302,0.11959699487043332,0.2928598241228744,False,False,M,False,0.08893135605459968,0.3333333333333333,0.6,0.04337797781664132,0.001744963930648713,-0.04163301388599261,0.08893135605459968,Y,M,C,0.04555337823795835,False,0
4,1jhg,25,N,True,seen_protein_covered_source,seen_protein_covered_source,restricted_aa_only_s231301,old,5.19744744339914,9.348113029295305,0.10319230243177147,False,0.7116057566211713,0.2912280701754386,Y,0.0811605190599359,0.10948739245913335,0.2719785127571552,True,True,C,False,0.07343223644944147,0.3333333333333333,0.4,0.04337797781664132,0.001744963930648713,-0.04163301388599261,0.08893135605459968,Y,M,C,0.04555337823795835,False,0
4,1jhg,25,N,True,seen_protein_covered_source,seen_protein_covered_source,restricted_context_s231303,all,0.7830174773521158,4.878234696010464,0.11765079234089904,False,1.0,-0.02280701754385965,I,0.04840511099671894,0.09429456418306793,0.1390721061798971,False,False,M,False,0.11765079234089904,0.3333333333333333,0.4,0.10266123774137442,0.061028223855381813,-0.04163301388599261,0.14821461597933278,I,M,C,0.04555337823795835,False,1
4,1jhg,25,N,True,seen_protein_covered_source,seen_protein_covered_source,restricted_context_s231303,new,-0.22896821998375033,3.4076703195302382,0.17655123379061444,False,0.8394991799100752,-0.14035087719298248,I,0.055061681983901996,0.10062022887222447,0.15043296620196372,False,False,M,False,0.14821461597933278,0.0,0.2,0.10266123774137442,0.061028223855381813,-0.04163301388599261,0.14821461597933278,I,M,C,0.04555337823795835,False,1
4,1jhg,25,N,True,seen_protein_covered_source,seen_protein_covered_source,restricted_context_s231303,old,1.7235937336188316,4.489207751506345,0.10319230243177147,False,1.0,0.015789473684210527,I,0.041748540009535894,0.0925743513904695,0.13054015262208896,False,False,C,False,0.10319230243177147,0.0,0.2,0.10266123774137442,0.061028223855381813,-0.04163301388599261,0.14821461597933278,I,M,C,0.04555337823795835,False,1
4,1jhg,25,N,True,seen_protein_covered_source,seen_protein_covered_source,restricted_aa_only_s231303,all,3.092352406718028,10.060077373383836,0.11765079234089904,False,0.6215778740824133,0.46491228070175433,Y,0.08696303904793563,0.10902852924743285,0.2789619887827564,False,False,M,False,0.07312912938736749,0.3333333333333333,0.6,0.04337797781664132,0.001744963930648713,-0.04163301388599261,0.08893135605459968,Y,M,C,0.04555337823795835,False,0
4,1jhg,25,N,True,seen_protein_covered_source,seen_protein_covered_source,restricted_aa_only_s231303,new,0.054404848260786585,7.027424716874319,0.17655123379061444,False,0.5037141578974755,0.48245614035087714,Y,0.09361961003511866,0.11862538701390198,0.2900892312766884,False,False,M,False,0.08893135605459968,0.6666666666666666,0.6,0.04337797781664132,0.001744963930648713,-0.04163301388599261,0.08893135605459968,Y,M,C,0.04555337823795835,False,0
4,1jhg,25,N,True,seen_protein_covered_source,seen_protein_covered_source,restricted_aa_only_s231303,old,5.143188604319889,9.257811511668898,0.10319230243177147,False,0.7116057566211713,0.2596491228070175,Y,0.08030646806075256,0.10856738014072877,0.2692146496772709,True,True,C,False,0.07343223644944147,0.3333333333333333,0.4,0.04337797781664132,0.001744963930648713,-0.04163301388599261,0.08893135605459968,Y,M,C,0.04555337823795835,False,0
4,1jhg,25,N,True,seen_protein_covered_source,seen_protein_covered_source,expanded_context_s231301,all,3.229594053458451,10.491104457972067,0.11765079234089904,False,0.6215778740824133,0.4982456140350877,Y,0.0896804026727883,0.11323540456574337,0.29082701960937624,False,False,M,False,0.07312912938736749,0.3333333333333333,0.6,0.04337797781664132,0.001744963930648713,-0.04163301388599261,0.08893135605459968,Y,M,C,0.04555337823795835,False,0
4,1jhg,25,N,True,seen_protein_covered_source,seen_protein_covered_source,expanded_context_s231301,new,0.06454197767258285,7.328516873072991,0.17655123379061444,False,0.5037141578974755,0.5087719298245614,Y,0.09633697365997133,0.12330956607504687,0.30185913769102324,False,False,M,False,0.08893135605459968,0.3333333333333333,0.6,0.04337797781664132,0.001744963930648713,-0.04163301388599261,0.08893135605459968,Y,M,C,0.04555337823795835,False,0
4,1jhg,25,N,True,seen_protein_covered_source,seen_protein_covered_source,expanded_context_s231301,old,5.35804584052967,9.65446527062501,0.10319230243177147,False,0.7116057566211713,0.2596491228070175,Y,0.08302383168560523,0.1142419041353719,0.28112360092043354,False,True,C,False,0.07343223644944147,0.0,0.4,0.04337797781664132,0.001744963930648713,-0.04163301388599261,0.08893135605459968,Y,M,C,0.04555337823795835,False,0
4,1jhg,25,N,True,seen_protein_covered_source,seen_protein_covered_source,expanded_aa_only_s231301,all,3.157200849690189,10.24088103453425,0.11765079234089904,False,0.6215778740824133,0.47543859649122805,Y,0.08697236849035526,0.11063574397366321,0.2835704069137165,False,False,M,False,0.07312912938736749,0.6666666666666666,0.6,0.04337797781664132,0.001744963930648713,-0.04163301388599261,0.08893135605459968,Y,M,C,0.04555337823795835,False,0
4,1jhg,25,N,True,seen_protein_covered_source,seen_protein_covered_source,expanded_aa_only_s231301,new,0.061347888534632834,7.153724353558168,0.17655123379061444,False,0.5037141578974755,0.46842105263157896,Y,0.0936289394775383,0.12010531209187766,0.29464953247797293,False,False,M,False,0.08893135605459968,0.3333333333333333,0.6,0.04337797781664132,0.001744963930648713,-0.04163301388599261,0.08893135605459968,Y,M,C,0.04555337823795835,False,0
4,1jhg,25,N,True,seen_protein_covered_source,seen_protein_covered_source,expanded_aa_only_s231301,old,5.240974681186854,9.424196535702484,0.10319230243177147,False,0.7116057566211713,0.28947368421052627,Y,0.08031579750317219,0.11045981750651508,0.27385162350664966,True,True,C,False,0.07343223644944147,0.3333333333333333,0.4,0.04337797781664132,0.001744963930648713,-0.04163301388599261,0.08893135605459968,Y,M,C,0.04555337823795835,False,0
4,1jhg,25,N,True,seen_protein_covered_source,seen_protein_covered_source,expanded_context_s231303,all,-0.3935555840354517,2.186441752282434,0.11765079234089904,False,0.39996515219348505,-0.2596491228070175,V,-0.0346081508554788,0.05500839894464185,0.07748032524789752,False,False,M,False,0.04705621706431179,0.0,0.0,0.021637188658049422,-0.019995825227943187,-0.04163301388599261,0.06719056689600778,V,M,C,0.04555337823795835,False,1
4,1jhg,25,N,True,seen_protein_covered_source,seen_protein_covered_source,expanded_context_s231303,new,-0.12249830928096367,1.527329685619241,0.17655123379061444,False,0.38057262729579217,-0.26666666666666666,V,-0.027951579868295762,0.06090289445544231,0.07839636173235695,False,False,M,False,0.06719056689600778,0.0,0.0,0.021637188658049422,-0.019995825227943187,-0.04163301388599261,0.06719056689600778,V,M,C,0.04555337823795835,False,1
4,1jhg,25,N,True,seen_protein_covered_source,seen_protein_covered_source,expanded_context_s231303,old,-0.45398101455289486,2.012078523116298,0.10319230243177147,False,0.4169613425417137,-0.16666666666666666,V,-0.04126472184266185,0.05426032210047075,0.08275940671889635,False,False,C,False,0.043027200961921974,0.0,0.2,0.021637188658049422,-0.019995825227943187,-0.04163301388599261,0.06719056689600778,V,M,C,0.04555337823795835,False,1
4,1jhg,25,N,True,seen_protein_covered_source,seen_protein_covered_source,expanded_aa_only_s231303,all,3.1599443402952203,10.25904408339039,0.11765079234089904,False,0.6215778740824133,0.4526315789473684,Y,0.08694113767231616,0.11086202709488006,0.2840337441218205,False,False,M,False,0.07312912938736749,0.3333333333333333,0.6,0.04337797781664132,0.001744963930648713,-0.04163301388599261,0.08893135605459968,Y,M,C,0.04555337823795835,False,0
4,1jhg,25,N,True,seen_protein_covered_source,seen_protein_covered_source,expanded_aa_only_s231303,new,0.058473464084847555,7.166412074907424,0.17655123379061444,False,0.5037141578974755,0.46491228070175433,Y,0.09359770865949919,0.12023263846425132,0.29511617766929504,False,False,M,False,0.08893135605459968,0.6666666666666666,0.6,0.04337797781664132,0.001744963930648713,-0.04163301388599261,0.08893135605459968,Y,M,C,0.04555337823795835,False,0
4,1jhg,25,N,True,seen_protein_covered_source,seen_protein_covered_source,expanded_aa_only_s231303,old,5.250609971421872,9.44091112710635,0.10319230243177147,False,0.7116057566211713,0.26842105263157895,Y,0.0802845666851331,0.11072146235768635,0.2743091041323254,True,True,C,False,0.07343223644944147,0.3333333333333333,0.4,0.04337797781664132,0.001744963930648713,-0.04163301388599261,0.08893135605459968,Y,M,C,0.04555337823795835,False,0
4,1jhg,25,N,True,seen_protein_covered_source,seen_protein_covered_source,legacy_baseline,old,0.9962283200882589,0.9962992919446755,0.10319230243177147,False,0.0,1.0,C,2.5911317609311464e-05,0.00025775753824462314,0.0003676183921187972,True,True,C,True,0.0,1.0,1.0,0.0,-0.04163301388599261,-0.04163301388599261,0.04555337823795835,C,M,C,0.04555337823795835,False,0
4,1jhg,25,N,True,seen_protein_covered_source,seen_protein_covered_source,legacy_baseline,new,1.0032721436636591,1.0033083972579775,0.17655123379061444,False,0.0,1.0,M,0.00014299902076229576,0.00029759837236959256,0.00038155395302927103,True,True,M,True,0.0,1.0,1.0,0.0,-0.04163301388599261,-0.04163301388599261,0.04555337823795835,C,M,C,0.04555337823795835,False,0
4,1jhg,25,N,True,seen_protein_covered_source,seen_protein_covered_source,legacy_baseline,all,1.000338653941852,1.0004064819934426,0.11765079234089904,False,0.0,1.0,M,8.445516918580362e-05,0.00024143078630989594,0.0003263614691220999,True,True,M,True,0.0,1.0,1.0,0.0,-0.04163301388599261,-0.04163301388599261,0.04555337823795835,C,M,C,0.04555337823795835,False,0
4,1jhg,25,N,True,seen_protein_covered_source,seen_protein_covered_source,legacy_exact,old,1.0,1.0,0.10319230243177147,False,0.0,1.0,C,0.0,0.0,0.0,True,True,C,True,0.0,1.0,1.0,0.0,-0.04163301388599261,-0.04163301388599261,0.04555337823795835,C,M,C,0.04555337823795835,False,0
4,1jhg,25,N,True,seen_protein_covered_source,seen_protein_covered_source,legacy_exact,new,1.0,1.0,0.17655123379061444,False,0.0,1.0,M,0.0,0.0,0.0,True,True,M,True,0.0,1.0,1.0,0.0,-0.04163301388599261,-0.04163301388599261,0.04555337823795835,C,M,C,0.04555337823795835,False,0
4,1jhg,25,N,True,seen_protein_covered_source,seen_protein_covered_source,legacy_exact,all,1.0,1.0,0.11765079234089904,False,0.0,1.0,M,0.0,0.0,0.0,True,True,M,True,0.0,1.0,1.0,0.0,-0.04163301388599261,-0.04163301388599261,0.04555337823795835,C,M,C,0.04555337823795835,False,0
4,1jhg,25,N,True,seen_protein_covered_source,seen_protein_covered_source,legacy_expanded_s231301,old,0.6079661418668583,0.7068212075938559,0.10319230243177147,False,0.15607107652195928,0.8228070175438595,M,-0.020368112094533444,0.020368112094533444,0.025689400963704374,True,True,C,False,0.01610533372930617,1.0,1.0,-0.04555337823795835,-0.08718639212395096,-0.04163301388599261,0.0,M,M,C,0.04555337823795835,False,0
4,1jhg,25,N,True,seen_protein_covered_source,seen_protein_covered_source,legacy_expanded_s231301,new,1.0331856261141523,1.0976366841899958,0.17655123379061444,False,0.0,0.9157894736842105,M,-0.020133750428836892,0.021808602820477217,0.024757765239455522,True,True,M,True,0.0,0.6666666666666666,0.8,-0.04555337823795835,-0.08718639212395096,-0.04163301388599261,0.0,M,M,C,0.04555337823795835,False,0
4,1jhg,25,N,True,seen_protein_covered_source,seen_protein_covered_source,legacy_expanded_s231301,all,0.8524088989005799,0.958745369418586,0.11765079234089904,False,0.0,0.8508771929824561,M,-0.02025093126168517,0.02025093126168517,0.023810842360705367,True,True,M,True,0.0,1.0,0.6,-0.04555337823795835,-0.08718639212395096,-0.04163301388599261,0.0,M,M,C,0.04555337823795835,False,0
4,1jhg,25,N,True,seen_protein_covered_source,seen_protein_covered_source,legacy_expanded_s231303,old,0.645619392246183,0.7623903148899205,0.10319230243177147,False,0.15607107652195928,0.8421052631578947,M,-0.023882160754095626,0.023882160754095626,0.028651657298464545,True,True,C,False,0.01610533372930617,0.6666666666666666,1.0,-0.04555337823795835,-0.08718639212395096,-0.04163301388599261,0.0,M,M,C,0.04555337823795835,False,0
4,1jhg,25,N,True,seen_protein_covered_source,seen_protein_covered_source,legacy_expanded_s231303,new,1.0704679687916812,1.154557849504547,0.17655123379061444,False,0.0,0.9473684210526316,M,-0.024046760255180055,0.025893158322088036,0.029432065935693207,True,True,M,True,0.0,0.6666666666666666,0.8,-0.04555337823795835,-0.08718639212395096,-0.04163301388599261,0.0,M,M,C,0.04555337823795835,False,0
4,1jhg,25,N,True,seen_protein_covered_source,seen_protein_covered_source,legacy_expanded_s231303,all,0.8982096590429901,1.0512972345844422,0.11765079234089904,False,0.0,0.8052631578947368,M,-0.023964460504637842,0.02476423679882613,0.028288621218267827,True,True,M,True,0.0,1.0,0.8,-0.04555337823795835,-0.08718639212395096,-0.04163301388599261,0.0,M,M,C,0.04555337823795835,False,0
4,1jhg,25,N,True,seen_protein_covered_source,seen_protein_covered_source,legacy_oracle_r32,old,0.995611713403901,0.9960146203577642,0.10319230243177147,False,0.0,0.9964912280701754,C,-0.0004633204787044484,0.0007682959182337033,0.0009615671147430347,True,True,C,True,0.0,1.0,1.0,0.0,-0.04163301388599261,-0.04163301388599261,0.04555337823795835,C,M,C,0.04555337823795835,False,0
4,1jhg,25,N,True,seen_protein_covered_source,seen_protein_covered_source,legacy_oracle_r32,new,1.014171799511287,1.0150986584989714,0.17655123379061444,False,0.0,0.9912280701754386,M,-0.00022922221192334406,0.0013399554566272019,0.0017815634751070495,True,True,M,True,0.0,0.6666666666666666,1.0,0.0,-0.04163301388599261,-0.04163301388599261,0.04555337823795835,C,M,C,0.04555337823795835,False,0
4,1jhg,25,N,True,seen_protein_covered_source,seen_protein_covered_source,legacy_oracle_r32,all,1.0088452468247329,1.0096092772516172,0.11765079234089904,False,0.0,1.0,M,-0.00034627134531389623,0.0009434216111799559,0.0011425996298740876,True,True,M,True,0.0,1.0,1.0,0.0,-0.04163301388599261,-0.04163301388599261,0.04555337823795835,C,M,C,0.04555337823795835,False,0
4,1jhg,25,N,True,seen_protein_covered_source,seen_protein_covered_source,legacy_restricted_s231301,old,0.9244386487115235,1.372518296001254,0.10319230243177147,False,0.15607107652195928,0.863157894736842,M,-0.016453672377708964,0.02600341905374015,0.03413064627556383,True,True,C,False,0.01610533372930617,0.6666666666666666,1.0,-0.04555337823795835,-0.08718639212395096,-0.04163301388599261,0.0,M,M,C,0.04555337823795835,False,0
4,1jhg,25,N,True,seen_protein_covered_source,seen_protein_covered_source,legacy_restricted_s231301,new,1.1237317983199042,1.4942280514170327,0.17655123379061444,False,0.0,0.9315789473684211,M,-0.021674448503059274,0.03515461087583548,0.04412640083321153,True,True,M,True,0.0,0.6666666666666666,0.8,-0.04555337823795835,-0.08718639212395096,-0.04163301388599261,0.0,M,M,C,0.04555337823795835,False,0
4,1jhg,25,N,True,seen_protein_covered_source,seen_protein_covered_source,legacy_restricted_s231301,all,1.1848093273263187,1.6946091306885922,0.11765079234089904,False,0.0,0.882456140350877,M,-0.01906406044038412,0.03056423919671646,0.03824260237273305,True,True,M,True,0.0,1.0,0.8,-0.04555337823795835,-0.08718639212395096,-0.04163301388599261,0.0,M,M,C,0.04555337823795835,False,0
4,1jhg,25,N,True,seen_protein_covered_source,seen_protein_covered_source,legacy_restricted_s231303,old,0.6138204592923713,0.713270093754254,0.10319230243177147,False,0.15607107652195928,0.8596491228070176,M,-0.03541844060102954,0.03541844060102954,0.03869557502638272,True,True,C,False,0.01610533372930617,0.6666666666666666,1.0,-0.04555337823795835,-0.08718639212395096,-0.04163301388599261,0.0,M,M,C,0.04555337823795835,False,0
4,1jhg,25,N,True,seen_protein_covered_source,seen_protein_covered_source,legacy_restricted_s231303,new,1.0532056051056837,1.1422874139777184,0.17655123379061444,False,0.0,0.8964912280701753,M,-0.030971050475302558,0.0312692424372496,0.03545017037338282,True,True,M,True,0.0,0.6666666666666666,0.8,-0.04555337823795835,-0.08718639212395096,-0.04163301388599261,0.0,M,M,C,0.04555337823795835,False,0
4,1jhg,25,N,True,seen_protein_covered_source,seen_protein_covered_source,legacy_restricted_s231303,all,0.8835007462329716,0.9896162592474054,0.11765079234089904,False,0.0,0.8491228070175438,M,-0.03319474553816605,0.03319474553816605,0.03545782536606421,True,True,M,True,0.0,0.6666666666666666,0.8,-0.04555337823795835,-0.08718639212395096,-0.04163301388599261,0.0,M,M,C,0.04555337823795835,False,0
4,1jhg,25,N,True,seen_protein_covered_source,seen_protein_covered_source,legacy_wt_z,old,0.6087806809469662,0.7075779490328336,0.10319230243177147,False,0.15607107652195928,0.8228070175438595,M,-0.02025000401949212,0.02025000401949212,0.025586426878590897,True,True,C,False,0.01610533372930617,1.0,1.0,-0.04555337823795835,-0.08718639212395096,-0.04163301388599261,0.0,M,M,C,0.04555337823795835,False,0
4,1jhg,25,N,True,seen_protein_covered_source,seen_protein_covered_source,legacy_wt_z,new,1.0346584159452665,1.0962891109618789,0.17655123379061444,False,0.0,0.9157894736842105,M,-0.02017218196917153,0.02172349923047094,0.024609876276798566,True,True,M,True,0.0,0.6666666666666666,0.8,-0.04555337823795835,-0.08718639212395096,-0.04163301388599261,0.0,M,M,C,0.04555337823795835,False,0
4,1jhg,25,N,True,seen_protein_covered_source,seen_protein_covered_source,legacy_wt_z,all,0.854483621009444,0.9585595140368676,0.11765079234089904,False,0.0,0.8508771929824561,M,-0.020211092994331825,0.020211092994331825,0.023707539684852796,True,True,M,True,0.0,1.0,0.6,-0.04555337823795835,-0.08718639212395096,-0.04163301388599261,0.0,M,M,C,0.04555337823795835,False,0
8,3sxz,108,E,True,unseen_protein_uncovered_source,unseen_protein_uncovered_source,restricted_context_s231301,all,44.0826735619346,62.335213896754794,0.02189375460116764,False,0.21883259512587072,0.21228070175438596,K,0.15189864740899175,0.1640917292103652,0.31588520801746867,False,False,I,False,0.0047910671364224874,0.3333333333333333,0.4,0.002826679641097063,0.0011443859289580957,-0.0016822937121389672,0.002826679641097063,K,I,I,0.0,True,0
8,3sxz,108,E,True,unseen_protein_uncovered_source,unseen_protein_uncovered_source,restricted_context_s231301,new,46.90712352916647,63.56245831236414,0.021211644491643478,False,0.13326074940633006,0.28947368421052627,K,0.1520800101141249,0.16407227868044874,0.31590536114658574,False,False,I,False,0.002826679641097063,0.3333333333333333,0.4,0.002826679641097063,0.0011443859289580957,-0.0016822937121389672,0.002826679641097063,K,I,I,0.0,True,0
8,3sxz,108,E,True,unseen_protein_uncovered_source,unseen_protein_uncovered_source,restricted_context_s231301,old,40.57738724740012,60.51714836567579,0.022575864710691805,False,0.29923348311653225,0.02280701754385965,K,0.1517172847038586,0.16411117974028158,0.31586588481168176,False,False,I,False,0.006755454631747912,0.3333333333333333,0.4,0.002826679641097063,0.0011443859289580957,-0.0016822937121389672,0.002826679641097063,K,I,I,0.0,True,0
8,3sxz,108,E,True,unseen_protein_uncovered_source,unseen_protein_uncovered_source,restricted_aa_only_s231301,all,14.173395530072625,20.81451661886396,0.02189375460116764,False,0.11178338595377206,-0.019298245614035085,V,0.02184434210333938,0.04630123767859264,0.09313535861850146,True,True,I,False,0.0024473580205594953,0.3333333333333333,0.2,0.002175920308042721,0.0004936265959037539,-0.0016822937121389672,0.002175920308042721,V,I,I,0.0,True,0
8,3sxz,108,E,True,unseen_protein_uncovered_source,unseen_protein_uncovered_source,restricted_aa_only_s231301,new,14.88100111823021,21.224309056994002,0.021211644491643478,False,0.10258140564725875,0.06140350877192983,V,0.022025704808472504,0.04616439517349682,0.0931438910836526,True,True,I,False,0.002175920308042721,0.3333333333333333,0.2,0.002175920308042721,0.0004936265959037539,-0.0016822937121389672,0.002175920308042721,V,I,I,0.0,True,0
8,3sxz,108,E,True,unseen_protein_uncovered_source,unseen_protein_uncovered_source,restricted_aa_only_s231301,old,13.228135881392488,20.207441534891274,0.022575864710691805,False,0.12042930660320013,-0.09649122807017543,V,0.021662979398206248,0.04650436430215306,0.09312964460542562,True,True,I,False,0.0027187957330762694,0.3333333333333333,0.2,0.002175920308042721,0.0004936265959037539,-0.0016822937121389672,0.002175920308042721,V,I,I,0.0,True,0
8,3sxz,108,E,True,unseen_protein_uncovered_source,unseen_protein_uncovered_source,restricted_context_s231303,all,36.61024691687017,49.75472656539667,0.02189375460116764,False,0.07281196487762373,0.5894736842105263,H,-0.010932329715709434,0.14237066681971045,0.22057641645104006,False,True,I,False,0.0015941272910595314,0.0,0.8,0.00103669907353688,-0.0006455946386020872,-0.0016822937121389672,0.00103669907353688,H,I,I,0.0,True,0
8,3sxz,108,E,True,unseen_protein_uncovered_source,unseen_protein_uncovered_source,restricted_context_s231303,new,37.93522836624476,50.73428862206482,0.021211644491643478,False,0.04887405471769514,0.5771929824561403,H,-0.010750967010576304,0.1422136327968691,0.2205772655112273,False,True,I,False,0.00103669907353688,0.0,0.8,0.00103669907353688,-0.0006455946386020872,-0.0016822937121389672,0.00103669907353688,H,I,I,0.0,True,0
8,3sxz,108,E,True,unseen_protein_uncovered_source,unseen_protein_uncovered_source,restricted_context_s231303,old,34.624375889188464,48.303582858299876,0.022575864710691805,False,0.0953033487821717,0.6649122807017543,H,-0.011113692420842565,0.1425277008425519,0.2205767576806254,False,True,I,False,0.0021515555085821828,0.3333333333333333,0.8,0.00103669907353688,-0.0006455946386020872,-0.0016822937121389672,0.00103669907353688,H,I,I,0.0,True,0
8,3sxz,108,E,True,unseen_protein_uncovered_source,unseen_protein_uncovered_source,restricted_aa_only_s231303,all,7.896922363997544,11.113104380502424,0.02189375460116764,False,0.11178338595377206,0.3614035087719299,V,0.035913453469700436,0.042556665815565775,0.05903472251175334,True,True,I,False,0.0024473580205594953,0.3333333333333333,0.4,0.002175920308042721,0.0004936265959037539,-0.0016822937121389672,0.002175920308042721,V,I,I,0.0,True,0
8,3sxz,108,E,True,unseen_protein_uncovered_source,unseen_protein_uncovered_source,restricted_aa_only_s231303,new,8.104983123183914,11.331897169336754,0.021211644491643478,False,0.10258140564725875,0.3666666666666667,V,0.036094816174833566,0.04280253892757926,0.05917348451291868,True,True,I,False,0.002175920308042721,0.3333333333333333,0.4,0.002175920308042721,0.0004936265959037539,-0.0016822937121389672,0.002175920308042721,V,I,I,0.0,True,0
8,3sxz,108,E,True,unseen_protein_uncovered_source,unseen_protein_uncovered_source,restricted_aa_only_s231303,old,7.539035279033846,10.788980169571845,0.022575864710691805,False,0.12042930660320013,0.3175438596491228,V,0.035732090764567306,0.042359952915242034,0.05890009130061915,True,True,I,False,0.0027187957330762694,0.3333333333333333,0.2,0.002175920308042721,0.0004936265959037539,-0.0016822937121389672,0.002175920308042721,V,I,I,0.0,True,0
8,3sxz,108,E,True,unseen_protein_uncovered_source,unseen_protein_uncovered_source,expanded_context_s231301,all,-2.8191274155889703,20.223063071371378,0.02189375460116764,False,0.21883259512587072,0.02456140350877193,K,0.033248326271047436,0.08671495860635482,0.09746090327951985,False,False,I,False,0.0047910671364224874,0.3333333333333333,0.6,0.002826679641097063,0.0011443859289580957,-0.0016822937121389672,0.002826679641097063,K,I,I,0.0,True,0
8,3sxz,108,E,True,unseen_protein_uncovered_source,unseen_protein_uncovered_source,expanded_context_s231301,new,-1.8224402497837249,20.62121107904427,0.021211644491643478,False,0.13326074940633006,0.08070175438596491,K,0.03342968897618057,0.08659136224733595,0.09729788026094156,False,False,I,False,0.002826679641097063,0.3333333333333333,0.6,0.002826679641097063,0.0011443859289580957,-0.0016822937121389672,0.002826679641097063,K,I,I,0.0,True,0
8,3sxz,108,E,True,unseen_protein_uncovered_source,unseen_protein_uncovered_source,expanded_context_s231301,old,-3.66216552765782,19.633238290088144,0.022575864710691805,False,0.29923348311653225,-0.1842105263157895,K,0.033066963565914306,0.08687031519113526,0.09762634343961564,False,False,I,False,0.006755454631747912,0.3333333333333333,0.6,0.002826679641097063,0.0011443859289580957,-0.0016822937121389672,0.002826679641097063,K,I,I,0.0,True,0
8,3sxz,108,E,True,unseen_protein_uncovered_source,unseen_protein_uncovered_source,expanded_aa_only_s231301,all,0.5060140922717407,6.863511033926378,0.02189375460116764,False,0.13157273885671933,0.11578947368421051,C,0.05009911094935367,0.05537792442185615,0.058830356365345546,True,True,I,False,0.0028806212567325275,0.6666666666666666,0.4,0.0021153899416624655,0.0004330962295234983,-0.0016822937121389672,0.0021153899416624655,C,I,I,0.0,False,1
8,3sxz,108,E,True,unseen_protein_uncovered_source,unseen_protein_uncovered_source,expanded_aa_only_s231301,new,0.7203833201344889,6.998638597646791,0.021211644491643478,False,0.09972776709961563,0.19824561403508772,C,0.050280473654486804,0.05552527786108084,0.058914328101994665,True,True,I,False,0.0021153899416624655,0.6666666666666666,0.4,0.0021153899416624655,0.0004330962295234983,-0.0016822937121389672,0.0021153899416624655,C,I,I,0.0,False,1
8,3sxz,108,E,True,unseen_protein_uncovered_source,unseen_protein_uncovered_source,expanded_aa_only_s231301,old,0.3008465160349377,6.663330236381836,0.022575864710691805,False,0.1614933743856081,-0.0543859649122807,C,0.04991774824422054,0.05523057098263144,0.05875073365482421,True,True,I,False,0.0036458525718025894,0.6666666666666666,0.4,0.0021153899416624655,0.0004330962295234983,-0.0016822937121389672,0.0021153899416624655,C,I,I,0.0,False,1
8,3sxz,108,E,True,unseen_protein_uncovered_source,unseen_protein_uncovered_source,expanded_context_s231303,all,-3.0009935790928353,18.264193903096157,0.02189375460116764,False,0.29394687601096187,-0.3456140350877193,W,-0.03321342637570231,0.07147846989567914,0.08933720670688729,False,False,I,False,0.00643560076916385,0.0,0.0,0.005399955765910118,0.0037176620537711508,-0.0016822937121389672,0.005399955765910118,W,I,I,0.0,True,0
8,3sxz,108,E,True,unseen_protein_uncovered_source,unseen_protein_uncovered_source,expanded_context_s231303,new,-3.1189224580152413,18.623776048916756,0.021211644491643478,False,0.2545750645612357,-0.3543859649122807,W,-0.03303206367056918,0.07153091636698478,0.08926530872219733,False,False,I,False,0.005399955765910118,0.0,0.0,0.005399955765910118,0.0037176620537711508,-0.0016822937121389672,0.005399955765910118,W,I,I,0.0,True,0
8,3sxz,108,E,True,unseen_protein_uncovered_source,unseen_protein_uncovered_source,expanded_context_s231303,old,-2.829762147097433,17.731501395725278,0.022575864710691805,False,0.33093951740768723,-0.21228070175438596,W,-0.03339478908083544,0.07142602342437353,0.08941198333361963,False,False,I,False,0.007471245772417583,0.0,0.2,0.005399955765910118,0.0037176620537711508,-0.0016822937121389672,0.005399955765910118,W,I,I,0.0,True,0
8,3sxz,108,E,True,unseen_protein_uncovered_source,unseen_protein_uncovered_source,expanded_aa_only_s231303,all,1.614071335648703,6.919101621721548,0.02189375460116764,False,0.06966959976491448,0.14210526315789473,T,-0.1810653883836766,0.1810653883836766,0.18359325614057684,False,False,I,False,0.0015253291204146043,0.0,0.2,0.0011554203657542644,-0.0005268733463847028,-0.0016822937121389672,0.0011554203657542644,T,I,I,0.0,True,0
8,3sxz,108,E,True,unseen_protein_uncovered_source,unseen_protein_uncovered_source,expanded_aa_only_s231303,new,1.440845608348727,7.055323642878895,0.021211644491643478,False,0.05447104142300013,0.07719298245614034,T,-0.18088402567854348,0.18088402567854348,0.1834374262012579,False,False,I,False,0.0011554203657542644,0.0,0.2,0.0011554203657542644,-0.0005268733463847028,-0.0016822937121389672,0.0011554203657542644,T,I,I,0.0,True,0
8,3sxz,108,E,True,unseen_protein_uncovered_source,unseen_protein_uncovered_source,expanded_aa_only_s231303,old,1.7364953766837576,6.717299472051863,0.022575864710691805,False,0.08394973567401695,0.20175438596491227,T,-0.18124675108880978,0.18124675108880978,0.18375038277456582,False,False,I,False,0.001895237875074944,0.0,0.2,0.0011554203657542644,-0.0005268733463847028,-0.0016822937121389672,0.0011554203657542644,T,I,I,0.0,True,0
8,3sxz,108,E,True,unseen_protein_uncovered_source,unseen_protein_uncovered_source,legacy_baseline,old,0.9974842141734204,0.9974863076992786,0.022575864710691805,False,0.0,1.0,I,1.2008406515402967e-05,1.5920302313808898e-05,1.921721835662201e-05,True,True,I,True,0.0,1.0,1.0,0.0,-0.0016822937121389672,-0.0016822937121389672,0.0,I,I,I,0.0,True,0
8,3sxz,108,E,True,unseen_protein_uncovered_source,unseen_protein_uncovered_source,legacy_baseline,new,0.9962422904220348,0.9962448493040318,0.021211644491643478,False,0.0,1.0,I,8.086412925817063e-07,1.1476619640993516e-05,1.9337362095865117e-05,True,True,I,True,0.0,1.0,1.0,0.0,-0.0016822937121389672,-0.0016822937121389672,0.0,I,I,I,0.0,True,0
8,3sxz,108,E,True,unseen_protein_uncovered_source,unseen_protein_uncovered_source,legacy_baseline,all,0.996840839367181,0.9968423972035542,0.02189375460116764,False,0.0,1.0,I,6.408523903992336e-06,1.2523116122028688e-05,1.7474011334094713e-05,True,True,I,True,0.0,1.0,1.0,0.0,-0.0016822937121389672,-0.0016822937121389672,0.0,I,I,I,0.0,True,0
8,3sxz,108,E,True,unseen_protein_uncovered_source,unseen_protein_uncovered_source,legacy_exact,old,1.0,1.0,0.022575864710691805,False,0.0,1.0,I,0.0,0.0,0.0,True,True,I,True,0.0,1.0,1.0,0.0,-0.0016822937121389672,-0.0016822937121389672,0.0,I,I,I,0.0,True,0
8,3sxz,108,E,True,unseen_protein_uncovered_source,unseen_protein_uncovered_source,legacy_exact,new,1.0,1.0,0.021211644491643478,False,0.0,1.0,I,0.0,0.0,0.0,True,True,I,True,0.0,1.0,1.0,0.0,-0.0016822937121389672,-0.0016822937121389672,0.0,I,I,I,0.0,True,0
8,3sxz,108,E,True,unseen_protein_uncovered_source,unseen_protein_uncovered_source,legacy_exact,all,1.0,1.0,0.02189375460116764,False,0.0,1.0,I,0.0,0.0,0.0,True,True,I,True,0.0,1.0,1.0,0.0,-0.0016822937121389672,-0.0016822937121389672,0.0,I,I,I,0.0,True,0
8,3sxz,108,E,True,unseen_protein_uncovered_source,unseen_protein_uncovered_source,legacy_expanded_s231301,old,0.11082233410097138,0.26034057342975603,0.022575864710691805,False,0.07058986140741849,0.6807017543859648,Q,-0.00208308160798354,0.0025240467416400504,0.004740129559839465,False,True,I,False,0.0015936271610803646,0.3333333333333333,0.8,0.0005845535822898706,-0.0010977401298490966,-0.0016822937121389672,0.0005845535822898706,Q,I,I,0.0,True,0
8,3sxz,108,E,True,unseen_protein_uncovered_source,unseen_protein_uncovered_source,legacy_expanded_s231301,new,0.1764898292791623,0.26607678229454484,0.021211644491643478,False,0.027558145363041554,0.6807017543859648,Q,-0.001745769833813371,0.0020829229515495636,0.004121834987345781,False,False,I,False,0.0005845535822898706,0.6666666666666666,0.8,0.0005845535822898706,-0.0010977401298490966,-0.0016822937121389672,0.0005845535822898706,Q,I,I,0.0,True,0
8,3sxz,108,E,True,unseen_protein_uncovered_source,unseen_protein_uncovered_source,legacy_expanded_s231301,all,0.1356723085744651,0.24672861620163342,0.02189375460116764,False,0.04974433995103947,0.6508771929824562,Q,-0.0019144257208984553,0.002303484846594807,0.004428255120618677,False,True,I,False,0.0010890903716851176,0.3333333333333333,1.0,0.0005845535822898706,-0.0010977401298490966,-0.0016822937121389672,0.0005845535822898706,Q,I,I,0.0,True,0
8,3sxz,108,E,True,unseen_protein_uncovered_source,unseen_protein_uncovered_source,legacy_expanded_s231303,old,0.18776513263735434,0.3013183011517151,0.022575864710691805,False,0.07058986140741849,0.7333333333333334,Q,-0.0021344955630753053,0.002531912718093299,0.004458877859616794,False,True,I,False,0.0015936271610803646,0.3333333333333333,0.8,0.0005845535822898706,-0.0010977401298490966,-0.0016822937121389672,0.0005845535822898706,Q,I,I,0.0,True,0
8,3sxz,108,E,True,unseen_protein_uncovered_source,unseen_protein_uncovered_source,legacy_expanded_s231303,new,0.2453386651972754,0.31967318897104535,0.021211644491643478,False,0.027558145363041554,0.6807017543859648,Q,-0.0018695141514343948,0.0021295032482274543,0.003920741288111865,False,False,I,False,0.0005845535822898706,0.6666666666666666,0.8,0.0005845535822898706,-0.0010977401298490966,-0.0016822937121389672,0.0005845535822898706,Q,I,I,0.0,True,0
8,3sxz,108,E,True,unseen_protein_uncovered_source,unseen_protein_uncovered_source,legacy_expanded_s231303,all,0.20886757798452893,0.29526310438290243,0.02189375460116764,False,0.04974433995103947,0.6543859649122807,Q,-0.00200200485725485,0.002330707983160377,0.004186566857818093,False,True,I,False,0.0010890903716851176,0.6666666666666666,1.0,0.0005845535822898706,-0.0010977401298490966,-0.0016822937121389672,0.0005845535822898706,Q,I,I,0.0,True,0
8,3sxz,108,E,True,unseen_protein_uncovered_source,unseen_protein_uncovered_source,legacy_oracle_r32,old,0.922722724504813,0.9230975591919892,0.022575864710691805,False,0.0,0.9982456140350877,I,-0.0002487325478393328,0.0002946225707528367,0.0004523783913551367,True,True,I,True,0.0,1.0,1.0,0.0,-0.0016822937121389672,-0.0016822937121389672,0.0,I,I,I,0.0,True,0
8,3sxz,108,E,True,unseen_protein_uncovered_source,unseen_protein_uncovered_source,legacy_oracle_r32,new,0.9263677603038045,0.9267578190580995,0.021211644491643478,False,0.0,0.9982456140350877,I,-0.00018309879996881228,0.00023911073832281186,0.00039098267505828824,True,True,I,True,0.0,1.0,1.0,0.0,-0.0016822937121389672,-0.0016822937121389672,0.0,I,I,I,0.0,True,0
8,3sxz,108,E,True,unseen_protein_uncovered_source,unseen_protein_uncovered_source,legacy_oracle_r32,all,0.9239272016168159,0.9242840385789928,0.02189375460116764,False,0.0,0.9947368421052631,I,-0.00021591567390407253,0.00026686665453782427,0.0004204843183745222,True,True,I,True,0.0,1.0,1.0,0.0,-0.0016822937121389672,-0.0016822937121389672,0.0,I,I,I,0.0,True,0
8,3sxz,108,E,True,unseen_protein_uncovered_source,unseen_protein_uncovered_source,legacy_restricted_s231301,old,0.272505322117614,0.3324177081628679,0.022575864710691805,False,0.07058986140741849,0.8210526315789475,Q,-0.0018871060565636656,0.0021763967278506345,0.003959497425968223,True,True,I,False,0.0015936271610803646,0.6666666666666666,0.8,0.0005845535822898706,-0.0010977401298490966,-0.0016822937121389672,0.0005845535822898706,Q,I,I,0.0,True,0
8,3sxz,108,E,True,unseen_protein_uncovered_source,unseen_protein_uncovered_source,legacy_restricted_s231301,new,0.4172854556833269,0.44577091377162215,0.021211644491643478,False,0.033653703929585166,0.7456140350877193,M,-0.0017962624331818488,0.001830742360851318,0.0032092190371258464,True,True,I,False,0.0007138504035813856,1.0,0.8,0.0005845535822898706,-0.0010977401298490966,-0.0016822937121389672,0.0005845535822898706,Q,I,I,0.0,True,0
8,3sxz,108,E,True,unseen_protein_uncovered_source,unseen_protein_uncovered_source,legacy_restricted_s231301,all,0.3369455564288761,0.3733588290860222,0.02189375460116764,False,0.04974433995103947,0.7052631578947368,Q,-0.0018416842448727572,0.001984668529182215,0.0035766745500928894,True,True,I,False,0.0010890903716851176,1.0,0.8,0.0005845535822898706,-0.0010977401298490966,-0.0016822937121389672,0.0005845535822898706,Q,I,I,0.0,True,0
8,3sxz,108,E,True,unseen_protein_uncovered_source,unseen_protein_uncovered_source,legacy_restricted_s231303,old,0.22754959458004284,0.3366045761073638,0.022575864710691805,False,0.07058986140741849,0.6982456140350877,Q,-0.0022565208175229796,0.0025859358765077715,0.004381191160363139,False,True,I,False,0.0015936271610803646,0.3333333333333333,0.8,0.0005845535822898706,-0.0010977401298490966,-0.0016822937121389672,0.0005845535822898706,Q,I,I,0.0,True,0
8,3sxz,108,E,True,unseen_protein_uncovered_source,unseen_protein_uncovered_source,legacy_restricted_s231303,new,0.25916890182358737,0.35162898478545795,0.021211644491643478,False,0.027558145363041554,0.6368421052631579,Q,-0.0021711432677380014,0.00238521921828649,0.004058375038168171,False,False,I,False,0.0005845535822898706,0.6666666666666666,0.8,0.0005845535822898706,-0.0010977401298490966,-0.0016822937121389672,0.0005845535822898706,Q,I,I,0.0,True,0
8,3sxz,108,E,True,unseen_protein_uncovered_source,unseen_protein_uncovered_source,legacy_restricted_s231303,all,0.23684543693798182,0.3333192493766253,0.02189375460116764,False,0.04974433995103947,0.6649122807017543,Q,-0.0022138320426304905,0.0024791087450120146,0.004215856298692215,False,False,I,False,0.0010890903716851176,0.6666666666666666,0.8,0.0005845535822898706,-0.0010977401298490966,-0.0016822937121389672,0.0005845535822898706,Q,I,I,0.0,True,0
8,3sxz,108,E,True,unseen_protein_uncovered_source,unseen_protein_uncovered_source,legacy_wt_z,old,0.11037092129032468,0.2593434239464708,0.022575864710691805,False,0.07058986140741849,0.6807017543859648,Q,-0.0021319365955684384,0.0025577867598532414,0.004762666690358293,False,True,I,False,0.0015936271610803646,0.3333333333333333,0.8,0.0005845535822898706,-0.0010977401298490966,-0.0016822937121389672,0.0005845535822898706,Q,I,I,0.0,True,0
8,3sxz,108,E,True,unseen_protein_uncovered_source,unseen_protein_uncovered_source,legacy_wt_z,new,0.17729629236589625,0.2659636395495007,0.021211644491643478,False,0.027558145363041554,0.6807017543859648,Q,-0.0017982909305643072,0.00211757329835008,0.004140430579033747,False,False,I,False,0.0005845535822898706,0.6666666666666666,0.8,0.0005845535822898706,-0.0010977401298490966,-0.0016822937121389672,0.0005845535822898706,Q,I,I,0.0,True,0
8,3sxz,108,E,True,unseen_protein_uncovered_source,unseen_protein_uncovered_source,legacy_wt_z,all,0.1358447877229241,0.24604137715903507,0.02189375460116764,False,0.04974433995103947,0.6508771929824562,Q,-0.0019651137630663728,0.0023376800291016607,0.0044488520224575945,False,True,I,False,0.0010890903716851176,0.3333333333333333,1.0,0.0005845535822898706,-0.0010977401298490966,-0.0016822937121389672,0.0005845535822898706,Q,I,I,0.0,True,0
8,3sxz,101,R,True,unseen_protein_uncovered_source,unseen_protein_uncovered_source,restricted_context_s231301,all,3.65331582977097,29.372664295601854,0.03666068074232951,False,0.20168794834593,-0.24736842105263157,K,0.019502649389324958,0.14905985053893545,0.2626740504586114,False,False,A,False,0.007394017483885585,0.0,0.0,0.006607777407296168,0.001012556791686145,-0.005595220615610023,0.0070551597695185965,K,T,A,0.0004473823622224288,True,0
8,3sxz,101,R,True,unseen_protein_uncovered_source,unseen_protein_uncovered_source,restricted_context_s231301,new,3.4726788486161104,30.822187035035007,0.03589040894850978,False,0.19657507329159413,-0.30000000000000004,K,0.019205370883861123,0.14920641370819515,0.2627904936276634,False,False,T,False,0.0070551597695185965,0.0,0.0,0.006607777407296168,0.001012556791686145,-0.005595220615610023,0.0070551597695185965,K,T,A,0.0004473823622224288,True,0
8,3sxz,101,R,True,unseen_protein_uncovered_source,unseen_protein_uncovered_source,restricted_context_s231301,old,3.756092828334073,27.934161257838944,0.03787833489837167,False,0.21596138221024758,-0.20350877192982456,K,0.019799927894788807,0.14891328736967574,0.26255999756210036,False,False,A,False,0.008180257560475003,0.0,0.2,0.006607777407296168,0.001012556791686145,-0.005595220615610023,0.0070551597695185965,K,T,A,0.0004473823622224288,True,0
8,3sxz,101,R,True,unseen_protein_uncovered_source,unseen_protein_uncovered_source,restricted_aa_only_s231301,all,0.5898659086805504,11.7536696532103,0.03666068074232951,False,0.12148733707644396,-0.4403508771929824,V,0.029520860051363663,0.06268167291341767,0.10920331337699567,False,False,A,False,0.004453808478795283,0.0,0.0,0.00415407514733147,-0.0014411454682785527,-0.005595220615610023,0.004601457509553899,V,T,A,0.0004473823622224288,True,0
8,3sxz,101,R,True,unseen_protein_uncovered_source,unseen_protein_uncovered_source,restricted_aa_only_s231301,new,0.5089270625126112,12.333705950314776,0.03589040894850978,False,0.12820855611189566,-0.39122807017543854,V,0.02922358154589982,0.06261833499357271,0.10918333656886571,False,False,T,False,0.004601457509553899,0.0,0.2,0.00415407514733147,-0.0014411454682785527,-0.005595220615610023,0.004601457509553899,V,T,A,0.0004473823622224288,True,0
8,3sxz,101,R,True,unseen_protein_uncovered_source,unseen_protein_uncovered_source,restricted_aa_only_s231301,old,0.6489857580467638,11.178042964025812,0.03787833489837167,False,0.12549500454581608,-0.4350877192982456,V,0.02981813855682751,0.06274501083326263,0.10922915642324296,False,False,A,False,0.004753541810259096,0.0,0.0,0.00415407514733147,-0.0014411454682785527,-0.005595220615610023,0.004601457509553899,V,T,A,0.0004473823622224288,True,0
8,3sxz,101,R,True,unseen_protein_uncovered_source,unseen_protein_uncovered_source,restricted_context_s231303,all,5.670229804583481,24.859951489814744,0.03666068074232951,False,0.014311829469370704,0.5350877192982456,H,0.17180299318907288,0.19372665996697047,0.27964704149925007,False,False,A,False,0.0005246814110152626,0.6666666666666666,0.8,-0.00016495428899299114,-0.005760174904603014,-0.005595220615610023,0.00028242807322943764,H,T,A,0.0004473823622224288,True,0
8,3sxz,101,R,True,unseen_protein_uncovered_source,unseen_protein_uncovered_source,restricted_context_s231303,new,5.575113898312614,26.086774655157882,0.03589040894850978,False,0.007869179580389385,0.5982456140350877,H,0.17150571468360906,0.19361710859761025,0.2796253588711611,True,True,T,False,0.00028242807322943764,1.0,0.6,-0.00016495428899299114,-0.005760174904603014,-0.005595220615610023,0.00028242807322943764,H,T,A,0.0004473823622224288,True,0
8,3sxz,101,R,True,unseen_protein_uncovered_source,unseen_protein_uncovered_source,restricted_context_s231303,old,5.677589654998246,23.642454997945883,0.03787833489837167,False,0.032058355106726666,0.5385964912280702,H,0.17210027169453676,0.19383621133633064,0.27967101495678065,False,False,A,False,0.0012143171110235162,0.6666666666666666,0.6,-0.00016495428899299114,-0.005760174904603014,-0.005595220615610023,0.00028242807322943764,H,T,A,0.0004473823622224288,True,0
8,3sxz,101,R,True,unseen_protein_uncovered_source,unseen_protein_uncovered_source,restricted_aa_only_s231303,all,1.0636715319166636,6.347857779942306,0.03666068074232951,False,0.07117651114742848,-0.1824561403508772,Q,0.00140829284991085,0.03864466104170885,0.05603627779991594,False,False,A,False,0.0026093793515287334,0.3333333333333333,0.2,0.0013487177587056497,-0.004246502856904373,-0.005595220615610023,0.0017961001209280784,Q,T,A,0.0004473823622224288,True,0
8,3sxz,101,R,True,unseen_protein_uncovered_source,unseen_protein_uncovered_source,restricted_aa_only_s231303,new,1.0993791190786564,6.661120618686281,0.03589040894850978,False,0.05004401380616352,-0.0912280701754386,Q,0.0011110143444470054,0.038571451878447155,0.05605724665956557,True,True,T,False,0.0017961001209280784,0.3333333333333333,0.2,0.0013487177587056497,-0.004246502856904373,-0.005595220615610023,0.0017961001209280784,Q,T,A,0.0004473823622224288,True,0
8,3sxz,101,R,True,unseen_protein_uncovered_source,unseen_protein_uncovered_source,restricted_aa_only_s231303,old,1.0210670161395503,6.036976458185559,0.03787833489837167,False,0.10217030275314938,-0.22807017543859648,Q,0.0017055713553746938,0.03871787020497054,0.056026745831809395,False,False,A,False,0.003870040944351817,0.3333333333333333,0.2,0.0013487177587056497,-0.004246502856904373,-0.005595220615610023,0.0017961001209280784,Q,T,A,0.0004473823622224288,True,0
8,3sxz,101,R,True,unseen_protein_uncovered_source,unseen_protein_uncovered_source,expanded_context_s231301,all,-0.3166993653779084,3.656583274481698,0.03666068074232951,False,0.12148733707644396,-0.21403508771929824,V,0.02172729147423643,0.02755701976244342,0.040916676738887714,False,False,A,False,0.004453808478795283,0.0,0.2,0.00415407514733147,-0.0014411454682785527,-0.005595220615610023,0.004601457509553899,V,T,A,0.0004473823622224288,True,0
8,3sxz,101,R,True,unseen_protein_uncovered_source,unseen_protein_uncovered_source,expanded_context_s231301,new,-0.2957740425226204,3.8370333879494716,0.03589040894850978,False,0.12820855611189566,-0.06140350877192983,V,0.021430012968772588,0.02715881943718278,0.040574379061349884,False,False,T,False,0.004601457509553899,0.0,0.4,0.00415407514733147,-0.0014411454682785527,-0.005595220615610023,0.004601457509553899,V,T,A,0.0004473823622224288,True,0
8,3sxz,101,R,True,unseen_protein_uncovered_source,unseen_protein_uncovered_source,expanded_context_s231301,old,-0.32993449536449704,3.4775049962826525,0.03787833489837167,False,0.12549500454581608,-0.31578947368421056,V,0.022024569979700277,0.027955220087704055,0.041271672206369396,False,False,A,False,0.004753541810259096,0.0,0.0,0.00415407514733147,-0.0014411454682785527,-0.005595220615610023,0.004601457509553899,V,T,A,0.0004473823622224288,True,0
8,3sxz,101,R,True,unseen_protein_uncovered_source,unseen_protein_uncovered_source,expanded_aa_only_s231301,all,-4.542965802828481,17.86603260453912,0.03666068074232951,False,0.03448502015215538,-0.37543859649122807,C,0.07748970553496554,0.09590595089878906,0.1799616245784194,False,False,A,False,0.0012642443141909678,0.0,0.2,0.0016374013408619777,-0.003957819274748045,-0.005595220615610023,0.0020847837030844064,C,T,A,0.0004473823622224288,True,0
8,3sxz,101,R,True,unseen_protein_uncovered_source,unseen_protein_uncovered_source,expanded_aa_only_s231301,new,-4.990038739604744,18.747710216862885,0.03589040894850978,False,0.058087488110691185,-0.431578947368421,C,0.0771924270295017,0.09569094369764,0.17980835125109923,False,False,T,False,0.0020847837030844064,0.3333333333333333,0.2,0.0016374013408619777,-0.003957819274748045,-0.005595220615610023,0.0020847837030844064,C,T,A,0.0004473823622224288,True,0
8,3sxz,101,R,True,unseen_protein_uncovered_source,unseen_protein_uncovered_source,expanded_aa_only_s231301,old,-4.11905098826395,16.991057766854787,0.03787833489837167,False,0.023524985718373394,-0.3403508771929824,C,0.07778698404042939,0.09612095809993812,0.18011832709189843,False,False,A,False,0.000891087287519958,0.0,0.2,0.0016374013408619777,-0.003957819274748045,-0.005595220615610023,0.0020847837030844064,C,T,A,0.0004473823622224288,True,0
8,3sxz,101,R,True,unseen_protein_uncovered_source,unseen_protein_uncovered_source,expanded_context_s231303,all,0.1335767303092519,3.117104639465317,0.03666068074232951,False,0.06858083252867789,-0.04912280701754386,Y,-0.07022536030164679,0.07022536030164679,0.07595245467784355,True,True,A,False,0.0025142200063770267,0.3333333333333333,0.2,0.002307402193518087,-0.0032878184220919357,-0.005595220615610023,0.002754784555740516,Y,T,A,0.0004473823622224288,True,0
8,3sxz,101,R,True,unseen_protein_uncovered_source,unseen_protein_uncovered_source,expanded_context_s231303,new,0.15273592059383367,3.2709318173687567,0.03589040894850978,False,0.07675545184488343,-0.08771929824561404,Y,-0.07052263880711063,0.07052263880711063,0.07617372256547035,False,False,T,False,0.002754784555740516,0.0,0.4,0.002307402193518087,-0.0032878184220919357,-0.005595220615610023,0.002754784555740516,Y,T,A,0.0004473823622224288,True,0
8,3sxz,101,R,True,unseen_protein_uncovered_source,unseen_protein_uncovered_source,expanded_context_s231303,old,0.11617266033131644,2.964446901380348,0.03787833489837167,False,0.07183625749485993,-0.10350877192982455,Y,-0.06992808179618293,0.06992808179618293,0.07573900597389269,True,True,A,False,0.0027210378192359663,0.3333333333333333,0.2,0.002307402193518087,-0.0032878184220919357,-0.005595220615610023,0.002754784555740516,Y,T,A,0.0004473823622224288,True,0
8,3sxz,101,R,True,unseen_protein_uncovered_source,unseen_protein_uncovered_source,expanded_aa_only_s231303,all,-0.07989789086567455,4.9077228276930835,0.03666068074232951,False,0.03448502015215538,-0.07192982456140351,C,0.014095120707154235,0.031594765711146174,0.04713076797102135,False,False,A,False,0.0012642443141909678,0.0,0.2,0.0016374013408619777,-0.003957819274748045,-0.005595220615610023,0.0020847837030844064,C,T,A,0.0004473823622224288,True,0
8,3sxz,101,R,True,unseen_protein_uncovered_source,unseen_protein_uncovered_source,expanded_aa_only_s231303,new,-0.1292552075507643,5.149915901020841,0.03589040894850978,False,0.058087488110691185,-0.0543859649122807,C,0.013797842201690388,0.03140237620431771,0.04702834685706294,False,True,T,False,0.0020847837030844064,0.0,0.2,0.0016374013408619777,-0.003957819274748045,-0.005595220615610023,0.0020847837030844064,C,T,A,0.0004473823622224288,True,0
8,3sxz,101,R,True,unseen_protein_uncovered_source,unseen_protein_uncovered_source,expanded_aa_only_s231303,old,-0.038359600959027594,4.667370977922616,0.03787833489837167,False,0.023524985718373394,-0.0543859649122807,C,0.014392399212618081,0.03178715521797463,0.04724653916619845,False,False,A,False,0.000891087287519958,0.0,0.4,0.0016374013408619777,-0.003957819274748045,-0.005595220615610023,0.0020847837030844064,C,T,A,0.0004473823622224288,True,0
8,3sxz,101,R,True,unseen_protein_uncovered_source,unseen_protein_uncovered_source,legacy_baseline,old,0.9974482759935824,0.9974496283472434,0.03787833489837167,False,0.0,1.0,A,-1.0810035897224141e-05,1.7375848835935415e-05,3.053888726551118e-05,True,True,A,True,0.0,1.0,1.0,0.0,-0.005595220615610023,-0.005595220615610023,0.0004473823622224288,A,T,A,0.0004473823622224288,True,0
8,3sxz,101,R,True,unseen_protein_uncovered_source,unseen_protein_uncovered_source,legacy_baseline,new,0.9970232002231079,0.9970269280420848,0.03589040894850978,False,0.0,1.0,T,-2.6435149044351697e-05,2.7281798483723746e-05,4.340999140408112e-05,True,True,T,True,0.0,1.0,1.0,0.0,-0.005595220615610023,-0.005595220615610023,0.0004473823622224288,A,T,A,0.0004473823622224288,True,0
8,3sxz,101,R,True,unseen_protein_uncovered_source,unseen_protein_uncovered_source,legacy_baseline,all,0.9972227885988124,0.9972244304038436,0.03666068074232951,False,0.0,0.9982456140350877,A,-1.862259247078792e-05,1.9986151013794925e-05,3.5029924599757644e-05,True,True,A,True,0.0,1.0,1.0,0.0,-0.005595220615610023,-0.005595220615610023,0.0004473823622224288,A,T,A,0.0004473823622224288,True,0
8,3sxz,101,R,True,unseen_protein_uncovered_source,unseen_protein_uncovered_source,legacy_exact,old,1.0,1.0,0.03787833489837167,False,0.0,1.0,A,0.0,0.0,0.0,True,True,A,True,0.0,1.0,1.0,0.0,-0.005595220615610023,-0.005595220615610023,0.0004473823622224288,A,T,A,0.0004473823622224288,True,0
8,3sxz,101,R,True,unseen_protein_uncovered_source,unseen_protein_uncovered_source,legacy_exact,new,1.0,1.0,0.03589040894850978,False,0.0,1.0,T,0.0,0.0,0.0,True,True,T,True,0.0,1.0,1.0,0.0,-0.005595220615610023,-0.005595220615610023,0.0004473823622224288,A,T,A,0.0004473823622224288,True,0
8,3sxz,101,R,True,unseen_protein_uncovered_source,unseen_protein_uncovered_source,legacy_exact,all,1.0,1.0,0.03666068074232951,False,0.0,1.0,A,0.0,0.0,0.0,True,True,A,True,0.0,1.0,1.0,0.0,-0.005595220615610023,-0.005595220615610023,0.0004473823622224288,A,T,A,0.0004473823622224288,True,0
8,3sxz,101,R,True,unseen_protein_uncovered_source,unseen_protein_uncovered_source,legacy_expanded_s231301,old,0.08776124499932929,0.12240133372734234,0.03787833489837167,False,0.018209105731015317,0.7280701754385965,L,0.0022711746425826303,0.007303910086637733,0.008917387051382016,True,True,A,False,0.000689730605079257,0.6666666666666666,0.6,-0.00020620944798331597,-0.005801430063593339,-0.005595220615610023,0.0002411729142391128,L,T,A,0.0004473823622224288,True,0
8,3sxz,101,R,True,unseen_protein_uncovered_source,unseen_protein_uncovered_source,legacy_expanded_s231301,new,0.13455183190804165,0.18020017081946554,0.03589040894850978,False,0.05004401380616352,0.6298245614035087,Q,0.0018388147694414405,0.006237037415199606,0.007676195221616859,False,True,T,False,0.0017961001209280784,0.3333333333333333,0.8,-0.00020620944798331597,-0.005801430063593339,-0.005595220615610023,0.0002411729142391128,L,T,A,0.0004473823622224288,True,0
8,3sxz,101,R,True,unseen_protein_uncovered_source,unseen_protein_uncovered_source,legacy_expanded_s231301,all,0.10697887184740067,0.13986078239266844,0.03666068074232951,False,0.006594546900184169,0.6947368421052632,L,0.0020549947060120354,0.00677047375091867,0.00829257492754093,True,True,A,False,0.00024176057854797053,0.6666666666666666,0.6,-0.00020620944798331597,-0.005801430063593339,-0.005595220615610023,0.0002411729142391128,L,T,A,0.0004473823622224288,True,0
8,3sxz,101,R,True,unseen_protein_uncovered_source,unseen_protein_uncovered_source,legacy_expanded_s231303,old,0.09092186749113224,0.14713966395022282,0.03787833489837167,False,0.0,0.712280701754386,A,0.0021140451175884196,0.007078957984307542,0.008880397530084502,True,True,A,True,0.0,0.6666666666666666,0.6,0.0,-0.005595220615610023,-0.005595220615610023,0.0004473823622224288,A,T,A,0.0004473823622224288,True,0
8,3sxz,101,R,True,unseen_protein_uncovered_source,unseen_protein_uncovered_source,legacy_expanded_s231303,new,0.1335657368944664,0.17813274920055103,0.03589040894850978,False,0.028138112140240798,0.6561403508771929,W,0.0017571237800312926,0.006129980126587277,0.007662885323377649,False,False,T,False,0.0010098883517522701,0.3333333333333333,0.8,0.0,-0.005595220615610023,-0.005595220615610023,0.0004473823622224288,A,T,A,0.0004473823622224288,True,0
8,3sxz,101,R,True,unseen_protein_uncovered_source,unseen_protein_uncovered_source,legacy_expanded_s231303,all,0.10787727575112682,0.14621715067259902,0.03666068074232951,False,0.051968473257163715,0.6684210526315789,W,0.001935584448809856,0.00660446905544741,0.008263898239901557,True,True,A,False,0.001905199606747168,0.6666666666666666,0.6,0.0,-0.005595220615610023,-0.005595220615610023,0.0004473823622224288,A,T,A,0.0004473823622224288,True,0
8,3sxz,101,R,True,unseen_protein_uncovered_source,unseen_protein_uncovered_source,legacy_oracle_r32,old,0.933713684912849,0.9338405077979616,0.03787833489837167,False,0.0,0.9982456140350877,A,-3.245839248322484e-05,0.00041966270263235557,0.0006412919593408689,True,True,A,True,0.0,0.6666666666666666,1.0,0.0,-0.005595220615610023,-0.005595220615610023,0.0004473823622224288,A,T,A,0.0004473823622224288,True,0
8,3sxz,101,R,True,unseen_protein_uncovered_source,unseen_protein_uncovered_source,legacy_oracle_r32,new,0.9436519102668643,0.9437009122592421,0.03589040894850978,False,0.0,1.0,T,0.000104177948321061,0.0003882821007699726,0.000498601224819074,True,True,T,True,0.0,1.0,1.0,0.0,-0.005595220615610023,-0.005595220615610023,0.0004473823622224288,A,T,A,0.0004473823622224288,True,0
8,3sxz,101,R,True,unseen_protein_uncovered_source,unseen_protein_uncovered_source,legacy_oracle_r32,all,0.9383472206806405,0.9384176421928629,0.03666068074232951,False,0.002706518238757291,0.9964912280701754,T,3.585977791891808e-05,0.0003988940305909984,0.0005625039816522448,True,True,A,False,9.922280107437301e-05,1.0,1.0,0.0,-0.005595220615610023,-0.005595220615610023,0.0004473823622224288,A,T,A,0.0004473823622224288,True,0
8,3sxz,101,R,True,unseen_protein_uncovered_source,unseen_protein_uncovered_source,legacy_restricted_s231301,old,0.11677684512153158,0.17309411359141014,0.03787833489837167,False,0.018209105731015317,0.5771929824561403,L,0.0005607445968108796,0.006079486711056012,0.008417978201775669,True,True,A,False,0.000689730605079257,0.6666666666666666,0.6,-0.00020620944798331597,-0.005801430063593339,-0.005595220615610023,0.0002411729142391128,L,T,A,0.0004473823622224288,True,0
8,3sxz,101,R,True,unseen_protein_uncovered_source,unseen_protein_uncovered_source,legacy_restricted_s231301,new,0.17856866437597274,0.24716845720761668,0.03589040894850978,False,0.006719703712072821,0.6000000000000001,L,0.0005481130492316061,0.005273812524586985,0.007177759395554491,False,False,T,False,0.0002411729142391128,0.3333333333333333,0.6,-0.00020620944798331597,-0.005801430063593339,-0.005595220615610023,0.0002411729142391128,L,T,A,0.0004473823622224288,True,0
8,3sxz,101,R,True,unseen_protein_uncovered_source,unseen_protein_uncovered_source,legacy_restricted_s231301,all,0.14308779623271498,0.19965303692630512,0.03666068074232951,False,0.006594546900184169,0.5982456140350877,L,0.0005544288230212429,0.005676649617821499,0.007790483054456691,True,True,A,False,0.00024176057854797053,0.6666666666666666,0.6,-0.00020620944798331597,-0.005801430063593339,-0.005595220615610023,0.0002411729142391128,L,T,A,0.0004473823622224288,True,0
8,3sxz,101,R,True,unseen_protein_uncovered_source,unseen_protein_uncovered_source,legacy_restricted_s231303,old,0.17679640749781442,0.3225787008224401,0.03787833489837167,False,0.0,0.687719298245614,A,0.0023061346469203416,0.0063716855466615955,0.008473273664720605,True,True,A,True,0.0,0.6666666666666666,0.8,0.0,-0.005595220615610023,-0.005595220615610023,0.0004473823622224288,A,T,A,0.0004473823622224288,True,0
8,3sxz,101,R,True,unseen_protein_uncovered_source,unseen_protein_uncovered_source,legacy_restricted_s231303,new,0.22823735863897668,0.31718476891484504,0.03589040894850978,False,0.012465234454816784,0.6596491228070176,A,0.0018096641628807398,0.005253075611464108,0.007081096530794105,False,False,T,False,0.0004473823622224288,0.0,0.8,0.0,-0.005595220615610023,-0.005595220615610023,0.0004473823622224288,A,T,A,0.0004473823622224288,True,0
8,3sxz,101,R,True,unseen_protein_uncovered_source,unseen_protein_uncovered_source,legacy_restricted_s231303,all,0.198600163285929,0.31280502485947903,0.03666068074232951,False,0.0,0.6333333333333333,A,0.002057899404900541,0.005812380579062852,0.007769798478195159,True,True,A,True,0.0,0.6666666666666666,0.6,0.0,-0.005595220615610023,-0.005595220615610023,0.0004473823622224288,A,T,A,0.0004473823622224288,True,0
8,3sxz,101,R,True,unseen_protein_uncovered_source,unseen_protein_uncovered_source,legacy_wt_z,old,0.08763134930147361,0.12218277730313737,0.03787833489837167,False,0.018209105731015317,0.7280701754385965,L,0.0022174250332677066,0.007268280386460835,0.00890487558208596,True,True,A,False,0.000689730605079257,0.6666666666666666,0.6,-0.00020620944798331597,-0.005801430063593339,-0.005595220615610023,0.0002411729142391128,L,T,A,0.0004473823622224288,True,0
8,3sxz,101,R,True,unseen_protein_uncovered_source,unseen_protein_uncovered_source,legacy_wt_z,new,0.13435291817562742,0.1794760338681156,0.03589040894850978,False,0.05004401380616352,0.6350877192982456,Q,0.0017798562598579481,0.006195410240816689,0.007662937874662664,False,True,T,False,0.0017961001209280784,0.3333333333333333,0.8,-0.00020620944798331597,-0.005801430063593339,-0.005595220615610023,0.0002411729142391128,L,T,A,0.0004473823622224288,True,0
8,3sxz,101,R,True,unseen_protein_uncovered_source,unseen_protein_uncovered_source,legacy_wt_z,all,0.10682633910946977,0.1394527973363886,0.03666068074232951,False,0.006594546900184169,0.6947368421052632,L,0.001998640646562827,0.006731845313638762,0.008279714461298819,True,True,A,False,0.00024176057854797053,0.6666666666666666,0.6,-0.00020620944798331597,-0.005801430063593339,-0.005595220615610023,0.0002411729142391128,L,T,A,0.0004473823622224288,True,0
12,5gpe,11,A,False,train,seen_protein_covered_source,restricted_context_s231301,all,0.9957484993988404,1.1256798651070894,0.18741879627000124,False,0.1983811209674887,0.8315789473684211,I,-0.013112034899217776,0.019214784997341368,0.026866892485462816,False,False,W,False,0.03718035089442023,0.3333333333333333,0.4,0.0,-0.06706792116758964,-0.06706792116758964,0.11811089813806852,I,W,I,0.11811089813806852,True,0
12,5gpe,11,A,False,train,seen_protein_covered_source,restricted_context_s231301,new,0.6114441526971597,1.0392348469345443,0.23951468553166133,False,0.49312591366117087,0.4456140350877193,I,-0.023790626068319744,0.03688114010617441,0.0507161890857695,False,False,W,False,0.11811089813806852,0.0,0.4,0.0,-0.06706792116758964,-0.06706792116758964,0.11811089813806852,I,W,I,0.11811089813806852,True,0
12,5gpe,11,A,False,train,seen_protein_covered_source,restricted_context_s231301,old,0.9702385055603214,0.9823184262097625,0.187902770385993,False,0.0,0.9736842105263157,I,-0.00243344373011581,0.006354092448641391,0.008368436651706333,True,True,I,True,0.0,1.0,0.8,0.0,-0.06706792116758964,-0.06706792116758964,0.11811089813806852,I,W,I,0.11811089813806852,True,0
12,5gpe,11,A,False,train,seen_protein_covered_source,restricted_aa_only_s231301,all,-0.7680995901793064,1.3764990999332032,0.18741879627000124,False,0.40703597258549706,-0.4508771929824561,S,0.09629052901387032,0.11290743004457052,0.13457737339025522,False,False,W,False,0.07628619202056308,0.0,0.2,0.00362509539609146,-0.06344282577149818,-0.06706792116758964,0.12173599353415998,S,W,I,0.11811089813806852,True,0
12,5gpe,11,A,False,train,seen_protein_covered_source,restricted_aa_only_s231301,new,-0.5768328170143197,1.270792767789741,0.23951468553166133,False,0.508261083298242,-0.39473684210526316,S,0.08561193784476834,0.1017476437862919,0.12708253588683527,False,False,W,False,0.12173599353415998,0.0,0.0,0.00362509539609146,-0.06344282577149818,-0.06706792116758964,0.12173599353415998,S,W,I,0.11811089813806852,True,0
12,5gpe,11,A,False,train,seen_protein_covered_source,restricted_aa_only_s231301,old,-0.6544493140234251,1.201194470505079,0.187902770385993,False,0.39694245435007275,-0.5,S,0.10696912018297229,0.12406721630284914,0.14584467996309597,False,False,I,False,0.07458658685619424,0.0,0.0,0.00362509539609146,-0.06344282577149818,-0.06706792116758964,0.12173599353415998,S,W,I,0.11811089813806852,True,0
12,5gpe,11,A,False,train,seen_protein_covered_source,restricted_context_s231303,all,1.0500937193079887,1.1610669298132523,0.18741879627000124,False,0.1983811209674887,0.8649122807017543,I,-0.010898358022486168,0.01851944218809678,0.02476454163717012,False,True,W,False,0.03718035089442023,0.3333333333333333,0.6,0.0,-0.06706792116758964,-0.06706792116758964,0.11811089813806852,I,W,I,0.11811089813806852,True,0
12,5gpe,11,A,False,train,seen_protein_covered_source,restricted_context_s231303,new,0.6565111332746124,1.071904411269226,0.23951468553166133,False,0.49312591366117087,0.4666666666666667,I,-0.021576949191588136,0.03707645469919935,0.04921551864892824,False,True,W,False,0.11811089813806852,0.0,0.6,0.0,-0.06706792116758964,-0.06706792116758964,0.11811089813806852,I,W,I,0.11811089813806852,True,0
12,5gpe,11,A,False,train,seen_protein_covered_source,restricted_context_s231303,old,1.0127414690627425,1.013198756211076,0.187902770385993,False,0.0,0.9982456140350877,I,-0.0002197668533842009,0.0014184880112576746,0.0017030892054065057,True,True,I,True,0.0,1.0,1.0,0.0,-0.06706792116758964,-0.06706792116758964,0.11811089813806852,I,W,I,0.11811089813806852,True,0
12,5gpe,11,A,False,train,seen_protein_covered_source,restricted_aa_only_s231303,all,-0.6882719340503676,1.2431564847526357,0.18741879627000124,False,0.40703597258549706,-0.443859649122807,S,0.09184059231778718,0.10706363419634443,0.12750910006817295,False,False,W,False,0.07628619202056308,0.0,0.2,0.00362509539609146,-0.06344282577149818,-0.06706792116758964,0.12173599353415998,S,W,I,0.11811089813806852,True,0
12,5gpe,11,A,False,train,seen_protein_covered_source,restricted_aa_only_s231303,new,-0.5238554625375277,1.1476900131145955,0.23951468553166133,False,0.508261083298242,-0.4052631578947368,S,0.0811620011486852,0.09590384793806583,0.12026225645468938,False,False,W,False,0.12173599353415998,0.0,0.0,0.00362509539609146,-0.06344282577149818,-0.06706792116758964,0.12173599353415998,S,W,I,0.11811089813806852,True,0
12,5gpe,11,A,False,train,seen_protein_covered_source,restricted_aa_only_s231303,old,-0.5802038005688845,1.084833760901014,0.187902770385993,False,0.39694245435007275,-0.4912280701754386,S,0.10251918348688915,0.11822342045462306,0.13875385982574873,False,False,I,False,0.07458658685619424,0.0,0.0,0.00362509539609146,-0.06344282577149818,-0.06706792116758964,0.12173599353415998,S,W,I,0.11811089813806852,True,0
12,5gpe,11,A,False,train,seen_protein_covered_source,expanded_context_s231301,all,-0.42893858557439635,0.7357009271508479,0.18741879627000124,False,0.6336598249908242,-0.40175438596491225,Q,0.07953286205949177,0.08515205730435788,0.10541088325152302,False,False,W,False,0.11875976164443991,0.0,0.2,0.037732882642460774,-0.029335038525128865,-0.06706792116758964,0.1558437807805293,Q,W,I,0.11811089813806852,True,0
12,5gpe,11,A,False,train,seen_protein_covered_source,expanded_context_s231301,new,-0.3948169846339274,0.6792037986257116,0.23951468553166133,False,0.6506648243075199,-0.28771929824561404,Q,0.06885427089038981,0.07553727663994526,0.10004691974982707,False,False,W,False,0.1558437807805293,0.0,0.0,0.037732882642460774,-0.029335038525128865,-0.06706792116758964,0.1558437807805293,Q,W,I,0.11811089813806852,True,0
12,5gpe,11,A,False,train,seen_protein_covered_source,expanded_context_s231301,old,-0.300525941841221,0.6420054220754247,0.187902770385993,False,0.6675044684010061,-0.4789473684210526,Q,0.09021145322859374,0.09631092521574774,0.1158102983677635,False,False,I,False,0.12542593885757858,0.0,0.0,0.037732882642460774,-0.029335038525128865,-0.06706792116758964,0.1558437807805293,Q,W,I,0.11811089813806852,True,0
12,5gpe,11,A,False,train,seen_protein_covered_source,expanded_aa_only_s231301,all,-0.38950423697222003,0.667374637839767,0.18741879627000124,False,0.6336598249908242,-0.38245614035087716,Q,0.08108748165851522,0.08676365380600988,0.1049408476983448,False,False,W,False,0.11875976164443991,0.0,0.2,0.037732882642460774,-0.029335038525128865,-0.06706792116758964,0.1558437807805293,Q,W,I,0.11811089813806852,True,0
12,5gpe,11,A,False,train,seen_protein_covered_source,expanded_aa_only_s231301,new,-0.3802571090685033,0.6161245315846764,0.23951468553166133,False,0.6506648243075199,-0.2771929824561403,Q,0.07040889048941325,0.07728520513079526,0.09983230009218216,False,False,W,False,0.1558437807805293,0.0,0.0,0.037732882642460774,-0.029335038525128865,-0.06706792116758964,0.1558437807805293,Q,W,I,0.11811089813806852,True,0
12,5gpe,11,A,False,train,seen_protein_covered_source,expanded_aa_only_s231301,old,-0.2534754827033112,0.5823808564548709,0.187902770385993,False,0.6675044684010061,-0.47543859649122805,Q,0.09176607282761717,0.0968375354675457,0.11513981775791202,False,False,I,False,0.12542593885757858,0.0,0.0,0.037732882642460774,-0.029335038525128865,-0.06706792116758964,0.1558437807805293,Q,W,I,0.11811089813806852,True,0
12,5gpe,11,A,False,train,seen_protein_covered_source,expanded_context_s231303,all,-0.4138821554295263,1.1237608990560437,0.18741879627000124,False,0.47457703702173865,-0.4842105263157894,D,0.02648950192995383,0.07134878722502992,0.08286778618470503,False,False,W,False,0.08894465701599807,0.0,0.2,-0.0038055485786796517,-0.07087346974626929,-0.06706792116758964,0.11430534955938887,D,W,I,0.11811089813806852,True,0
12,5gpe,11,A,False,train,seen_protein_covered_source,expanded_context_s231303,new,-0.14187379125818916,1.03746324520998,0.23951468553166133,False,0.47723733225651793,-0.12631578947368421,D,0.01581091076085186,0.06277570967865104,0.0759860205604416,False,False,W,False,0.11430534955938887,0.0,0.2,-0.0038055485786796517,-0.07087346974626929,-0.06706792116758964,0.11430534955938887,D,W,I,0.11811089813806852,True,0
12,5gpe,11,A,False,train,seen_protein_covered_source,expanded_context_s231303,old,-0.5035904416071735,0.9806438508978608,0.187902770385993,False,0.5712218111598233,-0.6526315789473683,D,0.0371680930990558,0.08028028412486374,0.09570144929635309,False,False,I,False,0.10733416082183533,0.0,0.0,-0.0038055485786796517,-0.07087346974626929,-0.06706792116758964,0.11430534955938887,D,W,I,0.11811089813806852,True,0
12,5gpe,11,A,False,train,seen_protein_covered_source,expanded_aa_only_s231303,all,-0.3861603755871246,0.6595496369643041,0.18741879627000124,False,0.6336598249908242,-0.3929824561403509,Q,0.08124315077626601,0.0868789209740664,0.1048989847570617,False,False,W,False,0.11875976164443991,0.0,0.2,0.037732882642460774,-0.029335038525128865,-0.06706792116758964,0.1558437807805293,Q,W,I,0.11811089813806852,True,0
12,5gpe,11,A,False,train,seen_protein_covered_source,expanded_aa_only_s231303,new,-0.37485158003404767,0.6089004407581955,0.23951468553166133,False,0.6506648243075199,-0.2824561403508772,Q,0.07056455960716405,0.07740047229885177,0.09971166579669404,False,False,W,False,0.1558437807805293,0.0,0.0,0.037732882642460774,-0.029335038525128865,-0.06706792116758964,0.1558437807805293,Q,W,I,0.11811089813806852,True,0
12,5gpe,11,A,False,train,seen_protein_covered_source,expanded_aa_only_s231303,old,-0.25321237155967397,0.5755524119003051,0.187902770385993,False,0.6675044684010061,-0.48245614035087714,Q,0.09192174194536798,0.09692437131807831,0.11516805309589648,False,False,I,False,0.12542593885757858,0.0,0.0,0.037732882642460774,-0.029335038525128865,-0.06706792116758964,0.1558437807805293,Q,W,I,0.11811089813806852,True,0
12,5gpe,11,A,False,train,seen_protein_covered_source,legacy_baseline,old,0.9941673903149012,0.9942411937344643,0.187902770385993,False,0.0,1.0,I,0.0008201643736019364,0.0008374967246385733,0.0010706183776212181,True,True,I,True,0.0,1.0,1.0,0.0,-0.06706792116758964,-0.06706792116758964,0.11811089813806852,I,W,I,0.11811089813806852,True,0
12,5gpe,11,A,False,train,seen_protein_covered_source,legacy_baseline,new,1.0012510439409055,1.0013077991984474,0.23951468553166133,False,0.0,1.0,W,0.0005333467007948801,0.000545152771246291,0.0007444054025738788,True,True,W,True,0.0,1.0,1.0,0.0,-0.06706792116758964,-0.06706792116758964,0.11811089813806852,I,W,I,0.11811089813806852,True,0
12,5gpe,11,A,False,train,seen_protein_covered_source,legacy_baseline,all,0.997048416301314,0.9971318505386009,0.18741879627000124,False,0.0,0.9964912280701754,W,0.0006767555371984082,0.000684694032063139,0.0008984936103506439,True,True,W,True,0.0,1.0,1.0,0.0,-0.06706792116758964,-0.06706792116758964,0.11811089813806852,I,W,I,0.11811089813806852,True,0
12,5gpe,11,A,False,train,seen_protein_covered_source,legacy_exact,old,1.0,1.0,0.187902770385993,False,0.0,1.0,I,0.0,0.0,0.0,True,True,I,True,0.0,1.0,1.0,0.0,-0.06706792116758964,-0.06706792116758964,0.11811089813806852,I,W,I,0.11811089813806852,True,0
12,5gpe,11,A,False,train,seen_protein_covered_source,legacy_exact,new,1.0,1.0,0.23951468553166133,False,0.0,1.0,W,0.0,0.0,0.0,True,True,W,True,0.0,1.0,1.0,0.0,-0.06706792116758964,-0.06706792116758964,0.11811089813806852,I,W,I,0.11811089813806852,True,0
12,5gpe,11,A,False,train,seen_protein_covered_source,legacy_exact,all,1.0,1.0,0.18741879627000124,False,0.0,1.0,W,0.0,0.0,0.0,True,True,W,True,0.0,1.0,1.0,0.0,-0.06706792116758964,-0.06706792116758964,0.11811089813806852,I,W,I,0.11811089813806852,True,0
12,5gpe,11,A,False,train,seen_protein_covered_source,legacy_expanded_s231301,old,0.5869420322711764,0.659728019668223,0.187902770385993,False,0.0,0.8403508771929825,I,0.040478047346760596,0.04121410557771582,0.04819889555708721,True,True,I,True,0.0,0.6666666666666666,0.6,0.0,-0.06706792116758964,-0.06706792116758964,0.11811089813806852,I,W,I,0.11811089813806852,True,0
12,5gpe,11,A,False,train,seen_protein_covered_source,legacy_expanded_s231301,new,0.3172904466971105,0.4575478624035019,0.23951468553166133,False,0.39235244073214715,0.856140350877193,L,0.0402171722498496,0.04101169150558331,0.05443068557532403,False,False,W,False,0.09397417145954001,0.3333333333333333,0.8,0.0,-0.06706792116758964,-0.06706792116758964,0.11811089813806852,I,W,I,0.11811089813806852,True,0
12,5gpe,11,A,False,train,seen_protein_covered_source,legacy_expanded_s231301,all,0.4313904606161819,0.5596462432654378,0.18741879627000124,False,0.1983811209674887,0.8105263157894737,I,0.040347609798305095,0.04111289854164957,0.05026398940257932,False,False,W,False,0.03718035089442023,0.6666666666666666,0.8,0.0,-0.06706792116758964,-0.06706792116758964,0.11811089813806852,I,W,I,0.11811089813806852,True,0
12,5gpe,11,A,False,train,seen_protein_covered_source,legacy_expanded_s231303,old,0.7740759866994091,0.8662578203901811,0.187902770385993,False,0.15934742966753562,0.9210526315789472,Y,0.02175085855613082,0.024838937238456916,0.03166897047658887,True,True,I,False,0.02994182348841712,1.0,0.6,0.056890408602213616,-0.010177512565376023,-0.06706792116758964,0.17500130674028214,Y,W,I,0.11811089813806852,True,0
12,5gpe,11,A,False,train,seen_protein_covered_source,legacy_expanded_s231303,new,0.4522507523860022,0.6662283432284559,0.23951468553166133,False,0.0,0.5912280701754385,W,0.014249624701103178,0.028430849628693543,0.03828120028125137,True,True,W,True,0.0,0.6666666666666666,0.8,0.056890408602213616,-0.010177512565376023,-0.06706792116758964,0.17500130674028214,Y,W,I,0.11811089813806852,True,0
12,5gpe,11,A,False,train,seen_protein_covered_source,legacy_expanded_s231303,all,0.6152796834197103,0.7948333254237747,0.18741879627000124,False,0.43003406565276336,0.787719298245614,Y,0.018000241628617,0.02569651182760928,0.033531405042862186,False,False,W,False,0.0805964669397356,0.3333333333333333,0.6,0.056890408602213616,-0.010177512565376023,-0.06706792116758964,0.17500130674028214,Y,W,I,0.11811089813806852,True,0
12,5gpe,11,A,False,train,seen_protein_covered_source,legacy_oracle_r32,old,0.9774125669669059,0.9781112497106953,0.187902770385993,False,0.0,0.9929824561403509,I,0.004339845839096237,0.004339845839096237,0.00487339423213735,True,True,I,True,0.0,0.6666666666666666,1.0,0.0,-0.06706792116758964,-0.06706792116758964,0.11811089813806852,I,W,I,0.11811089813806852,True,0
12,5gpe,11,A,False,train,seen_protein_covered_source,legacy_oracle_r32,new,1.0101181740222076,1.012329768925485,0.23951468553166133,False,0.0,0.9947368421052631,W,0.005535454971803656,0.00575329100821146,0.006430380830468514,True,True,W,True,0.0,1.0,0.8,0.0,-0.06706792116758964,-0.06706792116758964,0.11811089813806852,I,W,I,0.11811089813806852,True,0
12,5gpe,11,A,False,train,seen_protein_covered_source,legacy_oracle_r32,all,0.9937119258340693,0.994836113728666,0.18741879627000124,False,0.0,0.9964912280701754,W,0.004937650405449946,0.004937650405449946,0.0053776223584331324,True,True,W,True,0.0,1.0,1.0,0.0,-0.06706792116758964,-0.06706792116758964,0.11811089813806852,I,W,I,0.11811089813806852,True,0
12,5gpe,11,A,False,train,seen_protein_covered_source,legacy_restricted_s231301,old,0.7228618586656637,0.747842625211323,0.187902770385993,False,0.0,0.9333333333333333,I,0.02957816709543121,0.030057794973473356,0.034239080802679386,True,True,I,True,0.0,0.3333333333333333,0.8,0.0,-0.06706792116758964,-0.06706792116758964,0.11811089813806852,I,W,I,0.11811089813806852,True,0
12,5gpe,11,A,False,train,seen_protein_covered_source,legacy_restricted_s231301,new,0.6752326055978161,0.6835283699240581,0.23951468553166133,False,0.0,0.9789473684210527,W,0.028385715409207524,0.028543273361549278,0.032848117283273075,True,True,W,True,0.0,1.0,1.0,0.0,-0.06706792116758964,-0.06706792116758964,0.11811089813806852,I,W,I,0.11811089813806852,True,0
12,5gpe,11,A,False,train,seen_protein_covered_source,legacy_restricted_s231301,all,0.6917437189846367,0.7093149572088662,0.18741879627000124,False,0.0,0.9578947368421052,W,0.028981941252319367,0.02930053416751131,0.03284236114812097,True,True,W,True,0.0,1.0,0.8,0.0,-0.06706792116758964,-0.06706792116758964,0.11811089813806852,I,W,I,0.11811089813806852,True,0
12,5gpe,11,A,False,train,seen_protein_covered_source,legacy_restricted_s231303,old,0.6703304477991484,0.7012983302042778,0.187902770385993,False,0.0,0.9140350877192982,I,0.03428876064810611,0.035128204198411624,0.03964466951944679,True,True,I,True,0.0,0.3333333333333333,0.4,0.0,-0.06706792116758964,-0.06706792116758964,0.11811089813806852,I,W,I,0.11811089813806852,True,0
12,5gpe,11,A,False,train,seen_protein_covered_source,legacy_restricted_s231303,new,0.5985113596001881,0.6308139185564505,0.23951468553166133,False,0.0,0.9403508771929823,W,0.03211931394177627,0.03280488600588825,0.03875404359639996,True,True,W,True,0.0,1.0,0.8,0.0,-0.06706792116758964,-0.06706792116758964,0.11811089813806852,I,W,I,0.11811089813806852,True,0
12,5gpe,11,A,False,train,seen_protein_covered_source,legacy_restricted_s231303,all,0.613593980289409,0.6472440151097502,0.18741879627000124,False,0.0,0.9456140350877192,W,0.033204037294941195,0.03396654510214994,0.03853569466145115,True,True,W,True,0.0,0.6666666666666666,0.8,0.0,-0.06706792116758964,-0.06706792116758964,0.11811089813806852,I,W,I,0.11811089813806852,True,0
12,5gpe,11,A,False,train,seen_protein_covered_source,legacy_wt_z,old,0.5863184741155125,0.6588987897784729,0.187902770385993,False,0.0,0.8403508771929825,I,0.041099241850152186,0.04177649537930349,0.04872588080981822,True,True,I,True,0.0,0.6666666666666666,0.6,0.0,-0.06706792116758964,-0.06706792116758964,0.11811089813806852,I,W,I,0.11811089813806852,True,0
12,5gpe,11,A,False,train,seen_protein_covered_source,legacy_wt_z,new,0.3174127351892961,0.4580426210219379,0.23951468553166133,False,0.39235244073214715,0.856140350877193,L,0.04184248215845414,0.04248017510681958,0.05564674041087036,False,False,W,False,0.09397417145954001,0.3333333333333333,0.8,0.0,-0.06706792116758964,-0.06706792116758964,0.11811089813806852,I,W,I,0.11811089813806852,True,0
12,5gpe,11,A,False,train,seen_protein_covered_source,legacy_wt_z,all,0.4310265137410676,0.559199972943604,0.18741879627000124,False,0.1983811209674887,0.8105263157894737,I,0.041470862004303166,0.042128335243061546,0.051174480071736216,False,False,W,False,0.03718035089442023,0.6666666666666666,0.8,0.0,-0.06706792116758964,-0.06706792116758964,0.11811089813806852,I,W,I,0.11811089813806852,True,0
12,5gpe,72,D,False,seen_protein_uncovered_source,train,restricted_context_s231301,all,0.3273110987616505,1.2635563233098526,0.11425977444237667,False,0.017147386874874604,0.3385964912280702,E,-0.0672060001164668,0.073469174280562,0.08169921610095715,True,True,K,False,0.0019592565565993425,0.6666666666666666,0.6,0.0,0.03525116436649778,0.03525116436649778,0.07198510817604609,E,P,E,0.07198510817604609,True,0
12,5gpe,72,D,False,seen_protein_uncovered_source,train,restricted_context_s231301,new,0.06819791660485973,1.6356814276373768,0.09783584975952275,False,0.7357743439954073,0.1456140350877193,E,-0.0013261335347621278,0.03976449506388017,0.04846412933278825,False,False,P,False,0.07198510817604609,0.0,0.2,0.0,0.03525116436649778,0.03525116436649778,0.07198510817604609,E,P,E,0.07198510817604609,True,0
12,5gpe,72,D,False,seen_protein_uncovered_source,train,restricted_context_s231301,old,0.22153831165696564,0.7590341446419454,0.22172422125762203,False,0.0,0.32631578947368417,E,-0.13308586669817143,0.13390560616926472,0.14560657640572836,True,True,E,True,0.0,0.6666666666666666,0.6,0.0,0.03525116436649778,0.03525116436649778,0.07198510817604609,E,P,E,0.07198510817604609,True,0
12,5gpe,72,D,False,seen_protein_uncovered_source,train,restricted_aa_only_s231301,all,0.19130167724127883,1.6336713227174624,0.11425977444237667,False,0.7179027187324125,0.15087719298245614,V,-0.024716652970329028,0.046290187512316575,0.06529161213708785,True,True,K,False,0.08202740271393444,0.6666666666666666,0.4,-0.019617751939771,0.015633412426726778,0.03525116436649778,0.05236735623627509,V,P,E,0.07198510817604609,True,0
12,5gpe,72,D,False,seen_protein_uncovered_source,train,restricted_aa_only_s231301,new,-0.039557167879069134,2.114797569476818,0.09783584975952275,False,0.5352573352711946,0.11929824561403508,V,0.041163213611375635,0.05753871743462235,0.07332129684735271,False,False,P,False,0.05236735623627509,0.0,0.4,-0.019617751939771,0.015633412426726778,0.03525116436649778,0.05236735623627509,V,P,E,0.07198510817604609,True,0
12,5gpe,72,D,False,seen_protein_uncovered_source,train,restricted_aa_only_s231301,old,0.1465828017906897,0.9813668707832075,0.22172422125762203,False,0.8107100037825116,0.16315789473684209,V,-0.0905965195520337,0.09388952025670426,0.11554436274047673,True,True,E,False,0.1797540442544412,0.6666666666666666,0.4,-0.019617751939771,0.015633412426726778,0.03525116436649778,0.05236735623627509,V,P,E,0.07198510817604609,True,0
12,5gpe,72,D,False,seen_protein_uncovered_source,train,restricted_context_s231303,all,-1.7078207172599247,4.695652586675745,0.11425977444237667,False,0.6795614436632711,-0.612280701754386,H,-0.0009129524795723808,0.1262183838895355,0.17149776609975206,False,False,K,False,0.07764653727270121,0.0,0.0,-0.0137050391053537,0.021546125261144078,0.03525116436649778,0.058280069070692386,H,P,E,0.07198510817604609,True,0
12,5gpe,72,D,False,seen_protein_uncovered_source,train,restricted_context_s231303,new,-2.5472557812844654,6.078551137747319,0.09783584975952275,False,0.5956923685330362,-0.512280701754386,H,0.06496691410213229,0.1144978017870068,0.18101358767798723,False,False,P,False,0.058280069070692386,0.0,0.0,-0.0137050391053537,0.021546125261144078,0.03525116436649778,0.058280069070692386,H,P,E,0.07198510817604609,True,0
12,5gpe,72,D,False,seen_protein_uncovered_source,train,restricted_context_s231303,old,-0.6840265848135236,2.8207374526265183,0.22172422125762203,False,0.7445266899629831,-0.4807017543859649,H,-0.06679281906127704,0.162140761352777,0.19041421095053496,False,False,E,False,0.16507960053755744,0.0,0.0,-0.0137050391053537,0.021546125261144078,0.03525116436649778,0.058280069070692386,H,P,E,0.07198510817604609,True,0
12,5gpe,72,D,False,seen_protein_uncovered_source,train,restricted_aa_only_s231303,all,-0.29611440301871583,1.757114445533012,0.11425977444237667,False,0.017147386874874604,-0.14035087719298248,E,-0.05298364005969083,0.07436305099515239,0.08948660105630493,False,False,K,False,0.0019592565565993425,0.6666666666666666,0.4,0.0,0.03525116436649778,0.03525116436649778,0.07198510817604609,E,P,E,0.07198510817604609,True,0
12,5gpe,72,D,False,seen_protein_uncovered_source,train,restricted_aa_only_s231303,new,-1.1847908814379553,2.2745954507695543,0.09783584975952275,False,0.7357743439954073,-0.3385964912280702,E,0.012896226522013837,0.05307384944919197,0.07636789826566413,False,False,P,False,0.07198510817604609,0.0,0.0,0.0,0.03525116436649778,0.03525116436649778,0.07198510817604609,E,P,E,0.07198510817604609,True,0
12,5gpe,72,D,False,seen_protein_uncovered_source,train,restricted_aa_only_s231303,old,0.04142408154033871,1.0555207042211923,0.22172422125762203,False,0.0,-0.06842105263157894,E,-0.11886350664139549,0.1276617286851769,0.14277314436989325,True,True,E,True,0.0,0.6666666666666666,0.4,0.0,0.03525116436649778,0.03525116436649778,0.07198510817604609,E,P,E,0.07198510817604609,True,0
12,5gpe,72,D,False,seen_protein_uncovered_source,train,expanded_context_s231301,all,1.5564763953918817,1.6706981015430344,0.11425977444237667,False,0.017147386874874604,0.9543859649122807,E,0.06751336903227072,0.06858932386703649,0.07288233771005807,True,True,K,False,0.0019592565565993425,1.0,0.8,0.0,0.03525116436649778,0.03525116436649778,0.07198510817604609,E,P,E,0.07198510817604609,True,0
12,5gpe,72,D,False,seen_protein_uncovered_source,train,expanded_context_s231301,new,0.5595989724322126,2.16272896227107,0.09783584975952275,False,0.7357743439954073,0.41578947368421054,E,0.1333932356139754,0.13558634710159134,0.1442797169334395,False,False,P,False,0.07198510817604609,0.0,0.4,0.0,0.03525116436649778,0.03525116436649778,0.07198510817604609,E,P,E,0.07198510817604609,True,0
12,5gpe,72,D,False,seen_protein_uncovered_source,train,expanded_context_s231301,old,1.0028221836333486,1.003609321615233,0.22172422125762203,False,0.0,0.9982456140350877,E,0.0016335024505660495,0.0021174054198385374,0.0027489422207679884,True,True,E,True,0.0,1.0,1.0,0.0,0.03525116436649778,0.03525116436649778,0.07198510817604609,E,P,E,0.07198510817604609,True,0
12,5gpe,72,D,False,seen_protein_uncovered_source,train,expanded_aa_only_s231301,all,1.5517877355493097,1.6710414973508594,0.11425977444237667,False,0.017147386874874604,0.9543859649122807,E,0.06556600494863239,0.06676171129875529,0.07116444028894924,True,True,K,False,0.0019592565565993425,1.0,0.8,0.0,0.03525116436649778,0.03525116436649778,0.07198510817604609,E,P,E,0.07198510817604609,True,0
12,5gpe,72,D,False,seen_protein_uncovered_source,train,expanded_aa_only_s231301,new,0.5396935412681776,2.163173490255162,0.09783584975952275,False,0.7357743439954073,0.41578947368421054,E,0.13144587153033707,0.13375873453331014,0.1425783131449731,False,False,P,False,0.07198510817604609,0.0,0.4,0.0,0.03525116436649778,0.03525116436649778,0.07198510817604609,E,P,E,0.07198510817604609,True,0
12,5gpe,72,D,False,seen_protein_uncovered_source,train,expanded_aa_only_s231301,old,1.0037247657863113,1.0038156037875887,0.22172422125762203,False,0.0,0.9982456140350877,E,-0.0003138616330722672,0.0005924004550815823,0.0008383588572176202,True,True,E,True,0.0,1.0,1.0,0.0,0.03525116436649778,0.03525116436649778,0.07198510817604609,E,P,E,0.07198510817604609,True,0
12,5gpe,72,D,False,seen_protein_uncovered_source,train,expanded_context_s231303,all,1.404334050082842,1.5172028143065959,0.11425977444237667,False,0.017147386874874604,0.956140350877193,E,0.06732978741260019,0.06732978741260019,0.07128421837316776,True,True,K,False,0.0019592565565993425,1.0,0.8,0.0,0.03525116436649778,0.03525116436649778,0.07198510817604609,E,P,E,0.07198510817604609,True,0
12,5gpe,72,D,False,seen_protein_uncovered_source,train,expanded_context_s231303,new,0.5525322377779553,1.9640283694040754,0.09783584975952275,False,0.7357743439954073,0.4122807017543859,E,0.13320965399430487,0.1336570652339429,0.1422437005552097,False,False,P,False,0.07198510817604609,0.0,0.4,0.0,0.03525116436649778,0.03525116436649778,0.07198510817604609,E,P,E,0.07198510817604609,True,0
12,5gpe,72,D,False,seen_protein_uncovered_source,train,expanded_context_s231303,old,0.8945411101023597,0.911402775769386,0.22172422125762203,False,0.0,0.9684210526315788,E,0.0014499208308955329,0.009371808764389863,0.011407555919977488,True,True,E,True,0.0,1.0,1.0,0.0,0.03525116436649778,0.03525116436649778,0.07198510817604609,E,P,E,0.07198510817604609,True,0
12,5gpe,72,D,False,seen_protein_uncovered_source,train,expanded_aa_only_s231303,all,1.5481058417801539,1.6701645896835748,0.11425977444237667,False,0.017147386874874604,0.9543859649122807,E,0.06573512322675308,0.06692792836000512,0.07135482032326868,True,True,K,False,0.0019592565565993425,1.0,0.8,0.0,0.03525116436649778,0.03525116436649778,0.07198510817604609,E,P,E,0.07198510817604609,True,0
12,5gpe,72,D,False,seen_protein_uncovered_source,train,expanded_aa_only_s231303,new,0.5296266131522523,2.1620383278894884,0.09783584975952275,False,0.7357743439954073,0.41578947368421054,E,0.13161498980845776,0.13392495159455997,0.14276960451861595,False,False,P,False,0.07198510817604609,0.0,0.4,0.0,0.03525116436649778,0.03525116436649778,0.07198510817604609,E,P,E,0.07198510817604609,True,0
12,5gpe,72,D,False,seen_protein_uncovered_source,train,expanded_aa_only_s231303,old,1.0032353166840233,1.0032888343441628,0.22172422125762203,False,0.0,0.9982456140350877,E,-0.0001447433549515738,0.0004983931157529721,0.0006195917127853212,True,True,E,True,0.0,1.0,1.0,0.0,0.03525116436649778,0.03525116436649778,0.07198510817604609,E,P,E,0.07198510817604609,True,0
12,5gpe,72,D,False,seen_protein_uncovered_source,train,legacy_baseline,old,0.994920466836111,0.9949469835795296,0.22172422125762203,False,0.0,1.0,E,-0.0012505658783370861,0.0012505658783370861,0.0013438277258097854,True,True,E,True,0.0,1.0,1.0,0.0,0.03525116436649778,0.03525116436649778,0.07198510817604609,E,P,E,0.07198510817604609,True,0
12,5gpe,72,D,False,seen_protein_uncovered_source,train,legacy_baseline,new,0.9974959292990991,0.997581793043542,0.09783584975952275,False,0.0,1.0,P,-0.00048541500716497695,0.0005035275360926418,0.0005944670682821886,True,True,P,True,0.0,1.0,1.0,0.0,0.03525116436649778,0.03525116436649778,0.07198510817604609,E,P,E,0.07198510817604609,True,0
12,5gpe,72,D,False,seen_protein_uncovered_source,train,legacy_baseline,all,0.9927400737320026,0.9927843992004354,0.11425977444237667,False,0.0,1.0,K,-0.0008679904427510315,0.0008679904427510315,0.0009538273613667765,True,True,K,True,0.0,1.0,1.0,0.0,0.03525116436649778,0.03525116436649778,0.07198510817604609,E,P,E,0.07198510817604609,True,0
12,5gpe,72,D,False,seen_protein_uncovered_source,train,legacy_exact,old,1.0,1.0,0.22172422125762203,False,0.0,1.0,E,0.0,0.0,0.0,True,True,E,True,0.0,1.0,1.0,0.0,0.03525116436649778,0.03525116436649778,0.07198510817604609,E,P,E,0.07198510817604609,True,0
12,5gpe,72,D,False,seen_protein_uncovered_source,train,legacy_exact,new,1.0,1.0,0.09783584975952275,False,0.0,1.0,P,0.0,0.0,0.0,True,True,P,True,0.0,1.0,1.0,0.0,0.03525116436649778,0.03525116436649778,0.07198510817604609,E,P,E,0.07198510817604609,True,0
12,5gpe,72,D,False,seen_protein_uncovered_source,train,legacy_exact,all,1.0,1.0,0.11425977444237667,False,0.0,1.0,K,0.0,0.0,0.0,True,True,K,True,0.0,1.0,1.0,0.0,0.03525116436649778,0.03525116436649778,0.07198510817604609,E,P,E,0.07198510817604609,True,0
12,5gpe,72,D,False,seen_protein_uncovered_source,train,legacy_expanded_s231301,old,0.8919003904306478,0.9284984387600711,0.22172422125762203,False,0.0,0.9368421052631579,E,-0.05064623239360345,0.05064623239360345,0.052973621522069136,True,True,E,True,0.0,0.6666666666666666,0.8,0.0,0.03525116436649778,0.03525116436649778,0.07198510817604609,E,P,E,0.07198510817604609,True,0
12,5gpe,72,D,False,seen_protein_uncovered_source,train,legacy_expanded_s231301,new,0.6897290234009918,0.8685556161364072,0.09783584975952275,False,0.008482921335751499,0.6912280701754386,C,-0.03103138112262367,0.031215407504983902,0.034807918556069524,False,True,P,False,0.0008299338173264337,0.6666666666666666,0.8,0.0,0.03525116436649778,0.03525116436649778,0.07198510817604609,E,P,E,0.07198510817604609,True,0
12,5gpe,72,D,False,seen_protein_uncovered_source,train,legacy_expanded_s231301,all,0.826514366495795,0.9161321595396071,0.11425977444237667,False,0.0,0.8912280701754386,K,-0.040838806758113556,0.040838806758113556,0.0432990947125519,True,True,K,True,0.0,0.6666666666666666,0.6,0.0,0.03525116436649778,0.03525116436649778,0.07198510817604609,E,P,E,0.07198510817604609,True,0
12,5gpe,72,D,False,seen_protein_uncovered_source,train,legacy_expanded_s231303,old,0.9323816675600121,0.9498246018661918,0.22172422125762203,False,0.0,0.9789473684210527,E,-0.02758365247948549,0.02758365247948549,0.029598103592466375,True,True,E,True,0.0,1.0,1.0,0.0,0.03525116436649778,0.03525116436649778,0.07198510817604609,E,P,E,0.07198510817604609,True,0
12,5gpe,72,D,False,seen_protein_uncovered_source,train,legacy_expanded_s231303,new,0.8025648541070586,0.9338371210554186,0.09783584975952275,False,0.008482921335751499,0.7859649122807018,C,-0.02495413514962429,0.02495413514962429,0.0282794056481169,True,True,P,False,0.0008299338173264337,1.0,0.8,0.0,0.03525116436649778,0.03525116436649778,0.07198510817604609,E,P,E,0.07198510817604609,True,0
12,5gpe,72,D,False,seen_protein_uncovered_source,train,legacy_expanded_s231303,all,0.8375622958505621,0.8899047266790757,0.11425977444237667,False,0.017147386874874604,0.9456140350877192,E,-0.02626889381455489,0.02626889381455489,0.02863324173232999,True,True,K,False,0.0019592565565993425,1.0,0.6,0.0,0.03525116436649778,0.03525116436649778,0.07198510817604609,E,P,E,0.07198510817604609,True,0
12,5gpe,72,D,False,seen_protein_uncovered_source,train,legacy_oracle_r32,old,1.002595546168187,1.0030914733570255,0.22172422125762203,False,0.0,0.9947368421052631,E,-0.002850584800490169,0.0029870353983772265,0.0033481099565894597,True,True,E,True,0.0,0.6666666666666666,1.0,0.0,0.03525116436649778,0.03525116436649778,0.07198510817604609,E,P,E,0.07198510817604609,True,0
12,5gpe,72,D,False,seen_protein_uncovered_source,train,legacy_oracle_r32,new,0.99986190983056,1.0011738103460623,0.09783584975952275,False,0.0,0.9964912280701754,P,-0.003869588064906051,0.003869588064906051,0.004088357085150267,True,True,P,True,0.0,1.0,0.8,0.0,0.03525116436649778,0.03525116436649778,0.07198510817604609,E,P,E,0.07198510817604609,True,0
12,5gpe,72,D,False,seen_protein_uncovered_source,train,legacy_oracle_r32,all,0.9976487090192622,0.9983428327127943,0.11425977444237667,False,0.0,0.9964912280701754,K,-0.0033600864326981104,0.0033600864326981104,0.0035827376462502824,True,True,K,True,0.0,1.0,0.8,0.0,0.03525116436649778,0.03525116436649778,0.07198510817604609,E,P,E,0.07198510817604609,True,0
12,5gpe,72,D,False,seen_protein_uncovered_source,train,legacy_restricted_s231301,old,0.7772129075053335,1.0394282717347865,0.22172422125762203,False,0.0,0.7298245614035088,E,-0.030997933543089655,0.04591692032244346,0.050800861181654486,True,True,E,True,0.0,0.6666666666666666,0.8,0.0,0.03525116436649778,0.03525116436649778,0.07198510817604609,E,P,E,0.07198510817604609,True,0
12,5gpe,72,D,False,seen_protein_uncovered_source,train,legacy_restricted_s231301,new,0.21257445894480675,1.300894074363397,0.09783584975952275,False,0.008482921335751499,0.3385964912280702,C,-0.020315773485612584,0.03762668542206824,0.04377515775920183,False,False,P,False,0.0008299338173264337,0.3333333333333333,0.6,0.0,0.03525116436649778,0.03525116436649778,0.07198510817604609,E,P,E,0.07198510817604609,True,0
12,5gpe,72,D,False,seen_protein_uncovered_source,train,legacy_restricted_s231301,all,0.4997210986805381,1.1726503608920305,0.11425977444237667,False,0.0,0.5614035087719299,K,-0.02565685351435112,0.04177180287225585,0.0467661132258049,True,True,K,True,0.0,0.6666666666666666,0.6,0.0,0.03525116436649778,0.03525116436649778,0.07198510817604609,E,P,E,0.07198510817604609,True,0
12,5gpe,72,D,False,seen_protein_uncovered_source,train,legacy_restricted_s231303,old,0.9287128128944336,0.9803789130292158,0.22172422125762203,False,0.0,0.9052631578947368,E,-0.044887823027838024,0.0456177400466671,0.048314907269631106,True,True,E,True,0.0,0.6666666666666666,1.0,0.0,0.03525116436649778,0.03525116436649778,0.07198510817604609,E,P,E,0.07198510817604609,True,0
12,5gpe,72,D,False,seen_protein_uncovered_source,train,legacy_restricted_s231303,new,0.8103270839244424,1.013627224607757,0.09783584975952275,False,0.008482921335751499,0.6859649122807018,C,-0.041656123097081915,0.041656123097081915,0.04477725662333873,False,True,P,False,0.0008299338173264337,0.6666666666666666,0.8,0.0,0.03525116436649778,0.03525116436649778,0.07198510817604609,E,P,E,0.07198510817604609,True,0
12,5gpe,72,D,False,seen_protein_uncovered_source,train,legacy_restricted_s231303,all,0.8474288827602336,0.9662353377721723,0.11425977444237667,False,0.0,0.8736842105263157,K,-0.043271973062459966,0.043271973062459966,0.046236270858106075,True,True,K,True,0.0,1.0,0.6,0.0,0.03525116436649778,0.03525116436649778,0.07198510817604609,E,P,E,0.07198510817604609,True,0
12,5gpe,72,D,False,seen_protein_uncovered_source,train,legacy_wt_z,old,0.8914786837703872,0.9281947147585267,0.22172422125762203,False,0.0,0.9350877192982456,E,-0.050321588943512095,0.050321588943512095,0.05267149867354546,True,True,E,True,0.0,0.6666666666666666,0.8,0.0,0.03525116436649778,0.03525116436649778,0.07198510817604609,E,P,E,0.07198510817604609,True,0
12,5gpe,72,D,False,seen_protein_uncovered_source,train,legacy_wt_z,new,0.6900484062214507,0.8673619486452161,0.09783584975952275,False,0.008482921335751499,0.6912280701754386,C,-0.029423572998152528,0.029766942526738418,0.03335556093220965,False,True,P,False,0.0008299338173264337,0.6666666666666666,0.8,0.0,0.03525116436649778,0.03525116436649778,0.07198510817604609,E,P,E,0.07198510817604609,True,0
12,5gpe,72,D,False,seen_protein_uncovered_source,train,legacy_wt_z,all,0.8269351073089962,0.9164473331430617,0.11425977444237667,False,0.0,0.8912280701754386,K,-0.03987258097083232,0.03987258097083232,0.042385527039610564,True,True,K,True,0.0,0.6666666666666666,0.6,0.0,0.03525116436649778,0.03525116436649778,0.07198510817604609,E,P,E,0.07198510817604609,True,0
16,1ysb,110,V,True,unseen_protein_uncovered_source,unseen_protein_covered_source,restricted_context_s231301,all,2.787490763648125,24.36064736391846,0.045782798498193555,False,0.3685592805036843,-0.12982456140350876,C,-0.005294293026558652,0.25513029489114153,0.31499758193271743,False,False,W,False,0.016873675273939376,0.0,0.2,0.017956295200923567,-0.00838563479887977,-0.026341929999803337,0.022405939334478542,C,K,W,0.004449644133554975,False,2
16,1ysb,110,V,True,unseen_protein_uncovered_source,unseen_protein_covered_source,restricted_context_s231301,new,4.021434318158109,21.37096070542834,0.053046164797434237,False,0.42238566011396705,0.03859649122807017,C,-0.005989498754166066,0.2535986317951357,0.31378407535928243,False,True,K,False,0.022405939334478542,0.0,0.2,0.017956295200923567,-0.00838563479887977,-0.026341929999803337,0.022405939334478542,C,K,W,0.004449644133554975,False,2
16,1ysb,110,V,True,unseen_protein_uncovered_source,unseen_protein_covered_source,restricted_context_s231301,old,0.3963233809863522,25.934158644101185,0.046147497897314815,False,0.34218659876409074,-0.20877192982456141,C,-0.004599087298951216,0.25666195798714736,0.3162563528276704,False,False,W,False,0.015791055346955185,0.0,0.0,0.017956295200923567,-0.00838563479887977,-0.026341929999803337,0.022405939334478542,C,K,W,0.004449644133554975,False,2
16,1ysb,110,V,True,unseen_protein_uncovered_source,unseen_protein_covered_source,restricted_aa_only_s231301,all,1.1062389048329961,3.9928074636002284,0.045782798498193555,False,0.23793499723270115,0.22280701754385965,D,0.08915899992129207,0.08915899992129207,0.10213043137547058,False,False,W,False,0.010893330033972998,0.0,0.4,0.012551411002708235,-0.013790518997095103,-0.026341929999803337,0.01700105513626321,D,K,W,0.004449644133554975,False,1
16,1ysb,110,V,True,unseen_protein_uncovered_source,unseen_protein_covered_source,restricted_aa_only_s231301,new,1.1431670558920284,3.502785871582682,0.053046164797434237,False,0.3204954627951826,0.2719298245614035,D,0.08846379419368465,0.08846379419368465,0.10114263463352846,True,True,K,False,0.01700105513626321,0.3333333333333333,0.4,0.012551411002708235,-0.013790518997095103,-0.026341929999803337,0.01700105513626321,D,K,W,0.004449644133554975,False,1
16,1ysb,110,V,True,unseen_protein_uncovered_source,unseen_protein_covered_source,restricted_aa_only_s231301,old,0.8240547480939807,4.250712251174894,0.046147497897314815,False,0.200124589328496,0.15789473684210528,D,0.08985420564889951,0.08985420564889951,0.1032617590944955,False,False,W,False,0.00923524906523776,0.0,0.2,0.012551411002708235,-0.013790518997095103,-0.026341929999803337,0.01700105513626321,D,K,W,0.004449644133554975,False,1
16,1ysb,110,V,True,unseen_protein_uncovered_source,unseen_protein_covered_source,restricted_context_s231303,all,7.937029120155526,32.632795410830745,0.045782798498193555,False,0.5223719360672566,0.3140350877192983,E,1.0461453385076915,1.0461453385076915,1.1275187396746704,False,False,W,False,0.023915649090078456,0.3333333333333333,0.4,0.021585786257242057,-0.004756143742561281,-0.026341929999803337,0.026035430390797032,E,K,W,0.004449644133554975,False,1
16,1ysb,110,V,True,unseen_protein_uncovered_source,unseen_protein_covered_source,restricted_context_s231303,new,8.191613321182075,28.627900482894592,0.053046164797434237,False,0.49080702611051585,0.32807017543859646,E,1.045450132780084,1.045450132780084,1.1264914150271268,False,False,K,False,0.026035430390797032,0.3333333333333333,0.4,0.021585786257242057,-0.004756143742561281,-0.026341929999803337,0.026035430390797032,E,K,W,0.004449644133554975,False,1
16,1ysb,110,V,True,unseen_protein_uncovered_source,unseen_protein_covered_source,restricted_context_s231303,old,5.92768523638546,34.74062411159389,0.046147497897314815,False,0.568730984750573,0.30701754385964913,E,1.0468405442352988,1.0468405442352988,1.1285591175969993,False,False,W,False,0.026245511922914855,0.3333333333333333,0.4,0.021585786257242057,-0.004756143742561281,-0.026341929999803337,0.026035430390797032,E,K,W,0.004449644133554975,False,1
16,1ysb,110,V,True,unseen_protein_uncovered_source,unseen_protein_covered_source,restricted_aa_only_s231303,all,1.5081712569099714,2.615823774729329,0.045782798498193555,False,0.5223719360672566,0.512280701754386,E,0.049981666291552956,0.05060988496702399,0.05754256381691754,False,False,W,False,0.023915649090078456,0.3333333333333333,0.4,0.021585786257242057,-0.004756143742561281,-0.026341929999803337,0.026035430390797032,E,K,W,0.004449644133554975,False,1
16,1ysb,110,V,True,unseen_protein_uncovered_source,unseen_protein_covered_source,restricted_aa_only_s231303,new,1.324619994444099,2.2947939874892413,0.053046164797434237,False,0.49080702611051585,0.46315789473684205,E,0.04928646056394553,0.04967830115976185,0.05675214975523592,False,True,K,False,0.026035430390797032,0.3333333333333333,0.4,0.021585786257242057,-0.004756143742561281,-0.026341929999803337,0.026035430390797032,E,K,W,0.004449644133554975,False,1
16,1ysb,110,V,True,unseen_protein_uncovered_source,unseen_protein_covered_source,restricted_aa_only_s231303,old,1.4679056865150015,2.78478596013509,0.046147497897314815,False,0.568730984750573,0.5368421052631579,E,0.05067687201916038,0.05154146877428615,0.05859232206892792,False,False,W,False,0.026245511922914855,0.3333333333333333,0.4,0.021585786257242057,-0.004756143742561281,-0.026341929999803337,0.026035430390797032,E,K,W,0.004449644133554975,False,1
16,1ysb,110,V,True,unseen_protein_uncovered_source,unseen_protein_covered_source,expanded_context_s231301,all,-13.832462513038507,57.41642354742521,0.045782798498193555,False,0.37403501469923744,-0.20526315789473687,T,-1.4955397282173868,1.4955397282173868,1.6723614966967641,False,False,W,False,0.017124369709244053,0.0,0.2,0.01852227407169682,-0.007819655928106517,-0.026341929999803337,0.022971918205251796,T,K,W,0.004449644133554975,False,2
16,1ysb,110,V,True,unseen_protein_uncovered_source,unseen_protein_covered_source,expanded_context_s231301,new,-5.9409196920356,50.3699311905676,0.053046164797434237,False,0.43305521318975565,-0.04035087719298246,T,-1.4962349339449943,1.4962349339449943,1.6723826685476908,False,False,K,False,0.022971918205251796,0.0,0.2,0.01852227407169682,-0.007819655928106517,-0.026341929999803337,0.022971918205251796,T,K,W,0.004449644133554975,False,2
16,1ysb,110,V,True,unseen_protein_uncovered_source,unseen_protein_covered_source,expanded_context_s231301,old,-22.605403679901823,61.12508484734767,0.046147497897314815,False,0.34078695624592814,-0.3245614035087719,T,-1.4948445224897795,1.4948445224897795,1.6723497644377532,False,False,W,False,0.015726465346791285,0.0,0.2,0.01852227407169682,-0.007819655928106517,-0.026341929999803337,0.022971918205251796,T,K,W,0.004449644133554975,False,2
16,1ysb,110,V,True,unseen_protein_uncovered_source,unseen_protein_covered_source,expanded_aa_only_s231301,all,-14.161012894888797,58.593132061824306,0.045782798498193555,False,0.37403501469923744,-0.2263157894736842,T,-1.5491411939445403,1.5491411939445403,1.727164803293,False,False,W,False,0.017124369709244053,0.0,0.2,0.01852227407169682,-0.007819655928106517,-0.026341929999803337,0.022971918205251796,T,K,W,0.004449644133554975,False,2
16,1ysb,110,V,True,unseen_protein_uncovered_source,unseen_protein_covered_source,expanded_aa_only_s231301,new,-6.131511249528989,51.402226886461655,0.053046164797434237,False,0.43305521318975565,-0.06140350877192983,T,-1.549836399672148,1.549836399672148,1.727198987861772,False,False,K,False,0.022971918205251796,0.0,0.2,0.01852227407169682,-0.007819655928106517,-0.026341929999803337,0.022971918205251796,T,K,W,0.004449644133554975,False,2
16,1ysb,110,V,True,unseen_protein_uncovered_source,unseen_protein_covered_source,expanded_aa_only_s231301,old,-23.069460815503273,62.377799721234425,0.046147497897314815,False,0.34078695624592814,-0.34210526315789475,T,-1.548445988216933,1.548445988216933,1.727139758445618,False,False,W,False,0.015726465346791285,0.0,0.2,0.01852227407169682,-0.007819655928106517,-0.026341929999803337,0.022971918205251796,T,K,W,0.004449644133554975,False,2
16,1ysb,110,V,True,unseen_protein_uncovered_source,unseen_protein_covered_source,expanded_context_s231303,all,-0.7629236461375919,2.26462192649882,0.045782798498193555,False,0.3699545242503405,-0.39649122807017545,I,0.08143512624406975,0.08143512624406975,0.0890003873131618,False,False,W,False,0.016937553437248398,0.0,0.0,0.026897887515418994,0.0005559575156156571,-0.026341929999803337,0.03134753164897397,I,K,W,0.004449644133554975,False,3
16,1ysb,110,V,True,unseen_protein_uncovered_source,unseen_protein_covered_source,expanded_context_s231303,new,-0.7809114499349906,1.9866937639572204,0.053046164797434237,False,0.5909481254428068,-0.4508771929824561,I,0.0807399205164623,0.0807399205164623,0.0891267127004362,False,False,K,False,0.03134753164897397,0.0,0.0,0.026897887515418994,0.0005559575156156571,-0.026341929999803337,0.03134753164897397,I,K,W,0.004449644133554975,False,3
16,1ysb,110,V,True,unseen_protein_uncovered_source,unseen_protein_covered_source,expanded_context_s231303,old,-0.5793289997179166,2.4108991618063236,0.046147497897314815,False,0.15119388216026736,-0.28947368421052627,I,0.08213033197167716,0.08213033197167716,0.08905133560492608,False,False,W,False,0.006977219359077802,0.0,0.2,0.026897887515418994,0.0005559575156156571,-0.026341929999803337,0.03134753164897397,I,K,W,0.004449644133554975,False,3
16,1ysb,110,V,True,unseen_protein_uncovered_source,unseen_protein_covered_source,expanded_aa_only_s231303,all,-14.153240067773032,58.411020976756696,0.045782798498193555,False,0.37403501469923744,-0.2263157894736842,T,-1.5431419205690793,1.5431419205690793,1.720742532204318,False,False,W,False,0.017124369709244053,0.0,0.2,0.01852227407169682,-0.007819655928106517,-0.026341929999803337,0.022971918205251796,T,K,W,0.004449644133554975,False,2
16,1ysb,110,V,True,unseen_protein_uncovered_source,unseen_protein_covered_source,expanded_aa_only_s231303,new,-6.133463413840818,51.24246558025075,0.053046164797434237,False,0.43305521318975565,-0.06140350877192983,T,-1.543837126296687,1.543837126296687,1.7207754298228934,False,False,K,False,0.022971918205251796,0.0,0.2,0.01852227407169682,-0.007819655928106517,-0.026341929999803337,0.022971918205251796,T,K,W,0.004449644133554975,False,2
16,1ysb,110,V,True,unseen_protein_uncovered_source,unseen_protein_covered_source,expanded_aa_only_s231303,old,-23.048967208817267,62.18392565457115,0.046147497897314815,False,0.34078695624592814,-0.34210526315789475,T,-1.542446714841472,1.542446714841472,1.7207188084628222,False,False,W,False,0.015726465346791285,0.0,0.2,0.01852227407169682,-0.007819655928106517,-0.026341929999803337,0.022971918205251796,T,K,W,0.004449644133554975,False,2
16,1ysb,110,V,True,unseen_protein_uncovered_source,unseen_protein_covered_source,legacy_baseline,old,1.0009508311417203,1.0009722695141052,0.046147497897314815,False,0.0,1.0,W,-1.0581825072402948e-05,6.506611077408248e-05,8.139580180684198e-05,True,True,W,True,0.0,1.0,1.0,0.0,-0.026341929999803337,-0.026341929999803337,0.004449644133554975,W,K,W,0.004449644133554975,False,1
16,1ysb,110,V,True,unseen_protein_uncovered_source,unseen_protein_covered_source,legacy_baseline,new,1.0001907431806987,1.0002035234956996,0.053046164797434237,False,0.0,1.0,K,4.898694209942419e-05,7.141950796573911e-05,8.946216969958725e-05,True,True,K,True,0.0,1.0,1.0,0.0,-0.026341929999803337,-0.026341929999803337,0.004449644133554975,W,K,W,0.004449644133554975,False,1
16,1ysb,110,V,True,unseen_protein_uncovered_source,unseen_protein_covered_source,legacy_baseline,all,1.0003497215871058,1.0003652214712693,0.045782798498193555,False,0.0,0.9982456140350877,W,1.920255851351062e-05,5.982000659582174e-05,7.492107888620904e-05,True,True,W,True,0.0,1.0,1.0,0.0,-0.026341929999803337,-0.026341929999803337,0.004449644133554975,W,K,W,0.004449644133554975,False,1
16,1ysb,110,V,True,unseen_protein_uncovered_source,unseen_protein_covered_source,legacy_exact,old,1.0,1.0,0.046147497897314815,False,0.0,1.0,W,0.0,0.0,0.0,True,True,W,True,0.0,1.0,1.0,0.0,-0.026341929999803337,-0.026341929999803337,0.004449644133554975,W,K,W,0.004449644133554975,False,1
16,1ysb,110,V,True,unseen_protein_uncovered_source,unseen_protein_covered_source,legacy_exact,new,1.0,1.0,0.053046164797434237,False,0.0,1.0,K,0.0,0.0,0.0,True,True,K,True,0.0,1.0,1.0,0.0,-0.026341929999803337,-0.026341929999803337,0.004449644133554975,W,K,W,0.004449644133554975,False,1
16,1ysb,110,V,True,unseen_protein_uncovered_source,unseen_protein_covered_source,legacy_exact,all,1.0,1.0,0.045782798498193555,False,0.0,1.0,W,0.0,0.0,0.0,True,True,W,True,0.0,1.0,1.0,0.0,-0.026341929999803337,-0.026341929999803337,0.004449644133554975,W,K,W,0.004449644133554975,False,1
16,1ysb,110,V,True,unseen_protein_uncovered_source,unseen_protein_covered_source,legacy_expanded_s231301,old,0.03587113848460743,0.19902869196330417,0.046147497897314815,False,0.0488434688163022,0.1087719298245614,F,0.01220808036277912,0.015539610912694854,0.017114100159596853,True,True,W,False,0.0022540038744978674,0.6666666666666666,0.4,-0.0011406001576729774,-0.027482530157476315,-0.026341929999803337,0.003309043975881998,F,K,W,0.004449644133554975,False,0
16,1ysb,110,V,True,unseen_protein_uncovered_source,unseen_protein_covered_source,legacy_expanded_s231301,new,-0.03383308447159507,0.22211265997773705,0.053046164797434237,False,0.06238045650459638,-0.13508771929824562,F,0.010526194222409562,0.016208930158812654,0.018849111199096612,False,False,K,False,0.003309043975881998,0.3333333333333333,0.2,-0.0011406001576729774,-0.027482530157476315,-0.026341929999803337,0.003309043975881998,F,K,W,0.004449644133554975,False,0
16,1ysb,110,V,True,unseen_protein_uncovered_source,unseen_protein_covered_source,legacy_expanded_s231301,all,0.0011319356733432144,0.20934678683975833,0.045782798498193555,False,0.012159629307815483,0.11754385964912278,F,0.011367137292594342,0.015874270535753753,0.01745464497469288,True,True,W,False,0.000556701858412445,0.6666666666666666,0.4,-0.0011406001576729774,-0.027482530157476315,-0.026341929999803337,0.003309043975881998,F,K,W,0.004449644133554975,False,0
16,1ysb,110,V,True,unseen_protein_uncovered_source,unseen_protein_covered_source,legacy_expanded_s231303,old,-0.2691026642375276,0.8580241941813032,0.046147497897314815,False,0.34218659876409074,-0.30526315789473685,C,-0.007202625766590187,0.01665473467491794,0.019746519946291785,False,False,W,False,0.015791055346955185,0.0,0.2,0.017956295200923567,-0.00838563479887977,-0.026341929999803337,0.022405939334478542,C,K,W,0.004449644133554975,False,2
16,1ysb,110,V,True,unseen_protein_uncovered_source,unseen_protein_covered_source,legacy_expanded_s231303,new,-0.24839598860933712,0.9552809294979433,0.053046164797434237,False,0.42238566011396705,-0.28070175438596495,C,-0.022308227362254712,0.02728695143763535,0.032015850085760154,False,False,K,False,0.022405939334478542,0.0,0.2,0.017956295200923567,-0.00838563479887977,-0.026341929999803337,0.022405939334478542,C,K,W,0.004449644133554975,False,2
16,1ysb,110,V,True,unseen_protein_uncovered_source,unseen_protein_covered_source,legacy_expanded_s231303,all,-0.3034097728850305,0.9187025175648796,0.045782798498193555,False,0.3685592805036843,-0.3245614035087719,C,-0.014755426564422448,0.021002752459955823,0.025111142955200387,False,False,W,False,0.016873675273939376,0.0,0.2,0.017956295200923567,-0.00838563479887977,-0.026341929999803337,0.022405939334478542,C,K,W,0.004449644133554975,False,2
16,1ysb,110,V,True,unseen_protein_uncovered_source,unseen_protein_covered_source,legacy_oracle_r32,old,0.9722750240096913,0.9750173920668711,0.046147497897314815,False,0.0,0.9964912280701754,W,-0.0013182303933784636,0.0013428787200701123,0.001626559682962289,True,True,W,True,0.0,1.0,1.0,0.0,-0.026341929999803337,-0.026341929999803337,0.004449644133554975,W,K,W,0.004449644133554975,False,1
16,1ysb,110,V,True,unseen_protein_uncovered_source,unseen_protein_covered_source,legacy_oracle_r32,new,0.9842397197659177,0.9871820521065682,0.053046164797434237,False,0.0,0.9912280701754386,K,-0.0012676952747840916,0.0013753175605821788,0.0017120293366475942,True,True,K,True,0.0,1.0,1.0,0.0,-0.026341929999803337,-0.026341929999803337,0.004449644133554975,W,K,W,0.004449644133554975,False,1
16,1ysb,110,V,True,unseen_protein_uncovered_source,unseen_protein_covered_source,legacy_oracle_r32,all,0.9776077826048518,0.980494884948836,0.045782798498193555,False,0.0,0.9631578947368421,W,-0.0012929628340812775,0.0013543928267774064,0.0016457564349657494,True,True,W,True,0.0,0.6666666666666666,1.0,0.0,-0.026341929999803337,-0.026341929999803337,0.004449644133554975,W,K,W,0.004449644133554975,False,1
16,1ysb,110,V,True,unseen_protein_uncovered_source,unseen_protein_covered_source,legacy_restricted_s231301,old,0.08992214688530445,0.5860891270405323,0.046147497897314815,False,0.0488434688163022,0.15789473684210528,F,0.015537381522267392,0.018421278579611854,0.02035596308856986,True,True,W,False,0.0022540038744978674,0.6666666666666666,0.4,-0.0011406001576729774,-0.027482530157476315,-0.026341929999803337,0.003309043975881998,F,K,W,0.004449644133554975,False,0
16,1ysb,110,V,True,unseen_protein_uncovered_source,unseen_protein_covered_source,legacy_restricted_s231301,new,0.02903945244542303,0.5173465228423483,0.053046164797434237,False,0.06238045650459638,0.07543859649122807,F,0.01542694080518063,0.019511354815925704,0.0224218647691766,False,False,K,False,0.003309043975881998,0.3333333333333333,0.4,-0.0011406001576729774,-0.027482530157476315,-0.026341929999803337,0.003309043975881998,F,K,W,0.004449644133554975,False,0
16,1ysb,110,V,True,unseen_protein_uncovered_source,unseen_protein_covered_source,legacy_restricted_s231301,all,0.06966553589253145,0.5660056636859054,0.045782798498193555,False,0.012159629307815483,0.18771929824561404,F,0.015482161163724011,0.01896631669776878,0.0209438280672379,True,True,W,False,0.000556701858412445,0.6666666666666666,0.4,-0.0011406001576729774,-0.027482530157476315,-0.026341929999803337,0.003309043975881998,F,K,W,0.004449644133554975,False,0
16,1ysb,110,V,True,unseen_protein_uncovered_source,unseen_protein_covered_source,legacy_restricted_s231303,old,0.24622564017910226,0.6733739957883054,0.046147497897314815,False,0.0,0.4666666666666667,W,0.011874502262577346,0.015846069954241582,0.016847406399370345,True,True,W,True,0.0,0.6666666666666666,0.4,0.0,-0.026341929999803337,-0.026341929999803337,0.004449644133554975,W,K,W,0.004449644133554975,False,1
16,1ysb,110,V,True,unseen_protein_uncovered_source,unseen_protein_covered_source,legacy_restricted_s231303,new,0.21107705546741082,0.54414048641061,0.053046164797434237,False,0.06238045650459638,0.4421052631578948,F,0.013567809660083342,0.01755160493433136,0.019374511388281758,True,True,K,False,0.003309043975881998,0.6666666666666666,0.6,0.0,-0.026341929999803337,-0.026341929999803337,0.004449644133554975,W,K,W,0.004449644133554975,False,1
16,1ysb,110,V,True,unseen_protein_uncovered_source,unseen_protein_covered_source,legacy_restricted_s231303,all,0.24523404668497537,0.612639956880362,0.045782798498193555,False,0.012159629307815483,0.5228070175438596,F,0.012721155961330345,0.016698837444286473,0.017631898056914615,True,True,W,False,0.000556701858412445,0.6666666666666666,0.6,0.0,-0.026341929999803337,-0.026341929999803337,0.004449644133554975,W,K,W,0.004449644133554975,False,1
16,1ysb,110,V,True,unseen_protein_uncovered_source,unseen_protein_covered_source,legacy_wt_z,old,0.035478791124217146,0.19766703563960925,0.046147497897314815,False,0.0488434688163022,0.1087719298245614,F,0.012197208544226845,0.015533225884634546,0.017107408900225513,True,True,W,False,0.0022540038744978674,0.6666666666666666,0.4,-0.0011406001576729774,-0.027482530157476315,-0.026341929999803337,0.003309043975881998,F,K,W,0.004449644133554975,False,0
16,1ysb,110,V,True,unseen_protein_uncovered_source,unseen_protein_covered_source,legacy_wt_z,new,-0.03370593897526304,0.22120042102228002,0.053046164797434237,False,0.06238045650459638,-0.13508771929824562,F,0.010431199418635675,0.016152762358469974,0.01879239138692387,False,False,K,False,0.003309043975881998,0.3333333333333333,0.2,-0.0011406001576729774,-0.027482530157476315,-0.026341929999803337,0.003309043975881998,F,K,W,0.004449644133554975,False,0
16,1ysb,110,V,True,unseen_protein_uncovered_source,unseen_protein_covered_source,legacy_wt_z,all,0.0010679309840068672,0.2081324358728729,0.045782798498193555,False,0.012159629307815483,0.12631578947368421,F,0.01131420398143126,0.015842994121552257,0.017418386744978455,True,True,W,False,0.000556701858412445,0.6666666666666666,0.4,-0.0011406001576729774,-0.027482530157476315,-0.026341929999803337,0.003309043975881998,F,K,W,0.004449644133554975,False,0
16,1ysb,5,V,True,unseen_protein_uncovered_source,unseen_protein_covered_source,restricted_context_s231301,all,-2.6703996338186435,6.196124047903949,0.07143114926432817,False,0.2897283635147003,-0.3017543859649123,Q,0.1473357168202917,0.1473357168202917,0.17551684617680807,False,False,M,False,0.02069562998032809,0.0,0.0,0.015732639530296133,-0.029602070209204634,-0.04533470973950077,0.015732639530296133,Q,M,M,0.0,False,2
16,1ysb,5,V,True,unseen_protein_uncovered_source,unseen_protein_covered_source,restricted_context_s231301,new,-2.853766361932206,6.448795075299365,0.06416103412962099,False,0.24520551677069843,-0.2719298245614035,Q,0.14344606782052155,0.14344606782052155,0.17217695154852083,False,False,M,False,0.015732639530296133,0.0,0.2,0.015732639530296133,-0.029602070209204634,-0.04533470973950077,0.015732639530296133,Q,M,M,0.0,False,2
16,1ysb,5,V,True,unseen_protein_uncovered_source,unseen_protein_covered_source,restricted_context_s231301,old,-2.3182727341355274,5.7347705640612645,0.07870126439903535,False,0.3260255172047089,-0.32105263157894737,Q,0.15122536582006185,0.15122536582006185,0.17893042862756298,False,False,M,False,0.025658620430360046,0.0,0.2,0.015732639530296133,-0.029602070209204634,-0.04533470973950077,0.015732639530296133,Q,M,M,0.0,False,2
16,1ysb,5,V,True,unseen_protein_uncovered_source,unseen_protein_covered_source,restricted_aa_only_s231301,all,0.4066626634525646,3.6336863291913004,0.07143114926432817,False,0.28393222371562593,0.12456140350877193,D,0.10312922196268556,0.10312922196268556,0.11558177367797844,False,False,M,False,0.020281605053183493,0.0,0.2,0.020013261920338143,-0.025321447819162624,-0.04533470973950077,0.020013261920338143,D,M,M,0.0,False,0
16,1ysb,5,V,True,unseen_protein_uncovered_source,unseen_protein_covered_source,restricted_aa_only_s231301,new,0.4097471503919529,3.781864004610828,0.06416103412962099,False,0.31192237144910195,0.08771929824561404,D,0.09923957296291543,0.09923957296291543,0.11210676826901345,False,False,M,False,0.020013261920338143,0.0,0.0,0.020013261920338143,-0.025321447819162624,-0.04533470973950077,0.020013261920338143,D,M,M,0.0,False,0
16,1ysb,5,V,True,unseen_protein_uncovered_source,unseen_protein_covered_source,restricted_aa_only_s231301,old,0.3726824154232758,3.3631278584113216,0.07870126439903535,False,0.261113316831041,0.15789473684210528,D,0.10701887096245571,0.10701887096245571,0.11915972335924191,False,False,M,False,0.020549948186028844,0.0,0.2,0.020013261920338143,-0.025321447819162624,-0.04533470973950077,0.020013261920338143,D,M,M,0.0,False,0
16,1ysb,5,V,True,unseen_protein_uncovered_source,unseen_protein_covered_source,restricted_context_s231303,all,0.6720677101654161,6.0997157978098535,0.07143114926432817,False,0.42835903635782696,0.18947368421052632,T,-0.04243593139425006,0.07511966416681294,0.09642810413059028,False,True,M,False,0.030598178264799714,0.0,0.2,0.02936338501821323,-0.01597132472128754,-0.04533470973950077,0.02936338501821323,T,M,M,0.0,False,4
16,1ysb,5,V,True,unseen_protein_uncovered_source,unseen_protein_covered_source,restricted_context_s231303,new,1.0507995122211566,6.348455404302082,0.06416103412962099,False,0.457651367633695,0.2631578947368421,T,-0.046325580394020204,0.07588261079792048,0.09750272286471003,False,True,M,False,0.02936338501821323,0.0,0.2,0.02936338501821323,-0.01597132472128754,-0.04533470973950077,0.02936338501821323,T,M,M,0.0,False,4
16,1ysb,5,V,True,unseen_protein_uncovered_source,unseen_protein_covered_source,restricted_context_s231303,old,0.32043493335944506,5.645540718032066,0.07870126439903535,False,0.40447852718077015,0.11929824561403508,T,-0.03854628239447991,0.07435671753570541,0.09559629656051513,False,True,M,False,0.0318329715113862,0.0,0.4,0.02936338501821323,-0.01597132472128754,-0.04533470973950077,0.02936338501821323,T,M,M,0.0,False,4
16,1ysb,5,V,True,unseen_protein_uncovered_source,unseen_protein_covered_source,restricted_aa_only_s231303,all,-0.5982137903300525,2.3805513229623694,0.07143114926432817,False,0.35155825435155574,-0.15087719298245614,E,0.06395188833294645,0.06395188833294645,0.07542691073284238,False,False,M,False,0.025112210141692626,0.0,0.4,0.0284076723222369,-0.016927037417263868,-0.04533470973950077,0.0284076723222369,E,M,M,0.0,False,1
16,1ysb,5,V,True,unseen_protein_uncovered_source,unseen_protein_covered_source,restricted_aa_only_s231303,new,-0.6954990491030635,2.4776275505992085,0.06416103412962099,False,0.4427558362735621,-0.19649122807017544,E,0.060062239333176295,0.060062239333176295,0.07217381635623442,False,False,M,False,0.0284076723222369,0.0,0.2,0.0284076723222369,-0.016927037417263868,-0.04533470973950077,0.0284076723222369,E,M,M,0.0,False,1
16,1ysb,5,V,True,unseen_protein_uncovered_source,unseen_protein_covered_source,restricted_aa_only_s231303,old,-0.47488133628195534,2.2032992799393556,0.07870126439903535,False,0.2772096246196492,-0.14912280701754385,E,0.06784153733271658,0.06784153733271658,0.07885462768699994,False,False,M,False,0.021816747961148353,0.0,0.2,0.0284076723222369,-0.016927037417263868,-0.04533470973950077,0.0284076723222369,E,M,M,0.0,False,1
16,1ysb,5,V,True,unseen_protein_uncovered_source,unseen_protein_covered_source,expanded_context_s231301,all,11.809758489006928,52.03861905023656,0.07143114926432817,False,0.42835903635782696,0.0543859649122807,T,-1.4772790995347862,1.4772790995347862,1.6518311152302354,False,False,M,False,0.030598178264799714,0.0,0.2,0.02936338501821323,-0.01597132472128754,-0.04533470973950077,0.02936338501821323,T,M,M,0.0,False,4
16,1ysb,5,V,True,unseen_protein_uncovered_source,unseen_protein_covered_source,expanded_context_s231301,new,15.287801873263298,54.1606958902104,0.06416103412962099,False,0.457651367633695,0.19649122807017544,T,-1.4811687485345562,1.4811687485345562,1.6550228658440767,False,False,M,False,0.02936338501821323,0.0,0.2,0.02936338501821323,-0.01597132472128754,-0.04533470973950077,0.02936338501821323,T,M,M,0.0,False,4
16,1ysb,5,V,True,unseen_protein_uncovered_source,unseen_protein_covered_source,expanded_context_s231301,old,8.143297697853104,48.16390672886034,0.07870126439903535,False,0.40447852718077015,0.010526315789473684,T,-1.473389450535016,1.473389450535016,1.6486479473703486,False,False,M,False,0.0318329715113862,0.0,0.2,0.02936338501821323,-0.01597132472128754,-0.04533470973950077,0.02936338501821323,T,M,M,0.0,False,4
16,1ysb,5,V,True,unseen_protein_uncovered_source,unseen_protein_covered_source,expanded_aa_only_s231301,all,11.97599684283899,53.323147909961065,0.07143114926432817,False,0.42835903635782696,0.04736842105263158,T,-1.535170971903147,1.535170971903147,1.711841728683474,False,False,M,False,0.030598178264799714,0.0,0.2,0.02936338501821323,-0.01597132472128754,-0.04533470973950077,0.02936338501821323,T,M,M,0.0,False,4
16,1ysb,5,V,True,unseen_protein_uncovered_source,unseen_protein_covered_source,expanded_aa_only_s231301,new,15.532644172040229,55.49760640404582,0.06416103412962099,False,0.457651367633695,0.19122807017543858,T,-1.539060620902917,1.539060620902917,1.7150460029480938,False,False,M,False,0.02936338501821323,0.0,0.2,0.02936338501821323,-0.01597132472128754,-0.04533470973950077,0.02936338501821323,T,M,M,0.0,False,4
16,1ysb,5,V,True,unseen_protein_uncovered_source,unseen_protein_covered_source,expanded_aa_only_s231301,old,8.234481324741973,49.35279162472152,0.07870126439903535,False,0.40447852718077015,0.0017543859649122807,T,-1.5312813229033768,1.5312813229033768,1.7086456889143213,False,False,M,False,0.0318329715113862,0.0,0.2,0.02936338501821323,-0.01597132472128754,-0.04533470973950077,0.02936338501821323,T,M,M,0.0,False,4
16,1ysb,5,V,True,unseen_protein_uncovered_source,unseen_protein_covered_source,expanded_context_s231303,all,-0.48156518871942633,2.588595235120889,0.07143114926432817,False,0.28252780669265454,-0.031578947368421054,I,0.17403766243573388,0.17403766243573388,0.17902876855687855,False,False,M,False,0.02018128593118626,0.0,0.4,0.017655409439991943,-0.027679300299508824,-0.04533470973950077,0.017655409439991943,I,M,M,0.0,False,2
16,1ysb,5,V,True,unseen_protein_uncovered_source,unseen_protein_covered_source,expanded_context_s231303,new,-0.5536812032117973,2.694155261439299,0.06416103412962099,False,0.27517339269070534,-0.13684210526315788,I,0.17014801343596372,0.17014801343596372,0.17523967713087713,False,False,M,False,0.017655409439991943,0.0,0.2,0.017655409439991943,-0.027679300299508824,-0.04533470973950077,0.017655409439991943,I,M,M,0.0,False,2
16,1ysb,5,V,True,unseen_protein_uncovered_source,unseen_protein_covered_source,expanded_context_s231303,old,-0.3871842849749471,2.3958525752340853,0.07870126439903535,False,0.288523476665502,-0.03508771929824562,I,0.17792731143550403,0.17792731143550403,0.18287244147418497,False,False,M,False,0.022707162422380578,0.0,0.2,0.017655409439991943,-0.027679300299508824,-0.04533470973950077,0.017655409439991943,I,M,M,0.0,False,2
16,1ysb,5,V,True,unseen_protein_uncovered_source,unseen_protein_covered_source,expanded_aa_only_s231303,all,11.921503899305739,53.15741626218266,0.07143114926432817,False,0.42835903635782696,0.04736842105263158,T,-1.529171698527686,1.529171698527686,1.705418164713688,False,False,M,False,0.030598178264799714,0.0,0.2,0.02936338501821323,-0.01597132472128754,-0.04533470973950077,0.02936338501821323,T,M,M,0.0,False,4
16,1ysb,5,V,True,unseen_protein_uncovered_source,unseen_protein_covered_source,expanded_aa_only_s231303,new,15.462686522342144,55.325116404531336,0.06416103412962099,False,0.457651367633695,0.19122807017543858,T,-1.533061347527456,1.533061347527456,1.7086220293185146,False,False,M,False,0.02936338501821323,0.0,0.2,0.02936338501821323,-0.01597132472128754,-0.04533470973950077,0.02936338501821323,T,M,M,0.0,False,4
16,1ysb,5,V,True,unseen_protein_uncovered_source,unseen_protein_covered_source,expanded_aa_only_s231303,old,8.196444607970514,49.19940009029372,0.07870126439903535,False,0.40447852718077015,0.0017543859649122807,T,-1.525282049527916,1.525282049527916,1.7022225672185076,False,False,M,False,0.0318329715113862,0.0,0.2,0.02936338501821323,-0.01597132472128754,-0.04533470973950077,0.02936338501821323,T,M,M,0.0,False,4
16,1ysb,5,V,True,unseen_protein_uncovered_source,unseen_protein_covered_source,legacy_baseline,old,1.0152949050104993,1.0155719826357494,0.07870126439903535,False,0.0,1.0,M,0.0003252631206453559,0.00035336362452169297,0.0005430901704742233,True,True,M,True,0.0,1.0,1.0,0.0,-0.04533470973950077,-0.04533470973950077,0.0,M,M,M,0.0,False,1
16,1ysb,5,V,True,unseen_protein_uncovered_source,unseen_protein_covered_source,legacy_baseline,new,1.0095874770333721,1.0098872419613614,0.06416103412962099,False,0.0,0.9982456140350877,M,0.0002816320884104159,0.0003630279653951743,0.0004585241963046888,True,True,M,True,0.0,1.0,1.0,0.0,-0.04533470973950077,-0.04533470973950077,0.0,M,M,M,0.0,False,1
16,1ysb,5,V,True,unseen_protein_uncovered_source,unseen_protein_covered_source,legacy_baseline,all,1.013389187777583,1.0136426302807988,0.07143114926432817,False,0.0,0.9982456140350877,M,0.0003034476045278859,0.00034015563516565534,0.00048273535181690144,True,True,M,True,0.0,1.0,1.0,0.0,-0.04533470973950077,-0.04533470973950077,0.0,M,M,M,0.0,False,1
16,1ysb,5,V,True,unseen_protein_uncovered_source,unseen_protein_covered_source,legacy_exact,old,1.0,1.0,0.07870126439903535,False,0.0,1.0,M,0.0,0.0,0.0,True,True,M,True,0.0,1.0,1.0,0.0,-0.04533470973950077,-0.04533470973950077,0.0,M,M,M,0.0,False,1
16,1ysb,5,V,True,unseen_protein_uncovered_source,unseen_protein_covered_source,legacy_exact,new,1.0,1.0,0.06416103412962099,False,0.0,1.0,M,0.0,0.0,0.0,True,True,M,True,0.0,1.0,1.0,0.0,-0.04533470973950077,-0.04533470973950077,0.0,M,M,M,0.0,False,1
16,1ysb,5,V,True,unseen_protein_uncovered_source,unseen_protein_covered_source,legacy_exact,all,1.0,1.0,0.07143114926432817,False,0.0,1.0,M,0.0,0.0,0.0,True,True,M,True,0.0,1.0,1.0,0.0,-0.04533470973950077,-0.04533470973950077,0.0,M,M,M,0.0,False,1
16,1ysb,5,V,True,unseen_protein_uncovered_source,unseen_protein_covered_source,legacy_expanded_s231301,old,0.7746300190794618,0.9199819516874282,0.07870126439903535,False,0.1997325425134114,0.5017543859649122,R,0.01294700779248025,0.01303299255712781,0.015432712504315124,True,True,M,False,0.01571920363743956,0.6666666666666666,0.4,0.014548671807618319,-0.03078603793188245,-0.04533470973950077,0.014548671807618319,R,M,M,0.0,False,2
16,1ysb,5,V,True,unseen_protein_uncovered_source,unseen_protein_covered_source,legacy_expanded_s231301,new,0.6211649345573853,0.8718504134545441,0.06416103412962099,False,0.0,0.5403508771929825,M,0.008178420063968645,0.011294534178259553,0.01281059026567514,True,True,M,True,0.0,0.6666666666666666,0.6,0.014548671807618319,-0.03078603793188245,-0.04533470973950077,0.014548671807618319,R,M,M,0.0,False,2
16,1ysb,5,V,True,unseen_protein_uncovered_source,unseen_protein_covered_source,legacy_expanded_s231301,all,0.7244894901871257,0.9003625008307674,0.07143114926432817,False,0.21186748188141838,0.5298245614035089,R,0.010562713928224448,0.01186333487382715,0.013606358273088686,True,True,M,False,0.01513393772252894,0.6666666666666666,0.4,0.014548671807618319,-0.03078603793188245,-0.04533470973950077,0.014548671807618319,R,M,M,0.0,False,2
16,1ysb,5,V,True,unseen_protein_uncovered_source,unseen_protein_covered_source,legacy_expanded_s231303,old,0.9237016105443743,1.2015750508060543,0.07870126439903535,False,0.1997325425134114,0.42105263157894735,R,-0.0004515987775043187,0.009799284147685652,0.011908207480030105,True,True,M,False,0.01571920363743956,0.6666666666666666,0.4,0.014548671807618319,-0.03078603793188245,-0.04533470973950077,0.014548671807618319,R,M,M,0.0,False,2
16,1ysb,5,V,True,unseen_protein_uncovered_source,unseen_protein_covered_source,legacy_expanded_s231303,new,0.9317348302328765,1.3126983521093851,0.06416103412962099,False,0.5422226233841195,0.531578947368421,P,-0.005844297257563951,0.01049841410471258,0.013985019411865333,True,True,M,False,0.03478956424480112,0.6666666666666666,0.6,0.014548671807618319,-0.03078603793188245,-0.04533470973950077,0.014548671807618319,R,M,M,0.0,False,2
16,1ysb,5,V,True,unseen_protein_uncovered_source,unseen_protein_covered_source,legacy_expanded_s231303,all,0.9585168312831595,1.2643536047082558,0.07143114926432817,False,0.5038826028293296,0.4263157894736842,P,-0.003147948017534135,0.009533117878216391,0.012187440020176103,True,True,M,False,0.03599291341440003,0.6666666666666666,0.4,0.014548671807618319,-0.03078603793188245,-0.04533470973950077,0.014548671807618319,R,M,M,0.0,False,2
16,1ysb,5,V,True,unseen_protein_uncovered_source,unseen_protein_covered_source,legacy_oracle_r32,old,1.0144692702589564,1.0148010022110159,0.07870126439903535,False,0.0,1.0,M,0.00032884509047885116,0.0003606371465839671,0.0005636343118632351,True,True,M,True,0.0,1.0,1.0,0.0,-0.04533470973950077,-0.04533470973950077,0.0,M,M,M,0.0,False,1
16,1ysb,5,V,True,unseen_protein_uncovered_source,unseen_protein_covered_source,legacy_oracle_r32,new,1.0068101636058093,1.0071932797907996,0.06416103412962099,False,0.0,0.9964912280701754,M,0.0002807846892086539,0.0003763611060858745,0.0004821090710651639,True,True,M,True,0.0,1.0,1.0,0.0,-0.04533470973950077,-0.04533470973950077,0.0,M,M,M,0.0,False,1
16,1ysb,5,V,True,unseen_protein_uncovered_source,unseen_protein_covered_source,legacy_oracle_r32,all,1.0118565099902364,1.0121658323145264,0.07143114926432817,False,0.0,0.9982456140350877,M,0.00030481488984375254,0.000335544574870336,0.0004988428154255296,True,True,M,True,0.0,1.0,1.0,0.0,-0.04533470973950077,-0.04533470973950077,0.0,M,M,M,0.0,False,1
16,1ysb,5,V,True,unseen_protein_uncovered_source,unseen_protein_covered_source,legacy_restricted_s231301,old,0.7496688182778131,0.9158802477393453,0.07870126439903535,False,0.0,0.5491228070175439,M,0.016100654557620185,0.016100654557620185,0.01843475228153416,True,True,M,True,0.0,0.6666666666666666,0.6,0.0,-0.04533470973950077,-0.04533470973950077,0.0,M,M,M,0.0,False,1
16,1ysb,5,V,True,unseen_protein_uncovered_source,unseen_protein_covered_source,legacy_restricted_s231301,new,0.5486657018127821,0.9138018509099979,0.06416103412962099,False,0.5422226233841195,0.46315789473684205,P,0.013081598375088394,0.01544439071860917,0.017596722434708383,False,True,M,False,0.03478956424480112,0.3333333333333333,0.6,0.0,-0.04533470973950077,-0.04533470973950077,0.0,M,M,M,0.0,False,1
16,1ysb,5,V,True,unseen_protein_uncovered_source,unseen_protein_covered_source,legacy_restricted_s231301,all,0.676363672248345,0.9087889698129911,0.07143114926432817,False,0.0,0.4807017543859649,M,0.014591126466354286,0.015153333754070644,0.017582396602986394,True,True,M,True,0.0,0.6666666666666666,0.4,0.0,-0.04533470973950077,-0.04533470973950077,0.0,M,M,M,0.0,False,1
16,1ysb,5,V,True,unseen_protein_uncovered_source,unseen_protein_covered_source,legacy_restricted_s231303,old,0.8452283037864603,1.0620220267476022,0.07870126439903535,False,0.33659289390066466,0.5877192982456141,K,0.013813428332666569,0.014611145171090453,0.0171660443407356,True,True,M,False,0.026490286337712665,0.6666666666666666,0.4,0.02408835945236426,-0.021246350287136506,-0.04533470973950077,0.02408835945236426,K,M,M,0.0,False,1
16,1ysb,5,V,True,unseen_protein_uncovered_source,unseen_protein_covered_source,legacy_restricted_s231303,new,0.6599333208070567,0.9486467319839397,0.06416103412962099,False,0.3754359601452165,0.6614035087719298,K,0.00997997846512347,0.012430793230926475,0.01444011923510925,True,True,M,False,0.02408835945236426,0.6666666666666666,0.6,0.02408835945236426,-0.021246350287136506,-0.04533470973950077,0.02408835945236426,K,M,M,0.0,False,1
16,1ysb,5,V,True,unseen_protein_uncovered_source,unseen_protein_covered_source,legacy_restricted_s231303,all,0.7805517326806137,1.0186875626341685,0.07143114926432817,False,0.35403774341437955,0.6701754385964912,K,0.01189670339889502,0.013084889383889738,0.01544257518614161,True,True,M,False,0.025289322895038463,0.6666666666666666,0.6,0.02408835945236426,-0.021246350287136506,-0.04533470973950077,0.02408835945236426,K,M,M,0.0,False,1
16,1ysb,5,V,True,unseen_protein_uncovered_source,unseen_protein_covered_source,legacy_wt_z,old,0.7693887492492653,0.9144444853138075,0.07870126439903535,False,0.1997325425134114,0.5017543859649122,R,0.012948651379787016,0.013035871312889174,0.015436586942111407,True,True,M,False,0.01571920363743956,0.6666666666666666,0.4,0.014548671807618319,-0.03078603793188245,-0.04533470973950077,0.014548671807618319,R,M,M,0.0,False,2
16,1ysb,5,V,True,unseen_protein_uncovered_source,unseen_protein_covered_source,legacy_wt_z,new,0.61825441358392,0.8684685695922335,0.06416103412962099,False,0.0,0.5403508771929825,M,0.008126088295434361,0.011252947736143788,0.012776771051701776,True,True,M,True,0.0,0.6666666666666666,0.6,0.014548671807618319,-0.03078603793188245,-0.04533470973950077,0.014548671807618319,R,M,M,0.0,False,2
16,1ysb,5,V,True,unseen_protein_uncovered_source,unseen_protein_covered_source,legacy_wt_z,all,0.720167096136643,0.8956085856933427,0.07143114926432817,False,0.21186748188141838,0.5298245614035089,R,0.010537369837610689,0.011846474959937837,0.013587492945929576,True,True,M,False,0.01513393772252894,0.6666666666666666,0.4,0.014548671807618319,-0.03078603793188245,-0.04533470973950077,0.014548671807618319,R,M,M,0.0,False,2
20,2arc,112,G,True,unseen_protein_uncovered_source,unseen_protein_uncovered_source,restricted_context_s231301,all,-2.5612246782890655,16.952554217831693,0.06269752491853652,False,0.23602053425679875,-0.07192982456140351,C,-0.08007143828026474,0.2512642406630735,0.2861407730371911,True,True,K,False,0.014797903327851941,0.3333333333333333,0.4,0.004513789012364877,0.007235330240592808,0.0027215412282279305,0.008175513213474345,C,R,K,0.0036617242011094675,False,2
20,2arc,112,G,True,unseen_protein_uncovered_source,unseen_protein_uncovered_source,restricted_context_s231301,new,2.566851247628542,20.11765862363104,0.053284870378816795,False,0.1534302918511835,0.19298245614035087,C,-0.09557395455165846,0.2517452664148954,0.2868285811887771,False,False,R,False,0.008175513213474345,0.3333333333333333,0.4,0.004513789012364877,0.007235330240592808,0.0027215412282279305,0.008175513213474345,C,R,K,0.0036617242011094675,False,2
20,2arc,112,G,True,unseen_protein_uncovered_source,unseen_protein_uncovered_source,restricted_context_s231301,old,-3.053789900571609,11.24122921024483,0.11265788098367721,False,0.222638819622154,-0.243859649122807,C,-0.06456892200887103,0.25248407413612284,0.2867336686539852,True,True,K,False,0.025082017643339005,0.3333333333333333,0.4,0.004513789012364877,0.007235330240592808,0.0027215412282279305,0.008175513213474345,C,R,K,0.0036617242011094675,False,2
20,2arc,112,G,True,unseen_protein_uncovered_source,unseen_protein_uncovered_source,restricted_aa_only_s231301,all,-0.22707988044485233,3.9658019073901185,0.06269752491853652,False,0.7360665910774759,0.2421052631578947,V,-0.25417454073096496,0.25417454073096496,0.26272098545456896,False,False,K,False,0.04614955343578227,0.6666666666666666,0.6,0.042248884385177626,0.04497042561340556,0.0027215412282279305,0.045910608586287094,V,R,K,0.0036617242011094675,False,3
20,2arc,112,G,True,unseen_protein_uncovered_source,unseen_protein_uncovered_source,restricted_aa_only_s231301,new,-0.7406523031152655,4.706231752257083,0.053284870378816795,False,0.8616068362350504,0.07192982456140351,V,-0.26967705700235856,0.26967705700235856,0.27788931687807467,True,True,R,False,0.045910608586287094,0.6666666666666666,0.4,0.042248884385177626,0.04497042561340556,0.0027215412282279305,0.045910608586287094,V,R,K,0.0036617242011094675,False,3
20,2arc,112,G,True,unseen_protein_uncovered_source,unseen_protein_uncovered_source,restricted_aa_only_s231301,old,0.03155842070450875,2.6297210243696547,0.11265788098367721,False,0.44426738768181334,0.3701754385964912,V,-0.2386720244595712,0.23966002124133445,0.2481046305480299,False,False,K,False,0.05005022248638691,0.3333333333333333,0.4,0.042248884385177626,0.04497042561340556,0.0027215412282279305,0.045910608586287094,V,R,K,0.0036617242011094675,False,3
20,2arc,112,G,True,unseen_protein_uncovered_source,unseen_protein_uncovered_source,restricted_context_s231303,all,-0.99186425012366,9.055193438330946,0.06269752491853652,False,0.7360665910774759,-0.08421052631578947,V,-0.5133435839197815,0.5133435839197815,0.5342012835687167,False,False,K,False,0.04614955343578227,0.3333333333333333,0.2,0.042248884385177626,0.04497042561340556,0.0027215412282279305,0.045910608586287094,V,R,K,0.0036617242011094675,False,3
20,2arc,112,G,True,unseen_protein_uncovered_source,unseen_protein_uncovered_source,restricted_context_s231303,new,-1.662485707196614,10.745831455396226,0.053284870378816795,False,0.8616068362350504,-0.17719298245614035,V,-0.5288461001911753,0.5288461001911753,0.549135726971867,True,True,R,False,0.045910608586287094,0.3333333333333333,0.2,0.042248884385177626,0.04497042561340556,0.0027215412282279305,0.045910608586287094,V,R,K,0.0036617242011094675,False,3
20,2arc,112,G,True,unseen_protein_uncovered_source,unseen_protein_uncovered_source,restricted_context_s231303,old,-0.35317149050692015,6.004493699026951,0.11265788098367721,False,0.44426738768181334,-0.02982456140350877,V,-0.4978410676483878,0.4978410676483878,0.5195437650803884,False,False,K,False,0.05005022248638691,0.0,0.0,0.042248884385177626,0.04497042561340556,0.0027215412282279305,0.045910608586287094,V,R,K,0.0036617242011094675,False,3
20,2arc,112,G,True,unseen_protein_uncovered_source,unseen_protein_uncovered_source,restricted_aa_only_s231303,all,-0.45236845426190625,5.250620792396962,0.06269752491853652,False,0.37456735310910055,-0.22456140350877193,A,-0.25905272142068253,0.2642942567489923,0.2732880262679613,False,False,K,False,0.023484445955228098,0.0,0.0,0.01170179897255555,0.01442334020078348,0.0027215412282279305,0.015363523173665017,A,R,K,0.0036617242011094675,False,3
20,2arc,112,G,True,unseen_protein_uncovered_source,unseen_protein_uncovered_source,restricted_aa_only_s231303,new,-2.043492341887612,6.230931062439732,0.053284870378816795,False,0.28832805756008234,-0.47017543859649114,A,-0.2745552376920762,0.27820599477852265,0.2887864746477095,False,False,R,False,0.015363523173665017,0.0,0.2,0.01170179897255555,0.01442334020078348,0.0027215412282279305,0.015363523173665017,A,R,K,0.0036617242011094675,False,3
20,2arc,112,G,True,unseen_protein_uncovered_source,unseen_protein_uncovered_source,restricted_aa_only_s231303,old,0.24022323186411107,3.4816837076578864,0.11265788098367721,False,0.31304594609772957,-0.03684210526315789,A,-0.24355020514928882,0.250382518719462,0.25828048784474855,False,False,K,False,0.035267092937900646,0.0,0.2,0.01170179897255555,0.01442334020078348,0.0027215412282279305,0.015363523173665017,A,R,K,0.0036617242011094675,False,3
20,2arc,112,G,True,unseen_protein_uncovered_source,unseen_protein_uncovered_source,expanded_context_s231301,all,-1.4708198332217703,4.57521455207386,0.06269752491853652,False,0.27136759123541343,-0.27017543859649124,Q,-0.009249269403406616,0.06314473577934206,0.08050460662320974,False,True,K,False,0.017014076313565565,0.0,0.2,0.013943111492620536,0.016664652720848466,0.0027215412282279305,0.017604835693730003,Q,R,K,0.0036617242011094675,False,2
20,2arc,112,G,True,unseen_protein_uncovered_source,unseen_protein_uncovered_source,expanded_context_s231301,new,-0.23093488529855344,5.429423985659642,0.053284870378816795,False,0.33039088898166374,-0.031578947368421054,Q,-0.024751785674800325,0.06278751754438495,0.07912996739850453,False,False,R,False,0.017604835693730003,0.0,0.2,0.013943111492620536,0.016664652720848466,0.0027215412282279305,0.017604835693730003,Q,R,K,0.0036617242011094675,False,2
20,2arc,112,G,True,unseen_protein_uncovered_source,unseen_protein_uncovered_source,expanded_context_s231301,old,-1.2213370278888376,3.033822207854184,0.11265788098367721,False,0.17828349831487314,-0.2789473684210526,Q,0.006253246867987102,0.06991999285135449,0.08622168736765008,False,True,K,False,0.020085041134510595,0.0,0.4,0.013943111492620536,0.016664652720848466,0.0027215412282279305,0.017604835693730003,Q,R,K,0.0036617242011094675,False,2
20,2arc,112,G,True,unseen_protein_uncovered_source,unseen_protein_uncovered_source,expanded_aa_only_s231301,all,1.3911884802008605,3.0608192057549486,0.06269752491853652,False,0.23602053425679875,0.46491228070175433,C,-0.22974239949518047,0.22974239949518047,0.23394887631193545,False,False,K,False,0.014797903327851941,0.3333333333333333,0.6,0.004513789012364877,0.007235330240592808,0.0027215412282279305,0.008175513213474345,C,R,K,0.0036617242011094675,False,2
20,2arc,112,G,True,unseen_protein_uncovered_source,unseen_protein_uncovered_source,expanded_aa_only_s231301,new,2.2643312143718535,3.6322854419932633,0.053284870378816795,False,0.1534302918511835,0.5,C,-0.2452449157665741,0.2452449157665741,0.24881641045236366,True,True,R,False,0.008175513213474345,0.3333333333333333,0.4,0.004513789012364877,0.007235330240592808,0.0027215412282279305,0.008175513213474345,C,R,K,0.0036617242011094675,False,2
20,2arc,112,G,True,unseen_protein_uncovered_source,unseen_protein_uncovered_source,expanded_aa_only_s231301,old,0.5164245068643066,2.0296275016079415,0.11265788098367721,False,0.222638819622154,0.30000000000000004,C,-0.2142398832237867,0.2142398832237867,0.21974597853597486,False,False,K,False,0.025082017643339005,0.3333333333333333,0.4,0.004513789012364877,0.007235330240592808,0.0027215412282279305,0.008175513213474345,C,R,K,0.0036617242011094675,False,2
20,2arc,112,G,True,unseen_protein_uncovered_source,unseen_protein_uncovered_source,expanded_context_s231303,all,-0.008859507537860963,5.977087627422838,0.06269752491853652,False,0.4428265073042917,0.15263157894736842,Y,-0.0790329941865911,0.09068180598434245,0.12527301051047623,False,False,K,False,0.02776412597629932,0.0,0.4,0.024329705926184136,0.027051247154412067,0.0027215412282279305,0.027991430127293604,Y,R,K,0.0036617242011094675,False,2
20,2arc,112,G,True,unseen_protein_uncovered_source,unseen_protein_uncovered_source,expanded_context_s231303,new,2.110628579521812,7.093031935302156,0.053284870378816795,False,0.5253166598378645,0.3315789473684211,Y,-0.09453551045798483,0.10310653583675441,0.13241712262188893,False,True,R,False,0.027991430127293604,0.0,0.4,0.024329705926184136,0.027051247154412067,0.0027215412282279305,0.027991430127293604,Y,R,K,0.0036617242011094675,False,2
20,2arc,112,G,True,unseen_protein_uncovered_source,unseen_protein_uncovered_source,expanded_context_s231303,old,-0.6667897578666314,3.963403459220581,0.11265788098367721,False,0.27693176681474063,0.11578947368421051,Y,-0.06353047791519739,0.08536358623804764,0.12077295930444487,False,False,K,False,0.031198546026414503,0.0,0.0,0.024329705926184136,0.027051247154412067,0.0027215412282279305,0.027991430127293604,Y,R,K,0.0036617242011094675,False,2
20,2arc,112,G,True,unseen_protein_uncovered_source,unseen_protein_uncovered_source,expanded_aa_only_s231303,all,-0.314771144337312,2.9758195293953102,0.06269752491853652,False,0.834089026590834,-0.02982456140350877,T,-0.39776663985092303,0.39776663985092303,0.4011410252246514,False,False,K,False,0.05229531752895668,0.0,0.4,0.03856365743557952,0.04128519866380745,0.0027215412282279305,0.042225381636688986,T,R,K,0.0036617242011094675,False,2
20,2arc,112,G,True,unseen_protein_uncovered_source,unseen_protein_uncovered_source,expanded_aa_only_s231303,new,0.24971226813982159,3.531416012516751,0.053284870378816795,False,0.7924459858210621,-0.015789473684210527,T,-0.4132691561223167,0.4132691561223167,0.4161245434922467,False,True,R,False,0.042225381636688986,0.0,0.4,0.03856365743557952,0.04128519866380745,0.0027215412282279305,0.042225381636688986,T,R,K,0.0036617242011094675,False,2
20,2arc,112,G,True,unseen_protein_uncovered_source,unseen_protein_uncovered_source,expanded_aa_only_s231303,old,-0.35477761238833777,1.9732642638045037,0.11265788098367721,False,0.5860839654165017,-0.15614035087719297,T,-0.3822641235795294,0.3822641235795294,0.3865260098335374,False,False,K,False,0.06602697762233384,0.0,0.0,0.03856365743557952,0.04128519866380745,0.0027215412282279305,0.042225381636688986,T,R,K,0.0036617242011094675,False,2
20,2arc,112,G,True,unseen_protein_uncovered_source,unseen_protein_uncovered_source,legacy_baseline,old,0.9832775649384562,0.9834029607115184,0.11265788098367721,False,0.0,0.9982456140350877,K,-0.00013080675609035492,0.000279229678360912,0.0005699406640146142,True,True,K,True,0.0,1.0,1.0,0.0,0.0027215412282279305,0.0027215412282279305,0.0036617242011094675,K,R,K,0.0036617242011094675,False,2
20,2arc,112,G,True,unseen_protein_uncovered_source,unseen_protein_uncovered_source,legacy_baseline,new,1.0036597146176636,1.0037244423706728,0.053284870378816795,False,0.0,0.9964912280701754,R,7.361580930232163e-05,0.000159706340855685,0.0001777270816919333,True,True,R,True,0.0,1.0,1.0,0.0,0.0027215412282279305,0.0027215412282279305,0.0036617242011094675,K,R,K,0.0036617242011094675,False,2
20,2arc,112,G,True,unseen_protein_uncovered_source,unseen_protein_uncovered_source,legacy_baseline,all,0.9909405873585977,0.9911151487271795,0.06269752491853652,False,0.0,1.0,K,-2.859547339401665e-05,0.0002108754870219308,0.00033298284790918357,True,True,K,True,0.0,1.0,1.0,0.0,0.0027215412282279305,0.0027215412282279305,0.0036617242011094675,K,R,K,0.0036617242011094675,False,2
20,2arc,112,G,True,unseen_protein_uncovered_source,unseen_protein_uncovered_source,legacy_exact,old,1.0,1.0,0.11265788098367721,False,0.0,1.0,K,0.0,0.0,0.0,True,True,K,True,0.0,1.0,1.0,0.0,0.0027215412282279305,0.0027215412282279305,0.0036617242011094675,K,R,K,0.0036617242011094675,False,2
20,2arc,112,G,True,unseen_protein_uncovered_source,unseen_protein_uncovered_source,legacy_exact,new,1.0,1.0,0.053284870378816795,False,0.0,1.0,R,0.0,0.0,0.0,True,True,R,True,0.0,1.0,1.0,0.0,0.0027215412282279305,0.0027215412282279305,0.0036617242011094675,K,R,K,0.0036617242011094675,False,2
20,2arc,112,G,True,unseen_protein_uncovered_source,unseen_protein_uncovered_source,legacy_exact,all,1.0,1.0,0.06269752491853652,False,0.0,1.0,K,0.0,0.0,0.0,True,True,K,True,0.0,1.0,1.0,0.0,0.0027215412282279305,0.0027215412282279305,0.0036617242011094675,K,R,K,0.0036617242011094675,False,2
20,2arc,112,G,True,unseen_protein_uncovered_source,unseen_protein_uncovered_source,legacy_expanded_s231301,old,1.3383525634454,1.528819224324268,0.11265788098367721,False,0.27693176681474063,0.7035087719298245,Y,0.0009187919889367052,0.015396231071428196,0.01967522091453024,False,True,K,False,0.031198546026414503,0.3333333333333333,0.8,0.024329705926184136,0.027051247154412067,0.0027215412282279305,0.027991430127293604,Y,R,K,0.0036617242011094675,False,2
20,2arc,112,G,True,unseen_protein_uncovered_source,unseen_protein_uncovered_source,legacy_expanded_s231301,new,0.07294637146190287,0.15395781785121185,0.053284870378816795,False,0.1534302918511835,0.4789473684210526,C,-0.019090037312454334,0.019479517890412065,0.02290619849589365,False,False,R,False,0.008175513213474345,0.0,0.4,0.024329705926184136,0.027051247154412067,0.0027215412282279305,0.027991430127293604,Y,R,K,0.0036617242011094675,False,2
20,2arc,112,G,True,unseen_protein_uncovered_source,unseen_protein_uncovered_source,legacy_expanded_s231301,all,0.7745627060763487,1.1639638719058578,0.06269752491853652,False,0.4428265073042917,0.46842105263157896,Y,-0.009085622661758816,0.013313744347145957,0.017020562909289064,False,True,K,False,0.02776412597629932,0.0,0.6,0.024329705926184136,0.027051247154412067,0.0027215412282279305,0.027991430127293604,Y,R,K,0.0036617242011094675,False,2
20,2arc,112,G,True,unseen_protein_uncovered_source,unseen_protein_uncovered_source,legacy_expanded_s231303,old,1.5735631774238235,1.7640944465928303,0.11265788098367721,False,0.27693176681474063,0.7315789473684211,Y,0.004485551522041654,0.01693618919116224,0.024173096877865022,False,True,K,False,0.031198546026414503,0.3333333333333333,0.8,0.024329705926184136,0.027051247154412067,0.0027215412282279305,0.027991430127293604,Y,R,K,0.0036617242011094675,False,2
20,2arc,112,G,True,unseen_protein_uncovered_source,unseen_protein_uncovered_source,legacy_expanded_s231303,new,0.08771908652315272,0.19227313253706724,0.053284870378816795,False,0.4138834191084376,0.23157894736842102,D,-0.02019716860391747,0.02064406313202313,0.02377431032735498,False,False,R,False,0.022053724339134606,0.0,0.4,0.024329705926184136,0.027051247154412067,0.0027215412282279305,0.027991430127293604,Y,R,K,0.0036617242011094675,False,2
20,2arc,112,G,True,unseen_protein_uncovered_source,unseen_protein_uncovered_source,legacy_expanded_s231303,all,0.9279807456436782,1.3407937716402176,0.06269752491853652,False,0.4428265073042917,0.512280701754386,Y,-0.007855808540937908,0.013934835742060506,0.017431363513094128,False,True,K,False,0.02776412597629932,0.3333333333333333,0.6,0.024329705926184136,0.027051247154412067,0.0027215412282279305,0.027991430127293604,Y,R,K,0.0036617242011094675,False,2
20,2arc,112,G,True,unseen_protein_uncovered_source,unseen_protein_uncovered_source,legacy_oracle_r32,old,1.0505996704672185,1.0541418123709034,0.11265788098367721,False,0.0,0.9929824561403509,K,-0.0003436377206169978,0.0019819973803233094,0.0024443060696113673,True,True,K,True,0.0,1.0,1.0,0.0,0.0027215412282279305,0.0027215412282279305,0.0036617242011094675,K,R,K,0.0036617242011094675,False,2
20,2arc,112,G,True,unseen_protein_uncovered_source,unseen_protein_uncovered_source,legacy_oracle_r32,new,1.027198959757096,1.029130974018451,0.053284870378816795,False,0.0,0.9912280701754386,R,-0.00017435715942117728,0.0008250807723208666,0.0009438227457893914,True,True,R,True,0.0,1.0,1.0,0.0,0.0027215412282279305,0.0027215412282279305,0.0036617242011094675,K,R,K,0.0036617242011094675,False,2
20,2arc,112,G,True,unseen_protein_uncovered_source,unseen_protein_uncovered_source,legacy_oracle_r32,all,1.0491934315881388,1.0524600244618847,0.06269752491853652,False,0.0,0.9929824561403509,K,-0.00025899744001908753,0.0013332301175801235,0.0015666585136078406,True,True,K,True,0.0,1.0,1.0,0.0,0.0027215412282279305,0.0027215412282279305,0.0036617242011094675,K,R,K,0.0036617242011094675,False,2
20,2arc,112,G,True,unseen_protein_uncovered_source,unseen_protein_uncovered_source,legacy_restricted_s231301,old,1.7341812103272267,1.9885674949111574,0.11265788098367721,False,0.16866886577233095,0.6543859649122807,H,0.006782761952460148,0.01785647645618324,0.030248200435835388,True,True,K,False,0.019001877005831086,0.3333333333333333,0.6,0.02214834726134965,0.02486988848957758,0.0027215412282279305,0.025810071462459117,H,R,K,0.0036617242011094675,False,2
20,2arc,112,G,True,unseen_protein_uncovered_source,unseen_protein_uncovered_source,legacy_restricted_s231301,new,0.11411486423886831,0.4221932626886948,0.053284870378816795,False,0.1534302918511835,0.30350877192982456,C,-0.014724050426409306,0.015677195106039196,0.019754623229545187,False,False,R,False,0.008175513213474345,0.0,0.6,0.02214834726134965,0.02486988848957758,0.0027215412282279305,0.025810071462459117,H,R,K,0.0036617242011094675,False,2
20,2arc,112,G,True,unseen_protein_uncovered_source,unseen_protein_uncovered_source,legacy_restricted_s231301,all,1.0202064799172637,1.5358447909361994,0.06269752491853652,False,0.0,0.531578947368421,K,-0.003970644236974578,0.012083051896961605,0.01883462339809958,True,True,K,True,0.0,0.3333333333333333,0.4,0.02214834726134965,0.02486988848957758,0.0027215412282279305,0.025810071462459117,H,R,K,0.0036617242011094675,False,2
20,2arc,112,G,True,unseen_protein_uncovered_source,unseen_protein_uncovered_source,legacy_restricted_s231303,old,2.2971967617846496,2.6708517210961964,0.11265788098367721,False,0.27693176681474063,0.6649122807017543,Y,0.020797769452765902,0.03260571107796045,0.05001978257606791,False,False,K,False,0.031198546026414503,0.3333333333333333,0.6,0.024329705926184136,0.027051247154412067,0.0027215412282279305,0.027991430127293604,Y,R,K,0.0036617242011094675,False,2
20,2arc,112,G,True,unseen_protein_uncovered_source,unseen_protein_uncovered_source,legacy_restricted_s231303,new,-0.0524315711126789,0.21957917703274624,0.053284870378816795,False,0.1534302918511835,-0.14385964912280702,C,-0.01776186047802422,0.019067676439767027,0.022934789334474615,False,False,R,False,0.008175513213474345,0.0,0.2,0.024329705926184136,0.027051247154412067,0.0027215412282279305,0.027991430127293604,Y,R,K,0.0036617242011094675,False,2
20,2arc,112,G,True,unseen_protein_uncovered_source,unseen_protein_uncovered_source,legacy_restricted_s231303,all,1.2189511319793258,2.0048804318655695,0.06269752491853652,False,0.4428265073042917,0.38947368421052625,Y,0.0015179544873708407,0.017376728270838523,0.025808401758658752,False,False,K,False,0.02776412597629932,0.0,0.4,0.024329705926184136,0.027051247154412067,0.0027215412282279305,0.027991430127293604,Y,R,K,0.0036617242011094675,False,2
20,2arc,112,G,True,unseen_protein_uncovered_source,unseen_protein_uncovered_source,legacy_wt_z,old,1.3206121563494049,1.5095727373139332,0.11265788098367721,False,0.27693176681474063,0.7035087719298245,Y,0.00043409714266349385,0.015103211849055801,0.01931349167911536,False,True,K,False,0.031198546026414503,0.3333333333333333,0.8,0.024329705926184136,0.027051247154412067,0.0027215412282279305,0.027991430127293604,Y,R,K,0.0036617242011094675,False,2
20,2arc,112,G,True,unseen_protein_uncovered_source,unseen_protein_uncovered_source,legacy_wt_z,new,0.07239141391715177,0.15342299693876443,0.053284870378816795,False,0.4138834191084376,0.44912280701754387,D,-0.019276997093936536,0.019647523612361197,0.023065984664180833,False,False,R,False,0.022053724339134606,0.0,0.4,0.024329705926184136,0.027051247154412067,0.0027215412282279305,0.027991430127293604,Y,R,K,0.0036617242011094675,False,2
20,2arc,112,G,True,unseen_protein_uncovered_source,unseen_protein_uncovered_source,legacy_wt_z,all,0.763574013728623,1.1490669774230802,0.06269752491853652,False,0.4428265073042917,0.46842105263157896,Y,-0.009421449975636521,0.013387349729729337,0.017108655685138818,False,True,K,False,0.02776412597629932,0.0,0.6,0.024329705926184136,0.027051247154412067,0.0027215412282279305,0.027991430127293604,Y,R,K,0.0036617242011094675,False,2
20,2arc,100,E,True,unseen_protein_uncovered_source,unseen_protein_uncovered_source,restricted_context_s231301,all,3.254419058605511,19.727532171626883,0.031998448036597765,False,0.18781297711453546,0.06140350877192983,K,0.1114125797324207,0.11145345398052724,0.20699303193546942,False,False,Y,False,0.006009723788798188,0.3333333333333333,0.2,0.006382073739783445,-0.016199248456689547,-0.02258132219647299,0.006382073739783445,K,Y,Y,0.0,False,2
20,2arc,100,E,True,unseen_protein_uncovered_source,unseen_protein_uncovered_source,restricted_context_s231301,new,5.259892010584417,21.293143045398867,0.030484334267545793,False,0.20935585090266914,0.13333333333333333,K,0.09088983284598803,0.09659230854536284,0.19617114569688887,False,False,Y,False,0.006382073739783445,0.3333333333333333,0.2,0.006382073739783445,-0.016199248456689547,-0.02258132219647299,0.006382073739783445,K,Y,Y,0.0,False,2
20,2arc,100,E,True,unseen_protein_uncovered_source,unseen_protein_uncovered_source,restricted_context_s231301,old,1.4096564495760058,16.586987945141875,0.03629584507279718,False,0.15531733250751614,0.10526315789473684,K,0.13193532661885332,0.13193532661885332,0.21925584076771507,False,False,Y,False,0.005637373837812931,0.3333333333333333,0.2,0.006382073739783445,-0.016199248456689547,-0.02258132219647299,0.006382073739783445,K,Y,Y,0.0,False,2
20,2arc,100,E,True,unseen_protein_uncovered_source,unseen_protein_uncovered_source,restricted_aa_only_s231301,all,2.582347668584119,10.502395820398496,0.031998448036597765,False,0.676753751653184,0.487719298245614,V,0.05003915640277123,0.057588958024277416,0.1045124236221077,False,True,Y,False,0.021655069755846995,0.0,0.6,0.019885099960603003,-0.0026962222358699883,-0.02258132219647299,0.019885099960603003,V,Y,Y,0.0,False,1
20,2arc,100,E,True,unseen_protein_uncovered_source,unseen_protein_uncovered_source,restricted_aa_only_s231301,new,3.897122920172672,11.335884011117148,0.030484334267545793,False,0.6523055345765928,0.5526315789473685,V,0.029516409516338563,0.04371441377442142,0.09569694005610116,False,True,Y,False,0.019885099960603003,0.3333333333333333,0.8,0.019885099960603003,-0.0026962222358699883,-0.02258132219647299,0.019885099960603003,V,Y,Y,0.0,False,1
20,2arc,100,E,True,unseen_protein_uncovered_source,unseen_protein_uncovered_source,restricted_aa_only_s231301,old,1.286360092042624,8.83045640744694,0.03629584507279718,False,0.6453917660301968,0.41578947368421054,V,0.07056190328920389,0.07536221574715403,0.11641220134394792,False,True,Y,False,0.023425039551090987,0.0,0.6,0.019885099960603003,-0.0026962222358699883,-0.02258132219647299,0.019885099960603003,V,Y,Y,0.0,False,1
20,2arc,100,E,True,unseen_protein_uncovered_source,unseen_protein_uncovered_source,restricted_context_s231303,all,9.830127678555616,49.1403834474819,0.031998448036597765,False,0.676753751653184,0.2543859649122807,V,0.642676148563146,0.6905006736823465,0.776594052474817,False,True,Y,False,0.021655069755846995,0.3333333333333333,0.6,0.019885099960603003,-0.0026962222358699883,-0.02258132219647299,0.019885099960603003,V,Y,Y,0.0,False,1
20,2arc,100,E,True,unseen_protein_uncovered_source,unseen_protein_uncovered_source,restricted_context_s231303,new,13.162407963635333,53.04024877262144,0.030484334267545793,False,0.6523055345765928,0.2596491228070175,V,0.6221534016767133,0.6721919301013077,0.759536990960095,False,True,Y,False,0.019885099960603003,0.3333333333333333,0.6,0.019885099960603003,-0.0026962222358699883,-0.02258132219647299,0.019885099960603003,V,Y,Y,0.0,False,1
20,2arc,100,E,True,unseen_protein_uncovered_source,unseen_protein_uncovered_source,restricted_context_s231303,old,5.911712358179093,41.31743092708453,0.03629584507279718,False,0.6453917660301968,0.2631578947368421,V,0.6631988954495788,0.7088094172633851,0.7938288326943747,False,True,Y,False,0.023425039551090987,0.3333333333333333,0.6,0.019885099960603003,-0.0026962222358699883,-0.02258132219647299,0.019885099960603003,V,Y,Y,0.0,False,1
20,2arc,100,E,True,unseen_protein_uncovered_source,unseen_protein_uncovered_source,restricted_aa_only_s231303,all,1.0846435978800224,5.607347176713396,0.031998448036597765,False,0.676753751653184,0.06666666666666667,V,0.0641082677691323,0.06763229199662207,0.08069201069618417,False,False,Y,False,0.021655069755846995,0.0,0.0,0.019885099960603003,-0.0026962222358699883,-0.02258132219647299,0.019885099960603003,V,Y,Y,0.0,False,1
20,2arc,100,E,True,unseen_protein_uncovered_source,unseen_protein_uncovered_source,restricted_aa_only_s231303,new,1.653193163635389,6.0523558902464245,0.030484334267545793,False,0.6523055345765928,-0.03859649122807017,V,0.04358552088269961,0.04932354841558335,0.06509028226750878,False,False,Y,False,0.019885099960603003,0.0,0.2,0.019885099960603003,-0.0026962222358699883,-0.02258132219647299,0.019885099960603003,V,Y,Y,0.0,False,1
20,2arc,100,E,True,unseen_protein_uncovered_source,unseen_protein_uncovered_source,restricted_aa_only_s231303,old,0.5303999664389875,4.7146799313368035,0.03629584507279718,False,0.6453917660301968,0.05263157894736842,V,0.08463101465556495,0.08594103557766075,0.09823272321295656,False,False,Y,False,0.023425039551090987,0.0,0.0,0.019885099960603003,-0.0026962222358699883,-0.02258132219647299,0.019885099960603003,V,Y,Y,0.0,False,1
20,2arc,100,E,True,unseen_protein_uncovered_source,unseen_protein_uncovered_source,expanded_context_s231301,all,-0.8546253462559593,10.42180120472548,0.031998448036597765,False,0.6553819834340878,0.005263157894736842,Q,0.05997122571706879,0.09653468778889657,0.11147630991333453,False,False,Y,False,0.020971206341038037,0.3333333333333333,0.2,0.020122015329452902,-0.002459306867020089,-0.02258132219647299,0.020122015329452902,Q,Y,Y,0.0,False,1
20,2arc,100,E,True,unseen_protein_uncovered_source,unseen_protein_uncovered_source,expanded_context_s231301,new,-2.647267076980682,11.248893268165393,0.030484334267545793,False,0.6600772433753026,-0.31052631578947365,Q,0.03944847883063611,0.09171945181163482,0.1029576199425346,False,False,Y,False,0.020122015329452902,0.3333333333333333,0.2,0.020122015329452902,-0.002459306867020089,-0.02258132219647299,0.020122015329452902,Q,Y,Y,0.0,False,1
20,2arc,100,E,True,unseen_protein_uncovered_source,unseen_protein_uncovered_source,expanded_context_s231301,old,0.39804132792976404,8.76269213227144,0.03629584507279718,False,0.601181686467386,0.14912280701754385,Q,0.08049397260350145,0.10326193192124195,0.12295395648236505,False,False,Y,False,0.021820397352623172,0.3333333333333333,0.2,0.020122015329452902,-0.002459306867020089,-0.02258132219647299,0.020122015329452902,Q,Y,Y,0.0,False,1
20,2arc,100,E,True,unseen_protein_uncovered_source,unseen_protein_uncovered_source,expanded_aa_only_s231301,all,-0.2003385429219737,3.46312676464651,0.031998448036597765,False,0.8038602970546431,0.031578947368421054,C,0.07829392524878552,0.08142345180501157,0.08480788041882392,False,False,Y,False,0.02572228194398704,0.0,0.2,0.019218769661929286,-0.0033625525345437057,-0.02258132219647299,0.019218769661929286,C,Y,Y,0.0,False,1
20,2arc,100,E,True,unseen_protein_uncovered_source,unseen_protein_uncovered_source,expanded_aa_only_s231301,new,0.052719779858420544,3.7379664593843756,0.030484334267545793,False,0.630447412538379,0.1,C,0.05777117836235285,0.06261644059378194,0.06595263036245959,False,False,Y,False,0.019218769661929286,0.0,0.4,0.019218769661929286,-0.0033625525345437057,-0.02258132219647299,0.019218769661929286,C,Y,Y,0.0,False,1
20,2arc,100,E,True,unseen_protein_uncovered_source,unseen_protein_uncovered_source,expanded_aa_only_s231301,old,-0.3152503076262863,2.911810833607814,0.03629584507279718,False,0.8878645520282215,-0.014035087719298246,C,0.09881667213521819,0.10023046301624118,0.10439834905615583,False,False,Y,False,0.032225794226044796,0.0,0.2,0.019218769661929286,-0.0033625525345437057,-0.02258132219647299,0.019218769661929286,C,Y,Y,0.0,False,1
20,2arc,100,E,True,unseen_protein_uncovered_source,unseen_protein_uncovered_source,expanded_context_s231303,all,8.982579610090163,15.46943269499296,0.031998448036597765,False,0.2192869775512099,0.39649122807017545,W,-0.025607261978763216,0.10486308872491075,0.13524838168951248,True,True,Y,False,0.007016842956274971,0.3333333333333333,0.4,0.002050475184562056,-0.020530847011910935,-0.02258132219647299,0.002050475184562056,W,Y,Y,0.0,False,2
20,2arc,100,E,True,unseen_protein_uncovered_source,unseen_protein_uncovered_source,expanded_context_s231303,new,9.937413633667294,16.69711347268283,0.030484334267545793,False,0.06726324303381725,0.5543859649122806,W,-0.04613000886519588,0.10627806471305873,0.14080115196061438,True,True,Y,False,0.002050475184562056,0.6666666666666666,0.4,0.002050475184562056,-0.020530847011910935,-0.02258132219647299,0.002050475184562056,W,Y,Y,0.0,False,2
20,2arc,100,E,True,unseen_protein_uncovered_source,unseen_protein_uncovered_source,expanded_context_s231303,old,6.670333191450449,13.006760876004257,0.03629584507279718,False,0.3301537876843375,0.3578947368421052,W,-0.00508451509233055,0.10426702148658892,0.1327527652478064,True,True,Y,False,0.011983210727987886,0.3333333333333333,0.4,0.002050475184562056,-0.020530847011910935,-0.02258132219647299,0.002050475184562056,W,Y,Y,0.0,False,2
20,2arc,100,E,True,unseen_protein_uncovered_source,unseen_protein_uncovered_source,expanded_aa_only_s231303,all,-0.027381397553886595,3.491176148045804,0.031998448036597765,False,0.7399829533696782,0.008771929824561405,T,-0.15287057408424476,0.15287057408424476,0.15626862916383336,True,True,Y,False,0.023678306081367798,0.3333333333333333,0.2,0.02361685554873416,0.0010355333522611698,-0.02258132219647299,0.02361685554873416,T,Y,Y,0.0,False,1
20,2arc,100,E,True,unseen_protein_uncovered_source,unseen_protein_uncovered_source,expanded_aa_only_s231303,new,-0.0715410239199544,3.76824189007993,0.030484334267545793,False,0.7747210531632674,-0.05087719298245614,T,-0.17339332097067747,0.17339332097067747,0.1763799254006906,True,True,Y,False,0.02361685554873416,0.3333333333333333,0.2,0.02361685554873416,0.0010355333522611698,-0.02258132219647299,0.02361685554873416,T,Y,Y,0.0,False,1
20,2arc,100,E,True,unseen_protein_uncovered_source,unseen_protein_uncovered_source,expanded_aa_only_s231303,old,0.004697454408137348,2.935394867346302,0.03629584507279718,False,0.6540626500467897,0.09298245614035087,T,-0.13234782719781216,0.13234782719781216,0.1363594602961058,True,True,Y,False,0.023739756614001434,0.3333333333333333,0.2,0.02361685554873416,0.0010355333522611698,-0.02258132219647299,0.02361685554873416,T,Y,Y,0.0,False,1
20,2arc,100,E,True,unseen_protein_uncovered_source,unseen_protein_uncovered_source,legacy_baseline,old,1.0067774698440355,1.0068590176182588,0.03629584507279718,False,0.0,0.9964912280701754,Y,0.00018122814643252804,0.0001943887054610332,0.00023753370082516947,True,True,Y,True,0.0,1.0,1.0,0.0,-0.02258132219647299,-0.02258132219647299,0.0,Y,Y,Y,0.0,False,2
20,2arc,100,E,True,unseen_protein_uncovered_source,unseen_protein_uncovered_source,legacy_baseline,new,1.001969299363538,1.002082374600871,0.030484334267545793,False,0.0,0.9964912280701754,Y,6.544549148935091e-05,0.00011399151750918359,0.00014133709078291084,True,True,Y,True,0.0,0.6666666666666666,1.0,0.0,-0.02258132219647299,-0.02258132219647299,0.0,Y,Y,Y,0.0,False,2
20,2arc,100,E,True,unseen_protein_uncovered_source,unseen_protein_uncovered_source,legacy_baseline,all,1.0045567664657007,1.0046307850096308,0.031998448036597765,False,0.0,1.0,Y,0.00012333681896093947,0.00014205047793703162,0.000169279728738322,True,True,Y,True,0.0,1.0,1.0,0.0,-0.02258132219647299,-0.02258132219647299,0.0,Y,Y,Y,0.0,False,2
20,2arc,100,E,True,unseen_protein_uncovered_source,unseen_protein_uncovered_source,legacy_exact,old,1.0,1.0,0.03629584507279718,False,0.0,1.0,Y,0.0,0.0,0.0,True,True,Y,True,0.0,1.0,1.0,0.0,-0.02258132219647299,-0.02258132219647299,0.0,Y,Y,Y,0.0,False,2
20,2arc,100,E,True,unseen_protein_uncovered_source,unseen_protein_uncovered_source,legacy_exact,new,1.0,1.0,0.030484334267545793,False,0.0,1.0,Y,0.0,0.0,0.0,True,True,Y,True,0.0,1.0,1.0,0.0,-0.02258132219647299,-0.02258132219647299,0.0,Y,Y,Y,0.0,False,2
20,2arc,100,E,True,unseen_protein_uncovered_source,unseen_protein_uncovered_source,legacy_exact,all,1.0,1.0,0.031998448036597765,False,0.0,1.0,Y,0.0,0.0,0.0,True,True,Y,True,0.0,1.0,1.0,0.0,-0.02258132219647299,-0.02258132219647299,0.0,Y,Y,Y,0.0,False,2
20,2arc,100,E,True,unseen_protein_uncovered_source,unseen_protein_uncovered_source,legacy_expanded_s231301,old,1.003588216641681,1.0156103609657847,0.03629584507279718,False,0.0,0.9842105263157893,Y,-0.003054428545807888,0.003054428545807888,0.0034719918928304157,True,True,Y,True,0.0,1.0,1.0,0.0,-0.02258132219647299,-0.02258132219647299,0.0,Y,Y,Y,0.0,False,2
20,2arc,100,E,True,unseen_protein_uncovered_source,unseen_protein_uncovered_source,legacy_expanded_s231301,new,0.9217465369479942,0.942775545582871,0.030484334267545793,False,0.06726324303381725,0.975438596491228,W,-0.0027750771116844936,0.0028775416800603582,0.0032844481389626046,True,True,Y,False,0.002050475184562056,1.0,1.0,0.0,-0.02258132219647299,-0.02258132219647299,0.0,Y,Y,Y,0.0,False,2
20,2arc,100,E,True,unseen_protein_uncovered_source,unseen_protein_uncovered_source,legacy_expanded_s231301,all,0.9670502378620939,0.9776986071082098,0.031998448036597765,False,0.0,0.9894736842105263,Y,-0.0029147528287461907,0.002933539521260186,0.003197583939848633,True,True,Y,True,0.0,0.6666666666666666,1.0,0.0,-0.02258132219647299,-0.02258132219647299,0.0,Y,Y,Y,0.0,False,2
20,2arc,100,E,True,unseen_protein_uncovered_source,unseen_protein_uncovered_source,legacy_expanded_s231303,old,1.0345197536186046,1.0542252137767392,0.03629584507279718,False,0.0,0.9789473684210527,Y,-0.002548487653595105,0.0026771123163487794,0.0033536174685179394,True,True,Y,True,0.0,1.0,1.0,0.0,-0.02258132219647299,-0.02258132219647299,0.0,Y,Y,Y,0.0,False,2
20,2arc,100,E,True,unseen_protein_uncovered_source,unseen_protein_uncovered_source,legacy_expanded_s231303,new,0.9622399228249559,0.9952581118965915,0.030484334267545793,False,0.06726324303381725,0.9350877192982456,W,-0.002753213944963768,0.003051253333885892,0.003475328873239918,True,True,Y,False,0.002050475184562056,1.0,1.0,0.0,-0.02258132219647299,-0.02258132219647299,0.0,Y,Y,Y,0.0,False,2
20,2arc,100,E,True,unseen_protein_uncovered_source,unseen_protein_uncovered_source,legacy_expanded_s231303,all,1.0166016391639519,1.0352949238796192,0.031998448036597765,False,0.0,0.975438596491228,Y,-0.002650850799279436,0.0027832629340389177,0.0031766988812622025,True,True,Y,True,0.0,0.6666666666666666,1.0,0.0,-0.02258132219647299,-0.02258132219647299,0.0,Y,Y,Y,0.0,False,2
20,2arc,100,E,True,unseen_protein_uncovered_source,unseen_protein_uncovered_source,legacy_oracle_r32,old,1.0050839816423205,1.0058642006657057,0.03629584507279718,False,0.0,0.9947368421052631,Y,7.106079249870845e-05,0.0003296754250494065,0.0004289460304060855,True,True,Y,True,0.0,1.0,1.0,0.0,-0.02258132219647299,-0.02258132219647299,0.0,Y,Y,Y,0.0,False,2
20,2arc,100,E,True,unseen_protein_uncovered_source,unseen_protein_uncovered_source,legacy_oracle_r32,new,0.9893468984011535,0.9902417228930323,0.030484334267545793,False,0.0,0.9964912280701754,Y,-0.0003594701721418818,0.000393100824207857,0.0005074971969641077,True,True,Y,True,0.0,0.6666666666666666,1.0,0.0,-0.02258132219647299,-0.02258132219647299,0.0,Y,Y,Y,0.0,False,2
20,2arc,100,E,True,unseen_protein_uncovered_source,unseen_protein_uncovered_source,legacy_oracle_r32,all,0.9936760646521012,0.9944364194017368,0.031998448036597765,False,0.0,0.9964912280701754,Y,-0.00014420468982158667,0.0002824821983981632,0.00037931066314553734,True,True,Y,True,0.0,1.0,1.0,0.0,-0.02258132219647299,-0.02258132219647299,0.0,Y,Y,Y,0.0,False,2
20,2arc,100,E,True,unseen_protein_uncovered_source,unseen_protein_uncovered_source,legacy_restricted_s231301,old,1.2186720645545055,1.3149007917542368,0.03629584507279718,False,0.0,0.9122807017543859,Y,0.0025930752269702835,0.0043567119464840405,0.006280509658940229,True,True,Y,True,0.0,1.0,1.0,0.0,-0.02258132219647299,-0.02258132219647299,0.0,Y,Y,Y,0.0,False,2
20,2arc,100,E,True,unseen_protein_uncovered_source,unseen_protein_uncovered_source,legacy_restricted_s231301,new,1.0945297229926791,1.149607877275021,0.030484334267545793,False,0.06726324303381725,0.9368421052631579,W,0.0013829847027362267,0.0025845326190190383,0.0033070780663123417,True,True,Y,False,0.002050475184562056,1.0,0.8,0.0,-0.02258132219647299,-0.02258132219647299,0.0,Y,Y,Y,0.0,False,2
20,2arc,100,E,True,unseen_protein_uncovered_source,unseen_protein_uncovered_source,legacy_restricted_s231301,all,1.1692682111025978,1.2379489731836821,0.031998448036597765,False,0.0,0.9035087719298246,Y,0.001988029964853255,0.0032464205801581492,0.004397648847570183,True,True,Y,True,0.0,0.6666666666666666,1.0,0.0,-0.02258132219647299,-0.02258132219647299,0.0,Y,Y,Y,0.0,False,2
20,2arc,100,E,True,unseen_protein_uncovered_source,unseen_protein_uncovered_source,legacy_restricted_s231303,old,1.0586122161247409,1.080990310040823,0.03629584507279718,False,0.0,0.9842105263157893,Y,0.0016951796810968558,0.0021685602419003,0.002937928340009665,True,True,Y,True,0.0,1.0,1.0,0.0,-0.02258132219647299,-0.02258132219647299,0.0,Y,Y,Y,0.0,False,2
20,2arc,100,E,True,unseen_protein_uncovered_source,unseen_protein_uncovered_source,legacy_restricted_s231303,new,1.1021984143043815,1.220058650850449,0.030484334267545793,False,0.06726324303381725,0.9228070175438597,W,-0.00038173223159325783,0.0031078230206646154,0.0044150056851522896,True,True,Y,False,0.002050475184562056,0.6666666666666666,0.8,0.0,-0.02258132219647299,-0.02258132219647299,0.0,Y,Y,Y,0.0,False,2
20,2arc,100,E,True,unseen_protein_uncovered_source,unseen_protein_uncovered_source,legacy_restricted_s231303,all,1.09188687018837,1.1345092817673543,0.031998448036597765,False,0.0,0.9526315789473684,Y,0.000656723724751799,0.0023902427957320535,0.002937391256762017,True,True,Y,True,0.0,0.6666666666666666,1.0,0.0,-0.02258132219647299,-0.02258132219647299,0.0,Y,Y,Y,0.0,False,2
20,2arc,100,E,True,unseen_protein_uncovered_source,unseen_protein_uncovered_source,legacy_wt_z,old,1.001267575966254,1.0133720670405648,0.03629584507279718,False,0.0,0.9842105263157893,Y,-0.0031066887726487074,0.0031066887726487074,0.0035196462178275416,True,True,Y,True,0.0,1.0,1.0,0.0,-0.02258132219647299,-0.02258132219647299,0.0,Y,Y,Y,0.0,False,2
20,2arc,100,E,True,unseen_protein_uncovered_source,unseen_protein_uncovered_source,legacy_wt_z,new,0.9146252182145393,0.9354323189611266,0.030484334267545793,False,0.06726324303381725,0.980701754385965,W,-0.00290225398069973,0.0030015223247499044,0.0033971016953804347,True,True,Y,False,0.002050475184562056,1.0,1.0,0.0,-0.02258132219647299,-0.02258132219647299,0.0,Y,Y,Y,0.0,False,2
20,2arc,100,E,True,unseen_protein_uncovered_source,unseen_protein_uncovered_source,legacy_wt_z,all,0.9629718614952961,0.9736481514959181,0.031998448036597765,False,0.0,0.9894736842105263,Y,-0.0030044713766742186,0.0030222189678038454,0.0032826313559763867,True,True,Y,True,0.0,0.6666666666666666,1.0,0.0,-0.02258132219647299,-0.02258132219647299,0.0,Y,Y,Y,0.0,False,2
1,1x8d,78,K,True,unseen_protein_uncovered_source,unseen_protein_uncovered_source,restricted_context_s231301,all,30.98881315238407,51.48093977995529,0.023261648513074648,False,0.4043238441775338,0.524561403508772,E,0.17249769104603585,0.1731977483907672,0.2922801056756322,False,False,N,False,0.009405239148712954,0.6666666666666666,0.4,0.007013503631974671,-0.00422377422881038,-0.011237277860785051,0.007013503631974671,E,N,N,0.0,True,0
1,1x8d,78,K,True,unseen_protein_uncovered_source,unseen_protein_uncovered_source,restricted_context_s231301,new,30.510944698831302,50.77706536010893,0.021224864948939534,False,0.33043808047057044,0.6175438596491227,E,0.17345199181463716,0.1738705479781553,0.292817900538792,False,False,N,False,0.007013503631974671,0.6666666666666666,0.6,0.007013503631974671,-0.00422377422881038,-0.011237277860785051,0.007013503631974671,E,N,N,0.0,True,0
1,1x8d,78,K,True,unseen_protein_uncovered_source,unseen_protein_uncovered_source,restricted_context_s231301,old,25.90071373162956,47.3517132309456,0.025298432077209762,False,0.4663124825067167,0.4456140350877193,E,0.17154339027743454,0.17252494880337907,0.2917521764361576,False,False,N,False,0.011796974665451238,0.3333333333333333,0.4,0.007013503631974671,-0.00422377422881038,-0.011237277860785051,0.007013503631974671,E,N,N,0.0,True,0
1,1x8d,78,K,True,unseen_protein_uncovered_source,unseen_protein_uncovered_source,restricted_aa_only_s231301,all,0.05885954992371388,11.194112355539655,0.023261648513074648,False,0.6246367011312156,0.04736842105263158,V,0.010238055199660215,0.043720829244264674,0.053084951376736605,False,False,N,False,0.014530079390080795,0.3333333333333333,0.2,0.013350946782425932,0.0021136689216408808,-0.011237277860785051,0.013350946782425932,V,N,N,0.0,True,0
1,1x8d,78,K,True,unseen_protein_uncovered_source,unseen_protein_uncovered_source,restricted_aa_only_s231301,new,-0.7018482424687305,11.04106057805407,0.021224864948939534,False,0.6290238743353225,0.015789473684210527,V,0.011192355968261508,0.04413735745467647,0.0535968050559857,False,False,N,False,0.013350946782425932,0.3333333333333333,0.2,0.013350946782425932,0.0021136689216408808,-0.011237277860785051,0.013350946782425932,V,N,N,0.0,True,0
1,1x8d,78,K,True,unseen_protein_uncovered_source,unseen_protein_uncovered_source,restricted_aa_only_s231301,old,0.7099428713179645,10.296245569722172,0.025298432077209762,False,0.6209559529140698,0.1649122807017544,V,0.009283754431058918,0.04344376337004643,0.052628334543238,False,False,N,False,0.01570921199773566,0.3333333333333333,0.4,0.013350946782425932,0.0021136689216408808,-0.011237277860785051,0.013350946782425932,V,N,N,0.0,True,0
1,1x8d,78,K,True,unseen_protein_uncovered_source,unseen_protein_uncovered_source,restricted_context_s231303,all,32.69792431433985,61.360631487366724,0.023261648513074648,False,0.6272179529490569,0.18771929824561404,T,0.022042918948928226,0.15646147798002172,0.28293911812636147,False,False,N,False,0.014590123562591154,0.0,0.4,0.01573153034436494,0.004494252483579889,-0.011237277860785051,0.01573153034436494,T,N,N,0.0,True,0
1,1x8d,78,K,True,unseen_protein_uncovered_source,unseen_protein_uncovered_source,restricted_context_s231303,new,31.275987295470994,60.52167673879018,0.021224864948939534,False,0.7411840019811735,0.15087719298245614,T,0.02299721971752953,0.15614176447812145,0.2830578158485934,False,False,N,False,0.01573153034436494,0.0,0.2,0.01573153034436494,0.004494252483579889,-0.011237277860785051,0.01573153034436494,T,N,N,0.0,True,0
1,1x8d,78,K,True,unseen_protein_uncovered_source,unseen_protein_uncovered_source,restricted_context_s231303,old,28.127277164435068,56.43896631022308,0.025298432077209762,False,0.5316027783766379,0.13333333333333333,T,0.021088618180326937,0.15678119148192202,0.2828315700252242,False,False,N,False,0.013448716780817369,0.0,0.2,0.01573153034436494,0.004494252483579889,-0.011237277860785051,0.01573153034436494,T,N,N,0.0,True,0
1,1x8d,78,K,True,unseen_protein_uncovered_source,unseen_protein_uncovered_source,restricted_aa_only_s231303,all,11.215874191691123,22.55660851517276,0.023261648513074648,False,0.27164970137052946,0.2964912280701754,Q,0.057706803510927315,0.06967513870940821,0.11751123949694298,False,False,N,False,0.006319019871962948,0.3333333333333333,0.4,0.007539546157068616,-0.003697731703716435,-0.011237277860785051,0.007539546157068616,Q,N,N,0.0,True,0
1,1x8d,78,K,True,unseen_protein_uncovered_source,unseen_protein_uncovered_source,restricted_aa_only_s231303,new,10.916722431084706,22.2482027284839,0.021224864948939534,False,0.355222338290794,0.32807017543859646,Q,0.05866110427952861,0.0700240141823622,0.11798432397501284,False,False,N,False,0.007539546157068616,0.3333333333333333,0.4,0.007539546157068616,-0.003697731703716435,-0.011237277860785051,0.007539546157068616,Q,N,N,0.0,True,0
1,1x8d,78,K,True,unseen_protein_uncovered_source,unseen_protein_uncovered_source,restricted_aa_only_s231303,old,9.4840668191827,20.747369073651623,0.025298432077209762,False,0.201533975358508,0.26842105263157895,Q,0.05675250274232601,0.06951425192797447,0.11706330379772441,False,False,N,False,0.005098493586857281,0.3333333333333333,0.4,0.007539546157068616,-0.003697731703716435,-0.011237277860785051,0.007539546157068616,Q,N,N,0.0,True,0
1,1x8d,78,K,True,unseen_protein_uncovered_source,unseen_protein_uncovered_source,expanded_context_s231301,all,-1.1439337890219174,7.900160789827654,0.023261648513074648,False,0.5078288571790679,0.11228070175438597,D,0.07368451959657538,0.07368451959657538,0.08271649933954126,False,False,N,False,0.011812936380495864,0.3333333333333333,0.4,0.014772605644325365,0.003535327783540314,-0.011237277860785051,0.014772605644325365,D,N,N,0.0,True,0
1,1x8d,78,K,True,unseen_protein_uncovered_source,unseen_protein_uncovered_source,expanded_context_s231301,new,-1.8939881436625563,7.79214564642893,0.021224864948939534,False,0.6960046944875121,-0.02631578947368421,D,0.07463882036517666,0.07463882036517666,0.08377763254012882,False,False,N,False,0.014772605644325365,0.3333333333333333,0.4,0.014772605644325365,0.003535327783540314,-0.011237277860785051,0.014772605644325365,D,N,N,0.0,True,0
1,1x8d,78,K,True,unseen_protein_uncovered_source,unseen_protein_uncovered_source,expanded_context_s231301,old,-0.28849676031300114,7.266498043688289,0.025298432077209762,False,0.34995319431838934,0.2421052631578947,D,0.07273021882797408,0.07273021882797408,0.0816803635864284,False,False,N,False,0.008853267116666362,0.3333333333333333,0.6,0.014772605644325365,0.003535327783540314,-0.011237277860785051,0.014772605644325365,D,N,N,0.0,True,0
1,1x8d,78,K,True,unseen_protein_uncovered_source,unseen_protein_uncovered_source,expanded_aa_only_s231301,all,-1.1273579424916214,4.006806014461393,0.023261648513074648,False,0.6246367011312156,-0.41754385964912283,V,-0.009824871451538987,0.017358802341245084,0.022620597286475513,False,False,N,False,0.014530079390080795,0.0,0.2,0.013350946782425932,0.0021136689216408808,-0.011237277860785051,0.013350946782425932,V,N,N,0.0,True,0
1,1x8d,78,K,True,unseen_protein_uncovered_source,unseen_protein_uncovered_source,expanded_aa_only_s231301,new,-1.0887719369597078,3.9520228603286074,0.021224864948939534,False,0.6290238743353225,-0.343859649122807,V,-0.00887057068293769,0.01692694615551495,0.022228322440849286,False,False,N,False,0.013350946782425932,0.0,0.0,0.013350946782425932,0.0021136689216408808,-0.011237277860785051,0.013350946782425932,V,N,N,0.0,True,0
1,1x8d,78,K,True,unseen_protein_uncovered_source,unseen_protein_uncovered_source,expanded_aa_only_s231301,old,-0.9606927924635115,3.6854247451534907,0.025298432077209762,False,0.6209559529140698,-0.36315789473684207,V,-0.010779172220140286,0.017790658526975214,0.023143454978087754,False,False,N,False,0.01570921199773566,0.0,0.2,0.013350946782425932,0.0021136689216408808,-0.011237277860785051,0.013350946782425932,V,N,N,0.0,True,0
1,1x8d,78,K,True,unseen_protein_uncovered_source,unseen_protein_uncovered_source,expanded_context_s231303,all,0.9494788093238354,4.613780323594161,0.023261648513074648,False,0.729177214805893,0.16666666666666666,R,0.012144853310542917,0.01927663388445034,0.02420445949404463,False,False,N,False,0.016961864074557416,0.0,0.4,0.01643899096923631,0.0052017131084512586,-0.011237277860785051,0.01643899096923631,R,N,N,0.0,True,0
1,1x8d,78,K,True,unseen_protein_uncovered_source,unseen_protein_uncovered_source,expanded_context_s231303,new,0.27841760855069797,4.5506982982377995,0.021224864948939534,False,0.7745156922686407,0.0456140350877193,R,0.013099154079144214,0.02010526323563082,0.025279812644706363,False,False,N,False,0.01643899096923631,0.0,0.4,0.01643899096923631,0.0052017131084512586,-0.011237277860785051,0.01643899096923631,R,N,N,0.0,True,0
1,1x8d,78,K,True,unseen_protein_uncovered_source,unseen_protein_uncovered_source,expanded_context_s231303,old,1.3644268566574729,4.243714348013399,0.025298432077209762,False,0.6911391633487732,0.30526315789473685,R,0.01119055254194162,0.018555367030816342,0.023215894880653874,False,False,N,False,0.017484737179878522,0.3333333333333333,0.6,0.01643899096923631,0.0052017131084512586,-0.011237277860785051,0.01643899096923631,R,N,N,0.0,True,0
1,1x8d,78,K,True,unseen_protein_uncovered_source,unseen_protein_uncovered_source,expanded_aa_only_s231303,all,2.6950802098934874,6.324893967309648,0.023261648513074648,False,0.5078288571790679,0.5368421052631579,D,0.05655720599444784,0.05655720599444784,0.06296387393589382,False,False,N,False,0.011812936380495864,0.3333333333333333,0.2,0.014772605644325365,0.003535327783540314,-0.011237277860785051,0.014772605644325365,D,N,N,0.0,True,0
1,1x8d,78,K,True,unseen_protein_uncovered_source,unseen_protein_uncovered_source,expanded_aa_only_s231303,new,2.4169293410384145,6.238416698424139,0.021224864948939534,False,0.6960046944875121,0.5,D,0.05751150676304915,0.05751150676304915,0.06389808325656395,False,False,N,False,0.014772605644325365,0.3333333333333333,0.4,0.014772605644325365,0.003535327783540314,-0.011237277860785051,0.014772605644325365,D,N,N,0.0,True,0
1,1x8d,78,K,True,unseen_protein_uncovered_source,unseen_protein_uncovered_source,expanded_aa_only_s231303,old,2.4583183243834887,5.817581548361631,0.025298432077209762,False,0.34995319431838934,0.5912280701754385,D,0.05560290522584655,0.05560290522584655,0.06206664790232202,False,False,N,False,0.008853267116666362,0.3333333333333333,0.4,0.014772605644325365,0.003535327783540314,-0.011237277860785051,0.014772605644325365,D,N,N,0.0,True,0
1,1x8d,78,K,True,unseen_protein_uncovered_source,unseen_protein_uncovered_source,legacy_baseline,old,0.9977958230797214,0.9978134617066486,0.025298432077209762,False,0.0,1.0,N,2.213943751324709e-06,2.463461523686254e-05,3.1983553838765385e-05,True,True,N,True,0.0,1.0,1.0,0.0,-0.011237277860785051,-0.011237277860785051,0.0,N,N,N,0.0,True,0
1,1x8d,78,K,True,unseen_protein_uncovered_source,unseen_protein_uncovered_source,legacy_baseline,new,0.9992641337016782,0.9992671413899569,0.021224864948939534,False,0.0,1.0,N,2.1006414783884452e-06,9.807323868727724e-06,1.2215918655065688e-05,True,True,N,True,0.0,1.0,1.0,0.0,-0.011237277860785051,-0.011237277860785051,0.0,N,N,N,0.0,True,0
1,1x8d,78,K,True,unseen_protein_uncovered_source,unseen_protein_uncovered_source,legacy_baseline,all,0.9984514569311513,0.9984572706210462,0.023261648513074648,False,0.0,1.0,N,2.157292614856577e-06,1.418030585058441e-05,1.7487823649743868e-05,True,True,N,True,0.0,1.0,1.0,0.0,-0.011237277860785051,-0.011237277860785051,0.0,N,N,N,0.0,True,0
1,1x8d,78,K,True,unseen_protein_uncovered_source,unseen_protein_uncovered_source,legacy_exact,old,1.0,1.0,0.025298432077209762,False,0.0,1.0,N,0.0,0.0,0.0,True,True,N,True,0.0,1.0,1.0,0.0,-0.011237277860785051,-0.011237277860785051,0.0,N,N,N,0.0,True,0
1,1x8d,78,K,True,unseen_protein_uncovered_source,unseen_protein_uncovered_source,legacy_exact,new,1.0,1.0,0.021224864948939534,False,0.0,1.0,N,0.0,0.0,0.0,True,True,N,True,0.0,1.0,1.0,0.0,-0.011237277860785051,-0.011237277860785051,0.0,N,N,N,0.0,True,0
1,1x8d,78,K,True,unseen_protein_uncovered_source,unseen_protein_uncovered_source,legacy_exact,all,1.0,1.0,0.023261648513074648,False,0.0,1.0,N,0.0,0.0,0.0,True,True,N,True,0.0,1.0,1.0,0.0,-0.011237277860785051,-0.011237277860785051,0.0,N,N,N,0.0,True,0
1,1x8d,78,K,True,unseen_protein_uncovered_source,unseen_protein_uncovered_source,legacy_expanded_s231301,old,0.4125691097068646,0.5837285916142065,0.025298432077209762,False,0.201533975358508,0.5754385964912281,Q,0.0006021529171535112,0.0027162478174016873,0.0036696264128667482,True,True,N,False,0.005098493586857281,1.0,0.6,0.007539546157068616,-0.003697731703716435,-0.011237277860785051,0.007539546157068616,Q,N,N,0.0,True,0
1,1x8d,78,K,True,unseen_protein_uncovered_source,unseen_protein_uncovered_source,legacy_expanded_s231301,new,0.020860458786437632,0.16058379609436824,0.021224864948939534,False,0.48492494505925127,0.2368421052631579,A,0.0003463913010836788,0.0035165845177931266,0.004676414100565365,False,False,N,False,0.010292466469254531,0.3333333333333333,0.4,0.007539546157068616,-0.003697731703716435,-0.011237277860785051,0.007539546157068616,Q,N,N,0.0,True,0
1,1x8d,78,K,True,unseen_protein_uncovered_source,unseen_protein_uncovered_source,legacy_expanded_s231301,all,0.16456788744953432,0.33239595822124984,0.023261648513074648,False,0.27164970137052946,0.26666666666666666,Q,0.000474272109118595,0.0030355948148724048,0.004126088472942274,True,True,N,False,0.006319019871962948,0.6666666666666666,0.4,0.007539546157068616,-0.003697731703716435,-0.011237277860785051,0.007539546157068616,Q,N,N,0.0,True,0
1,1x8d,78,K,True,unseen_protein_uncovered_source,unseen_protein_uncovered_source,legacy_expanded_s231303,old,0.46464536205047646,0.5832237730686279,0.025298432077209762,False,0.201533975358508,0.7280701754385965,Q,0.0006630151532402432,0.002383081143529965,0.003298672094305872,True,True,N,False,0.005098493586857281,1.0,0.6,0.007539546157068616,-0.003697731703716435,-0.011237277860785051,0.007539546157068616,Q,N,N,0.0,True,0
1,1x8d,78,K,True,unseen_protein_uncovered_source,unseen_protein_uncovered_source,legacy_expanded_s231303,new,0.18063178328934537,0.41069528936684013,0.021224864948939534,False,0.48492494505925127,0.6263157894736843,A,0.0010569953313831796,0.003276504594072366,0.004354509605531059,False,False,N,False,0.010292466469254531,0.0,0.4,0.007539546157068616,-0.003697731703716435,-0.011237277860785051,0.007539546157068616,Q,N,N,0.0,True,0
1,1x8d,78,K,True,unseen_protein_uncovered_source,unseen_protein_uncovered_source,legacy_expanded_s231303,all,0.27626827794876835,0.42728770065669647,0.023261648513074648,False,0.27164970137052946,0.543859649122807,Q,0.0008600052423117114,0.002703610828559913,0.003779673274083581,True,True,N,False,0.006319019871962948,0.6666666666666666,0.4,0.007539546157068616,-0.003697731703716435,-0.011237277860785051,0.007539546157068616,Q,N,N,0.0,True,0
1,1x8d,78,K,True,unseen_protein_uncovered_source,unseen_protein_uncovered_source,legacy_oracle_r32,old,0.932313855650035,0.9352137370550352,0.025298432077209762,False,0.0,0.9824561403508772,N,0.00015302544403408727,0.000459155706837967,0.0005267664223644971,True,True,N,True,0.0,1.0,1.0,0.0,-0.011237277860785051,-0.011237277860785051,0.0,N,N,N,0.0,True,0
1,1x8d,78,K,True,unseen_protein_uncovered_source,unseen_protein_uncovered_source,legacy_oracle_r32,new,0.928394222294291,0.9310288599132724,0.021224864948939534,False,0.0,0.9912280701754386,N,0.00015279182014097057,0.0004294059932836122,0.0004949106921867478,True,True,N,True,0.0,1.0,1.0,0.0,-0.011237277860785051,-0.011237277860785051,0.0,N,N,N,0.0,True,0
1,1x8d,78,K,True,unseen_protein_uncovered_source,unseen_protein_uncovered_source,legacy_oracle_r32,all,0.9209162714011815,0.9233301134641115,0.023261648513074648,False,0.0,0.9824561403508772,N,0.0001529086320875289,0.00044421020892441933,0.0005035549415464073,True,True,N,True,0.0,1.0,1.0,0.0,-0.011237277860785051,-0.011237277860785051,0.0,N,N,N,0.0,True,0
1,1x8d,78,K,True,unseen_protein_uncovered_source,unseen_protein_uncovered_source,legacy_restricted_s231301,old,0.5583480768613265,0.6850527365681595,0.025298432077209762,False,0.201533975358508,0.6491228070175438,Q,0.00044098046554949056,0.002258615838746917,0.003025810561338496,True,True,N,False,0.005098493586857281,1.0,0.8,0.007539546157068616,-0.003697731703716435,-0.011237277860785051,0.007539546157068616,Q,N,N,0.0,True,0
1,1x8d,78,K,True,unseen_protein_uncovered_source,unseen_protein_uncovered_source,legacy_restricted_s231301,new,0.08886191421365712,0.28106812901894684,0.021224864948939534,False,0.48492494505925127,0.37543859649122807,A,0.00031883679196917917,0.003503813835130599,0.004474456251894605,False,False,N,False,0.010292466469254531,0.0,0.4,0.007539546157068616,-0.003697731703716435,-0.011237277860785051,0.007539546157068616,Q,N,N,0.0,True,0
1,1x8d,78,K,True,unseen_protein_uncovered_source,unseen_protein_uncovered_source,legacy_restricted_s231301,all,0.2765326921907496,0.4235219416562386,0.023261648513074648,False,0.27164970137052946,0.40350877192982454,Q,0.0003799086287593349,0.002881214836938758,0.003689226753738783,True,True,N,False,0.006319019871962948,0.6666666666666666,0.4,0.007539546157068616,-0.003697731703716435,-0.011237277860785051,0.007539546157068616,Q,N,N,0.0,True,0
1,1x8d,78,K,True,unseen_protein_uncovered_source,unseen_protein_uncovered_source,legacy_restricted_s231303,old,0.443760889784651,0.5733503237190366,0.025298432077209762,False,0.201533975358508,0.7263157894736841,Q,-0.0006010545247445676,0.0023552773212198556,0.003402091160734483,False,True,N,False,0.005098493586857281,0.6666666666666666,0.8,0.007539546157068616,-0.003697731703716435,-0.011237277860785051,0.007539546157068616,Q,N,N,0.0,True,0
1,1x8d,78,K,True,unseen_protein_uncovered_source,unseen_protein_uncovered_source,legacy_restricted_s231303,new,0.20428742859785562,0.4125802927730457,0.021224864948939534,False,0.6864600961395902,0.5228070175438596,W,0.00026959394137071455,0.003042128969139754,0.004111674381925443,False,False,N,False,0.014570022833398852,0.0,0.6,0.007539546157068616,-0.003697731703716435,-0.011237277860785051,0.007539546157068616,Q,N,N,0.0,True,0
1,1x8d,78,K,True,unseen_protein_uncovered_source,unseen_protein_uncovered_source,legacy_restricted_s231303,all,0.29880384547310446,0.47042756335785146,0.023261648513074648,False,0.27164970137052946,0.5210526315789473,Q,-0.0001657302916869265,0.002641762043792623,0.003665704621999146,False,True,N,False,0.006319019871962948,0.3333333333333333,0.4,0.007539546157068616,-0.003697731703716435,-0.011237277860785051,0.007539546157068616,Q,N,N,0.0,True,0
1,1x8d,78,K,True,unseen_protein_uncovered_source,unseen_protein_uncovered_source,legacy_wt_z,old,0.41243850178172264,0.5832822226137925,0.025298432077209762,False,0.201533975358508,0.5719298245614035,Q,0.000630032573327666,0.0027152734993413454,0.003673405887739413,True,True,N,False,0.005098493586857281,1.0,0.6,0.007539546157068616,-0.003697731703716435,-0.011237277860785051,0.007539546157068616,Q,N,N,0.0,True,0
1,1x8d,78,K,True,unseen_protein_uncovered_source,unseen_protein_uncovered_source,legacy_wt_z,new,0.021101927817750644,0.16018814984972984,0.021224864948939534,False,0.48492494505925127,0.22456140350877193,A,0.00038158203826406243,0.0035127795442395316,0.004677711881759962,False,False,N,False,0.010292466469254531,0.3333333333333333,0.4,0.007539546157068616,-0.003697731703716435,-0.011237277860785051,0.007539546157068616,Q,N,N,0.0,True,0
1,1x8d,78,K,True,unseen_protein_uncovered_source,unseen_protein_uncovered_source,legacy_wt_z,all,0.1646324200914017,0.3319274045780093,0.023261648513074648,False,0.27164970137052946,0.26666666666666666,Q,0.0005058073057958643,0.003031476854129255,0.004128685686970649,True,True,N,False,0.006319019871962948,0.6666666666666666,0.4,0.007539546157068616,-0.003697731703716435,-0.011237277860785051,0.007539546157068616,Q,N,N,0.0,True,0
1,1x8d,25,I,True,unseen_protein_uncovered_source,unseen_protein_covered_source,restricted_context_s231301,all,5.280597665515281,16.787670641138114,0.05886700107632219,False,0.13016534117549586,0.3456140350877193,Q,-0.2699409608623138,0.27776669993147296,0.395910791923853,True,True,C,False,0.007662443279077759,0.6666666666666666,0.4,0.00889379943623747,0.005219187671836011,-0.00367461176440146,0.00889379943623747,Q,C,C,0.0,True,0
1,1x8d,25,I,True,unseen_protein_uncovered_source,unseen_protein_covered_source,restricted_context_s231301,new,5.965239719090352,17.533605053563164,0.05480079459170185,False,0.16229325692266888,0.4245614035087719,Q,-0.26896522935908,0.2765242633712466,0.39506722437876857,True,True,C,False,0.00889379943623747,0.3333333333333333,0.4,0.00889379943623747,0.005219187671836011,-0.00367461176440146,0.00889379943623747,Q,C,C,0.0,True,0
1,1x8d,25,I,True,unseen_protein_uncovered_source,unseen_protein_covered_source,restricted_context_s231301,old,4.582134046510787,15.923901439110676,0.0629332075609425,False,0.10218908857760647,0.26491228070175443,Q,-0.2709166923655474,0.2790091364916993,0.3967658955349037,True,True,C,False,0.006431087121918047,0.3333333333333333,0.4,0.00889379943623747,0.005219187671836011,-0.00367461176440146,0.00889379943623747,Q,C,C,0.0,True,0
1,1x8d,25,I,True,unseen_protein_uncovered_source,unseen_protein_covered_source,restricted_aa_only_s231301,all,-1.1619225329509382,5.344166279698449,0.05886700107632219,False,0.17658802486730302,-0.1087719298245614,V,0.021711596416185534,0.050701641561480514,0.10145915696923212,False,False,C,False,0.010395207449929136,0.0,0.0,0.010433206594127713,0.006758594829726253,-0.00367461176440146,0.010433206594127713,V,C,C,0.0,True,0
1,1x8d,25,I,True,unseen_protein_uncovered_source,unseen_protein_covered_source,restricted_aa_only_s231301,new,-0.8482551326924404,5.581626116680239,0.05480079459170185,False,0.19038422110228945,0.06842105263157894,V,0.022687327919419246,0.049294774438340176,0.10037349293177408,False,False,C,False,0.010433206594127713,0.0,0.2,0.010433206594127713,0.006758594829726253,-0.00367461176440146,0.010433206594127713,V,C,C,0.0,True,0
1,1x8d,25,I,True,unseen_protein_uncovered_source,unseen_protein_covered_source,restricted_aa_only_s231301,old,-1.3912079170677274,5.0691950617377355,0.0629332075609425,False,0.1645746134217133,-0.21052631578947367,V,0.02073586491295181,0.05210850868462082,0.1025848931222493,False,False,C,False,0.010357208305730559,0.0,0.0,0.010433206594127713,0.006758594829726253,-0.00367461176440146,0.010433206594127713,V,C,C,0.0,True,0
1,1x8d,25,I,True,unseen_protein_uncovered_source,unseen_protein_covered_source,restricted_context_s231303,all,-7.599128921438163,21.81077921755006,0.05886700107632219,False,0.17658802486730302,-0.4666666666666667,V,0.1525316303585532,0.3292272995433931,0.41810199332508147,False,False,C,False,0.010395207449929136,0.0,0.0,0.010433206594127713,0.006758594829726253,-0.00367461176440146,0.010433206594127713,V,C,C,0.0,True,0
1,1x8d,25,I,True,unseen_protein_uncovered_source,unseen_protein_covered_source,restricted_context_s231303,new,-7.363578435869263,22.779907760035737,0.05480079459170185,False,0.19038422110228945,-0.41578947368421054,V,0.15350736186178687,0.32843892625181853,0.41780291177582674,False,False,C,False,0.010433206594127713,0.0,0.0,0.010433206594127713,0.006758594829726253,-0.00367461176440146,0.010433206594127713,V,C,C,0.0,True,0
1,1x8d,25,I,True,unseen_protein_uncovered_source,unseen_protein_covered_source,restricted_context_s231303,old,-7.600924112542743,20.688558049225865,0.0629332075609425,False,0.1645746134217133,-0.4859649122807017,V,0.15155589885531948,0.33001567283496763,0.418413501061889,False,False,C,False,0.010357208305730559,0.0,0.0,0.010433206594127713,0.006758594829726253,-0.00367461176440146,0.010433206594127713,V,C,C,0.0,True,0
1,1x8d,25,I,True,unseen_protein_uncovered_source,unseen_protein_covered_source,restricted_aa_only_s231303,all,0.7136465585259166,2.822551481755992,0.05886700107632219,False,0.17658802486730302,-0.14385964912280702,V,0.013383130145931784,0.03457811437572285,0.05001820752467699,False,False,C,False,0.010395207449929136,0.0,0.0,0.010433206594127713,0.006758594829726253,-0.00367461176440146,0.010433206594127713,V,C,C,0.0,True,0
1,1x8d,25,I,True,unseen_protein_uncovered_source,unseen_protein_covered_source,restricted_aa_only_s231303,new,0.731391469947491,2.947967230378302,0.05480079459170185,False,0.19038422110228945,-0.09824561403508772,V,0.014358861649165496,0.03469994148788108,0.05029740695387629,False,False,C,False,0.010433206594127713,0.0,0.0,0.010433206594127713,0.006758594829726253,-0.00367461176440146,0.010433206594127713,V,C,C,0.0,True,0
1,1x8d,25,I,True,unseen_protein_uncovered_source,unseen_protein_covered_source,restricted_aa_only_s231303,old,0.6809332065923068,2.6773238862667554,0.0629332075609425,False,0.1645746134217133,-0.15087719298245614,V,0.012407398642698065,0.034754482746530695,0.049843658935647135,False,False,C,False,0.010357208305730559,0.0,0.0,0.010433206594127713,0.006758594829726253,-0.00367461176440146,0.010433206594127713,V,C,C,0.0,True,0
1,1x8d,25,I,True,unseen_protein_uncovered_source,unseen_protein_covered_source,expanded_context_s231301,all,-0.3637380886245837,8.670067376599427,0.05886700107632219,False,0.5809296899272406,0.0824561403508772,W,-0.4556317831381594,0.4556317831381594,0.48092653475817015,False,True,C,False,0.03419758868221438,0.0,0.6,0.033772005472865,0.030097393708463538,-0.00367461176440146,0.033772005472865,W,C,C,0.0,True,0
1,1x8d,25,I,True,unseen_protein_uncovered_source,unseen_protein_covered_source,expanded_context_s231301,new,-0.12014134999513455,9.05530853080704,0.05480079459170185,False,0.6162685363321153,0.14385964912280702,W,-0.45465605163492573,0.45465605163492573,0.4798126976571531,False,True,C,False,0.033772005472865,0.3333333333333333,0.6,0.033772005472865,0.030097393708463538,-0.00367461176440146,0.033772005472865,W,C,C,0.0,True,0
1,1x8d,25,I,True,unseen_protein_uncovered_source,unseen_protein_covered_source,expanded_context_s231301,old,-0.5554466214812306,8.223969919751674,0.0629332075609425,False,0.5501574325134435,0.014035087719298246,W,-0.45660751464139304,0.45660751464139304,0.4820487694729464,False,True,C,False,0.03462317189156376,0.0,0.6,0.033772005472865,0.030097393708463538,-0.00367461176440146,0.033772005472865,W,C,C,0.0,True,0
1,1x8d,25,I,True,unseen_protein_uncovered_source,unseen_protein_covered_source,expanded_aa_only_s231301,all,-0.38564629297732883,8.83978567644415,0.05886700107632219,False,0.5809296899272406,0.09298245614035087,W,-0.46948310635217577,0.46948310635217577,0.4950084924574152,False,True,C,False,0.03419758868221438,0.0,0.6,0.033772005472865,0.030097393708463538,-0.00367461176440146,0.033772005472865,W,C,C,0.0,True,0
1,1x8d,25,I,True,unseen_protein_uncovered_source,unseen_protein_covered_source,expanded_aa_only_s231301,new,-0.1448798336320039,9.23256800315739,0.05480079459170185,False,0.6162685363321153,0.14736842105263157,W,-0.46850737484894206,0.46850737484894206,0.49389952903590717,False,True,C,False,0.033772005472865,0.3333333333333333,0.6,0.033772005472865,0.030097393708463538,-0.00367461176440146,0.033772005472865,W,C,C,0.0,True,0
1,1x8d,25,I,True,unseen_protein_uncovered_source,unseen_protein_covered_source,expanded_aa_only_s231301,old,-0.5744654215774813,8.384955772816848,0.0629332075609425,False,0.5501574325134435,0.02456140350877193,W,-0.47045883785540954,0.47045883785540954,0.496125637054213,False,True,C,False,0.03462317189156376,0.0,0.6,0.033772005472865,0.030097393708463538,-0.00367461176440146,0.033772005472865,W,C,C,0.0,True,0
1,1x8d,25,I,True,unseen_protein_uncovered_source,unseen_protein_covered_source,expanded_context_s231303,all,-0.7065553604882182,4.167163584864373,0.05886700107632219,False,1.0,-0.09649122807017543,R,-0.16800624465881864,0.1793924082994754,0.1852545971081715,False,False,C,False,0.05886700107632219,0.0,0.4,0.05480079459170185,0.05112618282730039,-0.00367461176440146,0.05480079459170185,R,C,C,0.0,True,0
1,1x8d,25,I,True,unseen_protein_uncovered_source,unseen_protein_covered_source,expanded_context_s231303,new,-0.7672193132679176,4.3523251112370485,0.05480079459170185,False,1.0,-0.13684210526315788,R,-0.16703051315558493,0.17848735701915497,0.18429518775224513,False,False,C,False,0.05480079459170185,0.3333333333333333,0.4,0.05480079459170185,0.05112618282730039,-0.00367461176440146,0.05480079459170185,R,C,C,0.0,True,0
1,1x8d,25,I,True,unseen_protein_uncovered_source,unseen_protein_covered_source,expanded_context_s231303,old,-0.638621365944601,3.9527522087205256,0.0629332075609425,False,1.0,-0.10526315789473684,R,-0.16898197616205235,0.18029745957979584,0.18623746289401663,False,False,C,False,0.0629332075609425,0.0,0.4,0.05480079459170185,0.05112618282730039,-0.00367461176440146,0.05480079459170185,R,C,C,0.0,True,0
1,1x8d,25,I,True,unseen_protein_uncovered_source,unseen_protein_covered_source,expanded_aa_only_s231303,all,-0.3685139344588203,8.827629914275109,0.05886700107632219,False,0.5809296899272406,0.09298245614035087,W,-0.4679925002590828,0.4679925002590828,0.49351725687852843,False,True,C,False,0.03419758868221438,0.0,0.6,0.033772005472865,0.030097393708463538,-0.00367461176440146,0.033772005472865,W,C,C,0.0,True,0
1,1x8d,25,I,True,unseen_protein_uncovered_source,unseen_protein_covered_source,expanded_aa_only_s231303,new,-0.12692562889744924,9.219872118328988,0.05480079459170185,False,0.6162685363321153,0.14736842105263157,W,-0.46701676875584913,0.46701676875584913,0.49240830997813634,False,True,C,False,0.033772005472865,0.3333333333333333,0.6,0.033772005472865,0.030097393708463538,-0.00367461176440146,0.033772005472865,W,C,C,0.0,True,0
1,1x8d,25,I,True,unseen_protein_uncovered_source,unseen_protein_covered_source,expanded_aa_only_s231303,old,-0.5584449067403154,8.373425456143684,0.0629332075609425,False,0.5501574325134435,0.02456140350877193,W,-0.46896823176231656,0.46896823176231656,0.4946344096933655,False,True,C,False,0.03462317189156376,0.0,0.6,0.033772005472865,0.030097393708463538,-0.00367461176440146,0.033772005472865,W,C,C,0.0,True,0
1,1x8d,25,I,True,unseen_protein_uncovered_source,unseen_protein_covered_source,legacy_baseline,old,0.996289173350936,0.9962945991813889,0.0629332075609425,False,0.0,1.0,C,-2.3164970007695007e-05,5.129994242035182e-05,9.462237060177815e-05,True,True,C,True,0.0,1.0,1.0,0.0,-0.00367461176440146,-0.00367461176440146,0.0,C,C,C,0.0,True,0
1,1x8d,25,I,True,unseen_protein_uncovered_source,unseen_protein_covered_source,legacy_baseline,new,0.9983599688718227,0.9983673446664659,0.05480079459170185,False,0.0,1.0,C,-2.9955677899635916e-06,4.084390021587756e-05,7.019884420244788e-05,True,True,C,True,0.0,1.0,1.0,0.0,-0.00367461176440146,-0.00367461176440146,0.0,C,C,C,0.0,True,0
1,1x8d,25,I,True,unseen_protein_uncovered_source,unseen_protein_covered_source,legacy_baseline,all,0.9972259090692809,0.9972316955105432,0.05886700107632219,False,0.0,1.0,C,-1.308026889883003e-05,4.2454409621493955e-05,7.808517595760792e-05,True,True,C,True,0.0,1.0,1.0,0.0,-0.00367461176440146,-0.00367461176440146,0.0,C,C,C,0.0,True,0
1,1x8d,25,I,True,unseen_protein_uncovered_source,unseen_protein_covered_source,legacy_exact,old,1.0,1.0,0.0629332075609425,False,0.0,1.0,C,0.0,0.0,0.0,True,True,C,True,0.0,1.0,1.0,0.0,-0.00367461176440146,-0.00367461176440146,0.0,C,C,C,0.0,True,0
1,1x8d,25,I,True,unseen_protein_uncovered_source,unseen_protein_covered_source,legacy_exact,new,1.0,1.0,0.05480079459170185,False,0.0,1.0,C,0.0,0.0,0.0,True,True,C,True,0.0,1.0,1.0,0.0,-0.00367461176440146,-0.00367461176440146,0.0,C,C,C,0.0,True,0
1,1x8d,25,I,True,unseen_protein_uncovered_source,unseen_protein_covered_source,legacy_exact,all,1.0,1.0,0.05886700107632219,False,0.0,1.0,C,0.0,0.0,0.0,True,True,C,True,0.0,1.0,1.0,0.0,-0.00367461176440146,-0.00367461176440146,0.0,C,C,C,0.0,True,0
1,1x8d,25,I,True,unseen_protein_uncovered_source,unseen_protein_covered_source,legacy_expanded_s231301,old,-0.026853804827751793,0.15854340480025664,0.0629332075609425,False,0.6843240336894227,-0.08771929824561404,D,-0.01737935303652392,0.017941426619993275,0.025912135441572764,False,False,C,False,0.043066706451117855,0.3333333333333333,0.2,0.04856300705655538,0.04488839529215392,-0.00367461176440146,0.04856300705655538,D,C,C,0.0,True,0
1,1x8d,25,I,True,unseen_protein_uncovered_source,unseen_protein_covered_source,legacy_expanded_s231301,new,-0.0164496977344527,0.06472174342429443,0.05480079459170185,False,0.16229325692266888,-0.23508771929824557,Q,-0.0165607056630364,0.017153932889081614,0.02381488175892599,False,False,C,False,0.00889379943623747,0.0,0.2,0.04856300705655538,0.04488839529215392,-0.00367461176440146,0.04856300705655538,D,C,C,0.0,True,0
1,1x8d,25,I,True,unseen_protein_uncovered_source,unseen_protein_covered_source,legacy_expanded_s231301,all,-0.027704570260024423,0.09338730011254232,0.05886700107632219,False,0.7782774035734688,-0.15263157894736842,D,-0.01697002934978016,0.017547679754537443,0.02481554080957404,False,False,C,False,0.04581485675383662,0.3333333333333333,0.2,0.04856300705655538,0.04488839529215392,-0.00367461176440146,0.04856300705655538,D,C,C,0.0,True,0
1,1x8d,25,I,True,unseen_protein_uncovered_source,unseen_protein_covered_source,legacy_expanded_s231303,old,-0.01608240315017943,0.14202735179518283,0.0629332075609425,False,0.6843240336894227,-0.0017543859649122807,D,-0.01646438543953385,0.017197839715902507,0.025127610451772243,False,False,C,False,0.043066706451117855,0.3333333333333333,0.2,0.04856300705655538,0.04488839529215392,-0.00367461176440146,0.04856300705655538,D,C,C,0.0,True,0
1,1x8d,25,I,True,unseen_protein_uncovered_source,unseen_protein_covered_source,legacy_expanded_s231303,new,0.014767808965177293,0.04171681096668299,0.05480079459170185,False,0.15124094873135815,0.3701754385964912,M,-0.017352259661574897,0.017897519681951,0.023993088208643563,False,False,C,False,0.008288124165281269,0.3333333333333333,0.6,0.04856300705655538,0.04488839529215392,-0.00367461176440146,0.04856300705655538,D,C,C,0.0,True,0
1,1x8d,25,I,True,unseen_protein_uncovered_source,unseen_protein_covered_source,legacy_expanded_s231303,all,-0.006492050046901108,0.07728809126778212,0.05886700107632219,False,0.7782774035734688,0.02631578947368421,D,-0.016908322550554376,0.017547679698926757,0.02449089739335596,False,False,C,False,0.04581485675383662,0.0,0.4,0.04856300705655538,0.04488839529215392,-0.00367461176440146,0.04856300705655538,D,C,C,0.0,True,0
1,1x8d,25,I,True,unseen_protein_uncovered_source,unseen_protein_covered_source,legacy_oracle_r32,old,0.949471592405948,0.95018345465326,0.0629332075609425,False,0.0,0.9964912280701754,C,-0.001382663561947721,0.0014825948897525733,0.0018024912505103818,True,True,C,True,0.0,1.0,0.8,0.0,-0.00367461176440146,-0.00367461176440146,0.0,C,C,C,0.0,True,0
1,1x8d,25,I,True,unseen_protein_uncovered_source,unseen_protein_covered_source,legacy_oracle_r32,new,0.9744910743729791,0.9748952883398834,0.05480079459170185,False,0.0,0.9982456140350877,C,-0.0006429487956115276,0.0007129666498435246,0.0009053671290147007,True,True,C,True,0.0,1.0,1.0,0.0,-0.00367461176440146,-0.00367461176440146,0.0,C,C,C,0.0,True,0
1,1x8d,25,I,True,unseen_protein_uncovered_source,unseen_protein_covered_source,legacy_oracle_r32,all,0.9616112546485818,0.962072533031645,0.05886700107632219,False,0.0,0.9982456140350877,C,-0.0010128061787796241,0.0010974103617113129,0.0013240659026160578,True,True,C,True,0.0,0.6666666666666666,1.0,0.0,-0.00367461176440146,-0.00367461176440146,0.0,C,C,C,0.0,True,0
1,1x8d,25,I,True,unseen_protein_uncovered_source,unseen_protein_covered_source,legacy_restricted_s231301,old,-0.013572452521204686,0.14347024851211085,0.0629332075609425,False,0.6843240336894227,-0.028070175438596492,D,-0.01835362157664045,0.018790034363775097,0.026374200954276943,False,False,C,False,0.043066706451117855,0.3333333333333333,0.2,0.04856300705655538,0.04488839529215392,-0.00367461176440146,0.04856300705655538,D,C,C,0.0,True,0
1,1x8d,25,I,True,unseen_protein_uncovered_source,unseen_protein_covered_source,legacy_restricted_s231301,new,-0.017087365573323365,0.08069338637107115,0.05480079459170185,False,0.6162685363321153,-0.19298245614035087,W,-0.01689792786738995,0.017553411653680358,0.02407171957758535,False,False,C,False,0.033772005472865,0.0,0.2,0.04856300705655538,0.04488839529215392,-0.00367461176440146,0.04856300705655538,D,C,C,0.0,True,0
1,1x8d,25,I,True,unseen_protein_uncovered_source,unseen_protein_covered_source,legacy_restricted_s231301,all,-0.021404496382992612,0.07595830232101493,0.05886700107632219,False,0.7782774035734688,-0.2789473684210526,D,-0.017625774722015198,0.01812006754709521,0.025173519090954024,False,False,C,False,0.04581485675383662,0.3333333333333333,0.2,0.04856300705655538,0.04488839529215392,-0.00367461176440146,0.04856300705655538,D,C,C,0.0,True,0
1,1x8d,25,I,True,unseen_protein_uncovered_source,unseen_protein_covered_source,legacy_restricted_s231303,old,0.02209484481994907,0.1750507764004749,0.0629332075609425,False,0.6843240336894227,0.0456140350877193,D,-0.01778487563751539,0.01816812405431248,0.025574676242547213,False,False,C,False,0.043066706451117855,0.3333333333333333,0.2,0.04856300705655538,0.04488839529215392,-0.00367461176440146,0.04856300705655538,D,C,C,0.0,True,0
1,1x8d,25,I,True,unseen_protein_uncovered_source,unseen_protein_covered_source,legacy_restricted_s231303,new,0.035608899711313965,0.07313286899059528,0.05480079459170185,False,0.16229325692266888,0.30701754385964913,Q,-0.017741641403319318,0.018166211736761816,0.024053699002804158,False,False,C,False,0.00889379943623747,0.0,0.4,0.04856300705655538,0.04488839529215392,-0.00367461176440146,0.04856300705655538,D,C,C,0.0,True,0
1,1x8d,25,I,True,unseen_protein_uncovered_source,unseen_protein_covered_source,legacy_restricted_s231303,all,0.024860957663403765,0.10921175296026624,0.05886700107632219,False,0.7782774035734688,0.0912280701754386,D,-0.017763258520417356,0.01816716789553715,0.024737870432432973,False,False,C,False,0.04581485675383662,0.3333333333333333,0.4,0.04856300705655538,0.04488839529215392,-0.00367461176440146,0.04856300705655538,D,C,C,0.0,True,0
1,1x8d,25,I,True,unseen_protein_uncovered_source,unseen_protein_covered_source,legacy_wt_z,old,-0.02745526984347717,0.15971515772867456,0.0629332075609425,False,0.6843240336894227,-0.08771929824561404,D,-0.017364820755069163,0.017932300703340634,0.025912804236137905,False,False,C,False,0.043066706451117855,0.3333333333333333,0.2,0.04856300705655538,0.04488839529215392,-0.00367461176440146,0.04856300705655538,D,C,C,0.0,True,0
1,1x8d,25,I,True,unseen_protein_uncovered_source,unseen_protein_covered_source,legacy_wt_z,new,-0.016502428903193776,0.06482852179383818,0.05480079459170185,False,0.16229325692266888,-0.23508771929824557,Q,-0.016523716243025344,0.017121691555665775,0.023789882528534426,False,False,C,False,0.00889379943623747,0.0,0.2,0.04856300705655538,0.04488839529215392,-0.00367461176440146,0.04856300705655538,D,C,C,0.0,True,0
1,1x8d,25,I,True,unseen_protein_uncovered_source,unseen_protein_covered_source,legacy_wt_z,all,-0.028085915883270102,0.09408235592673339,0.05886700107632219,False,0.7782774035734688,-0.17719298245614035,D,-0.016944268499047253,0.017526996129503203,0.024803477801080772,False,False,C,False,0.04581485675383662,0.3333333333333333,0.2,0.04856300705655538,0.04488839529215392,-0.00367461176440146,0.04856300705655538,D,C,C,0.0,True,0
5,1a7g,65,N,False,train,train,restricted_context_s231301,all,0.9833058539581121,0.9837314630863272,0.9764002918241175,False,0.0,0.9403508771929823,Y,-0.003071405096589753,0.006601982323552943,0.009581865246035463,True,True,Y,True,0.0,1.0,0.8,0.0,-0.0041171793427740855,-0.0041171793427740855,0.0,Y,Y,Y,0.0,False,0
5,1a7g,65,N,False,train,train,restricted_context_s231301,new,1.002240043678014,1.003315161936948,0.9641606536408184,False,0.0,0.8912280701754386,Y,-0.015056461016406616,0.0176744428631018,0.019495614646317508,True,True,Y,True,0.0,1.0,0.6,0.0,-0.0041171793427740855,-0.0041171793427740855,0.0,Y,Y,Y,0.0,False,0
5,1a7g,65,N,False,train,train,restricted_context_s231301,old,0.9642272494367146,0.9644747146212859,0.9886399300074165,False,0.0,0.9298245614035087,Y,0.008913650823227112,0.013028298483123934,0.01464208840986644,True,True,Y,True,0.0,0.6666666666666666,1.0,0.0,-0.0041171793427740855,-0.0041171793427740855,0.0,Y,Y,Y,0.0,False,0
5,1a7g,65,N,False,train,train,restricted_aa_only_s231301,all,1.0110919250599433,1.011306396282936,0.9764002918241175,False,0.0,0.9578947368421052,Y,-0.01206672284335233,0.012805837227897507,0.013664154622912825,True,True,Y,True,0.0,0.6666666666666666,0.8,0.0,-0.0041171793427740855,-0.0041171793427740855,0.0,Y,Y,Y,0.0,False,0
5,1a7g,65,N,False,train,train,restricted_aa_only_s231301,new,1.0305233505086837,1.0314390449311512,0.9641606536408184,False,0.0,0.8596491228070176,Y,-0.024051778763169194,0.026174886182383693,0.02790356701901837,True,True,Y,True,0.0,0.6666666666666666,0.6,0.0,-0.0041171793427740855,-0.0041171793427740855,0.0,Y,Y,Y,0.0,False,0
5,1a7g,65,N,False,train,train,restricted_aa_only_s231301,old,0.9915091337461841,0.9915098627521194,0.9886399300074165,False,0.0,0.9964912280701754,Y,-8.166692353546665e-05,0.0013972845654105664,0.002377951005925208,True,True,Y,True,0.0,1.0,1.0,0.0,-0.0041171793427740855,-0.0041171793427740855,0.0,Y,Y,Y,0.0,False,0
5,1a7g,65,N,False,train,train,restricted_context_s231303,all,1.030107325779733,1.030348537506765,0.9764002918241175,False,0.0,0.9473684210526316,Y,-0.0074498462724768184,0.011482141924967002,0.012613824205944573,True,True,Y,True,0.0,0.6666666666666666,0.8,0.0,-0.0041171793427740855,-0.0041171793427740855,0.0,Y,Y,Y,0.0,False,0
5,1a7g,65,N,False,train,train,restricted_context_s231303,new,1.0499027927093383,1.0508602688347477,0.9641606536408184,False,0.0,0.8456140350877193,Y,-0.019434902192293685,0.024639866866523197,0.026404579527085623,True,True,Y,True,0.0,0.6666666666666666,0.6,0.0,-0.0041171793427740855,-0.0041171793427740855,0.0,Y,Y,Y,0.0,False,0
5,1a7g,65,N,False,train,train,restricted_context_s231303,old,1.0101575398761993,1.0101792500918418,0.9886399300074165,False,0.0,0.9859649122807018,Y,0.0045352096473400445,0.0045352096473400445,0.005644533855726936,True,True,Y,True,0.0,0.6666666666666666,1.0,0.0,-0.0041171793427740855,-0.0041171793427740855,0.0,Y,Y,Y,0.0,False,0
5,1a7g,65,N,False,train,train,restricted_aa_only_s231303,all,1.0013132181882032,1.0015373121818503,0.9764002918241175,False,0.0,0.9508771929824561,Y,-0.012920773842535666,0.013258234521208518,0.01414947863685883,True,True,Y,True,0.0,0.6666666666666666,0.8,0.0,-0.0041171793427740855,-0.0041171793427740855,0.0,Y,Y,Y,0.0,False,0
5,1a7g,65,N,False,train,train,restricted_aa_only_s231303,new,1.0205455750532448,1.0214754821453218,0.9641606536408184,False,0.0,0.8403508771929825,Y,-0.024905829762352533,0.02623399277914839,0.028018246834779117,True,True,Y,True,0.0,0.6666666666666666,0.6,0.0,-0.0041171793427740855,-0.0041171793427740855,0.0,Y,Y,Y,0.0,False,0
5,1a7g,65,N,False,train,train,restricted_aa_only_s231303,old,0.9819301136573272,0.9819320105088398,0.9886399300074165,False,0.0,0.9929824561403509,Y,-0.000935717922718803,0.0023393058280859746,0.005122381862857292,True,True,Y,True,0.0,0.6666666666666666,1.0,0.0,-0.0041171793427740855,-0.0041171793427740855,0.0,Y,Y,Y,0.0,False,0
5,1a7g,65,N,False,train,train,expanded_context_s231301,all,1.0411010228843878,1.0413677237048269,0.9764002918241175,False,0.0,0.9614035087719298,Y,-0.009854105416511251,0.015122934521022882,0.016211559124312703,True,True,Y,True,0.0,0.6666666666666666,0.8,0.0,-0.0041171793427740855,-0.0041171793427740855,0.0,Y,Y,Y,0.0,False,0
5,1a7g,65,N,False,train,train,expanded_context_s231301,new,1.0610788634768076,1.0620988202073305,0.9641606536408184,False,0.0,0.8614035087719297,Y,-0.021839161336328117,0.02828065946257908,0.029923232441557056,True,True,Y,True,0.0,0.6666666666666666,0.6,0.0,-0.0041171793427740855,-0.0041171793427740855,0.0,Y,Y,Y,0.0,False,0
5,1a7g,65,N,False,train,train,expanded_context_s231301,old,1.02096502279427,1.0209827334229447,0.9886399300074165,False,0.0,0.9929824561403509,Y,0.002130950503305612,0.0032328224180714947,0.006408971757186213,True,True,Y,True,0.0,0.6666666666666666,1.0,0.0,-0.0041171793427740855,-0.0041171793427740855,0.0,Y,Y,Y,0.0,False,0
5,1a7g,65,N,False,train,train,expanded_aa_only_s231301,all,1.0193032017335757,1.019537334060441,0.9764002918241175,False,0.0,0.9543859649122807,Y,-0.012911444400116033,0.014199391687444052,0.015147720934360098,True,True,Y,True,0.0,0.6666666666666666,0.8,0.0,-0.0041171793427740855,-0.0041171793427740855,0.0,Y,Y,Y,0.0,False,0
5,1a7g,65,N,False,train,train,expanded_aa_only_s231301,new,1.0388744719090837,1.0398338406442222,0.9641606536408184,False,0.0,0.8456140350877193,Y,-0.024896500319932898,0.027568440641930238,0.029472336536051538,True,True,Y,True,0.0,0.6666666666666666,0.6,0.0,-0.0041171793427740855,-0.0041171793427740855,0.0,Y,Y,Y,0.0,False,0
5,1a7g,65,N,False,train,train,expanded_aa_only_s231301,old,0.999577972667813,0.9995796782067542,0.9886399300074165,False,0.0,0.9982456140350877,Y,-0.0009263884802991705,0.0009263884802991705,0.0010647715106606316,True,True,Y,True,0.0,1.0,1.0,0.0,-0.0041171793427740855,-0.0041171793427740855,0.0,Y,Y,Y,0.0,False,0
5,1a7g,65,N,False,train,train,expanded_context_s231303,all,1.016129107944458,1.0164446887458771,0.9764002918241175,False,0.012655891237698495,0.956140350877193,C,-0.006392367004604293,0.00888997104408546,0.01036440969099946,True,True,Y,False,0.012357215897783103,0.6666666666666666,0.8,0.017292277670092754,0.013175098327318668,-0.0041171793427740855,0.017292277670092754,C,Y,Y,0.0,True,0
5,1a7g,65,N,False,train,train,expanded_context_s231303,new,1.0356543339866446,1.0366796282895008,0.9641606536408184,False,0.017935058441551688,0.8614035087719297,C,-0.018377422924421155,0.02203863722118849,0.024057060824610527,True,True,Y,False,0.017292277670092754,0.6666666666666666,0.6,0.017292277670092754,0.013175098327318668,-0.0041171793427740855,0.017292277670092754,C,Y,Y,0.0,True,0
5,1a7g,65,N,False,train,train,expanded_context_s231303,old,0.9964515337658783,0.9965475720689361,0.9886399300074165,False,0.007507439159793771,0.987719298245614,C,0.005592688915212572,0.005592688915212572,0.006851661201522355,True,True,Y,False,0.007422154125473451,0.6666666666666666,1.0,0.017292277670092754,0.013175098327318668,-0.0041171793427740855,0.017292277670092754,C,Y,Y,0.0,True,0
5,1a7g,65,N,False,train,train,expanded_aa_only_s231303,all,1.021121614371386,1.0213455677804455,0.9764002918241175,False,0.0,0.9491228070175438,Y,-0.012942675218155134,0.014210034002411016,0.015304100146560624,True,True,Y,True,0.0,0.6666666666666666,0.8,0.0,-0.0041171793427740855,-0.0041171793427740855,0.0,Y,Y,Y,0.0,False,0
5,1a7g,65,N,False,train,train,expanded_aa_only_s231303,new,1.0407383019724006,1.041678071896026,0.9641606536408184,False,0.0,0.8403508771929825,Y,-0.024927731137972,0.0275790829568972,0.02963210245813394,True,True,Y,True,0.0,0.6666666666666666,0.6,0.0,-0.0041171793427740855,-0.0041171793427740855,0.0,Y,Y,Y,0.0,False,0
5,1a7g,65,N,False,train,train,expanded_aa_only_s231303,old,1.001351490648313,1.0013525153747334,0.9886399300074165,False,0.0,0.9947368421052631,Y,-0.0009576192983382709,0.0009887381978415056,0.0011022371597150746,True,True,Y,True,0.0,0.6666666666666666,1.0,0.0,-0.0041171793427740855,-0.0041171793427740855,0.0,Y,Y,Y,0.0,False,0
5,1a7g,65,N,False,train,train,legacy_baseline,old,0.9997289633151164,0.999729071681962,0.9886399300074165,False,0.0,1.0,Y,4.3323581258354394e-05,0.00012213334831106946,0.0001554337914791617,True,True,Y,True,0.0,1.0,1.0,0.0,-0.0041171793427740855,-0.0041171793427740855,0.0,Y,Y,Y,0.0,False,0
5,1a7g,65,N,False,train,train,legacy_baseline,new,1.0000455183011987,1.000045606124674,0.9641606536408184,False,0.0,0.9982456140350877,Y,6.12562848580531e-05,9.207848038411097e-05,0.0001279280425489563,True,True,Y,True,0.0,1.0,1.0,0.0,-0.0041171793427740855,-0.0041171793427740855,0.0,Y,Y,Y,0.0,False,0
5,1a7g,65,N,False,train,train,legacy_baseline,all,0.9998848417486561,0.9998849101573286,0.9764002918241175,False,0.0,0.9982456140350877,Y,5.228993305820083e-05,9.444741728448152e-05,0.00011752633245911041,True,True,Y,True,0.0,1.0,1.0,0.0,-0.0041171793427740855,-0.0041171793427740855,0.0,Y,Y,Y,0.0,False,0
5,1a7g,65,N,False,train,train,legacy_exact,old,1.0,1.0,0.9886399300074165,False,0.0,1.0,Y,0.0,0.0,0.0,True,True,Y,True,0.0,1.0,1.0,0.0,-0.0041171793427740855,-0.0041171793427740855,0.0,Y,Y,Y,0.0,False,0
5,1a7g,65,N,False,train,train,legacy_exact,new,1.0,1.0,0.9641606536408184,False,0.0,1.0,Y,0.0,0.0,0.0,True,True,Y,True,0.0,1.0,1.0,0.0,-0.0041171793427740855,-0.0041171793427740855,0.0,Y,Y,Y,0.0,False,0
5,1a7g,65,N,False,train,train,legacy_exact,all,1.0,1.0,0.9764002918241175,False,0.0,1.0,Y,0.0,0.0,0.0,True,True,Y,True,0.0,1.0,1.0,0.0,-0.0041171793427740855,-0.0041171793427740855,0.0,Y,Y,Y,0.0,False,0
5,1a7g,65,N,False,train,train,legacy_expanded_s231301,old,-0.00010923809604351732,0.03906868968896813,0.9886399300074165,False,0.007507439159793771,0.2,C,-0.11050954385284074,0.111723404740373,0.2985756046645722,True,True,Y,False,0.007422154125473451,0.6666666666666666,0.4,0.017292277670092754,0.013175098327318668,-0.0041171793427740855,0.017292277670092754,C,Y,Y,0.0,True,0
5,1a7g,65,N,False,train,train,legacy_expanded_s231301,new,0.017778887216688608,0.035478234619016,0.9641606536408184,False,0.0,0.4508771929824561,Y,-0.10669889994935386,0.1067127803504352,0.2827018189819759,True,True,Y,True,0.0,0.3333333333333333,0.4,0.017292277670092754,0.013175098327318668,-0.0041171793427740855,0.017292277670092754,C,Y,Y,0.0,True,0
5,1a7g,65,N,False,train,train,legacy_expanded_s231301,all,0.008374401844505393,0.032229474525979795,0.9764002918241175,False,0.0,0.2368421052631579,Y,-0.1086042219010973,0.10886254329719085,0.2906179047410961,True,True,Y,True,0.0,0.3333333333333333,0.4,0.017292277670092754,0.013175098327318668,-0.0041171793427740855,0.017292277670092754,C,Y,Y,0.0,True,0
5,1a7g,65,N,False,train,train,legacy_expanded_s231303,old,0.5417705665642573,0.5420992997770542,0.9886399300074165,False,0.0,0.9105263157894736,Y,-0.05270556438819659,0.05292418035313379,0.13759170137912713,True,True,Y,True,0.0,0.6666666666666666,1.0,0.0,-0.0041171793427740855,-0.0041171793427740855,0.0,Y,Y,Y,0.0,False,0
5,1a7g,65,N,False,train,train,legacy_expanded_s231303,new,0.5177423120587024,0.5180206242671863,0.9641606536408184,False,0.0,0.9263157894736841,Y,-0.053734110828176085,0.05392816311116344,0.13933215640469404,True,True,Y,True,0.0,0.6666666666666666,0.8,0.0,-0.0041171793427740855,-0.0041171793427740855,0.0,Y,Y,Y,0.0,False,0
5,1a7g,65,N,False,train,train,legacy_expanded_s231303,all,0.5297695991680488,0.52994440013981,0.9764002918241175,False,0.0,0.943859649122807,Y,-0.053219837608186354,0.053311085923524626,0.13845456274423118,True,True,Y,True,0.0,0.6666666666666666,0.8,0.0,-0.0041171793427740855,-0.0041171793427740855,0.0,Y,Y,Y,0.0,False,0
5,1a7g,65,N,False,train,train,legacy_oracle_r32,old,0.9932287258877331,0.9932371121406877,0.9886399300074165,False,0.0,0.9964912280701754,Y,-0.0007436363351304914,0.0009824824801903942,0.0023138199020716955,True,True,Y,True,0.0,0.6666666666666666,1.0,0.0,-0.0041171793427740855,-0.0041171793427740855,0.0,Y,Y,Y,0.0,False,0
5,1a7g,65,N,False,train,train,legacy_oracle_r32,new,0.9924321537443556,0.9924391600818245,0.9641606536408184,False,0.0,0.9982456140350877,Y,-0.0009271445385305326,0.0009771085532007118,0.002431287549360907,True,True,Y,True,0.0,1.0,1.0,0.0,-0.0041171793427740855,-0.0041171793427740855,0.0,Y,Y,Y,0.0,False,0
5,1a7g,65,N,False,train,train,legacy_oracle_r32,all,0.9928285263993775,0.9928359086740313,0.9764002918241175,False,0.0,0.9982456140350877,Y,-0.0008353904368305149,0.0009394658771392447,0.002361523056067671,True,True,Y,True,0.0,1.0,1.0,0.0,-0.0041171793427740855,-0.0041171793427740855,0.0,Y,Y,Y,0.0,False,0
5,1a7g,65,N,False,train,train,legacy_restricted_s231301,old,0.7052454657797849,0.7054989926798978,0.9886399300074165,False,0.0,0.9631578947368421,Y,-0.03797776055505041,0.038000590407209905,0.0902345299181496,True,True,Y,True,0.0,0.6666666666666666,1.0,0.0,-0.0041171793427740855,-0.0041171793427740855,0.0,Y,Y,Y,0.0,False,0
5,1a7g,65,N,False,train,train,legacy_restricted_s231301,new,0.6750951479317794,0.6755247771430842,0.9641606536408184,False,0.0,0.9350877192982456,Y,-0.03963702544370031,0.03983329331323875,0.09541529451354784,True,True,Y,True,0.0,0.6666666666666666,0.8,0.0,-0.0041171793427740855,-0.0041171793427740855,0.0,Y,Y,Y,0.0,False,0
5,1a7g,65,N,False,train,train,legacy_restricted_s231301,all,0.6904164127016815,0.6907371528167459,0.9764002918241175,False,0.0,0.956140350877193,Y,-0.03880739299937536,0.03891694186022433,0.09281230751385514,True,True,Y,True,0.0,0.6666666666666666,1.0,0.0,-0.0041171793427740855,-0.0041171793427740855,0.0,Y,Y,Y,0.0,False,0
5,1a7g,65,N,False,train,train,legacy_restricted_s231303,old,0.6811652520032423,0.6815386996300694,0.9886399300074165,False,0.0,0.9017543859649122,Y,-0.04033639383452687,0.04040440728249478,0.09733120164974692,True,True,Y,True,0.0,0.6666666666666666,1.0,0.0,-0.0041171793427740855,-0.0041171793427740855,0.0,Y,Y,Y,0.0,False,0
5,1a7g,65,N,False,train,train,legacy_restricted_s231303,new,0.6885957268000459,0.6891227217737695,0.9641606536408184,False,0.0,0.9175438596491228,Y,-0.03827392899999698,0.03827392899999698,0.0916436307596833,True,True,Y,True,0.0,0.6666666666666666,0.6,0.0,-0.0041171793427740855,-0.0041171793427740855,0.0,Y,Y,Y,0.0,False,0
5,1a7g,65,N,False,train,train,legacy_restricted_s231303,all,0.6847747501849926,0.6852047336686008,0.9764002918241175,False,0.0,0.9368421052631579,Y,-0.03930516141726194,0.03930516141726194,0.09446700931851619,True,True,Y,True,0.0,0.6666666666666666,0.8,0.0,-0.0041171793427740855,-0.0041171793427740855,0.0,Y,Y,Y,0.0,False,0
5,1a7g,65,N,False,train,train,legacy_wt_z,old,-8.206572864045808e-05,0.03888349572676084,0.9886399300074165,False,0.007507439159793771,0.2,C,-0.11059349428892366,0.11176813385358358,0.29859784149448354,True,True,Y,False,0.007422154125473451,0.6666666666666666,0.4,0.017292277670092754,0.013175098327318668,-0.0041171793427740855,0.017292277670092754,C,Y,Y,0.0,True,0
5,1a7g,65,N,False,train,train,legacy_wt_z,new,0.017777512183315296,0.03559679536383024,0.9641606536408184,False,0.0,0.4508771929824561,Y,-0.10671096007409804,0.10673167435311241,0.2827077738928736,True,True,Y,True,0.0,0.3333333333333333,0.4,0.017292277670092754,0.013175098327318668,-0.0041171793427740855,0.017292277670092754,C,Y,Y,0.0,True,0
5,1a7g,65,N,False,train,train,legacy_wt_z,all,0.008387894040201613,0.03222338051397358,0.9764002918241175,False,0.0,0.2368421052631579,Y,-0.10865222718151082,0.10889087174320922,0.2906323707538801,True,True,Y,True,0.0,0.3333333333333333,0.4,0.017292277670092754,0.013175098327318668,-0.0041171793427740855,0.017292277670092754,C,Y,Y,0.0,True,0
5,1a7g,34,S,True,seen_protein_uncovered_source,seen_protein_uncovered_source,restricted_context_s231301,all,0.052595126331792565,0.6589427697034015,0.8798975939958005,False,0.03331612741032737,0.13157894736842105,H,-0.06475942579063375,0.1371682759419141,0.22803483314125952,True,True,T,False,0.029314780349604594,0.3333333333333333,0.2,0.014124973170983157,0.009456350676817937,-0.00466862249416522,0.014124973170983157,H,T,T,0.0,False,1
5,1a7g,34,S,True,seen_protein_uncovered_source,seen_protein_uncovered_source,restricted_context_s231301,new,0.057864439353261826,0.6560588846405361,0.8806727432571518,False,0.016038844484663174,0.2982456140350877,H,-0.07542104888628591,0.141022382230088,0.23107489794943942,True,True,T,False,0.014124973170983157,0.3333333333333333,0.4,0.014124973170983157,0.009456350676817937,-0.00466862249416522,0.014124973170983157,H,T,T,0.0,False,1
5,1a7g,34,S,True,seen_protein_uncovered_source,seen_protein_uncovered_source,restricted_context_s231301,old,0.04712341473186314,0.661102844798375,0.8791224447344491,False,0.05062387815802979,0.11578947368421051,H,-0.054097802694981524,0.13399496620794024,0.22564077667481142,True,True,T,False,0.04450458752822603,0.3333333333333333,0.2,0.014124973170983157,0.009456350676817937,-0.00466862249416522,0.014124973170983157,H,T,T,0.0,False,1
5,1a7g,34,S,True,seen_protein_uncovered_source,seen_protein_uncovered_source,restricted_aa_only_s231301,all,0.018914453207839042,0.31483055313554476,0.8798975939958005,False,0.03944980788475203,-0.23333333333333334,V,-0.03861479375495116,0.08814309979356479,0.19916529704224442,False,False,T,False,0.03471179104138987,0.0,0.0,0.03624356975393567,0.03157494725977045,-0.00466862249416522,0.03624356975393567,V,T,T,0.0,False,1
5,1a7g,34,S,True,seen_protein_uncovered_source,seen_protein_uncovered_source,restricted_aa_only_s231301,new,0.021147331882790485,0.31345268669362303,0.8806727432571518,False,0.04115441295467996,-0.18070175438596495,V,-0.04927641685060335,0.09149144314468395,0.20185829683897857,False,False,T,False,0.03624356975393567,0.0,0.2,0.03624356975393567,0.03157494725977045,-0.00466862249416522,0.03624356975393567,V,T,T,0.0,False,1
5,1a7g,34,S,True,seen_protein_uncovered_source,seen_protein_uncovered_source,restricted_aa_only_s231301,old,0.016603571364235275,0.31586259668808414,0.8791224447344491,False,0.03774219680953152,-0.11929824561403508,V,-0.027953170659298955,0.0862273119516082,0.19722184817699467,False,False,T,False,0.03318001232884407,0.0,0.2,0.03624356975393567,0.03157494725977045,-0.00466862249416522,0.03624356975393567,V,T,T,0.0,False,1
5,1a7g,34,S,True,seen_protein_uncovered_source,seen_protein_uncovered_source,restricted_context_s231303,all,-0.2520431701809298,2.463190129384581,0.8798975939958005,False,0.03944980788475203,-0.42105263157894735,V,-0.5328761391843093,0.6235710872944945,0.7458606053199177,False,False,T,False,0.03471179104138987,0.0,0.0,0.03624356975393567,0.03157494725977045,-0.00466862249416522,0.03624356975393567,V,T,T,0.0,False,1
5,1a7g,34,S,True,seen_protein_uncovered_source,seen_protein_uncovered_source,restricted_context_s231303,new,-0.24621214213070416,2.45240989542841,0.8806727432571518,False,0.04115441295467996,-0.3736842105263158,V,-0.5435377622799615,0.6311915214109826,0.7535501765965807,False,False,T,False,0.03624356975393567,0.0,0.0,0.03624356975393567,0.03157494725977045,-0.00466862249416522,0.03624356975393567,V,T,T,0.0,False,1
5,1a7g,34,S,True,seen_protein_uncovered_source,seen_protein_uncovered_source,restricted_context_s231303,old,-0.2573840519178552,2.4712646935156406,0.8791224447344491,False,0.03774219680953152,-0.30000000000000004,V,-0.5222145160886571,0.6159506531780063,0.7383006263012932,False,False,T,False,0.03318001232884407,0.0,0.2,0.03624356975393567,0.03157494725977045,-0.00466862249416522,0.03624356975393567,V,T,T,0.0,False,1
5,1a7g,34,S,True,seen_protein_uncovered_source,seen_protein_uncovered_source,restricted_aa_only_s231303,all,0.07789848260332476,0.5042860282106747,0.8798975939958005,False,0.0459716304176647,0.12982456140350876,I,-0.026111597706168013,0.09955318284183942,0.20049015505047682,False,False,T,False,0.04045032699656732,0.0,0.2,0.04722644238487411,0.04255781989070889,-0.00466862249416522,0.04722644238487411,I,T,T,0.0,False,1
5,1a7g,34,S,True,seen_protein_uncovered_source,seen_protein_uncovered_source,restricted_aa_only_s231303,new,0.0841495284993028,0.5020790035477846,0.8806727432571518,False,0.05362541619059083,0.2824561403508772,I,-0.03677322080182021,0.10122481581424604,0.20169442009434574,False,False,T,False,0.04722644238487411,0.3333333333333333,0.4,0.04722644238487411,0.04255781989070889,-0.00466862249416522,0.04722644238487411,I,T,T,0.0,False,1
5,1a7g,34,S,True,seen_protein_uncovered_source,seen_protein_uncovered_source,restricted_aa_only_s231303,old,0.07137164126315558,0.5059391242614459,0.8791224447344491,False,0.038304347488741786,0.010526315789473684,I,-0.01544997461051582,0.10033873720952492,0.20005390212731639,False,False,T,False,0.033674211608260535,0.0,0.0,0.04722644238487411,0.04255781989070889,-0.00466862249416522,0.04722644238487411,I,T,T,0.0,False,1
5,1a7g,34,S,True,seen_protein_uncovered_source,seen_protein_uncovered_source,expanded_context_s231301,all,-0.02388897219429323,0.11369271549702283,0.8798975939958005,False,0.027966227975029633,0.1280701754385965,Q,-0.0492977651823092,0.0670824977827817,0.2014570070644763,False,False,T,False,0.024607416708366622,0.0,0.4,0.008691668882095327,0.004023046387930107,-0.00466862249416522,0.008691668882095327,Q,T,T,0.0,False,0
5,1a7g,34,S,True,seen_protein_uncovered_source,seen_protein_uncovered_source,expanded_context_s231301,new,-0.021993032460032803,0.11319513552641922,0.8806727432571518,False,0.00986935152545922,0.18596491228070175,Q,-0.059959388277961385,0.06905667451371554,0.2048029867520497,False,False,T,False,0.008691668882095327,0.3333333333333333,0.4,0.008691668882095327,0.004023046387930107,-0.00466862249416522,0.008691668882095327,Q,T,T,0.0,False,0
5,1a7g,34,S,True,seen_protein_uncovered_source,seen_protein_uncovered_source,expanded_context_s231301,old,-0.025759189453222777,0.11406541069077321,0.8791224447344491,False,0.04609501756820518,-0.1,Q,-0.038636142086657006,0.0685153601603225,0.19883457022717274,False,False,T,False,0.04052316453463792,0.0,0.2,0.008691668882095327,0.004023046387930107,-0.00466862249416522,0.008691668882095327,Q,T,T,0.0,False,0
5,1a7g,34,S,True,seen_protein_uncovered_source,seen_protein_uncovered_source,expanded_aa_only_s231301,all,-0.10345991349278608,0.7704310442712682,0.8798975939958005,False,0.027966227975029633,-0.12982456140350876,Q,0.04304005409429506,0.18036662120560376,0.2581041923769407,False,False,T,False,0.024607416708366622,0.0,0.4,0.008691668882095327,0.004023046387930107,-0.00466862249416522,0.008691668882095327,Q,T,T,0.0,False,0
5,1a7g,34,S,True,seen_protein_uncovered_source,seen_protein_uncovered_source,expanded_aa_only_s231301,new,-0.09332934416423172,0.7670592270472294,0.8806727432571518,False,0.00986935152545922,-0.11929824561403508,Q,0.03237843099864286,0.17569745194776956,0.25585341707062237,False,False,T,False,0.008691668882095327,0.3333333333333333,0.4,0.008691668882095327,0.004023046387930107,-0.00466862249416522,0.008691668882095327,Q,T,T,0.0,False,0
5,1a7g,34,S,True,seen_protein_uncovered_source,seen_protein_uncovered_source,expanded_aa_only_s231301,old,-0.1135087111550981,0.772956588199573,0.8791224447344491,False,0.04609501756820518,-0.31228070175438594,Q,0.05370167718994725,0.18503579046343796,0.26092944549748226,False,False,T,False,0.04052316453463792,0.0,0.2,0.008691668882095327,0.004023046387930107,-0.00466862249416522,0.008691668882095327,Q,T,T,0.0,False,0
5,1a7g,34,S,True,seen_protein_uncovered_source,seen_protein_uncovered_source,expanded_context_s231303,all,0.002436627224894935,0.14064586373434593,0.8798975939958005,False,0.08277752373492218,-0.06140350877192983,D,-0.06892161255349093,0.0744443576133187,0.20311945893528077,False,False,T,False,0.0728357439712883,0.0,0.2,0.0639684069766926,0.05929978448252737,-0.00466862249416522,0.0639684069766926,D,T,T,0.0,True,0
5,1a7g,34,S,True,seen_protein_uncovered_source,seen_protein_uncovered_source,expanded_context_s231303,new,0.00342076005420537,0.14003032240932334,0.8806727432571518,False,0.07263584284453567,-0.056140350877192984,D,-0.0795832356491431,0.08226975605005286,0.2075687467970151,False,False,T,False,0.0639684069766926,0.0,0.0,0.0639684069766926,0.05929978448252737,-0.00466862249416522,0.0639684069766926,D,T,T,0.0,True,0
5,1a7g,34,S,True,seen_protein_uncovered_source,seen_protein_uncovered_source,expanded_context_s231303,old,0.0014316950394127762,0.14110691383070004,0.8791224447344491,False,0.09293708908838463,-0.05087719298245614,D,-0.05825998945783873,0.0736953731697718,0.19934854616643405,False,False,T,False,0.081703080965884,0.0,0.2,0.0639684069766926,0.05929978448252737,-0.00466862249416522,0.0639684069766926,D,T,T,0.0,True,0
5,1a7g,34,S,True,seen_protein_uncovered_source,seen_protein_uncovered_source,expanded_aa_only_s231303,all,-0.1564784227810786,0.6474840972448243,0.8798975939958005,False,0.026361118464852003,0.09824561403508772,M,-0.022591198031002662,0.12717006584796686,0.2506375437456671,False,False,T,False,0.023195084712261546,0.0,0.2,0.0184997539592488,0.01383113146508358,-0.00466862249416522,0.0184997539592488,M,T,T,0.0,False,1
5,1a7g,34,S,True,seen_protein_uncovered_source,seen_protein_uncovered_source,expanded_aa_only_s231303,new,-0.14807292347264236,0.6446503614450859,0.8806727432571518,False,0.021006388696472884,0.1789473684210526,M,-0.03325282112665486,0.1255367420752012,0.2514371735917688,False,False,T,False,0.0184997539592488,0.0,0.2,0.0184997539592488,0.01383113146508358,-0.00466862249416522,0.0184997539592488,M,T,T,0.0,False,1
5,1a7g,34,S,True,seen_protein_uncovered_source,seen_protein_uncovered_source,expanded_aa_only_s231303,old,-0.16465348502137125,0.6496066097560086,0.8791224447344491,False,0.031725291092640655,-0.07894736842105264,M,-0.011929574935350467,0.1292528272467621,0.2504541928479876,False,False,T,False,0.027890415465274293,0.0,0.2,0.0184997539592488,0.01383113146508358,-0.00466862249416522,0.0184997539592488,M,T,T,0.0,False,1
5,1a7g,34,S,True,seen_protein_uncovered_source,seen_protein_uncovered_source,legacy_baseline,old,0.9997446001472856,0.9997448595798064,0.8791224447344491,False,0.0,1.0,T,5.242006200781594e-05,0.00012449889172550988,0.0001536767565576638,True,True,T,True,0.0,1.0,1.0,0.0,-0.00466862249416522,-0.00466862249416522,0.0,T,T,T,0.0,False,1
5,1a7g,34,S,True,seen_protein_uncovered_source,seen_protein_uncovered_source,legacy_baseline,new,1.002245673510556,1.0022461531014817,0.8806727432571518,False,0.0,1.0,T,0.00015564464663363856,0.0002404468513743783,0.0004920492180261408,True,True,T,True,0.0,1.0,1.0,0.0,-0.00466862249416522,-0.00466862249416522,0.0,T,T,T,0.0,False,1
5,1a7g,34,S,True,seen_protein_uncovered_source,seen_protein_uncovered_source,legacy_baseline,all,1.001008229187655,1.0010083694980547,0.8798975939958005,False,0.0,1.0,T,0.00010403235432073017,0.00013969412176901606,0.00023977629003700022,True,True,T,True,0.0,1.0,1.0,0.0,-0.00466862249416522,-0.00466862249416522,0.0,T,T,T,0.0,False,1
5,1a7g,34,S,True,seen_protein_uncovered_source,seen_protein_uncovered_source,legacy_exact,old,1.0,1.0,0.8791224447344491,False,0.0,1.0,T,0.0,0.0,0.0,True,True,T,True,0.0,1.0,1.0,0.0,-0.00466862249416522,-0.00466862249416522,0.0,T,T,T,0.0,False,1
5,1a7g,34,S,True,seen_protein_uncovered_source,seen_protein_uncovered_source,legacy_exact,new,1.0,1.0,0.8806727432571518,False,0.0,1.0,T,0.0,0.0,0.0,True,True,T,True,0.0,1.0,1.0,0.0,-0.00466862249416522,-0.00466862249416522,0.0,T,T,T,0.0,False,1
5,1a7g,34,S,True,seen_protein_uncovered_source,seen_protein_uncovered_source,legacy_exact,all,1.0,1.0,0.8798975939958005,False,0.0,1.0,T,0.0,0.0,0.0,True,True,T,True,0.0,1.0,1.0,0.0,-0.00466862249416522,-0.00466862249416522,0.0,T,T,T,0.0,False,1
5,1a7g,34,S,True,seen_protein_uncovered_source,seen_protein_uncovered_source,legacy_expanded_s231301,old,0.01373707188203137,0.061872697656790064,0.8791224447344491,False,0.033434222913552546,0.4807017543859649,W,-0.07684043405390034,0.07684043405390034,0.2019797598755446,True,True,T,False,0.02939277578555885,0.3333333333333333,0.4,0.03574322637246763,0.03107460387830241,-0.00466862249416522,0.03574322637246763,W,T,T,0.0,False,0
5,1a7g,34,S,True,seen_protein_uncovered_source,seen_protein_uncovered_source,legacy_expanded_s231301,new,-0.007107105618456021,0.04732942111442,0.8806727432571518,False,0.021006388696472884,0.2631578947368421,M,-0.06994880361896262,0.07303642002976375,0.20439651087421795,False,False,T,False,0.0184997539592488,0.0,0.4,0.03574322637246763,0.03107460387830241,-0.00466862249416522,0.03574322637246763,W,T,T,0.0,False,0
5,1a7g,34,S,True,seen_protein_uncovered_source,seen_protein_uncovered_source,legacy_expanded_s231301,all,0.002694530625874119,0.03855676205270836,0.8798975939958005,False,0.026361118464852003,0.26666666666666666,M,-0.07339461883643149,0.07342012331030019,0.2030208469372976,False,True,T,False,0.023195084712261546,0.0,0.4,0.03574322637246763,0.03107460387830241,-0.00466862249416522,0.03574322637246763,W,T,T,0.0,False,0
5,1a7g,34,S,True,seen_protein_uncovered_source,seen_protein_uncovered_source,legacy_expanded_s231303,old,0.013413215335205857,0.06943756887850557,0.8791224447344491,False,0.0,0.4842105263157894,T,-0.07420852563384406,0.07420852563384406,0.20113906103208218,True,True,T,True,0.0,0.3333333333333333,0.4,0.0,-0.00466862249416522,-0.00466862249416522,0.0,T,T,T,0.0,False,1
5,1a7g,34,S,True,seen_protein_uncovered_source,seen_protein_uncovered_source,legacy_expanded_s231303,new,-0.009771933129022957,0.3368706337258643,0.8806727432571518,False,0.029170096910147134,0.3526315789473684,P,-0.05770442324785389,0.08284330592450216,0.21081992968174393,False,False,T,False,0.025689309266936244,0.3333333333333333,0.4,0.0,-0.00466862249416522,-0.00466862249416522,0.0,T,T,T,0.0,False,1
5,1a7g,34,S,True,seen_protein_uncovered_source,seen_protein_uncovered_source,legacy_expanded_s231303,all,-0.00044643696311827234,0.16936384977020869,0.8798975939958005,False,0.0593803557449722,0.3473684210526316,G,-0.065956474440849,0.07575717283007019,0.20343362908421406,True,True,T,False,0.052248632150615745,0.3333333333333333,0.2,0.0,-0.00466862249416522,-0.00466862249416522,0.0,T,T,T,0.0,False,1
5,1a7g,34,S,True,seen_protein_uncovered_source,seen_protein_uncovered_source,legacy_oracle_r32,old,0.9965666266584498,0.9965781051601992,0.8791224447344491,False,0.0,0.987719298245614,T,-0.0005717810478520666,0.0009199644333544208,0.0012513130821774623,True,True,T,True,0.0,1.0,1.0,0.0,-0.00466862249416522,-0.00466862249416522,0.0,T,T,T,0.0,False,1
5,1a7g,34,S,True,seen_protein_uncovered_source,seen_protein_uncovered_source,legacy_oracle_r32,new,0.9897645488168385,0.9897776719085667,0.8806727432571518,False,0.0,0.9982456140350877,T,-0.0006875504747373183,0.0012100032847739944,0.0022840968459479053,True,True,T,True,0.0,1.0,1.0,0.0,-0.00466862249416522,-0.00466862249416522,0.0,T,T,T,0.0,False,1
5,1a7g,34,S,True,seen_protein_uncovered_source,seen_protein_uncovered_source,legacy_oracle_r32,all,0.99316093951559,0.9931706519435904,0.8798975939958005,False,0.0,0.9982456140350877,T,-0.0006296657612946896,0.0009881719691879343,0.0016652033762605462,True,True,T,True,0.0,1.0,0.8,0.0,-0.00466862249416522,-0.00466862249416522,0.0,T,T,T,0.0,False,1
5,1a7g,34,S,True,seen_protein_uncovered_source,seen_protein_uncovered_source,legacy_restricted_s231301,old,0.015504772324780348,0.08196104827581004,0.8791224447344491,False,0.01750865457032356,0.6298245614035087,P,-0.0836955533430262,0.0836955533430262,0.2046294953949859,False,True,T,False,0.015392251209873836,0.3333333333333333,0.6,0.025689309266936244,0.021020686772771024,-0.00466862249416522,0.025689309266936244,P,T,T,0.0,False,0
5,1a7g,34,S,True,seen_protein_uncovered_source,seen_protein_uncovered_source,legacy_restricted_s231301,new,-0.03364408335445246,0.8311912811478257,0.8806727432571518,False,0.029170096910147134,0.15087719298245614,P,-0.04268130464920037,0.11094884099896801,0.2561680529032294,False,False,T,False,0.025689309266936244,0.0,0.2,0.025689309266936244,0.021020686772771024,-0.00466862249416522,0.025689309266936244,P,T,T,0.0,False,0
5,1a7g,34,S,True,seen_protein_uncovered_source,seen_protein_uncovered_source,legacy_restricted_s231301,all,-0.013322637435416436,0.4146277575275744,0.8798975939958005,False,0.023344512337083487,0.45789473684210524,P,-0.06318842899611328,0.09417911519881705,0.21703989110000813,False,True,T,False,0.02054078023840504,0.3333333333333333,0.4,0.025689309266936244,0.021020686772771024,-0.00466862249416522,0.025689309266936244,P,T,T,0.0,False,0
5,1a7g,34,S,True,seen_protein_uncovered_source,seen_protein_uncovered_source,legacy_restricted_s231303,old,0.024951377589963613,0.09072783229163857,0.8791224447344491,False,0.033434222913552546,0.47017543859649114,W,-0.07004111169255112,0.07088604975461787,0.19787109229452185,True,True,T,False,0.02939277578555885,0.3333333333333333,0.4,0.03574322637246763,0.03107460387830241,-0.00466862249416522,0.03574322637246763,W,T,T,0.0,False,0
5,1a7g,34,S,True,seen_protein_uncovered_source,seen_protein_uncovered_source,legacy_restricted_s231303,new,0.004296647778519161,0.05134356498883362,0.8806727432571518,False,0.019751814119875054,0.41754385964912283,Y,-0.07130365584223225,0.07233915485174927,0.20286952498011251,False,False,T,False,0.01739488432525571,0.0,0.2,0.03574322637246763,0.03107460387830241,-0.00466862249416522,0.03574322637246763,W,T,T,0.0,False,0
5,1a7g,34,S,True,seen_protein_uncovered_source,seen_protein_uncovered_source,legacy_restricted_s231303,all,0.013596092928359511,0.057168125661743376,0.8798975939958005,False,0.029376080422703888,0.4526315789473684,Y,-0.07067238376739167,0.07118310494787113,0.20026253605166713,True,True,T,False,0.02584794248496429,0.3333333333333333,0.2,0.03574322637246763,0.03107460387830241,-0.00466862249416522,0.03574322637246763,W,T,T,0.0,False,0
5,1a7g,34,S,True,seen_protein_uncovered_source,seen_protein_uncovered_source,legacy_wt_z,old,0.013658294555442757,0.06160437069234962,0.8791224447344491,False,0.033434222913552546,0.4807017543859649,W,-0.07697710923661581,0.07697710923661581,0.20204279954665688,True,True,T,False,0.02939277578555885,0.3333333333333333,0.4,0.03574322637246763,0.03107460387830241,-0.00466862249416522,0.03574322637246763,W,T,T,0.0,False,0
5,1a7g,34,S,True,seen_protein_uncovered_source,seen_protein_uncovered_source,legacy_wt_z,new,-0.007257916284862033,0.0488608495309985,0.8806727432571518,False,0.021006388696472884,0.2631578947368421,M,-0.06986932205809245,0.07311638683792464,0.20440917656347785,False,False,T,False,0.0184997539592488,0.0,0.4,0.03574322637246763,0.03107460387830241,-0.00466862249416522,0.03574322637246763,W,T,T,0.0,False,0
5,1a7g,34,S,True,seen_protein_uncovered_source,seen_protein_uncovered_source,legacy_wt_z,all,0.002585795376140973,0.038777890932880706,0.8798975939958005,False,0.026361118464852003,0.26666666666666666,M,-0.07342321564735411,0.07344663811298872,0.20305196526482372,False,True,T,False,0.023195084712261546,0.0,0.4,0.03574322637246763,0.03107460387830241,-0.00466862249416522,0.03574322637246763,W,T,T,0.0,False,0
9,4pql,42,L,True,unseen_protein_uncovered_source,unseen_protein_covered_source,restricted_context_s231301,all,4.894849185961268,15.166838987721457,0.11096001775375036,False,0.24528420824673963,0.3140350877192983,Q,-0.19665030227130417,0.33536422311798064,0.4329954047667344,False,True,K,False,0.02721674010177283,0.0,0.4,0.034235800705518626,-0.013645236472321354,-0.04788103717783998,0.034235800705518626,Q,K,K,0.0,False,1
9,4pql,42,L,True,unseen_protein_uncovered_source,unseen_protein_covered_source,restricted_context_s231301,new,4.353727177221774,14.74461049435511,0.11645081074460917,False,0.293993665536618,0.30000000000000004,Q,-0.19767590505352176,0.3358724208726396,0.4339541717593198,False,True,K,False,0.034235800705518626,0.0,0.4,0.034235800705518626,-0.013645236472321354,-0.04788103717783998,0.034235800705518626,Q,K,K,0.0,False,1
9,4pql,42,L,True,unseen_protein_uncovered_source,unseen_protein_covered_source,restricted_context_s231301,old,5.366441938711038,15.432825914704736,0.10546922476289156,False,0.19150306208691706,0.38245614035087716,Q,-0.19562469948908653,0.3348560253633217,0.43205556375217163,False,True,K,False,0.020197679498027032,0.0,0.6,0.034235800705518626,-0.013645236472321354,-0.04788103717783998,0.034235800705518626,Q,K,K,0.0,False,1
9,4pql,42,L,True,unseen_protein_uncovered_source,unseen_protein_covered_source,restricted_aa_only_s231301,all,-0.990227231729594,2.7290015102860643,0.11096001775375036,False,0.6092345842065776,-0.14736842105263157,V,-0.024768583808284828,0.07263447704627499,0.08733582751164995,False,False,K,False,0.06760068027976057,0.0,0.2,0.07149477417384842,0.02361373699600844,-0.04788103717783998,0.07149477417384842,V,K,K,0.0,False,1
9,4pql,42,L,True,unseen_protein_uncovered_source,unseen_protein_covered_source,restricted_aa_only_s231301,new,-0.9405158396654754,2.6530290418623275,0.11645081074460917,False,0.6139482732382617,-0.10350877192982455,V,-0.02579418659050243,0.07339149425667821,0.08789257163587097,False,False,K,False,0.07149477417384842,0.0,0.2,0.07149477417384842,0.02361373699600844,-0.04788103717783998,0.07149477417384842,V,K,K,0.0,False,1
9,4pql,42,L,True,unseen_protein_uncovered_source,unseen_protein_covered_source,restricted_aa_only_s231301,old,-1.0201642268087998,2.776861102257824,0.10546922476289156,False,0.6040301000495013,-0.13859649122807016,V,-0.023742981026067228,0.07187745983587175,0.08688027189086324,False,False,K,False,0.06370658638567273,0.0,0.4,0.07149477417384842,0.02361373699600844,-0.04788103717783998,0.07149477417384842,V,K,K,0.0,False,1
9,4pql,42,L,True,unseen_protein_uncovered_source,unseen_protein_covered_source,restricted_context_s231303,all,-0.8646271854309036,2.786171359007462,0.11096001775375036,False,0.1959630722401388,-0.19473684210526312,E,0.05889520566136587,0.06885456446205811,0.10259544590144384,False,False,K,False,0.021744065974845267,0.0,0.4,0.027210401924063488,-0.020670635253776493,-0.04788103717783998,0.027210401924063488,E,K,K,0.0,False,1
9,4pql,42,L,True,unseen_protein_uncovered_source,unseen_protein_covered_source,restricted_context_s231303,new,-0.8543928433582687,2.7086073434517774,0.11645081074460917,False,0.23366434076392323,-0.2,E,0.057869602879148274,0.06840415332360428,0.1024604672385137,False,False,K,False,0.027210401924063488,0.0,0.4,0.027210401924063488,-0.020670635253776493,-0.04788103717783998,0.027210401924063488,E,K,K,0.0,False,1
9,4pql,42,L,True,unseen_protein_uncovered_source,unseen_protein_covered_source,restricted_context_s231303,old,-0.8544264147310255,2.8350335615027333,0.10546922476289156,False,0.15433630106053672,-0.18771929824561404,E,0.059920808443583475,0.06930497560051194,0.10281875291504627,False,False,K,False,0.016277730025627046,0.0,0.4,0.027210401924063488,-0.020670635253776493,-0.04788103717783998,0.027210401924063488,E,K,K,0.0,False,1
9,4pql,42,L,True,unseen_protein_uncovered_source,unseen_protein_covered_source,restricted_aa_only_s231303,all,-0.18005562880201706,2.02582866723249,0.11096001775375036,False,0.6092345842065776,0.01754385964912281,V,-0.029466512638383777,0.05965242338454225,0.06740592322577954,False,True,K,False,0.06760068027976057,0.0,0.4,0.07149477417384842,0.02361373699600844,-0.04788103717783998,0.07149477417384842,V,K,K,0.0,False,1
9,4pql,42,L,True,unseen_protein_uncovered_source,unseen_protein_covered_source,restricted_aa_only_s231303,new,-0.16816965553541605,1.9694317748624712,0.11645081074460917,False,0.6139482732382617,0.042105263157894736,V,-0.03049211542060138,0.06019389149964434,0.06812693400837243,False,True,K,False,0.07149477417384842,0.0,0.4,0.07149477417384842,0.02361373699600844,-0.04788103717783998,0.07149477417384842,V,K,K,0.0,False,1
9,4pql,42,L,True,unseen_protein_uncovered_source,unseen_protein_covered_source,restricted_aa_only_s231303,old,-0.1886179282337368,2.0613564355583773,0.10546922476289156,False,0.6040301000495013,0.056140350877192984,V,-0.028440909856166173,0.059110955269440164,0.06681339755442714,False,True,K,False,0.06370658638567273,0.0,0.6,0.07149477417384842,0.02361373699600844,-0.04788103717783998,0.07149477417384842,V,K,K,0.0,False,1
9,4pql,42,L,True,unseen_protein_uncovered_source,unseen_protein_covered_source,expanded_context_s231301,all,0.3456189539694232,0.787192391923773,0.11096001775375036,False,0.47300065504867334,0.19122807017543858,N,0.006407732816338896,0.020849961797078202,0.025798188095595212,False,False,K,False,0.05248416108173634,0.0,0.0,0.061287676488453235,0.013406639310613255,-0.04788103717783998,0.061287676488453235,N,K,K,0.0,False,1
9,4pql,42,L,True,unseen_protein_uncovered_source,unseen_protein_covered_source,expanded_context_s231301,new,0.30570952361804654,0.765277801948861,0.11645081074460917,False,0.5262966921103245,0.14385964912280702,N,0.005382130034121296,0.021339449834313955,0.02687613147520341,False,False,K,False,0.061287676488453235,0.0,0.0,0.061287676488453235,0.013406639310613255,-0.04788103717783998,0.061287676488453235,N,K,K,0.0,False,1
9,4pql,42,L,True,unseen_protein_uncovered_source,unseen_protein_covered_source,expanded_context_s231301,old,0.38078155880731795,0.8009977000332565,0.10546922476289156,False,0.4141553687648618,0.25263157894736843,N,0.007433335598556497,0.02060593503802292,0.02503914601712073,False,False,K,False,0.04368064567501945,0.0,0.2,0.061287676488453235,0.013406639310613255,-0.04788103717783998,0.061287676488453235,N,K,K,0.0,False,1
9,4pql,42,L,True,unseen_protein_uncovered_source,unseen_protein_covered_source,expanded_aa_only_s231301,all,0.036803863410832985,0.24105418599185857,0.11096001775375036,False,0.5618520393834283,-0.02456140350877193,I,0.015412862908051609,0.026353587933576363,0.029995913110422105,False,False,K,False,0.062343112264966055,0.0,0.2,0.06309778426432977,0.01521674708648979,-0.04788103717783998,0.06309778426432977,I,K,K,0.0,False,1
9,4pql,42,L,True,unseen_protein_uncovered_source,unseen_protein_covered_source,expanded_aa_only_s231301,new,0.04073691243989207,0.23434349658232567,0.11645081074460917,False,0.5418406609698142,0.02280701754385965,I,0.014387260125834009,0.025637255944183035,0.029996525502489234,False,False,K,False,0.06309778426432977,0.0,0.2,0.06309778426432977,0.01521674708648979,-0.04788103717783998,0.06309778426432977,I,K,K,0.0,False,1
9,4pql,42,L,True,unseen_protein_uncovered_source,unseen_protein_covered_source,expanded_aa_only_s231301,old,0.031583629110956385,0.24528164975146846,0.10546922476289156,False,0.5839470272400419,0.06315789473684211,I,0.01643846569026921,0.02706991992296968,0.030297034883667907,False,False,K,False,0.06158844026560234,0.0,0.2,0.06309778426432977,0.01521674708648979,-0.04788103717783998,0.06309778426432977,I,K,K,0.0,False,1
9,4pql,42,L,True,unseen_protein_uncovered_source,unseen_protein_covered_source,expanded_context_s231303,all,0.2781786546982098,1.0101163398745368,0.11096001775375036,False,0.24528420824673963,0.5385964912280702,Q,-0.03721207452682522,0.04316289683921937,0.04867695386288007,False,True,K,False,0.02721674010177283,0.0,0.4,0.034235800705518626,-0.013645236472321354,-0.04788103717783998,0.034235800705518626,Q,K,K,0.0,False,1
9,4pql,42,L,True,unseen_protein_uncovered_source,unseen_protein_covered_source,expanded_context_s231303,new,0.23464214236000658,0.9819957868275088,0.11645081074460917,False,0.293993665536618,0.46842105263157896,Q,-0.038237677309042824,0.04446284329742913,0.05026064172633711,False,True,K,False,0.034235800705518626,0.0,0.4,0.034235800705518626,-0.013645236472321354,-0.04788103717783998,0.034235800705518626,Q,K,K,0.0,False,1
9,4pql,42,L,True,unseen_protein_uncovered_source,unseen_protein_covered_source,expanded_context_s231303,old,0.31898501998661416,1.027831154501127,0.10546922476289156,False,0.19150306208691706,0.5210526315789473,Q,-0.036186471744607616,0.0418629503810096,0.047232952758666076,False,True,K,False,0.020197679498027032,0.0,0.6,0.034235800705518626,-0.013645236472321354,-0.04788103717783998,0.034235800705518626,Q,K,K,0.0,False,1
9,4pql,42,L,True,unseen_protein_uncovered_source,unseen_protein_covered_source,expanded_aa_only_s231303,all,0.047176421455619934,0.2371055859230106,0.11096001775375036,False,0.5618520393834283,-0.02280701754385965,I,0.01575148878087178,0.026241654847490543,0.029917958287963585,False,False,K,False,0.062343112264966055,0.0,0.2,0.06309778426432977,0.01521674708648979,-0.04788103717783998,0.06309778426432977,I,K,K,0.0,False,1
9,4pql,42,L,True,unseen_protein_uncovered_source,unseen_protein_covered_source,expanded_aa_only_s231303,new,0.05089956085079809,0.23050482129472746,0.11645081074460917,False,0.5418406609698142,0.02631578947368421,I,0.014725885998654183,0.025525322858097214,0.029898403969630203,False,False,K,False,0.06309778426432977,0.0,0.2,0.06309778426432977,0.01521674708648979,-0.04788103717783998,0.06309778426432977,I,K,K,0.0,False,1
9,4pql,42,L,True,unseen_protein_uncovered_source,unseen_protein_covered_source,expanded_aa_only_s231303,old,0.04192926937817085,0.24126380150249216,0.10546922476289156,False,0.5839470272400419,0.06315789473684211,I,0.016777091563089385,0.02695798683688386,0.030239810756966554,False,False,K,False,0.06158844026560234,0.0,0.2,0.06309778426432977,0.01521674708648979,-0.04788103717783998,0.06309778426432977,I,K,K,0.0,False,1
9,4pql,42,L,True,unseen_protein_uncovered_source,unseen_protein_covered_source,legacy_baseline,old,1.0028678590423237,1.002871565127107,0.10546922476289156,False,0.0,1.0,K,-0.00017077714859255847,0.0001767049918839008,0.0001983353599353337,True,True,K,True,0.0,1.0,1.0,0.0,-0.04788103717783998,-0.04788103717783998,0.0,K,K,K,0.0,False,1
9,4pql,42,L,True,unseen_protein_uncovered_source,unseen_protein_covered_source,legacy_baseline,new,1.0013741963589966,1.001380578599484,0.11645081074460917,False,0.0,1.0,K,-0.00023616560511591808,0.00023616560511591808,0.0002573230564396596,True,True,K,True,0.0,1.0,1.0,0.0,-0.04788103717783998,-0.04788103717783998,0.0,K,K,K,0.0,False,1
9,4pql,42,L,True,unseen_protein_uncovered_source,unseen_protein_covered_source,legacy_baseline,all,1.0020826289517548,1.0020869477237597,0.11096001775375036,False,0.0,0.9982456140350877,K,-0.00020347137685423826,0.00020347137685423826,0.0002239194971554033,True,True,K,True,0.0,1.0,0.8,0.0,-0.04788103717783998,-0.04788103717783998,0.0,K,K,K,0.0,False,1
9,4pql,42,L,True,unseen_protein_uncovered_source,unseen_protein_covered_source,legacy_exact,old,1.0,1.0,0.10546922476289156,False,0.0,1.0,K,0.0,0.0,0.0,True,True,K,True,0.0,1.0,1.0,0.0,-0.04788103717783998,-0.04788103717783998,0.0,K,K,K,0.0,False,1
9,4pql,42,L,True,unseen_protein_uncovered_source,unseen_protein_covered_source,legacy_exact,new,1.0,1.0,0.11645081074460917,False,0.0,1.0,K,0.0,0.0,0.0,True,True,K,True,0.0,1.0,1.0,0.0,-0.04788103717783998,-0.04788103717783998,0.0,K,K,K,0.0,False,1
9,4pql,42,L,True,unseen_protein_uncovered_source,unseen_protein_covered_source,legacy_exact,all,1.0,1.0,0.11096001775375036,False,0.0,1.0,K,0.0,0.0,0.0,True,True,K,True,0.0,1.0,1.0,0.0,-0.04788103717783998,-0.04788103717783998,0.0,K,K,K,0.0,False,1
9,4pql,42,L,True,unseen_protein_uncovered_source,unseen_protein_covered_source,legacy_expanded_s231301,old,0.26250539390709055,0.43327414800317227,0.10546922476289156,False,0.05766403570689867,0.6070175438596491,P,-0.008292548676511075,0.015512245995871643,0.022344847090205726,True,True,K,False,0.0060817811427062995,0.6666666666666666,0.4,0.01023994275316964,-0.03764109442467034,-0.04788103717783998,0.01023994275316964,P,K,K,0.0,False,1
9,4pql,42,L,True,unseen_protein_uncovered_source,unseen_protein_covered_source,legacy_expanded_s231301,new,0.24540933468076817,0.4205224706611261,0.11645081074460917,False,0.08793363212925226,0.443859649122807,P,-0.017761920844956786,0.020700637861180825,0.02835005838799018,True,True,K,False,0.01023994275316964,0.6666666666666666,0.4,0.01023994275316964,-0.03764109442467034,-0.04788103717783998,0.01023994275316964,P,K,K,0.0,False,1
9,4pql,42,L,True,unseen_protein_uncovered_source,unseen_protein_covered_source,legacy_expanded_s231301,all,0.25280097390172723,0.4245210700707767,0.11096001775375036,False,0.07354777074792004,0.487719298245614,P,-0.013027234760733931,0.017542229085634332,0.024969426435831776,True,True,K,False,0.00816086194793797,0.6666666666666666,0.4,0.01023994275316964,-0.03764109442467034,-0.04788103717783998,0.01023994275316964,P,K,K,0.0,False,1
9,4pql,42,L,True,unseen_protein_uncovered_source,unseen_protein_covered_source,legacy_expanded_s231303,old,0.3146219800906986,0.4428045701298864,0.10546922476289156,False,0.05766403570689867,0.6719298245614035,P,-0.012341305608959621,0.015259587067412159,0.02281542973081441,True,True,K,False,0.0060817811427062995,0.6666666666666666,0.6,0.01023994275316964,-0.03764109442467034,-0.04788103717783998,0.01023994275316964,P,K,K,0.0,False,1
9,4pql,42,L,True,unseen_protein_uncovered_source,unseen_protein_covered_source,legacy_expanded_s231303,new,0.2802180850097487,0.43585065431412784,0.11645081074460917,False,0.0,0.5087719298245614,K,-0.02016029431326091,0.021456759174337557,0.029231369597973282,True,True,K,True,0.0,0.6666666666666666,0.6,0.01023994275316964,-0.03764109442467034,-0.04788103717783998,0.01023994275316964,P,K,K,0.0,False,1
9,4pql,42,L,True,unseen_protein_uncovered_source,unseen_protein_covered_source,legacy_expanded_s231303,all,0.296360142927692,0.4357681932248888,0.11096001775375036,False,0.0,0.5263157894736842,K,-0.016250799961110264,0.018180608071387633,0.02580236702848751,True,True,K,True,0.0,0.6666666666666666,0.4,0.01023994275316964,-0.03764109442467034,-0.04788103717783998,0.01023994275316964,P,K,K,0.0,False,1
9,4pql,42,L,True,unseen_protein_uncovered_source,unseen_protein_covered_source,legacy_oracle_r32,old,0.9338628500243212,0.9363811778931476,0.10546922476289156,False,0.0,0.9982456140350877,K,-0.0006386132691102705,0.0017650764152414785,0.002511802616025795,True,True,K,True,0.0,1.0,1.0,0.0,-0.04788103717783998,-0.04788103717783998,0.0,K,K,K,0.0,False,1
9,4pql,42,L,True,unseen_protein_uncovered_source,unseen_protein_covered_source,legacy_oracle_r32,new,0.933750732415427,0.9358355355665898,0.11645081074460917,False,0.0,0.9859649122807018,K,-0.0020348185680366874,0.002477698589280822,0.003168297737906945,True,True,K,True,0.0,1.0,0.8,0.0,-0.04788103717783998,-0.04788103717783998,0.0,K,K,K,0.0,False,1
9,4pql,42,L,True,unseen_protein_uncovered_source,unseen_protein_covered_source,legacy_oracle_r32,all,0.9335243542327231,0.9356720915052898,0.11096001775375036,False,0.0,0.9842105263157893,K,-0.001336715918573479,0.0020715382735564058,0.0027311948189173503,True,True,K,True,0.0,1.0,0.8,0.0,-0.04788103717783998,-0.04788103717783998,0.0,K,K,K,0.0,False,1
9,4pql,42,L,True,unseen_protein_uncovered_source,unseen_protein_covered_source,legacy_restricted_s231301,old,0.33386086050852515,0.46382541096513086,0.10546922476289156,False,0.14152437987525987,0.712280701754386,R,0.0011822427688073598,0.01465389206255162,0.018894918854503888,False,True,K,False,0.01492646663049263,0.3333333333333333,0.8,0.02331714486224462,-0.02456389231559536,-0.04788103717783998,0.02331714486224462,R,K,K,0.0,False,1
9,4pql,42,L,True,unseen_protein_uncovered_source,unseen_protein_covered_source,legacy_restricted_s231301,new,0.21042199859235458,0.421529021111184,0.11645081074460917,False,0.20023170910661983,0.3596491228070175,R,-0.007066608279187113,0.017963865324141105,0.024260689122470567,True,True,K,False,0.02331714486224462,0.6666666666666666,0.4,0.02331714486224462,-0.02456389231559536,-0.04788103717783998,0.02331714486224462,R,K,K,0.0,False,1
9,4pql,42,L,True,unseen_protein_uncovered_source,unseen_protein_covered_source,legacy_restricted_s231301,all,0.26989629751314115,0.43286296902702065,0.11096001775375036,False,0.17233059378924193,0.5578947368421052,R,-0.002942182755189876,0.015819573621981373,0.02107683881523617,True,True,K,False,0.019121805746368625,0.6666666666666666,0.4,0.02331714486224462,-0.02456389231559536,-0.04788103717783998,0.02331714486224462,R,K,K,0.0,False,1
9,4pql,42,L,True,unseen_protein_uncovered_source,unseen_protein_covered_source,legacy_restricted_s231303,old,0.28617195180492383,0.4724762849137541,0.10546922476289156,False,0.05766403570689867,0.6105263157894737,P,-0.011095159191176552,0.016481797666558395,0.02336548546013334,True,True,K,False,0.0060817811427062995,0.6666666666666666,0.6,0.01023994275316964,-0.03764109442467034,-0.04788103717783998,0.01023994275316964,P,K,K,0.0,False,1
9,4pql,42,L,True,unseen_protein_uncovered_source,unseen_protein_covered_source,legacy_restricted_s231303,new,0.26980958722184717,0.44808964065236,0.11645081074460917,False,0.08793363212925226,0.5157894736842105,P,-0.024987996633555012,0.025171838834834218,0.03309003545835435,True,True,K,False,0.01023994275316964,0.6666666666666666,0.4,0.01023994275316964,-0.03764109442467034,-0.04788103717783998,0.01023994275316964,P,K,K,0.0,False,1
9,4pql,42,L,True,unseen_protein_uncovered_source,unseen_protein_covered_source,legacy_restricted_s231303,all,0.2761489884668251,0.45708586899245374,0.11096001775375036,False,0.07354777074792004,0.5456140350877193,P,-0.018041577912365783,0.020083390985152372,0.027697719481499492,True,True,K,False,0.00816086194793797,0.6666666666666666,0.4,0.01023994275316964,-0.03764109442467034,-0.04788103717783998,0.01023994275316964,P,K,K,0.0,False,1
9,4pql,42,L,True,unseen_protein_uncovered_source,unseen_protein_covered_source,legacy_wt_z,old,0.26138163774349726,0.43167198546176816,0.10546922476289156,False,0.05766403570689867,0.6070175438596491,P,-0.00822485483980841,0.015492960173563724,0.022332350459094336,True,True,K,False,0.0060817811427062995,0.6666666666666666,0.4,0.01023994275316964,-0.03764109442467034,-0.04788103717783998,0.01023994275316964,P,K,K,0.0,False,1
9,4pql,42,L,True,unseen_protein_uncovered_source,unseen_protein_covered_source,legacy_wt_z,new,0.2443652484561894,0.41914044060288436,0.11645081074460917,False,0.08793363212925226,0.443859649122807,P,-0.017778139508379802,0.020706940206630484,0.028371860873516216,True,True,K,False,0.01023994275316964,0.6666666666666666,0.4,0.01023994275316964,-0.03764109442467034,-0.04788103717783998,0.01023994275316964,P,K,K,0.0,False,1
9,4pql,42,L,True,unseen_protein_uncovered_source,unseen_protein_covered_source,legacy_wt_z,all,0.25170795399332824,0.42303204197378363,0.11096001775375036,False,0.07354777074792004,0.4807017543859649,P,-0.013001497174094106,0.017527181655590633,0.02496845712513363,True,True,K,False,0.00816086194793797,0.6666666666666666,0.4,0.01023994275316964,-0.03764109442467034,-0.04788103717783998,0.01023994275316964,P,K,K,0.0,False,1
9,4pql,89,E,True,unseen_protein_uncovered_source,unseen_protein_uncovered_source,restricted_context_s231301,all,59.633996142834626,138.52492020612178,0.03856621705790858,False,1.0,0.243859649122807,N,0.3768733873195596,0.3995562587797888,1.514733861215366,False,False,C,False,0.03856621705790858,0.3333333333333333,0.6,0.037344084187014626,0.03177230072760129,-0.0055717834594133375,0.05760102527279698,N,C,V,0.020256941085782354,False,1
9,4pql,89,E,True,unseen_protein_uncovered_source,unseen_protein_uncovered_source,restricted_context_s231301,new,35.46134027811212,107.25093239771616,0.05760102527279698,False,1.0,0.343859649122807,N,0.37127154006436264,0.39877847565157565,1.5134102819475,False,False,C,False,0.05760102527279698,0.0,0.6,0.037344084187014626,0.03177230072760129,-0.0055717834594133375,0.05760102527279698,N,C,V,0.020256941085782354,False,1
9,4pql,89,E,True,unseen_protein_uncovered_source,unseen_protein_uncovered_source,restricted_context_s231301,old,55.4064936045297,132.99417097098453,0.04340075819844369,False,0.854073880874814,0.07543859649122807,N,0.38247523457475663,0.40033404190800204,1.5161050160873795,True,True,V,False,0.0370674539874542,0.3333333333333333,0.4,0.037344084187014626,0.03177230072760129,-0.0055717834594133375,0.05760102527279698,N,C,V,0.020256941085782354,False,1
9,4pql,89,E,True,unseen_protein_uncovered_source,unseen_protein_uncovered_source,restricted_aa_only_s231301,all,4.714085011341279,8.804641393420882,0.03856621705790858,False,0.03527563952231572,0.6157894736842106,V,0.025876335483117838,0.04489418094829321,0.09201980563204201,False,False,C,False,0.0013604479706741668,0.6666666666666666,0.4,0.0,-0.0055717834594133375,-0.0055717834594133375,0.020256941085782354,V,C,V,0.020256941085782354,False,1
9,4pql,89,E,True,unseen_protein_uncovered_source,unseen_protein_uncovered_source,restricted_aa_only_s231301,new,1.8648582297200627,6.816867300604192,0.05760102527279698,False,0.3516767451594134,0.39122807017543854,V,0.020274488227920853,0.04776893523193501,0.09298595892071294,False,False,C,False,0.020256941085782354,0.0,0.4,0.0,-0.0055717834594133375,-0.0055717834594133375,0.020256941085782354,V,C,V,0.020256941085782354,False,1
9,4pql,89,E,True,unseen_protein_uncovered_source,unseen_protein_uncovered_source,restricted_aa_only_s231301,old,5.822804652589052,8.453107073243245,0.04340075819844369,False,0.0,0.5754385964912281,V,0.03147818273831483,0.04364585870822648,0.0918513004024103,True,True,V,True,0.0,0.6666666666666666,0.6,0.0,-0.0055717834594133375,-0.0055717834594133375,0.020256941085782354,V,C,V,0.020256941085782354,False,1
9,4pql,89,E,True,unseen_protein_uncovered_source,unseen_protein_uncovered_source,restricted_context_s231303,all,7.2536530569749,19.41811499765322,0.03856621705790858,False,0.5456644374071512,0.12105263157894736,H,-0.0646877128409106,0.16714300666153611,0.21264118773833704,False,False,C,False,0.021044213133825762,0.3333333333333333,0.4,0.007433880939516357,0.00186209748010302,-0.0055717834594133375,0.02769082202529871,H,C,V,0.020256941085782354,False,0
9,4pql,89,E,True,unseen_protein_uncovered_source,unseen_protein_uncovered_source,restricted_context_s231303,new,2.1161874787354735,15.034196993620416,0.05760102527279698,False,0.48073488091845046,0.02456140350877193,H,-0.07028956009610761,0.1723043266678562,0.2165370028983299,False,False,C,False,0.02769082202529871,0.3333333333333333,0.4,0.007433880939516357,0.00186209748010302,-0.0055717834594133375,0.02769082202529871,H,C,V,0.020256941085782354,False,0
9,4pql,89,E,True,unseen_protein_uncovered_source,unseen_protein_uncovered_source,restricted_context_s231303,old,10.117996541280016,18.642826879737154,0.04340075819844369,False,0.7357855187869032,0.24035087719298245,H,-0.05908586558571362,0.16198168665521595,0.20902640145744947,False,False,V,False,0.03193364938678683,0.3333333333333333,0.2,0.007433880939516357,0.00186209748010302,-0.0055717834594133375,0.02769082202529871,H,C,V,0.020256941085782354,False,0
9,4pql,89,E,True,unseen_protein_uncovered_source,unseen_protein_uncovered_source,restricted_aa_only_s231303,all,2.6791958928673583,4.700897005184403,0.03856621705790858,False,0.03527563952231572,0.42280701754385963,V,0.03994544684947889,0.04402243149758943,0.059981843729972076,False,False,C,False,0.0013604479706741668,0.6666666666666666,0.6,0.0,-0.0055717834594133375,-0.0055717834594133375,0.020256941085782354,V,C,V,0.020256941085782354,False,1
9,4pql,89,E,True,unseen_protein_uncovered_source,unseen_protein_uncovered_source,restricted_aa_only_s231303,new,1.5558863353115602,3.6396020742077133,0.05760102527279698,False,0.3516767451594134,0.519298245614035,V,0.03434359959428192,0.04141836648918683,0.057236009550423586,False,False,C,False,0.020256941085782354,0.3333333333333333,0.6,0.0,-0.0055717834594133375,-0.0055717834594133375,0.020256941085782354,V,C,V,0.020256941085782354,False,1
9,4pql,89,E,True,unseen_protein_uncovered_source,unseen_protein_uncovered_source,restricted_aa_only_s231303,old,2.546615681762966,4.513208880353174,0.04340075819844369,False,0.0,0.25263157894736843,V,0.045547294104675895,0.04826592652312306,0.06377650860730893,True,True,V,True,0.0,0.6666666666666666,0.4,0.0,-0.0055717834594133375,-0.0055717834594133375,0.020256941085782354,V,C,V,0.020256941085782354,False,1
9,4pql,89,E,True,unseen_protein_uncovered_source,unseen_protein_uncovered_source,expanded_context_s231301,all,-1.14890439461375,9.04008804662366,0.03856621705790858,False,0.4438770762980658,-0.22807017543859648,Q,0.03263886406490463,0.09214888759674462,0.10325195451507443,False,False,C,False,0.017118659671541053,0.0,0.2,0.005705379955561141,0.0001335964961478031,-0.0055717834594133375,0.025962321041343495,Q,C,V,0.020256941085782354,False,1
9,4pql,89,E,True,unseen_protein_uncovered_source,unseen_protein_uncovered_source,expanded_context_s231301,new,0.023931744554194164,6.999158494479962,0.05760102527279698,False,0.4507267174218967,-0.15087719298245614,Q,0.027037016809707628,0.08952079923067247,0.10066647975681858,False,False,C,False,0.025962321041343495,0.0,0.2,0.005705379955561141,0.0001335964961478031,-0.0055717834594133375,0.025962321041343495,Q,C,V,0.020256941085782354,False,1
9,4pql,89,E,True,unseen_protein_uncovered_source,unseen_protein_uncovered_source,expanded_context_s231301,old,-2.154786080004018,8.679153277810652,0.04340075819844369,False,0.5947141137063866,-0.30350877192982456,Q,0.03824071132010161,0.09524946120001603,0.1064704313912402,False,False,V,False,0.025811043446172632,0.0,0.2,0.005705379955561141,0.0001335964961478031,-0.0055717834594133375,0.025962321041343495,Q,C,V,0.020256941085782354,False,1
9,4pql,89,E,True,unseen_protein_uncovered_source,unseen_protein_uncovered_source,expanded_aa_only_s231301,all,1.6548665754034373,2.903298426769202,0.03856621705790858,False,0.0,0.4736842105263158,C,0.05413110432913213,0.057242258657682704,0.060173310893866475,True,True,C,True,0.0,0.6666666666666666,0.6,-0.020256941085782354,-0.02582872454519569,-0.0055717834594133375,0.0,C,C,V,0.020256941085782354,False,1
9,4pql,89,E,True,unseen_protein_uncovered_source,unseen_protein_uncovered_source,expanded_aa_only_s231301,new,1.2971874179534382,2.2478371605375496,0.05760102527279698,False,0.0,0.3333333333333333,C,0.04852925707393515,0.05100965909371665,0.0548291317385567,True,True,C,True,0.0,0.3333333333333333,0.6,-0.020256941085782354,-0.02582872454519569,-0.0055717834594133375,0.0,C,C,V,0.020256941085782354,False,1
9,4pql,89,E,True,unseen_protein_uncovered_source,unseen_protein_uncovered_source,expanded_aa_only_s231301,old,1.0560743820684921,2.7873812652264567,0.04340075819844369,False,0.4040492809884332,0.4526315789473684,C,0.059732951584329126,0.06347485822164875,0.06620560161766197,False,True,V,False,0.01753604514443402,0.3333333333333333,0.8,-0.020256941085782354,-0.02582872454519569,-0.0055717834594133375,0.0,C,C,V,0.020256941085782354,False,1
9,4pql,89,E,True,unseen_protein_uncovered_source,unseen_protein_uncovered_source,expanded_context_s231303,all,2.7447290015788965,7.242412776888917,0.03856621705790858,False,0.03527563952231572,0.4473684210526316,V,-0.011225069272457571,0.0605350028949584,0.07442599718890117,False,False,C,False,0.0013604479706741668,0.3333333333333333,0.4,0.0,-0.0055717834594133375,-0.0055717834594133375,0.020256941085782354,V,C,V,0.020256941085782354,False,1
9,4pql,89,E,True,unseen_protein_uncovered_source,unseen_protein_uncovered_source,expanded_context_s231303,new,1.6682085109809173,5.607334203655742,0.05760102527279698,False,0.3516767451594134,0.3140350877192983,V,-0.01682691652765456,0.061260050429857216,0.07591550329662129,False,False,C,False,0.020256941085782354,0.0,0.4,0.0,-0.0055717834594133375,-0.0055717834594133375,0.020256941085782354,V,C,V,0.020256941085782354,False,1
9,4pql,89,E,True,unseen_protein_uncovered_source,unseen_protein_uncovered_source,expanded_context_s231303,old,2.494710516779291,6.953252033343826,0.04340075819844369,False,0.0,0.37894736842105264,V,-0.0056232220172605825,0.061964089313391466,0.07391248310837678,True,True,V,True,0.0,0.3333333333333333,0.4,0.0,-0.0055717834594133375,-0.0055717834594133375,0.020256941085782354,V,C,V,0.020256941085782354,False,1
9,4pql,89,E,True,unseen_protein_uncovered_source,unseen_protein_uncovered_source,expanded_aa_only_s231303,all,0.44300087846347824,2.926813514789184,0.03856621705790858,False,0.1428729999734401,0.12105263157894736,T,-0.17703339500389817,0.17703339500389817,0.17977901659682954,False,True,C,False,0.005510071128690258,0.0,0.4,-0.013657074911718525,-0.019228858371131863,-0.0055717834594133375,0.006599866174063829,T,C,V,0.020256941085782354,False,1
9,4pql,89,E,True,unseen_protein_uncovered_source,unseen_protein_uncovered_source,expanded_aa_only_s231303,new,0.7365932149143881,2.266043380124644,0.05760102527279698,False,0.11457897047503984,0.24736842105263157,T,-0.18263524225909514,0.18263524225909514,0.18502255595809897,False,True,C,False,0.006599866174063829,0.3333333333333333,0.4,-0.013657074911718525,-0.019228858371131863,-0.0055717834594133375,0.006599866174063829,T,C,V,0.020256941085782354,False,1
9,4pql,89,E,True,unseen_protein_uncovered_source,unseen_protein_uncovered_source,expanded_aa_only_s231303,old,-0.3159720103752881,2.8099574892868913,0.04340075819844369,False,0.5058971810436722,-0.12631578947368421,T,-0.1714315477487012,0.1714315477487012,0.17480104144048775,False,False,V,False,0.021956321227750708,0.0,0.2,-0.013657074911718525,-0.019228858371131863,-0.0055717834594133375,0.006599866174063829,T,C,V,0.020256941085782354,False,1
9,4pql,89,E,True,unseen_protein_uncovered_source,unseen_protein_uncovered_source,legacy_baseline,old,1.0021972489527566,1.002255779997875,0.04340075819844369,False,0.0,1.0,V,-0.00022038714880222226,0.00022038714880222226,0.00025204599560476666,True,True,V,True,0.0,1.0,1.0,0.0,-0.0055717834594133375,-0.0055717834594133375,0.020256941085782354,V,C,V,0.020256941085782354,False,1
9,4pql,89,E,True,unseen_protein_uncovered_source,unseen_protein_uncovered_source,legacy_baseline,new,1.002062233010674,1.0020977739560117,0.05760102527279698,False,0.0,0.9982456140350877,C,0.00010210318027265604,0.00012731042281453227,0.00015696135607970246,True,True,C,True,0.0,1.0,1.0,0.0,-0.0055717834594133375,-0.0055717834594133375,0.020256941085782354,V,C,V,0.020256941085782354,False,1
9,4pql,89,E,True,unseen_protein_uncovered_source,unseen_protein_uncovered_source,legacy_baseline,all,1.0012893348494192,1.001342820080922,0.03856621705790858,False,0.0,0.9982456140350877,C,-5.914198426478311e-05,0.00010377782220841911,0.00012559547203362006,True,True,C,True,0.0,1.0,1.0,0.0,-0.0055717834594133375,-0.0055717834594133375,0.020256941085782354,V,C,V,0.020256941085782354,False,1
9,4pql,89,E,True,unseen_protein_uncovered_source,unseen_protein_uncovered_source,legacy_exact,old,1.0,1.0,0.04340075819844369,False,0.0,1.0,V,0.0,0.0,0.0,True,True,V,True,0.0,1.0,1.0,0.0,-0.0055717834594133375,-0.0055717834594133375,0.020256941085782354,V,C,V,0.020256941085782354,False,1
9,4pql,89,E,True,unseen_protein_uncovered_source,unseen_protein_uncovered_source,legacy_exact,new,1.0,1.0,0.05760102527279698,False,0.0,1.0,C,0.0,0.0,0.0,True,True,C,True,0.0,1.0,1.0,0.0,-0.0055717834594133375,-0.0055717834594133375,0.020256941085782354,V,C,V,0.020256941085782354,False,1
9,4pql,89,E,True,unseen_protein_uncovered_source,unseen_protein_uncovered_source,legacy_exact,all,1.0,1.0,0.03856621705790858,False,0.0,1.0,C,0.0,0.0,0.0,True,True,C,True,0.0,1.0,1.0,0.0,-0.0055717834594133375,-0.0055717834594133375,0.020256941085782354,V,C,V,0.020256941085782354,False,1
9,4pql,89,E,True,unseen_protein_uncovered_source,unseen_protein_uncovered_source,legacy_expanded_s231301,old,0.26648902440960626,0.4170592962930138,0.04340075819844369,False,0.0,0.5947368421052631,V,0.014245324937055407,0.014479928301098437,0.016775322334025733,True,True,V,True,0.0,0.6666666666666666,0.4,0.0,-0.0055717834594133375,-0.0055717834594133375,0.020256941085782354,V,C,V,0.020256941085782354,False,1
9,4pql,89,E,True,unseen_protein_uncovered_source,unseen_protein_uncovered_source,legacy_expanded_s231301,new,0.7146445932235098,0.9016473443917155,0.05760102527279698,False,0.11457897047503984,0.6245614035087719,T,0.013850623547814928,0.013850623547814928,0.01625049456911829,True,True,C,False,0.006599866174063829,0.6666666666666666,0.4,0.0,-0.0055717834594133375,-0.0055717834594133375,0.020256941085782354,V,C,V,0.020256941085782354,False,1
9,4pql,89,E,True,unseen_protein_uncovered_source,unseen_protein_uncovered_source,legacy_expanded_s231301,all,0.3776205695183829,0.6254336522053724,0.03856621705790858,False,0.1428729999734401,0.42105263157894735,T,0.014047974242435167,0.014047974242435167,0.01640480726622554,True,True,C,False,0.005510071128690258,0.3333333333333333,0.4,0.0,-0.0055717834594133375,-0.0055717834594133375,0.020256941085782354,V,C,V,0.020256941085782354,False,1
9,4pql,89,E,True,unseen_protein_uncovered_source,unseen_protein_uncovered_source,legacy_expanded_s231303,old,0.19603280940016254,0.43143370296476513,0.04340075819844369,False,0.0,0.3929824561403509,V,0.008034888350582029,0.011052526187781875,0.012719629059375726,True,True,V,True,0.0,0.6666666666666666,0.6,0.0,-0.0055717834594133375,-0.0055717834594133375,0.020256941085782354,V,C,V,0.020256941085782354,False,1
9,4pql,89,E,True,unseen_protein_uncovered_source,unseen_protein_uncovered_source,legacy_expanded_s231303,new,0.7493299361653872,0.9297923829784881,0.05760102527279698,False,0.0,0.6052631578947367,C,0.009248149130491417,0.010407961437533086,0.012426223539190998,True,True,C,True,0.0,0.6666666666666666,0.6,0.0,-0.0055717834594133375,-0.0055717834594133375,0.020256941085782354,V,C,V,0.020256941085782354,False,1
9,4pql,89,E,True,unseen_protein_uncovered_source,unseen_protein_uncovered_source,legacy_expanded_s231303,all,0.37111867815933913,0.6639759575614966,0.03856621705790858,False,0.0,0.41578947368421054,C,0.008641518740536723,0.010647812961768999,0.012390500597295089,True,True,C,True,0.0,0.3333333333333333,0.6,0.0,-0.0055717834594133375,-0.0055717834594133375,0.020256941085782354,V,C,V,0.020256941085782354,False,1
9,4pql,89,E,True,unseen_protein_uncovered_source,unseen_protein_uncovered_source,legacy_oracle_r32,old,0.9838769900056684,0.9864118564640639,0.04340075819844369,False,0.0,0.987719298245614,V,-0.0005675844771535253,0.000766987393418879,0.0009826095726872036,True,True,V,True,0.0,1.0,1.0,0.0,-0.0055717834594133375,-0.0055717834594133375,0.020256941085782354,V,C,V,0.020256941085782354,False,1
9,4pql,89,E,True,unseen_protein_uncovered_source,unseen_protein_uncovered_source,legacy_oracle_r32,new,0.9518671342004545,0.9557710628335317,0.05760102527279698,False,0.0,0.9912280701754386,C,0.00034815750183864473,0.001190867781964831,0.0013998514910462654,True,True,C,True,0.0,1.0,1.0,0.0,-0.0055717834594133375,-0.0055717834594133375,0.020256941085782354,V,C,V,0.020256941085782354,False,1
9,4pql,89,E,True,unseen_protein_uncovered_source,unseen_protein_uncovered_source,legacy_oracle_r32,all,0.9518323271841697,0.9552861057066568,0.03856621705790858,False,0.0,0.9824561403508772,C,-0.00010971348765744033,0.0007921385010663237,0.0010086077498740068,True,True,C,True,0.0,1.0,1.0,0.0,-0.0055717834594133375,-0.0055717834594133375,0.020256941085782354,V,C,V,0.020256941085782354,False,1
9,4pql,89,E,True,unseen_protein_uncovered_source,unseen_protein_uncovered_source,legacy_restricted_s231301,old,0.42192135913025464,0.6346787164682034,0.04340075819844369,False,0.0,0.4403508771929824,V,0.012885097529914805,0.013483122102527912,0.01531238530366984,True,True,V,True,0.0,0.6666666666666666,0.4,0.0,-0.0055717834594133375,-0.0055717834594133375,0.020256941085782354,V,C,V,0.020256941085782354,False,1
9,4pql,89,E,True,unseen_protein_uncovered_source,unseen_protein_uncovered_source,legacy_restricted_s231301,new,0.951539232317889,1.0749679073566942,0.05760102527279698,False,0.0,0.8087719298245614,C,0.01577539621881952,0.01577539621881952,0.017216255195292393,True,True,C,True,0.0,0.6666666666666666,0.4,0.0,-0.0055717834594133375,-0.0055717834594133375,0.020256941085782354,V,C,V,0.020256941085782354,False,1
9,4pql,89,E,True,unseen_protein_uncovered_source,unseen_protein_uncovered_source,legacy_restricted_s231301,all,0.6526128304012999,0.8822280855374393,0.03856621705790858,False,0.1428729999734401,0.5929824561403508,T,0.01433024687436716,0.014401769519426937,0.016085746490838288,True,True,C,False,0.005510071128690258,0.6666666666666666,0.6,0.0,-0.0055717834594133375,-0.0055717834594133375,0.020256941085782354,V,C,V,0.020256941085782354,False,1
9,4pql,89,E,True,unseen_protein_uncovered_source,unseen_protein_uncovered_source,legacy_restricted_s231303,old,0.30390319413270656,0.609261607248747,0.04340075819844369,False,0.4040492809884332,0.5421052631578946,C,0.010695834148622206,0.01143557145612667,0.014417845773535656,False,True,V,False,0.01753604514443402,0.3333333333333333,0.6,-0.020256941085782354,-0.02582872454519569,-0.0055717834594133375,0.0,C,C,V,0.020256941085782354,False,1
9,4pql,89,E,True,unseen_protein_uncovered_source,unseen_protein_uncovered_source,legacy_restricted_s231303,new,0.8851614858725018,1.0577021846841916,0.05760102527279698,False,0.0,0.7017543859649124,C,0.013912339382027815,0.013912339382027815,0.0160981920360015,True,True,C,True,0.0,0.6666666666666666,0.6,-0.020256941085782354,-0.02582872454519569,-0.0055717834594133375,0.0,C,C,V,0.020256941085782354,False,1
9,4pql,89,E,True,unseen_protein_uncovered_source,unseen_protein_uncovered_source,legacy_restricted_s231303,all,0.5571653999476812,0.8539778382227716,0.03856621705790858,False,0.0,0.5666666666666667,C,0.01230408676532501,0.012377503502709948,0.014859170880126936,True,True,C,True,0.0,0.3333333333333333,0.6,-0.020256941085782354,-0.02582872454519569,-0.0055717834594133375,0.0,C,C,V,0.020256941085782354,False,1
9,4pql,89,E,True,unseen_protein_uncovered_source,unseen_protein_uncovered_source,legacy_wt_z,old,0.26624180147179666,0.41610331276607904,0.04340075819844369,False,0.0,0.5947368421052631,V,0.01426153707551143,0.014492344550044702,0.016787990140511088,True,True,V,True,0.0,0.6666666666666666,0.4,0.0,-0.0055717834594133375,-0.0055717834594133375,0.020256941085782354,V,C,V,0.020256941085782354,False,1
9,4pql,89,E,True,unseen_protein_uncovered_source,unseen_protein_uncovered_source,legacy_wt_z,new,0.7130583528938278,0.8997170521654234,0.05760102527279698,False,0.11457897047503984,0.6245614035087719,T,0.013635146142523194,0.013635146142523194,0.016065448845981586,True,True,C,False,0.006599866174063829,0.6666666666666666,0.4,0.0,-0.0055717834594133375,-0.0055717834594133375,0.020256941085782354,V,C,V,0.020256941085782354,False,1
9,4pql,89,E,True,unseen_protein_uncovered_source,unseen_protein_uncovered_source,legacy_wt_z,all,0.3769955475482394,0.6240722796185247,0.03856621705790858,False,0.1428729999734401,0.42105263157894735,T,0.013948341609017312,0.013948341609017312,0.016318010109578136,True,True,C,False,0.005510071128690258,0.3333333333333333,0.4,0.0,-0.0055717834594133375,-0.0055717834594133375,0.020256941085782354,V,C,V,0.020256941085782354,False,1
13,1qvc,95,D,True,unseen_protein_uncovered_source,unseen_protein_covered_source,restricted_context_s231301,all,0.405896948132386,3.7249390110755702,0.08987225210250704,False,0.3342188397232247,0.13333333333333333,V,0.01165214872520493,0.06055344466616621,0.07237742880828439,False,False,M,False,0.030036999821013044,0.0,0.2,0.018549242650628628,0.016231983106544945,-0.002317259544083683,0.018549242650628628,V,M,M,0.0,False,4
13,1qvc,95,D,True,unseen_protein_uncovered_source,unseen_protein_covered_source,restricted_context_s231301,new,0.316192679654747,4.717742902411857,0.05451011019741525,False,0.34028994957908176,-0.019298245614035085,V,0.002864039845061275,0.0607060098717364,0.07159459836339406,False,False,M,False,0.018549242650628628,0.0,0.2,0.018549242650628628,0.016231983106544945,-0.002317259544083683,0.018549242650628628,V,M,M,0.0,False,4
13,1qvc,95,D,True,unseen_protein_uncovered_source,unseen_protein_covered_source,restricted_context_s231301,old,0.34038677897078645,2.7719262166756735,0.12523439400759884,False,0.33157629994902094,0.06842105263157894,V,0.020440257605348587,0.06341765281028162,0.07524226914821157,False,False,M,False,0.04152475699139746,0.0,0.2,0.018549242650628628,0.016231983106544945,-0.002317259544083683,0.018549242650628628,V,M,M,0.0,False,4
13,1qvc,95,D,True,unseen_protein_uncovered_source,unseen_protein_covered_source,restricted_aa_only_s231301,all,0.2683025973343074,2.859082499183692,0.08987225210250704,False,0.3342188397232247,0.1701754385964912,V,0.048936075633327795,0.059609001799579786,0.07435615451625986,False,False,M,False,0.030036999821013044,0.3333333333333333,0.4,0.018549242650628628,0.016231983106544945,-0.002317259544083683,0.018549242650628628,V,M,M,0.0,False,4
13,1qvc,95,D,True,unseen_protein_uncovered_source,unseen_protein_covered_source,restricted_aa_only_s231301,new,0.6338716222602659,3.6211106082080677,0.05451011019741525,False,0.34028994957908176,0.02631578947368421,V,0.04014796675318414,0.05115759646021459,0.0672105530176926,False,False,M,False,0.018549242650628628,0.3333333333333333,0.4,0.018549242650628628,0.016231983106544945,-0.002317259544083683,0.018549242650628628,V,M,M,0.0,False,4
13,1qvc,95,D,True,unseen_protein_uncovered_source,unseen_protein_covered_source,restricted_aa_only_s231301,old,0.07832825184082538,2.127596106019868,0.12523439400759884,False,0.33157629994902094,0.06315789473684211,V,0.05772418451347145,0.06904675814677355,0.0827684612128244,False,False,M,False,0.04152475699139746,0.3333333333333333,0.2,0.018549242650628628,0.016231983106544945,-0.002317259544083683,0.018549242650628628,V,M,M,0.0,False,4
13,1qvc,95,D,True,unseen_protein_uncovered_source,unseen_protein_covered_source,restricted_context_s231303,all,0.9625356007330281,25.596765389332287,0.08987225210250704,False,0.3342188397232247,0.15438596491228068,V,0.5412881692216436,0.6365578085134553,0.7282762461288034,False,False,M,False,0.030036999821013044,0.3333333333333333,0.4,0.018549242650628628,0.016231983106544945,-0.002317259544083683,0.018549242650628628,V,M,M,0.0,False,4
13,1qvc,95,D,True,unseen_protein_uncovered_source,unseen_protein_covered_source,restricted_context_s231303,new,4.522680660884769,32.419043071890435,0.05451011019741525,False,0.34028994957908176,0.11228070175438597,V,0.5325000603414999,0.6291484304916155,0.72073959057619,False,False,M,False,0.018549242650628628,0.3333333333333333,0.4,0.018549242650628628,0.016231983106544945,-0.002317259544083683,0.018549242650628628,V,M,M,0.0,False,4
13,1qvc,95,D,True,unseen_protein_uncovered_source,unseen_protein_covered_source,restricted_context_s231303,old,-0.49527984489309385,19.04792127705181,0.12523439400759884,False,0.33157629994902094,-0.02280701754385965,V,0.5500762781017873,0.643967186535295,0.7359464825016693,False,False,M,False,0.04152475699139746,0.3333333333333333,0.4,0.018549242650628628,0.016231983106544945,-0.002317259544083683,0.018549242650628628,V,M,M,0.0,False,4
13,1qvc,95,D,True,unseen_protein_uncovered_source,unseen_protein_covered_source,restricted_aa_only_s231303,all,0.1122577768753108,3.0751198790279117,0.08987225210250704,False,0.22069778846096424,0.08421052631578947,E,0.020669088543965996,0.04108884089243368,0.0643405649856422,False,False,M,False,0.01983460728302955,0.0,0.2,0.004355949565680639,0.002038690021596956,-0.002317259544083683,0.004355949565680639,E,M,M,0.0,False,5
13,1qvc,95,D,True,unseen_protein_uncovered_source,unseen_protein_covered_source,restricted_aa_only_s231303,new,0.14768159987872628,3.894728192921603,0.05451011019741525,False,0.0799108559844223,0.04385964912280702,E,0.01188097966382234,0.036783916217854824,0.06108735450057097,False,False,M,False,0.004355949565680639,0.0,0.2,0.004355949565680639,0.002038690021596956,-0.002317259544083683,0.004355949565680639,E,M,M,0.0,False,5
13,1qvc,95,D,True,unseen_protein_uncovered_source,unseen_protein_covered_source,restricted_aa_only_s231303,old,0.07334620514222126,2.2883610675914667,0.12523439400759884,False,0.28197736955740577,-0.012280701754385965,E,0.029457197424109655,0.04741923586320011,0.06969901652861343,False,False,M,False,0.03531326500037846,0.0,0.0,0.004355949565680639,0.002038690021596956,-0.002317259544083683,0.004355949565680639,E,M,M,0.0,False,5
13,1qvc,95,D,True,unseen_protein_uncovered_source,unseen_protein_covered_source,expanded_context_s231301,all,0.3357535119564317,2.9371926399825505,0.08987225210250704,False,0.22069778846096424,0.042105263157894736,E,0.14068784653398825,0.14068784653398825,0.1517975455056658,False,False,M,False,0.01983460728302955,0.3333333333333333,0.4,0.004355949565680639,0.002038690021596956,-0.002317259544083683,0.004355949565680639,E,M,M,0.0,False,5
13,1qvc,95,D,True,unseen_protein_uncovered_source,unseen_protein_covered_source,expanded_context_s231301,new,0.7678641878427894,3.720039358790161,0.05451011019741525,False,0.0799108559844223,0.2070175438596491,E,0.13189973765384458,0.13189973765384458,0.14285166128482552,False,False,M,False,0.004355949565680639,0.3333333333333333,0.4,0.004355949565680639,0.002038690021596956,-0.002317259544083683,0.004355949565680639,E,M,M,0.0,False,5
13,1qvc,95,D,True,unseen_protein_uncovered_source,unseen_protein_covered_source,expanded_context_s231301,old,0.10677528626100861,2.1857220367867356,0.12523439400759884,False,0.28197736955740577,-0.05263157894736842,E,0.1494759554141319,0.1494759554141319,0.16120978162272262,False,False,M,False,0.03531326500037846,0.3333333333333333,0.2,0.004355949565680639,0.002038690021596956,-0.002317259544083683,0.004355949565680639,E,M,M,0.0,False,5
13,1qvc,95,D,True,unseen_protein_uncovered_source,unseen_protein_covered_source,expanded_aa_only_s231301,all,0.26694383825519474,2.9244839118179407,0.08987225210250704,False,0.22069778846096424,0.02456140350877193,E,0.13921873355228923,0.13921873355228923,0.1505130708806272,False,False,M,False,0.01983460728302955,0.3333333333333333,0.4,0.004355949565680639,0.002038690021596956,-0.002317259544083683,0.004355949565680639,E,M,M,0.0,False,5
13,1qvc,95,D,True,unseen_protein_uncovered_source,unseen_protein_covered_source,expanded_aa_only_s231301,new,0.6603064753276539,3.7039433873074072,0.05451011019741525,False,0.0799108559844223,0.17719298245614035,E,0.13043062467214556,0.13043062467214556,0.1415727117878529,False,False,M,False,0.004355949565680639,0.3333333333333333,0.4,0.004355949565680639,0.002038690021596956,-0.002317259544083683,0.004355949565680639,E,M,M,0.0,False,5
13,1qvc,95,D,True,unseen_protein_uncovered_source,unseen_protein_covered_source,expanded_aa_only_s231301,old,0.06769757146057583,2.1762647928760726,0.12523439400759884,False,0.28197736955740577,-0.06491228070175438,E,0.14800684243243287,0.14800684243243287,0.15992416161561707,False,False,M,False,0.03531326500037846,0.3333333333333333,0.2,0.004355949565680639,0.002038690021596956,-0.002317259544083683,0.004355949565680639,E,M,M,0.0,False,5
13,1qvc,95,D,True,unseen_protein_uncovered_source,unseen_protein_covered_source,expanded_context_s231303,all,-0.7599151746768789,10.940096945653199,0.08987225210250704,False,0.47852708682528844,-0.1842105263157895,W,-0.18800024565266663,0.2065963986722561,0.282285036767996,True,True,M,False,0.0430063069850406,0.3333333333333333,0.2,0.02672140948434798,0.024404149940264297,-0.002317259544083683,0.02672140948434798,W,M,M,0.0,False,4
13,1qvc,95,D,True,unseen_protein_uncovered_source,unseen_protein_covered_source,expanded_context_s231303,new,-3.4813879635896963,13.855948933281987,0.05451011019741525,False,0.4902101534481038,-0.30526315789473685,W,-0.1967883545328103,0.2133009742329212,0.2897468771000746,True,True,M,False,0.02672140948434798,0.3333333333333333,0.2,0.02672140948434798,0.024404149940264297,-0.002317259544083683,0.02672140948434798,W,M,M,0.0,False,4
13,1qvc,95,D,True,unseen_protein_uncovered_source,unseen_protein_covered_source,expanded_context_s231303,old,0.36021367687188527,8.141110887040597,0.12523439400759884,False,0.4734418604056615,-0.08070175438596491,W,-0.17921213677252298,0.199891823111591,0.2751847240610623,True,True,M,False,0.05929120448573322,0.3333333333333333,0.4,0.02672140948434798,0.024404149940264297,-0.002317259544083683,0.02672140948434798,W,M,M,0.0,False,4
13,1qvc,95,D,True,unseen_protein_uncovered_source,unseen_protein_covered_source,expanded_aa_only_s231303,all,0.25634621808436014,2.9229492387597378,0.08987225210250704,False,0.22069778846096424,0.02456140350877193,E,0.13938785183040991,0.13938785183040991,0.15068422721854793,False,False,M,False,0.01983460728302955,0.3333333333333333,0.4,0.004355949565680639,0.002038690021596956,-0.002317259544083683,0.004355949565680639,E,M,M,0.0,False,5
13,1qvc,95,D,True,unseen_protein_uncovered_source,unseen_protein_covered_source,expanded_aa_only_s231303,new,0.6519842230730263,3.7019996795295533,0.05451011019741525,False,0.0799108559844223,0.17719298245614035,E,0.13059974295026625,0.13059974295026625,0.1417303304063795,False,False,M,False,0.004355949565680639,0.3333333333333333,0.4,0.004355949565680639,0.002038690021596956,-0.002317259544083683,0.004355949565680639,E,M,M,0.0,False,5
13,1qvc,95,D,True,unseen_protein_uncovered_source,unseen_protein_covered_source,expanded_aa_only_s231303,old,0.05883340308923488,2.175122760624965,0.12523439400759884,False,0.28197736955740577,-0.06491228070175438,E,0.14817596071055358,0.14817596071055358,0.1601067996288463,False,False,M,False,0.03531326500037846,0.3333333333333333,0.2,0.004355949565680639,0.002038690021596956,-0.002317259544083683,0.004355949565680639,E,M,M,0.0,False,5
13,1qvc,95,D,True,unseen_protein_uncovered_source,unseen_protein_covered_source,legacy_baseline,old,1.0010979551345869,1.001185768236615,0.12523439400759884,False,0.0,0.9982456140350877,M,-0.0002258552108142958,0.0003477891618104061,0.00040866322836819797,True,True,M,True,0.0,1.0,1.0,0.0,-0.002317259544083683,-0.002317259544083683,0.0,M,M,M,0.0,False,5
13,1qvc,95,D,True,unseen_protein_uncovered_source,unseen_protein_covered_source,legacy_baseline,new,1.0025864632194832,1.0027406805559764,0.05451011019741525,False,0.0,1.0,M,-0.0003805530951613085,0.0004043078190890027,0.0004650654591965509,True,True,M,True,0.0,1.0,1.0,0.0,-0.002317259544083683,-0.002317259544083683,0.0,M,M,M,0.0,False,5
13,1qvc,95,D,True,unseen_protein_uncovered_source,unseen_protein_covered_source,legacy_baseline,all,1.0020923727906423,1.002195212686638,0.08987225210250704,False,0.0,1.0,M,-0.0003032041529878022,0.0003592493169397932,0.00041025551365011354,True,True,M,True,0.0,1.0,1.0,0.0,-0.002317259544083683,-0.002317259544083683,0.0,M,M,M,0.0,False,5
13,1qvc,95,D,True,unseen_protein_uncovered_source,unseen_protein_covered_source,legacy_exact,old,1.0,1.0,0.12523439400759884,False,0.0,1.0,M,0.0,0.0,0.0,True,True,M,True,0.0,1.0,1.0,0.0,-0.002317259544083683,-0.002317259544083683,0.0,M,M,M,0.0,False,5
13,1qvc,95,D,True,unseen_protein_uncovered_source,unseen_protein_covered_source,legacy_exact,new,1.0,1.0,0.05451011019741525,False,0.0,1.0,M,0.0,0.0,0.0,True,True,M,True,0.0,1.0,1.0,0.0,-0.002317259544083683,-0.002317259544083683,0.0,M,M,M,0.0,False,5
13,1qvc,95,D,True,unseen_protein_uncovered_source,unseen_protein_covered_source,legacy_exact,all,1.0,1.0,0.08987225210250704,False,0.0,1.0,M,0.0,0.0,0.0,True,True,M,True,0.0,1.0,1.0,0.0,-0.002317259544083683,-0.002317259544083683,0.0,M,M,M,0.0,False,5
13,1qvc,95,D,True,unseen_protein_uncovered_source,unseen_protein_covered_source,legacy_expanded_s231301,old,0.9376340618935664,1.008774975614138,0.12523439400759884,False,0.07758357856284917,0.8456140350877193,K,-0.01595662956834804,0.016026657192234717,0.018651819420062325,True,True,M,False,0.009716132446259351,0.6666666666666666,1.0,0.0006583230955232722,-0.0016589364485604108,-0.002317259544083683,0.0006583230955232722,K,M,M,0.0,False,5
13,1qvc,95,D,True,unseen_protein_uncovered_source,unseen_protein_covered_source,legacy_expanded_s231301,new,0.6154458288976323,0.7354540433607707,0.05451011019741525,False,0.1996671158390643,0.712280701754386,Q,-0.008272536941788504,0.009538958820960172,0.011770954178862762,False,False,M,False,0.010883876487187472,0.0,0.4,0.0006583230955232722,-0.0016589364485604108,-0.002317259544083683,0.0006583230955232722,K,M,M,0.0,False,5
13,1qvc,95,D,True,unseen_protein_uncovered_source,unseen_protein_covered_source,legacy_expanded_s231301,all,0.8260539408474512,0.9214555875802284,0.08987225210250704,False,0.057717789968975426,0.8719298245614034,K,-0.01211458325506827,0.01260030134328884,0.014772681947781878,True,True,M,False,0.005187227770891312,0.6666666666666666,0.4,0.0006583230955232722,-0.0016589364485604108,-0.002317259544083683,0.0006583230955232722,K,M,M,0.0,False,5
13,1qvc,95,D,True,unseen_protein_uncovered_source,unseen_protein_covered_source,legacy_expanded_s231303,old,0.8947826543615222,1.028037901676954,0.12523439400759884,False,0.07758357856284917,0.6754385964912282,K,-0.022991014324241787,0.023511532731803387,0.026527812014301762,False,True,M,False,0.009716132446259351,0.3333333333333333,0.6,0.0006583230955232722,-0.0016589364485604108,-0.002317259544083683,0.0006583230955232722,K,M,M,0.0,False,5
13,1qvc,95,D,True,unseen_protein_uncovered_source,unseen_protein_covered_source,legacy_expanded_s231303,new,0.6103522125431919,0.8497860917150094,0.05451011019741525,False,0.1996671158390643,0.6578947368421053,Q,-0.01062195540963652,0.01224601537303376,0.015041510967769654,False,False,M,False,0.010883876487187472,0.0,0.4,0.0006583230955232722,-0.0016589364485604108,-0.002317259544083683,0.0006583230955232722,K,M,M,0.0,False,5
13,1qvc,95,D,True,unseen_protein_uncovered_source,unseen_protein_covered_source,legacy_expanded_s231303,all,0.7862762252117417,0.9661118421591808,0.08987225210250704,False,0.057717789968975426,0.712280701754386,K,-0.016806484866939152,0.017717805379453975,0.02033167009637873,False,True,M,False,0.005187227770891312,0.3333333333333333,0.4,0.0006583230955232722,-0.0016589364485604108,-0.002317259544083683,0.0006583230955232722,K,M,M,0.0,False,5
13,1qvc,95,D,True,unseen_protein_uncovered_source,unseen_protein_covered_source,legacy_oracle_r32,old,1.000331155184754,1.0011391331988049,0.12523439400759884,False,0.0,1.0,M,0.00017502863779624085,0.000946432034318247,0.001044170408717424,True,True,M,True,0.0,1.0,1.0,0.0,-0.002317259544083683,-0.002317259544083683,0.0,M,M,M,0.0,False,5
13,1qvc,95,D,True,unseen_protein_uncovered_source,unseen_protein_covered_source,legacy_oracle_r32,new,1.0000822754576102,1.0012801824439506,0.05451011019741525,False,0.0,0.9947368421052631,M,-7.086728351131462e-05,0.0006544483127812166,0.0007398058043454642,True,True,M,True,0.0,1.0,0.8,0.0,-0.002317259544083683,-0.002317259544083683,0.0,M,M,M,0.0,False,5
13,1qvc,95,D,True,unseen_protein_uncovered_source,unseen_protein_covered_source,legacy_oracle_r32,all,1.0010855952916076,1.0019044501426662,0.08987225210250704,False,0.0,0.9982456140350877,M,5.2080677142463117e-05,0.0006968220890295123,0.0007734667289579658,True,True,M,True,0.0,1.0,0.8,0.0,-0.002317259544083683,-0.002317259544083683,0.0,M,M,M,0.0,False,5
13,1qvc,95,D,True,unseen_protein_uncovered_source,unseen_protein_covered_source,legacy_restricted_s231301,old,0.8386423800214448,1.324165056424753,0.12523439400759884,False,0.13878347116076198,0.4052631578947368,Y,0.024599785222292735,0.02716082904106547,0.03619737783271139,False,False,M,False,0.017380463909089094,0.3333333333333333,0.4,0.024770831902395152,0.02245357235831147,-0.002317259544083683,0.024770831902395152,Y,M,M,0.0,False,4
13,1qvc,95,D,True,unseen_protein_uncovered_source,unseen_protein_covered_source,legacy_restricted_s231301,new,0.77341957204022,2.0684487417361708,0.05451011019741525,False,0.0799108559844223,0.243859649122807,E,0.039166087598408804,0.039698795706981135,0.04876534429357951,False,False,M,False,0.004355949565680639,0.0,0.2,0.024770831902395152,0.02245357235831147,-0.002317259544083683,0.024770831902395152,Y,M,M,0.0,False,4
13,1qvc,95,D,True,unseen_protein_uncovered_source,unseen_protein_covered_source,legacy_restricted_s231301,all,0.7915023847195904,1.6175659877145607,0.08987225210250704,False,0.23450672941525413,0.3719298245614035,Y,0.03188293641035077,0.03307148127787054,0.04188504502953512,False,False,M,False,0.021075647905742123,0.0,0.4,0.024770831902395152,0.02245357235831147,-0.002317259544083683,0.024770831902395152,Y,M,M,0.0,False,4
13,1qvc,95,D,True,unseen_protein_uncovered_source,unseen_protein_covered_source,legacy_restricted_s231303,old,0.9448382538744001,1.2237326237547586,0.12523439400759884,False,0.13878347116076198,0.5912280701754385,Y,-0.009367239235371754,0.017691563110778248,0.022045801056996984,True,True,M,False,0.017380463909089094,0.3333333333333333,0.6,0.024770831902395152,0.02245357235831147,-0.002317259544083683,0.024770831902395152,Y,M,M,0.0,False,4
13,1qvc,95,D,True,unseen_protein_uncovered_source,unseen_protein_covered_source,legacy_restricted_s231303,new,0.6971458629482252,1.3495546230782824,0.05451011019741525,False,0.1996671158390643,0.3403508771929824,Q,-0.002489411907936413,0.015268030500592064,0.018137749500345877,True,True,M,False,0.010883876487187472,0.3333333333333333,0.4,0.024770831902395152,0.02245357235831147,-0.002317259544083683,0.024770831902395152,Y,M,M,0.0,False,4
13,1qvc,95,D,True,unseen_protein_uncovered_source,unseen_protein_covered_source,legacy_restricted_s231303,all,0.8777141741512839,1.2940152458105973,0.08987225210250704,False,0.23450672941525413,0.6438596491228071,Y,-0.005928325571654084,0.016009308008354716,0.019199212096484387,True,True,M,False,0.021075647905742123,0.3333333333333333,0.4,0.024770831902395152,0.02245357235831147,-0.002317259544083683,0.024770831902395152,Y,M,M,0.0,False,4
13,1qvc,95,D,True,unseen_protein_uncovered_source,unseen_protein_covered_source,legacy_wt_z,old,0.9365863756851307,1.007671715110496,0.12523439400759884,False,0.07758357856284917,0.8508771929824561,K,-0.017335949010596662,0.017335949010596662,0.019842549051689504,True,True,M,False,0.009716132446259351,0.6666666666666666,1.0,0.0006583230955232722,-0.0016589364485604108,-0.002317259544083683,0.0006583230955232722,K,M,M,0.0,False,5
13,1qvc,95,D,True,unseen_protein_uncovered_source,unseen_protein_covered_source,legacy_wt_z,new,0.6146223472796715,0.7347064163613658,0.05451011019741525,False,0.1996671158390643,0.712280701754386,Q,-0.010116183214279083,0.010803034124084355,0.013137030642424703,False,False,M,False,0.010883876487187472,0.0,0.4,0.0006583230955232722,-0.0016589364485604108,-0.002317259544083683,0.0006583230955232722,K,M,M,0.0,False,5
13,1qvc,95,D,True,unseen_protein_uncovered_source,unseen_protein_covered_source,legacy_wt_z,all,0.8252638943177023,0.9206893711297998,0.08987225210250704,False,0.057717789968975426,0.8719298245614034,K,-0.013726066112437874,0.014017256767634679,0.016122502097927385,True,True,M,False,0.005187227770891312,0.6666666666666666,0.4,0.0006583230955232722,-0.0016589364485604108,-0.002317259544083683,0.0006583230955232722,K,M,M,0.0,False,5
13,1qvc,107,G,True,unseen_protein_uncovered_source,unseen_protein_uncovered_source,restricted_context_s231301,all,1.2644179323124105,2.428436528417376,0.19797296353836957,False,0.027654171449768658,0.4473684210526316,C,-0.08723162506892082,0.11270964551107222,0.13512155350867489,False,True,K,False,0.0054747782761088715,0.3333333333333333,0.8,0.005490580196918948,-0.010648797956206657,-0.016139378153125605,0.005490580196918948,C,K,K,0.0,False,4
13,1qvc,107,G,True,unseen_protein_uncovered_source,unseen_protein_uncovered_source,restricted_context_s231301,new,1.439228522957967,2.890493149018128,0.16244746822654665,False,0.033799112149054074,0.37894736842105264,C,-0.08193384465097964,0.11214263321525608,0.13362748074249853,False,True,K,False,0.005490580196918948,0.3333333333333333,0.8,0.005490580196918948,-0.010648797956206657,-0.016139378153125605,0.005490580196918948,C,K,K,0.0,False,4
13,1qvc,107,G,True,unseen_protein_uncovered_source,unseen_protein_uncovered_source,restricted_context_s231301,old,1.0977755524466866,2.0685660288367793,0.2334984588501925,False,0.023379068034025674,0.556140350877193,C,-0.092529405486862,0.11451473979618933,0.13755138804055697,False,True,K,False,0.005458976355298795,0.6666666666666666,0.8,0.005490580196918948,-0.010648797956206657,-0.016139378153125605,0.005490580196918948,C,K,K,0.0,False,4
13,1qvc,107,G,True,unseen_protein_uncovered_source,unseen_protein_uncovered_source,restricted_aa_only_s231301,all,-0.11980013502870526,1.2879895485647723,0.19797296353836957,False,0.41298085556473996,-0.30000000000000004,V,-0.29979269368415973,0.29979269368415973,0.31135352686040163,False,False,K,False,0.08175904386076294,0.0,0.0,0.06862421545170161,0.052484837298576004,-0.016139378153125605,0.06862421545170161,V,K,K,0.0,False,3
13,1qvc,107,G,True,unseen_protein_uncovered_source,unseen_protein_uncovered_source,restricted_aa_only_s231301,new,-0.21554676686066337,1.5330542604544308,0.16244746822654665,False,0.4224394273476726,-0.27368421052631575,V,-0.29449491326621857,0.29449491326621857,0.30534122566868477,False,False,K,False,0.06862421545170161,0.0,0.0,0.06862421545170161,0.052484837298576004,-0.016139378153125605,0.06862421545170161,V,K,K,0.0,False,3
13,1qvc,107,G,True,unseen_protein_uncovered_source,unseen_protein_uncovered_source,restricted_aa_only_s231301,old,-0.06345745295802223,1.0971221172472807,0.2334984588501925,False,0.4064004222430697,-0.32807017543859646,V,-0.30509047410210094,0.30509047410210094,0.31766301767791977,False,False,K,False,0.09489387226982426,0.0,0.0,0.06862421545170161,0.052484837298576004,-0.016139378153125605,0.06862421545170161,V,K,K,0.0,False,3
13,1qvc,107,G,True,unseen_protein_uncovered_source,unseen_protein_uncovered_source,restricted_context_s231303,all,-2.6458499591347713,6.767065299128238,0.19797296353836957,False,0.41298085556473996,-0.5035087719298245,V,-0.669974445072628,0.6836709784652955,0.7588324253854497,False,False,K,False,0.08175904386076294,0.0,0.0,0.06862421545170161,0.052484837298576004,-0.016139378153125605,0.06862421545170161,V,K,K,0.0,False,3
13,1qvc,107,G,True,unseen_protein_uncovered_source,unseen_protein_uncovered_source,restricted_context_s231303,new,-3.3282708686264395,8.054629246923712,0.16244746822654665,False,0.4224394273476726,-0.48947368421052634,V,-0.6646766646546868,0.6788065953418531,0.752723681990441,False,False,K,False,0.06862421545170161,0.0,0.0,0.06862421545170161,0.052484837298576004,-0.016139378153125605,0.06862421545170161,V,K,K,0.0,False,3
13,1qvc,107,G,True,unseen_protein_uncovered_source,unseen_protein_uncovered_source,restricted_context_s231303,old,-2.1349863274982197,5.764252525809072,0.2334984588501925,False,0.4064004222430697,-0.4736842105263158,V,-0.6752722254905691,0.6885353615887381,0.765062989380454,False,False,K,False,0.09489387226982426,0.0,0.0,0.06862421545170161,0.052484837298576004,-0.016139378153125605,0.06862421545170161,V,K,K,0.0,False,3
13,1qvc,107,G,True,unseen_protein_uncovered_source,unseen_protein_uncovered_source,restricted_aa_only_s231303,all,0.12375635147257688,1.7052653818845709,0.19797296353836957,False,0.11043285946639872,0.16666666666666666,A,-0.3046708743738773,0.3046708743738773,0.3189778849968239,False,False,K,False,0.021862720460579244,0.3333333333333333,0.4,0.01002265757002263,-0.006116720583102975,-0.016139378153125605,0.01002265757002263,A,K,K,0.0,False,5
13,1qvc,107,G,True,unseen_protein_uncovered_source,unseen_protein_uncovered_source,restricted_aa_only_s231303,new,0.10020598148602738,2.0297248233238463,0.16244746822654665,False,0.061697837949959256,0.14210526315789473,A,-0.29937309395593614,0.30093431559503037,0.313190495361496,False,False,K,False,0.01002265757002263,0.3333333333333333,0.4,0.01002265757002263,-0.006116720583102975,-0.016139378153125605,0.01002265757002263,A,K,K,0.0,False,5
13,1qvc,107,G,True,unseen_protein_uncovered_source,unseen_protein_uncovered_source,restricted_aa_only_s231303,old,0.12827002730431003,1.4525617605565586,0.2334984588501925,False,0.14433835459598826,0.16315789473684209,A,-0.3099686547918185,0.3099686547918185,0.32506386351852473,False,False,K,False,0.03370278335113586,0.0,0.2,0.01002265757002263,-0.006116720583102975,-0.016139378153125605,0.01002265757002263,A,K,K,0.0,False,5
13,1qvc,107,G,True,unseen_protein_uncovered_source,unseen_protein_uncovered_source,expanded_context_s231301,all,0.5552355531496594,1.4936949833862305,0.19797296353836957,False,0.3621129928180557,0.32807017543859646,Q,-0.054786581743496626,0.07471734326590296,0.09039262236957257,False,True,K,False,0.07168858232393882,0.0,0.4,0.060865944235580116,0.04472656608245451,-0.016139378153125605,0.060865944235580116,Q,K,K,0.0,False,5
13,1qvc,107,G,True,unseen_protein_uncovered_source,unseen_protein_uncovered_source,expanded_context_s231301,new,0.6395013070270497,1.7778990991435923,0.16244746822654665,False,0.3746807808090763,0.3403508771929824,Q,-0.04948880132555544,0.07032519121142773,0.08606765494110306,False,True,K,False,0.060865944235580116,0.0,0.4,0.060865944235580116,0.04472656608245451,-0.016139378153125605,0.060865944235580116,Q,K,K,0.0,False,5
13,1qvc,107,G,True,unseen_protein_uncovered_source,unseen_protein_uncovered_source,expanded_context_s231301,old,0.47821668199742046,1.2723440221393458,0.2334984588501925,False,0.3533694432871393,0.3719298245614035,Q,-0.06008436216143781,0.07979658077529941,0.09589072242355277,False,True,K,False,0.08251122041229753,0.3333333333333333,0.6,0.060865944235580116,0.04472656608245451,-0.016139378153125605,0.060865944235580116,Q,K,K,0.0,False,5
13,1qvc,107,G,True,unseen_protein_uncovered_source,unseen_protein_uncovered_source,expanded_aa_only_s231301,all,0.06639683258245399,0.9940746510087587,0.19797296353836957,False,0.027654171449768658,-0.1456140350877193,C,-0.27536055244837526,0.27536055244837526,0.2834538619163155,False,False,K,False,0.0054747782761088715,0.3333333333333333,0.2,0.005490580196918948,-0.010648797956206657,-0.016139378153125605,0.005490580196918948,C,K,K,0.0,False,4
13,1qvc,107,G,True,unseen_protein_uncovered_source,unseen_protein_uncovered_source,expanded_aa_only_s231301,new,0.01836202184305042,1.1832164171183794,0.16244746822654665,False,0.033799112149054074,-0.13333333333333333,C,-0.27006277203043405,0.27006277203043405,0.2774888170693713,False,False,K,False,0.005490580196918948,0.3333333333333333,0.2,0.005490580196918948,-0.010648797956206657,-0.016139378153125605,0.005490580196918948,C,K,K,0.0,False,4
13,1qvc,107,G,True,unseen_protein_uncovered_source,unseen_protein_uncovered_source,expanded_aa_only_s231301,old,0.08694835863385736,0.8467625277176184,0.2334984588501925,False,0.023379068034025674,-0.07543859649122807,C,-0.2806583328663164,0.2806583328663164,0.2897467162683015,False,False,K,False,0.005458976355298795,0.3333333333333333,0.2,0.005490580196918948,-0.010648797956206657,-0.016139378153125605,0.005490580196918948,C,K,K,0.0,False,4
13,1qvc,107,G,True,unseen_protein_uncovered_source,unseen_protein_uncovered_source,expanded_context_s231303,all,-0.222303927958965,1.3956998131745688,0.19797296353836957,False,0.7319472021140973,-0.057894736842105256,W,0.03339118201541684,0.08198038365074904,0.09687445763877615,False,False,K,False,0.1449057567561458,0.0,0.4,0.1185485550031613,0.1024091768500357,-0.016139378153125605,0.1185485550031613,W,K,K,0.0,False,6
13,1qvc,107,G,True,unseen_protein_uncovered_source,unseen_protein_uncovered_source,expanded_context_s231303,new,-0.316818822088074,1.6612584685077685,0.16244746822654665,False,0.7297654823270953,-0.04736842105263158,W,0.03868896243335802,0.08174850098067955,0.09516271326986149,False,False,K,False,0.1185485550031613,0.0,0.4,0.1185485550031613,0.1024091768500357,-0.016139378153125605,0.1185485550031613,W,K,K,0.0,False,6
13,1qvc,107,G,True,unseen_protein_uncovered_source,unseen_protein_uncovered_source,expanded_context_s231303,old,-0.1603406335080316,1.1888707759919457,0.2334984588501925,False,0.7334650487736576,-0.03859649122807017,W,0.028093401597475653,0.083882757516113,0.09987191099106658,False,False,K,False,0.17126295850913031,0.0,0.4,0.1185485550031613,0.1024091768500357,-0.016139378153125605,0.1185485550031613,W,K,K,0.0,False,6
13,1qvc,107,G,True,unseen_protein_uncovered_source,unseen_protein_uncovered_source,expanded_aa_only_s231303,all,0.08973917592044497,0.9664689618343717,0.19797296353836957,False,0.23477860674266293,0.16315789473684209,T,-0.44338479280411786,0.44338479280411786,0.44818189167536915,False,False,K,False,0.046479816552254416,0.3333333333333333,0.4,0.0459608366202886,0.029821458467162998,-0.016139378153125605,0.0459608366202886,T,K,K,0.0,False,5
13,1qvc,107,G,True,unseen_protein_uncovered_source,unseen_protein_uncovered_source,expanded_aa_only_s231303,new,-0.00326644685248077,1.1503582161735553,0.16244746822654665,False,0.282927380291285,0.05964912280701754,T,-0.4380870123861767,0.4380870123861767,0.44263853435162287,False,False,K,False,0.0459608366202886,0.3333333333333333,0.4,0.0459608366202886,0.029821458467162998,-0.016139378153125605,0.0459608366202886,T,K,K,0.0,False,5
13,1qvc,107,G,True,unseen_protein_uncovered_source,unseen_protein_uncovered_source,expanded_aa_only_s231303,old,0.13189879226905618,0.8232477311970854,0.2334984588501925,False,0.20128097082805,0.24912280701754386,T,-0.448682573222059,0.448682573222059,0.453945110640865,False,False,K,False,0.04699879648422023,0.6666666666666666,0.6,0.0459608366202886,0.029821458467162998,-0.016139378153125605,0.0459608366202886,T,K,K,0.0,False,5
13,1qvc,107,G,True,unseen_protein_uncovered_source,unseen_protein_uncovered_source,legacy_baseline,old,0.9972731210431512,0.9973220328316768,0.2334984588501925,False,0.0,0.9982456140350877,K,0.0002452229935697889,0.0005764622165671646,0.0006425449779228576,True,True,K,True,0.0,1.0,1.0,0.0,-0.016139378153125605,-0.016139378153125605,0.0,K,K,K,0.0,False,4
13,1qvc,107,G,True,unseen_protein_uncovered_source,unseen_protein_uncovered_source,legacy_baseline,new,0.9961475838285129,0.996197451019786,0.16244746822654665,False,0.0,1.0,K,-0.00037429891872104175,0.0004195429679636837,0.0005801517626789638,True,True,K,True,0.0,1.0,1.0,0.0,-0.016139378153125605,-0.016139378153125605,0.0,K,K,K,0.0,False,4
13,1qvc,107,G,True,unseen_protein_uncovered_source,unseen_protein_uncovered_source,legacy_baseline,all,0.9967605687132925,0.9968089887469875,0.19797296353836957,False,0.0,1.0,K,-6.453796257562641e-05,0.00042426646727249616,0.0005148213637076046,True,True,K,True,0.0,1.0,1.0,0.0,-0.016139378153125605,-0.016139378153125605,0.0,K,K,K,0.0,False,4
13,1qvc,107,G,True,unseen_protein_uncovered_source,unseen_protein_uncovered_source,legacy_exact,old,1.0,1.0,0.2334984588501925,False,0.0,1.0,K,0.0,0.0,0.0,True,True,K,True,0.0,1.0,1.0,0.0,-0.016139378153125605,-0.016139378153125605,0.0,K,K,K,0.0,False,4
13,1qvc,107,G,True,unseen_protein_uncovered_source,unseen_protein_uncovered_source,legacy_exact,new,1.0,1.0,0.16244746822654665,False,0.0,1.0,K,0.0,0.0,0.0,True,True,K,True,0.0,1.0,1.0,0.0,-0.016139378153125605,-0.016139378153125605,0.0,K,K,K,0.0,False,4
13,1qvc,107,G,True,unseen_protein_uncovered_source,unseen_protein_uncovered_source,legacy_exact,all,1.0,1.0,0.19797296353836957,False,0.0,1.0,K,0.0,0.0,0.0,True,True,K,True,0.0,1.0,1.0,0.0,-0.016139378153125605,-0.016139378153125605,0.0,K,K,K,0.0,False,4
13,1qvc,107,G,True,unseen_protein_uncovered_source,unseen_protein_uncovered_source,legacy_expanded_s231301,old,0.4068554866515967,0.47123148070642096,0.2334984588501925,False,0.023379068034025674,0.8175438596491227,C,-0.028519755888592464,0.036443524708482083,0.04674630625386537,True,True,K,False,0.005458976355298795,0.6666666666666666,0.6,0.005490580196918948,-0.010648797956206657,-0.016139378153125605,0.005490580196918948,C,K,K,0.0,False,4
13,1qvc,107,G,True,unseen_protein_uncovered_source,unseen_protein_uncovered_source,legacy_expanded_s231301,new,0.12456703583269324,0.24350734900713156,0.16244746822654665,False,0.033799112149054074,0.46315789473684205,C,-0.03778270764403112,0.04090450627553503,0.05311740784638236,True,True,K,False,0.005490580196918948,0.6666666666666666,0.6,0.005490580196918948,-0.010648797956206657,-0.016139378153125605,0.005490580196918948,C,K,K,0.0,False,4
13,1qvc,107,G,True,unseen_protein_uncovered_source,unseen_protein_uncovered_source,legacy_expanded_s231301,all,0.2873085857111213,0.36248512372709657,0.19797296353836957,False,0.027654171449768658,0.7456140350877193,C,-0.033151231766311795,0.03832374606843577,0.04956000589356055,True,True,K,False,0.0054747782761088715,0.6666666666666666,0.6,0.005490580196918948,-0.010648797956206657,-0.016139378153125605,0.005490580196918948,C,K,K,0.0,False,4
13,1qvc,107,G,True,unseen_protein_uncovered_source,unseen_protein_uncovered_source,legacy_expanded_s231303,old,0.4452919651463517,0.5868685517857031,0.2334984588501925,False,0.023379068034025674,0.7315789473684211,C,-0.0361961992513418,0.04379053724496353,0.053242876231680586,False,False,K,False,0.005458976355298795,0.6666666666666666,0.6,0.005490580196918948,-0.010648797956206657,-0.016139378153125605,0.005490580196918948,C,K,K,0.0,False,4
13,1qvc,107,G,True,unseen_protein_uncovered_source,unseen_protein_uncovered_source,legacy_expanded_s231303,new,0.2051993862872104,0.599756608127513,0.16244746822654665,False,0.033799112149054074,0.26666666666666666,C,-0.019827345800859226,0.03421867718415337,0.04501622152953165,False,False,K,False,0.005490580196918948,0.3333333333333333,0.6,0.005490580196918948,-0.010648797956206657,-0.016139378153125605,0.005490580196918948,C,K,K,0.0,False,4
13,1qvc,107,G,True,unseen_protein_uncovered_source,unseen_protein_uncovered_source,legacy_expanded_s231303,all,0.34351227357165565,0.5517144370290621,0.19797296353836957,False,0.027654171449768658,0.5947368421052631,C,-0.028011772526100515,0.03852797333321154,0.04784905863611338,False,False,K,False,0.0054747782761088715,0.3333333333333333,0.6,0.005490580196918948,-0.010648797956206657,-0.016139378153125605,0.005490580196918948,C,K,K,0.0,False,4
13,1qvc,107,G,True,unseen_protein_uncovered_source,unseen_protein_uncovered_source,legacy_oracle_r32,old,0.9584704678739966,0.9593256902936553,0.2334984588501925,False,0.0,0.9894736842105263,K,-0.0028919578253200876,0.0035350610231639798,0.00443481389097741,True,True,K,True,0.0,0.6666666666666666,0.8,0.0,-0.016139378153125605,-0.016139378153125605,0.0,K,K,K,0.0,False,4
13,1qvc,107,G,True,unseen_protein_uncovered_source,unseen_protein_uncovered_source,legacy_oracle_r32,new,0.9449297306134486,0.9459763366263755,0.16244746822654665,False,0.0,0.9982456140350877,K,-0.0030870973822401233,0.00343605501633512,0.004260655082672331,True,True,K,True,0.0,1.0,1.0,0.0,-0.016139378153125605,-0.016139378153125605,0.0,K,K,K,0.0,False,4
13,1qvc,107,G,True,unseen_protein_uncovered_source,unseen_protein_uncovered_source,legacy_oracle_r32,all,0.9524615216828877,0.9533353130063416,0.19797296353836957,False,0.0,0.9982456140350877,K,-0.0029895276037801054,0.003384384554096433,0.004301766332980155,True,True,K,True,0.0,1.0,1.0,0.0,-0.016139378153125605,-0.016139378153125605,0.0,K,K,K,0.0,False,4
13,1qvc,107,G,True,unseen_protein_uncovered_source,unseen_protein_uncovered_source,legacy_restricted_s231301,old,0.3816101593727375,0.9339237130684985,0.2334984588501925,False,0.023379068034025674,0.4350877192982456,C,0.050366243665841214,0.06779942920188464,0.07913537657853943,False,False,K,False,0.005458976355298795,0.3333333333333333,0.8,0.005490580196918948,-0.010648797956206657,-0.016139378153125605,0.005490580196918948,C,K,K,0.0,False,4
13,1qvc,107,G,True,unseen_protein_uncovered_source,unseen_protein_uncovered_source,legacy_restricted_s231301,new,0.04703475696459416,1.521180818983106,0.16244746822654665,False,0.033799112149054074,0.17719298245614035,C,0.07501855488786556,0.09211676277403369,0.10567794665677081,False,False,K,False,0.005490580196918948,0.3333333333333333,0.4,0.005490580196918948,-0.010648797956206657,-0.016139378153125605,0.005490580196918948,C,K,K,0.0,False,4
13,1qvc,107,G,True,unseen_protein_uncovered_source,unseen_protein_uncovered_source,legacy_restricted_s231301,all,0.2395743479768566,1.1406855047716877,0.19797296353836957,False,0.027654171449768658,0.2631578947368421,C,0.06269239927685338,0.07979438754866974,0.0914966572690951,False,False,K,False,0.0054747782761088715,0.3333333333333333,0.6,0.005490580196918948,-0.010648797956206657,-0.016139378153125605,0.005490580196918948,C,K,K,0.0,False,4
13,1qvc,107,G,True,unseen_protein_uncovered_source,unseen_protein_uncovered_source,legacy_restricted_s231303,old,0.8039406891014667,1.0103368574305127,0.2334984588501925,False,0.023379068034025674,0.7754385964912281,C,0.027673053224080032,0.03665408052340482,0.046399652503935684,False,True,K,False,0.005458976355298795,0.6666666666666666,0.8,0.005490580196918948,-0.010648797956206657,-0.016139378153125605,0.005490580196918948,C,K,K,0.0,False,4
13,1qvc,107,G,True,unseen_protein_uncovered_source,unseen_protein_uncovered_source,legacy_restricted_s231303,new,0.8027040608847079,1.2408909444392124,0.16244746822654665,False,0.282927380291285,0.612280701754386,T,0.06737143466471195,0.06822459981307932,0.07840024543850767,False,False,K,False,0.0459608366202886,0.3333333333333333,0.6,0.005490580196918948,-0.010648797956206657,-0.016139378153125605,0.005490580196918948,C,K,K,0.0,False,4
13,1qvc,107,G,True,unseen_protein_uncovered_source,unseen_protein_uncovered_source,legacy_restricted_s231303,all,0.8129099878626803,1.09148909324782,0.19797296353836957,False,0.23477860674266293,0.7350877192982455,T,0.04752224394439599,0.04945607654315981,0.06030657429822243,False,False,K,False,0.046479816552254416,0.3333333333333333,0.6,0.005490580196918948,-0.010648797956206657,-0.016139378153125605,0.005490580196918948,C,K,K,0.0,False,4
13,1qvc,107,G,True,unseen_protein_uncovered_source,unseen_protein_uncovered_source,legacy_wt_z,old,0.40678239062562843,0.4706885695987277,0.2334984588501925,False,0.023379068034025674,0.8175438596491227,C,-0.029958694585973753,0.03724357960433,0.047624964178750305,True,True,K,False,0.005458976355298795,0.6666666666666666,0.6,0.005490580196918948,-0.010648797956206657,-0.016139378153125605,0.005490580196918948,C,K,K,0.0,False,4
13,1qvc,107,G,True,unseen_protein_uncovered_source,unseen_protein_uncovered_source,legacy_wt_z,new,0.12309899809104813,0.24185548802300197,0.16244746822654665,False,0.033799112149054074,0.4456140350877193,C,-0.039678214945751626,0.04222445160146172,0.05451567643243094,True,True,K,False,0.005490580196918948,0.6666666666666666,0.6,0.005490580196918948,-0.010648797956206657,-0.016139378153125605,0.005490580196918948,C,K,K,0.0,False,4
13,1qvc,107,G,True,unseen_protein_uncovered_source,unseen_protein_uncovered_source,legacy_wt_z,all,0.28662181454118263,0.3614569935717645,0.19797296353836957,False,0.027654171449768658,0.7456140350877193,C,-0.03481845476586269,0.039471338314158555,0.05070550876542547,True,True,K,False,0.0054747782761088715,0.6666666666666666,0.6,0.005490580196918948,-0.010648797956206657,-0.016139378153125605,0.005490580196918948,C,K,K,0.0,False,4
17,2fkz,137,Q,True,unseen_protein_uncovered_source,unseen_protein_uncovered_source,restricted_context_s231301,all,-11.483234009271314,82.28398177850725,0.02838768276445615,False,0.4733662112335935,-0.09824561403508772,K,0.6094937655160494,0.6235808147458478,0.8421405627831553,False,False,G,False,0.013437769835911792,0.3333333333333333,0.2,0.015046463860514739,0.015549217462079996,0.0005027536015652576,0.016147824625193766,K,G,E,0.0011013607646790276,True,0
17,2fkz,137,Q,True,unseen_protein_uncovered_source,unseen_protein_uncovered_source,restricted_context_s231301,new,-13.425360462760763,74.93139099140777,0.03088189163520678,False,0.5228897509239525,-0.12105263157894736,K,0.6088460843613611,0.6233652403043408,0.8419558694586196,False,False,G,False,0.016147824625193766,0.3333333333333333,0.2,0.015046463860514739,0.015549217462079996,0.0005027536015652576,0.016147824625193766,K,G,E,0.0011013607646790276,True,0
17,2fkz,137,Q,True,unseen_protein_uncovered_source,unseen_protein_uncovered_source,restricted_context_s231301,old,-8.069775985318483,89.78896790733698,0.026224676835978452,False,0.42169892342508036,-0.1,K,0.6101414466707378,0.6237963891873551,0.8423270617734703,True,True,E,False,0.011058917988902756,0.3333333333333333,0.2,0.015046463860514739,0.015549217462079996,0.0005027536015652576,0.016147824625193766,K,G,E,0.0011013607646790276,True,0
17,2fkz,137,Q,True,unseen_protein_uncovered_source,unseen_protein_uncovered_source,restricted_aa_only_s231301,all,0.5104586552668237,6.730739859247109,0.02838768276445615,False,0.5080570830678443,0.019298245614035085,V,0.03315376394941979,0.04662361988888863,0.05787792518844331,False,False,G,False,0.014422563300364908,0.3333333333333333,0.4,0.0127159519118182,0.013218705513383458,0.0005027536015652576,0.013817312676497228,V,G,E,0.0011013607646790276,True,0
17,2fkz,137,Q,True,unseen_protein_uncovered_source,unseen_protein_uncovered_source,restricted_aa_only_s231301,new,0.6468761487843753,6.129305961545404,0.03088189163520678,False,0.4474244272246864,-0.019298245614035085,V,0.03250608279473146,0.046068500526958246,0.05736515259435731,False,False,G,False,0.013817312676497228,0.3333333333333333,0.4,0.0127159519118182,0.013218705513383458,0.0005027536015652576,0.013817312676497228,V,G,E,0.0011013607646790276,True,0
17,2fkz,137,Q,True,unseen_protein_uncovered_source,unseen_protein_uncovered_source,restricted_aa_only_s231301,old,0.28680564656074137,7.344639529493806,0.026224676835978452,False,0.5856703959620968,-0.0456140350877193,V,0.033801445104108124,0.047178739250819016,0.05841282272200685,True,True,E,False,0.015359016866505527,0.3333333333333333,0.4,0.0127159519118182,0.013218705513383458,0.0005027536015652576,0.013817312676497228,V,G,E,0.0011013607646790276,True,0
17,2fkz,137,Q,True,unseen_protein_uncovered_source,unseen_protein_uncovered_source,restricted_context_s231303,all,-2.7705487580858974,7.157468292621023,0.02838768276445615,False,0.10188221575347593,-0.45789473684210524,H,-0.01899818605327716,0.04510201715090995,0.05685366195518437,False,False,G,False,0.0028922000201495515,0.0,0.2,0.00037220492338729816,0.0008749585249525557,0.0005027536015652576,0.0014735656880663257,H,G,E,0.0011013607646790276,True,0
17,2fkz,137,Q,True,unseen_protein_uncovered_source,unseen_protein_uncovered_source,restricted_context_s231303,new,-2.3425345501890114,6.517903528133312,0.03088189163520678,False,0.0477161731370883,-0.41578947368421054,H,-0.0196458672079655,0.04534938877208875,0.05721009165756962,False,False,G,False,0.0014735656880663257,0.0,0.2,0.00037220492338729816,0.0008749585249525557,0.0005027536015652576,0.0014735656880663257,H,G,E,0.0011013607646790276,True,0
17,2fkz,137,Q,True,unseen_protein_uncovered_source,unseen_protein_uncovered_source,restricted_context_s231303,old,-3.2343821744074157,7.810289158755752,0.026224676835978452,False,0.17701027637210617,-0.45964912280701753,H,-0.018350504898588825,0.04485464552973115,0.05652250268919148,False,False,E,False,0.004642037294505717,0.0,0.2,0.00037220492338729816,0.0008749585249525557,0.0005027536015652576,0.0014735656880663257,H,G,E,0.0011013607646790276,True,0
17,2fkz,137,Q,True,unseen_protein_uncovered_source,unseen_protein_uncovered_source,restricted_aa_only_s231303,all,-0.9682478051877522,8.035858651767397,0.02838768276445615,False,0.5080570830678443,-0.14210526315789473,V,0.031743015225623464,0.04161486309049891,0.06605448126850554,False,False,G,False,0.014422563300364908,0.3333333333333333,0.4,0.0127159519118182,0.013218705513383458,0.0005027536015652576,0.013817312676497228,V,G,E,0.0011013607646790276,True,0
17,2fkz,137,Q,True,unseen_protein_uncovered_source,unseen_protein_uncovered_source,restricted_aa_only_s231303,new,-0.7973295364975003,7.317804189497175,0.03088189163520678,False,0.4474244272246864,-0.18596491228070175,V,0.03109533407093513,0.04151947081748763,0.06581835231868477,False,False,G,False,0.013817312676497228,0.0,0.4,0.0127159519118182,0.013218705513383458,0.0005027536015652576,0.013817312676497228,V,G,E,0.0011013607646790276,True,0
17,2fkz,137,Q,True,unseen_protein_uncovered_source,unseen_protein_uncovered_source,restricted_aa_only_s231303,old,-1.1609842571905074,8.768796052355167,0.026224676835978452,False,0.5856703959620968,-0.1736842105263158,V,0.0323906963803118,0.04174462556628483,0.06631322365595414,False,True,E,False,0.015359016866505527,0.0,0.4,0.0127159519118182,0.013218705513383458,0.0005027536015652576,0.013817312676497228,V,G,E,0.0011013607646790276,True,0
17,2fkz,137,Q,True,unseen_protein_uncovered_source,unseen_protein_uncovered_source,expanded_context_s231301,all,1.1758924814731633,3.450820646326998,0.02838768276445615,False,0.04758209641768963,0.18771929824561404,D,0.04037178629003433,0.04037178629003433,0.046417374703255,False,False,G,False,0.0013507454583731385,0.6666666666666666,0.4,9.006990916338858e-05,0.0005928235107286461,0.0005027536015652576,0.0011914306738424162,D,G,E,0.0011013607646790276,True,0
17,2fkz,137,Q,True,unseen_protein_uncovered_source,unseen_protein_uncovered_source,expanded_context_s231301,new,1.0632616915271773,3.142468139025948,0.03088189163520678,False,0.038580236208203326,0.13684210526315788,D,0.039724105135346,0.039724105135346,0.0458515524895563,False,False,G,False,0.0011914306738424162,0.3333333333333333,0.4,9.006990916338858e-05,0.0005928235107286461,0.0005027536015652576,0.0011914306738424162,D,G,E,0.0011013607646790276,True,0
17,2fkz,137,Q,True,unseen_protein_uncovered_source,unseen_protein_uncovered_source,expanded_context_s231301,old,1.273637239862005,3.7655643002434642,0.026224676835978452,False,0.07021109151098151,0.1736842105263158,D,0.04101946744472267,0.04101946744472267,0.047009473782107326,True,True,E,False,0.0018412631851768002,0.3333333333333333,0.4,9.006990916338858e-05,0.0005928235107286461,0.0005027536015652576,0.0011914306738424162,D,G,E,0.0011013607646790276,True,0
17,2fkz,137,Q,True,unseen_protein_uncovered_source,unseen_protein_uncovered_source,expanded_aa_only_s231301,all,3.9749777825236854,9.086230398467501,0.02838768276445615,False,0.08648417557843525,0.38245614035087716,P,0.119123425213855,0.119123425213855,0.13397190822567198,False,True,G,False,0.002455085340466146,0.0,0.2,0.0002833455673139293,0.0007860991688791868,0.0005027536015652576,0.0013847063319929569,P,G,E,0.0011013607646790276,True,0
17,2fkz,137,Q,True,unseen_protein_uncovered_source,unseen_protein_uncovered_source,expanded_aa_only_s231301,new,3.7837051527585035,8.274318620825673,0.03088189163520678,False,0.044838779578331524,0.3701754385964912,P,0.1184757440591667,0.1184757440591667,0.133215593102303,False,True,G,False,0.0013847063319929569,0.0,0.4,0.0002833455673139293,0.0007860991688791868,0.0005027536015652576,0.0013847063319929569,P,G,E,0.0011013607646790276,True,0
17,2fkz,137,Q,True,unseen_protein_uncovered_source,unseen_protein_uncovered_source,expanded_aa_only_s231301,old,4.03334624683397,9.914970471929301,0.026224676835978452,False,0.14706252875235404,0.3666666666666667,P,0.11977110636854338,0.11977110636854338,0.1347355197560977,False,False,E,False,0.003856667291212274,0.0,0.2,0.0002833455673139293,0.0007860991688791868,0.0005027536015652576,0.0013847063319929569,P,G,E,0.0011013607646790276,True,0
17,2fkz,137,Q,True,unseen_protein_uncovered_source,unseen_protein_uncovered_source,expanded_context_s231303,all,-0.10794439412140389,6.044802084301255,0.02838768276445615,False,0.059365364638978936,0.1842105263157895,W,-0.02983046374358268,0.04420734058336454,0.05259702861227076,False,True,G,False,0.0016852451385675968,0.0,0.4,0.0007956775417928379,0.0012984311433580954,0.0005027536015652576,0.0018970383064718654,W,G,E,0.0011013607646790276,True,0
17,2fkz,137,Q,True,unseen_protein_uncovered_source,unseen_protein_uncovered_source,expanded_context_s231303,new,-0.10203700137949304,5.504661036745844,0.03088189163520678,False,0.061428824661412716,0.12456140350877193,W,-0.03047814489827102,0.044524315693441306,0.05307769820915017,False,True,G,False,0.0018970383064718654,0.0,0.2,0.0007956775417928379,0.0012984311433580954,0.0005027536015652576,0.0018970383064718654,W,G,E,0.0011013607646790276,True,0
17,2fkz,137,Q,True,unseen_protein_uncovered_source,unseen_protein_uncovered_source,expanded_context_s231303,old,-0.11055351410734175,6.59613850256452,0.026224676835978452,False,0.06881514400438313,0.15087719298245614,W,-0.029182782588894344,0.04392439066927198,0.05214175805232167,False,False,E,False,0.0018046549129362675,0.3333333333333333,0.4,0.0007956775417928379,0.0012984311433580954,0.0005027536015652576,0.0018970383064718654,W,G,E,0.0011013607646790276,True,0
17,2fkz,137,Q,True,unseen_protein_uncovered_source,unseen_protein_uncovered_source,expanded_aa_only_s231303,all,-1.7561124838238376,11.243938885324216,0.02838768276445615,False,0.44266194442518164,-0.11929824561403508,T,0.00829685675641,0.04845278654928995,0.08109849707217194,False,False,G,False,0.012566146850239374,0.0,0.0,0.012037088757249716,0.012539842358814973,0.0005027536015652576,0.013138449521928743,T,G,E,0.0011013607646790276,True,0
17,2fkz,137,Q,True,unseen_protein_uncovered_source,unseen_protein_uncovered_source,expanded_aa_only_s231303,new,-1.3209667151884181,10.239222296845524,0.03088189163520678,False,0.42544186337828815,-0.07719298245614034,T,0.007649175601721663,0.0481961383985221,0.08099783280980839,False,False,G,False,0.013138449521928743,0.0,0.0,0.012037088757249716,0.012539842358814973,0.0005027536015652576,0.013138449521928743,T,G,E,0.0011013607646790276,True,0
17,2fkz,137,Q,True,unseen_protein_uncovered_source,unseen_protein_uncovered_source,expanded_aa_only_s231303,old,-2.285380856283486,12.269479987539192,0.026224676835978452,False,0.46997898955665407,-0.12982456140350876,T,0.008944537911098336,0.04871401265264014,0.0812181856306388,False,False,E,False,0.012325047120822944,0.0,0.0,0.012037088757249716,0.012539842358814973,0.0005027536015652576,0.013138449521928743,T,G,E,0.0011013607646790276,True,0
17,2fkz,137,Q,True,unseen_protein_uncovered_source,unseen_protein_uncovered_source,legacy_baseline,old,0.9989755954318216,0.9989792909494191,0.026224676835978452,False,0.0,1.0,E,-2.6985763500765737e-06,1.5158963318527965e-05,1.8954896388642558e-05,True,True,E,True,0.0,1.0,1.0,0.0,0.0005027536015652576,0.0005027536015652576,0.0011013607646790276,E,G,E,0.0011013607646790276,True,0
17,2fkz,137,Q,True,unseen_protein_uncovered_source,unseen_protein_uncovered_source,legacy_baseline,new,0.998409782004551,0.998412172212226,0.03088189163520678,False,0.0,1.0,G,4.6751175875081155e-06,1.3305967382146616e-05,2.1435731418529886e-05,True,True,G,True,0.0,1.0,1.0,0.0,0.0005027536015652576,0.0005027536015652576,0.0011013607646790276,E,G,E,0.0011013607646790276,True,0
17,2fkz,137,Q,True,unseen_protein_uncovered_source,unseen_protein_uncovered_source,legacy_baseline,all,0.9986824077848888,0.9986851635998634,0.02838768276445615,False,0.0,1.0,G,9.88270618715771e-07,1.2824198954751253e-05,1.8996128925232017e-05,True,True,G,True,0.0,1.0,1.0,0.0,0.0005027536015652576,0.0005027536015652576,0.0011013607646790276,E,G,E,0.0011013607646790276,True,0
17,2fkz,137,Q,True,unseen_protein_uncovered_source,unseen_protein_uncovered_source,legacy_exact,old,1.0,1.0,0.026224676835978452,False,0.0,1.0,E,0.0,0.0,0.0,True,True,E,True,0.0,1.0,1.0,0.0,0.0005027536015652576,0.0005027536015652576,0.0011013607646790276,E,G,E,0.0011013607646790276,True,0
17,2fkz,137,Q,True,unseen_protein_uncovered_source,unseen_protein_uncovered_source,legacy_exact,new,1.0,1.0,0.03088189163520678,False,0.0,1.0,G,0.0,0.0,0.0,True,True,G,True,0.0,1.0,1.0,0.0,0.0005027536015652576,0.0005027536015652576,0.0011013607646790276,E,G,E,0.0011013607646790276,True,0
17,2fkz,137,Q,True,unseen_protein_uncovered_source,unseen_protein_uncovered_source,legacy_exact,all,1.0,1.0,0.02838768276445615,False,0.0,1.0,G,0.0,0.0,0.0,True,True,G,True,0.0,1.0,1.0,0.0,0.0005027536015652576,0.0005027536015652576,0.0011013607646790276,E,G,E,0.0011013607646790276,True,0
17,2fkz,137,Q,True,unseen_protein_uncovered_source,unseen_protein_uncovered_source,legacy_expanded_s231301,old,0.023468654884129206,0.2419381605370848,0.026224676835978452,False,0.42169892342508036,-0.04385964912280702,K,-0.006108419818865667,0.006170016814525085,0.008918459208574632,True,True,E,False,0.011058917988902756,0.3333333333333333,0.2,0.015046463860514739,0.015549217462079996,0.0005027536015652576,0.016147824625193766,K,G,E,0.0011013607646790276,True,0
17,2fkz,137,Q,True,unseen_protein_uncovered_source,unseen_protein_uncovered_source,legacy_expanded_s231301,new,-0.004838786462505524,0.05102033213958665,0.03088189163520678,False,0.0,-0.09298245614035087,G,-0.007292776070121087,0.007292776070121087,0.010670391166506081,True,True,G,True,0.0,0.3333333333333333,0.4,0.015046463860514739,0.015549217462079996,0.0005027536015652576,0.016147824625193766,K,G,E,0.0011013607646790276,True,0
17,2fkz,137,Q,True,unseen_protein_uncovered_source,unseen_protein_uncovered_source,legacy_expanded_s231301,all,-0.0012957987446686507,0.1312246209102759,0.02838768276445615,False,0.4733662112335935,-0.11578947368421051,K,-0.006700597944493378,0.006708269488643104,0.009776833084917414,False,False,G,False,0.013437769835911792,0.3333333333333333,0.2,0.015046463860514739,0.015549217462079996,0.0005027536015652576,0.016147824625193766,K,G,E,0.0011013607646790276,True,0
17,2fkz,137,Q,True,unseen_protein_uncovered_source,unseen_protein_uncovered_source,legacy_expanded_s231303,old,0.00977361491762871,0.2649303958220839,0.026224676835978452,False,0.42169892342508036,-0.04035087719298246,K,-0.006782767400313215,0.00687399739855171,0.009479548364930306,True,True,E,False,0.011058917988902756,0.3333333333333333,0.2,0.015046463860514739,0.015549217462079996,0.0005027536015652576,0.016147824625193766,K,G,E,0.0011013607646790276,True,0
17,2fkz,137,Q,True,unseen_protein_uncovered_source,unseen_protein_uncovered_source,legacy_expanded_s231303,new,-0.019603580660182297,0.07679047271861629,0.03088189163520678,False,0.2537802750574951,-0.15789473684210528,A,-0.007480861896129368,0.007508560522791099,0.01089051312597149,True,True,G,False,0.007837214953478534,0.3333333333333333,0.2,0.015046463860514739,0.015549217462079996,0.0005027536015652576,0.016147824625193766,K,G,E,0.0011013607646790276,True,0
17,2fkz,137,Q,True,unseen_protein_uncovered_source,unseen_protein_uncovered_source,legacy_expanded_s231303,all,-0.0161180154420702,0.15443124984702378,0.02838768276445615,False,0.4733662112335935,-0.10350877192982455,K,-0.007131814648221289,0.007191278960671403,0.010166324976803424,False,False,G,False,0.013437769835911792,0.3333333333333333,0.2,0.015046463860514739,0.015549217462079996,0.0005027536015652576,0.016147824625193766,K,G,E,0.0011013607646790276,True,0
17,2fkz,137,Q,True,unseen_protein_uncovered_source,unseen_protein_uncovered_source,legacy_oracle_r32,old,0.9674863749999496,0.9677018312317844,0.026224676835978452,False,0.0,0.9982456140350877,E,-9.497503115103869e-05,0.00018252258816847411,0.00026561541859769944,True,True,E,True,0.0,1.0,1.0,0.0,0.0005027536015652576,0.0005027536015652576,0.0011013607646790276,E,G,E,0.0011013607646790276,True,0
17,2fkz,137,Q,True,unseen_protein_uncovered_source,unseen_protein_uncovered_source,legacy_oracle_r32,new,0.9783346848163766,0.9784499770275685,0.03088189163520678,False,0.0,0.9982456140350877,G,-0.00012136663076538559,0.00017792975843910512,0.00023745541631175294,True,True,G,True,0.0,1.0,1.0,0.0,0.0005027536015652576,0.0005027536015652576,0.0011013607646790276,E,G,E,0.0011013607646790276,True,0
17,2fkz,137,Q,True,unseen_protein_uncovered_source,unseen_protein_uncovered_source,legacy_oracle_r32,all,0.973114930188,0.9732469584922352,0.02838768276445615,False,0.0,1.0,G,-0.00010817083095821232,0.0001792385120627005,0.0002457636200416914,True,True,G,True,0.0,1.0,1.0,0.0,0.0005027536015652576,0.0005027536015652576,0.0011013607646790276,E,G,E,0.0011013607646790276,True,0
17,2fkz,137,Q,True,unseen_protein_uncovered_source,unseen_protein_uncovered_source,legacy_restricted_s231301,old,-0.0045898849651796764,0.29298183806122796,0.026224676835978452,False,0.42169892342508036,-0.1456140350877193,K,-0.006451261467940581,0.00676152316407552,0.009344895674676027,True,True,E,False,0.011058917988902756,0.3333333333333333,0.2,0.015046463860514739,0.015549217462079996,0.0005027536015652576,0.016147824625193766,K,G,E,0.0011013607646790276,True,0
17,2fkz,137,Q,True,unseen_protein_uncovered_source,unseen_protein_uncovered_source,legacy_restricted_s231301,new,-0.029506074901913107,0.09652737788219305,0.03088189163520678,False,0.5228897509239525,-0.28771929824561404,K,-0.007238095536115635,0.007468552169776074,0.01078990643188927,False,False,G,False,0.016147824625193766,0.3333333333333333,0.4,0.015046463860514739,0.015549217462079996,0.0005027536015652576,0.016147824625193766,K,G,E,0.0011013607646790276,True,0
17,2fkz,137,Q,True,unseen_protein_uncovered_source,unseen_protein_uncovered_source,legacy_restricted_s231301,all,-0.028338376283919747,0.17773064568589647,0.02838768276445615,False,0.4733662112335935,-0.28070175438596495,K,-0.006844678502028109,0.007115037666925798,0.010046913377292887,False,False,G,False,0.013437769835911792,0.3333333333333333,0.2,0.015046463860514739,0.015549217462079996,0.0005027536015652576,0.016147824625193766,K,G,E,0.0011013607646790276,True,0
17,2fkz,137,Q,True,unseen_protein_uncovered_source,unseen_protein_uncovered_source,legacy_restricted_s231303,old,-0.003566438309772063,0.24696302873887543,0.026224676835978452,False,0.42169892342508036,-0.11578947368421051,K,-0.00672688481903781,0.0068270104727462,0.009478219659656633,False,True,E,False,0.011058917988902756,0.0,0.2,0.015046463860514739,0.015549217462079996,0.0005027536015652576,0.016147824625193766,K,G,E,0.0011013607646790276,True,0
17,2fkz,137,Q,True,unseen_protein_uncovered_source,unseen_protein_uncovered_source,legacy_restricted_s231303,new,-0.011782484922977782,0.07160502154578267,0.03088189163520678,False,0.2537802750574951,-0.1456140350877193,A,-0.007286480684618828,0.007304384545522028,0.010712101627972955,False,False,G,False,0.007837214953478534,0.0,0.2,0.015046463860514739,0.015549217462079996,0.0005027536015652576,0.016147824625193766,K,G,E,0.0011013607646790276,True,0
17,2fkz,137,Q,True,unseen_protein_uncovered_source,unseen_protein_uncovered_source,legacy_restricted_s231303,all,-0.016274118769636994,0.14299510019184503,0.02838768276445615,False,0.4733662112335935,-0.2263157894736842,K,-0.007006682751828319,0.0070575063103082165,0.010071317761341273,False,False,G,False,0.013437769835911792,0.0,0.2,0.015046463860514739,0.015549217462079996,0.0005027536015652576,0.016147824625193766,K,G,E,0.0011013607646790276,True,0
17,2fkz,137,Q,True,unseen_protein_uncovered_source,unseen_protein_uncovered_source,legacy_wt_z,old,0.023501626618886138,0.24282175056551855,0.026224676835978452,False,0.42169892342508036,-0.04385964912280702,K,-0.0060415950772459,0.006125231968263662,0.008873675662574205,True,True,E,False,0.011058917988902756,0.3333333333333333,0.2,0.015046463860514739,0.015549217462079996,0.0005027536015652576,0.016147824625193766,K,G,E,0.0011013607646790276,True,0
17,2fkz,137,Q,True,unseen_protein_uncovered_source,unseen_protein_uncovered_source,legacy_wt_z,new,-0.005171081715333455,0.05115154781162616,0.03088189163520678,False,0.5391036176213737,-0.12280701754385966,I,-0.007226752876721835,0.007228955833131583,0.01062728840391782,True,True,G,False,0.016648539499531215,0.3333333333333333,0.4,0.015046463860514739,0.015549217462079996,0.0005027536015652576,0.016147824625193766,K,G,E,0.0011013607646790276,True,0
17,2fkz,137,Q,True,unseen_protein_uncovered_source,unseen_protein_uncovered_source,legacy_wt_z,all,-0.0014890233355840763,0.13173514796706914,0.02838768276445615,False,0.4733662112335935,-0.11578947368421051,K,-0.006634173976983869,0.006650563571969736,0.009732758977705308,False,False,G,False,0.013437769835911792,0.3333333333333333,0.2,0.015046463860514739,0.015549217462079996,0.0005027536015652576,0.016147824625193766,K,G,E,0.0011013607646790276,True,0
17,2fkz,44,E,True,unseen_protein_uncovered_source,unseen_protein_uncovered_source,restricted_context_s231301,all,53.16575434651524,130.65801826513655,0.0074124795722269425,False,0.23257462748254504,0.5140350877192983,S,0.2901995254276834,0.30335272048936857,0.39859939833613384,False,False,M,False,0.001723954675232656,0.0,0.4,0.0008148174764301686,-0.0006849436550013834,-0.001499761131431552,0.0014318971858869357,S,K,M,0.0006170797094567672,True,0
17,2fkz,44,E,True,unseen_protein_uncovered_source,unseen_protein_uncovered_source,restricted_context_s231301,new,70.36891760337227,149.72630057144406,0.006517526509693446,False,0.21969948012597887,0.5298245614035089,S,0.2903812877420664,0.3034798105440566,0.39872578758053845,False,True,K,False,0.0014318971858869357,0.0,0.4,0.0008148174764301686,-0.0006849436550013834,-0.001499761131431552,0.0014318971858869357,S,K,M,0.0006170797094567672,True,0
17,2fkz,44,E,True,unseen_protein_uncovered_source,unseen_protein_uncovered_source,restricted_context_s231301,old,37.98818146466432,110.88437630619143,0.008924512344217206,False,0.2950404204148254,0.4736842105263158,S,0.2900177631133004,0.30322563043468054,0.3984738800378562,False,False,M,False,0.0026330918740351435,0.0,0.4,0.0008148174764301686,-0.0006849436550013834,-0.001499761131431552,0.0014318971858869357,S,K,M,0.0006170797094567672,True,0
17,2fkz,44,E,True,unseen_protein_uncovered_source,unseen_protein_uncovered_source,restricted_aa_only_s231301,all,-13.176916109484498,44.587973203529835,0.0074124795722269425,False,0.758222756534234,-0.4140350877192982,V,0.02356169530462622,0.04761837567507393,0.09708149544015827,False,False,M,False,0.005620310694007612,0.0,0.2,0.004194981445839165,0.0026952203144076127,-0.001499761131431552,0.004812061155295932,V,K,M,0.0006170797094567672,True,0
17,2fkz,44,E,True,unseen_protein_uncovered_source,unseen_protein_uncovered_source,restricted_aa_only_s231301,new,-15.774138766838384,51.095159458151336,0.006517526509693446,False,0.7383262880694088,-0.4298245614035088,V,0.023743457619009208,0.04748334219113383,0.09706757321513386,False,True,K,False,0.004812061155295932,0.0,0.2,0.004194981445839165,0.0026952203144076127,-0.001499761131431552,0.004812061155295932,V,K,M,0.0006170797094567672,True,0
17,2fkz,44,E,True,unseen_protein_uncovered_source,unseen_protein_uncovered_source,restricted_aa_only_s231301,old,-10.329230313798986,37.84007797667491,0.008924512344217206,False,0.7894705806240948,-0.4052631578947368,V,0.023379932990243237,0.04775340915901402,0.09709915442581493,False,False,M,False,0.007045639942176059,0.0,0.0,0.004194981445839165,0.0026952203144076127,-0.001499761131431552,0.004812061155295932,V,K,M,0.0006170797094567672,True,0
17,2fkz,44,E,True,unseen_protein_uncovered_source,unseen_protein_uncovered_source,restricted_context_s231303,all,-26.56285878931585,41.42435130295413,0.0074124795722269425,False,0.40901438936545037,-0.6964912280701754,I,-0.0004483885192337918,0.07277352752790117,0.08826191087518691,False,False,M,False,0.0030318108059182777,0.0,0.0,0.0027528587623186114,0.0012530976308870595,-0.001499761131431552,0.0033699384717753786,I,K,M,0.0006170797094567672,True,0
17,2fkz,44,E,True,unseen_protein_uncovered_source,unseen_protein_uncovered_source,restricted_context_s231303,new,-32.13866917257437,47.46983733962053,0.006517526509693446,False,0.5170578848836757,-0.6807017543859648,I,-0.00026662620485081036,0.07269314608379558,0.08815100287756822,False,False,K,False,0.0033699384717753786,0.0,0.0,0.0027528587623186114,0.0012530976308870595,-0.001499761131431552,0.0033699384717753786,I,K,M,0.0006170797094567672,True,0
17,2fkz,44,E,True,unseen_protein_uncovered_source,unseen_protein_uncovered_source,restricted_context_s231303,old,-20.63574734493464,35.15523516356799,0.008924512344217206,False,0.3709740904401584,-0.6491228070175438,I,-0.0006301508336167696,0.07285390897200679,0.08837678745375684,False,False,M,False,0.003310762849517944,0.0,0.0,0.0027528587623186114,0.0012530976308870595,-0.001499761131431552,0.0033699384717753786,I,K,M,0.0006170797094567672,True,0
17,2fkz,44,E,True,unseen_protein_uncovered_source,unseen_protein_uncovered_source,restricted_aa_only_s231303,all,-7.564264420538973,23.806020067590534,0.0074124795722269425,False,0.758222756534234,-0.31228070175438594,V,0.03763080667098728,0.044976988477515106,0.06309626096675405,False,False,M,False,0.005620310694007612,0.3333333333333333,0.2,0.004194981445839165,0.0026952203144076127,-0.001499761131431552,0.004812061155295932,V,K,M,0.0006170797094567672,True,0
17,2fkz,44,E,True,unseen_protein_uncovered_source,unseen_protein_uncovered_source,restricted_aa_only_s231303,new,-8.971288493134947,27.28027995049558,0.006517526509693446,False,0.7383262880694088,-0.3385964912280702,V,0.03781256898537026,0.045061027007750665,0.06314549713861868,False,False,K,False,0.004812061155295932,0.3333333333333333,0.2,0.004194981445839165,0.0026952203144076127,-0.001499761131431552,0.004812061155295932,V,K,M,0.0006170797094567672,True,0
17,2fkz,44,E,True,unseen_protein_uncovered_source,unseen_protein_uncovered_source,restricted_aa_only_s231303,old,-5.9755664774842625,20.20324295881203,0.008924512344217206,False,0.7894705806240948,-0.25789473684210523,V,0.037449044356604295,0.044892949947279555,0.06305274405904028,False,False,M,False,0.007045639942176059,0.3333333333333333,0.2,0.004194981445839165,0.0026952203144076127,-0.001499761131431552,0.004812061155295932,V,K,M,0.0006170797094567672,True,0
17,2fkz,44,E,True,unseen_protein_uncovered_source,unseen_protein_uncovered_source,expanded_context_s231301,all,16.05975194032828,46.147037003930684,0.0074124795722269425,False,0.015886334786352443,0.31052631578947365,K,0.029288230604857197,0.09030952063416575,0.10046234766962832,False,True,M,False,0.00011775713208139575,0.3333333333333333,0.4,-0.0006170797094567672,-0.002116840840888319,-0.001499761131431552,0.0,K,K,M,0.0006170797094567672,True,0
17,2fkz,44,E,True,unseen_protein_uncovered_source,unseen_protein_uncovered_source,expanded_context_s231301,new,17.770473140815156,52.88175363957528,0.006517526509693446,False,0.0,0.3140350877192983,K,0.029469992919240174,0.09042848342196552,0.100620866417605,True,True,K,True,0.0,0.3333333333333333,0.4,-0.0006170797094567672,-0.002116840840888319,-0.001499761131431552,0.0,K,K,M,0.0006170797094567672,True,0
17,2fkz,44,E,True,unseen_protein_uncovered_source,unseen_protein_uncovered_source,expanded_context_s231301,old,13.38690645470303,39.16319476219207,0.008924512344217206,False,0.09553395644883744,0.2964912280701754,K,0.02910646829047421,0.09019055784636597,0.10030719757946445,False,True,M,False,0.0008525939736195587,0.0,0.4,-0.0006170797094567672,-0.002116840840888319,-0.001499761131431552,0.0,K,K,M,0.0006170797094567672,True,0
17,2fkz,44,E,True,unseen_protein_uncovered_source,unseen_protein_uncovered_source,expanded_aa_only_s231301,all,0.42995535639769317,14.702721743030494,0.0074124795722269425,False,0.2040153232526493,0.06140350877192983,C,0.05181646415064051,0.05697615776606537,0.06030667698284962,False,False,M,False,0.0015122594160315393,0.0,0.0,0.0009792988591629179,-0.000520462272268634,-0.001499761131431552,0.001596378568619685,C,K,M,0.0006170797094567672,True,0
17,2fkz,44,E,True,unseen_protein_uncovered_source,unseen_protein_uncovered_source,expanded_aa_only_s231301,new,0.7866715967719634,16.848442706731948,0.006517526509693446,False,0.24493626013571385,0.008771929824561405,C,0.051998226465023493,0.05714265609248153,0.06044193023991636,False,False,K,False,0.001596378568619685,0.0,0.0,0.0009792988591629179,-0.000520462272268634,-0.001499761131431552,0.001596378568619685,C,K,M,0.0006170797094567672,True,0
17,2fkz,44,E,True,unseen_protein_uncovered_source,unseen_protein_uncovered_source,expanded_aa_only_s231301,old,0.1878722744230254,12.477627872566847,0.008924512344217206,False,0.22916882110935693,0.05263157894736842,C,0.051634701836257534,0.056809659439649204,0.0601771525796069,False,False,M,False,0.0020452199729001606,0.0,0.2,0.0009792988591629179,-0.000520462272268634,-0.001499761131431552,0.001596378568619685,C,K,M,0.0006170797094567672,True,0
17,2fkz,44,E,True,unseen_protein_uncovered_source,unseen_protein_uncovered_source,expanded_context_s231303,all,-10.85097451284975,24.48467488292372,0.0074124795722269425,False,0.758222756534234,-0.25789473684210523,V,-0.005761216478780219,0.04293420209303085,0.05264417114531508,False,False,M,False,0.005620310694007612,0.0,0.2,0.004194981445839165,0.0026952203144076127,-0.001499761131431552,0.004812061155295932,V,K,M,0.0006170797094567672,True,0
17,2fkz,44,E,True,unseen_protein_uncovered_source,unseen_protein_uncovered_source,expanded_context_s231303,new,-8.819889573652636,28.05797791510605,0.006517526509693446,False,0.7383262880694088,-0.21052631578947367,V,-0.005579454164397237,0.04262960651241885,0.05226764693841496,False,False,K,False,0.004812061155295932,0.0,0.2,0.004194981445839165,0.0026952203144076127,-0.001499761131431552,0.004812061155295932,V,K,M,0.0006170797094567672,True,0
17,2fkz,44,E,True,unseen_protein_uncovered_source,unseen_protein_uncovered_source,expanded_context_s231303,old,-10.792948452355285,20.779190894687723,0.008924512344217206,False,0.7894705806240948,-0.30877192982456136,V,-0.005942978793163196,0.04323879767364286,0.0530248681371706,False,False,M,False,0.007045639942176059,0.0,0.2,0.004194981445839165,0.0026952203144076127,-0.001499761131431552,0.004812061155295932,V,K,M,0.0006170797094567672,True,0
17,2fkz,44,E,True,unseen_protein_uncovered_source,unseen_protein_uncovered_source,expanded_aa_only_s231303,all,-3.866915866979402,14.821805538458783,0.0074124795722269425,False,0.42956286573917773,-0.1789473684210526,T,-0.1793480351823898,0.1793480351823898,0.1821289647397662,False,False,M,False,0.0031841259672789196,0.0,0.0,0.0031568082234950355,0.0016570470920634836,-0.001499761131431552,0.0037738879329518027,T,K,M,0.0006170797094567672,True,0
17,2fkz,44,E,True,unseen_protein_uncovered_source,unseen_protein_uncovered_source,expanded_aa_only_s231303,new,-4.735464338651163,16.984905637857256,0.006517526509693446,False,0.5790368366494467,-0.21228070175438596,T,-0.17916627286800682,0.17916627286800682,0.1819407878379281,False,False,K,False,0.0037738879329518027,0.0,0.0,0.0031568082234950355,0.0016570470920634836,-0.001499761131431552,0.0037738879329518027,T,K,M,0.0006170797094567672,True,0
17,2fkz,44,E,True,unseen_protein_uncovered_source,unseen_protein_uncovered_source,expanded_aa_only_s231303,old,-2.9728937752521603,12.578689656294845,0.008924512344217206,False,0.35984528758523315,-0.1087719298245614,T,-0.17952979749677275,0.17952979749677275,0.18231893857073844,False,False,M,False,0.0032114437110628037,0.0,0.0,0.0031568082234950355,0.0016570470920634836,-0.001499761131431552,0.0037738879329518027,T,K,M,0.0006170797094567672,True,0
17,2fkz,44,E,True,unseen_protein_uncovered_source,unseen_protein_uncovered_source,legacy_baseline,old,1.0117951651056374,1.0118529103918423,0.008924512344217206,False,0.0,1.0,M,4.482870261244981e-05,4.482870261244981e-05,5.978094131969462e-05,True,True,M,True,0.0,1.0,1.0,0.0,-0.001499761131431552,-0.001499761131431552,0.0006170797094567672,M,K,M,0.0006170797094567672,True,0
17,2fkz,44,E,True,unseen_protein_uncovered_source,unseen_protein_uncovered_source,legacy_baseline,new,1.004517112942461,1.0045548082499076,0.006517526509693446,False,0.0,1.0,K,6.825449000040507e-06,1.2193303153683698e-05,1.9203386633282795e-05,True,True,K,True,0.0,1.0,1.0,0.0,-0.001499761131431552,-0.001499761131431552,0.0006170797094567672,M,K,M,0.0006170797094567672,True,0
17,2fkz,44,E,True,unseen_protein_uncovered_source,unseen_protein_uncovered_source,legacy_baseline,all,1.0090038874134066,1.0090524880764198,0.0074124795722269425,False,0.0,0.9982456140350877,M,2.5827075806245157e-05,2.6977064287272082e-05,3.815030703336454e-05,True,True,M,True,0.0,1.0,1.0,0.0,-0.001499761131431552,-0.001499761131431552,0.0006170797094567672,M,K,M,0.0006170797094567672,True,0
17,2fkz,44,E,True,unseen_protein_uncovered_source,unseen_protein_uncovered_source,legacy_exact,old,1.0,1.0,0.008924512344217206,False,0.0,1.0,M,0.0,0.0,0.0,True,True,M,True,0.0,1.0,1.0,0.0,-0.001499761131431552,-0.001499761131431552,0.0006170797094567672,M,K,M,0.0006170797094567672,True,0
17,2fkz,44,E,True,unseen_protein_uncovered_source,unseen_protein_uncovered_source,legacy_exact,new,1.0,1.0,0.006517526509693446,False,0.0,1.0,K,0.0,0.0,0.0,True,True,K,True,0.0,1.0,1.0,0.0,-0.001499761131431552,-0.001499761131431552,0.0006170797094567672,M,K,M,0.0006170797094567672,True,0
17,2fkz,44,E,True,unseen_protein_uncovered_source,unseen_protein_uncovered_source,legacy_exact,all,1.0,1.0,0.0074124795722269425,False,0.0,1.0,M,0.0,0.0,0.0,True,True,M,True,0.0,1.0,1.0,0.0,-0.001499761131431552,-0.001499761131431552,0.0006170797094567672,M,K,M,0.0006170797094567672,True,0
17,2fkz,44,E,True,unseen_protein_uncovered_source,unseen_protein_uncovered_source,legacy_expanded_s231301,old,0.2163044622069369,0.3507427864681684,0.008924512344217206,False,0.0,0.3368421052631579,M,-0.0011118237887365113,0.0017788568029177495,0.002335558003729988,True,True,M,True,0.0,0.3333333333333333,0.4,0.0,-0.001499761131431552,-0.001499761131431552,0.0006170797094567672,M,K,M,0.0006170797094567672,True,0
17,2fkz,44,E,True,unseen_protein_uncovered_source,unseen_protein_uncovered_source,legacy_expanded_s231301,new,0.13767983821830626,0.3253131569091013,0.006517526509693446,False,0.09468004595592994,0.38947368421052625,M,1.1239252323676996e-05,0.001433671888572903,0.0016683149274531511,False,False,K,False,0.0006170797094567672,0.3333333333333333,0.4,0.0,-0.001499761131431552,-0.001499761131431552,0.0006170797094567672,M,K,M,0.0006170797094567672,True,0
17,2fkz,44,E,True,unseen_protein_uncovered_source,unseen_protein_uncovered_source,legacy_expanded_s231301,all,0.16541012732866003,0.3062545522981311,0.0074124795722269425,False,0.0,0.38596491228070173,M,-0.0005502922682064171,0.0015207070764885135,0.0019132559964825566,True,True,M,True,0.0,0.3333333333333333,0.4,0.0,-0.001499761131431552,-0.001499761131431552,0.0006170797094567672,M,K,M,0.0006170797094567672,True,0
17,2fkz,44,E,True,unseen_protein_uncovered_source,unseen_protein_uncovered_source,legacy_expanded_s231303,old,0.20849553748416305,0.3781950359573937,0.008924512344217206,False,0.0,0.37719298245614036,M,-0.0010698212561538326,0.0017384712073769432,0.002362393357920118,True,True,M,True,0.0,0.3333333333333333,0.4,0.0,-0.001499761131431552,-0.001499761131431552,0.0006170797094567672,M,K,M,0.0006170797094567672,True,0
17,2fkz,44,E,True,unseen_protein_uncovered_source,unseen_protein_uncovered_source,legacy_expanded_s231303,new,0.14178658413150885,0.3245250547967635,0.006517526509693446,False,0.09468004595592994,0.419298245614035,M,0.0010216726584362493,0.0017016632576403485,0.0019487742853740214,False,False,K,False,0.0006170797094567672,0.3333333333333333,0.6,0.0,-0.001499761131431552,-0.001499761131431552,0.0006170797094567672,M,K,M,0.0006170797094567672,True,0
17,2fkz,44,E,True,unseen_protein_uncovered_source,unseen_protein_uncovered_source,legacy_expanded_s231303,all,0.16757015021142696,0.329919674802416,0.0074124795722269425,False,0.0,0.3596491228070175,M,-2.407429885879172e-05,0.0014754962014960095,0.0018454132575054648,True,True,M,True,0.0,0.3333333333333333,0.6,0.0,-0.001499761131431552,-0.001499761131431552,0.0006170797094567672,M,K,M,0.0006170797094567672,True,0
17,2fkz,44,E,True,unseen_protein_uncovered_source,unseen_protein_uncovered_source,legacy_oracle_r32,old,0.9651596227958875,0.9670091353228869,0.008924512344217206,False,0.0,0.9947368421052631,M,-0.00010012617099042621,0.0001596290622443642,0.0001981873673328675,True,True,M,True,0.0,1.0,1.0,0.0,-0.001499761131431552,-0.001499761131431552,0.0006170797094567672,M,K,M,0.0006170797094567672,True,0
17,2fkz,44,E,True,unseen_protein_uncovered_source,unseen_protein_uncovered_source,legacy_oracle_r32,new,0.9405545972328452,0.944475475078398,0.006517526509693446,False,0.0,0.9947368421052631,K,-3.421860835371405e-05,0.00013034857258066744,0.0001943783058561279,True,True,K,True,0.0,1.0,1.0,0.0,-0.001499761131431552,-0.001499761131431552,0.0006170797094567672,M,K,M,0.0006170797094567672,True,0
17,2fkz,44,E,True,unseen_protein_uncovered_source,unseen_protein_uncovered_source,legacy_oracle_r32,all,0.9500768753853008,0.9521865558102558,0.0074124795722269425,False,0.008802993140972165,0.9701754385964911,A,-6.717238967207014e-05,0.00014213834629083635,0.0001820489717225702,True,True,M,False,6.525200683191006e-05,0.6666666666666666,1.0,0.0,-0.001499761131431552,-0.001499761131431552,0.0006170797094567672,M,K,M,0.0006170797094567672,True,0
17,2fkz,44,E,True,unseen_protein_uncovered_source,unseen_protein_uncovered_source,legacy_restricted_s231301,old,0.4930067324971532,0.5957422429516317,0.008924512344217206,False,0.0,0.7771929824561404,M,-0.00025602200508666715,0.001112652297539734,0.0015230361489390154,True,True,M,True,0.0,0.6666666666666666,0.6,0.0,-0.001499761131431552,-0.001499761131431552,0.0006170797094567672,M,K,M,0.0006170797094567672,True,0
17,2fkz,44,E,True,unseen_protein_uncovered_source,unseen_protein_uncovered_source,legacy_restricted_s231301,new,0.5723618282936417,0.7583538958634499,0.006517526509693446,False,0.05586213389199105,0.8508771929824561,G,0.0009315155437138889,0.0012951003782617737,0.0015198823554688002,False,False,K,False,0.0003640829385290964,0.3333333333333333,0.8,0.0,-0.001499761131431552,-0.001499761131431552,0.0006170797094567672,M,K,M,0.0006170797094567672,True,0
17,2fkz,44,E,True,unseen_protein_uncovered_source,unseen_protein_uncovered_source,legacy_restricted_s231301,all,0.5415407981677814,0.6638163350795798,0.0074124795722269425,False,0.038408739604335655,0.8298245614035088,G,0.00033774676931361085,0.0011014383301731516,0.0012991107467326625,True,True,M,False,0.000284703997712122,0.3333333333333333,0.8,0.0,-0.001499761131431552,-0.001499761131431552,0.0006170797094567672,M,K,M,0.0006170797094567672,True,0
17,2fkz,44,E,True,unseen_protein_uncovered_source,unseen_protein_uncovered_source,legacy_restricted_s231303,old,0.36331679537898737,0.5111207348064243,0.008924512344217206,False,0.09215122738720916,0.5105263157894736,G,-0.0007339707855276454,0.0015081219769704137,0.0019507408484908946,True,True,M,False,0.0008224047663519148,0.3333333333333333,0.6,-0.0002529967709276708,-0.0017527579023592227,-0.001499761131431552,0.0003640829385290964,G,K,M,0.0006170797094567672,True,0
17,2fkz,44,E,True,unseen_protein_uncovered_source,unseen_protein_uncovered_source,legacy_restricted_s231303,new,0.44654066879554466,0.679604384787735,0.006517526509693446,False,0.05586213389199105,0.531578947368421,G,0.0015667331975733145,0.001736554857963743,0.0020882543849099597,False,False,K,False,0.0003640829385290964,0.3333333333333333,0.4,-0.0002529967709276708,-0.0017527579023592227,-0.001499761131431552,0.0003640829385290964,G,K,M,0.0006170797094567672,True,0
17,2fkz,44,E,True,unseen_protein_uncovered_source,unseen_protein_uncovered_source,legacy_restricted_s231303,all,0.40377062035560396,0.5749087486254211,0.0074124795722269425,False,0.038408739604335655,0.543859649122807,G,0.0004163812060228346,0.001262827948345471,0.0015731900718719619,False,False,M,False,0.000284703997712122,0.0,0.4,-0.0002529967709276708,-0.0017527579023592227,-0.001499761131431552,0.0003640829385290964,G,K,M,0.0006170797094567672,True,0
17,2fkz,44,E,True,unseen_protein_uncovered_source,unseen_protein_uncovered_source,legacy_wt_z,old,0.21691667491943262,0.3516673003843278,0.008924512344217206,False,0.0,0.3368421052631579,M,-0.001048110872839651,0.0017621317459181878,0.002305146796612419,True,True,M,True,0.0,0.3333333333333333,0.4,0.0,-0.001499761131431552,-0.001499761131431552,0.0006170797094567672,M,K,M,0.0006170797094567672,True,0
17,2fkz,44,E,True,unseen_protein_uncovered_source,unseen_protein_uncovered_source,legacy_wt_z,new,0.13887285517323134,0.3268443932455098,0.006517526509693446,False,0.09468004595592994,0.38947368421052625,M,7.64801320916884e-05,0.0014356403662049767,0.001668636541652585,False,False,K,False,0.0006170797094567672,0.3333333333333333,0.4,0.0,-0.001499761131431552,-0.001499761131431552,0.0006170797094567672,M,K,M,0.0006170797094567672,True,0
17,2fkz,44,E,True,unseen_protein_uncovered_source,unseen_protein_uncovered_source,legacy_wt_z,all,0.16606543360972084,0.3071382012251017,0.0074124795722269425,False,0.0,0.38596491228070173,M,-0.00048581537037398133,0.001516304531227084,0.0018948248084390794,True,True,M,True,0.0,0.3333333333333333,0.4,0.0,-0.001499761131431552,-0.001499761131431552,0.0006170797094567672,M,K,M,0.0006170797094567672,True,0
21,1m4i,128,S,True,unseen_protein_uncovered_source,unseen_protein_uncovered_source,restricted_context_s231301,all,0.8418373585222635,9.187492843472583,0.04095850507643796,False,0.864314770107635,0.22982456140350876,T,0.16142715451123904,0.16811248467969123,0.1909299903734234,True,True,C,False,0.03540104089909388,0.3333333333333333,0.2,0.031622218545524494,0.001483048027578704,-0.03013917051794579,0.031622218545524494,T,C,C,0.0,False,1
21,1m4i,128,S,True,unseen_protein_uncovered_source,unseen_protein_uncovered_source,restricted_context_s231301,new,0.9834336415603233,9.547641011163254,0.04002952849134653,False,0.7899722963851672,0.2508771929824561,T,0.1620975412660597,0.1685207915863204,0.1914285043615985,True,True,C,False,0.031622218545524494,0.3333333333333333,0.2,0.031622218545524494,0.001483048027578704,-0.03013917051794579,0.031622218545524494,T,C,C,0.0,False,1
21,1m4i,128,S,True,unseen_protein_uncovered_source,unseen_protein_uncovered_source,restricted_context_s231301,old,0.7061090733718077,8.780788773241436,0.04188748166152939,False,0.9353597232045372,0.1736842105263158,T,0.16075676775641837,0.16770417777306204,0.19043929921532549,True,True,C,False,0.03917986325266326,0.3333333333333333,0.2,0.031622218545524494,0.001483048027578704,-0.03013917051794579,0.031622218545524494,T,C,C,0.0,False,1
21,1m4i,128,S,True,unseen_protein_uncovered_source,unseen_protein_uncovered_source,restricted_aa_only_s231301,all,1.0068891408697245,5.358721685825157,0.04095850507643796,False,0.9389840126626551,0.21929824561403505,V,0.026790247256562462,0.0382058193380179,0.0644766327134607,False,False,C,False,0.03845938144933744,0.3333333333333333,0.4,0.036008263875682844,0.005869093357737054,-0.03013917051794579,0.036008263875682844,V,C,C,0.0,False,1
21,1m4i,128,S,True,unseen_protein_uncovered_source,unseen_protein_uncovered_source,restricted_aa_only_s231301,new,1.1378538489593564,5.568782670817961,0.04002952849134653,False,0.8995425435367547,0.21929824561403505,V,0.027460634011383128,0.038460366857576055,0.06459727562314806,False,False,C,False,0.036008263875682844,0.3333333333333333,0.4,0.036008263875682844,0.005869093357737054,-0.03013917051794579,0.036008263875682844,V,C,C,0.0,False,1
21,1m4i,128,S,True,unseen_protein_uncovered_source,unseen_protein_uncovered_source,restricted_aa_only_s231301,old,0.8770232364546365,5.121506380410317,0.04188748166152939,False,0.9766760234852067,0.16842105263157894,V,0.0261198605017418,0.03823729995022919,0.0643827681445258,False,False,C,False,0.04091049902299204,0.3333333333333333,0.4,0.036008263875682844,0.005869093357737054,-0.03013917051794579,0.036008263875682844,V,C,C,0.0,False,1
21,1m4i,128,S,True,unseen_protein_uncovered_source,unseen_protein_uncovered_source,restricted_context_s231303,all,-0.27989154617002193,5.687996355517637,0.04095850507643796,False,0.8404551306503133,-0.13859649122807016,H,0.0008648967637162776,0.05400787701687586,0.0648954981107324,False,False,C,False,0.034423785735259185,0.0,0.2,0.031500928094060715,0.0013617575761149248,-0.03013917051794579,0.031500928094060715,H,C,C,0.0,False,0
21,1m4i,128,S,True,unseen_protein_uncovered_source,unseen_protein_uncovered_source,restricted_context_s231303,new,-0.1872727841827626,5.910964851947682,0.04002952849134653,False,0.7869422718998675,-0.10701754385964912,H,0.0015352835185369427,0.05376492979803813,0.06463283193905268,False,False,C,False,0.031500928094060715,0.0,0.2,0.031500928094060715,0.0013617575761149248,-0.03013917051794579,0.031500928094060715,H,C,C,0.0,False,0
21,1m4i,128,S,True,unseen_protein_uncovered_source,unseen_protein_uncovered_source,restricted_context_s231303,old,-0.35292208143697623,5.436205000829126,0.04188748166152939,False,0.8915943832153995,-0.13157894736842105,H,0.0001945100088956124,0.05425082423571358,0.0651837779310928,False,False,C,False,0.037346643376457656,0.0,0.2,0.031500928094060715,0.0013617575761149248,-0.03013917051794579,0.031500928094060715,H,C,C,0.0,False,0
21,1m4i,128,S,True,unseen_protein_uncovered_source,unseen_protein_uncovered_source,restricted_aa_only_s231303,all,1.139893796255235,8.583437815413484,0.04095850507643796,False,1.0,-0.04035087719298246,I,0.0392934433053456,0.06304888409506551,0.10262882752840514,False,False,C,False,0.04095850507643796,0.0,0.0,0.04002952849134653,0.009890357973400737,-0.03013917051794579,0.04002952849134653,I,C,C,0.0,False,1
21,1m4i,128,S,True,unseen_protein_uncovered_source,unseen_protein_uncovered_source,restricted_aa_only_s231303,new,1.3630404849049973,8.919907128029521,0.04002952849134653,False,1.0,-0.02280701754385965,I,0.03996383006016627,0.06281421308198754,0.10269498689173656,False,False,C,False,0.04002952849134653,0.0,0.0,0.04002952849134653,0.009890357973400737,-0.03013917051794579,0.04002952849134653,I,C,C,0.0,False,1
21,1m4i,128,S,True,unseen_protein_uncovered_source,unseen_protein_uncovered_source,restricted_aa_only_s231303,old,0.929536847061606,8.203473536193957,0.04188748166152939,False,1.0,-0.07894736842105264,I,0.038623056550524934,0.06328355510814353,0.1025795723658859,False,False,C,False,0.04188748166152939,0.0,0.0,0.04002952849134653,0.009890357973400737,-0.03013917051794579,0.04002952849134653,I,C,C,0.0,False,1
21,1m4i,128,S,True,unseen_protein_uncovered_source,unseen_protein_uncovered_source,expanded_context_s231301,all,0.5642184170861876,1.931875275330786,0.04095850507643796,False,0.7622328245904146,0.1,Q,0.015273394850359646,0.019644071601921432,0.0260905290528323,False,False,C,False,0.031219917015414142,0.3333333333333333,0.2,0.029899401704766237,-0.0002397688131795528,-0.03013917051794579,0.029899401704766237,Q,C,C,0.0,False,1
21,1m4i,128,S,True,unseen_protein_uncovered_source,unseen_protein_uncovered_source,expanded_context_s231301,new,0.6120529904960648,2.0076044598287752,0.04002952849134653,False,0.7469336470258401,0.06315789473684211,Q,0.015943781605180313,0.019918136696742535,0.026302557484754296,False,False,C,False,0.029899401704766237,0.3333333333333333,0.2,0.029899401704766237,-0.0002397688131795528,-0.03013917051794579,0.029899401704766237,Q,C,C,0.0,False,1
21,1m4i,128,S,True,unseen_protein_uncovered_source,unseen_protein_uncovered_source,expanded_context_s231301,old,0.5130597226660059,1.8463566740059245,0.04188748166152939,False,0.7768533947446181,0.1701754385964912,Q,0.014603008095538985,0.01950161284578096,0.025943850948274276,False,False,C,False,0.032540432326062046,0.3333333333333333,0.2,0.029899401704766237,-0.0002397688131795528,-0.03013917051794579,0.029899401704766237,Q,C,C,0.0,False,1
21,1m4i,128,S,True,unseen_protein_uncovered_source,unseen_protein_uncovered_source,expanded_aa_only_s231301,all,-0.641532964657266,13.11348439105242,0.04095850507643796,False,0.7622328245904146,0.16315789473684209,Q,0.10844509510580869,0.14016966456092922,0.18274281787292218,True,True,C,False,0.031219917015414142,0.3333333333333333,0.4,0.029899401704766237,-0.0002397688131795528,-0.03013917051794579,0.029899401704766237,Q,C,C,0.0,False,1
21,1m4i,128,S,True,unseen_protein_uncovered_source,unseen_protein_uncovered_source,expanded_aa_only_s231301,new,-0.8054199161760671,13.627530764305721,0.04002952849134653,False,0.7469336470258401,0.14035087719298248,Q,0.10911548186062935,0.1407144077100331,0.1831870340732943,True,True,C,False,0.029899401704766237,0.3333333333333333,0.4,0.029899401704766237,-0.0002397688131795528,-0.03013917051794579,0.029899401704766237,Q,C,C,0.0,False,1
21,1m4i,128,S,True,unseen_protein_uncovered_source,unseen_protein_uncovered_source,expanded_aa_only_s231301,old,-0.4907493854895438,12.5329878869879,0.04188748166152939,False,0.7768533947446181,0.243859649122807,Q,0.10777470835098801,0.13962492141182528,0.1823070542668424,True,True,C,False,0.032540432326062046,0.3333333333333333,0.4,0.029899401704766237,-0.0002397688131795528,-0.03013917051794579,0.029899401704766237,Q,C,C,0.0,False,1
21,1m4i,128,S,True,unseen_protein_uncovered_source,unseen_protein_uncovered_source,expanded_context_s231303,all,0.688361733587775,2.828740476176118,0.04095850507643796,False,0.2307487703349856,-0.019298245614035085,Y,-0.03941710037264948,0.042911620413415175,0.050004403944558615,False,False,C,False,0.009451124681147324,0.3333333333333333,0.2,0.00951158869482932,-0.02062758182311647,-0.03013917051794579,0.00951158869482932,Y,C,C,0.0,False,1
21,1m4i,128,S,True,unseen_protein_uncovered_source,unseen_protein_uncovered_source,expanded_context_s231303,new,0.6506243085072234,2.939626625066135,0.04002952849134653,False,0.23761430757011062,-0.02982456140350877,Y,-0.03874671361782881,0.04253904974463086,0.0496002018196486,False,False,C,False,0.00951158869482932,0.3333333333333333,0.2,0.00951158869482932,-0.02062758182311647,-0.03013917051794579,0.00951158869482932,Y,C,C,0.0,False,1
21,1m4i,128,S,True,unseen_protein_uncovered_source,unseen_protein_uncovered_source,expanded_context_s231303,old,0.7072268499527407,2.7035202137074745,0.04188748166152939,False,0.22418775956373543,-0.028070175438596492,Y,-0.040087487127470144,0.04342748776025428,0.05043983868831272,False,False,C,False,0.009390660667465328,0.3333333333333333,0.2,0.00951158869482932,-0.02062758182311647,-0.03013917051794579,0.00951158869482932,Y,C,C,0.0,False,1
21,1m4i,128,S,True,unseen_protein_uncovered_source,unseen_protein_uncovered_source,expanded_aa_only_s231303,all,3.0682981730273555,11.02080798250528,0.04095850507643796,False,0.9188977087047366,0.2614035087719298,M,0.04281384298051096,0.08267163842824833,0.1275759213562088,True,True,C,False,0.037636676466710164,0.3333333333333333,0.4,0.03536857252688885,0.005229402008943063,-0.03013917051794579,0.03536857252688885,M,C,C,0.0,False,1
21,1m4i,128,S,True,unseen_protein_uncovered_source,unseen_protein_uncovered_source,expanded_aa_only_s231303,new,3.068072287572119,11.452821793997925,0.04002952849134653,False,0.8835620568085065,0.25263157894736843,M,0.04348422973533161,0.08320228607694057,0.12798721689463052,True,True,C,False,0.03536857252688885,0.3333333333333333,0.4,0.03536857252688885,0.005229402008943063,-0.03013917051794579,0.03536857252688885,M,C,C,0.0,False,1
21,1m4i,128,S,True,unseen_protein_uncovered_source,unseen_protein_uncovered_source,expanded_aa_only_s231303,old,3.0103036449324,10.532948286711854,0.04188748166152939,False,0.9526660191457897,0.31228070175438594,M,0.04214345622569029,0.0821409907795561,0.1271769643099317,True,True,C,False,0.039904780406531476,0.3333333333333333,0.4,0.03536857252688885,0.005229402008943063,-0.03013917051794579,0.03536857252688885,M,C,C,0.0,False,1
21,1m4i,128,S,True,unseen_protein_uncovered_source,unseen_protein_uncovered_source,legacy_baseline,old,1.003910349713715,1.003970945383792,0.04188748166152939,False,0.0,0.9982456140350877,C,9.099558273615773e-05,0.0001131546417178994,0.00016400298020750092,True,True,C,True,0.0,1.0,1.0,0.0,-0.03013917051794579,-0.03013917051794579,0.0,C,C,C,0.0,False,2
21,1m4i,128,S,True,unseen_protein_uncovered_source,unseen_protein_uncovered_source,legacy_baseline,new,1.0043677586965967,1.0044509030456885,0.04002952849134653,False,0.0,0.9982456140350877,C,0.00010501975712950973,0.0001302731326608613,0.00018006964786934908,True,True,C,True,0.0,1.0,1.0,0.0,-0.03013917051794579,-0.03013917051794579,0.0,C,C,C,0.0,False,2
21,1m4i,128,S,True,unseen_protein_uncovered_source,unseen_protein_uncovered_source,legacy_baseline,all,1.004133741111744,1.0042027303399568,0.04095850507643796,False,0.0,0.9982456140350877,C,9.800766993283372e-05,0.00012065455785153325,0.00017008842448138186,True,True,C,True,0.0,1.0,1.0,0.0,-0.03013917051794579,-0.03013917051794579,0.0,C,C,C,0.0,False,2
21,1m4i,128,S,True,unseen_protein_uncovered_source,unseen_protein_uncovered_source,legacy_exact,old,1.0,1.0,0.04188748166152939,False,0.0,1.0,C,0.0,0.0,0.0,True,True,C,True,0.0,1.0,1.0,0.0,-0.03013917051794579,-0.03013917051794579,0.0,C,C,C,0.0,False,2
21,1m4i,128,S,True,unseen_protein_uncovered_source,unseen_protein_uncovered_source,legacy_exact,new,1.0,1.0,0.04002952849134653,False,0.0,1.0,C,0.0,0.0,0.0,True,True,C,True,0.0,1.0,1.0,0.0,-0.03013917051794579,-0.03013917051794579,0.0,C,C,C,0.0,False,2
21,1m4i,128,S,True,unseen_protein_uncovered_source,unseen_protein_uncovered_source,legacy_exact,all,1.0,1.0,0.04095850507643796,False,0.0,1.0,C,0.0,0.0,0.0,True,True,C,True,0.0,1.0,1.0,0.0,-0.03013917051794579,-0.03013917051794579,0.0,C,C,C,0.0,False,2
21,1m4i,128,S,True,unseen_protein_uncovered_source,unseen_protein_uncovered_source,legacy_expanded_s231301,old,-0.11021702906152558,0.5611791658739207,0.04188748166152939,False,0.6830058863845861,0.3543859649122807,N,0.004520967438907713,0.008641839063418148,0.015137316239144685,False,False,C,False,0.028609396540650978,0.0,0.4,0.024773075597794125,-0.005366094920151665,-0.03013917051794579,0.024773075597794125,N,C,C,0.0,False,1
21,1m4i,128,S,True,unseen_protein_uncovered_source,unseen_protein_uncovered_source,legacy_expanded_s231301,new,-0.4125429428601542,0.9070749237387862,0.04002952849134653,False,0.5669872379891723,0.22807017543859648,D,0.005297680836605337,0.009334826829534607,0.01823437809417975,False,False,C,False,0.022696231797317445,0.0,0.4,0.024773075597794125,-0.005366094920151665,-0.03013917051794579,0.024773075597794125,N,C,C,0.0,False,1
21,1m4i,128,S,True,unseen_protein_uncovered_source,unseen_protein_uncovered_source,legacy_expanded_s231301,all,-0.26521207056442925,0.6972149494866905,0.04095850507643796,False,0.6516652895268171,0.2719298245614035,N,0.004909324137756525,0.00895525962996238,0.016567314166894952,False,False,C,False,0.02669123606922255,0.0,0.4,0.024773075597794125,-0.005366094920151665,-0.03013917051794579,0.024773075597794125,N,C,C,0.0,False,1
21,1m4i,128,S,True,unseen_protein_uncovered_source,unseen_protein_uncovered_source,legacy_expanded_s231303,old,-0.05152426196670264,0.7216906549895423,0.04188748166152939,False,0.6830058863845861,0.37894736842105264,N,0.005404914642997122,0.009139752429166125,0.015809682297939057,False,False,C,False,0.028609396540650978,0.0,0.4,0.024773075597794125,-0.005366094920151665,-0.03013917051794579,0.024773075597794125,N,C,C,0.0,False,1
21,1m4i,128,S,True,unseen_protein_uncovered_source,unseen_protein_uncovered_source,legacy_expanded_s231303,new,-0.3782328672555868,1.0807431838645154,0.04002952849134653,False,0.6188700324848817,0.243859649122807,N,0.006706558058160066,0.011042915924360304,0.019524496936719395,False,False,C,False,0.024773075597794125,0.0,0.4,0.024773075597794125,-0.005366094920151665,-0.03013917051794579,0.024773075597794125,N,C,C,0.0,False,1
21,1m4i,128,S,True,unseen_protein_uncovered_source,unseen_protein_uncovered_source,legacy_expanded_s231303,all,-0.22035002767541106,0.8537861335220424,0.04095850507643796,False,0.6516652895268171,0.30000000000000004,N,0.006055736350578594,0.01006526424561184,0.017494503084905508,False,False,C,False,0.02669123606922255,0.0,0.4,0.024773075597794125,-0.005366094920151665,-0.03013917051794579,0.024773075597794125,N,C,C,0.0,False,1
21,1m4i,128,S,True,unseen_protein_uncovered_source,unseen_protein_uncovered_source,legacy_oracle_r32,old,1.0148671566299157,1.0151298074182802,0.04188748166152939,False,0.0,1.0,C,-0.00017777467521552573,0.0003001184556338886,0.00036622820188658543,True,True,C,True,0.0,1.0,1.0,0.0,-0.03013917051794579,-0.03013917051794579,0.0,C,C,C,0.0,False,2
21,1m4i,128,S,True,unseen_protein_uncovered_source,unseen_protein_uncovered_source,legacy_oracle_r32,new,1.0206953433652095,1.0213247462950712,0.04002952849134653,False,0.0,0.9964912280701754,C,-0.00018918539861602723,0.0003870552158003208,0.00048249243650506105,True,True,C,True,0.0,1.0,1.0,0.0,-0.03013917051794579,-0.03013917051794579,0.0,C,C,C,0.0,False,2
21,1m4i,128,S,True,unseen_protein_uncovered_source,unseen_protein_uncovered_source,legacy_oracle_r32,all,1.0177761645668082,1.018170883296043,0.04095850507643796,False,0.0,0.9964912280701754,C,-0.00018348003691577648,0.00034209008108820736,0.00041554507141666817,True,True,C,True,0.0,1.0,1.0,0.0,-0.03013917051794579,-0.03013917051794579,0.0,C,C,C,0.0,False,2
21,1m4i,128,S,True,unseen_protein_uncovered_source,unseen_protein_uncovered_source,legacy_restricted_s231301,old,0.0019828948126353395,0.979428414685657,0.04188748166152939,False,0.6830058863845861,0.27368421052631575,N,0.009769249611308081,0.011199373925344707,0.019005837510410153,False,True,C,False,0.028609396540650978,0.0,0.6,0.024773075597794125,-0.005366094920151665,-0.03013917051794579,0.024773075597794125,N,C,C,0.0,False,1
21,1m4i,128,S,True,unseen_protein_uncovered_source,unseen_protein_uncovered_source,legacy_restricted_s231301,new,-0.305716652499106,1.1883056042002298,0.04002952849134653,False,0.6188700324848817,0.18947368421052632,N,0.011206819494647824,0.012636962576546427,0.021753312830012292,False,False,C,False,0.024773075597794125,0.0,0.4,0.024773075597794125,-0.005366094920151665,-0.03013917051794579,0.024773075597794125,N,C,C,0.0,False,1
21,1m4i,128,S,True,unseen_protein_uncovered_source,unseen_protein_uncovered_source,legacy_restricted_s231301,all,-0.1601147170825807,1.029710410569699,0.04095850507643796,False,0.6516652895268171,0.21052631578947367,N,0.010488034552977954,0.011798281077792579,0.020138715732759035,False,False,C,False,0.02669123606922255,0.0,0.4,0.024773075597794125,-0.005366094920151665,-0.03013917051794579,0.024773075597794125,N,C,C,0.0,False,1
21,1m4i,128,S,True,unseen_protein_uncovered_source,unseen_protein_uncovered_source,legacy_restricted_s231303,old,0.07433079366001191,1.3390514218081475,0.04188748166152939,False,0.6830058863845861,0.20877192982456141,N,0.010380378388352825,0.013022924807948321,0.02161485888483531,False,True,C,False,0.028609396540650978,0.0,0.6,0.024773075597794125,-0.005366094920151665,-0.03013917051794579,0.024773075597794125,N,C,C,0.0,False,1
21,1m4i,128,S,True,unseen_protein_uncovered_source,unseen_protein_uncovered_source,legacy_restricted_s231303,new,-0.2825872987736671,1.4507571685278804,0.04002952849134653,False,0.6188700324848817,0.010526315789473684,N,0.011214606653670705,0.015072763753622594,0.023402872241973988,False,False,C,False,0.024773075597794125,0.0,0.4,0.024773075597794125,-0.005366094920151665,-0.03013917051794579,0.024773075597794125,N,C,C,0.0,False,1
21,1m4i,128,S,True,unseen_protein_uncovered_source,unseen_protein_uncovered_source,legacy_restricted_s231303,all,-0.10795425740094826,1.3569232211004778,0.04095850507643796,False,0.6516652895268171,0.09649122807017543,N,0.010797492521011766,0.01399347638569215,0.022274741054118807,False,False,C,False,0.02669123606922255,0.0,0.4,0.024773075597794125,-0.005366094920151665,-0.03013917051794579,0.024773075597794125,N,C,C,0.0,False,1
21,1m4i,128,S,True,unseen_protein_uncovered_source,unseen_protein_uncovered_source,legacy_wt_z,old,-0.10833235086707703,0.5560346377220574,0.04188748166152939,False,0.6830058863845861,0.3543859649122807,N,0.004387225370945929,0.008666038560588651,0.015055009872827778,False,False,C,False,0.028609396540650978,0.0,0.4,0.024773075597794125,-0.005366094920151665,-0.03013917051794579,0.024773075597794125,N,C,C,0.0,False,1
21,1m4i,128,S,True,unseen_protein_uncovered_source,unseen_protein_uncovered_source,legacy_wt_z,new,-0.4080660852192216,0.8978750919541645,0.04002952849134653,False,0.5669872379891723,0.22807017543859648,D,0.005139538355814943,0.009313888114440855,0.018108104549854297,False,False,C,False,0.022696231797317445,0.0,0.4,0.024773075597794125,-0.005366094920151665,-0.03013917051794579,0.024773075597794125,N,C,C,0.0,False,1
21,1m4i,128,S,True,unseen_protein_uncovered_source,unseen_protein_uncovered_source,legacy_wt_z,all,-0.2619476777034556,0.6899554723331637,0.04095850507643796,False,0.6516652895268171,0.2719298245614035,N,0.004763381863380436,0.008949302354472272,0.01646217805199527,False,False,C,False,0.02669123606922255,0.0,0.4,0.024773075597794125,-0.005366094920151665,-0.03013917051794579,0.024773075597794125,N,C,C,0.0,False,1
21,1m4i,23,D,True,unseen_protein_uncovered_source,unseen_protein_covered_source,restricted_context_s231301,all,2.369946136849497,19.473635472770784,0.06251414729321693,False,0.5693384497665922,0.19649122807017544,Q,-0.38932420776835047,0.3922442995176508,0.4909128758095634,False,False,N,False,0.03559170770840053,0.0,0.0,0.038561933738548076,0.0019830685923444002,-0.036578865146203676,0.038561933738548076,Q,N,N,0.0,False,1
21,1m4i,23,D,True,unseen_protein_uncovered_source,unseen_protein_covered_source,restricted_context_s231301,new,1.100986039690823,19.124051736824402,0.06365668350124457,False,0.6057798116013088,0.19824561403508772,Q,-0.3871742011661211,0.3907672183559042,0.4898161144888887,False,False,N,False,0.038561933738548076,0.0,0.0,0.038561933738548076,0.0019830685923444002,-0.036578865146203676,0.038561933738548076,Q,N,N,0.0,False,1
21,1m4i,23,D,True,unseen_protein_uncovered_source,unseen_protein_covered_source,restricted_context_s231301,old,3.513599374966357,19.243110444965346,0.06137161108518929,False,0.5315402529187551,0.1736842105263158,Q,-0.39147421437057983,0.39378582090697994,0.49203134938558807,False,False,N,False,0.03262148167825299,0.0,0.0,0.038561933738548076,0.0019830685923444002,-0.036578865146203676,0.038561933738548076,Q,N,N,0.0,False,1
21,1m4i,23,D,True,unseen_protein_uncovered_source,unseen_protein_covered_source,restricted_aa_only_s231301,all,0.7470148482261662,3.5290285479989,0.06251414729321693,False,0.6770086522774562,0.30000000000000004,V,0.056758255597089836,0.06639444066087283,0.07790896230014487,False,False,N,False,0.04232261860725518,0.3333333333333333,0.2,0.041145660792634736,0.00456679564643106,-0.036578865146203676,0.041145660792634736,V,N,N,0.0,False,1
21,1m4i,23,D,True,unseen_protein_uncovered_source,unseen_protein_covered_source,restricted_aa_only_s231301,new,0.8100407967203286,3.4656766902630443,0.06365668350124457,False,0.6463682763465095,0.2508771929824561,V,0.05890826219931921,0.06814603939472287,0.07926551813506155,False,False,N,False,0.041145660792634736,0.3333333333333333,0.2,0.041145660792634736,0.00456679564643106,-0.036578865146203676,0.041145660792634736,V,N,N,0.0,False,1
21,1m4i,23,D,True,unseen_protein_uncovered_source,unseen_protein_covered_source,restricted_aa_only_s231301,old,0.6387088333620609,3.4872526091768363,0.06137161108518929,False,0.7087898729185115,0.3245614035087719,V,0.05460824899486044,0.0646428419270228,0.07668351822989125,False,False,N,False,0.04349957642187563,0.3333333333333333,0.2,0.041145660792634736,0.00456679564643106,-0.036578865146203676,0.041145660792634736,V,N,N,0.0,False,1
21,1m4i,23,D,True,unseen_protein_uncovered_source,unseen_protein_covered_source,restricted_context_s231303,all,0.08900702896230056,4.6498028000460065,0.06251414729321693,False,1.0,-0.15614035087719297,H,0.05701515132809703,0.06920482534329983,0.09271192449123061,False,False,N,False,0.06251414729321693,0.0,0.2,0.06365668350124457,0.02707781835504089,-0.036578865146203676,0.06365668350124457,H,N,N,0.0,False,1
21,1m4i,23,D,True,unseen_protein_uncovered_source,unseen_protein_covered_source,restricted_context_s231303,new,0.3020934234312951,4.566331203973106,0.06365668350124457,False,1.0,-0.10175438596491228,H,0.059165157930326416,0.0699490648128481,0.09352685716583256,False,False,N,False,0.06365668350124457,0.0,0.2,0.06365668350124457,0.02707781835504089,-0.036578865146203676,0.06365668350124457,H,N,N,0.0,False,1
21,1m4i,23,D,True,unseen_protein_uncovered_source,unseen_protein_covered_source,restricted_context_s231303,old,-0.13204214443797924,4.594759358297844,0.06137161108518929,False,1.0,-0.15614035087719297,H,0.05486514472586764,0.06846058587375158,0.09201902191601635,False,False,N,False,0.06137161108518929,0.0,0.2,0.06365668350124457,0.02707781835504089,-0.036578865146203676,0.06365668350124457,H,N,N,0.0,False,1
21,1m4i,23,D,True,unseen_protein_uncovered_source,unseen_protein_covered_source,restricted_aa_only_s231303,all,0.2856947075124687,3.7956882477881884,0.06251414729321693,False,0.09758291885500625,-0.0894736842105263,E,0.02849126850772803,0.048208538286387666,0.06591622978077218,False,False,N,False,0.006100312962603896,0.3333333333333333,0.2,0.004781210649140194,-0.03179765449706348,-0.036578865146203676,0.004781210649140194,E,N,N,0.0,False,0
21,1m4i,23,D,True,unseen_protein_uncovered_source,unseen_protein_covered_source,restricted_aa_only_s231303,new,0.20912856861029996,3.727549410537952,0.06365668350124457,False,0.07510932687919118,-0.09473684210526316,E,0.030641275109957424,0.048546424841697,0.06718381448855855,False,False,N,False,0.004781210649140194,0.3333333333333333,0.2,0.004781210649140194,-0.03179765449706348,-0.036578865146203676,0.004781210649140194,E,N,N,0.0,False,0
21,1m4i,23,D,True,unseen_protein_uncovered_source,unseen_protein_covered_source,restricted_aa_only_s231303,old,0.34620092117264006,3.7507556444185903,0.06137161108518929,False,0.12089327858394959,-0.08421052631578947,E,0.026341261905498653,0.04820320053516492,0.06480744777996669,False,False,N,False,0.007419415276067598,0.3333333333333333,0.2,0.004781210649140194,-0.03179765449706348,-0.036578865146203676,0.004781210649140194,E,N,N,0.0,False,0
21,1m4i,23,D,True,unseen_protein_uncovered_source,unseen_protein_covered_source,expanded_context_s231301,all,1.8573510475929873,3.7051870769800845,0.06251414729321693,False,0.09758291885500625,0.5280701754385965,E,0.14761637930344945,0.14761637930344945,0.1562483206452571,False,True,N,False,0.006100312962603896,0.3333333333333333,0.6,0.004781210649140194,-0.03179765449706348,-0.036578865146203676,0.004781210649140194,E,N,N,0.0,False,0
21,1m4i,23,D,True,unseen_protein_uncovered_source,unseen_protein_covered_source,expanded_context_s231301,new,1.6693947005159009,3.638672884365045,0.06365668350124457,False,0.07510932687919118,0.4859649122807017,E,0.14976638590567884,0.14976638590567884,0.15849885730701713,False,True,N,False,0.004781210649140194,0.3333333333333333,0.6,0.004781210649140194,-0.03179765449706348,-0.036578865146203676,0.004781210649140194,E,N,N,0.0,False,0
21,1m4i,23,D,True,unseen_protein_uncovered_source,unseen_protein_covered_source,expanded_context_s231301,old,1.9370294663551813,3.661325808490208,0.06137161108518929,False,0.12089327858394959,0.5421052631578946,E,0.14546637270122006,0.14546637270122006,0.15404206945266288,False,True,N,False,0.007419415276067598,0.3333333333333333,0.6,0.004781210649140194,-0.03179765449706348,-0.036578865146203676,0.004781210649140194,E,N,N,0.0,False,0
21,1m4i,23,D,True,unseen_protein_uncovered_source,unseen_protein_covered_source,expanded_aa_only_s231301,all,2.070850907951316,3.60975495317665,0.06251414729321693,False,0.09758291885500625,0.5403508771929825,E,0.14704091351605125,0.14704091351605125,0.1548419577132551,False,True,N,False,0.006100312962603896,0.3333333333333333,0.6,0.004781210649140194,-0.03179765449706348,-0.036578865146203676,0.004781210649140194,E,N,N,0.0,False,0
21,1m4i,23,D,True,unseen_protein_uncovered_source,unseen_protein_covered_source,expanded_aa_only_s231301,new,1.8980700811855356,3.544953923900585,0.06365668350124457,False,0.07510932687919118,0.5,E,0.14919092011828067,0.14919092011828067,0.15706896831578765,False,True,N,False,0.004781210649140194,0.3333333333333333,0.6,0.004781210649140194,-0.03179765449706348,-0.036578865146203676,0.004781210649140194,E,N,N,0.0,False,0
21,1m4i,23,D,True,unseen_protein_uncovered_source,unseen_protein_covered_source,expanded_aa_only_s231301,old,2.1224480214629415,3.5670233912083975,0.06137161108518929,False,0.12089327858394959,0.5578947368421052,E,0.14489090691382187,0.14489090691382187,0.15266032375546737,False,True,N,False,0.007419415276067598,0.3333333333333333,0.6,0.004781210649140194,-0.03179765449706348,-0.036578865146203676,0.004781210649140194,E,N,N,0.0,False,0
21,1m4i,23,D,True,unseen_protein_uncovered_source,unseen_protein_covered_source,expanded_context_s231303,all,-0.2782556642121737,2.2556665041835298,0.06251414729321693,False,0.24726799807818772,-0.12982456140350876,Y,-0.10050947003724978,0.1021811679713908,0.10809518008623654,False,False,N,False,0.015457748052758707,0.0,0.2,0.015719728041842046,-0.02085913710436163,-0.036578865146203676,0.015719728041842046,Y,N,N,0.0,False,0
21,1m4i,23,D,True,unseen_protein_uncovered_source,unseen_protein_covered_source,expanded_context_s231303,new,-0.3057132897288047,2.2151735862235435,0.06365668350124457,False,0.24694544511629649,-0.2070175438596491,Y,-0.0983594634350204,0.10030567894126491,0.10622728075741406,False,False,N,False,0.015719728041842046,0.0,0.2,0.015719728041842046,-0.02085913710436163,-0.036578865146203676,0.015719728041842046,Y,N,N,0.0,False,0
21,1m4i,23,D,True,unseen_protein_uncovered_source,unseen_protein_covered_source,expanded_context_s231303,old,-0.23388193696334023,2.228964372251165,0.06137161108518929,False,0.24760256077654996,-0.09649122807017543,Y,-0.10265947663947916,0.10405665700151667,0.11003941229668755,False,False,N,False,0.015195768063675369,0.0,0.2,0.015719728041842046,-0.02085913710436163,-0.036578865146203676,0.015719728041842046,Y,N,N,0.0,False,0
21,1m4i,23,D,True,unseen_protein_uncovered_source,unseen_protein_covered_source,expanded_aa_only_s231303,all,2.070918286871422,3.6078606723939908,0.06251414729321693,False,0.09758291885500625,0.5403508771929825,E,0.14721003179417194,0.14721003179417194,0.1549919576059822,False,True,N,False,0.006100312962603896,0.3333333333333333,0.6,0.004781210649140194,-0.03179765449706348,-0.036578865146203676,0.004781210649140194,E,N,N,0.0,False,0
21,1m4i,23,D,True,unseen_protein_uncovered_source,unseen_protein_covered_source,expanded_aa_only_s231303,new,1.900318794659421,3.543093648568724,0.06365668350124457,False,0.07510932687919118,0.5,E,0.14936003839640136,0.14936003839640136,0.15721572623710536,False,True,N,False,0.004781210649140194,0.3333333333333333,0.6,0.004781210649140194,-0.03179765449706348,-0.036578865146203676,0.004781210649140194,E,N,N,0.0,False,0
21,1m4i,23,D,True,unseen_protein_uncovered_source,unseen_protein_covered_source,expanded_aa_only_s231303,old,2.1203028079004684,3.5651515345452975,0.06137161108518929,False,0.12089327858394959,0.5578947368421052,E,0.14506002519194255,0.14506002519194255,0.15281361453997402,False,True,N,False,0.007419415276067598,0.3333333333333333,0.6,0.004781210649140194,-0.03179765449706348,-0.036578865146203676,0.004781210649140194,E,N,N,0.0,False,0
21,1m4i,23,D,True,unseen_protein_uncovered_source,unseen_protein_covered_source,legacy_baseline,old,0.9994314218075601,0.9994351274145411,0.06137161108518929,False,0.0,1.0,N,2.800248946056922e-06,3.4887156622819504e-05,4.351095578458494e-05,True,True,N,True,0.0,1.0,1.0,0.0,-0.036578865146203676,-0.036578865146203676,0.0,N,N,N,0.0,False,1
21,1m4i,23,D,True,unseen_protein_uncovered_source,unseen_protein_covered_source,legacy_baseline,new,0.9992801410480111,0.9992844520305615,0.06365668350124457,False,0.0,1.0,N,-1.2812591652992153e-05,4.0579496128561864e-05,4.919039866566247e-05,True,True,N,True,0.0,1.0,1.0,0.0,-0.036578865146203676,-0.036578865146203676,0.0,N,N,N,0.0,False,1
21,1m4i,23,D,True,unseen_protein_uncovered_source,unseen_protein_covered_source,legacy_baseline,all,0.9992935365351653,0.9992972192933632,0.06251414729321693,False,0.0,1.0,N,-5.006171353467616e-06,3.267970088104436e-05,4.355228476701515e-05,True,True,N,True,0.0,1.0,1.0,0.0,-0.036578865146203676,-0.036578865146203676,0.0,N,N,N,0.0,False,1
21,1m4i,23,D,True,unseen_protein_uncovered_source,unseen_protein_covered_source,legacy_exact,old,1.0,1.0,0.06137161108518929,False,0.0,1.0,N,0.0,0.0,0.0,True,True,N,True,0.0,1.0,1.0,0.0,-0.036578865146203676,-0.036578865146203676,0.0,N,N,N,0.0,False,1
21,1m4i,23,D,True,unseen_protein_uncovered_source,unseen_protein_covered_source,legacy_exact,new,1.0,1.0,0.06365668350124457,False,0.0,1.0,N,0.0,0.0,0.0,True,True,N,True,0.0,1.0,1.0,0.0,-0.036578865146203676,-0.036578865146203676,0.0,N,N,N,0.0,False,1
21,1m4i,23,D,True,unseen_protein_uncovered_source,unseen_protein_covered_source,legacy_exact,all,1.0,1.0,0.06251414729321693,False,0.0,1.0,N,0.0,0.0,0.0,True,True,N,True,0.0,1.0,1.0,0.0,-0.036578865146203676,-0.036578865146203676,0.0,N,N,N,0.0,False,1
21,1m4i,23,D,True,unseen_protein_uncovered_source,unseen_protein_covered_source,legacy_expanded_s231301,old,0.23360317822559107,0.49653252302419765,0.06137161108518929,False,0.0,0.2789473684210526,N,0.004927232842548425,0.011093088807966773,0.014640780522758782,True,True,N,True,0.0,0.3333333333333333,0.2,0.0,-0.036578865146203676,-0.036578865146203676,0.0,N,N,N,0.0,False,1
21,1m4i,23,D,True,unseen_protein_uncovered_source,unseen_protein_covered_source,legacy_expanded_s231301,new,0.3062926030562465,0.5006592831020786,0.06365668350124457,False,0.5680672641369225,0.6543859649122807,L,0.007359908677580302,0.009823948629534136,0.014551069602863446,True,True,N,False,0.03616127804058197,0.3333333333333333,0.4,0.0,-0.036578865146203676,-0.036578865146203676,0.0,N,N,N,0.0,False,1
21,1m4i,23,D,True,unseen_protein_uncovered_source,unseen_protein_covered_source,legacy_expanded_s231301,all,0.26744872902800676,0.4953708949158117,0.06251414729321693,False,0.0,0.49473684210526314,N,0.006143570760064363,0.010340287727405606,0.014385742353251827,True,True,N,True,0.0,0.3333333333333333,0.4,0.0,-0.036578865146203676,-0.036578865146203676,0.0,N,N,N,0.0,False,1
21,1m4i,23,D,True,unseen_protein_uncovered_source,unseen_protein_covered_source,legacy_expanded_s231303,old,0.22294482454310527,0.48846071558743037,0.06137161108518929,False,0.0,0.23333333333333334,N,0.0029986712909685896,0.010600890686475142,0.014224160318788625,True,True,N,True,0.0,0.3333333333333333,0.2,0.0,-0.036578865146203676,-0.036578865146203676,0.0,N,N,N,0.0,False,1
21,1m4i,23,D,True,unseen_protein_uncovered_source,unseen_protein_covered_source,legacy_expanded_s231303,new,0.30237426217260394,0.503569928776681,0.06365668350124457,False,0.0,0.6157894736842106,N,0.0053247220907924825,0.009529213797743177,0.01373226158952321,True,True,N,True,0.0,0.3333333333333333,0.4,0.0,-0.036578865146203676,-0.036578865146203676,0.0,N,N,N,0.0,False,1
21,1m4i,23,D,True,unseen_protein_uncovered_source,unseen_protein_covered_source,legacy_expanded_s231303,all,0.25965737997049887,0.4931843639458588,0.06251414729321693,False,0.0,0.4140350877192982,N,0.004161696690880536,0.01005730614954697,0.013773965691639507,True,True,N,True,0.0,0.3333333333333333,0.2,0.0,-0.036578865146203676,-0.036578865146203676,0.0,N,N,N,0.0,False,1
21,1m4i,23,D,True,unseen_protein_uncovered_source,unseen_protein_covered_source,legacy_oracle_r32,old,1.0015140261684672,1.0050176051717619,0.06137161108518929,False,0.0,0.9947368421052631,N,-0.0008282932395243701,0.0010938582809973147,0.0015495819193244676,True,True,N,True,0.0,1.0,1.0,0.0,-0.036578865146203676,-0.036578865146203676,0.0,N,N,N,0.0,False,1
21,1m4i,23,D,True,unseen_protein_uncovered_source,unseen_protein_covered_source,legacy_oracle_r32,new,1.0210964713790536,1.0268267766375139,0.06365668350124457,False,0.0,0.9666666666666668,N,-0.001118803168461727,0.0014635185158360681,0.002063857109806605,True,True,N,True,0.0,1.0,1.0,0.0,-0.036578865146203676,-0.036578865146203676,0.0,N,N,N,0.0,False,1
21,1m4i,23,D,True,unseen_protein_uncovered_source,unseen_protein_covered_source,legacy_oracle_r32,all,1.010456088209067,1.0151280802198888,0.06251414729321693,False,0.0,0.9929824561403509,N,-0.0009735482039930486,0.0012718112318074284,0.0017965501559508536,True,True,N,True,0.0,1.0,1.0,0.0,-0.036578865146203676,-0.036578865146203676,0.0,N,N,N,0.0,False,1
21,1m4i,23,D,True,unseen_protein_uncovered_source,unseen_protein_covered_source,legacy_restricted_s231301,old,0.22449188294400488,0.48731565208242467,0.06137161108518929,False,0.7087898729185115,0.26842105263157895,V,0.0037542453598683042,0.0107061531370812,0.014366695016629275,True,True,N,False,0.04349957642187563,0.3333333333333333,0.2,0.041145660792634736,0.00456679564643106,-0.036578865146203676,0.041145660792634736,V,N,N,0.0,False,1
21,1m4i,23,D,True,unseen_protein_uncovered_source,unseen_protein_covered_source,legacy_restricted_s231301,new,0.2712675034458959,0.470015143308092,0.06365668350124457,False,0.6463682763465095,0.4842105263157894,V,0.00548140176163823,0.00974949717008625,0.014055743860462386,True,True,N,False,0.041145660792634736,0.3333333333333333,0.4,0.041145660792634736,0.00456679564643106,-0.036578865146203676,0.041145660792634736,V,N,N,0.0,False,1
21,1m4i,23,D,True,unseen_protein_uncovered_source,unseen_protein_covered_source,legacy_restricted_s231301,all,0.24359264202819683,0.4748694121251273,0.06251414729321693,False,0.6770086522774562,0.38245614035087716,V,0.004617823560753268,0.010128241519577749,0.014041225400820086,True,True,N,False,0.04232261860725518,0.3333333333333333,0.2,0.041145660792634736,0.00456679564643106,-0.036578865146203676,0.041145660792634736,V,N,N,0.0,False,1
21,1m4i,23,D,True,unseen_protein_uncovered_source,unseen_protein_covered_source,legacy_restricted_s231303,old,0.2305215480124527,0.47674002369063945,0.06137161108518929,False,0.0,0.28421052631578947,N,0.0045952675251561695,0.010819052336967602,0.014422075567063474,True,True,N,True,0.0,0.3333333333333333,0.2,0.0,-0.036578865146203676,-0.036578865146203676,0.0,N,N,N,0.0,False,1
21,1m4i,23,D,True,unseen_protein_uncovered_source,unseen_protein_covered_source,legacy_restricted_s231303,new,0.27190233918507734,0.45686419910815385,0.06365668350124457,False,0.0,0.5982456140350877,N,0.005619186169431314,0.009581424577093444,0.013991778703158035,True,True,N,True,0.0,0.3333333333333333,0.4,0.0,-0.036578865146203676,-0.036578865146203676,0.0,N,N,N,0.0,False,1
21,1m4i,23,D,True,unseen_protein_uncovered_source,unseen_protein_covered_source,legacy_restricted_s231303,all,0.2484058359597838,0.46438466017747076,0.06251414729321693,False,0.0,0.41578947368421054,N,0.0051072268472937415,0.009962994508545854,0.014045556062706918,True,True,N,True,0.0,0.3333333333333333,0.2,0.0,-0.036578865146203676,-0.036578865146203676,0.0,N,N,N,0.0,False,1
21,1m4i,23,D,True,unseen_protein_uncovered_source,unseen_protein_covered_source,legacy_wt_z,old,0.23179712532445837,0.4929460816334809,0.06137161108518929,False,0.0,0.27543859649122804,N,0.004827734668500321,0.011039024114742441,0.014608124977373158,True,True,N,True,0.0,0.3333333333333333,0.2,0.0,-0.036578865146203676,-0.036578865146203676,0.0,N,N,N,0.0,False,1
21,1m4i,23,D,True,unseen_protein_uncovered_source,unseen_protein_covered_source,legacy_wt_z,new,0.30357014723349146,0.4963031720309192,0.06365668350124457,False,0.5680672641369225,0.6631578947368422,L,0.007269720335509565,0.009765917701420917,0.014515038381032012,True,True,N,False,0.03616127804058197,0.3333333333333333,0.6,0.0,-0.036578865146203676,-0.036578865146203676,0.0,N,N,N,0.0,False,1
21,1m4i,23,D,True,unseen_protein_uncovered_source,unseen_protein_covered_source,legacy_wt_z,all,0.2651785367587744,0.49139160452425656,0.06251414729321693,False,0.0,0.4719298245614035,N,0.006048727502004943,0.0102866362333005,0.014350588720289575,True,True,N,True,0.0,0.3333333333333333,0.4,0.0,-0.036578865146203676,-0.036578865146203676,0.0,N,N,N,0.0,False,1
2,2ebe,30,A,True,unseen_protein_covered_source,unseen_protein_covered_source,restricted_context_s231301,all,-0.02997616247905609,0.15347867284611336,2.0525781577761952,False,0.9708820263173183,-0.057894736842105256,V,0.5254237346698493,0.6370413860652758,0.9395027837325913,False,False,D,False,1.9928112409964207,0.0,0.2,2.0221368103004744,0.1978968600532096,-1.8242399502472648,2.0221368103004744,V,D,D,0.0,True,0
2,2ebe,30,A,True,unseen_protein_covered_source,unseen_protein_covered_source,restricted_context_s231301,new,-0.03035897003869321,0.15211753724218927,2.044005256350168,False,0.9893011791521796,-0.056140350877192984,V,0.5204627138314519,0.6386464351265055,0.9426453150503624,False,False,D,False,2.0221368103004744,0.0,0.2,2.0221368103004744,0.1978968600532096,-1.8242399502472648,2.0221368103004744,V,D,D,0.0,True,0
2,2ebe,30,A,True,unseen_protein_covered_source,unseen_protein_covered_source,restricted_context_s231301,old,-0.02954084110040833,0.15477618912070482,2.077905052389849,False,0.9449352218640189,-0.03333333333333333,V,0.5303847555082465,0.635436337004046,0.936758506206478,False,False,D,False,1.9634856716923677,0.0,0.2,2.0221368103004744,0.1978968600532096,-1.8242399502472648,2.0221368103004744,V,D,D,0.0,True,0
2,2ebe,30,A,True,unseen_protein_covered_source,unseen_protein_covered_source,restricted_aa_only_s231301,all,0.020820004396615806,0.08216760740498773,2.0525781577761952,False,0.8000483630181268,0.30350877192982456,S,0.4966533913918537,0.5898006614625309,0.887116902457145,False,False,D,False,1.6421617950956073,0.3333333333333333,0.4,1.6619457699686444,-0.16229418027862041,-1.8242399502472648,1.6619457699686444,S,D,D,0.0,True,0
2,2ebe,30,A,True,unseen_protein_covered_source,unseen_protein_covered_source,restricted_aa_only_s231301,new,0.019902172309183303,0.0814388986283597,2.044005256350168,False,0.813082923737809,0.2157894736842105,S,0.4916923705534564,0.5918312064234212,0.8903729570762621,False,False,D,False,1.6619457699686444,0.3333333333333333,0.4,1.6619457699686444,-0.16229418027862041,-1.8242399502472648,1.6619457699686444,S,D,D,0.0,True,0
2,2ebe,30,A,True,unseen_protein_covered_source,unseen_protein_covered_source,restricted_aa_only_s231301,old,0.021743101411700407,0.08286225641305617,2.077905052389849,False,0.7807757232971905,0.3350877192982456,S,0.5016144122302509,0.5877701165016407,0.8842819246211046,False,False,D,False,1.6223778202225707,0.3333333333333333,0.4,1.6619457699686444,-0.16229418027862041,-1.8242399502472648,1.6619457699686444,S,D,D,0.0,True,0
2,2ebe,30,A,True,unseen_protein_covered_source,unseen_protein_covered_source,restricted_context_s231303,all,-0.11518041395813433,0.5085421501047216,2.0525781577761952,False,0.9708820263173183,-0.2631578947368421,V,-0.31211213941496535,0.8256647661175586,0.9648876179882372,True,True,D,False,1.9928112409964207,0.6666666666666666,0.4,2.0221368103004744,0.1978968600532096,-1.8242399502472648,2.0221368103004744,V,D,D,0.0,True,0
2,2ebe,30,A,True,unseen_protein_covered_source,unseen_protein_covered_source,restricted_context_s231303,new,-0.11272416649976068,0.5040321109327144,2.044005256350168,False,0.9893011791521796,-0.20175438596491227,V,-0.31707316025336274,0.834133776387439,0.9714483170458617,True,True,D,False,2.0221368103004744,0.6666666666666666,0.4,2.0221368103004744,0.1978968600532096,-1.8242399502472648,2.0221368103004744,V,D,D,0.0,True,0
2,2ebe,30,A,True,unseen_protein_covered_source,unseen_protein_covered_source,restricted_context_s231303,old,-0.11757335626411956,0.5128413905388516,2.077905052389849,False,0.9449352218640189,-0.25789473684210523,V,-0.30715111857656807,0.817195755847678,0.9586814516077823,True,True,D,False,1.9634856716923677,0.6666666666666666,0.4,2.0221368103004744,0.1978968600532096,-1.8242399502472648,2.0221368103004744,V,D,D,0.0,True,0
2,2ebe,30,A,True,unseen_protein_covered_source,unseen_protein_covered_source,restricted_aa_only_s231303,all,0.018913007550433767,0.0742079627855013,2.0525781577761952,False,0.8000483630181268,0.28596491228070176,S,0.4922034546957706,0.5908995642727979,0.8854459074863091,False,False,D,False,1.6421617950956073,0.3333333333333333,0.4,1.6619457699686444,-0.16229418027862041,-1.8242399502472648,1.6619457699686444,S,D,D,0.0,True,0
2,2ebe,30,A,True,unseen_protein_covered_source,unseen_protein_covered_source,restricted_aa_only_s231303,new,0.01806981975129707,0.07354984463547472,2.044005256350168,False,0.813082923737809,0.19473684210526312,S,0.4872424338573732,0.5929301092336882,0.8887066522797659,False,False,D,False,1.6619457699686444,0.3333333333333333,0.4,1.6619457699686444,-0.16229418027862041,-1.8242399502472648,1.6619457699686444,S,D,D,0.0,True,0
2,2ebe,30,A,True,unseen_protein_covered_source,unseen_protein_covered_source,restricted_aa_only_s231303,old,0.01976131033719039,0.07483532056513892,2.077905052389849,False,0.7807757232971905,0.32280701754385965,S,0.4971644755341678,0.5888690193119076,0.882607004286852,False,False,D,False,1.6223778202225707,0.3333333333333333,0.4,1.6619457699686444,-0.16229418027862041,-1.8242399502472648,1.6619457699686444,S,D,D,0.0,True,0
2,2ebe,30,A,True,unseen_protein_covered_source,unseen_protein_covered_source,expanded_context_s231301,all,0.022296129758931485,0.04812168243069974,2.0525781577761952,False,0.963767043524583,0.5614035087719299,T,0.4807553571671504,0.5891258847265458,0.8759573932393291,False,True,D,False,1.9782071827230987,0.3333333333333333,0.4,2.044005256350168,0.21976530610290346,-1.8242399502472648,2.044005256350168,T,D,D,0.0,False,1
2,2ebe,30,A,True,unseen_protein_covered_source,unseen_protein_covered_source,expanded_context_s231301,new,0.021337068452826846,0.04769491215661203,2.044005256350168,False,1.0,0.3929824561403509,T,0.47579433632875306,0.5911564296874361,0.8793542988566914,False,True,D,False,2.044005256350168,0.3333333333333333,0.4,2.044005256350168,0.21976530610290346,-1.8242399502472648,2.044005256350168,T,D,D,0.0,False,1
2,2ebe,30,A,True,unseen_protein_covered_source,unseen_protein_covered_source,expanded_context_s231301,old,0.023259988498860486,0.048528505508829686,2.077905052389849,False,0.9203544247108507,0.6192982456140351,T,0.4857163780055476,0.5870953397656555,0.8729859416265249,False,True,D,False,1.9124091090960293,0.3333333333333333,0.4,2.044005256350168,0.21976530610290346,-1.8242399502472648,2.044005256350168,T,D,D,0.0,False,1
2,2ebe,30,A,True,unseen_protein_covered_source,unseen_protein_covered_source,expanded_aa_only_s231301,all,0.014462654413818738,0.039837713832667876,2.0525781577761952,False,0.67920223181689,0.4245614035087719,Q,0.4814503440364986,0.5947711034346937,0.8810977189145951,False,False,D,False,1.3941156657401923,0.3333333333333333,0.4,1.421597768096362,-0.40264218215090275,-1.8242399502472648,1.421597768096362,Q,D,D,0.0,False,4
2,2ebe,30,A,True,unseen_protein_covered_source,unseen_protein_covered_source,expanded_aa_only_s231301,new,0.013776172522479495,0.03948441047350375,2.044005256350168,False,0.6954961410592486,0.27017543859649124,Q,0.4764893231981013,0.5968016483955841,0.8843844752600075,False,False,D,False,1.421597768096362,0.3333333333333333,0.4,1.421597768096362,-0.40264218215090275,-1.8242399502472648,1.421597768096362,Q,D,D,0.0,False,4
2,2ebe,30,A,True,unseen_protein_covered_source,unseen_protein_covered_source,expanded_aa_only_s231301,old,0.015154518132068574,0.040174503831446606,2.077905052389849,False,0.6576977912500018,0.4789473684210526,Q,0.48641136487489584,0.5927405584738036,0.8782347112965302,False,False,D,False,1.366633563384023,0.3333333333333333,0.4,1.421597768096362,-0.40264218215090275,-1.8242399502472648,1.421597768096362,Q,D,D,0.0,False,4
2,2ebe,30,A,True,unseen_protein_covered_source,unseen_protein_covered_source,expanded_context_s231303,all,-0.007505654267012683,0.1457667375150439,2.0525781577761952,False,0.8000483630181268,0.07719298245614034,S,0.4453504620320224,0.5952384169535533,0.882315404432241,False,False,D,False,1.6421617950956073,0.0,0.0,1.6619457699686444,-0.16229418027862041,-1.8242399502472648,1.6619457699686444,S,D,D,0.0,True,0
2,2ebe,30,A,True,unseen_protein_covered_source,unseen_protein_covered_source,expanded_context_s231303,new,-0.009165174692539026,0.1444739957117673,2.044005256350168,False,0.813082923737809,-0.0035087719298245615,S,0.44038944119362505,0.5985223285716078,0.8866750342675642,False,False,D,False,1.6619457699686444,0.0,0.0,1.6619457699686444,-0.16229418027862041,-1.8242399502472648,1.6619457699686444,S,D,D,0.0,True,0
2,2ebe,30,A,True,unseen_protein_covered_source,unseen_protein_covered_source,expanded_context_s231303,old,-0.005777848936618807,0.14699905670775357,2.077905052389849,False,0.7807757232971905,0.10701754385964912,S,0.45031148287041967,0.5919545053354989,0.8783701139368781,False,False,D,False,1.6223778202225707,0.0,0.0,1.6619457699686444,-0.16229418027862041,-1.8242399502472648,1.6619457699686444,S,D,D,0.0,True,0
2,2ebe,30,A,True,unseen_protein_covered_source,unseen_protein_covered_source,expanded_aa_only_s231303,all,0.01446002564063,0.03937061465337315,2.0525781577761952,False,0.67920223181689,0.4456140350877193,Q,0.4816060131542494,0.5948016241545007,0.8811727064706139,False,False,D,False,1.3941156657401923,0.3333333333333333,0.4,1.421597768096362,-0.40264218215090275,-1.8242399502472648,1.421597768096362,Q,D,D,0.0,False,4
2,2ebe,30,A,True,unseen_protein_covered_source,unseen_protein_covered_source,expanded_aa_only_s231303,new,0.013776814996975927,0.039021453793695836,2.044005256350168,False,0.6954961410592486,0.29298245614035084,Q,0.47664499231585206,0.596832169115391,0.8844562330438419,False,False,D,False,1.421597768096362,0.3333333333333333,0.4,1.421597768096362,-0.40264218215090275,-1.8242399502472648,1.421597768096362,Q,D,D,0.0,False,4
2,2ebe,30,A,True,unseen_protein_covered_source,unseen_protein_covered_source,expanded_aa_only_s231303,old,0.015148506186220085,0.03970345577263824,2.077905052389849,False,0.6576977912500018,0.4982456140350877,Q,0.48656703399264667,0.5927710791936104,0.8783129150487332,False,False,D,False,1.366633563384023,0.3333333333333333,0.4,1.421597768096362,-0.40264218215090275,-1.8242399502472648,1.421597768096362,Q,D,D,0.0,False,4
2,2ebe,30,A,True,unseen_protein_covered_source,unseen_protein_covered_source,legacy_baseline,old,0.9997668030735724,0.9997670319020947,2.077905052389849,False,0.0,1.0,D,-0.00037324764641898903,0.0004966226054256298,0.0006489454839259254,True,True,D,True,0.0,1.0,1.0,0.0,-1.8242399502472648,-1.8242399502472648,0.0,D,D,D,0.0,False,0
2,2ebe,30,A,True,unseen_protein_covered_source,unseen_protein_covered_source,legacy_baseline,new,0.9999123640595222,0.9999129798769695,2.044005256350168,False,0.0,1.0,D,-0.0002229363155547296,0.0006287443818257726,0.0008694448449111707,True,True,D,True,0.0,1.0,1.0,0.0,-1.8242399502472648,-1.8242399502472648,0.0,D,D,D,0.0,False,0
2,2ebe,30,A,True,unseen_protein_covered_source,unseen_protein_covered_source,legacy_baseline,all,0.9998344550863143,0.999834778066149,2.0525781577761952,False,0.0,1.0,D,-0.0002980919809868827,0.0004998785358972451,0.0006824794512739363,True,True,D,True,0.0,1.0,1.0,0.0,-1.8242399502472648,-1.8242399502472648,0.0,D,D,D,0.0,False,0
2,2ebe,30,A,True,unseen_protein_covered_source,unseen_protein_covered_source,legacy_exact,old,1.0,1.0,2.077905052389849,False,0.0,1.0,D,0.0,0.0,0.0,True,True,D,True,0.0,1.0,1.0,0.0,-1.8242399502472648,-1.8242399502472648,0.0,D,D,D,0.0,False,0
2,2ebe,30,A,True,unseen_protein_covered_source,unseen_protein_covered_source,legacy_exact,new,1.0,1.0,2.044005256350168,False,0.0,1.0,D,0.0,0.0,0.0,True,True,D,True,0.0,1.0,1.0,0.0,-1.8242399502472648,-1.8242399502472648,0.0,D,D,D,0.0,False,0
2,2ebe,30,A,True,unseen_protein_covered_source,unseen_protein_covered_source,legacy_exact,all,1.0,1.0,2.0525781577761952,False,0.0,1.0,D,0.0,0.0,0.0,True,True,D,True,0.0,1.0,1.0,0.0,-1.8242399502472648,-1.8242399502472648,0.0,D,D,D,0.0,False,0
2,2ebe,30,A,True,unseen_protein_covered_source,unseen_protein_covered_source,legacy_expanded_s231301,old,0.0003219748898651582,0.014399642230211581,2.077905052389849,False,0.33907592888237553,-0.015789473684210527,P,0.46579274446019514,0.6024294457148683,0.8759105288644496,False,False,D,False,0.7045675857684692,0.0,0.4,0.6974720946656601,-1.1267678555816047,-1.8242399502472648,0.6974720946656601,P,D,D,0.0,True,0
2,2ebe,30,A,True,unseen_protein_covered_source,unseen_protein_covered_source,legacy_expanded_s231301,new,0.023053834940645505,0.036323541473722624,2.044005256350168,False,0.0,0.41754385964912283,D,0.4450067310645696,0.5949467102221084,0.8616341647963754,True,True,D,True,0.0,0.6666666666666666,0.8,0.6974720946656601,-1.1267678555816047,-1.8242399502472648,0.6974720946656601,P,D,D,0.0,True,0
2,2ebe,30,A,True,unseen_protein_covered_source,unseen_protein_covered_source,legacy_expanded_s231301,all,0.011908223075522867,0.022637574483739528,2.0525781577761952,False,0.0,0.4298245614035088,D,0.45539973776238235,0.5986880779684884,0.8684389697764261,True,True,D,True,0.0,0.6666666666666666,0.8,0.6974720946656601,-1.1267678555816047,-1.8242399502472648,0.6974720946656601,P,D,D,0.0,True,0
2,2ebe,30,A,True,unseen_protein_covered_source,unseen_protein_covered_source,legacy_expanded_s231303,old,0.0013494935882582524,0.015956308645217077,2.077905052389849,False,0.9257158040810092,0.057894736842105256,M,0.4654298876449698,0.6022206785567462,0.8750863248676457,False,False,D,False,1.9235495463770604,0.0,0.4,1.9288841268040917,0.1046441765568269,-1.8242399502472648,1.9288841268040917,M,D,D,0.0,False,2
2,2ebe,30,A,True,unseen_protein_covered_source,unseen_protein_covered_source,legacy_expanded_s231303,new,0.022743645596858226,0.036973540712714734,2.044005256350168,False,0.0,0.4140350877192982,D,0.44600809472440256,0.5961336791060562,0.8623725265152551,True,True,D,True,0.0,0.6666666666666666,0.8,1.9288841268040917,0.1046441765568269,-1.8242399502472648,1.9288841268040917,M,D,D,0.0,False,2
2,2ebe,30,A,True,unseen_protein_covered_source,unseen_protein_covered_source,legacy_expanded_s231303,all,0.012247262669837266,0.024033251808037743,2.0525781577761952,False,0.0,0.41754385964912283,D,0.45571899118468623,0.5991771788314011,0.8684088727517576,True,True,D,True,0.0,0.6666666666666666,0.8,1.9288841268040917,0.1046441765568269,-1.8242399502472648,1.9288841268040917,M,D,D,0.0,False,2
2,2ebe,30,A,True,unseen_protein_covered_source,unseen_protein_covered_source,legacy_oracle_r32,old,0.9912751411755173,0.9913653834066054,2.077905052389849,False,0.0,0.9964912280701754,D,-0.0054772924285234085,0.01037692997295704,0.013053735203536027,True,True,D,True,0.0,1.0,1.0,0.0,-1.8242399502472648,-1.8242399502472648,0.0,D,D,D,0.0,False,0
2,2ebe,30,A,True,unseen_protein_covered_source,unseen_protein_covered_source,legacy_oracle_r32,new,0.998297432069853,0.9984280387754549,2.044005256350168,False,0.0,0.9964912280701754,D,-0.007758994507032108,0.01187194309284341,0.01450785257346755,True,True,D,True,0.0,1.0,1.0,0.0,-1.8242399502472648,-1.8242399502472648,0.0,D,D,D,0.0,False,0
2,2ebe,30,A,True,unseen_protein_covered_source,unseen_protein_covered_source,legacy_oracle_r32,all,0.9948239033236205,0.994918303872729,2.0525781577761952,False,0.0,0.9982456140350877,D,-0.006618143467777747,0.010029871862070938,0.012804537274900395,True,True,D,True,0.0,1.0,1.0,0.0,-1.8242399502472648,-1.8242399502472648,0.0,D,D,D,0.0,False,0
2,2ebe,30,A,True,unseen_protein_covered_source,unseen_protein_covered_source,legacy_restricted_s231301,old,0.0010477898906347677,0.01805739916335702,2.077905052389849,False,0.33907592888237553,0.15789473684210528,P,0.45221704663758383,0.600798189021642,0.8683449017821846,False,False,D,False,0.7045675857684692,0.0,0.2,0.6974720946656601,-1.1267678555816047,-1.8242399502472648,0.6974720946656601,P,D,D,0.0,True,0
2,2ebe,30,A,True,unseen_protein_covered_source,unseen_protein_covered_source,legacy_restricted_s231301,new,0.024056431627242837,0.03870858626822085,2.044005256350168,False,0.34122813162970306,0.5298245614035089,P,0.4289251952020779,0.5925157938154988,0.8528296894211921,True,True,D,False,0.6974720946656601,0.3333333333333333,0.8,0.6974720946656601,-1.1267678555816047,-1.8242399502472648,0.6974720946656601,P,D,D,0.0,True,0
2,2ebe,30,A,True,unseen_protein_covered_source,unseen_protein_covered_source,legacy_restricted_s231301,all,0.012788405005876446,0.025534200020657774,2.0525781577761952,False,0.3415313748522802,0.5982456140350877,P,0.44057112091983075,0.5966569914185705,0.8602283562010831,True,True,D,False,0.7010198402170644,0.3333333333333333,0.8,0.6974720946656601,-1.1267678555816047,-1.8242399502472648,0.6974720946656601,P,D,D,0.0,True,0
2,2ebe,30,A,True,unseen_protein_covered_source,unseen_protein_covered_source,legacy_restricted_s231303,old,0.0026635302455695798,0.019367174182771812,2.077905052389849,False,0.035585289586062996,0.1824561403508772,E,0.4544983022117894,0.6004520536024109,0.8685271339937838,False,False,D,False,0.07394285302163617,0.3333333333333333,0.4,0.059334538166916584,-1.7649054120803482,-1.8242399502472648,0.059334538166916584,E,D,D,0.0,True,0
2,2ebe,30,A,True,unseen_protein_covered_source,unseen_protein_covered_source,legacy_restricted_s231303,new,0.024245880558387705,0.036669636432782496,2.044005256350168,False,0.029028564375057412,0.5070175438596491,E,0.43191711028712565,0.5932186880063824,0.8541607102769362,True,True,D,False,0.059334538166916584,0.6666666666666666,0.8,0.059334538166916584,-1.7649054120803482,-1.8242399502472648,0.059334538166916584,E,D,D,0.0,True,0
2,2ebe,30,A,True,unseen_protein_covered_source,unseen_protein_covered_source,legacy_restricted_s231303,all,0.013681130476367688,0.024595057644137917,2.0525781577761952,False,0.032465850492374854,0.5280701754385965,E,0.44320770624945743,0.5968353708043966,0.8609860931715312,True,True,D,False,0.06663869559427615,0.6666666666666666,0.8,0.059334538166916584,-1.7649054120803482,-1.8242399502472648,0.059334538166916584,E,D,D,0.0,True,0
2,2ebe,30,A,True,unseen_protein_covered_source,unseen_protein_covered_source,legacy_wt_z,old,0.00031852661663174617,0.01440613095876453,2.077905052389849,False,0.33907592888237553,-0.015789473684210527,P,0.4655946276841961,0.6024317263175564,0.8758074163498192,False,False,D,False,0.7045675857684692,0.0,0.4,0.6974720946656601,-1.1267678555816047,-1.8242399502472648,0.6974720946656601,P,D,D,0.0,True,0
2,2ebe,30,A,True,unseen_protein_covered_source,unseen_protein_covered_source,legacy_wt_z,new,0.023142958413664986,0.03634489185672326,2.044005256350168,False,0.0,0.41754385964912283,D,0.4451506845109819,0.5949460564442575,0.8616500885454984,True,True,D,True,0.0,0.6666666666666666,0.8,0.6974720946656601,-1.1267678555816047,-1.8242399502472648,0.6974720946656601,P,D,D,0.0,True,0
2,2ebe,30,A,True,unseen_protein_covered_source,unseen_protein_covered_source,legacy_wt_z,all,0.011950250806844564,0.022655686007866414,2.0525781577761952,False,0.0,0.4298245614035088,D,0.4553726560975891,0.5986888913809069,0.8683979389144542,True,True,D,True,0.0,0.6666666666666666,0.8,0.6974720946656601,-1.1267678555816047,-1.8242399502472648,0.6974720946656601,P,D,D,0.0,True,0
2,2ebe,47,E,True,unseen_protein_uncovered_source,unseen_protein_uncovered_source,restricted_context_s231301,all,-0.018436875194832458,0.07981374766002529,2.0162171052891793,False,1.0,-0.13859649122807016,V,1.3864386363304562,1.4171358354734647,1.5257461694045988,False,False,N,False,2.0162171052891793,0.0,0.0,1.9903219204313618,0.12047708565392345,-1.8698448347774383,1.9903219204313618,V,N,N,0.0,False,2
2,2ebe,47,E,True,unseen_protein_uncovered_source,unseen_protein_uncovered_source,restricted_context_s231301,new,-0.017930018829604277,0.0800791677557541,1.9903219204313618,False,1.0,-0.14385964912280702,V,1.3957709582548365,1.4203852019524752,1.5332337762033805,False,False,N,False,1.9903219204313618,0.0,0.0,1.9903219204313618,0.12047708565392345,-1.8698448347774383,1.9903219204313618,V,N,N,0.0,False,2
2,2ebe,47,E,True,unseen_protein_uncovered_source,unseen_protein_uncovered_source,restricted_context_s231301,old,-0.018907391926002236,0.0794885954013086,2.042112290146997,False,1.0,-0.13508771929824562,V,1.3771063144060758,1.4138864689944546,1.5184813109061799,False,False,N,False,2.042112290146997,0.0,0.2,1.9903219204313618,0.12047708565392345,-1.8698448347774383,1.9903219204313618,V,N,N,0.0,False,2
2,2ebe,47,E,True,unseen_protein_uncovered_source,unseen_protein_uncovered_source,restricted_aa_only_s231301,all,-0.0527120215313389,0.14999694404850478,2.0162171052891793,False,1.0,-0.2263157894736842,V,1.37518415408845,1.4158299588049497,1.5263519120796858,False,False,N,False,2.0162171052891793,0.3333333333333333,0.4,1.9903219204313618,0.12047708565392345,-1.8698448347774383,1.9903219204313618,V,N,N,0.0,False,2
2,2ebe,47,E,True,unseen_protein_uncovered_source,unseen_protein_uncovered_source,restricted_aa_only_s231301,new,-0.05238021075123058,0.1504957579047087,1.9903219204313618,False,1.0,-0.23859649122807017,V,1.3845164760128303,1.4190793252839602,1.5337546611001291,False,False,N,False,1.9903219204313618,0.3333333333333333,0.4,1.9903219204313618,0.12047708565392345,-1.8698448347774383,1.9903219204313618,V,N,N,0.0,False,2
2,2ebe,47,E,True,unseen_protein_uncovered_source,unseen_protein_uncovered_source,restricted_aa_only_s231301,old,-0.05295635469961837,0.14938587331711,2.042112290146997,False,1.0,-0.23333333333333334,V,1.3658518321640698,1.4125805923259396,1.5191726418445228,False,False,N,False,2.042112290146997,0.3333333333333333,0.4,1.9903219204313618,0.12047708565392345,-1.8698448347774383,1.9903219204313618,V,N,N,0.0,False,2
2,2ebe,47,E,True,unseen_protein_uncovered_source,unseen_protein_uncovered_source,restricted_context_s231303,all,-0.38017406260944686,0.8866441865189401,2.0162171052891793,False,1.0,-0.12982456140350876,V,2.0127916717755117,2.1099143102880342,2.245348446251372,False,False,N,False,2.0162171052891793,0.0,0.2,1.9903219204313618,0.12047708565392345,-1.8698448347774383,1.9903219204313618,V,N,N,0.0,False,2
2,2ebe,47,E,True,unseen_protein_uncovered_source,unseen_protein_uncovered_source,restricted_context_s231303,new,-0.37631820879386374,0.8895927159610818,1.9903219204313618,False,1.0,-0.13508771929824562,V,2.0221239936998923,2.1157133252330884,2.2520513796421406,False,False,N,False,1.9903219204313618,0.0,0.2,1.9903219204313618,0.12047708565392345,-1.8698448347774383,1.9903219204313618,V,N,N,0.0,False,2
2,2ebe,47,E,True,unseen_protein_uncovered_source,unseen_protein_uncovered_source,restricted_context_s231303,old,-0.38337750761386485,0.8830320975195278,2.042112290146997,False,1.0,-0.1,V,2.0034593498511315,2.10411529534298,2.238801561276802,False,False,N,False,2.042112290146997,0.0,0.2,1.9903219204313618,0.12047708565392345,-1.8698448347774383,1.9903219204313618,V,N,N,0.0,False,2
2,2ebe,47,E,True,unseen_protein_uncovered_source,unseen_protein_uncovered_source,restricted_aa_only_s231303,all,-0.029986852938762094,0.08008505441133783,2.0162171052891793,False,1.0,0.04385964912280702,V,1.389253265454811,1.4239835188719834,1.5312458106441464,False,False,N,False,2.0162171052891793,0.0,0.4,1.9903219204313618,0.12047708565392345,-1.8698448347774383,1.9903219204313618,V,N,N,0.0,False,2
2,2ebe,47,E,True,unseen_protein_uncovered_source,unseen_protein_uncovered_source,restricted_aa_only_s231303,new,-0.02928022344364321,0.08035137673589333,1.9903219204313618,False,1.0,0.021052631578947368,V,1.3985855873791915,1.427232885350994,1.5386542537248988,False,False,N,False,1.9903219204313618,0.0,0.4,1.9903219204313618,0.12047708565392345,-1.8698448347774383,1.9903219204313618,V,N,N,0.0,False,2
2,2ebe,47,E,True,unseen_protein_uncovered_source,unseen_protein_uncovered_source,restricted_aa_only_s231303,old,-0.03063610785783953,0.07975879687933703,2.042112290146997,False,1.0,0.005263157894736842,V,1.379920943530431,1.4207341523929733,1.5240600742363757,False,False,N,False,2.042112290146997,0.0,0.2,1.9903219204313618,0.12047708565392345,-1.8698448347774383,1.9903219204313618,V,N,N,0.0,False,2
2,2ebe,47,E,True,unseen_protein_uncovered_source,unseen_protein_uncovered_source,expanded_context_s231301,all,0.02481294160533306,0.1474426616818496,2.0162171052891793,False,0.11062705835763365,0.09298245614035087,Q,1.3857566216372685,1.3900991688891822,1.516030989959717,False,False,N,False,0.2230481673684852,0.0,0.2,0.22731730833162778,-1.6425275264458106,-1.8698448347774383,0.22731730833162778,Q,N,N,0.0,False,3
2,2ebe,47,E,True,unseen_protein_uncovered_source,unseen_protein_uncovered_source,expanded_context_s231301,new,0.024217637486258742,0.14793298128875246,1.9903219204313618,False,0.11421132732254759,0.0824561403508772,Q,1.395088943561649,1.3958981838342361,1.5239146335320888,False,False,N,False,0.22731730833162778,0.0,0.2,0.22731730833162778,-1.6425275264458106,-1.8698448347774383,0.22731730833162778,Q,N,N,0.0,False,3
2,2ebe,47,E,True,unseen_protein_uncovered_source,unseen_protein_uncovered_source,expanded_context_s231301,old,0.025360614807283948,0.14684199681041338,2.042112290146997,False,0.1071336906696713,0.10175438596491228,Q,1.3764242997128884,1.3843001539441282,1.5083675519911763,False,False,N,False,0.2187790264053424,0.0,0.2,0.22731730833162778,-1.6425275264458106,-1.8698448347774383,0.22731730833162778,Q,N,N,0.0,False,3
2,2ebe,47,E,True,unseen_protein_uncovered_source,unseen_protein_uncovered_source,expanded_aa_only_s231301,all,-0.01264854269599382,0.049460945905374566,2.0162171052891793,False,0.31485302099545615,-0.3543859649122807,C,1.4034389229344644,1.42456466097244,1.5392538329165553,False,False,N,False,0.6348120465830118,0.0,0.2,0.6101880900057506,-1.2596567447716878,-1.8698448347774383,0.6101880900057506,C,N,N,0.0,False,1
2,2ebe,47,E,True,unseen_protein_uncovered_source,unseen_protein_uncovered_source,expanded_aa_only_s231301,new,-0.012098110771435912,0.049625427957426076,1.9903219204313618,False,0.3065775861391833,-0.3614035087719299,C,1.4127712448588448,1.4278140274514504,1.546777369926694,False,False,N,False,0.6101880900057506,0.0,0.2,0.6101880900057506,-1.2596567447716878,-1.8698448347774383,0.6101880900057506,C,N,N,0.0,False,1
2,2ebe,47,E,True,unseen_protein_uncovered_source,unseen_protein_uncovered_source,expanded_aa_only_s231301,old,-0.013171065144995447,0.04925944755764755,2.042112290146997,False,0.3229185810897818,-0.3368421052631579,C,1.394106601010084,1.4213152944934297,1.5319507333252873,False,False,N,False,0.6594360031602731,0.0,0.2,0.6101880900057506,-1.2596567447716878,-1.8698448347774383,0.6101880900057506,C,N,N,0.0,False,1
2,2ebe,47,E,True,unseen_protein_uncovered_source,unseen_protein_uncovered_source,expanded_context_s231303,all,-0.018476335139252894,0.08502801796649122,2.0162171052891793,False,1.0,-0.1649122807017544,V,1.4505996874533935,1.4675557229685123,1.5843906310938909,True,True,N,False,2.0162171052891793,0.3333333333333333,0.2,1.9903219204313618,0.12047708565392345,-1.8698448347774383,1.9903219204313618,V,N,N,0.0,False,2
2,2ebe,47,E,True,unseen_protein_uncovered_source,unseen_protein_uncovered_source,expanded_context_s231303,new,-0.018027552584209357,0.08531077808401419,1.9903219204313618,False,1.0,-0.15438596491228068,V,1.459932009377774,1.4733547379135665,1.5919925624034468,True,True,N,False,1.9903219204313618,0.3333333333333333,0.2,1.9903219204313618,0.12047708565392345,-1.8698448347774383,1.9903219204313618,V,N,N,0.0,False,2
2,2ebe,47,E,True,unseen_protein_uncovered_source,unseen_protein_uncovered_source,expanded_context_s231303,old,-0.01888956963861383,0.0846816233552048,2.042112290146997,False,1.0,-0.16666666666666666,V,1.4412673655290131,1.4633454345157357,1.5770020869374008,True,True,N,False,2.042112290146997,0.3333333333333333,0.2,1.9903219204313618,0.12047708565392345,-1.8698448347774383,1.9903219204313618,V,N,N,0.0,False,2
2,2ebe,47,E,True,unseen_protein_uncovered_source,unseen_protein_uncovered_source,expanded_aa_only_s231303,all,0.020138171839419808,0.04986155181133054,2.0162171052891793,False,0.09036627775491671,0.46315789473684205,T,1.172274423601434,1.233111532115392,1.3222725216181257,True,True,N,False,0.18219803495077613,0.6666666666666666,0.6,0.1599301684711092,-1.7099146663063292,-1.8698448347774383,0.1599301684711092,T,N,N,0.0,False,1
2,2ebe,47,E,True,unseen_protein_uncovered_source,unseen_protein_uncovered_source,expanded_aa_only_s231303,new,0.020507367018274533,0.05002736607570168,1.9903219204313618,False,0.08035392005150985,0.4456140350877193,T,1.1816067455258144,1.2363608985944026,1.3295174567120291,True,True,N,False,0.1599301684711092,0.6666666666666666,0.6,0.1599301684711092,-1.7099146663063292,-1.8698448347774383,0.1599301684711092,T,N,N,0.0,False,1
2,2ebe,47,E,True,unseen_protein_uncovered_source,unseen_protein_uncovered_source,expanded_aa_only_s231303,old,0.019742844897694255,0.04965842144006127,2.042112290146997,False,0.10012471028991518,0.419298245614035,T,1.1629421016770538,1.2298621656363817,1.3152874713564733,True,True,N,False,0.2044659014304433,0.6666666666666666,0.6,0.1599301684711092,-1.7099146663063292,-1.8698448347774383,0.1599301684711092,T,N,N,0.0,False,1
2,2ebe,47,E,True,unseen_protein_uncovered_source,unseen_protein_uncovered_source,legacy_baseline,old,0.9997802478654331,0.9997804273811972,2.042112290146997,False,0.0,0.9982456140350877,N,-0.00016029678926658027,0.000328442587899798,0.0004305337745455367,True,True,N,True,0.0,1.0,1.0,0.0,-1.8698448347774383,-1.8698448347774383,0.0,N,N,N,0.0,False,0
2,2ebe,47,E,True,unseen_protein_uncovered_source,unseen_protein_uncovered_source,legacy_baseline,new,0.9994466945156425,0.9994471570573883,1.9903219204313618,False,0.0,1.0,N,3.299997390786218e-05,0.000507427390094929,0.0006903005462221732,True,True,N,True,0.0,1.0,1.0,0.0,-1.8698448347774383,-1.8698448347774383,0.0,N,N,N,0.0,False,0
2,2ebe,47,E,True,unseen_protein_uncovered_source,unseen_protein_uncovered_source,legacy_baseline,all,0.9996182695274269,0.9996184985850181,2.0162171052891793,False,0.0,1.0,N,-6.36484076793386e-05,0.00038981591463399816,0.0004886691488830667,True,True,N,True,0.0,1.0,1.0,0.0,-1.8698448347774383,-1.8698448347774383,0.0,N,N,N,0.0,False,0
2,2ebe,47,E,True,unseen_protein_uncovered_source,unseen_protein_uncovered_source,legacy_exact,old,1.0,1.0,2.042112290146997,False,0.0,1.0,N,0.0,0.0,0.0,True,True,N,True,0.0,1.0,1.0,0.0,-1.8698448347774383,-1.8698448347774383,0.0,N,N,N,0.0,False,0
2,2ebe,47,E,True,unseen_protein_uncovered_source,unseen_protein_uncovered_source,legacy_exact,new,1.0,1.0,1.9903219204313618,False,0.0,1.0,N,0.0,0.0,0.0,True,True,N,True,0.0,1.0,1.0,0.0,-1.8698448347774383,-1.8698448347774383,0.0,N,N,N,0.0,False,0
2,2ebe,47,E,True,unseen_protein_uncovered_source,unseen_protein_uncovered_source,legacy_exact,all,1.0,1.0,2.0162171052891793,False,0.0,1.0,N,0.0,0.0,0.0,True,True,N,True,0.0,1.0,1.0,0.0,-1.8698448347774383,-1.8698448347774383,0.0,N,N,N,0.0,False,0
2,2ebe,47,E,True,unseen_protein_uncovered_source,unseen_protein_uncovered_source,legacy_expanded_s231301,old,-0.0030766795785182235,0.01603604650669684,2.042112290146997,False,0.3229185810897818,-0.22280701754385965,C,1.3666592638165926,1.3962261441350625,1.5041049297695117,False,False,N,False,0.6594360031602731,0.0,0.0,0.6101880900057506,-1.2596567447716878,-1.8698448347774383,0.6101880900057506,C,N,N,0.0,False,1
2,2ebe,47,E,True,unseen_protein_uncovered_source,unseen_protein_uncovered_source,legacy_expanded_s231301,new,0.019698659837337616,0.031703242973928854,1.9903219204313618,False,0.008958366128303476,0.4070175438596491,W,1.337517873820368,1.3566641831740973,1.4698375752107125,False,False,N,False,0.01783003247641224,0.3333333333333333,0.4,0.6101880900057506,-1.2596567447716878,-1.8698448347774383,0.6101880900057506,C,N,N,0.0,False,1
2,2ebe,47,E,True,unseen_protein_uncovered_source,unseen_protein_uncovered_source,legacy_expanded_s231301,all,0.00842839848001642,0.01628716028305057,2.0162171052891793,False,0.09263377490066957,0.06666666666666667,H,1.35208856881848,1.3764451636545796,1.4867966816670863,False,False,N,False,0.18676980148223743,0.0,0.2,0.6101880900057506,-1.2596567447716878,-1.8698448347774383,0.6101880900057506,C,N,N,0.0,False,1
2,2ebe,47,E,True,unseen_protein_uncovered_source,unseen_protein_uncovered_source,legacy_expanded_s231303,old,-0.007086393740020192,0.021179714296834927,2.042112290146997,False,0.9743371675258641,-0.27368421052631575,I,1.3739813109349759,1.404273720784671,1.51182601280082,False,False,N,False,1.9897059045515806,0.0,0.0,1.9566050465883182,0.0867602118108799,-1.8698448347774383,1.9566050465883182,I,N,N,0.0,False,1
2,2ebe,47,E,True,unseen_protein_uncovered_source,unseen_protein_uncovered_source,legacy_expanded_s231303,new,0.013426244271928137,0.03139450449857683,1.9903219204313618,False,0.11421132732254759,0.2508771929824561,Q,1.3416517200889295,1.3628529974170809,1.4752411013611333,False,False,N,False,0.22731730833162778,0.0,0.4,1.9566050465883182,0.0867602118108799,-1.8698448347774383,1.9566050465883182,I,N,N,0.0,False,1
2,2ebe,47,E,True,unseen_protein_uncovered_source,unseen_protein_uncovered_source,legacy_expanded_s231303,all,0.0032674917154748013,0.01922372289874186,2.0162171052891793,False,0.31485302099545615,-0.08771929824561404,C,1.3578165155119526,1.3835633591008756,1.493365658289284,False,False,N,False,0.6348120465830118,0.0,0.0,1.9566050465883182,0.0867602118108799,-1.8698448347774383,1.9566050465883182,I,N,N,0.0,False,1
2,2ebe,47,E,True,unseen_protein_uncovered_source,unseen_protein_uncovered_source,legacy_oracle_r32,old,0.9982373684951871,0.9983607133699998,2.042112290146997,False,0.0,1.0,N,0.0008218782552258677,0.007195975200173174,0.009922017453145185,True,True,N,True,0.0,1.0,1.0,0.0,-1.8698448347774383,-1.8698448347774383,0.0,N,N,N,0.0,False,0
2,2ebe,47,E,True,unseen_protein_uncovered_source,unseen_protein_uncovered_source,legacy_oracle_r32,new,1.0001607978608984,1.000275822722348,1.9903219204313618,False,0.0,1.0,N,-0.00431396466501519,0.00842229819289613,0.010368593575750745,True,True,N,True,0.0,1.0,1.0,0.0,-1.8698448347774383,-1.8698448347774383,0.0,N,N,N,0.0,False,0
2,2ebe,47,E,True,unseen_protein_uncovered_source,unseen_protein_uncovered_source,legacy_oracle_r32,all,0.999238158868836,0.9993442188742802,2.0162171052891793,False,0.0,1.0,N,-0.0017460432048946755,0.006496120828545922,0.009257624877428598,True,True,N,True,0.0,1.0,1.0,0.0,-1.8698448347774383,-1.8698448347774383,0.0,N,N,N,0.0,False,0
2,2ebe,47,E,True,unseen_protein_uncovered_source,unseen_protein_uncovered_source,legacy_restricted_s231301,old,-0.007615904410972022,0.020111139445485187,2.042112290146997,False,0.9743371675258641,-0.29298245614035084,I,1.3563429519448107,1.3906039538159514,1.4959469761865527,False,False,N,False,1.9897059045515806,0.0,0.2,1.9566050465883182,0.0867602118108799,-1.8698448347774383,1.9566050465883182,I,N,N,0.0,False,1
2,2ebe,47,E,True,unseen_protein_uncovered_source,unseen_protein_uncovered_source,legacy_restricted_s231301,new,0.013474146184791277,0.02479275475372726,1.9903219204313618,False,0.008958366128303476,0.4070175438596491,W,1.3214249185513058,1.3467001652291366,1.4568083209201708,False,False,N,False,0.01783003247641224,0.3333333333333333,0.4,1.9566050465883182,0.0867602118108799,-1.8698448347774383,1.9566050465883182,I,N,N,0.0,False,1
2,2ebe,47,E,True,unseen_protein_uncovered_source,unseen_protein_uncovered_source,legacy_restricted_s231301,all,0.0030401941977507498,0.013374388440100278,2.0162171052891793,False,0.03984920070795971,0.0456140350877193,P,1.3388839352480582,1.3686520595225438,1.4762073438681045,False,False,N,False,0.08034464009949005,0.0,0.0,1.9566050465883182,0.0867602118108799,-1.8698448347774383,1.9566050465883182,I,N,N,0.0,False,1
2,2ebe,47,E,True,unseen_protein_uncovered_source,unseen_protein_uncovered_source,legacy_restricted_s231303,old,-0.00712429984784281,0.022478814007566426,2.042112290146997,False,0.9743371675258641,-0.26842105263157895,I,1.3649541215576002,1.3964550792417691,1.5036438951967304,False,False,N,False,1.9897059045515806,0.0,0.0,1.9566050465883182,0.0867602118108799,-1.8698448347774383,1.9566050465883182,I,N,N,0.0,False,1
2,2ebe,47,E,True,unseen_protein_uncovered_source,unseen_protein_uncovered_source,legacy_restricted_s231303,new,0.018062331139288502,0.03146502464201184,1.9903219204313618,False,0.4450099134335161,0.20175438596491227,L,1.328627747434949,1.3498372321506507,1.4621827992214727,False,False,N,False,0.8857129855159899,0.0,0.2,1.9566050465883182,0.0867602118108799,-1.8698448347774383,1.9566050465883182,I,N,N,0.0,False,1
2,2ebe,47,E,True,unseen_protein_uncovered_source,unseen_protein_uncovered_source,legacy_restricted_s231303,all,0.005628674701535035,0.019229228468151345,2.0162171052891793,False,0.42353988464346787,-0.04736842105263158,L,1.3467909344962745,1.37314615569621,1.4827288366811078,False,False,N,False,0.8539483601903657,0.0,0.2,1.9566050465883182,0.0867602118108799,-1.8698448347774383,1.9566050465883182,I,N,N,0.0,False,1
2,2ebe,47,E,True,unseen_protein_uncovered_source,unseen_protein_uncovered_source,legacy_wt_z,old,-0.003031785344280357,0.016010813931493714,2.042112290146997,False,0.3229185810897818,-0.22280701754385965,C,1.3665000416020634,1.3960852453659058,1.5039484500846896,False,False,N,False,0.6594360031602731,0.0,0.0,0.6101880900057506,-1.2596567447716878,-1.8698448347774383,0.6101880900057506,C,N,N,0.0,False,1
2,2ebe,47,E,True,unseen_protein_uncovered_source,unseen_protein_uncovered_source,legacy_wt_z,new,0.019755587497617272,0.031724356894261556,1.9903219204313618,False,0.008958366128303476,0.4070175438596491,W,1.3375939187869075,1.3567275620746706,1.4698919897015192,False,False,N,False,0.01783003247641224,0.3333333333333333,0.4,0.6101880900057506,-1.2596567447716878,-1.8698448347774383,0.6101880900057506,C,N,N,0.0,False,1
2,2ebe,47,E,True,unseen_protein_uncovered_source,unseen_protein_uncovered_source,legacy_wt_z,all,0.008478444572584752,0.01631911407172632,2.0162171052891793,False,0.09263377490066957,0.06666666666666667,H,1.3520469801944852,1.3764064037202883,1.4867459074666443,False,False,N,False,0.18676980148223743,0.0,0.2,0.6101880900057506,-1.2596567447716878,-1.8698448347774383,0.6101880900057506,C,N,N,0.0,False,1
6,4pt4,10,L,True,unseen_protein_uncovered_source,unseen_protein_covered_source,restricted_context_s231301,all,6.094213727464123,20.630371493710726,0.053611210187054614,False,0.0,0.19649122807017544,C,-0.1523610984772749,0.21040291068076172,0.2667681200686707,True,True,C,True,0.0,0.3333333333333333,0.2,0.0,-0.0102396349584859,-0.0102396349584859,0.0,C,C,C,0.0,True,0
6,4pt4,10,L,True,unseen_protein_uncovered_source,unseen_protein_covered_source,restricted_context_s231301,new,3.376043378386165,15.405435731389467,0.06856770394001177,False,0.0,0.04912280701754386,C,-0.1559816338699022,0.2113879294586869,0.26904013665333903,True,True,C,True,0.0,0.3333333333333333,0.2,0.0,-0.0102396349584859,-0.0102396349584859,0.0,C,C,C,0.0,True,0
6,4pt4,10,L,True,unseen_protein_uncovered_source,unseen_protein_covered_source,restricted_context_s231301,old,6.776756990096306,21.684361712704593,0.03865471643409746,False,0.0,0.3298245614035088,C,-0.14874056308464756,0.2094178919028365,0.2646788665791795,True,True,C,True,0.0,0.3333333333333333,0.4,0.0,-0.0102396349584859,-0.0102396349584859,0.0,C,C,C,0.0,True,0
6,4pt4,10,L,True,unseen_protein_uncovered_source,unseen_protein_covered_source,restricted_aa_only_s231301,all,1.3989775631237458,6.579792058152204,0.053611210187054614,False,0.4642068619814628,0.02631578947368421,V,-0.046035959724877146,0.07297439088093519,0.08319021910188702,False,False,C,False,0.024886691647961257,0.0,0.2,0.035112891911834976,0.024873256953349077,-0.0102396349584859,0.035112891911834976,V,C,C,0.0,True,0
6,4pt4,10,L,True,unseen_protein_uncovered_source,unseen_protein_covered_source,restricted_aa_only_s231301,new,0.32855915037306227,4.913365894001091,0.06856770394001177,False,0.5120908225620971,-0.15964912280701754,V,-0.04965649511750445,0.07615302000974962,0.08686917343010435,False,False,C,False,0.035112891911834976,0.0,0.2,0.035112891911834976,0.024873256953349077,-0.0102396349584859,0.035112891911834976,V,C,C,0.0,True,0
6,4pt4,10,L,True,unseen_protein_uncovered_source,unseen_protein_covered_source,restricted_aa_only_s231301,old,2.440182102082643,6.915948703437052,0.03865471643409746,False,0.3792678549093033,0.2719298245614035,V,-0.042415424332249825,0.06979576175212072,0.08001255895265112,False,False,C,False,0.014660491384087537,0.0,0.4,0.035112891911834976,0.024873256953349077,-0.0102396349584859,0.035112891911834976,V,C,C,0.0,True,0
6,4pt4,10,L,True,unseen_protein_uncovered_source,unseen_protein_covered_source,restricted_context_s231303,all,-2.26882179332105,5.9976214941694606,0.053611210187054614,False,0.5301159157259021,-0.2964912280701754,H,0.08371387431633205,0.09076158120358388,0.10867780839678559,False,False,C,False,0.02842015578148427,0.3333333333333333,0.2,0.03319641333943868,0.02295677838095278,-0.0102396349584859,0.03319641333943868,H,C,C,0.0,False,1
6,4pt4,10,L,True,unseen_protein_uncovered_source,unseen_protein_covered_source,restricted_context_s231303,new,-1.9990062351148927,4.478638326885926,0.06856770394001177,False,0.48414065853045657,-0.40877192982456134,H,0.08009333892370475,0.08835281279858564,0.1077689871318105,False,False,C,False,0.03319641333943868,0.0,0.0,0.03319641333943868,0.02295677838095278,-0.0102396349584859,0.03319641333943868,H,C,C,0.0,False,1
6,4pt4,10,L,True,unseen_protein_uncovered_source,unseen_protein_covered_source,restricted_context_s231303,old,-1.052550837147637,6.304035481625243,0.03865471643409746,False,0.6116691675604556,-0.12982456140350876,H,0.08733440970895938,0.0933160181821245,0.11006641296318156,False,False,C,False,0.023643898223529858,0.3333333333333333,0.2,0.03319641333943868,0.02295677838095278,-0.0102396349584859,0.03319641333943868,H,C,C,0.0,False,1
6,4pt4,10,L,True,unseen_protein_uncovered_source,unseen_protein_covered_source,restricted_aa_only_s231303,all,0.3184015202960964,4.884398680466889,0.053611210187054614,False,0.4642068619814628,-0.03684210526315789,V,-0.05073388855497609,0.06678309741827823,0.07332387345279857,False,True,C,False,0.024886691647961257,0.0,0.2,0.035112891911834976,0.024873256953349077,-0.0102396349584859,0.035112891911834976,V,C,C,0.0,True,0
6,4pt4,10,L,True,unseen_protein_uncovered_source,unseen_protein_covered_source,restricted_aa_only_s231303,new,-0.44811340848819053,3.647355064902995,0.06856770394001177,False,0.5120908225620971,-0.2421052631578947,V,-0.0543544239476034,0.07109767878263437,0.07815569681625217,False,True,C,False,0.035112891911834976,0.0,0.2,0.035112891911834976,0.024873256953349077,-0.0102396349584859,0.035112891911834976,V,C,C,0.0,True,0
6,4pt4,10,L,True,unseen_protein_uncovered_source,unseen_protein_covered_source,restricted_aa_only_s231303,old,1.5913697726523257,5.133938948631624,0.03865471643409746,False,0.3792678549093033,0.3298245614035088,V,-0.04711335316234878,0.06276870603625194,0.06893116614094956,False,True,C,False,0.014660491384087537,0.0,0.4,0.035112891911834976,0.024873256953349077,-0.0102396349584859,0.035112891911834976,V,C,C,0.0,True,0
6,4pt4,10,L,True,unseen_protein_uncovered_source,unseen_protein_covered_source,expanded_context_s231301,all,-0.0417284180868545,0.8107554747305136,0.053611210187054614,False,0.0,-0.18947368421052632,C,-0.008030944944482993,0.012496142923117246,0.016306898456028736,True,True,C,True,0.0,0.3333333333333333,0.4,0.0,-0.0102396349584859,-0.0102396349584859,0.0,C,C,C,0.0,True,0
6,4pt4,10,L,True,unseen_protein_uncovered_source,unseen_protein_covered_source,expanded_context_s231301,new,-0.0669867877764885,0.6054200896789831,0.06856770394001177,False,0.0,-0.32631578947368417,C,-0.011651480337110305,0.016988576129933028,0.02114509497654871,True,True,C,True,0.0,0.3333333333333333,0.2,0.0,-0.0102396349584859,-0.0102396349584859,0.0,C,C,C,0.0,True,0
6,4pt4,10,L,True,unseen_protein_uncovered_source,unseen_protein_covered_source,expanded_context_s231301,old,0.04051725483370102,0.8521763643457199,0.03865471643409746,False,0.0,0.16140350877192983,C,-0.004410409551855682,0.01069517919445057,0.013847476560163675,True,True,C,True,0.0,0.3333333333333333,0.6,0.0,-0.0102396349584859,-0.0102396349584859,0.0,C,C,C,0.0,True,0
6,4pt4,10,L,True,unseen_protein_uncovered_source,unseen_protein_covered_source,expanded_aa_only_s231301,all,-0.020400531574861398,0.581196607108992,0.053611210187054614,False,0.7444084143459907,-0.042105263157894736,I,-0.005854513008540703,0.01023032665147805,0.0139207233801467,True,True,C,False,0.03990863596651495,0.3333333333333333,0.4,0.05359020837300599,0.04335057341452009,-0.0102396349584859,0.05359020837300599,I,C,C,0.0,False,1
6,4pt4,10,L,True,unseen_protein_uncovered_source,unseen_protein_covered_source,expanded_aa_only_s231301,new,-0.011197967780772375,0.43400027870795915,0.06856770394001177,False,0.7815663248676195,0.02280701754385965,I,-0.009475048401168015,0.014056988489895105,0.018466453490850715,True,True,C,False,0.05359020837300599,0.6666666666666666,0.6,0.05359020837300599,0.04335057341452009,-0.0102396349584859,0.05359020837300599,I,C,C,0.0,False,1
6,4pt4,10,L,True,unseen_protein_uncovered_source,unseen_protein_covered_source,expanded_aa_only_s231301,old,-0.022890268064791185,0.6108895062112717,0.03865471643409746,False,0.6784958209365863,0.0035087719298245615,I,-0.0022339776159133913,0.009941781647424389,0.012393584972253036,True,True,C,False,0.02622706356002391,0.3333333333333333,0.2,0.05359020837300599,0.04335057341452009,-0.0102396349584859,0.05359020837300599,I,C,C,0.0,False,1
6,4pt4,10,L,True,unseen_protein_uncovered_source,unseen_protein_covered_source,expanded_context_s231303,all,-1.6475546351451473,8.19336795044355,0.053611210187054614,False,0.34764207020800447,0.04912280701754386,M,-0.09818957490782901,0.09916279173363667,0.13381201418928274,False,False,C,False,0.018637512095784126,0.0,0.2,0.03726963332908839,0.027029998370602493,-0.0102396349584859,0.03726963332908839,M,C,C,0.0,False,1
6,4pt4,10,L,True,unseen_protein_uncovered_source,unseen_protein_covered_source,expanded_context_s231303,new,-2.176284915404009,6.118280682568606,0.06856770394001177,False,0.5435450100778451,-0.11228070175438597,M,-0.10181011030045632,0.10214530052115214,0.13872079676775367,False,False,C,False,0.03726963332908839,0.0,0.0,0.03726963332908839,0.027029998370602493,-0.0102396349584859,0.03726963332908839,M,C,C,0.0,False,1
6,4pt4,10,L,True,unseen_protein_uncovered_source,unseen_protein_covered_source,expanded_context_s231303,old,0.6714251913636572,8.61196097883463,0.03865471643409746,False,0.00013946195903545723,0.15087719298245614,M,-0.09456903951520171,0.09618028294612124,0.12913128436225776,False,False,C,False,5.390862479859315e-06,0.3333333333333333,0.4,0.03726963332908839,0.027029998370602493,-0.0102396349584859,0.03726963332908839,M,C,C,0.0,False,1
6,4pt4,10,L,True,unseen_protein_uncovered_source,unseen_protein_covered_source,expanded_aa_only_s231303,all,-0.019344959140066394,0.5716762872132723,0.053611210187054614,False,0.7444084143459907,-0.03508771929824562,I,-0.005515887135720528,0.010029728421168315,0.013726689292903604,True,True,C,False,0.03990863596651495,0.3333333333333333,0.4,0.05359020837300599,0.04335057341452009,-0.0102396349584859,0.05359020837300599,I,C,C,0.0,False,1
6,4pt4,10,L,True,unseen_protein_uncovered_source,unseen_protein_covered_source,expanded_aa_only_s231303,new,-0.012057458146390249,0.42689111558210424,0.06856770394001177,False,0.7815663248676195,0.015789473684210527,I,-0.00913642252834784,0.013934029426831435,0.018270038698211286,True,True,C,False,0.05359020837300599,0.6666666666666666,0.6,0.05359020837300599,0.04335057341452009,-0.0102396349584859,0.05359020837300599,I,C,C,0.0,False,1
6,4pt4,10,L,True,unseen_protein_uncovered_source,unseen_protein_covered_source,expanded_aa_only_s231303,old,-0.018855010308780954,0.6008828003067087,0.03865471643409746,False,0.6784958209365863,0.03859649122807017,I,-0.001895351743093217,0.00980534644473999,0.01225101865131116,True,True,C,False,0.02622706356002391,0.3333333333333333,0.2,0.05359020837300599,0.04335057341452009,-0.0102396349584859,0.05359020837300599,I,C,C,0.0,False,1
6,4pt4,10,L,True,unseen_protein_uncovered_source,unseen_protein_covered_source,legacy_baseline,old,1.0088931433629558,1.0094409966222082,0.03865471643409746,False,0.00013946195903545723,0.9964912280701754,M,0.0002890294869834176,0.0004050098085739008,0.0004556619758488083,True,True,C,False,5.390862479859315e-06,1.0,1.0,0.03726963332908839,0.027029998370602493,-0.0102396349584859,0.03726963332908839,M,C,C,0.0,False,1
6,4pt4,10,L,True,unseen_protein_uncovered_source,unseen_protein_covered_source,legacy_baseline,new,1.003895314767302,1.0041172472484257,0.06856770394001177,False,0.0,0.9947368421052631,C,0.0006932451014729093,0.0006932451014729093,0.0007590843847485483,True,True,C,True,0.0,1.0,1.0,0.03726963332908839,0.027029998370602493,-0.0102396349584859,0.03726963332908839,M,C,C,0.0,False,1
6,4pt4,10,L,True,unseen_protein_uncovered_source,unseen_protein_covered_source,legacy_baseline,all,1.007312170572477,1.0077304177464543,0.053611210187054614,False,0.0,0.9964912280701754,C,0.0004911372942281634,0.0005076359695544576,0.0005872970156513326,True,True,C,True,0.0,1.0,1.0,0.03726963332908839,0.027029998370602493,-0.0102396349584859,0.03726963332908839,M,C,C,0.0,False,1
6,4pt4,10,L,True,unseen_protein_uncovered_source,unseen_protein_covered_source,legacy_exact,old,1.0,1.0,0.03865471643409746,False,0.0,1.0,C,0.0,0.0,0.0,True,True,C,True,0.0,1.0,1.0,0.0,-0.0102396349584859,-0.0102396349584859,0.0,C,C,C,0.0,True,0
6,4pt4,10,L,True,unseen_protein_uncovered_source,unseen_protein_covered_source,legacy_exact,new,1.0,1.0,0.06856770394001177,False,0.0,1.0,C,0.0,0.0,0.0,True,True,C,True,0.0,1.0,1.0,0.0,-0.0102396349584859,-0.0102396349584859,0.0,C,C,C,0.0,True,0
6,4pt4,10,L,True,unseen_protein_uncovered_source,unseen_protein_covered_source,legacy_exact,all,1.0,1.0,0.053611210187054614,False,0.0,1.0,C,0.0,0.0,0.0,True,True,C,True,0.0,1.0,1.0,0.0,-0.0102396349584859,-0.0102396349584859,0.0,C,C,C,0.0,True,0
6,4pt4,10,L,True,unseen_protein_uncovered_source,unseen_protein_covered_source,legacy_expanded_s231301,old,0.11686558720047936,0.9387240299046821,0.03865471643409746,False,0.7659665442495875,0.0543859649122807,P,-0.03280352745569897,0.03280352745569897,0.03533572351301287,False,False,C,False,0.02960821956597337,0.3333333333333333,0.4,0.02371339416255036,0.013473759204064462,-0.0102396349584859,0.02371339416255036,P,C,C,0.0,True,0
6,4pt4,10,L,True,unseen_protein_uncovered_source,unseen_protein_covered_source,legacy_expanded_s231301,new,0.6500339616516193,1.0769180026124385,0.06856770394001177,False,0.34583911666776296,0.6192982456140351,P,-0.024511359483825632,0.024511359483825632,0.027914026800365848,False,True,C,False,0.02371339416255036,0.3333333333333333,0.6,0.02371339416255036,0.013473759204064462,-0.0102396349584859,0.02371339416255036,P,C,C,0.0,True,0
6,4pt4,10,L,True,unseen_protein_uncovered_source,unseen_protein_covered_source,legacy_expanded_s231301,all,0.35986708302275,1.0868591265348748,0.053611210187054614,False,0.49729910537814337,0.32105263157894737,P,-0.028657443469762307,0.028657443469762307,0.03146993346817042,False,True,C,False,0.026660806864261866,0.3333333333333333,0.4,0.02371339416255036,0.013473759204064462,-0.0102396349584859,0.02371339416255036,P,C,C,0.0,True,0
6,4pt4,10,L,True,unseen_protein_uncovered_source,unseen_protein_covered_source,legacy_expanded_s231303,old,0.041736677980310465,0.8987932449948391,0.03865471643409746,False,0.13082637544779227,0.04385964912280702,F,-0.030515864436139167,0.030515864436139167,0.033343846858880824,False,False,C,False,0.00505705644503518,0.3333333333333333,0.2,0.026232103453500466,0.015992468495014567,-0.0102396349584859,0.026232103453500466,F,C,C,0.0,True,0
6,4pt4,10,L,True,unseen_protein_uncovered_source,unseen_protein_covered_source,legacy_expanded_s231303,new,0.6062712985347337,1.042828183136232,0.06856770394001177,False,0.34583911666776296,0.5982456140350877,P,-0.02640987457001613,0.02640987457001613,0.02964852173513338,False,True,C,False,0.02371339416255036,0.3333333333333333,0.6,0.026232103453500466,0.015992468495014567,-0.0102396349584859,0.026232103453500466,F,C,C,0.0,True,0
6,4pt4,10,L,True,unseen_protein_uncovered_source,unseen_protein_covered_source,legacy_expanded_s231303,all,0.3138614094366428,1.046904532136569,0.053611210187054614,False,0.49729910537814337,0.20175438596491227,P,-0.028462869503077647,0.028462869503077647,0.031305342858362076,False,False,C,False,0.026660806864261866,0.3333333333333333,0.4,0.026232103453500466,0.015992468495014567,-0.0102396349584859,0.026232103453500466,F,C,C,0.0,True,0
6,4pt4,10,L,True,unseen_protein_uncovered_source,unseen_protein_covered_source,legacy_oracle_r32,old,0.9721365156357132,0.9769027378188367,0.03865471643409746,False,0.00013946195903545723,0.9912280701754386,M,-0.0023583758564188193,0.0023583758564188193,0.0025721887541348644,True,True,C,False,5.390862479859315e-06,1.0,1.0,0.03726963332908839,0.027029998370602493,-0.0102396349584859,0.03726963332908839,M,C,C,0.0,False,1
6,4pt4,10,L,True,unseen_protein_uncovered_source,unseen_protein_covered_source,legacy_oracle_r32,new,0.9830094608510398,0.9850461791257846,0.06856770394001177,False,0.0,0.987719298245614,C,-0.0016135333512216135,0.0016194359683744327,0.0018695284294098728,True,True,C,True,0.0,1.0,0.8,0.03726963332908839,0.027029998370602493,-0.0102396349584859,0.03726963332908839,M,C,C,0.0,False,1
6,4pt4,10,L,True,unseen_protein_uncovered_source,unseen_protein_covered_source,legacy_oracle_r32,all,0.9748624333290477,0.9782412893268445,0.053611210187054614,False,0.0,0.9929824561403509,C,-0.0019859546038202163,0.0019859546038202163,0.0021864820205120786,True,True,C,True,0.0,1.0,1.0,0.03726963332908839,0.027029998370602493,-0.0102396349584859,0.03726963332908839,M,C,C,0.0,False,1
6,4pt4,10,L,True,unseen_protein_uncovered_source,unseen_protein_covered_source,legacy_restricted_s231301,old,-0.03940184259588346,1.1637998359005817,0.03865471643409746,False,0.7659665442495875,-0.010526315789473684,P,-0.027244551545039675,0.02737507925005911,0.03157691348895851,False,False,C,False,0.02960821956597337,0.3333333333333333,0.4,0.02371339416255036,0.013473759204064462,-0.0102396349584859,0.02371339416255036,P,C,C,0.0,True,0
6,4pt4,10,L,True,unseen_protein_uncovered_source,unseen_protein_covered_source,legacy_restricted_s231301,new,0.6143263657188017,1.1982684847773895,0.06856770394001177,False,0.34583911666776296,0.5070175438596491,P,-0.024909141939428923,0.02519036186986031,0.029512040198912296,False,True,C,False,0.02371339416255036,0.3333333333333333,0.6,0.02371339416255036,0.013473759204064462,-0.0102396349584859,0.02371339416255036,P,C,C,0.0,True,0
6,4pt4,10,L,True,unseen_protein_uncovered_source,unseen_protein_covered_source,legacy_restricted_s231301,all,0.28527329621358444,1.2828017988827616,0.053611210187054614,False,0.49729910537814337,0.08421052631578947,P,-0.0260768467422343,0.0260768467422343,0.030333081456569513,False,False,C,False,0.026660806864261866,0.3333333333333333,0.4,0.02371339416255036,0.013473759204064462,-0.0102396349584859,0.02371339416255036,P,C,C,0.0,True,0
6,4pt4,10,L,True,unseen_protein_uncovered_source,unseen_protein_covered_source,legacy_restricted_s231303,old,0.1889443639832521,0.9588233479703759,0.03865471643409746,False,0.13082637544779227,0.19298245614035087,F,-0.03377811509686836,0.03377811509686836,0.036088773569070136,False,False,C,False,0.00505705644503518,0.3333333333333333,0.2,0.026232103453500466,0.015992468495014567,-0.0102396349584859,0.026232103453500466,F,C,C,0.0,True,0
6,4pt4,10,L,True,unseen_protein_uncovered_source,unseen_protein_covered_source,legacy_restricted_s231303,new,0.6885064187047459,1.1234883135841092,0.06856770394001177,False,0.34583911666776296,0.6087719298245614,P,-0.025632965385725084,0.025632965385725084,0.02899538437018162,False,True,C,False,0.02371339416255036,0.3333333333333333,0.6,0.026232103453500466,0.015992468495014567,-0.0102396349584859,0.026232103453500466,F,C,C,0.0,True,0
6,4pt4,10,L,True,unseen_protein_uncovered_source,unseen_protein_covered_source,legacy_restricted_s231303,all,0.4419792700514753,1.13799630746474,0.053611210187054614,False,0.49729910537814337,0.3385964912280702,P,-0.029705540241296714,0.029705540241296714,0.032337118314071184,False,False,C,False,0.026660806864261866,0.3333333333333333,0.4,0.026232103453500466,0.015992468495014567,-0.0102396349584859,0.026232103453500466,F,C,C,0.0,True,0
6,4pt4,10,L,True,unseen_protein_uncovered_source,unseen_protein_covered_source,legacy_wt_z,old,0.11713376232282914,0.9382920471172714,0.03865471643409746,False,0.7659665442495875,0.0543859649122807,P,-0.03306828684081839,0.03306828684081839,0.03557966335303895,False,False,C,False,0.02960821956597337,0.3333333333333333,0.4,0.02371339416255036,0.013473759204064462,-0.0102396349584859,0.02371339416255036,P,C,C,0.0,True,0
6,4pt4,10,L,True,unseen_protein_uncovered_source,unseen_protein_covered_source,legacy_wt_z,new,0.6496875410102317,1.0733624513813322,0.06856770394001177,False,0.34583911666776296,0.6192982456140351,P,-0.024851595624749555,0.024851595624749555,0.028187679539097,False,True,C,False,0.02371339416255036,0.3333333333333333,0.6,0.02371339416255036,0.013473759204064462,-0.0102396349584859,0.02371339416255036,P,C,C,0.0,True,0
6,4pt4,10,L,True,unseen_protein_uncovered_source,unseen_protein_covered_source,legacy_wt_z,all,0.3603747223324391,1.084394910972292,0.053611210187054614,False,0.49729910537814337,0.32105263157894737,P,-0.028959941232783976,0.028959941232783976,0.03173403993801433,False,True,C,False,0.026660806864261866,0.3333333333333333,0.4,0.02371339416255036,0.013473759204064462,-0.0102396349584859,0.02371339416255036,P,C,C,0.0,True,0
6,4pt4,17,D,True,unseen_protein_uncovered_source,unseen_protein_covered_source,restricted_context_s231301,all,0.5351156262073726,1.1578986117486267,0.11132988774859556,False,0.45320134621574004,0.45438596491228067,K,-0.017848007119762987,0.028528313118830143,0.03279842009128379,True,True,E,False,0.050454855001710736,0.6666666666666666,0.6,0.054193431022061034,0.024304610749465105,-0.02988882027259593,0.054193431022061034,K,E,E,0.0,True,0
6,4pt4,17,D,True,unseen_protein_uncovered_source,unseen_protein_covered_source,restricted_context_s231301,new,0.5422505595770514,1.0446797852302347,0.13201135961927685,False,0.41052096712249514,0.4719298245614035,K,-0.020843995475891726,0.02947695368915672,0.0342293053877913,True,True,E,False,0.054193431022061034,0.6666666666666666,0.4,0.054193431022061034,0.024304610749465105,-0.02988882027259593,0.054193431022061034,K,E,E,0.0,True,0
6,4pt4,17,D,True,unseen_protein_uncovered_source,unseen_protein_covered_source,restricted_context_s231301,old,0.40415614446257175,1.1580117570682946,0.0973772252863414,False,0.4797454316857916,0.46491228070175433,K,-0.014852018763634255,0.028149191023962686,0.03367257478991273,True,True,E,False,0.04671627898136044,0.3333333333333333,0.6,0.054193431022061034,0.024304610749465105,-0.02988882027259593,0.054193431022061034,K,E,E,0.0,True,0
6,4pt4,17,D,True,unseen_protein_uncovered_source,unseen_protein_covered_source,restricted_aa_only_s231301,all,0.20505960958645797,2.2308415070437526,0.11132988774859556,False,0.47488899587850486,0.02456140350877193,V,0.026012969387903675,0.05130045035826658,0.06319960443824763,True,True,E,False,0.05286933860419721,0.3333333333333333,0.2,0.05649063961741069,0.02660181934481476,-0.02988882027259593,0.05649063961741069,V,E,E,0.0,True,0
6,4pt4,17,D,True,unseen_protein_uncovered_source,unseen_protein_covered_source,restricted_aa_only_s231301,new,0.1082814942725892,2.012710787295686,0.13201135961927685,False,0.4279225649999418,0.08070175438596491,V,0.023016981031774946,0.052610339593920495,0.06379137528345108,True,True,E,False,0.05649063961741069,0.3333333333333333,0.2,0.05649063961741069,0.02660181934481476,-0.02988882027259593,0.05649063961741069,V,E,E,0.0,True,0
6,4pt4,17,D,True,unseen_protein_uncovered_source,unseen_protein_covered_source,restricted_aa_only_s231301,old,0.2771497054525772,2.231059496143042,0.0973772252863414,False,0.5057449259430838,0.1842105263157895,V,0.029008957744032414,0.04999056112261266,0.06382049326895031,True,True,E,False,0.04924803759098373,0.3333333333333333,0.2,0.05649063961741069,0.02660181934481476,-0.02988882027259593,0.05649063961741069,V,E,E,0.0,True,0
6,4pt4,17,D,True,unseen_protein_uncovered_source,unseen_protein_covered_source,restricted_context_s231303,all,-0.868374138233179,12.28170466157987,0.11132988774859556,False,0.47488899587850486,0.01754385964912281,V,0.36538017500810777,0.3976818621901375,0.4743740447173731,True,True,E,False,0.05286933860419721,0.3333333333333333,0.2,0.05649063961741069,0.02660181934481476,-0.02988882027259593,0.05649063961741069,V,E,E,0.0,True,0
6,4pt4,17,D,True,unseen_protein_uncovered_source,unseen_protein_covered_source,restricted_context_s231303,new,-0.4194098581897346,11.080804880441336,0.13201135961927685,False,0.4279225649999418,0.10526315789473684,V,0.36238418665197913,0.3947759698965948,0.47176861627090866,True,True,E,False,0.05649063961741069,0.3333333333333333,0.6,0.05649063961741069,0.02660181934481476,-0.02988882027259593,0.05649063961741069,V,E,E,0.0,True,0
6,4pt4,17,D,True,unseen_protein_uncovered_source,unseen_protein_covered_source,restricted_context_s231303,old,-1.2217425638516661,12.28290478168184,0.0973772252863414,False,0.5057449259430838,-0.1,V,0.36837616336423656,0.4005877544836803,0.47712666685505756,True,True,E,False,0.04924803759098373,0.3333333333333333,0.2,0.05649063961741069,0.02660181934481476,-0.02988882027259593,0.05649063961741069,V,E,E,0.0,True,0
6,4pt4,17,D,True,unseen_protein_uncovered_source,unseen_protein_covered_source,restricted_aa_only_s231303,all,0.6110320868159363,2.3994078755088335,0.11132988774859556,False,0.0,0.4807017543859649,E,-0.0022540177014581195,0.041337946242111304,0.05747919789597206,True,True,E,True,0.0,1.0,0.8,0.0,-0.02988882027259593,-0.02988882027259593,0.0,E,E,E,0.0,True,0
6,4pt4,17,D,True,unseen_protein_uncovered_source,unseen_protein_covered_source,restricted_aa_only_s231303,new,0.30532168188643266,2.1647948090039457,0.13201135961927685,False,0.0,0.31228070175438594,E,-0.005250006057586856,0.04507177496911465,0.06118622440224271,True,True,E,True,0.0,0.6666666666666666,0.4,0.0,-0.02988882027259593,-0.02988882027259593,0.0,E,E,E,0.0,True,0
6,4pt4,17,D,True,unseen_protein_uncovered_source,unseen_protein_covered_source,restricted_aa_only_s231303,old,0.8471424336279385,2.3996423362537844,0.0973772252863414,False,0.0,0.5894736842105263,E,0.0007419706546706142,0.03760411751510794,0.054936119668860174,True,True,E,True,0.0,0.6666666666666666,0.8,0.0,-0.02988882027259593,-0.02988882027259593,0.0,E,E,E,0.0,True,0
6,4pt4,17,D,True,unseen_protein_uncovered_source,unseen_protein_covered_source,expanded_context_s231301,all,0.9210136972833436,2.2844277565353805,0.11132988774859556,False,0.0,0.3929824561403509,E,0.11802462021605815,0.11802462021605815,0.1286007187710953,True,True,E,True,0.0,0.6666666666666666,0.4,0.0,-0.02988882027259593,-0.02988882027259593,0.0,E,E,E,0.0,True,0
6,4pt4,17,D,True,unseen_protein_uncovered_source,unseen_protein_covered_source,expanded_context_s231301,new,0.8138196875917795,2.061057396439355,0.13201135961927685,False,0.0,0.43684210526315786,E,0.11502863185992943,0.11502863185992943,0.1260246735043576,True,True,E,True,0.0,0.6666666666666666,0.6,0.0,-0.02988882027259593,-0.02988882027259593,0.0,E,E,E,0.0,True,0
6,4pt4,17,D,True,unseen_protein_uncovered_source,unseen_protein_covered_source,expanded_context_s231301,old,0.8424156163698938,2.284650981873203,0.0973772252863414,False,0.0,0.26842105263157895,E,0.12102060857218688,0.12102060857218688,0.13171213430944415,True,True,E,True,0.0,0.3333333333333333,0.4,0.0,-0.02988882027259593,-0.02988882027259593,0.0,E,E,E,0.0,True,0
6,4pt4,17,D,True,unseen_protein_uncovered_source,unseen_protein_covered_source,expanded_aa_only_s231301,all,0.8759309368473166,2.281871928854048,0.11132988774859556,False,0.0,0.38596491228070173,E,0.11629562730686512,0.11629562730686512,0.12719979476053675,True,True,E,True,0.0,0.6666666666666666,0.4,0.0,-0.02988882027259593,-0.02988882027259593,0.0,E,E,E,0.0,True,0
6,4pt4,17,D,True,unseen_protein_uncovered_source,unseen_protein_covered_source,expanded_aa_only_s231301,new,0.7718093120844505,2.058751476485632,0.13201135961927685,False,0.0,0.43684210526315786,E,0.11329963895073639,0.11329963895073639,0.12466756237702062,True,True,E,True,0.0,0.6666666666666666,0.6,0.0,-0.02988882027259593,-0.02988882027259593,0.0,E,E,E,0.0,True,0
6,4pt4,17,D,True,unseen_protein_uncovered_source,unseen_protein_covered_source,expanded_aa_only_s231301,old,0.8038522497608663,2.2820949044463945,0.0973772252863414,False,0.0,0.256140350877193,E,0.11929161566299384,0.11929161566299384,0.13027505280966611,True,True,E,True,0.0,0.3333333333333333,0.4,0.0,-0.02988882027259593,-0.02988882027259593,0.0,E,E,E,0.0,True,0
6,4pt4,17,D,True,unseen_protein_uncovered_source,unseen_protein_covered_source,expanded_context_s231303,all,0.23680069352362212,1.5832213726438076,0.11132988774859556,False,0.5376703103152262,0.02456140350877193,G,-0.01992675255120127,0.037055726122748364,0.046953815430286795,False,True,E,False,0.05985877529314668,0.0,0.4,0.06270631374967012,0.03281749347707419,-0.02988882027259593,0.06270631374967012,G,E,E,0.0,True,0
6,4pt4,17,D,True,unseen_protein_uncovered_source,unseen_protein_covered_source,expanded_context_s231303,new,0.23448363377476986,1.4284146701304756,0.13201135961927685,False,0.47500695342064697,0.2,G,-0.02292274090733001,0.03721950426122156,0.049072547814028665,False,True,E,False,0.06270631374967012,0.0,0.2,0.06270631374967012,0.03281749347707419,-0.02988882027259593,0.06270631374967012,G,E,E,0.0,True,0
6,4pt4,17,D,True,unseen_protein_uncovered_source,unseen_protein_covered_source,expanded_context_s231303,old,0.18557482101275605,1.5833760788387157,0.0973772252863414,False,0.5854678716607455,-0.02631578947368421,G,-0.01693076419507254,0.037837504023083474,0.04642436361768501,False,True,E,False,0.057011236836623236,0.3333333333333333,0.4,0.06270631374967012,0.03281749347707419,-0.02988882027259593,0.06270631374967012,G,E,E,0.0,True,0
6,4pt4,17,D,True,unseen_protein_uncovered_source,unseen_protein_covered_source,expanded_aa_only_s231303,all,0.8749933435339428,2.280674477448236,0.11132988774859556,False,0.0,0.38596491228070173,E,0.1164647455849858,0.1164647455849858,0.1273460377032102,True,True,E,True,0.0,0.6666666666666666,0.4,0.0,-0.02988882027259593,-0.02988882027259593,0.0,E,E,E,0.0,True,0
6,4pt4,17,D,True,unseen_protein_uncovered_source,unseen_protein_covered_source,expanded_aa_only_s231303,new,0.7728671378602441,2.0576711113614707,0.13201135961927685,False,0.0,0.43684210526315786,E,0.11346875722885708,0.11346875722885708,0.12480203019078104,True,True,E,True,0.0,0.6666666666666666,0.6,0.0,-0.02988882027259593,-0.02988882027259593,0.0,E,E,E,0.0,True,0
6,4pt4,17,D,True,unseen_protein_uncovered_source,unseen_protein_covered_source,expanded_aa_only_s231303,old,0.8006769051209511,2.280897336030318,0.0973772252863414,False,0.0,0.256140350877193,E,0.11946073394111453,0.11946073394111453,0.130431954738931,True,True,E,True,0.0,0.3333333333333333,0.4,0.0,-0.02988882027259593,-0.02988882027259593,0.0,E,E,E,0.0,True,0
6,4pt4,17,D,True,unseen_protein_uncovered_source,unseen_protein_covered_source,legacy_baseline,old,1.0024043538813656,1.0024967717882627,0.0973772252863414,False,0.0,1.0,E,-3.4330179867077915e-05,0.00024487998057462636,0.0003391593477564643,True,True,E,True,0.0,1.0,1.0,0.0,-0.02988882027259593,-0.02988882027259593,0.0,E,E,E,0.0,True,0
6,4pt4,17,D,True,unseen_protein_uncovered_source,unseen_protein_covered_source,legacy_baseline,new,1.0002945070640863,1.000342035880514,0.13201135961927685,False,0.0,0.9982456140350877,E,-7.410650620755608e-05,0.00020216557244316573,0.00027417931953673035,True,True,E,True,0.0,1.0,1.0,0.0,-0.02988882027259593,-0.02988882027259593,0.0,E,E,E,0.0,True,0
6,4pt4,17,D,True,unseen_protein_uncovered_source,unseen_protein_covered_source,legacy_baseline,all,1.001889137842547,1.001959608511367,0.11132988774859556,False,0.0,1.0,E,-5.4218343037317005e-05,0.0002169019125139843,0.0002987067532507918,True,True,E,True,0.0,1.0,1.0,0.0,-0.02988882027259593,-0.02988882027259593,0.0,E,E,E,0.0,True,0
6,4pt4,17,D,True,unseen_protein_uncovered_source,unseen_protein_covered_source,legacy_exact,old,1.0,1.0,0.0973772252863414,False,0.0,1.0,E,0.0,0.0,0.0,True,True,E,True,0.0,1.0,1.0,0.0,-0.02988882027259593,-0.02988882027259593,0.0,E,E,E,0.0,True,0
6,4pt4,17,D,True,unseen_protein_uncovered_source,unseen_protein_covered_source,legacy_exact,new,1.0,1.0,0.13201135961927685,False,0.0,1.0,E,0.0,0.0,0.0,True,True,E,True,0.0,1.0,1.0,0.0,-0.02988882027259593,-0.02988882027259593,0.0,E,E,E,0.0,True,0
6,4pt4,17,D,True,unseen_protein_uncovered_source,unseen_protein_covered_source,legacy_exact,all,1.0,1.0,0.11132988774859556,False,0.0,1.0,E,0.0,0.0,0.0,True,True,E,True,0.0,1.0,1.0,0.0,-0.02988882027259593,-0.02988882027259593,0.0,E,E,E,0.0,True,0
6,4pt4,17,D,True,unseen_protein_uncovered_source,unseen_protein_covered_source,legacy_expanded_s231301,old,1.1265419901967024,1.1656272315618383,0.0973772252863414,False,0.0,0.8333333333333334,E,0.019887891416646014,0.020342853318860366,0.021411506070777464,True,True,E,True,0.0,0.6666666666666666,0.8,0.0,-0.02988882027259593,-0.02988882027259593,0.0,E,E,E,0.0,True,0
6,4pt4,17,D,True,unseen_protein_uncovered_source,unseen_protein_covered_source,legacy_expanded_s231301,new,1.144666298664932,1.196318683430068,0.13201135961927685,False,0.0,0.8807017543859648,E,0.01731055141555434,0.01852732780104812,0.020087514130153878,True,True,E,True,0.0,0.3333333333333333,0.6,0.0,-0.02988882027259593,-0.02988882027259593,0.0,E,E,E,0.0,True,0
6,4pt4,17,D,True,unseen_protein_uncovered_source,unseen_protein_covered_source,legacy_expanded_s231301,all,1.15123168264166,1.1967025466194108,0.11132988774859556,False,0.0,0.8333333333333334,E,0.018599221416100178,0.01943509055995424,0.020571568557682274,True,True,E,True,0.0,0.6666666666666666,0.8,0.0,-0.02988882027259593,-0.02988882027259593,0.0,E,E,E,0.0,True,0
6,4pt4,17,D,True,unseen_protein_uncovered_source,unseen_protein_covered_source,legacy_expanded_s231303,old,1.1211641326366752,1.1682158298907122,0.0973772252863414,False,0.0,0.8473684210526315,E,0.018213389191992245,0.01912902577778658,0.02011617774195722,True,True,E,True,0.0,0.6666666666666666,0.8,0.0,-0.02988882027259593,-0.02988882027259593,0.0,E,E,E,0.0,True,0
6,4pt4,17,D,True,unseen_protein_uncovered_source,unseen_protein_covered_source,legacy_expanded_s231303,new,1.1719732556101636,1.2302999326207262,0.13201135961927685,False,0.0,0.8754385964912281,E,0.012845523914270697,0.01504971099665351,0.01700728702890054,True,True,E,True,0.0,0.3333333333333333,0.6,0.0,-0.02988882027259593,-0.02988882027259593,0.0,E,E,E,0.0,True,0
6,4pt4,17,D,True,unseen_protein_uncovered_source,unseen_protein_covered_source,legacy_expanded_s231303,all,1.1630894583127187,1.2169930031666996,0.11132988774859556,False,0.0,0.8280701754385964,E,0.01552945655313147,0.01692675970792697,0.018261336398861308,True,True,E,True,0.0,0.6666666666666666,0.6,0.0,-0.02988882027259593,-0.02988882027259593,0.0,E,E,E,0.0,True,0
6,4pt4,17,D,True,unseen_protein_uncovered_source,unseen_protein_covered_source,legacy_oracle_r32,old,1.003474910970725,1.004323076248494,0.0973772252863414,False,0.0,0.9964912280701754,E,0.0012655184271809228,0.0013731104654856753,0.001619705506032095,True,True,E,True,0.0,0.6666666666666666,1.0,0.0,-0.02988882027259593,-0.02988882027259593,0.0,E,E,E,0.0,True,0
6,4pt4,17,D,True,unseen_protein_uncovered_source,unseen_protein_covered_source,legacy_oracle_r32,new,1.0023222104763152,1.0026906140571221,0.13201135961927685,False,0.0,0.9982456140350877,E,0.0011614422841628314,0.0011949848415845898,0.0013761196177474297,True,True,E,True,0.0,1.0,1.0,0.0,-0.02988882027259593,-0.02988882027259593,0.0,E,E,E,0.0,True,0
6,4pt4,17,D,True,unseen_protein_uncovered_source,unseen_protein_covered_source,legacy_oracle_r32,all,1.0019967917601458,1.0025583817770336,0.11132988774859556,False,0.0,0.9947368421052631,E,0.0012134803556718772,0.0012840476535351327,0.0014648626664889304,True,True,E,True,0.0,1.0,1.0,0.0,-0.02988882027259593,-0.02988882027259593,0.0,E,E,E,0.0,True,0
6,4pt4,17,D,True,unseen_protein_uncovered_source,unseen_protein_covered_source,legacy_restricted_s231301,old,1.1706338749141687,1.2212677413886668,0.0973772252863414,False,0.08143130000232517,0.8315789473684211,H,0.016329487226577,0.017644878593057644,0.01887236818078229,True,True,E,False,0.007929554045686071,0.6666666666666666,0.8,0.060677492972431246,0.030788672699835318,-0.02988882027259593,0.060677492972431246,H,E,E,0.0,False,1
6,4pt4,17,D,True,unseen_protein_uncovered_source,unseen_protein_covered_source,legacy_restricted_s231301,new,1.14650407150615,1.2122441862392928,0.13201135961927685,False,0.0,0.8982456140350877,E,0.007379211278111639,0.011160033688059547,0.013553538117426385,True,True,E,True,0.0,0.6666666666666666,0.6,0.060677492972431246,0.030788672699835318,-0.02988882027259593,0.060677492972431246,H,E,E,0.0,False,1
6,4pt4,17,D,True,unseen_protein_uncovered_source,unseen_protein_covered_source,legacy_restricted_s231301,all,1.1775749472417694,1.2364671971029846,0.11132988774859556,False,0.0,0.8666666666666666,E,0.011854349252344321,0.014162067891698119,0.015622009746040858,True,True,E,True,0.0,0.6666666666666666,0.8,0.060677492972431246,0.030788672699835318,-0.02988882027259593,0.060677492972431246,H,E,E,0.0,False,1
6,4pt4,17,D,True,unseen_protein_uncovered_source,unseen_protein_covered_source,legacy_restricted_s231303,old,1.107194570055391,1.132400112313557,0.0973772252863414,False,0.0,0.8508771929824561,E,0.02241534518067247,0.02241534518067247,0.02330087658273187,True,True,E,True,0.0,0.6666666666666666,0.8,0.0,-0.02988882027259593,-0.02988882027259593,0.0,E,E,E,0.0,True,0
6,4pt4,17,D,True,unseen_protein_uncovered_source,unseen_protein_covered_source,legacy_restricted_s231303,new,1.1173312848027646,1.1686008258760179,0.13201135961927685,False,0.0,0.8754385964912281,E,0.016439362385590378,0.017446808487338917,0.019134771523731157,True,True,E,True,0.0,0.3333333333333333,0.8,0.0,-0.02988882027259593,-0.02988882027259593,0.0,E,E,E,0.0,True,0
6,4pt4,17,D,True,unseen_protein_uncovered_source,unseen_protein_covered_source,legacy_restricted_s231303,all,1.127819782569098,1.1639497108282078,0.11132988774859556,False,0.0,0.8719298245614034,E,0.019427353783131422,0.019614343560482424,0.020892741727387466,True,True,E,True,0.0,0.6666666666666666,0.8,0.0,-0.02988882027259593,-0.02988882027259593,0.0,E,E,E,0.0,True,0
6,4pt4,17,D,True,unseen_protein_uncovered_source,unseen_protein_covered_source,legacy_wt_z,old,1.126117640319191,1.1651969148180217,0.0973772252863414,False,0.0,0.8333333333333334,E,0.01954792489947036,0.020034383188225282,0.021093927997199627,True,True,E,True,0.0,0.6666666666666666,0.8,0.0,-0.02988882027259593,-0.02988882027259593,0.0,E,E,E,0.0,True,0
6,4pt4,17,D,True,unseen_protein_uncovered_source,unseen_protein_covered_source,legacy_wt_z,new,1.1420363802823237,1.1936356805346904,0.13201135961927685,False,0.0,0.8807017543859648,E,0.01681242813993837,0.01807263201266276,0.019638406905678592,True,True,E,True,0.0,0.3333333333333333,0.6,0.0,-0.02988882027259593,-0.02988882027259593,0.0,E,E,E,0.0,True,0
6,4pt4,17,D,True,unseen_protein_uncovered_source,unseen_protein_covered_source,legacy_wt_z,all,1.14956646498244,1.1949913155725906,0.11132988774859556,False,0.0,0.8333333333333334,E,0.018180176519704366,0.01905350760044402,0.020182242167981507,True,True,E,True,0.0,0.6666666666666666,0.8,0.0,-0.02988882027259593,-0.02988882027259593,0.0,E,E,E,0.0,True,0
10,6zrw,80,P,True,unseen_protein_uncovered_source,unseen_protein_uncovered_source,restricted_context_s231301,all,0.19754179946311504,0.6589023816278754,1.15692753694923,False,0.40522186364447443,0.31578947368421056,V,-1.7091333982018524,1.7091333982018524,1.7318206730771484,False,True,Q,False,0.46881233262417854,0.0,0.2,0.4013833345875213,1.3599086918981989,0.9585253573106776,0.4013833345875213,V,Q,Q,0.0,False,11
10,6zrw,80,P,True,unseen_protein_uncovered_source,unseen_protein_uncovered_source,restricted_context_s231301,new,0.22981275355391687,0.5834395041397529,1.1951527514290163,False,0.3358427063884483,0.47719298245614034,V,-1.8288967218466865,1.8288967218466865,1.851826497273985,False,True,Q,False,0.4013833345875213,0.0,0.2,0.4013833345875213,1.3599086918981989,0.9585253573106776,0.4013833345875213,V,Q,Q,0.0,False,11
10,6zrw,80,P,True,unseen_protein_uncovered_source,unseen_protein_uncovered_source,restricted_context_s231301,old,0.08520201363034104,0.6022731266253541,1.225895655689195,False,0.43742820049342795,0.07192982456140351,V,-1.5893700745570183,1.5893700745570183,1.6227493186423214,False,True,Q,False,0.5362413306608355,0.0,0.2,0.4013833345875213,1.3599086918981989,0.9585253573106776,0.4013833345875213,V,Q,Q,0.0,False,11
10,6zrw,80,P,True,unseen_protein_uncovered_source,unseen_protein_uncovered_source,restricted_aa_only_s231301,all,-0.01389251165025744,0.0974358156380575,1.15692753694923,False,0.40522186364447443,-0.2263157894736842,V,-1.3664761724316625,1.3664761724316625,1.3947001533553294,False,False,Q,False,0.46881233262417854,0.0,0.2,0.4013833345875213,1.3599086918981989,0.9585253573106776,0.4013833345875213,V,Q,Q,0.0,False,11
10,6zrw,80,P,True,unseen_protein_uncovered_source,unseen_protein_uncovered_source,restricted_aa_only_s231301,new,-0.01587826518683576,0.08627667094004574,1.1951527514290163,False,0.3358427063884483,-0.21403508771929824,V,-1.4862394960764966,1.4862394960764966,1.5193704557826178,False,False,Q,False,0.4013833345875213,0.0,0.2,0.4013833345875213,1.3599086918981989,0.9585253573106776,0.4013833345875213,V,Q,Q,0.0,False,11
10,6zrw,80,P,True,unseen_protein_uncovered_source,unseen_protein_uncovered_source,restricted_aa_only_s231301,old,-0.006294377322547424,0.089061710756976,1.225895655689195,False,0.43742820049342795,-0.031578947368421054,V,-1.2467128487868286,1.2467128487868286,1.2829892803133862,False,False,Q,False,0.5362413306608355,0.3333333333333333,0.4,0.4013833345875213,1.3599086918981989,0.9585253573106776,0.4013833345875213,V,Q,Q,0.0,False,11
10,6zrw,80,P,True,unseen_protein_uncovered_source,unseen_protein_uncovered_source,restricted_context_s231303,all,0.6013403666099587,2.9360755811249653,1.15692753694923,False,0.40522186364447443,0.12982456140350876,V,-3.177548025413511,3.177548025413511,3.2755534428270265,False,False,Q,False,0.46881233262417854,0.3333333333333333,0.4,0.4013833345875213,1.3599086918981989,0.9585253573106776,0.4013833345875213,V,Q,Q,0.0,False,11
10,6zrw,80,P,True,unseen_protein_uncovered_source,unseen_protein_uncovered_source,restricted_context_s231303,new,0.4171125665886445,2.5998122467492317,1.1951527514290163,False,0.3358427063884483,0.17719298245614035,V,-3.2973113490583446,3.2973113490583446,3.3964413026518394,False,False,Q,False,0.4013833345875213,0.3333333333333333,0.4,0.4013833345875213,1.3599086918981989,0.9585253573106776,0.4013833345875213,V,Q,Q,0.0,False,11
10,6zrw,80,P,True,unseen_protein_uncovered_source,unseen_protein_uncovered_source,restricted_context_s231303,old,0.5603596898748461,2.683735056297262,1.225895655689195,False,0.43742820049342795,0.008771929824561405,V,-3.057784701768677,3.057784701768677,3.160199080918484,False,False,Q,False,0.5362413306608355,0.0,0.4,0.4013833345875213,1.3599086918981989,0.9585253573106776,0.4013833345875213,V,Q,Q,0.0,False,11
10,6zrw,80,P,True,unseen_protein_uncovered_source,unseen_protein_uncovered_source,restricted_aa_only_s231303,all,0.08756513112487285,0.21853648279589877,1.15692753694923,False,0.4861927673864153,0.2631578947368421,A,-1.7129996979926236,1.7129996979926236,1.7320303218257134,True,True,Q,False,0.5624898008548954,0.3333333333333333,0.4,0.4824229439135803,1.4409483012242579,0.9585253573106776,0.4824229439135803,A,Q,Q,0.0,False,9
10,6zrw,80,P,True,unseen_protein_uncovered_source,unseen_protein_uncovered_source,restricted_aa_only_s231303,new,0.07304722095758287,0.19350790149502578,1.1951527514290163,False,0.4036496115971439,0.31578947368421056,A,-1.8327630216374577,1.8327630216374577,1.8559180332245333,True,True,Q,False,0.4824229439135803,0.3333333333333333,0.4,0.4824229439135803,1.4409483012242579,0.9585253573106776,0.4824229439135803,A,Q,Q,0.0,False,9
10,6zrw,80,P,True,unseen_protein_uncovered_source,unseen_protein_uncovered_source,restricted_aa_only_s231303,old,0.06848146711777059,0.1997544013272779,1.225895655689195,False,0.5241528141601637,0.1456140350877193,A,-1.5932363743477898,1.5932363743477898,1.6185170265291406,True,True,Q,False,0.6425566577962106,0.3333333333333333,0.4,0.4824229439135803,1.4409483012242579,0.9585253573106776,0.4824229439135803,A,Q,Q,0.0,False,9
10,6zrw,80,P,True,unseen_protein_uncovered_source,unseen_protein_uncovered_source,expanded_context_s231301,all,0.034450835578316436,0.21126732125654774,1.15692753694923,False,0.07535148018050074,0.39473684210526316,C,-1.4282071434278496,1.4282071434278496,1.4536447304652251,True,True,Q,False,0.08717620237070545,0.6666666666666666,0.6,0.017357620976189203,0.9758829782868668,0.9585253573106776,0.017357620976189203,C,Q,Q,0.0,False,6
10,6zrw,80,P,True,unseen_protein_uncovered_source,unseen_protein_uncovered_source,expanded_context_s231301,new,0.05217833406252263,0.18707126365262997,1.1951527514290163,False,0.01452334938394703,0.40350877192982454,C,-1.5479704670726835,1.5479704670726835,1.576511561967358,True,True,Q,False,0.017357620976189203,0.6666666666666666,0.6,0.017357620976189203,0.9758829782868668,0.9585253573106776,0.017357620976189203,C,Q,Q,0.0,False,6
10,6zrw,80,P,True,unseen_protein_uncovered_source,unseen_protein_uncovered_source,expanded_context_s231301,old,0.0019657560153429625,0.1931099866608239,1.225895655689195,False,0.12806537247818184,0.15614035087719297,C,-1.3084438197830157,1.3084438197830157,1.3434836580946035,True,True,Q,False,0.1569947837652217,0.6666666666666666,0.4,0.017357620976189203,0.9758829782868668,0.9585253573106776,0.017357620976189203,C,Q,Q,0.0,False,6
10,6zrw,80,P,True,unseen_protein_uncovered_source,unseen_protein_uncovered_source,expanded_aa_only_s231301,all,-0.00026064796511358305,0.020779363886546404,1.15692753694923,False,0.40522186364447443,-0.0824561403508772,V,-1.320412676251882,1.320412676251882,1.3485888375341877,False,False,Q,False,0.46881233262417854,0.0,0.0,0.4013833345875213,1.3599086918981989,0.9585253573106776,0.4013833345875213,V,Q,Q,0.0,False,11
10,6zrw,80,P,True,unseen_protein_uncovered_source,unseen_protein_uncovered_source,expanded_aa_only_s231301,new,-0.0016393860870355648,0.01839954157147522,1.1951527514290163,False,0.3358427063884483,-0.04385964912280702,V,-1.4401759998967159,1.4401759998967159,1.4731856682345352,False,False,Q,False,0.4013833345875213,0.0,0.0,0.4013833345875213,1.3599086918981989,0.9585253573106776,0.4013833345875213,V,Q,Q,0.0,False,11
10,6zrw,80,P,True,unseen_protein_uncovered_source,unseen_protein_uncovered_source,expanded_aa_only_s231301,old,0.0013113931164462252,0.01899348493219473,1.225895655689195,False,0.43742820049342795,0.09298245614035087,V,-1.2006493526070483,1.2006493526070483,1.2374484765505882,False,False,Q,False,0.5362413306608355,0.0,0.2,0.4013833345875213,1.3599086918981989,0.9585253573106776,0.4013833345875213,V,Q,Q,0.0,False,11
10,6zrw,80,P,True,unseen_protein_uncovered_source,unseen_protein_uncovered_source,expanded_context_s231303,all,0.07104619368033625,0.5665930981409626,1.15692753694923,False,0.3963776966251999,0.21403508771929824,S,-1.4586516439300485,1.4586516439300485,1.4887037155051395,False,True,Q,False,0.45858027225820164,0.0,0.2,0.4185339031040174,1.377059260414695,0.9585253573106776,0.4185339031040174,S,Q,Q,0.0,False,9
10,6zrw,80,P,True,unseen_protein_uncovered_source,unseen_protein_uncovered_source,expanded_context_s231303,new,0.14692099580166387,0.5017022330556171,1.1951527514290163,False,0.3501928122606806,0.16140350877192983,S,-1.5784149675748824,1.5784149675748824,1.6072270012459657,False,True,Q,False,0.4185339031040174,0.0,0.2,0.4185339031040174,1.377059260414695,0.9585253573106776,0.4185339031040174,S,Q,Q,0.0,False,9
10,6zrw,80,P,True,unseen_protein_uncovered_source,unseen_protein_uncovered_source,expanded_context_s231303,old,-0.037841666395410464,0.5178973490710889,1.225895655689195,False,0.40674476583576696,-0.02631578947368421,S,-1.3388883202852147,1.3388883202852147,1.3832822963332163,False,True,Q,False,0.49862664141238555,0.0,0.2,0.4185339031040174,1.377059260414695,0.9585253573106776,0.4185339031040174,S,Q,Q,0.0,False,9
10,6zrw,80,P,True,unseen_protein_uncovered_source,unseen_protein_uncovered_source,expanded_aa_only_s231303,all,0.1023270404396134,0.3495851806493896,1.15692753694923,False,0.7364433920451,0.17719298245614035,T,-1.553211882340228,1.553211882340228,1.5752471786552371,False,False,Q,False,0.8520116396612737,0.0,0.4,0.7374893678017833,1.6960147251124609,0.9585253573106776,0.7374893678017833,T,Q,Q,0.0,False,9
10,6zrw,80,P,True,unseen_protein_uncovered_source,unseen_protein_uncovered_source,expanded_aa_only_s231303,new,0.06541727507050535,0.3095478330929393,1.1951527514290163,False,0.617067037598319,0.06666666666666667,T,-1.672975205985062,1.672975205985062,1.7003862289755867,False,False,Q,False,0.7374893678017833,0.0,0.4,0.7374893678017833,1.6960147251124609,0.9585253573106776,0.7374893678017833,T,Q,Q,0.0,False,9
10,6zrw,80,P,True,unseen_protein_uncovered_source,unseen_protein_uncovered_source,expanded_aa_only_s231303,old,0.10127901540303391,0.3195401407586744,1.225895655689195,False,0.7884308154900685,0.2631578947368421,T,-1.4334485586953942,1.4334485586953942,1.4613914806779653,False,False,Q,False,0.9665339115207642,0.0,0.4,0.7374893678017833,1.6960147251124609,0.9585253573106776,0.7374893678017833,T,Q,Q,0.0,False,9
10,6zrw,80,P,True,unseen_protein_uncovered_source,unseen_protein_uncovered_source,legacy_baseline,old,0.9986277506489359,0.9986302484776247,1.225895655689195,False,0.0,1.0,Q,-0.0005777301118142436,0.0006789846276846464,0.0009755581598581697,True,True,Q,True,0.0,1.0,1.0,0.0,0.9585253573106776,0.9585253573106776,0.0,Q,Q,Q,0.0,False,6
10,6zrw,80,P,True,unseen_protein_uncovered_source,unseen_protein_uncovered_source,legacy_baseline,new,0.9942757464451006,0.99466581826358,1.1951527514290163,False,0.0,1.0,Q,0.0009221089185304715,0.003973269885035529,0.008850540615587888,True,True,Q,True,0.0,1.0,1.0,0.0,0.9585253573106776,0.9585253573106776,0.0,Q,Q,Q,0.0,False,6
10,6zrw,80,P,True,unseen_protein_uncovered_source,unseen_protein_uncovered_source,legacy_baseline,all,0.9969674471020091,0.9970960244143448,1.15692753694923,False,0.0,0.9964912280701754,Q,0.00017218940335816946,0.0021375053255620114,0.004470281365962811,True,True,Q,True,0.0,1.0,1.0,0.0,0.9585253573106776,0.9585253573106776,0.0,Q,Q,Q,0.0,False,6
10,6zrw,80,P,True,unseen_protein_uncovered_source,unseen_protein_uncovered_source,legacy_exact,old,1.0,1.0,1.225895655689195,False,0.0,1.0,Q,0.0,0.0,0.0,True,True,Q,True,0.0,1.0,1.0,0.0,0.9585253573106776,0.9585253573106776,0.0,Q,Q,Q,0.0,False,6
10,6zrw,80,P,True,unseen_protein_uncovered_source,unseen_protein_uncovered_source,legacy_exact,new,1.0,1.0,1.1951527514290163,False,0.0,1.0,Q,0.0,0.0,0.0,True,True,Q,True,0.0,1.0,1.0,0.0,0.9585253573106776,0.9585253573106776,0.0,Q,Q,Q,0.0,False,6
10,6zrw,80,P,True,unseen_protein_uncovered_source,unseen_protein_uncovered_source,legacy_exact,all,1.0,1.0,1.15692753694923,False,0.0,1.0,Q,0.0,0.0,0.0,True,True,Q,True,0.0,1.0,1.0,0.0,0.9585253573106776,0.9585253573106776,0.0,Q,Q,Q,0.0,False,6
10,6zrw,80,P,True,unseen_protein_uncovered_source,unseen_protein_uncovered_source,legacy_expanded_s231301,old,-0.021580925932635765,0.04713378343185332,1.225895655689195,False,0.40674476583576696,-0.6105263157894737,S,-1.206226500662353,1.206226500662353,1.2445829311720638,False,False,Q,False,0.49862664141238555,0.0,0.0,0.4185339031040174,1.377059260414695,0.9585253573106776,0.4185339031040174,S,Q,Q,0.0,False,9
10,6zrw,80,P,True,unseen_protein_uncovered_source,unseen_protein_uncovered_source,legacy_expanded_s231301,new,0.00892032889900283,0.036606878705151676,1.1951527514290163,False,0.3358427063884483,0.3298245614035088,V,-1.4313835840298423,1.4313835840298423,1.4639331675364904,False,False,Q,False,0.4013833345875213,0.3333333333333333,0.4,0.4185339031040174,1.377059260414695,0.9585253573106776,0.4185339031040174,S,Q,Q,0.0,False,9
10,6zrw,80,P,True,unseen_protein_uncovered_source,unseen_protein_uncovered_source,legacy_expanded_s231301,all,-0.004584485050232776,0.039200882816759285,1.15692753694923,False,0.40522186364447443,-0.29298245614035084,V,-1.3188050423460977,1.3188050423460977,1.3472867830361501,False,False,Q,False,0.46881233262417854,0.0,0.2,0.4185339031040174,1.377059260414695,0.9585253573106776,0.4185339031040174,S,Q,Q,0.0,False,9
10,6zrw,80,P,True,unseen_protein_uncovered_source,unseen_protein_uncovered_source,legacy_expanded_s231303,old,-0.02469458198430433,0.057329190445699285,1.225895655689195,False,0.40674476583576696,-0.5543859649122806,S,-1.208108226063711,1.208108226063711,1.2466697798332897,False,False,Q,False,0.49862664141238555,0.0,0.0,0.4185339031040174,1.377059260414695,0.9585253573106776,0.4185339031040174,S,Q,Q,0.0,False,9
10,6zrw,80,P,True,unseen_protein_uncovered_source,unseen_protein_uncovered_source,legacy_expanded_s231303,new,0.013613327931429284,0.039246959170693624,1.1951527514290163,False,0.01452334938394703,0.3719298245614035,C,-1.423916966728502,1.423916966728502,1.4563312405906212,False,False,Q,False,0.017357620976189203,0.3333333333333333,0.4,0.4185339031040174,1.377059260414695,0.9585253573106776,0.4185339031040174,S,Q,Q,0.0,False,9
10,6zrw,80,P,True,unseen_protein_uncovered_source,unseen_protein_uncovered_source,legacy_expanded_s231303,all,-0.003707408587135195,0.048300716061776716,1.15692753694923,False,0.3963776966251999,-0.14385964912280702,S,-1.3160125963961065,1.3160125963961065,1.344526727909723,False,False,Q,False,0.45858027225820164,0.0,0.2,0.4185339031040174,1.377059260414695,0.9585253573106776,0.4185339031040174,S,Q,Q,0.0,False,9
10,6zrw,80,P,True,unseen_protein_uncovered_source,unseen_protein_uncovered_source,legacy_oracle_r32,old,0.9973735995207007,0.9997253922599717,1.225895655689195,False,0.0,0.9982456140350877,Q,-0.020237834742963933,0.023847985610122906,0.028853743958487967,True,True,Q,True,0.0,1.0,1.0,0.0,0.9585253573106776,0.9585253573106776,0.0,Q,Q,Q,0.0,False,6
10,6zrw,80,P,True,unseen_protein_uncovered_source,unseen_protein_uncovered_source,legacy_oracle_r32,new,0.6015808304306831,0.8605855129811829,1.1951527514290163,False,0.0,0.736842105263158,Q,-0.12844275929059923,0.13142290801285922,0.2607622089956474,True,True,Q,True,0.0,1.0,0.8,0.0,0.9585253573106776,0.9585253573106776,0.0,Q,Q,Q,0.0,False,6
10,6zrw,80,P,True,unseen_protein_uncovered_source,unseen_protein_uncovered_source,legacy_oracle_r32,all,0.936285022244175,1.0265831695107877,1.15692753694923,False,0.0,0.8070175438596491,Q,-0.07434029701678155,0.07495283619271094,0.1383758722544375,True,True,Q,True,0.0,1.0,0.8,0.0,0.9585253573106776,0.9585253573106776,0.0,Q,Q,Q,0.0,False,6
10,6zrw,80,P,True,unseen_protein_uncovered_source,unseen_protein_uncovered_source,legacy_restricted_s231301,old,-0.021063012988797113,0.061029010458159574,1.225895655689195,False,0.30879795563845774,-0.4929824561403509,W,-1.1840627397278212,1.1840627397278212,1.2231315866651613,False,False,Q,False,0.37855407230289007,0.0,0.0,0.36114726766319993,1.3196726249738775,0.9585253573106776,0.36114726766319993,W,Q,Q,0.0,False,5
10,6zrw,80,P,True,unseen_protein_uncovered_source,unseen_protein_uncovered_source,legacy_restricted_s231301,new,0.02397917786529335,0.06684169164131692,1.1951527514290163,False,0.30217666087567846,0.531578947368421,W,-1.4191012775125984,1.4191012775125984,1.4510353359717234,False,False,Q,False,0.36114726766319993,0.3333333333333333,0.6,0.36114726766319993,1.3196726249738775,0.9585253573106776,0.36114726766319993,W,Q,Q,0.0,False,5
10,6zrw,80,P,True,unseen_protein_uncovered_source,unseen_protein_uncovered_source,legacy_restricted_s231301,all,0.007365166874518566,0.06105518011989101,1.15692753694923,False,0.3196835222353907,0.2456140350877193,W,-1.30158200862021,1.30158200862021,1.3298194257040696,False,False,Q,False,0.36985066998304494,0.3333333333333333,0.4,0.36114726766319993,1.3196726249738775,0.9585253573106776,0.36114726766319993,W,Q,Q,0.0,False,5
10,6zrw,80,P,True,unseen_protein_uncovered_source,unseen_protein_uncovered_source,legacy_restricted_s231303,old,0.0018210412508275085,0.053645932572618536,1.225895655689195,False,0.43742820049342795,-0.32807017543859646,V,-1.1966742579972558,1.1966742579972558,1.233646559753746,False,False,Q,False,0.5362413306608355,0.0,0.0,0.4013833345875213,1.3599086918981989,0.9585253573106776,0.4013833345875213,V,Q,Q,0.0,False,11
10,6zrw,80,P,True,unseen_protein_uncovered_source,unseen_protein_uncovered_source,legacy_restricted_s231303,new,0.023642241908181667,0.06187475796107035,1.1951527514290163,False,0.30217666087567846,0.4140350877192982,W,-1.423201692051651,1.423201692051651,1.4550468985321516,False,False,Q,False,0.36114726766319993,0.3333333333333333,0.4,0.4013833345875213,1.3599086918981989,0.9585253573106776,0.4013833345875213,V,Q,Q,0.0,False,11
10,6zrw,80,P,True,unseen_protein_uncovered_source,unseen_protein_uncovered_source,legacy_restricted_s231303,all,0.018744931422055515,0.057303620116180974,1.15692753694923,False,0.40522186364447443,0.10350877192982455,V,-1.3099379750244533,1.3099379750244533,1.337347442000819,False,False,Q,False,0.46881233262417854,0.0,0.0,0.4013833345875213,1.3599086918981989,0.9585253573106776,0.4013833345875213,V,Q,Q,0.0,False,11
10,6zrw,80,P,True,unseen_protein_uncovered_source,unseen_protein_uncovered_source,legacy_wt_z,old,-0.0216409790457873,0.04713981542897962,1.225895655689195,False,0.40674476583576696,-0.6070175438596491,S,-1.2067735273595546,1.2067735273595546,1.2451174641298615,False,False,Q,False,0.49862664141238555,0.0,0.0,0.4185339031040174,1.377059260414695,0.9585253573106776,0.4185339031040174,S,Q,Q,0.0,False,9
10,6zrw,80,P,True,unseen_protein_uncovered_source,unseen_protein_uncovered_source,legacy_wt_z,new,0.009018767762510916,0.03658130124217914,1.1951527514290163,False,0.3358427063884483,0.32631578947368417,V,-1.4322716426438011,1.4322716426438011,1.4647949918045708,False,False,Q,False,0.4013833345875213,0.3333333333333333,0.4,0.4185339031040174,1.377059260414695,0.9585253573106776,0.4185339031040174,S,Q,Q,0.0,False,9
10,6zrw,80,P,True,unseen_protein_uncovered_source,unseen_protein_uncovered_source,legacy_wt_z,all,-0.004579833376170263,0.039179572114564465,1.15692753694923,False,0.40522186364447443,-0.29298245614035084,V,-1.3195225850016776,1.3195225850016776,1.3479888589657643,False,False,Q,False,0.46881233262417854,0.0,0.2,0.4185339031040174,1.377059260414695,0.9585253573106776,0.4185339031040174,S,Q,Q,0.0,False,9
10,6zrw,45,T,True,unseen_protein_covered_source,unseen_protein_covered_source,restricted_context_s231301,all,0.43663779425711763,0.8888109945419158,2.634430488122239,False,0.027053499455131497,0.5649122807017544,E,-1.106981455909543,1.110991383904888,1.3133620530782684,False,False,K,False,0.0712705637749968,0.3333333333333333,0.4,0.08017769084169502,-0.1669515825432889,-0.24712927338498392,0.08546174825330044,E,R,K,0.005284057411605425,False,1
10,6zrw,45,T,True,unseen_protein_covered_source,unseen_protein_covered_source,restricted_context_s231301,new,0.42771214120751705,0.8789740736211444,2.711677340253135,False,0.03151619368007943,0.5701754385964912,E,-1.0983966968918082,1.1065712024171337,1.3105294780797987,False,False,R,False,0.08546174825330044,0.3333333333333333,0.4,0.08017769084169502,-0.1669515825432889,-0.24712927338498392,0.08546174825330044,E,R,K,0.005284057411605425,False,1
10,6zrw,45,T,True,unseen_protein_covered_source,unseen_protein_covered_source,restricted_context_s231301,old,0.4439970591724278,0.8969904986955592,2.562467693402948,False,0.024337257741376694,0.5807017543859649,E,-1.115566214927278,1.115566214927278,1.3171453377461377,False,False,K,False,0.06236343670829858,0.3333333333333333,0.6,0.08017769084169502,-0.1669515825432889,-0.24712927338498392,0.08546174825330044,E,R,K,0.005284057411605425,False,1
10,6zrw,45,T,True,unseen_protein_covered_source,unseen_protein_covered_source,restricted_aa_only_s231301,all,0.028649888973377644,0.08503819479813314,2.634430488122239,False,0.02218962075864081,0.4473684210526316,V,-0.38320605576662253,0.4485161430630147,0.8151451119758835,False,True,K,False,0.058457013446433476,0.3333333333333333,0.6,0.04026322081719952,-0.2068660525677844,-0.24712927338498392,0.045547278228804944,V,R,K,0.005284057411605425,False,4
10,6zrw,45,T,True,unseen_protein_covered_source,unseen_protein_covered_source,restricted_aa_only_s231301,new,0.029687558637319117,0.08409703407598713,2.711677340253135,False,0.016796717497574068,0.47543859649122805,V,-0.37462129674888756,0.44027566028042936,0.8175336441649648,False,False,R,False,0.045547278228804944,0.3333333333333333,0.6,0.04026322081719952,-0.2068660525677844,-0.24712927338498392,0.045547278228804944,V,R,K,0.005284057411605425,False,4
10,6zrw,45,T,True,unseen_protein_covered_source,unseen_protein_covered_source,restricted_aa_only_s231301,old,0.027442212197310654,0.08582077992797636,2.562467693402948,False,0.029912886813365215,0.37894736842105264,V,-0.39179081478435734,0.4568175126933809,0.8142981251023933,False,True,K,False,0.07665080607566743,0.3333333333333333,0.6,0.04026322081719952,-0.2068660525677844,-0.24712927338498392,0.045547278228804944,V,R,K,0.005284057411605425,False,4
10,6zrw,45,T,True,unseen_protein_covered_source,unseen_protein_covered_source,restricted_context_s231303,all,0.29371030497655226,0.7246519301605652,2.634430488122239,False,0.02218962075864081,0.4789473684210526,V,-0.8298581785888695,0.8751020335932221,1.0952689821177946,False,True,K,False,0.058457013446433476,0.3333333333333333,0.6,0.04026322081719952,-0.2068660525677844,-0.24712927338498392,0.045547278228804944,V,R,K,0.005284057411605425,False,4
10,6zrw,45,T,True,unseen_protein_covered_source,unseen_protein_covered_source,restricted_context_s231303,new,0.30015519358467974,0.7166318406523929,2.711677340253135,False,0.016796717497574068,0.4929824561403509,V,-0.8212734195711345,0.8666038663688023,1.087804202020304,False,False,R,False,0.045547278228804944,0.3333333333333333,0.6,0.04026322081719952,-0.2068660525677844,-0.24712927338498392,0.045547278228804944,V,R,K,0.005284057411605425,False,4
10,6zrw,45,T,True,unseen_protein_covered_source,unseen_protein_covered_source,restricted_context_s231303,old,0.2856962033102492,0.731320719710979,2.562467693402948,False,0.029912886813365215,0.4245614035087719,V,-0.8384429376066044,0.8836002008176418,1.103825118927921,False,True,K,False,0.07665080607566743,0.3333333333333333,0.6,0.04026322081719952,-0.2068660525677844,-0.24712927338498392,0.045547278228804944,V,R,K,0.005284057411605425,False,4
10,6zrw,45,T,True,unseen_protein_covered_source,unseen_protein_covered_source,restricted_aa_only_s231303,all,0.025623483978637035,0.07755619663149511,2.634430488122239,False,0.02218962075864081,0.46140350877192987,V,-0.3726638422419798,0.44736118003787767,0.8118671592612379,False,True,K,False,0.058457013446433476,0.3333333333333333,0.6,0.04026322081719952,-0.2068660525677844,-0.24712927338498392,0.045547278228804944,V,R,K,0.005284057411605425,False,4
10,6zrw,45,T,True,unseen_protein_covered_source,unseen_protein_covered_source,restricted_aa_only_s231303,new,0.02660666966812578,0.07669784296815749,2.711677340253135,False,0.016796717497574068,0.4912280701754386,V,-0.3640790832242448,0.44004583629973454,0.8144592944568361,False,False,R,False,0.045547278228804944,0.3333333333333333,0.6,0.04026322081719952,-0.2068660525677844,-0.24712927338498392,0.045547278228804944,V,R,K,0.005284057411605425,False,4
10,6zrw,45,T,True,unseen_protein_covered_source,unseen_protein_covered_source,restricted_aa_only_s231303,old,0.024485966579331487,0.07826992681303394,2.562467693402948,False,0.029912886813365215,0.3929824561403509,V,-0.3812486012597146,0.45664148615850353,0.8108219378983688,False,True,K,False,0.07665080607566743,0.3333333333333333,0.6,0.04026322081719952,-0.2068660525677844,-0.24712927338498392,0.045547278228804944,V,R,K,0.005284057411605425,False,4
10,6zrw,45,T,True,unseen_protein_covered_source,unseen_protein_covered_source,expanded_context_s231301,all,0.00292804945635144,0.07392134830474813,2.634430488122239,False,0.0352121337089043,-0.03508771929824562,C,-0.26015587164271825,0.46943052495447296,0.7825371166876836,False,False,K,False,0.09276391859457431,0.3333333333333333,0.4,0.10030593120331405,-0.14682334218166987,-0.24712927338498392,0.10558998861491947,C,R,K,0.005284057411605425,False,5
10,6zrw,45,T,True,unseen_protein_covered_source,unseen_protein_covered_source,expanded_context_s231301,new,0.0037608975208936364,0.07310322334669067,2.711677340253135,False,0.038938994344018325,0.01754385964912281,C,-0.2515711126249832,0.46751209800132093,0.7869154507739767,False,False,R,False,0.10558998861491947,0.3333333333333333,0.4,0.10030593120331405,-0.14682334218166987,-0.24712927338498392,0.10558998861491947,C,R,K,0.005284057411605425,False,5
10,6zrw,45,T,True,unseen_protein_covered_source,unseen_protein_covered_source,expanded_context_s231301,old,0.002047726656600894,0.07460162789086332,2.562467693402948,False,0.03325774846068798,-0.13333333333333333,C,-0.26874063066045306,0.4790071032515725,0.7797514604356341,False,False,K,False,0.08522190598583457,0.0,0.2,0.10030593120331405,-0.14682334218166987,-0.24712927338498392,0.10558998861491947,C,R,K,0.005284057411605425,False,5
10,6zrw,45,T,True,unseen_protein_covered_source,unseen_protein_covered_source,expanded_aa_only_s231301,all,0.0019408851298330439,0.034446028071203845,2.634430488122239,False,0.0352121337089043,0.0894736842105263,C,-0.28483576150536444,0.473193983282732,0.7902907682656984,False,False,K,False,0.09276391859457431,0.3333333333333333,0.4,0.10030593120331405,-0.14682334218166987,-0.24712927338498392,0.10558998861491947,C,R,K,0.005284057411605425,False,5
10,6zrw,45,T,True,unseen_protein_covered_source,unseen_protein_covered_source,expanded_aa_only_s231301,new,0.0024854368587484675,0.03406479645249987,2.711677340253135,False,0.038938994344018325,0.13684210526315788,C,-0.27625100248762946,0.4695548116240979,0.7945771287632595,False,False,R,False,0.10558998861491947,0.3333333333333333,0.4,0.10030593120331405,-0.14682334218166987,-0.24712927338498392,0.10558998861491947,C,R,K,0.005284057411605425,False,5
10,6zrw,45,T,True,unseen_protein_covered_source,unseen_protein_covered_source,expanded_aa_only_s231301,old,0.0013651753248245307,0.03476302620850765,2.562467693402948,False,0.03325774846068798,-0.007017543859649123,C,-0.29342052052309925,0.47683315494136613,0.7875822318900291,False,False,K,False,0.08522190598583457,0.0,0.2,0.10030593120331405,-0.14682334218166987,-0.24712927338498392,0.10558998861491947,C,R,K,0.005284057411605425,False,5
10,6zrw,45,T,True,unseen_protein_covered_source,unseen_protein_covered_source,expanded_context_s231303,all,0.09490697270963828,0.23839314773677006,2.634430488122239,False,0.03249104194907104,0.3350877192982456,M,-0.16154270949760158,0.46574642569326524,0.7060672432323687,False,False,K,False,0.08559539150149137,0.0,0.2,0.09289746866500603,-0.15423180471997788,-0.24712927338498392,0.09818152607661146,M,R,K,0.005284057411605425,False,3
10,6zrw,45,T,True,unseen_protein_covered_source,unseen_protein_covered_source,expanded_context_s231303,new,0.09331118393866866,0.23575473016909698,2.711677340253135,False,0.03620693532345047,0.32105263157894737,M,-0.1529579504798666,0.4561698473961658,0.7124224935263935,False,False,R,False,0.09818152607661146,0.0,0.2,0.09289746866500603,-0.15423180471997788,-0.24712927338498392,0.09818152607661146,M,R,K,0.005284057411605425,False,3
10,6zrw,45,T,True,unseen_protein_covered_source,unseen_protein_covered_source,expanded_context_s231303,old,0.09614803550381491,0.2405870199481709,2.562467693402948,False,0.03055387372864922,0.3543859649122807,M,-0.17012746851533644,0.4753230039903647,0.701452552479295,False,False,K,False,0.0782933143379767,0.0,0.2,0.09289746866500603,-0.15423180471997788,-0.24712927338498392,0.09818152607661146,M,R,K,0.005284057411605425,False,3
10,6zrw,45,T,True,unseen_protein_covered_source,unseen_protein_covered_source,expanded_aa_only_s231303,all,0.0019342267231350827,0.033792611193873216,2.634430488122239,False,0.0352121337089043,0.0912280701754386,C,-0.2846975599682329,0.4732132531624739,0.7902301869119162,False,False,K,False,0.09276391859457431,0.3333333333333333,0.4,0.10030593120331405,-0.14682334218166987,-0.24712927338498392,0.10558998861491947,C,R,K,0.005284057411605425,False,5
10,6zrw,45,T,True,unseen_protein_covered_source,unseen_protein_covered_source,expanded_aa_only_s231303,new,0.002463884373199623,0.03341861127031036,2.711677340253135,False,0.038938994344018325,0.14035087719298248,C,-0.2761128009504979,0.46957408150383984,0.7945289147913719,False,False,R,False,0.10558998861491947,0.3333333333333333,0.4,0.10030593120331405,-0.14682334218166987,-0.24712927338498392,0.10558998861491947,C,R,K,0.005284057411605425,False,5
10,6zrw,45,T,True,unseen_protein_covered_source,unseen_protein_covered_source,expanded_aa_only_s231303,old,0.0013740573486490447,0.034103596099910746,2.562467693402948,False,0.03325774846068798,-0.0035087719298245615,C,-0.29328231898596774,0.47685242482110807,0.787509294487816,False,False,K,False,0.08522190598583457,0.0,0.2,0.10030593120331405,-0.14682334218166987,-0.24712927338498392,0.10558998861491947,C,R,K,0.005284057411605425,False,5
10,6zrw,45,T,True,unseen_protein_covered_source,unseen_protein_covered_source,legacy_baseline,old,0.9995279233272962,0.9995281779478665,2.562467693402948,False,0.0,1.0,K,-0.00010724052999230411,0.0005112908309664394,0.0006348600916919983,True,True,K,True,0.0,1.0,1.0,0.0,-0.24712927338498392,-0.24712927338498392,0.005284057411605425,K,R,K,0.005284057411605425,False,5
10,6zrw,45,T,True,unseen_protein_covered_source,unseen_protein_covered_source,legacy_baseline,new,0.9990605144490766,0.9990607763190893,2.711677340253135,False,0.0,1.0,R,-0.0003102260554943033,0.0006496016843314683,0.0009378393725413827,True,True,R,True,0.0,1.0,1.0,0.0,-0.24712927338498392,-0.24712927338498392,0.005284057411605425,K,R,K,0.005284057411605425,False,5
10,6zrw,45,T,True,unseen_protein_covered_source,unseen_protein_covered_source,legacy_baseline,all,0.9992889907609704,0.999289205535103,2.634430488122239,False,0.0,0.9982456140350877,K,-0.00020873329274332124,0.0005659693291113882,0.000743590293228525,True,True,K,True,0.0,1.0,1.0,0.0,-0.24712927338498392,-0.24712927338498392,0.005284057411605425,K,R,K,0.005284057411605425,False,5
10,6zrw,45,T,True,unseen_protein_covered_source,unseen_protein_covered_source,legacy_exact,old,1.0,1.0,2.562467693402948,False,0.0,1.0,K,0.0,0.0,0.0,True,True,K,True,0.0,1.0,1.0,0.0,-0.24712927338498392,-0.24712927338498392,0.005284057411605425,K,R,K,0.005284057411605425,False,5
10,6zrw,45,T,True,unseen_protein_covered_source,unseen_protein_covered_source,legacy_exact,new,1.0,1.0,2.711677340253135,False,0.0,1.0,R,0.0,0.0,0.0,True,True,R,True,0.0,1.0,1.0,0.0,-0.24712927338498392,-0.24712927338498392,0.005284057411605425,K,R,K,0.005284057411605425,False,5
10,6zrw,45,T,True,unseen_protein_covered_source,unseen_protein_covered_source,legacy_exact,all,1.0,1.0,2.634430488122239,False,0.0,1.0,K,0.0,0.0,0.0,True,True,K,True,0.0,1.0,1.0,0.0,-0.24712927338498392,-0.24712927338498392,0.005284057411605425,K,R,K,0.005284057411605425,False,5
10,6zrw,45,T,True,unseen_protein_covered_source,unseen_protein_covered_source,legacy_expanded_s231301,old,-0.010197787200037278,0.043454595202048904,2.562467693402948,False,0.5007098820125898,-0.02982456140350877,P,-0.30442368298752326,0.4865396910479334,0.7997500448680073,False,True,K,False,1.2830528964248633,0.0,0.4,1.1810079503605764,0.9338786769755925,-0.24712927338498392,1.186292007772182,P,R,K,0.005284057411605425,False,3
10,6zrw,45,T,True,unseen_protein_covered_source,unseen_protein_covered_source,legacy_expanded_s231301,new,0.005119528432538772,0.018182328865631814,2.711677340253135,False,0.1188330413476084,0.04035087719298246,H,-0.30514787080204425,0.4708692443979967,0.8029669065330912,False,False,R,False,0.32223686549567354,0.0,0.2,1.1810079503605764,0.9338786769755925,-0.24712927338498392,1.186292007772182,P,R,K,0.005284057411605425,False,3
10,6zrw,45,T,True,unseen_protein_covered_source,unseen_protein_covered_source,legacy_expanded_s231301,all,-0.0027157847487509737,0.02803507127368111,2.634430488122239,False,0.4676648060928275,-0.03333333333333333,P,-0.30478577689478376,0.4787044677229652,0.8007365357032562,True,True,K,False,1.23203042339272,0.3333333333333333,0.2,1.1810079503605764,0.9338786769755925,-0.24712927338498392,1.186292007772182,P,R,K,0.005284057411605425,False,3
10,6zrw,45,T,True,unseen_protein_covered_source,unseen_protein_covered_source,legacy_expanded_s231303,old,-0.005775993295096012,0.04979818579972639,2.562467693402948,False,0.03325774846068798,-0.3350877192982456,C,-0.2914271918456963,0.49178413350312505,0.7921119183790042,False,False,K,False,0.08522190598583457,0.0,0.0,0.10030593120331405,-0.14682334218166987,-0.24712927338498392,0.10558998861491947,C,R,K,0.005284057411605425,False,5
10,6zrw,45,T,True,unseen_protein_covered_source,unseen_protein_covered_source,legacy_expanded_s231303,new,0.012901003567485787,0.042649501541274594,2.711677340253135,False,0.038938994344018325,-0.0017543859649122807,C,-0.2813871998206231,0.47302905916054433,0.7892892896466377,False,False,R,False,0.10558998861491947,0.0,0.0,0.10030593120331405,-0.14682334218166987,-0.24712927338498392,0.10558998861491947,C,R,K,0.005284057411605425,False,5
10,6zrw,45,T,True,unseen_protein_covered_source,unseen_protein_covered_source,legacy_expanded_s231303,all,0.003532828235577229,0.04333772578787208,2.634430488122239,False,0.0352121337089043,-0.0824561403508772,C,-0.2864071958331597,0.4824065963318346,0.7899994599815873,False,False,K,False,0.09276391859457431,0.0,0.2,0.10030593120331405,-0.14682334218166987,-0.24712927338498392,0.10558998861491947,C,R,K,0.005284057411605425,False,5
10,6zrw,45,T,True,unseen_protein_covered_source,unseen_protein_covered_source,legacy_oracle_r32,old,0.9718140322882634,0.9719162614075606,2.562467693402948,False,0.0,1.0,K,-0.011759549699882547,0.015655577317466782,0.02587719228455369,True,True,K,True,0.0,1.0,1.0,0.0,-0.24712927338498392,-0.24712927338498392,0.005284057411605425,K,R,K,0.005284057411605425,False,5
10,6zrw,45,T,True,unseen_protein_covered_source,unseen_protein_covered_source,legacy_oracle_r32,new,0.9505061658683903,0.9507631888463575,2.711677340253135,False,0.0,1.0,R,-0.017229861507942264,0.019439914475506918,0.043977042954439216,True,True,R,True,0.0,1.0,1.0,0.0,-0.24712927338498392,-0.24712927338498392,0.005284057411605425,K,R,K,0.005284057411605425,False,5
10,6zrw,45,T,True,unseen_protein_covered_source,unseen_protein_covered_source,legacy_oracle_r32,all,0.9612971826102521,0.9613961511608438,2.634430488122239,False,0.000815520095347887,0.9947368421052631,R,-0.01449470560391243,0.01715430826635906,0.03361529399890585,True,True,K,False,0.002148431002860829,1.0,1.0,0.0,-0.24712927338498392,-0.24712927338498392,0.005284057411605425,K,R,K,0.005284057411605425,False,5
10,6zrw,45,T,True,unseen_protein_covered_source,unseen_protein_covered_source,legacy_restricted_s231301,old,0.0025724947351330346,0.07125267077551961,2.562467693402948,False,0.03325774846068798,-0.04736842105263158,C,-0.20193600005249496,0.49977847377431983,0.7587793664998655,False,False,K,False,0.08522190598583457,0.0,0.2,0.10030593120331405,-0.14682334218166987,-0.24712927338498392,0.10558998861491947,C,R,K,0.005284057411605425,False,5
10,6zrw,45,T,True,unseen_protein_covered_source,unseen_protein_covered_source,legacy_restricted_s231301,new,0.017674699998167006,0.07720998560848383,2.711677340253135,False,0.038938994344018325,-0.11228070175438597,C,-0.1759747942083619,0.49615239318289117,0.7561444989272833,False,False,R,False,0.10558998861491947,0.0,0.0,0.10030593120331405,-0.14682334218166987,-0.24712927338498392,0.10558998861491947,C,R,K,0.005284057411605425,False,5
10,6zrw,45,T,True,unseen_protein_covered_source,unseen_protein_covered_source,legacy_restricted_s231301,all,0.010224279137421409,0.07180491315638768,2.634430488122239,False,0.0352121337089043,-0.05263157894736842,C,-0.18895539713042847,0.49456649983660456,0.7564839477648427,False,False,K,False,0.09276391859457431,0.0,0.0,0.10030593120331405,-0.14682334218166987,-0.24712927338498392,0.10558998861491947,C,R,K,0.005284057411605425,False,5
10,6zrw,45,T,True,unseen_protein_covered_source,unseen_protein_covered_source,legacy_restricted_s231303,old,-0.004469915684519833,0.057410778079427974,2.562467693402948,False,0.029912886813365215,0.11754385964912278,V,-0.2330042992706517,0.4972822054106923,0.7719077726985668,False,True,K,False,0.07665080607566743,0.0,0.6,0.04026322081719952,-0.2068660525677844,-0.24712927338498392,0.045547278228804944,V,R,K,0.005284057411605425,False,4
10,6zrw,45,T,True,unseen_protein_covered_source,unseen_protein_covered_source,legacy_restricted_s231303,new,0.015640717225292488,0.04994537810458935,2.711677340253135,False,0.016796717497574068,0.31228070175438594,V,-0.20008020725380257,0.4854564650008215,0.7623348264683558,False,False,R,False,0.045547278228804944,0.3333333333333333,0.2,0.04026322081719952,-0.2068660525677844,-0.24712927338498392,0.045547278228804944,V,R,K,0.005284057411605425,False,4
10,6zrw,45,T,True,unseen_protein_covered_source,unseen_protein_covered_source,legacy_restricted_s231303,all,0.005608244633620481,0.05028149675919633,2.634430488122239,False,0.02218962075864081,0.21403508771929824,V,-0.21654225326222712,0.4890347716704019,0.7661938778691696,False,False,K,False,0.058457013446433476,0.3333333333333333,0.2,0.04026322081719952,-0.2068660525677844,-0.24712927338498392,0.045547278228804944,V,R,K,0.005284057411605425,False,4
10,6zrw,45,T,True,unseen_protein_covered_source,unseen_protein_covered_source,legacy_wt_z,old,-0.0101944347836607,0.043367123898249926,2.562467693402948,False,0.5007098820125898,-0.02982456140350877,P,-0.3049411854492745,0.4864560217074889,0.7999423928814446,False,True,K,False,1.2830528964248633,0.0,0.4,1.1810079503605764,0.9338786769755925,-0.24712927338498392,1.186292007772182,P,R,K,0.005284057411605425,False,3
10,6zrw,45,T,True,unseen_protein_covered_source,unseen_protein_covered_source,legacy_wt_z,new,0.005070070423480429,0.018011811449458293,2.711677340253135,False,0.1188330413476084,0.04035087719298246,H,-0.30613992433386733,0.47069728556301776,0.8033765970734205,False,False,R,False,0.32223686549567354,0.0,0.2,1.1810079503605764,0.9338786769755925,-0.24712927338498392,1.186292007772182,P,R,K,0.005284057411605425,False,3
10,6zrw,45,T,True,unseen_protein_covered_source,unseen_protein_covered_source,legacy_wt_z,all,-0.002737894270429344,0.027931993609396032,2.634430488122239,False,0.4676648060928275,-0.03333333333333333,P,-0.30554055489157095,0.4785766536352532,0.8010372100117266,True,True,K,False,1.23203042339272,0.3333333333333333,0.2,1.1810079503605764,0.9338786769755925,-0.24712927338498392,1.186292007772182,P,R,K,0.005284057411605425,False,3
14,4akd,8,V,True,unseen_protein_uncovered_source,unseen_protein_covered_source,restricted_context_s231301,all,42.93172500067277,75.10782600895413,0.01967062173076229,False,0.3268337722066852,0.19473684210526312,C,0.1463995490172055,0.17841840980402454,0.3629481010793606,False,False,F,False,0.006429023501915834,0.0,0.2,0.0023488415701970605,-0.00016445768220287038,-0.002513299252399931,0.0027251350176442646,C,Y,F,0.00037629344744720405,False,2
14,4akd,8,V,True,unseen_protein_uncovered_source,unseen_protein_covered_source,restricted_context_s231301,new,55.84343719894343,87.34933706132168,0.016171233922694844,False,0.1685174446595437,0.019298245614035085,C,0.1440996556720142,0.1775844138771433,0.3621095054977797,False,False,Y,False,0.0027251350176442646,0.0,0.0,0.0023488415701970605,-0.00016445768220287038,-0.002513299252399931,0.0027251350176442646,C,Y,F,0.00037629344744720405,False,2
14,4akd,8,V,True,unseen_protein_uncovered_source,unseen_protein_covered_source,restricted_context_s231301,old,29.27205965435851,60.86445120021033,0.02354630298627694,False,0.4463208275099278,0.2157894736842105,C,0.1486994423623968,0.17925240573090576,0.36380645566197795,False,False,F,False,0.010509205433634608,0.0,0.2,0.0023488415701970605,-0.00016445768220287038,-0.002513299252399931,0.0027251350176442646,C,Y,F,0.00037629344744720405,False,2
14,4akd,8,V,True,unseen_protein_uncovered_source,unseen_protein_covered_source,restricted_aa_only_s231301,all,6.196402142502274,11.631208756540627,0.01967062173076229,False,0.6295713086125135,0.2175438596491228,D,0.08195561273982854,0.08195561273982854,0.09579199123776605,False,False,F,False,0.012384059064257762,0.0,0.2,0.009535372343762602,0.007022073091362671,-0.002513299252399931,0.009911665791209806,D,Y,F,0.00037629344744720405,False,0
14,4akd,8,V,True,unseen_protein_uncovered_source,unseen_protein_covered_source,restricted_aa_only_s231301,new,6.9721383711159755,13.526930921746308,0.016171233922694844,False,0.6129195730265018,0.005263157894736842,D,0.07965571939463721,0.07965571939463721,0.09402443186902278,False,True,Y,False,0.009911665791209806,0.0,0.2,0.009535372343762602,0.007022073091362671,-0.002513299252399931,0.009911665791209806,D,Y,F,0.00037629344744720405,False,0
14,4akd,8,V,True,unseen_protein_uncovered_source,unseen_protein_covered_source,restricted_aa_only_s231301,old,4.753046625598696,9.425477681613751,0.02354630298627694,False,0.6469272816896454,0.2964912280701754,D,0.08425550608501985,0.08425550608501985,0.09760840323071497,False,False,F,False,0.015232745784752921,0.0,0.2,0.009535372343762602,0.007022073091362671,-0.002513299252399931,0.009911665791209806,D,Y,F,0.00037629344744720405,False,0
14,4akd,8,V,True,unseen_protein_uncovered_source,unseen_protein_covered_source,restricted_context_s231303,all,46.44560571224708,104.62896990431422,0.01967062173076229,False,0.3715423946331784,0.29473684210526313,E,1.1766164414141387,1.1766164414141387,1.2648775846873526,True,True,F,False,0.007308469901770857,0.3333333333333333,0.4,0.004590171700940449,0.0020768724485405177,-0.002513299252399931,0.004966465148387653,E,Y,F,0.00037629344744720405,False,0
14,4akd,8,V,True,unseen_protein_uncovered_source,unseen_protein_covered_source,restricted_context_s231303,new,45.78975757900389,121.68200897548634,0.016171233922694844,False,0.30711726588888644,0.1842105263157895,E,1.1743165480689475,1.1743165480689475,1.2629343281561871,False,True,Y,False,0.004966465148387653,0.3333333333333333,0.4,0.004590171700940449,0.0020768724485405177,-0.002513299252399931,0.004966465148387653,E,Y,F,0.00037629344744720405,False,0
14,4akd,8,V,True,unseen_protein_uncovered_source,unseen_protein_covered_source,restricted_context_s231303,old,38.768359097934265,84.78723418396122,0.02354630298627694,False,0.42583194943363223,0.3526315789473684,E,1.1789163347593299,1.1789163347593299,1.2668240897033227,True,True,F,False,0.010026768102601266,0.3333333333333333,0.4,0.004590171700940449,0.0020768724485405177,-0.002513299252399931,0.004966465148387653,E,Y,F,0.00037629344744720405,False,0
14,4akd,8,V,True,unseen_protein_uncovered_source,unseen_protein_covered_source,restricted_aa_only_s231303,all,2.528655237083998,7.619999880175836,0.01967062173076229,False,0.3715423946331784,0.1701754385964912,E,0.042778279110089405,0.043538868824085,0.053870913692821716,False,False,F,False,0.007308469901770857,0.3333333333333333,0.2,0.004590171700940449,0.0020768724485405177,-0.002513299252399931,0.004966465148387653,E,Y,F,0.00037629344744720405,False,0
14,4akd,8,V,True,unseen_protein_uncovered_source,unseen_protein_covered_source,restricted_aa_only_s231303,new,2.772983464758706,8.861951853876835,0.016171233922694844,False,0.30711726588888644,0.09824561403508772,E,0.040478385764898095,0.04164072622558561,0.052195928724031976,True,True,Y,False,0.004966465148387653,0.3333333333333333,0.4,0.004590171700940449,0.0020768724485405177,-0.002513299252399931,0.004966465148387653,E,Y,F,0.00037629344744720405,False,0
14,4akd,8,V,True,unseen_protein_uncovered_source,unseen_protein_covered_source,restricted_aa_only_s231303,old,1.974717233309738,6.17495054106984,0.02354630298627694,False,0.42583194943363223,0.24736842105263157,E,0.04507817245528071,0.04548824642523435,0.05563738588201759,False,False,F,False,0.010026768102601266,0.3333333333333333,0.2,0.004590171700940449,0.0020768724485405177,-0.002513299252399931,0.004966465148387653,E,Y,F,0.00037629344744720405,False,0
14,4akd,8,V,True,unseen_protein_uncovered_source,unseen_protein_covered_source,expanded_context_s231301,all,-46.270596424106714,166.03913360447777,0.01967062173076229,False,0.34672678685365876,-0.20877192982456141,T,-1.4941587352490093,1.4941587352490093,1.6678246442449913,False,False,F,False,0.0068203314681209645,0.0,0.2,0.00201200160881157,-0.0005012976435883609,-0.002513299252399931,0.002388295056258774,T,Y,F,0.00037629344744720405,False,1
14,4akd,8,V,True,unseen_protein_uncovered_source,unseen_protein_covered_source,expanded_context_s231301,new,-33.669633096166464,193.10115892394882,0.016171233922694844,False,0.14768786770853776,-0.28421052631578947,T,-1.4964586285942003,1.4964586285942003,1.6696296792617495,False,False,Y,False,0.002388295056258774,0.0,0.2,0.00201200160881157,-0.0005012976435883609,-0.002513299252399931,0.002388295056258774,T,Y,F,0.00037629344744720405,False,1
14,4akd,8,V,True,unseen_protein_uncovered_source,unseen_protein_covered_source,expanded_context_s231301,old,-44.42308451595375,134.55163438481293,0.02354630298627694,False,0.49386357315658763,-0.13859649122807016,T,-1.491858841903818,1.491858841903818,1.6660223903144644,False,False,F,False,0.011628661327430359,0.0,0.2,0.00201200160881157,-0.0005012976435883609,-0.002513299252399931,0.002388295056258774,T,Y,F,0.00037629344744720405,False,1
14,4akd,8,V,True,unseen_protein_uncovered_source,unseen_protein_covered_source,expanded_aa_only_s231301,all,-47.453689167927706,170.68415066929632,0.01967062173076229,False,0.34672678685365876,-0.23333333333333334,T,-1.5563445811260042,1.5563445811260042,1.7327529507747705,False,False,F,False,0.0068203314681209645,0.0,0.2,0.00201200160881157,-0.0005012976435883609,-0.002513299252399931,0.002388295056258774,T,Y,F,0.00037629344744720405,False,1
14,4akd,8,V,True,unseen_protein_uncovered_source,unseen_protein_covered_source,expanded_aa_only_s231301,new,-34.609851209747035,198.50324793131878,0.016171233922694844,False,0.14768786770853776,-0.30350877192982456,T,-1.5586444744711951,1.5586444744711951,1.734567288908449,False,False,Y,False,0.002388295056258774,0.0,0.2,0.00201200160881157,-0.0005012976435883609,-0.002513299252399931,0.002388295056258774,T,Y,F,0.00037629344744720405,False,1
14,4akd,8,V,True,unseen_protein_uncovered_source,unseen_protein_covered_source,expanded_aa_only_s231301,old,-45.520427000740625,138.3157749476364,0.02354630298627694,False,0.49386357315658763,-0.16315789473684209,T,-1.5540446877808127,1.5540446877808127,1.7309412699699236,False,False,F,False,0.011628661327430359,0.0,0.2,0.00201200160881157,-0.0005012976435883609,-0.002513299252399931,0.002388295056258774,T,Y,F,0.00037629344744720405,False,1
14,4akd,8,V,True,unseen_protein_uncovered_source,unseen_protein_covered_source,expanded_context_s231303,all,1.9800187432239136,6.735609420460989,0.01967062173076229,False,0.03406310324933339,0.24912280701754386,Y,0.05638662456562848,0.057468462900975605,0.06341372175220385,False,False,F,False,0.000670042418993537,0.3333333333333333,0.4,-0.00037629344744720405,-0.002889592699847135,-0.002513299252399931,0.0,Y,Y,F,0.00037629344744720405,False,2
14,4akd,8,V,True,unseen_protein_uncovered_source,unseen_protein_covered_source,expanded_context_s231303,new,2.0023735367329754,7.833418284682064,0.016171233922694844,False,0.0,0.27368421052631575,Y,0.054086731220437154,0.055695081335025154,0.0614970127366921,True,True,Y,True,0.0,0.3333333333333333,0.4,-0.00037629344744720405,-0.002889592699847135,-0.002513299252399931,0.0,Y,Y,F,0.00037629344744720405,False,2
14,4akd,8,V,True,unseen_protein_uncovered_source,unseen_protein_covered_source,expanded_context_s231303,old,1.6283020723020323,5.458275024848285,0.02354630298627694,False,0.07289374839160964,0.14385964912280702,Y,0.05868651791081979,0.05924184446692604,0.06539495879916782,False,False,F,False,0.001716378285434278,0.3333333333333333,0.4,-0.00037629344744720405,-0.002889592699847135,-0.002513299252399931,0.0,Y,Y,F,0.00037629344744720405,False,2
14,4akd,8,V,True,unseen_protein_uncovered_source,unseen_protein_covered_source,expanded_aa_only_s231303,all,-47.42931584377538,170.15365375287558,0.01967062173076229,False,0.34672678685365876,-0.23333333333333334,T,-1.5503453077505431,1.5503453077505431,1.7263269139026618,False,False,F,False,0.0068203314681209645,0.0,0.2,0.00201200160881157,-0.0005012976435883609,-0.002513299252399931,0.002388295056258774,T,Y,F,0.00037629344744720405,False,1
14,4akd,8,V,True,unseen_protein_uncovered_source,unseen_protein_covered_source,expanded_aa_only_s231303,new,-34.619990770938315,197.88628753684668,0.016171233922694844,False,0.14768786770853776,-0.30350877192982456,T,-1.5526452010957341,1.5526452010957341,1.7281403805601583,False,False,Y,False,0.002388295056258774,0.0,0.2,0.00201200160881157,-0.0005012976435883609,-0.002513299252399931,0.002388295056258774,T,Y,F,0.00037629344744720405,False,1
14,4akd,8,V,True,unseen_protein_uncovered_source,unseen_protein_covered_source,expanded_aa_only_s231303,old,-45.483492840428,137.88588094860756,0.02354630298627694,False,0.49386357315658763,-0.16315789473684209,T,-1.5480454144053517,1.5480454144053517,1.7245161163079104,False,False,F,False,0.011628661327430359,0.0,0.2,0.00201200160881157,-0.0005012976435883609,-0.002513299252399931,0.002388295056258774,T,Y,F,0.00037629344744720405,False,1
14,4akd,8,V,True,unseen_protein_uncovered_source,unseen_protein_covered_source,legacy_baseline,old,0.9993637885707576,0.9994201987760072,0.02354630298627694,False,0.0,1.0,F,3.673576570541766e-05,5.7525117947203696e-05,6.906618169105168e-05,True,True,F,True,0.0,1.0,1.0,0.0,-0.002513299252399931,-0.002513299252399931,0.00037629344744720405,F,Y,F,0.00037629344744720405,False,2
14,4akd,8,V,True,unseen_protein_uncovered_source,unseen_protein_covered_source,legacy_baseline,new,1.0025918079261777,1.002654304716528,0.016171233922694844,False,0.0,0.9982456140350877,Y,5.1807377374823116e-05,5.8772538318754406e-05,6.798471761979995e-05,True,True,Y,True,0.0,1.0,1.0,0.0,-0.002513299252399931,-0.002513299252399931,0.00037629344744720405,F,Y,F,0.00037629344744720405,False,2
14,4akd,8,V,True,unseen_protein_uncovered_source,unseen_protein_covered_source,legacy_baseline,all,1.0001010338598344,1.000161276238665,0.01967062173076229,False,0.0,0.9982456140350877,F,4.427157154012039e-05,5.733387100068209e-05,6.597143424905827e-05,True,True,F,True,0.0,1.0,0.8,0.0,-0.002513299252399931,-0.002513299252399931,0.00037629344744720405,F,Y,F,0.00037629344744720405,False,2
14,4akd,8,V,True,unseen_protein_uncovered_source,unseen_protein_covered_source,legacy_exact,old,1.0,1.0,0.02354630298627694,False,0.0,1.0,F,0.0,0.0,0.0,True,True,F,True,0.0,1.0,1.0,0.0,-0.002513299252399931,-0.002513299252399931,0.00037629344744720405,F,Y,F,0.00037629344744720405,False,2
14,4akd,8,V,True,unseen_protein_uncovered_source,unseen_protein_covered_source,legacy_exact,new,1.0,1.0,0.016171233922694844,False,0.0,1.0,Y,0.0,0.0,0.0,True,True,Y,True,0.0,1.0,1.0,0.0,-0.002513299252399931,-0.002513299252399931,0.00037629344744720405,F,Y,F,0.00037629344744720405,False,2
14,4akd,8,V,True,unseen_protein_uncovered_source,unseen_protein_covered_source,legacy_exact,all,1.0,1.0,0.01967062173076229,False,0.0,1.0,F,0.0,0.0,0.0,True,True,F,True,0.0,1.0,1.0,0.0,-0.002513299252399931,-0.002513299252399931,0.00037629344744720405,F,Y,F,0.00037629344744720405,False,2
14,4akd,8,V,True,unseen_protein_uncovered_source,unseen_protein_covered_source,legacy_expanded_s231301,old,0.4292585470413575,0.46647259047584133,0.02354630298627694,False,0.0,0.9614035087719298,F,0.0018573804556100224,0.0026676393449145555,0.0037821307346019204,True,True,F,True,0.0,1.0,0.8,0.0,-0.002513299252399931,-0.002513299252399931,0.00037629344744720405,F,Y,F,0.00037629344744720405,False,2
14,4akd,8,V,True,unseen_protein_uncovered_source,unseen_protein_covered_source,legacy_expanded_s231301,new,0.18701651973054098,0.3287584347686828,0.016171233922694844,False,0.08634765882852843,0.5771929824561403,I,0.00016795240524405952,0.00220251407191408,0.0032866012826977546,False,False,Y,False,0.00139634818959318,0.0,0.4,0.0,-0.002513299252399931,-0.002513299252399931,0.00037629344744720405,F,Y,F,0.00037629344744720405,False,2
14,4akd,8,V,True,unseen_protein_uncovered_source,unseen_protein_covered_source,legacy_expanded_s231301,all,0.3067958967903155,0.3584668110314561,0.01967062173076229,False,0.23164447820390716,0.9017543859649122,M,0.001012666430427041,0.0023293950624251334,0.0033536398845105124,True,True,F,False,0.004556590906768868,0.6666666666666666,0.6,0.0,-0.002513299252399931,-0.002513299252399931,0.00037629344744720405,F,Y,F,0.00037629344744720405,False,2
14,4akd,8,V,True,unseen_protein_uncovered_source,unseen_protein_covered_source,legacy_expanded_s231303,old,0.22844762412624314,0.6002701528438601,0.02354630298627694,False,0.4463208275099278,0.4298245614035088,C,-0.004217245768498524,0.006144927932777833,0.006715281298147695,False,False,F,False,0.010509205433634608,0.0,0.2,0.0023488415701970605,-0.00016445768220287038,-0.002513299252399931,0.0027251350176442646,C,Y,F,0.00037629344744720405,False,2
14,4akd,8,V,True,unseen_protein_uncovered_source,unseen_protein_covered_source,legacy_expanded_s231303,new,0.030196300154755367,0.7848662579496833,0.016171233922694844,False,0.14768786770853776,-0.0543859649122807,T,-0.005085266089576267,0.0060203531998069895,0.006977936204443946,False,False,Y,False,0.002388295056258774,0.0,0.0,0.0023488415701970605,-0.00016445768220287038,-0.002513299252399931,0.0027251350176442646,C,Y,F,0.00037629344744720405,False,2
14,4akd,8,V,True,unseen_protein_uncovered_source,unseen_protein_covered_source,legacy_expanded_s231303,all,0.10049492075112909,0.657146959550452,0.01967062173076229,False,0.34672678685365876,0.10175438596491228,T,-0.004651255929037396,0.006082640566292411,0.0067873277943024425,False,False,F,False,0.0068203314681209645,0.0,0.2,0.0023488415701970605,-0.00016445768220287038,-0.002513299252399931,0.0027251350176442646,C,Y,F,0.00037629344744720405,False,2
14,4akd,8,V,True,unseen_protein_uncovered_source,unseen_protein_covered_source,legacy_oracle_r32,old,1.0072255736972575,1.008071268728912,0.02354630298627694,False,0.0,1.0,F,-4.414680164558546e-06,0.0001878464671960891,0.00023047335122782523,True,True,F,True,0.0,1.0,1.0,0.0,-0.002513299252399931,-0.002513299252399931,0.00037629344744720405,F,Y,F,0.00037629344744720405,False,2
14,4akd,8,V,True,unseen_protein_uncovered_source,unseen_protein_covered_source,legacy_oracle_r32,new,0.9844193274431554,0.9855124270833643,0.016171233922694844,False,0.0,0.9859649122807018,Y,-6.859771866670282e-05,0.00014268522365728042,0.00019968156005396886,True,True,Y,True,0.0,1.0,0.8,0.0,-0.002513299252399931,-0.002513299252399931,0.00037629344744720405,F,Y,F,0.00037629344744720405,False,2
14,4akd,8,V,True,unseen_protein_uncovered_source,unseen_protein_covered_source,legacy_oracle_r32,all,0.9985584997692135,0.9996179776793808,0.01967062173076229,False,0.0,0.9982456140350877,F,-3.650619941563068e-05,0.00015348339449267203,0.0002083241975365475,True,True,F,True,0.0,1.0,1.0,0.0,-0.002513299252399931,-0.002513299252399931,0.00037629344744720405,F,Y,F,0.00037629344744720405,False,2
14,4akd,8,V,True,unseen_protein_uncovered_source,unseen_protein_covered_source,legacy_restricted_s231301,old,0.5101602361687957,0.7293430947308905,0.02354630298627694,False,0.0,0.787719298245614,F,0.002457453585550856,0.0035741016494532096,0.004637339116464931,True,True,F,True,0.0,0.6666666666666666,0.6,0.0,-0.002513299252399931,-0.002513299252399931,0.00037629344744720405,F,Y,F,0.00037629344744720405,False,2
14,4akd,8,V,True,unseen_protein_uncovered_source,unseen_protein_covered_source,legacy_restricted_s231301,new,0.1982783615990013,0.6972215438174689,0.016171233922694844,False,0.14768786770853776,0.25263157894736843,T,0.0019442422336226068,0.0035883665183273797,0.0044465066301792155,False,False,Y,False,0.002388295056258774,0.0,0.2,0.0,-0.002513299252399931,-0.002513299252399931,0.00037629344744720405,F,Y,F,0.00037629344744720405,False,2
14,4akd,8,V,True,unseen_protein_uncovered_source,unseen_protein_covered_source,legacy_restricted_s231301,all,0.3643020748685312,0.6935310181112893,0.01967062173076229,False,0.34672678685365876,0.5912280701754385,T,0.0022008479095867316,0.003531144020552249,0.004447385969774612,False,True,F,False,0.0068203314681209645,0.0,0.4,0.0,-0.002513299252399931,-0.002513299252399931,0.00037629344744720405,F,Y,F,0.00037629344744720405,False,2
14,4akd,8,V,True,unseen_protein_uncovered_source,unseen_protein_covered_source,legacy_restricted_s231303,old,0.47241825320131764,0.5996391909297768,0.02354630298627694,False,0.3374889958818566,0.8491228070175438,M,0.0002452762944360505,0.0024104168463424404,0.0035492383185352873,True,True,F,False,0.007946618151568566,0.6666666666666666,0.6,0.0011665636619691694,-0.0013467355904307615,-0.002513299252399931,0.0015428571094163734,M,Y,F,0.00037629344744720405,False,1
14,4akd,8,V,True,unseen_protein_uncovered_source,unseen_protein_covered_source,legacy_restricted_s231303,new,0.10905961025856423,0.4470085434004041,0.016171233922694844,False,0.2932268708188069,0.20175438596491227,A,-0.0003572033852232747,0.002727153144152203,0.003812589135639599,False,False,Y,False,0.0047418403204307485,0.0,0.2,0.0011665636619691694,-0.0013467355904307615,-0.002513299252399931,0.0015428571094163734,M,Y,F,0.00037629344744720405,False,1
14,4akd,8,V,True,unseen_protein_uncovered_source,unseen_protein_covered_source,legacy_restricted_s231303,all,0.29558731681370937,0.4869638525181811,0.01967062173076229,False,0.23164447820390716,0.6982456140350877,M,-5.59635453936121e-05,0.00242960113625426,0.003581349046277826,True,True,F,False,0.004556590906768868,0.3333333333333333,0.4,0.0011665636619691694,-0.0013467355904307615,-0.002513299252399931,0.0015428571094163734,M,Y,F,0.00037629344744720405,False,1
14,4akd,8,V,True,unseen_protein_uncovered_source,unseen_protein_covered_source,legacy_wt_z,old,0.4293977179550343,0.4665765260638475,0.02354630298627694,False,0.0,0.9508771929824561,F,0.0018806269974063696,0.002680763416321072,0.0037928783457724827,True,True,F,True,0.0,1.0,0.8,0.0,-0.002513299252399931,-0.002513299252399931,0.00037629344744720405,F,Y,F,0.00037629344744720405,False,2
14,4akd,8,V,True,unseen_protein_uncovered_source,unseen_protein_covered_source,legacy_wt_z,new,0.1873662540748377,0.3287873705089679,0.016171233922694844,False,0.08634765882852843,0.5771929824561403,I,0.00012180337353814414,0.002182765078515282,0.003283045732994691,False,False,Y,False,0.00139634818959318,0.0,0.4,0.0,-0.002513299252399931,-0.002513299252399931,0.00037629344744720405,F,Y,F,0.00037629344744720405,False,2
14,4akd,8,V,True,unseen_protein_uncovered_source,unseen_protein_covered_source,legacy_wt_z,all,0.30721586992257954,0.3588340495113751,0.01967062173076229,False,0.23164447820390716,0.9017543859649122,M,0.0010012151854722569,0.0023216365993871148,0.0033484913640976104,True,True,F,False,0.004556590906768868,0.6666666666666666,0.6,0.0,-0.002513299252399931,-0.002513299252399931,0.00037629344744720405,F,Y,F,0.00037629344744720405,False,2
14,4akd,6,I,True,unseen_protein_uncovered_source,unseen_protein_covered_source,restricted_context_s231301,all,-14.41546287734803,35.41540883077456,0.09542433270953865,False,0.7453572327751955,-0.03508771929824562,Q,-0.4296243767398779,0.6225278296218603,0.7994444941598449,False,False,P,False,0.0711252165678013,0.3333333333333333,0.2,0.06546018290395673,-0.0015963593772304607,-0.0670565422811872,0.06546018290395673,Q,P,P,0.0,False,1
14,4akd,6,I,True,unseen_protein_uncovered_source,unseen_protein_covered_source,restricted_context_s231301,new,-13.393518343788537,37.65318491033913,0.09200150716328517,False,0.7115120710770244,0.03859649122807017,Q,-0.4303292747343496,0.6223510298494075,0.7986612591277562,False,False,P,False,0.06546018290395673,0.3333333333333333,0.2,0.06546018290395673,-0.0015963593772304607,-0.0670565422811872,0.06546018290395673,Q,P,P,0.0,False,1
14,4akd,6,I,True,unseen_protein_uncovered_source,unseen_protein_covered_source,restricted_context_s231301,old,-14.880842689634395,33.152057126532995,0.09884715825579214,False,0.7768584508310455,-0.08421052631578947,Q,-0.4289194787454061,0.622704629394313,0.8002333061611542,False,False,P,False,0.07679025023164587,0.0,0.2,0.06546018290395673,-0.0015963593772304607,-0.0670565422811872,0.06546018290395673,Q,P,P,0.0,False,1
14,4akd,6,I,True,unseen_protein_uncovered_source,unseen_protein_covered_source,restricted_aa_only_s231301,all,-2.9866079948086193,4.98562225628932,0.09542433270953865,False,0.7842242719472131,0.26666666666666666,V,0.039191060714613396,0.04911601879240991,0.11314978288771439,False,False,P,False,0.07483407784518659,0.0,0.2,0.06945728344220384,0.0024007411610166424,-0.0670565422811872,0.06945728344220384,V,P,P,0.0,False,1
14,4akd,6,I,True,unseen_protein_uncovered_source,unseen_protein_covered_source,restricted_aa_only_s231301,new,-3.039001358711795,5.300646326184405,0.09200150716328517,False,0.7549581043159475,0.243859649122807,V,0.03848616272014166,0.04873092900541322,0.11178665799218439,False,False,P,False,0.06945728344220384,0.0,0.0,0.06945728344220384,0.0024007411610166424,-0.0670565422811872,0.06945728344220384,V,P,P,0.0,False,1
14,4akd,6,I,True,unseen_protein_uncovered_source,unseen_protein_covered_source,restricted_aa_only_s231301,old,-2.878277633751642,4.666997764775005,0.09884715825579214,False,0.8114636137601786,0.31578947368421056,V,0.03989595870908513,0.04959930752001718,0.1145410077927402,False,False,P,False,0.08021087224816936,0.3333333333333333,0.2,0.06945728344220384,0.0024007411610166424,-0.0670565422811872,0.06945728344220384,V,P,P,0.0,False,1
14,4akd,6,I,True,unseen_protein_uncovered_source,unseen_protein_covered_source,restricted_context_s231303,all,-2.862524919663977,10.012874008420722,0.09542433270953865,False,0.778756073349206,0.2964912280701754,R,0.1531271256839634,0.15756326413477753,0.2476231723268759,False,False,P,False,0.07431227864284852,0.0,0.2,0.07100778680738258,0.0039512445261953855,-0.0670565422811872,0.07100778680738258,R,P,P,0.0,False,2
14,4akd,6,I,True,unseen_protein_uncovered_source,unseen_protein_covered_source,restricted_context_s231303,new,-2.999725732526655,10.645552570760719,0.09200150716328517,False,0.7718111256738138,0.21052631578947367,R,0.15242222768949168,0.1573722449624463,0.24680607532909063,False,False,P,False,0.07100778680738258,0.0,0.2,0.07100778680738258,0.0039512445261953855,-0.0670565422811872,0.07100778680738258,R,P,P,0.0,False,2
14,4akd,6,I,True,unseen_protein_uncovered_source,unseen_protein_covered_source,restricted_context_s231303,old,-2.6912645609802026,9.372964539646718,0.09884715825579214,False,0.7852200492953106,0.3403508771929824,R,0.15383202367843513,0.15775428330710875,0.24845801408541238,False,False,P,False,0.07761677047831447,0.0,0.2,0.07100778680738258,0.0039512445261953855,-0.0670565422811872,0.07100778680738258,R,P,P,0.0,False,2
14,4akd,6,I,True,unseen_protein_uncovered_source,unseen_protein_covered_source,restricted_aa_only_s231303,all,-0.7212781088762441,2.633184438969049,0.09542433270953865,False,0.7842242719472131,-0.15614035087719297,V,0.030862594444359646,0.04136407556395677,0.06535638005957284,False,False,P,False,0.07483407784518659,0.0,0.0,0.06945728344220384,0.0024007411610166424,-0.0670565422811872,0.06945728344220384,V,P,P,0.0,False,1
14,4akd,6,I,True,unseen_protein_uncovered_source,unseen_protein_covered_source,restricted_aa_only_s231303,new,-0.6645670163272811,2.799566173506199,0.09200150716328517,False,0.7549581043159475,-0.06842105263157894,V,0.030157696449887913,0.04065825654055259,0.06397819557262334,False,False,P,False,0.06945728344220384,0.0,0.0,0.06945728344220384,0.0024007411610166424,-0.0670565422811872,0.06945728344220384,V,P,P,0.0,False,1
14,4akd,6,I,True,unseen_protein_uncovered_source,unseen_protein_covered_source,restricted_aa_only_s231303,old,-0.7488875570963058,2.464901121501198,0.09884715825579214,False,0.8114636137601786,-0.23508771929824557,V,0.0315674924388314,0.04223585888040402,0.06678215297830836,False,False,P,False,0.08021087224816936,0.0,0.0,0.06945728344220384,0.0024007411610166424,-0.0670565422811872,0.06945728344220384,V,P,P,0.0,False,1
14,4akd,6,I,True,unseen_protein_uncovered_source,unseen_protein_covered_source,expanded_context_s231301,all,-0.8676277093745038,8.045966514701258,0.09542433270953865,False,0.7002849156130783,0.0543859649122807,W,-0.4314372562261815,0.4314372562261815,0.458281438748919,False,False,P,False,0.06682422077893357,0.3333333333333333,0.4,0.05912620463345984,-0.007930337647727354,-0.0670565422811872,0.05912620463345984,W,P,P,0.0,False,1
14,4akd,6,I,True,unseen_protein_uncovered_source,unseen_protein_covered_source,expanded_context_s231301,new,-0.8610943353768059,8.554363057279929,0.09200150716328517,False,0.6426656090374919,-0.012280701754385965,W,-0.4321421542206532,0.4321421542206532,0.45881897950024464,False,False,P,False,0.05912620463345984,0.3333333333333333,0.2,0.05912620463345984,-0.007930337647727354,-0.0670565422811872,0.05912620463345984,W,P,P,0.0,False,1
14,4akd,6,I,True,unseen_protein_uncovered_source,unseen_protein_covered_source,expanded_context_s231301,old,-0.8530209021833979,7.531759489438989,0.09884715825579214,False,0.7539138022720098,0.03508771929824562,W,-0.4307323582317097,0.4307323582317097,0.4577543564949185,False,False,P,False,0.07452223692440733,0.6666666666666666,0.4,0.05912620463345984,-0.007930337647727354,-0.0670565422811872,0.05912620463345984,W,P,P,0.0,False,1
14,4akd,6,I,True,unseen_protein_uncovered_source,unseen_protein_covered_source,expanded_aa_only_s231301,all,-1.0017417775661555,8.24671799167789,0.09542433270953865,False,0.7002849156130783,0.08596491228070174,W,-0.45200364205374793,0.45200364205374793,0.47900291020706154,False,False,P,False,0.06682422077893357,0.3333333333333333,0.6,0.05912620463345984,-0.007930337647727354,-0.0670565422811872,0.05912620463345984,W,P,P,0.0,False,1
14,4akd,6,I,True,unseen_protein_uncovered_source,unseen_protein_covered_source,expanded_aa_only_s231301,new,-1.0048866251915334,8.76779931943756,0.09200150716328517,False,0.6426656090374919,0.005263157894736842,W,-0.45270854004821975,0.45270854004821975,0.4795423574047133,False,False,P,False,0.05912620463345984,0.3333333333333333,0.4,0.05912620463345984,-0.007930337647727354,-0.0670565422811872,0.05912620463345984,W,P,P,0.0,False,1
14,4akd,6,I,True,unseen_protein_uncovered_source,unseen_protein_covered_source,expanded_aa_only_s231301,old,-0.9765916106260787,7.719681206360748,0.09884715825579214,False,0.7539138022720098,0.07017543859649124,W,-0.4512987440592761,0.4512987440592761,0.4784734643264588,False,False,P,False,0.07452223692440733,0.6666666666666666,0.6,0.05912620463345984,-0.007930337647727354,-0.0670565422811872,0.05912620463345984,W,P,P,0.0,False,1
14,4akd,6,I,True,unseen_protein_uncovered_source,unseen_protein_covered_source,expanded_context_s231303,all,0.14028634602138468,2.2059680716014523,0.09542433270953865,False,0.7842242719472131,-0.05263157894736842,V,-0.057488368745464535,0.06369032327541528,0.07267822825131166,False,False,P,False,0.07483407784518659,0.0,0.2,0.06945728344220384,0.0024007411610166424,-0.0670565422811872,0.06945728344220384,V,P,P,0.0,False,1
14,4akd,6,I,True,unseen_protein_uncovered_source,unseen_protein_covered_source,expanded_context_s231303,new,0.16868300679557804,2.3453554949261637,0.09200150716328517,False,0.7549581043159475,-0.0456140350877193,V,-0.058193266739936286,0.0641414577089467,0.07291442669003372,False,False,P,False,0.06945728344220384,0.0,0.2,0.06945728344220384,0.0024007411610166424,-0.0670565422811872,0.06945728344220384,V,P,P,0.0,False,1
14,4akd,6,I,True,unseen_protein_uncovered_source,unseen_protein_covered_source,expanded_context_s231303,old,0.11509238378386168,2.0649875843164085,0.09884715825579214,False,0.8114636137601786,-0.11578947368421051,V,-0.0567834707509928,0.06323918884188387,0.0725113007753107,False,False,P,False,0.08021087224816936,0.0,0.2,0.06945728344220384,0.0024007411610166424,-0.0670565422811872,0.06945728344220384,V,P,P,0.0,False,1
14,4akd,6,I,True,unseen_protein_uncovered_source,unseen_protein_covered_source,expanded_aa_only_s231303,all,-0.9965520718977097,8.235377768481175,0.09542433270953865,False,0.7002849156130783,0.08596491228070174,W,-0.450513035960655,0.450513035960655,0.4775234603244219,False,False,P,False,0.06682422077893357,0.3333333333333333,0.6,0.05912620463345984,-0.007930337647727354,-0.0670565422811872,0.05912620463345984,W,P,P,0.0,False,1
14,4akd,6,I,True,unseen_protein_uncovered_source,unseen_protein_covered_source,expanded_aa_only_s231303,new,-1.0018419886110301,8.75574254711592,0.09200150716328517,False,0.6426656090374919,0.005263157894736842,W,-0.45121793395512677,0.45121793395512677,0.478064227342332,False,False,P,False,0.05912620463345984,0.3333333333333333,0.4,0.05912620463345984,-0.007930337647727354,-0.0670565422811872,0.05912620463345984,W,P,P,0.0,False,1
14,4akd,6,I,True,unseen_protein_uncovered_source,unseen_protein_covered_source,expanded_aa_only_s231303,old,-0.9698566979788669,7.7090657217551195,0.09884715825579214,False,0.7539138022720098,0.07017543859649124,W,-0.4498081379661832,0.4498081379661832,0.4769927226826033,False,False,P,False,0.07452223692440733,0.6666666666666666,0.6,0.05912620463345984,-0.007930337647727354,-0.0670565422811872,0.05912620463345984,W,P,P,0.0,False,1
14,4akd,6,I,True,unseen_protein_uncovered_source,unseen_protein_covered_source,legacy_baseline,old,0.9974305058839121,0.997443060915044,0.09884715825579214,False,0.0,1.0,P,5.157627748809591e-06,8.775751579883244e-05,0.00011318613883322513,True,True,P,True,0.0,1.0,1.0,0.0,-0.0670565422811872,-0.0670565422811872,0.0,P,P,P,0.0,False,1
14,4akd,6,I,True,unseen_protein_uncovered_source,unseen_protein_covered_source,legacy_baseline,new,0.9943640078748721,0.9943780062122299,0.09200150716328517,False,0.0,1.0,P,5.047741301552362e-05,9.612614459467077e-05,0.0001456465399701819,True,True,P,True,0.0,1.0,1.0,0.0,-0.0670565422811872,-0.0670565422811872,0.0,P,P,P,0.0,False,1
14,4akd,6,I,True,unseen_protein_uncovered_source,unseen_protein_covered_source,legacy_baseline,all,0.9959337140118105,0.9959453057464495,0.09542433270953865,False,0.0,0.9964912280701754,P,2.7817520382165878e-05,8.391678601042236e-05,0.00012165430197577102,True,True,P,True,0.0,1.0,1.0,0.0,-0.0670565422811872,-0.0670565422811872,0.0,P,P,P,0.0,False,1
14,4akd,6,I,True,unseen_protein_uncovered_source,unseen_protein_covered_source,legacy_exact,old,1.0,1.0,0.09884715825579214,False,0.0,1.0,P,0.0,0.0,0.0,True,True,P,True,0.0,1.0,1.0,0.0,-0.0670565422811872,-0.0670565422811872,0.0,P,P,P,0.0,False,1
14,4akd,6,I,True,unseen_protein_uncovered_source,unseen_protein_covered_source,legacy_exact,new,1.0,1.0,0.09200150716328517,False,0.0,1.0,P,0.0,0.0,0.0,True,True,P,True,0.0,1.0,1.0,0.0,-0.0670565422811872,-0.0670565422811872,0.0,P,P,P,0.0,False,1
14,4akd,6,I,True,unseen_protein_uncovered_source,unseen_protein_covered_source,legacy_exact,all,1.0,1.0,0.09542433270953865,False,0.0,1.0,P,0.0,0.0,0.0,True,True,P,True,0.0,1.0,1.0,0.0,-0.0670565422811872,-0.0670565422811872,0.0,P,P,P,0.0,False,1
14,4akd,6,I,True,unseen_protein_uncovered_source,unseen_protein_covered_source,legacy_expanded_s231301,old,0.06300602437062927,0.15284369066539766,0.09884715825579214,False,0.7597569114631343,0.7649122807017543,L,0.002694388027561378,0.00821637141416557,0.019228941114930315,False,False,P,False,0.0750998116633283,0.3333333333333333,0.6,0.06793460777450129,0.0008780654933140952,-0.0670565422811872,0.06793460777450129,L,P,P,0.0,False,0
14,4akd,6,I,True,unseen_protein_uncovered_source,unseen_protein_covered_source,legacy_expanded_s231301,new,0.055248430939526715,0.1374367117360446,0.09200150716328517,False,0.7384075529755212,0.512280701754386,L,0.00214576413898691,0.00811124085192918,0.01700202854136113,False,True,P,False,0.06793460777450129,0.3333333333333333,0.8,0.06793460777450129,0.0008780654933140952,-0.0670565422811872,0.06793460777450129,L,P,P,0.0,False,0
14,4akd,6,I,True,unseen_protein_uncovered_source,unseen_protein_covered_source,legacy_expanded_s231301,all,0.05300106050998722,0.11909787389733456,0.09542433270953865,False,0.7494651278998768,0.7596491228070175,L,0.002420076083274144,0.00809775760797608,0.018092306861766164,False,True,P,False,0.07151720971891479,0.3333333333333333,0.6,0.06793460777450129,0.0008780654933140952,-0.0670565422811872,0.06793460777450129,L,P,P,0.0,False,0
14,4akd,6,I,True,unseen_protein_uncovered_source,unseen_protein_covered_source,legacy_expanded_s231303,old,0.09478736685792108,0.13310275419250986,0.09884715825579214,False,0.0,0.6631578947368422,P,-0.0050471514760854885,0.012166736677772638,0.018973907514005853,True,True,P,True,0.0,0.3333333333333333,0.4,0.0,-0.0670565422811872,-0.0670565422811872,0.0,P,P,P,0.0,False,1
14,4akd,6,I,True,unseen_protein_uncovered_source,unseen_protein_covered_source,legacy_expanded_s231303,new,0.08480180338638213,0.15418395634014395,0.09200150716328517,False,0.0,0.30701754385964913,P,-0.003825742512406023,0.010403561895226048,0.01679645712827535,True,True,P,True,0.0,0.6666666666666666,0.6,0.0,-0.0670565422811872,-0.0670565422811872,0.0,P,P,P,0.0,False,1
14,4akd,6,I,True,unseen_protein_uncovered_source,unseen_protein_covered_source,legacy_expanded_s231303,all,0.08451610921227788,0.11898461659019914,0.09542433270953865,False,0.0,0.5684210526315789,P,-0.004436446994245758,0.011271739732870267,0.017855984081907375,True,True,P,True,0.0,0.6666666666666666,0.4,0.0,-0.0670565422811872,-0.0670565422811872,0.0,P,P,P,0.0,False,1
14,4akd,6,I,True,unseen_protein_uncovered_source,unseen_protein_covered_source,legacy_oracle_r32,old,1.0053569701781058,1.0054056273134648,0.09884715825579214,False,0.0,1.0,P,-0.00016761102455663916,0.00019756946186727813,0.0002814399849696367,True,True,P,True,0.0,1.0,1.0,0.0,-0.0670565422811872,-0.0670565422811872,0.0,P,P,P,0.0,False,1
14,4akd,6,I,True,unseen_protein_uncovered_source,unseen_protein_covered_source,legacy_oracle_r32,new,1.001690317205489,1.0017274134359797,0.09200150716328517,False,0.0,0.9982456140350877,P,-9.665212527398095e-05,0.0001492847229349249,0.0001830562066104465,True,True,P,True,0.0,1.0,1.0,0.0,-0.0670565422811872,-0.0670565422811872,0.0,P,P,P,0.0,False,1
14,4akd,6,I,True,unseen_protein_uncovered_source,unseen_protein_covered_source,legacy_oracle_r32,all,1.0035457139790682,1.0035852257945324,0.09542433270953865,False,0.0,0.9964912280701754,P,-0.00013213157491531076,0.00016094369106156142,0.000223564721239358,True,True,P,True,0.0,1.0,1.0,0.0,-0.0670565422811872,-0.0670565422811872,0.0,P,P,P,0.0,False,1
14,4akd,6,I,True,unseen_protein_uncovered_source,unseen_protein_covered_source,legacy_restricted_s231301,old,0.03219665298036341,0.1674123698920664,0.09884715825579214,False,0.7852200492953106,0.719298245614035,R,0.0018342116701291899,0.008395272064996542,0.01981496899184802,False,False,P,False,0.07761677047831447,0.3333333333333333,0.4,0.07100778680738258,0.0039512445261953855,-0.0670565422811872,0.07100778680738258,R,P,P,0.0,False,2
14,4akd,6,I,True,unseen_protein_uncovered_source,unseen_protein_covered_source,legacy_restricted_s231301,new,-0.005314983394308722,0.15330282241394297,0.09200150716328517,False,0.6426656090374919,0.28771929824561404,W,0.0004590965537849457,0.008346399757958723,0.018001418729479843,False,False,P,False,0.05912620463345984,0.3333333333333333,0.6,0.07100778680738258,0.0039512445261953855,-0.0670565422811872,0.07100778680738258,R,P,P,0.0,False,2
14,4akd,6,I,True,unseen_protein_uncovered_source,unseen_protein_covered_source,legacy_restricted_s231301,all,0.006182765306474395,0.1261820122069063,0.09542433270953865,False,0.778756073349206,0.6157894736842106,R,0.001146654111957067,0.008349044983795906,0.018882526288678644,False,False,P,False,0.07431227864284852,0.3333333333333333,0.6,0.07100778680738258,0.0039512445261953855,-0.0670565422811872,0.07100778680738258,R,P,P,0.0,False,2
14,4akd,6,I,True,unseen_protein_uncovered_source,unseen_protein_covered_source,legacy_restricted_s231303,old,0.07335937183166062,0.2350188777550914,0.09884715825579214,False,0.7597569114631343,0.7543859649122807,L,0.002366102370672842,0.007511076280104924,0.01930288818072246,False,False,P,False,0.0750998116633283,0.3333333333333333,0.4,0.06793460777450129,0.0008780654933140952,-0.0670565422811872,0.06793460777450129,L,P,P,0.0,False,0
14,4akd,6,I,True,unseen_protein_uncovered_source,unseen_protein_covered_source,legacy_restricted_s231303,new,0.037848040495338964,0.14175252556060447,0.09200150716328517,False,0.6426656090374919,0.5789473684210525,W,0.0010601591141659098,0.007893253041711328,0.01722973778891153,False,False,P,False,0.05912620463345984,0.3333333333333333,0.6,0.06793460777450129,0.0008780654933140952,-0.0670565422811872,0.06793460777450129,L,P,P,0.0,False,0
14,4akd,6,I,True,unseen_protein_uncovered_source,unseen_protein_covered_source,legacy_restricted_s231303,all,0.04928314623857715,0.16630245604118893,0.09542433270953865,False,0.7494651278998768,0.7543859649122807,L,0.001713130742419375,0.007680012653371072,0.018215667984769944,False,False,P,False,0.07151720971891479,0.3333333333333333,0.6,0.06793460777450129,0.0008780654933140952,-0.0670565422811872,0.06793460777450129,L,P,P,0.0,False,0
14,4akd,6,I,True,unseen_protein_uncovered_source,unseen_protein_covered_source,legacy_wt_z,old,0.06284464150182043,0.15227067553335139,0.09884715825579214,False,0.7597569114631343,0.7649122807017543,L,0.0026905943716431244,0.008222087043841069,0.019229963742933346,False,False,P,False,0.0750998116633283,0.3333333333333333,0.6,0.06793460777450129,0.0008780654933140952,-0.0670565422811872,0.06793460777450129,L,P,P,0.0,False,0
14,4akd,6,I,True,unseen_protein_uncovered_source,unseen_protein_covered_source,legacy_wt_z,new,0.055014685097672836,0.13701079420017445,0.09200150716328517,False,0.7384075529755212,0.512280701754386,L,0.0020929450530326947,0.008103956900986142,0.016998672910822105,False,True,P,False,0.06793460777450129,0.3333333333333333,0.8,0.06793460777450129,0.0008780654933140952,-0.0670565422811872,0.06793460777450129,L,P,P,0.0,False,0
14,4akd,6,I,True,unseen_protein_uncovered_source,unseen_protein_covered_source,legacy_wt_z,all,0.05281995783607383,0.11861238943628025,0.09542433270953865,False,0.7494651278998768,0.7596491228070175,L,0.002391769712337909,0.008094841635161824,0.018090956946608,False,True,P,False,0.07151720971891479,0.3333333333333333,0.6,0.06793460777450129,0.0008780654933140952,-0.0670565422811872,0.06793460777450129,L,P,P,0.0,False,0
18,1dzr,179,A,False,train,seen_protein_covered_source,restricted_context_s231301,all,0.8476130502068876,0.8877788350975108,0.07602772526831222,False,0.0,0.9298245614035087,P,-0.006656127788601608,0.00803929012531398,0.0098643487030981,True,True,P,True,0.0,0.6666666666666666,0.6,0.0,-0.022543607172651567,-0.022543607172651567,0.0,P,P,P,0.0,False,0
18,1dzr,179,A,False,train,seen_protein_covered_source,restricted_context_s231301,new,0.8028248841127089,0.8409586728493625,0.07913353582770151,False,0.0,0.9280701754385964,P,-0.008058159796557487,0.009177617635120552,0.01137941181767262,True,True,P,True,0.0,0.6666666666666666,0.6,0.0,-0.022543607172651567,-0.022543607172651567,0.0,P,P,P,0.0,False,0
18,1dzr,179,A,False,train,seen_protein_covered_source,restricted_context_s231301,old,0.8917891468600657,0.9370228303976905,0.07316693484163686,False,0.0,0.9245614035087718,P,-0.005254095780645729,0.007069291448458491,0.008715197465812764,True,True,P,True,0.0,0.6666666666666666,0.6,0.0,-0.022543607172651567,-0.022543607172651567,0.0,P,P,P,0.0,False,0
18,1dzr,179,A,False,train,seen_protein_covered_source,restricted_aa_only_s231301,all,0.9358230057638708,2.574289373121593,0.07602772526831222,False,0.23671691636545236,0.3543859649122807,S,0.023322746951344113,0.05363575118752992,0.061859424572600644,False,False,P,False,0.017997048683794654,0.0,0.2,0.017820999817573,-0.0047226073550785674,-0.022543607172651567,0.017820999817573,S,P,P,0.0,True,0
18,1dzr,179,A,False,train,seen_protein_covered_source,restricted_aa_only_s231301,new,0.897690294985429,2.4385251023840526,0.07913353582770151,False,0.225201611822008,0.3350877192982456,S,0.021920714943388233,0.052888700242063665,0.06127588468412831,False,False,P,False,0.017820999817573,0.0,0.2,0.017820999817573,-0.0047226073550785674,-0.022543607172651567,0.017820999817573,S,P,P,0.0,True,0
18,1dzr,179,A,False,train,seen_protein_covered_source,restricted_aa_only_s231301,old,0.9705468756073456,2.717082024601484,0.07316693484163686,False,0.24837855500370923,0.37543859649122807,S,0.02472477895929999,0.054382802132996164,0.06252421692908769,False,False,P,False,0.01817309755001631,0.0,0.4,0.017820999817573,-0.0047226073550785674,-0.022543607172651567,0.017820999817573,S,P,P,0.0,True,0
18,1dzr,179,A,False,train,seen_protein_covered_source,restricted_context_s231303,all,0.9054522386561957,0.9089816909280773,0.07602772526831222,False,0.0,0.9789473684210527,P,-0.0014974923440546069,0.0027220956575328215,0.0033156812115602663,True,True,P,True,0.0,1.0,0.8,0.0,-0.022543607172651567,-0.022543607172651567,0.0,P,P,P,0.0,False,0
18,1dzr,179,A,False,train,seen_protein_covered_source,restricted_context_s231303,new,0.8551467796965618,0.8610433209564907,0.07913353582770151,False,0.0,0.9789473684210527,P,-0.0028995243520104855,0.004036069437673233,0.005308206830787449,True,True,P,True,0.0,1.0,0.8,0.0,-0.022543607172651567,-0.022543607172651567,0.0,P,P,P,0.0,False,0
18,1dzr,179,A,False,train,seen_protein_covered_source,restricted_context_s231303,old,0.9556982359140778,0.9594017824490644,0.07316693484163686,False,0.0,0.975438596491228,P,-9.546033609872822e-05,0.0018560123752910853,0.002155308225437618,True,True,P,True,0.0,1.0,0.6,0.0,-0.022543607172651567,-0.022543607172651567,0.0,P,P,P,0.0,False,0
18,1dzr,179,A,False,train,seen_protein_covered_source,restricted_aa_only_s231303,all,0.8603263826301577,2.3249158157685703,0.07602772526831222,False,0.23671691636545236,0.3578947368421052,S,0.018872810255260976,0.047275851532594414,0.055028246341697715,False,False,P,False,0.017997048683794654,0.0,0.2,0.017820999817573,-0.0047226073550785674,-0.022543607172651567,0.017820999817573,S,P,P,0.0,True,0
18,1dzr,179,A,False,train,seen_protein_covered_source,restricted_aa_only_s231303,new,0.8256038699788861,2.202303143102619,0.07913353582770151,False,0.225201611822008,0.3350877192982456,S,0.017470778247305096,0.047024903526049565,0.054536708903681556,False,False,P,False,0.017820999817573,0.0,0.2,0.017820999817573,-0.0047226073550785674,-0.022543607172651567,0.017820999817573,S,P,P,0.0,True,0
18,1dzr,179,A,False,train,seen_protein_covered_source,restricted_aa_only_s231303,old,0.8918344235989408,2.4538760240759085,0.07316693484163686,False,0.24837855500370923,0.37894736842105264,S,0.020274842263216852,0.0480142199593044,0.055612931071396574,False,False,P,False,0.01817309755001631,0.0,0.4,0.017820999817573,-0.0047226073550785674,-0.022543607172651567,0.017820999817573,S,P,P,0.0,True,0
18,1dzr,179,A,False,train,seen_protein_covered_source,expanded_context_s231301,all,0.8110890821563134,1.386449721578345,0.07602772526831222,False,0.5989476531749135,0.5017543859649122,Q,0.00605328849503607,0.021062720673908325,0.02789542610336752,False,False,P,False,0.045536627625682675,0.0,0.0,0.044681164957327615,0.02213755778467605,-0.022543607172651567,0.044681164957327615,Q,P,P,0.0,True,0
18,1dzr,179,A,False,train,seen_protein_covered_source,expanded_context_s231301,new,0.7905386927992011,1.3133303833525487,0.07913353582770151,False,0.5646299573244459,0.4807017543859649,Q,0.004651256487080191,0.020636627810403475,0.027361609083174438,False,False,P,False,0.044681164957327615,0.0,0.0,0.044681164957327615,0.02213755778467605,-0.022543607172651567,0.044681164957327615,Q,P,P,0.0,True,0
18,1dzr,179,A,False,train,seen_protein_covered_source,expanded_context_s231301,old,0.8256661585065008,1.463354374938143,0.07316693484163686,False,0.6340581356106987,0.5210526315789473,Q,0.007455320502991948,0.021887729228143252,0.028609209581323496,False,False,P,False,0.046392090294037736,0.0,0.2,0.044681164957327615,0.02213755778467605,-0.022543607172651567,0.044681164957327615,Q,P,P,0.0,True,0
18,1dzr,179,A,False,train,seen_protein_covered_source,expanded_aa_only_s231301,all,0.6771519873726131,1.2481050210386286,0.07602772526831222,False,0.5989476531749135,0.512280701754386,Q,0.008119699595989004,0.021647136976940973,0.02742887623178182,False,False,P,False,0.045536627625682675,0.0,0.2,0.044681164957327615,0.02213755778467605,-0.022543607172651567,0.044681164957327615,Q,P,P,0.0,True,0
18,1dzr,179,A,False,train,seen_protein_covered_source,expanded_aa_only_s231301,new,0.6573884179718927,1.1822817807477757,0.07913353582770151,False,0.5646299573244459,0.4789473684210526,Q,0.006717667588033126,0.021535203500878633,0.027083901987653168,False,False,P,False,0.044681164957327615,0.0,0.2,0.044681164957327615,0.02213755778467605,-0.022543607172651567,0.044681164957327615,Q,P,P,0.0,True,0
18,1dzr,179,A,False,train,seen_protein_covered_source,expanded_aa_only_s231301,old,0.6925581852415464,1.3173358647581754,0.07316693484163686,False,0.6340581356106987,0.5333333333333333,Q,0.009521731603944884,0.02195902922733247,0.027963971200666012,False,False,P,False,0.046392090294037736,0.0,0.4,0.044681164957327615,0.02213755778467605,-0.022543607172651567,0.044681164957327615,Q,P,P,0.0,True,0
18,1dzr,179,A,False,train,seen_protein_covered_source,expanded_context_s231303,all,0.5218434614357401,2.033792836161883,0.07602772526831222,False,0.20638570119644997,0.2596491228070175,D,-0.027534722445272563,0.04756849395595773,0.055609848825317026,True,True,P,False,0.015691035389871676,0.6666666666666666,0.4,0.015930660808904942,-0.006612946363746625,-0.022543607172651567,0.015930660808904942,D,P,P,0.0,True,0
18,1dzr,179,A,False,train,seen_protein_covered_source,expanded_context_s231303,new,0.4954489492674266,1.9265335652672775,0.07913353582770151,False,0.20131364840806532,0.243859649122807,D,-0.028936754453228443,0.048684569795252576,0.056589162634219224,True,True,P,False,0.015930660808904942,0.6666666666666666,0.4,0.015930660808904942,-0.006612946363746625,-0.022543607172651567,0.015930660808904942,D,P,P,0.0,True,0
18,1dzr,179,A,False,train,seen_protein_covered_source,expanded_context_s231303,old,0.5475761907735311,2.146604812417765,0.07316693484163686,False,0.21118022784857085,0.27543859649122804,D,-0.026132690437316686,0.04645241811666288,0.05471208435637216,True,True,P,False,0.015451409970838409,0.6666666666666666,0.6,0.015930660808904942,-0.006612946363746625,-0.022543607172651567,0.015930660808904942,D,P,P,0.0,True,0
18,1dzr,179,A,False,train,seen_protein_covered_source,expanded_aa_only_s231303,all,0.6734477819821487,1.2334709274897488,0.07602772526831222,False,0.5989476531749135,0.5456140350877193,Q,0.0082753687137398,0.021385421858400522,0.027173659582853397,False,False,P,False,0.045536627625682675,0.0,0.2,0.044681164957327615,0.02213755778467605,-0.022543607172651567,0.044681164957327615,Q,P,P,0.0,True,0
18,1dzr,179,A,False,train,seen_protein_covered_source,expanded_aa_only_s231303,new,0.6531169997301183,1.1684194679704412,0.07913353582770151,False,0.5646299573244459,0.5105263157894736,Q,0.006873336705783922,0.021284674883575754,0.02683971796818797,False,False,P,False,0.044681164957327615,0.0,0.2,0.044681164957327615,0.02213755778467605,-0.022543607172651567,0.044681164957327615,Q,P,P,0.0,True,0
18,1dzr,179,A,False,train,seen_protein_covered_source,expanded_aa_only_s231303,old,0.6896081280108142,1.3018900361177914,0.07316693484163686,False,0.6340581356106987,0.5666666666666667,Q,0.00967740072169568,0.021697789377406938,0.027699819839655974,False,False,P,False,0.046392090294037736,0.0,0.4,0.044681164957327615,0.02213755778467605,-0.022543607172651567,0.044681164957327615,Q,P,P,0.0,True,0
18,1dzr,179,A,False,train,seen_protein_covered_source,legacy_baseline,old,1.001252542754735,1.0012572713771795,0.07316693484163686,False,0.0,1.0,P,-5.645456049394914e-06,4.3910263488155344e-05,7.538714170095449e-05,True,True,P,True,0.0,1.0,1.0,0.0,-0.022543607172651567,-0.022543607172651567,0.0,P,P,P,0.0,False,0
18,1dzr,179,A,False,train,seen_protein_covered_source,legacy_baseline,new,1.0014450994507067,1.0014484845521439,0.07913353582770151,False,0.0,1.0,P,-2.3465277263560357e-05,5.4449464228109445e-05,7.866196893954736e-05,True,True,P,True,0.0,1.0,1.0,0.0,-0.022543607172651567,-0.022543607172651567,0.0,P,P,P,0.0,False,0
18,1dzr,179,A,False,train,seen_protein_covered_source,legacy_baseline,all,1.00137410775949,1.0013779283594595,0.07602772526831222,False,0.0,1.0,P,-1.4555366656477634e-05,4.797534332007941e-05,7.518699506970076e-05,True,True,P,True,0.0,1.0,1.0,0.0,-0.022543607172651567,-0.022543607172651567,0.0,P,P,P,0.0,False,0
18,1dzr,179,A,False,train,seen_protein_covered_source,legacy_exact,old,1.0,1.0,0.07316693484163686,False,0.0,1.0,P,0.0,0.0,0.0,True,True,P,True,0.0,1.0,1.0,0.0,-0.022543607172651567,-0.022543607172651567,0.0,P,P,P,0.0,False,0
18,1dzr,179,A,False,train,seen_protein_covered_source,legacy_exact,new,1.0,1.0,0.07913353582770151,False,0.0,1.0,P,0.0,0.0,0.0,True,True,P,True,0.0,1.0,1.0,0.0,-0.022543607172651567,-0.022543607172651567,0.0,P,P,P,0.0,False,0
18,1dzr,179,A,False,train,seen_protein_covered_source,legacy_exact,all,1.0,1.0,0.07602772526831222,False,0.0,1.0,P,0.0,0.0,0.0,True,True,P,True,0.0,1.0,1.0,0.0,-0.022543607172651567,-0.022543607172651567,0.0,P,P,P,0.0,False,0
18,1dzr,179,A,False,train,seen_protein_covered_source,legacy_expanded_s231301,old,-0.0053200469588524,0.08909321649753715,0.07316693484163686,False,0.9050981142738941,-0.07192982456140351,Y,-0.015297155472964064,0.021821132055986816,0.02748647093378619,False,False,P,False,0.0662232547523664,0.3333333333333333,0.4,0.07574229485972749,0.05319868768707592,-0.022543607172651567,0.07574229485972749,Y,P,P,0.0,True,0
18,1dzr,179,A,False,train,seen_protein_covered_source,legacy_expanded_s231301,new,0.05178803256691666,0.08806529009643883,0.07913353582770151,False,0.21622077775988507,0.6649122807017543,G,-0.016708973051581966,0.023053214380702246,0.02922200866069617,False,False,P,False,0.01711031466355535,0.3333333333333333,0.6,0.07574229485972749,0.05319868768707592,-0.022543607172651567,0.07574229485972749,Y,P,P,0.0,True,0
18,1dzr,179,A,False,train,seen_protein_covered_source,legacy_expanded_s231301,all,0.02261193338060249,0.06997897510612036,0.07602772526831222,False,0.20153300895189452,0.39473684210526316,G,-0.01600306426227302,0.02243717321834453,0.028345420903231167,False,False,P,False,0.015322096237090944,0.3333333333333333,0.6,0.07574229485972749,0.05319868768707592,-0.022543607172651567,0.07574229485972749,Y,P,P,0.0,True,0
18,1dzr,179,A,False,train,seen_protein_covered_source,legacy_expanded_s231303,old,0.0023819222859560478,0.09799889302329787,0.07316693484163686,False,0.1849725950652351,0.10175438596491228,G,-0.015728418516317115,0.02194128440422496,0.027601678449814687,False,False,P,False,0.013533877810626538,0.3333333333333333,0.4,0.01711031466355535,-0.005433292509096216,-0.022543607172651567,0.01711031466355535,G,P,P,0.0,True,0
18,1dzr,179,A,False,train,seen_protein_covered_source,legacy_expanded_s231303,new,0.057642012913175174,0.11254256753943605,0.07913353582770151,False,0.21622077775988507,0.6614035087719298,G,-0.016660483684998922,0.02307485304732304,0.029120213898559923,False,False,P,False,0.01711031466355535,0.6666666666666666,0.6,0.01711031466355535,-0.005433292509096216,-0.022543607172651567,0.01711031466355535,G,P,P,0.0,True,0
18,1dzr,179,A,False,train,seen_protein_covered_source,legacy_expanded_s231303,all,0.029222726029858186,0.09037713390113837,0.07602772526831222,False,0.20153300895189452,0.4333333333333333,G,-0.016194451100658022,0.022508068725774003,0.028354004572262236,False,False,P,False,0.015322096237090944,0.3333333333333333,0.6,0.01711031466355535,-0.005433292509096216,-0.022543607172651567,0.01711031466355535,G,P,P,0.0,True,0
18,1dzr,179,A,False,train,seen_protein_covered_source,legacy_oracle_r32,old,0.9954270200567455,0.9954966043217822,0.07316693484163686,False,0.0,0.9982456140350877,P,-0.00021552918355046734,0.00030634937118619764,0.00035789581407733294,True,True,P,True,0.0,1.0,0.8,0.0,-0.022543607172651567,-0.022543607172651567,0.0,P,P,P,0.0,False,0
18,1dzr,179,A,False,train,seen_protein_covered_source,legacy_oracle_r32,new,0.9957859424475138,0.9958623194033219,0.07913353582770151,False,0.0,0.9964912280701754,P,-0.0002869366068173515,0.0003670838970217454,0.0004362478222194364,True,True,P,True,0.0,0.6666666666666666,1.0,0.0,-0.022543607172651567,-0.022543607172651567,0.0,P,P,P,0.0,False,0
18,1dzr,179,A,False,train,seen_protein_covered_source,legacy_oracle_r32,all,0.9956235346920077,0.9956955177522102,0.07602772526831222,False,0.0,0.9964912280701754,P,-0.00025123289518390947,0.0003363494071675855,0.0003947143135291427,True,True,P,True,0.0,1.0,1.0,0.0,-0.022543607172651567,-0.022543607172651567,0.0,P,P,P,0.0,False,0
18,1dzr,179,A,False,train,seen_protein_covered_source,legacy_restricted_s231301,old,0.7761169908368527,0.7789863029372915,0.07316693484163686,False,0.0,0.980701754385965,P,-0.0037346628688749036,0.00522383429177301,0.006472643199096851,True,True,P,True,0.0,0.6666666666666666,0.8,0.0,-0.022543607172651567,-0.022543607172651567,0.0,P,P,P,0.0,False,0
18,1dzr,179,A,False,train,seen_protein_covered_source,legacy_restricted_s231301,new,0.8250989611712117,0.8266855310498932,0.07913353582770151,False,0.0,0.9789473684210527,P,-0.005428065056254134,0.005745501421172712,0.007111559857155433,True,True,P,True,0.0,0.6666666666666666,1.0,0.0,-0.022543607172651567,-0.022543607172651567,0.0,P,P,P,0.0,False,0
18,1dzr,179,A,False,train,seen_protein_covered_source,legacy_restricted_s231301,all,0.8017230328929313,0.8036002384090323,0.07602772526831222,False,0.0,0.9894736842105263,P,-0.004581363962564519,0.005414983714777355,0.006717955756500217,True,True,P,True,0.0,0.6666666666666666,1.0,0.0,-0.022543607172651567,-0.022543607172651567,0.0,P,P,P,0.0,False,0
18,1dzr,179,A,False,train,seen_protein_covered_source,legacy_restricted_s231303,old,0.8527230148459389,0.8576932392272011,0.07316693484163686,False,0.0,0.9456140350877192,P,-0.0052901047798000955,0.005492343034450397,0.006591136721025123,True,True,P,True,0.0,0.6666666666666666,0.6,0.0,-0.022543607172651567,-0.022543607172651567,0.0,P,P,P,0.0,False,0
18,1dzr,179,A,False,train,seen_protein_covered_source,legacy_restricted_s231303,new,0.8609669604901038,0.865361937634653,0.07913353582770151,False,0.0,0.9578947368421052,P,-0.006315455719471989,0.0063807147548077545,0.007549492309222333,True,True,P,True,0.0,0.3333333333333333,0.8,0.0,-0.022543607172651567,-0.022543607172651567,0.0,P,P,P,0.0,False,0
18,1dzr,179,A,False,train,seen_protein_covered_source,legacy_restricted_s231303,all,0.8571021032366714,0.8616186819715947,0.07602772526831222,False,0.0,0.9596491228070174,P,-0.005802780249636042,0.005899070590579317,0.007053128452202322,True,True,P,True,0.0,0.6666666666666666,0.8,0.0,-0.022543607172651567,-0.022543607172651567,0.0,P,P,P,0.0,False,0
18,1dzr,179,A,False,train,seen_protein_covered_source,legacy_wt_z,old,-0.005359872278942763,0.08880767118111828,0.07316693484163686,False,0.9050981142738941,-0.07192982456140351,Y,-0.01527439863667322,0.02181833856436774,0.02747408132142857,False,False,P,False,0.0662232547523664,0.3333333333333333,0.4,0.07574229485972749,0.05319868768707592,-0.022543607172651567,0.07574229485972749,Y,P,P,0.0,True,0
18,1dzr,179,A,False,train,seen_protein_covered_source,legacy_wt_z,new,0.05187895780880482,0.08796265164199453,0.07913353582770151,False,0.21622077775988507,0.6649122807017543,G,-0.016710713629226135,0.023051343199595394,0.02922082961305107,False,False,P,False,0.01711031466355535,0.3333333333333333,0.6,0.07574229485972749,0.05319868768707592,-0.022543607172651567,0.07574229485972749,Y,P,P,0.0,True,0
18,1dzr,179,A,False,train,seen_protein_covered_source,legacy_wt_z,all,0.022641363647849928,0.06970959833264152,0.07602772526831222,False,0.20153300895189452,0.39473684210526316,G,-0.01599255613294968,0.022434840881981565,0.028338518624126598,False,False,P,False,0.015322096237090944,0.3333333333333333,0.6,0.07574229485972749,0.05319868768707592,-0.022543607172651567,0.07574229485972749,Y,P,P,0.0,True,0
18,1dzr,13,L,False,seen_protein_uncovered_source,train,restricted_context_s231301,all,0.09744732666192034,43.07742731773306,0.026275052002073737,False,0.4388059459504207,0.1087719298245614,V,-0.024852839560453595,0.18625575883606307,0.2692705602614738,False,False,I,False,0.011529649048666463,0.0,0.4,0.012133626194578806,0.011942754411456091,-0.0001908717831227147,0.012133626194578806,V,I,I,0.0,True,0
18,1dzr,13,L,False,seen_protein_uncovered_source,train,restricted_context_s231301,new,-0.021888082672180727,42.81523179507307,0.02627317526370221,False,0.46182564812948423,0.09824561403508772,V,-0.025621178144881494,0.1867144180275054,0.26936064017821804,False,False,I,False,0.012133626194578806,0.0,0.4,0.012133626194578806,0.011942754411456091,-0.0001908717831227147,0.012133626194578806,V,I,I,0.0,True,0
18,1dzr,13,L,False,seen_protein_uncovered_source,train,restricted_context_s231301,old,0.2185056879196475,43.22147649563742,0.026276928740445266,False,0.4157895319759117,0.11754385964912278,V,-0.024084500976025693,0.18579709964462077,0.26918304831538703,False,False,I,False,0.01092567190275412,0.0,0.4,0.012133626194578806,0.011942754411456091,-0.0001908717831227147,0.012133626194578806,V,I,I,0.0,True,0
18,1dzr,13,L,False,seen_protein_uncovered_source,train,restricted_aa_only_s231301,all,0.9989312455740229,11.37373091751377,0.026275052002073737,False,0.4388059459504207,0.14385964912280702,V,-0.041155183989539705,0.07259873215266519,0.0816360560497518,False,False,I,False,0.011529649048666463,0.0,0.4,0.012133626194578806,0.011942754411456091,-0.0001908717831227147,0.012133626194578806,V,I,I,0.0,True,0
18,1dzr,13,L,False,seen_protein_uncovered_source,train,restricted_aa_only_s231301,new,1.0857271317065298,11.304503447161007,0.02627317526370221,False,0.46182564812948423,0.1105263157894737,V,-0.04192352257396761,0.07295755282274759,0.08198169827319703,False,False,I,False,0.012133626194578806,0.0,0.2,0.012133626194578806,0.011942754411456091,-0.0001908717831227147,0.012133626194578806,V,I,I,0.0,True,0
18,1dzr,13,L,False,seen_protein_uncovered_source,train,restricted_aa_only_s231301,old,0.9048180395930872,11.411764214541673,0.026276928740445266,False,0.4157895319759117,0.14035087719298248,V,-0.0403868454051118,0.07223991148258282,0.08129754715541151,False,False,I,False,0.01092567190275412,0.0,0.4,0.012133626194578806,0.011942754411456091,-0.0001908717831227147,0.012133626194578806,V,I,I,0.0,True,0
18,1dzr,13,L,False,seen_protein_uncovered_source,train,restricted_context_s231303,all,4.254150226812996,23.21043799946787,0.026275052002073737,False,0.0,0.15263157894736842,I,0.09206356803466542,0.12529124988339774,0.17042956670595344,True,True,I,True,0.0,0.3333333333333333,0.4,0.0,-0.0001908717831227147,-0.0001908717831227147,0.0,I,I,I,0.0,True,0
18,1dzr,13,L,False,seen_protein_uncovered_source,train,restricted_context_s231303,new,4.272300103551597,23.069165103165343,0.02627317526370221,False,0.0,0.14736842105263157,I,0.09129522945023749,0.12506177484037748,0.17000106098282497,True,True,I,True,0.0,0.3333333333333333,0.2,0.0,-0.0001908717831227147,-0.0001908717831227147,0.0,I,I,I,0.0,True,0
18,1dzr,13,L,False,seen_protein_uncovered_source,train,restricted_context_s231303,old,4.211539772124485,23.288052767127105,0.026276928740445266,False,0.0,0.1456140350877193,I,0.09283190661909331,0.12552072492641808,0.17086109097860547,True,True,I,True,0.0,0.3333333333333333,0.4,0.0,-0.0001908717831227147,-0.0001908717831227147,0.0,I,I,I,0.0,True,0
18,1dzr,13,L,False,seen_protein_uncovered_source,train,restricted_aa_only_s231303,all,0.70023700590733,8.44309908193221,0.026275052002073737,False,0.4388059459504207,0.23508771929824557,V,-0.04585311281963866,0.06285429118259958,0.06962355281444872,False,False,I,False,0.011529649048666463,0.0,0.4,0.012133626194578806,0.011942754411456091,-0.0001908717831227147,0.012133626194578806,V,I,I,0.0,True,0
18,1dzr,13,L,False,seen_protein_uncovered_source,train,restricted_aa_only_s231303,new,0.6704951444905256,8.391709226165545,0.02627317526370221,False,0.46182564812948423,0.19473684210526312,V,-0.04662145140406655,0.06335110179827357,0.07014721719493854,False,False,I,False,0.012133626194578806,0.0,0.2,0.012133626194578806,0.011942754411456091,-0.0001908717831227147,0.012133626194578806,V,I,I,0.0,True,0
18,1dzr,13,L,False,seen_protein_uncovered_source,train,restricted_aa_only_s231303,old,0.7265766736296796,8.471332464412242,0.026276928740445266,False,0.4157895319759117,0.2263157894736842,V,-0.04508477423521076,0.06235748056692564,0.06910604071531101,False,False,I,False,0.01092567190275412,0.0,0.4,0.012133626194578806,0.011942754411456091,-0.0001908717831227147,0.012133626194578806,V,I,I,0.0,True,0
18,1dzr,13,L,False,seen_protein_uncovered_source,train,expanded_context_s231301,all,1.062928441024022,1.1247944383674306,0.026275052002073737,False,0.0,0.9526315789473684,I,-0.0013682766538454137,0.0022003767672440604,0.0026956595224520243,True,True,I,True,0.0,0.6666666666666666,0.8,0.0,-0.0001908717831227147,-0.0001908717831227147,0.0,I,I,I,0.0,True,0
18,1dzr,13,L,False,seen_protein_uncovered_source,train,expanded_context_s231301,new,1.0457251645054633,1.1179482526962776,0.02627317526370221,False,0.0,0.943859649122807,I,-0.0021366152382733114,0.002693569157731193,0.0032821687093521415,True,True,I,True,0.0,0.6666666666666666,0.6,0.0,-0.0001908717831227147,-0.0001908717831227147,0.0,I,I,I,0.0,True,0
18,1dzr,13,L,False,seen_protein_uncovered_source,train,expanded_context_s231301,old,1.0744345494762115,1.1285557055611082,0.026276928740445266,False,0.0,0.943859649122807,I,-0.0005999380694175157,0.0017311485370523495,0.0022714003638211184,True,True,I,True,0.0,0.6666666666666666,0.8,0.0,-0.0001908717831227147,-0.0001908717831227147,0.0,I,I,I,0.0,True,0
18,1dzr,13,L,False,seen_protein_uncovered_source,train,expanded_aa_only_s231301,all,1.002533715292959,1.0046478309659577,0.026275052002073737,False,0.0,0.9947368421052631,I,-0.0009737372732032693,0.0009737372732032693,0.0010548614230633804,True,True,I,True,0.0,1.0,1.0,0.0,-0.0001908717831227147,-0.0001908717831227147,0.0,I,I,I,0.0,True,0
18,1dzr,13,L,False,seen_protein_uncovered_source,train,expanded_aa_only_s231301,new,0.9930377864517671,0.998532930900398,0.02627317526370221,False,0.0,0.9947368421052631,I,-0.0017420758576311673,0.0017420758576311673,0.001861645313794395,True,True,I,True,0.0,1.0,0.8,0.0,-0.0001908717831227147,-0.0001908717831227147,0.0,I,I,I,0.0,True,0
18,1dzr,13,L,False,seen_protein_uncovered_source,train,expanded_aa_only_s231301,old,1.0065278682497247,1.0080073327548322,0.026276928740445266,False,0.0,0.9964912280701754,I,-0.00020539868877537146,0.0003139591414112186,0.00039808604196383055,True,True,I,True,0.0,1.0,1.0,0.0,-0.0001908717831227147,-0.0001908717831227147,0.0,I,I,I,0.0,True,0
18,1dzr,13,L,False,seen_protein_uncovered_source,train,expanded_context_s231303,all,0.5477914380495407,1.1869129841614083,0.026275052002073737,False,0.3976521088617502,0.4807017543859649,P,-0.0020225670197584144,0.00635518570393442,0.007412264035292901,False,False,I,False,0.010448329839076773,0.0,0.4,0.011059179835318567,0.010868308052195852,-0.0001908717831227147,0.011059179835318567,P,I,I,0.0,True,0
18,1dzr,13,L,False,seen_protein_uncovered_source,train,expanded_context_s231303,new,0.5106700065823082,1.1796887070954,0.02627317526370221,False,0.42093046326979033,0.4736842105263158,P,-0.002790905604186312,0.006857276236148163,0.0078425011797426,False,False,I,False,0.011059179835318567,0.0,0.6,0.011059179835318567,0.010868308052195852,-0.0001908717831227147,0.011059179835318567,P,I,I,0.0,True,0
18,1dzr,13,L,False,seen_protein_uncovered_source,train,expanded_context_s231303,old,0.5825155126941322,1.1908819732644802,0.026276928740445266,False,0.3743770796049387,0.48245614035087714,P,-0.0012542284353305162,0.005890474271351913,0.0070552974445429,False,False,I,False,0.009837479842834979,0.0,0.4,0.011059179835318567,0.010868308052195852,-0.0001908717831227147,0.011059179835318567,P,I,I,0.0,True,0
18,1dzr,13,L,False,seen_protein_uncovered_source,train,expanded_aa_only_s231303,all,0.983419845801768,0.9881911472614309,0.026275052002073737,False,0.0,0.9982456140350877,I,-0.0006351114003830947,0.0007234406640908341,0.0008822070187282456,True,True,I,True,0.0,1.0,1.0,0.0,-0.0001908717831227147,-0.0001908717831227147,0.0,I,I,I,0.0,True,0
18,1dzr,13,L,False,seen_protein_uncovered_source,train,expanded_aa_only_s231303,new,0.9720110543623595,0.9821764126201741,0.02627317526370221,False,0.0,0.9947368421052631,I,-0.0014034499848109925,0.0014113564601541278,0.0016670550816508354,True,True,I,True,0.0,1.0,0.8,0.0,-0.0001908717831227147,-0.0001908717831227147,0.0,I,I,I,0.0,True,0
18,1dzr,13,L,False,seen_protein_uncovered_source,train,expanded_aa_only_s231303,old,0.9894716796640244,0.9914956185643579,0.026276928740445266,False,0.0,0.9964912280701754,I,0.00013322718404480316,0.00033741658770510214,0.00041980510951314734,True,True,I,True,0.0,1.0,1.0,0.0,-0.0001908717831227147,-0.0001908717831227147,0.0,I,I,I,0.0,True,0
18,1dzr,13,L,False,seen_protein_uncovered_source,train,legacy_baseline,old,1.000269513368445,1.0002735801239364,0.026276928740445266,False,0.0,1.0,I,-8.916097328242581e-06,1.4901621496341147e-05,1.988058732312509e-05,True,True,I,True,0.0,1.0,1.0,0.0,-0.0001908717831227147,-0.0001908717831227147,0.0,I,I,I,0.0,True,0
18,1dzr,13,L,False,seen_protein_uncovered_source,train,legacy_baseline,new,0.9999832637321614,0.999988438040053,0.02627317526370221,False,0.0,1.0,I,-1.4554206300875461e-05,1.685511127174165e-05,2.4849299713373408e-05,True,True,I,True,0.0,1.0,1.0,0.0,-0.0001908717831227147,-0.0001908717831227147,0.0,I,I,I,0.0,True,0
18,1dzr,13,L,False,seen_protein_uncovered_source,train,legacy_baseline,all,1.0001112134030772,1.0001156877309276,0.026275052002073737,False,0.0,1.0,I,-1.1735151814559022e-05,1.5742896830050157e-05,2.201715534697007e-05,True,True,I,True,0.0,1.0,1.0,0.0,-0.0001908717831227147,-0.0001908717831227147,0.0,I,I,I,0.0,True,0
18,1dzr,13,L,False,seen_protein_uncovered_source,train,legacy_exact,old,1.0,1.0,0.026276928740445266,False,0.0,1.0,I,0.0,0.0,0.0,True,True,I,True,0.0,1.0,1.0,0.0,-0.0001908717831227147,-0.0001908717831227147,0.0,I,I,I,0.0,True,0
18,1dzr,13,L,False,seen_protein_uncovered_source,train,legacy_exact,new,1.0,1.0,0.02627317526370221,False,0.0,1.0,I,0.0,0.0,0.0,True,True,I,True,0.0,1.0,1.0,0.0,-0.0001908717831227147,-0.0001908717831227147,0.0,I,I,I,0.0,True,0
18,1dzr,13,L,False,seen_protein_uncovered_source,train,legacy_exact,all,1.0,1.0,0.026275052002073737,False,0.0,1.0,I,0.0,0.0,0.0,True,True,I,True,0.0,1.0,1.0,0.0,-0.0001908717831227147,-0.0001908717831227147,0.0,I,I,I,0.0,True,0
18,1dzr,13,L,False,seen_protein_uncovered_source,train,legacy_expanded_s231301,old,0.035425302288166795,0.07898266615969506,0.026276928740445266,False,0.0,0.26491228070175443,I,-0.013678968620638327,0.013707280548854908,0.014936351969631423,True,True,I,True,0.0,0.3333333333333333,0.4,0.0,-0.0001908717831227147,-0.0001908717831227147,0.0,I,I,I,0.0,True,0
18,1dzr,13,L,False,seen_protein_uncovered_source,train,legacy_expanded_s231301,new,0.036316690366444616,0.12194634855067242,0.02627317526370221,False,0.0,0.1754385964912281,I,-0.014390426259772014,0.014426206275905585,0.015621118149026973,True,True,I,True,0.0,0.6666666666666666,0.6,0.0,-0.0001908717831227147,-0.0001908717831227147,0.0,I,I,I,0.0,True,0
18,1dzr,13,L,False,seen_protein_uncovered_source,train,legacy_expanded_s231301,all,0.03405430345930887,0.09306145466377184,0.026275052002073737,False,0.0,0.17719298245614035,I,-0.01403469744020517,0.014066743412380246,0.015277243568461184,True,True,I,True,0.0,0.3333333333333333,0.4,0.0,-0.0001908717831227147,-0.0001908717831227147,0.0,I,I,I,0.0,True,0
18,1dzr,13,L,False,seen_protein_uncovered_source,train,legacy_expanded_s231303,old,0.39934485091585276,0.41958856130549416,0.026276928740445266,False,0.0,0.9315789473684211,I,-0.008947267916798543,0.008947267916798543,0.009724671798204151,True,True,I,True,0.0,0.6666666666666666,0.6,0.0,-0.0001908717831227147,-0.0001908717831227147,0.0,I,I,I,0.0,True,0
18,1dzr,13,L,False,seen_protein_uncovered_source,train,legacy_expanded_s231303,new,0.3831771196616189,0.409190446371938,0.02627317526370221,False,0.0,0.8929824561403509,I,-0.009572989101072257,0.009572989101072257,0.010361671660438693,True,True,I,True,0.0,0.6666666666666666,0.6,0.0,-0.0001908717831227147,-0.0001908717831227147,0.0,I,I,I,0.0,True,0
18,1dzr,13,L,False,seen_protein_uncovered_source,train,legacy_expanded_s231303,all,0.390481031584843,0.41293432808248404,0.026275052002073737,False,0.0,0.9210526315789472,I,-0.009260128508935402,0.009260128508935402,0.010041654027014808,True,True,I,True,0.0,0.6666666666666666,0.6,0.0,-0.0001908717831227147,-0.0001908717831227147,0.0,I,I,I,0.0,True,0
18,1dzr,13,L,False,seen_protein_uncovered_source,train,legacy_oracle_r32,old,0.9901373366078985,0.991822138306175,0.026276928740445266,False,0.0,0.9964912280701754,I,-0.0004958748875401466,0.0005029762905595282,0.0006148811776361034,True,True,I,True,0.0,1.0,1.0,0.0,-0.0001908717831227147,-0.0001908717831227147,0.0,I,I,I,0.0,True,0
18,1dzr,13,L,False,seen_protein_uncovered_source,train,legacy_oracle_r32,new,0.9893326353590859,0.9906501285945214,0.02627317526370221,False,0.0,0.9947368421052631,I,-0.0005471081240718881,0.0005471081240718881,0.0006372154099681456,True,True,I,True,0.0,1.0,1.0,0.0,-0.0001908717831227147,-0.0001908717831227147,0.0,I,I,I,0.0,True,0
18,1dzr,13,L,False,seen_protein_uncovered_source,train,legacy_oracle_r32,all,0.9897326967602995,0.9911849166446736,0.026275052002073737,False,0.0,1.0,I,-0.0005214915058060173,0.0005214915058060173,0.0006224407099897753,True,True,I,True,0.0,1.0,1.0,0.0,-0.0001908717831227147,-0.0001908717831227147,0.0,I,I,I,0.0,True,0
18,1dzr,13,L,False,seen_protein_uncovered_source,train,legacy_restricted_s231301,old,0.0727496231618596,0.3162587246813966,0.026276928740445266,False,0.0,0.3526315789473684,I,-0.012450870303304563,0.012473356202604624,0.013847041292503763,True,True,I,True,0.0,0.6666666666666666,0.4,0.0,-0.0001908717831227147,-0.0001908717831227147,0.0,I,I,I,0.0,True,0
18,1dzr,13,L,False,seen_protein_uncovered_source,train,legacy_restricted_s231301,new,0.08314023641137969,0.3176975440308406,0.02627317526370221,False,0.0,0.343859649122807,I,-0.013756290314683173,0.013756290314683173,0.01502907553916613,True,True,I,True,0.0,0.6666666666666666,0.8,0.0,-0.0001908717831227147,-0.0001908717831227147,0.0,I,I,I,0.0,True,0
18,1dzr,13,L,False,seen_protein_uncovered_source,train,legacy_restricted_s231301,all,0.07606367215899028,0.31346359587736417,0.026275052002073737,False,0.0,0.3368421052631579,I,-0.013103580308993869,0.013103580308993869,0.01443403417557614,True,True,I,True,0.0,0.6666666666666666,0.6,0.0,-0.0001908717831227147,-0.0001908717831227147,0.0,I,I,I,0.0,True,0
18,1dzr,13,L,False,seen_protein_uncovered_source,train,legacy_restricted_s231303,old,0.03667630309918565,0.22386286262504976,0.026276928740445266,False,0.0,0.12456140350877193,I,-0.013073654505831754,0.013073654505831754,0.014439264722057346,True,True,I,True,0.0,0.3333333333333333,0.2,0.0,-0.0001908717831227147,-0.0001908717831227147,0.0,I,I,I,0.0,True,0
18,1dzr,13,L,False,seen_protein_uncovered_source,train,legacy_restricted_s231303,new,0.033581687606345195,0.24957528925933925,0.02627317526370221,False,0.0,0.10350877192982455,I,-0.014614272930542613,0.014614272930542613,0.01589292493095098,True,True,I,True,0.0,0.3333333333333333,0.4,0.0,-0.0001908717831227147,-0.0001908717831227147,0.0,I,I,I,0.0,True,0
18,1dzr,13,L,False,seen_protein_uncovered_source,train,legacy_restricted_s231303,all,0.03388960976863999,0.23313056687100905,0.026275052002073737,False,0.0,0.15964912280701754,I,-0.013843963718187186,0.013843963718187186,0.015161094248879563,True,True,I,True,0.0,0.3333333333333333,0.2,0.0,-0.0001908717831227147,-0.0001908717831227147,0.0,I,I,I,0.0,True,0
18,1dzr,13,L,False,seen_protein_uncovered_source,train,legacy_wt_z,old,0.03531792919116911,0.07871645380894342,0.026276928740445266,False,0.0,0.26491228070175443,I,-0.01365509669736017,0.013686432042471271,0.01491471551801254,True,True,I,True,0.0,0.3333333333333333,0.4,0.0,-0.0001908717831227147,-0.0001908717831227147,0.0,I,I,I,0.0,True,0
18,1dzr,13,L,False,seen_protein_uncovered_source,train,legacy_wt_z,new,0.036356385142815736,0.12169369702024829,0.02627317526370221,False,0.0,0.1754385964912281,I,-0.014389783015933487,0.014425848007427428,0.015620348734213465,True,True,I,True,0.0,0.6666666666666666,0.6,0.0,-0.0001908717831227147,-0.0001908717831227147,0.0,I,I,I,0.0,True,0
18,1dzr,13,L,False,seen_protein_uncovered_source,train,legacy_wt_z,all,0.03402452024570543,0.09281914794962283,0.026275052002073737,False,0.0,0.17719298245614035,I,-0.01402243985664683,0.014056140024949353,0.015266002124147976,True,True,I,True,0.0,0.3333333333333333,0.4,0.0,-0.0001908717831227147,-0.0001908717831227147,0.0,I,I,I,0.0,True,0
22,4hut,25,I,False,seen_protein_uncovered_source,train,restricted_context_s231301,all,0.13620691495973644,2.570724040556587,0.950033074404808,False,0.3427041392135786,0.11403508771929824,C,0.12238509460116956,0.49217152627107347,0.549430878218062,False,False,W,False,0.3255802669883294,0.3333333333333333,0.2,0.40900693894631956,-0.8426891725924768,-1.2516961115387963,0.40900693894631956,C,W,W,0.0,False,10
22,4hut,25,I,False,seen_protein_uncovered_source,train,restricted_context_s231301,new,-0.12860183119468832,1.9039117715586162,1.1730406962997326,False,0.3486724205191693,-0.08070175438596491,C,0.21818143802980086,0.5451745824765691,0.6290312935095,False,False,W,False,0.40900693894631956,0.3333333333333333,0.2,0.40900693894631956,-0.8426891725924768,-1.2516961115387963,0.40900693894631956,C,W,W,0.0,False,10
22,4hut,25,I,False,seen_protein_uncovered_source,train,restricted_context_s231301,old,0.8375917978459447,3.3046291800031766,0.7270254525098833,False,0.3330744394083606,0.42280701754385963,C,0.026588751172538304,0.4432891502960989,0.4931235703690519,False,False,W,False,0.24215359503033906,0.0,0.4,0.40900693894631956,-0.8426891725924768,-1.2516961115387963,0.40900693894631956,C,W,W,0.0,False,10
22,4hut,25,I,False,seen_protein_uncovered_source,train,restricted_aa_only_s231301,all,-0.030686645458933712,0.4743291256124457,0.950033074404808,False,1.0,-0.243859649122807,V,0.5801843222497864,0.5801843222497864,0.6220284740239879,False,False,W,False,0.950033074404808,0.3333333333333333,0.2,1.1730406962997326,-0.07865541523906372,-1.2516961115387963,1.1730406962997326,V,W,W,0.0,False,2
22,4hut,25,I,False,seen_protein_uncovered_source,train,restricted_aa_only_s231301,new,-0.047037378748634597,0.3512943402712004,1.1730406962997326,False,1.0,-0.25263157894736843,V,0.6759806656784177,0.6759806656784177,0.7373957792750356,False,False,W,False,1.1730406962997326,0.0,0.2,1.1730406962997326,-0.07865541523906372,-1.2516961115387963,1.1730406962997326,V,W,W,0.0,False,2
22,4hut,25,I,False,seen_protein_uncovered_source,train,restricted_aa_only_s231301,old,0.040290439174900085,0.609743342612887,0.7270254525098833,False,1.0,-0.12280701754385966,V,0.48438797882115514,0.48438797882115514,0.5149650023927835,False,False,W,False,0.7270254525098833,0.3333333333333333,0.2,1.1730406962997326,-0.07865541523906372,-1.2516961115387963,1.1730406962997326,V,W,W,0.0,False,2
22,4hut,25,I,False,seen_protein_uncovered_source,train,restricted_context_s231303,all,-0.25149103958863,1.8554195982715576,0.950033074404808,False,1.0,-0.019298245614035085,V,0.7741736144436216,0.8280446811229774,0.8903652825885725,False,False,W,False,0.950033074404808,0.0,0.0,1.1730406962997326,-0.07865541523906372,-1.2516961115387963,1.1730406962997326,V,W,W,0.0,False,2
22,4hut,25,I,False,seen_protein_uncovered_source,train,restricted_context_s231303,new,-0.07891451006061562,1.3741479671092756,1.1730406962997326,False,1.0,-0.05964912280701754,V,0.869969957872253,0.9218419359102662,0.9869275140234387,False,False,W,False,1.1730406962997326,0.0,0.2,1.1730406962997326,-0.07865541523906372,-1.2516961115387963,1.1730406962997326,V,W,W,0.0,False,2
22,4hut,25,I,False,seen_protein_uncovered_source,train,restricted_context_s231303,old,-0.5934211208278999,2.3851154962048886,0.7270254525098833,False,1.0,-0.15614035087719297,V,0.6783772710149902,0.7342474263356887,0.8041003662046091,False,False,W,False,0.7270254525098833,0.0,0.0,1.1730406962997326,-0.07865541523906372,-1.2516961115387963,1.1730406962997326,V,W,W,0.0,False,2
22,4hut,25,I,False,seen_protein_uncovered_source,train,restricted_aa_only_s231303,all,-0.0162976627627459,0.25051959581111255,0.950033074404808,False,1.0,-0.12456140350877193,V,0.5718558559795327,0.5718558559795327,0.608157090172696,False,False,W,False,0.950033074404808,0.0,0.0,1.1730406962997326,-0.07865541523906372,-1.2516961115387963,1.1730406962997326,V,W,W,0.0,False,2
22,4hut,25,I,False,seen_protein_uncovered_source,train,restricted_aa_only_s231303,new,-0.0053860622212545525,0.18553808185790943,1.1730406962997326,False,1.0,-0.06842105263157894,V,0.667652199408164,0.667652199408164,0.7213034633080707,False,False,W,False,1.1730406962997326,0.0,0.2,1.1730406962997326,-0.07865541523906372,-1.2516961115387963,1.1730406962997326,V,W,W,0.0,False,2
22,4hut,25,I,False,seen_protein_uncovered_source,train,restricted_aa_only_s231303,old,-0.03763647925977841,0.32203937622988155,0.7270254525098833,False,1.0,-0.05964912280701754,V,0.47605951255090134,0.47605951255090134,0.5045136771815397,False,False,W,False,0.7270254525098833,0.0,0.0,1.1730406962997326,-0.07865541523906372,-1.2516961115387963,1.1730406962997326,V,W,W,0.0,False,2
22,4hut,25,I,False,seen_protein_uncovered_source,train,expanded_context_s231301,all,0.6820239632599034,0.7631023218757346,0.950033074404808,False,0.0,0.856140350877193,W,0.10075754488190806,0.11588039349462621,0.1367048757698547,True,True,W,True,0.0,0.6666666666666666,0.8,0.0,-1.2516961115387963,-1.2516961115387963,0.0,W,W,W,0.0,False,5
22,4hut,25,I,False,seen_protein_uncovered_source,train,expanded_context_s231301,new,0.42258943553176304,0.5651635378211814,1.1730406962997326,False,0.0,0.6052631578947367,W,0.19655388831053938,0.22855693189917575,0.26915536030696147,True,True,W,True,0.0,0.3333333333333333,0.6,0.0,-1.2516961115387963,-1.2516961115387963,0.0,W,W,W,0.0,False,5
22,4hut,25,I,False,seen_protein_uncovered_source,train,expanded_context_s231301,old,0.9809299919570462,0.9809571779834995,0.7270254525098833,False,0.0,1.0,W,0.004961201453276802,0.005366486722641401,0.005872148273599026,True,True,W,True,0.0,1.0,1.0,0.0,-1.2516961115387963,-1.2516961115387963,0.0,W,W,W,0.0,False,5
22,4hut,25,I,False,seen_protein_uncovered_source,train,expanded_aa_only_s231301,all,0.7015756002573785,0.7845878273730975,0.950033074404808,False,0.0,0.856140350877193,W,0.08898961948142507,0.10844623711442457,0.12738329146338312,True,True,W,True,0.0,0.6666666666666666,0.8,0.0,-1.2516961115387963,-1.2516961115387963,0.0,W,W,W,0.0,False,5
22,4hut,25,I,False,seen_protein_uncovered_source,train,expanded_aa_only_s231301,new,0.4348621825467412,0.581075983571469,1.1730406962997326,False,0.0,0.6052631578947367,W,0.18478596291005642,0.2211227755189741,0.2598219191290975,True,True,W,True,0.0,0.3333333333333333,0.6,0.0,-1.2516961115387963,-1.2516961115387963,0.0,W,W,W,0.0,False,5
22,4hut,25,I,False,seen_protein_uncovered_source,train,expanded_aa_only_s231301,old,1.0085733633430949,1.0085764896223837,0.7270254525098833,False,0.0,1.0,W,-0.006806723947206179,0.006806723947206179,0.006944077834936938,True,True,W,True,0.0,1.0,1.0,0.0,-1.2516961115387963,-1.2516961115387963,0.0,W,W,W,0.0,False,5
22,4hut,25,I,False,seen_protein_uncovered_source,train,expanded_context_s231303,all,0.7089610906970314,0.786443643876778,0.950033074404808,False,0.0,0.8859649122807017,W,0.08485389277544729,0.10488023042572935,0.12265359629683398,True,True,W,True,0.0,0.6666666666666666,1.0,0.0,-1.2516961115387963,-1.2516961115387963,0.0,W,W,W,0.0,False,5
22,4hut,25,I,False,seen_protein_uncovered_source,train,expanded_context_s231303,new,0.44232512277466446,0.5824504254919035,1.1730406962997326,False,0.0,0.6631578947368422,W,0.1806502362040786,0.2175567688302789,0.25504104557788193,True,True,W,True,0.0,0.3333333333333333,0.8,0.0,-1.2516961115387963,-1.2516961115387963,0.0,W,W,W,0.0,False,5
22,4hut,25,I,False,seen_protein_uncovered_source,train,expanded_context_s231303,old,1.0104986304569252,1.010962115334845,0.7270254525098833,False,0.0,0.9929824561403509,W,-0.01094245065318397,0.01094245065318397,0.01202158177814912,True,True,W,True,0.0,1.0,0.8,0.0,-1.2516961115387963,-1.2516961115387963,0.0,W,W,W,0.0,False,5
22,4hut,25,I,False,seen_protein_uncovered_source,train,expanded_aa_only_s231303,all,0.6990584456470907,0.7835089253069889,0.950033074404808,False,0.0,0.856140350877193,W,0.09048022557451804,0.10962201147381392,0.1289369457750166,True,True,W,True,0.0,0.6666666666666666,0.8,0.0,-1.2516961115387963,-1.2516961115387963,0.0,W,W,W,0.0,False,5
22,4hut,25,I,False,seen_protein_uncovered_source,train,expanded_aa_only_s231303,new,0.4325749775881518,0.5802769346219838,1.1730406962997326,False,0.0,0.6052631578947367,W,0.18627656900314937,0.22229854987836348,0.261381936793461,True,True,W,True,0.0,0.3333333333333333,0.6,0.0,-1.2516961115387963,-1.2516961115387963,0.0,W,W,W,0.0,False,5
22,4hut,25,I,False,seen_protein_uncovered_source,train,expanded_aa_only_s231303,old,1.0071448978797333,1.007189576366126,0.7270254525098833,False,0.0,1.0,W,-0.00531611785411321,0.00531611785411321,0.005621305764040589,True,True,W,True,0.0,1.0,1.0,0.0,-1.2516961115387963,-1.2516961115387963,0.0,W,W,W,0.0,False,5
22,4hut,25,I,False,seen_protein_uncovered_source,train,legacy_baseline,old,1.0003106143381764,1.0003157727068976,0.7270254525098833,False,0.0,0.9982456140350877,W,-9.610542754463258e-05,0.00037218271295015956,0.0005057157114197611,True,True,W,True,0.0,1.0,1.0,0.0,-1.2516961115387963,-1.2516961115387963,0.0,W,W,W,0.0,False,5
22,4hut,25,I,False,seen_protein_uncovered_source,train,legacy_baseline,new,1.0017202127330989,1.0017822483353453,1.1730406962997326,False,0.0,0.9947368421052631,W,7.359704966050213e-05,0.0019826538295781323,0.0030129340470969033,True,True,W,True,0.0,0.6666666666666666,1.0,0.0,-1.2516961115387963,-1.2516961115387963,0.0,W,W,W,0.0,False,5
22,4hut,25,I,False,seen_protein_uncovered_source,train,legacy_baseline,all,1.0010436799119624,1.0010750945652729,0.950033074404808,False,0.0,1.0,W,-1.1254188942062304e-05,0.0010705278341863423,0.0015818929554967697,True,True,W,True,0.0,1.0,1.0,0.0,-1.2516961115387963,-1.2516961115387963,0.0,W,W,W,0.0,False,5
22,4hut,25,I,False,seen_protein_uncovered_source,train,legacy_exact,old,1.0,1.0,0.7270254525098833,False,0.0,1.0,W,0.0,0.0,0.0,True,True,W,True,0.0,1.0,1.0,0.0,-1.2516961115387963,-1.2516961115387963,0.0,W,W,W,0.0,False,5
22,4hut,25,I,False,seen_protein_uncovered_source,train,legacy_exact,new,1.0,1.0,1.1730406962997326,False,0.0,1.0,W,0.0,0.0,0.0,True,True,W,True,0.0,1.0,1.0,0.0,-1.2516961115387963,-1.2516961115387963,0.0,W,W,W,0.0,False,5
22,4hut,25,I,False,seen_protein_uncovered_source,train,legacy_exact,all,1.0,1.0,0.950033074404808,False,0.0,1.0,W,0.0,0.0,0.0,True,True,W,True,0.0,1.0,1.0,0.0,-1.2516961115387963,-1.2516961115387963,0.0,W,W,W,0.0,False,5
22,4hut,25,I,False,seen_protein_uncovered_source,train,legacy_expanded_s231301,old,0.3789955168301304,0.9574937107589974,0.7270254525098833,False,0.1822410554075904,0.4052631578947368,M,0.5119054317054615,0.5119054317054615,0.5380251009393343,False,False,W,False,0.13249388577358212,0.3333333333333333,0.2,0.5357983268801567,-0.7158977846586396,-1.2516961115387963,0.5357983268801567,M,W,W,0.0,False,5
22,4hut,25,I,False,seen_protein_uncovered_source,train,legacy_expanded_s231301,new,0.09964332754410966,0.5695966799258295,1.1730406962997326,False,0.3489057518458455,0.2263157894736842,G,0.6675967634025021,0.6675967634025021,0.7251933285437234,True,True,W,False,0.40928064608823234,1.0,0.6,0.5357983268801567,-0.7158977846586396,-1.2516961115387963,0.5357983268801567,M,W,W,0.0,False,5
22,4hut,25,I,False,seen_protein_uncovered_source,train,legacy_expanded_s231301,all,0.16822123385801452,0.6748544273749095,0.950033074404808,False,0.3577880726313558,0.38245614035087716,G,0.5897510975539819,0.5897510975539819,0.6257526697829163,False,True,W,False,0.3399105026273377,0.3333333333333333,0.8,0.5357983268801567,-0.7158977846586396,-1.2516961115387963,0.5357983268801567,M,W,W,0.0,False,5
22,4hut,25,I,False,seen_protein_uncovered_source,train,legacy_expanded_s231303,old,1.0227663186076958,1.1037711797628864,0.7270254525098833,False,0.0,0.9508771929824561,W,0.015542801495210385,0.04652161474066431,0.06580644191847677,True,True,W,True,0.0,1.0,0.6,0.0,-1.2516961115387963,-1.2516961115387963,0.0,W,W,W,0.0,False,5
22,4hut,25,I,False,seen_protein_uncovered_source,train,legacy_expanded_s231303,new,1.0051695818348425,2.384575815261149,1.1730406962997326,False,0.0,0.6824561403508772,W,0.18321990108304598,0.31184914466964403,0.6057589026691333,True,True,W,True,0.0,1.0,0.6,0.0,-1.2516961115387963,-1.2516961115387963,0.0,W,W,W,0.0,False,5
22,4hut,25,I,False,seen_protein_uncovered_source,train,legacy_expanded_s231303,all,1.0152777291113533,1.7905802004575533,0.950033074404808,False,0.0,0.6701754385964912,W,0.09938135128912814,0.1710552237143209,0.3081532575680207,True,True,W,True,0.0,0.3333333333333333,0.8,0.0,-1.2516961115387963,-1.2516961115387963,0.0,W,W,W,0.0,False,5
22,4hut,25,I,False,seen_protein_uncovered_source,train,legacy_oracle_r32,old,1.0011466828334172,1.0015374730086883,0.7270254525098833,False,0.0,0.9947368421052631,W,0.0019267238165258222,0.003372321676408604,0.004718561059058772,True,True,W,True,0.0,1.0,0.8,0.0,-1.2516961115387963,-1.2516961115387963,0.0,W,W,W,0.0,False,5
22,4hut,25,I,False,seen_protein_uncovered_source,train,legacy_oracle_r32,new,1.0461218572752935,1.2390648952111294,1.1730406962997326,False,0.0,0.9157894736842105,W,0.029474095485446824,0.0741624188513672,0.18015534084127652,True,True,W,True,0.0,0.6666666666666666,1.0,0.0,-1.2516961115387963,-1.2516961115387963,0.0,W,W,W,0.0,False,5
22,4hut,25,I,False,seen_protein_uncovered_source,train,legacy_oracle_r32,all,1.0506576854275909,1.1430479333699493,0.950033074404808,False,0.0,0.9421052631578948,W,0.015700409650986305,0.036334533709971716,0.0909556116046931,True,True,W,True,0.0,1.0,0.8,0.0,-1.2516961115387963,-1.2516961115387963,0.0,W,W,W,0.0,False,5
22,4hut,25,I,False,seen_protein_uncovered_source,train,legacy_restricted_s231301,old,0.5285525554971138,1.1925470804713887,0.7270254525098833,False,0.1822410554075904,0.5421052631578946,M,0.6479775961147746,0.6479775961147746,0.6724433713921734,False,False,W,False,0.13249388577358212,0.3333333333333333,0.6,0.5357983268801567,-0.7158977846586396,-1.2516961115387963,0.5357983268801567,M,W,W,0.0,False,5
22,4hut,25,I,False,seen_protein_uncovered_source,train,legacy_restricted_s231301,new,0.1783078788796916,1.0474442613200248,1.1730406962997326,False,0.3489057518458455,0.32280701754385965,G,0.8399061232265742,0.8399061232265742,0.910788761812027,False,True,W,False,0.40928064608823234,0.6666666666666666,0.6,0.5357983268801567,-0.7158977846586396,-1.2516961115387963,0.5357983268801567,M,W,W,0.0,False,5
22,4hut,25,I,False,seen_protein_uncovered_source,train,legacy_restricted_s231301,all,0.24810216205772567,0.9883000111518432,0.950033074404808,False,0.3427041392135786,0.2912280701754386,C,0.7439418596706743,0.7439418596706743,0.7818877753415511,False,True,W,False,0.3255802669883294,0.3333333333333333,0.6,0.5357983268801567,-0.7158977846586396,-1.2516961115387963,0.5357983268801567,M,W,W,0.0,False,5
22,4hut,25,I,False,seen_protein_uncovered_source,train,legacy_restricted_s231303,old,0.33409335074390906,1.044099347426746,0.7270254525098833,False,0.1822410554075904,0.42280701754385963,M,0.4167559839655002,0.4167559839655002,0.45534282751157407,False,False,W,False,0.13249388577358212,0.3333333333333333,0.6,0.5357983268801567,-0.7158977846586396,-1.2516961115387963,0.5357983268801567,M,W,W,0.0,False,5
22,4hut,25,I,False,seen_protein_uncovered_source,train,legacy_restricted_s231303,new,0.3300769108684371,2.6699883688567443,1.1730406962997326,False,0.0,0.3508771929824562,W,0.7714212444527133,0.7714212444527133,1.0618777915869921,True,True,W,True,0.0,0.6666666666666666,0.6,0.5357983268801567,-0.7158977846586396,-1.2516961115387963,0.5357983268801567,M,W,W,0.0,False,5
22,4hut,25,I,False,seen_protein_uncovered_source,train,legacy_restricted_s231303,all,0.3875141618905475,2.064581076248061,0.950033074404808,False,0.4573240350199974,0.2982456140350877,Q,0.5940886142091069,0.5940886142091069,0.7269333395331196,True,True,W,False,0.4344729589892602,0.6666666666666666,0.6,0.5357983268801567,-0.7158977846586396,-1.2516961115387963,0.5357983268801567,M,W,W,0.0,False,5
22,4hut,25,I,False,seen_protein_uncovered_source,train,legacy_wt_z,old,0.37881462419577594,0.958507412189031,0.7270254525098833,False,0.1822410554075904,0.4052631578947368,M,0.5065053883311483,0.5065053883311483,0.5329409659808406,False,False,W,False,0.13249388577358212,0.3333333333333333,0.2,0.5357983268801567,-0.7158977846586396,-1.2516961115387963,0.5357983268801567,M,W,W,0.0,False,5
22,4hut,25,I,False,seen_protein_uncovered_source,train,legacy_wt_z,new,0.10259980634508893,0.5673363288144834,1.1730406962997326,False,0.3489057518458455,0.22456140350877193,G,0.6632221291876457,0.6632221291876457,0.7207487211956362,True,True,W,False,0.40928064608823234,1.0,0.6,0.5357983268801567,-0.7158977846586396,-1.2516961115387963,0.5357983268801567,M,W,W,0.0,False,5
22,4hut,25,I,False,seen_protein_uncovered_source,train,legacy_wt_z,all,0.17084397934587836,0.6790037828191373,0.950033074404808,False,0.3577880726313558,0.3526315789473684,G,0.5848637587593969,0.5848637587593969,0.6211603790714402,False,True,W,False,0.3399105026273377,0.3333333333333333,0.8,0.5357983268801567,-0.7158977846586396,-1.2516961115387963,0.5357983268801567,M,W,W,0.0,False,5
22,4hut,44,A,False,train,seen_protein_covered_source,restricted_context_s231301,all,1.0702213405868668,1.0760985488992407,1.6363521864016122,False,0.0,0.9929824561403509,Q,0.13087249850386135,0.13107537112277445,0.1488869230041762,True,True,Q,True,0.0,1.0,1.0,0.0,-0.9219128279450652,-0.9219128279450652,0.0,Q,Q,Q,0.0,False,5
22,4hut,44,A,False,train,seen_protein_covered_source,restricted_context_s231301,new,1.220322962341274,1.2609734229357112,1.5522374038358444,False,0.0,0.9684210526315788,Q,0.29908564888808903,0.30104619417908207,0.34742825371602976,True,True,Q,True,0.0,1.0,1.0,0.0,-0.9219128279450652,-0.9219128279450652,0.0,Q,Q,Q,0.0,False,5
22,4hut,44,A,False,train,seen_protein_covered_source,restricted_context_s231301,old,0.9248781942617885,0.9249984061872798,1.7510123066863559,False,0.0,1.0,Q,-0.037340651880366296,0.052241177732793985,0.0606182001165809,True,True,Q,True,0.0,1.0,1.0,0.0,-0.9219128279450652,-0.9219128279450652,0.0,Q,Q,Q,0.0,False,5
22,4hut,44,A,False,train,seen_protein_covered_source,restricted_aa_only_s231301,all,0.11084193825887162,0.11471316830526482,1.6363521864016122,False,0.14274560436119013,0.9333333333333333,S,-0.22378311814326138,0.47085339260420345,0.5267072662023363,True,True,Q,False,0.23358208179565298,0.6666666666666666,1.0,0.36077174788710065,-0.5611410800579646,-0.9219128279450652,0.36077174788710065,S,Q,Q,0.0,False,4
22,4hut,44,A,False,train,seen_protein_covered_source,restricted_aa_only_s231301,new,0.1262264563477453,0.13442101250081168,1.5522374038358444,False,0.23242047060299661,0.9245614035087718,S,-0.055569967759033695,0.3454788553311139,0.4040354834057081,True,True,Q,False,0.36077174788710065,0.6666666666666666,1.0,0.36077174788710065,-0.5611410800579646,-0.9219128279450652,0.36077174788710065,S,Q,Q,0.0,False,4
22,4hut,44,A,False,train,seen_protein_covered_source,restricted_aa_only_s231301,old,0.0958757103231863,0.09860574383229523,1.7510123066863559,False,0.060760518528589935,0.9175438596491228,S,-0.3919962685274891,0.5975930124714978,0.6867625082020961,True,True,Q,False,0.10639241570420532,0.6666666666666666,1.0,0.36077174788710065,-0.5611410800579646,-0.9219128279450652,0.36077174788710065,S,Q,Q,0.0,False,4
22,4hut,44,A,False,train,seen_protein_covered_source,restricted_context_s231303,all,1.1712294392440403,1.1784217380472106,1.6363521864016122,False,0.0,0.9929824561403509,Q,0.1771880543567482,0.17913224767383862,0.21135616638170204,True,True,Q,True,0.0,1.0,1.0,0.0,-0.9219128279450652,-0.9219128279450652,0.0,Q,Q,Q,0.0,False,5
22,4hut,44,A,False,train,seen_protein_covered_source,restricted_context_s231303,new,1.3340397538323965,1.3808758446958722,1.5522374038358444,False,0.0,0.9684210526315788,Q,0.3454012047409759,0.34978388418200645,0.4113914356898587,True,True,Q,True,0.0,1.0,1.0,0.0,-0.9219128279450652,-0.9219128279450652,0.0,Q,Q,Q,0.0,False,5
22,4hut,44,A,False,train,seen_protein_covered_source,restricted_context_s231303,old,1.012953277932966,1.0129539070795444,1.7510123066863559,False,0.0,1.0,Q,0.008974903972520584,0.010188379544209515,0.012094244846911335,True,True,Q,True,0.0,1.0,1.0,0.0,-0.9219128279450652,-0.9219128279450652,0.0,Q,Q,Q,0.0,False,5
22,4hut,44,A,False,train,seen_protein_covered_source,restricted_aa_only_s231303,all,0.09952583664652048,0.10360080807327131,1.6363521864016122,False,0.14274560436119013,0.9228070175438597,S,-0.22823305483934445,0.477308532902828,0.5340748815671161,True,True,Q,False,0.23358208179565298,0.6666666666666666,1.0,0.36077174788710065,-0.5611410800579646,-0.9219128279450652,0.36077174788710065,S,Q,Q,0.0,False,4
22,4hut,44,A,False,train,seen_protein_covered_source,restricted_aa_only_s231303,new,0.11340297902016061,0.12139953697427644,1.5522374038358444,False,0.23242047060299661,0.9157894736842105,S,-0.06001990445511683,0.3518513516330104,0.41039883664247706,True,True,Q,False,0.36077174788710065,0.6666666666666666,1.0,0.36077174788710065,-0.5611410800579646,-0.9219128279450652,0.36077174788710065,S,Q,Q,0.0,False,4
22,4hut,44,A,False,train,seen_protein_covered_source,restricted_aa_only_s231303,old,0.08605350141387949,0.08905372323521572,1.7510123066863559,False,0.060760518528589935,0.9017543859649122,S,-0.3964462052235722,0.6040481527701222,0.6943277893809238,True,True,Q,False,0.10639241570420532,0.6666666666666666,1.0,0.36077174788710065,-0.5611410800579646,-0.9219128279450652,0.36077174788710065,S,Q,Q,0.0,False,4
22,4hut,44,A,False,train,seen_protein_covered_source,expanded_context_s231301,all,0.03223715956196508,0.07427635522159066,1.6363521864016122,False,0.9248233821719712,0.34210526315789475,N,-0.23753063510150038,0.5083438055524644,0.5715976653069623,False,False,Q,False,1.5133367634524388,0.0,0.4,1.4423393689674657,0.5204265410224005,-0.9219128279450652,1.4423393689674657,N,Q,Q,0.0,False,1
22,4hut,44,A,False,train,seen_protein_covered_source,expanded_context_s231301,new,0.036001613655383256,0.08703711196596713,1.5522374038358444,False,0.929200240506509,0.3017543859649123,N,-0.06931748471727274,0.3836473393453278,0.44778802505912285,False,False,Q,False,1.4423393689674657,0.0,0.4,1.4423393689674657,0.5204265410224005,-0.9219128279450652,1.4423393689674657,N,Q,Q,0.0,False,1
22,4hut,44,A,False,train,seen_protein_covered_source,expanded_context_s231301,old,0.0282664344858486,0.06384685702592167,1.7510123066863559,False,0.9048104070357058,0.3192982456140351,N,-0.4057437854857281,0.6350834254197587,0.7300547873719009,False,False,Q,False,1.5843341579374117,0.0,0.4,1.4423393689674657,0.5204265410224005,-0.9219128279450652,1.4423393689674657,N,Q,Q,0.0,False,1
22,4hut,44,A,False,train,seen_protein_covered_source,expanded_aa_only_s231301,all,0.02981576551899085,0.05561693368117232,1.6363521864016122,False,0.0,0.6105263157894737,Q,-0.23898616549861643,0.5111799519888143,0.5728108935069854,True,True,Q,True,0.0,0.3333333333333333,0.4,0.0,-0.9219128279450652,-0.9219128279450652,0.0,Q,Q,Q,0.0,False,5
22,4hut,44,A,False,train,seen_protein_covered_source,expanded_aa_only_s231301,new,0.03377481652327237,0.0651719819796012,1.5522374038358444,False,0.0,0.612280701754386,Q,-0.0707730151143888,0.38560158673148576,0.44827833502702413,True,True,Q,True,0.0,0.3333333333333333,0.4,0.0,-0.9219128279450652,-0.9219128279450652,0.0,Q,Q,Q,0.0,False,5
22,4hut,44,A,False,train,seen_protein_covered_source,expanded_aa_only_s231301,old,0.02588642170206125,0.04780749408567885,1.7510123066863559,False,0.0,0.5666666666666667,Q,-0.4071993158828442,0.6379195718561085,0.7316539480985406,True,True,Q,True,0.0,0.3333333333333333,0.4,0.0,-0.9219128279450652,-0.9219128279450652,0.0,Q,Q,Q,0.0,False,5
22,4hut,44,A,False,train,seen_protein_covered_source,expanded_context_s231303,all,0.044380142814191684,0.16915446887012384,1.6363521864016122,False,0.6891169667326723,0.5210526315789473,Y,-0.22449505143629808,0.5201450272421857,0.5660029920251769,False,False,Q,False,1.1276380551994554,0.0,0.2,1.084270073694766,0.16235724574970067,-0.9219128279450652,1.084270073694766,Y,Q,Q,0.0,False,2
22,4hut,44,A,False,train,seen_protein_covered_source,expanded_context_s231303,new,0.04854400088699301,0.19821538634562763,1.5522374038358444,False,0.6985207746027436,0.5140350877192983,Y,-0.05628190105207042,0.3916477347028115,0.4475081836547288,False,False,Q,False,1.084270073694766,0.0,0.2,1.084270073694766,0.16235724574970067,-0.9219128279450652,1.084270073694766,Y,Q,Q,0.0,False,2
22,4hut,44,A,False,train,seen_protein_covered_source,expanded_context_s231303,old,0.03946184422346417,0.14540268106891674,1.7510123066863559,False,0.6687594554490456,0.5614035087719299,Y,-0.3927082018205258,0.6486423197815598,0.7214579166570919,False,False,Q,False,1.1710060367041446,0.0,0.2,1.084270073694766,0.16235724574970067,-0.9219128279450652,1.084270073694766,Y,Q,Q,0.0,False,2
22,4hut,44,A,False,train,seen_protein_covered_source,expanded_aa_only_s231303,all,0.029937448501942975,0.05496482236307601,1.6363521864016122,False,0.0,0.6087719298245614,Q,-0.23883049638086562,0.511106640142981,0.5726668501964005,True,True,Q,True,0.0,0.3333333333333333,0.4,0.0,-0.9219128279450652,-0.9219128279450652,0.0,Q,Q,Q,0.0,False,5
22,4hut,44,A,False,train,seen_protein_covered_source,expanded_aa_only_s231303,new,0.03384302128882373,0.06440783724419925,1.5522374038358444,False,0.0,0.6105263157894737,Q,-0.070617345996638,0.3855535644109795,0.44819884795167414,True,True,Q,True,0.0,0.3333333333333333,0.4,0.0,-0.9219128279450652,-0.9219128279450652,0.0,Q,Q,Q,0.0,False,5
22,4hut,44,A,False,train,seen_protein_covered_source,expanded_aa_only_s231303,old,0.026029540003883928,0.04724694883588477,1.7510123066863559,False,0.0,0.5649122807017544,Q,-0.40704364676509336,0.6378462600102752,0.7314771092144758,True,True,Q,True,0.0,0.3333333333333333,0.4,0.0,-0.9219128279450652,-0.9219128279450652,0.0,Q,Q,Q,0.0,False,5
22,4hut,44,A,False,train,seen_protein_covered_source,legacy_baseline,old,1.0000053432348983,1.0000057576865446,1.7510123066863559,False,0.0,1.0,Q,-0.00044575099841846983,0.0005692289349727694,0.0007217604249881212,True,True,Q,True,0.0,1.0,1.0,0.0,-0.9219128279450652,-0.9219128279450652,0.0,Q,Q,Q,0.0,False,5
22,4hut,44,A,False,train,seen_protein_covered_source,legacy_baseline,new,1.0001555734949947,1.0001565819247733,1.5522374038358444,False,0.0,1.0,Q,-0.0002307751934206351,0.0005102297183803868,0.0006930267378382325,True,True,Q,True,0.0,1.0,1.0,0.0,-0.9219128279450652,-0.9219128279450652,0.0,Q,Q,Q,0.0,False,5
22,4hut,44,A,False,train,seen_protein_covered_source,legacy_baseline,all,1.0000676408047602,1.0000682286761846,1.6363521864016122,False,0.0,1.0,Q,-0.0003382630959195437,0.0005023928649113946,0.0006734069568056774,True,True,Q,True,0.0,1.0,1.0,0.0,-0.9219128279450652,-0.9219128279450652,0.0,Q,Q,Q,0.0,False,5
22,4hut,44,A,False,train,seen_protein_covered_source,legacy_exact,old,1.0,1.0,1.7510123066863559,False,0.0,1.0,Q,0.0,0.0,0.0,True,True,Q,True,0.0,1.0,1.0,0.0,-0.9219128279450652,-0.9219128279450652,0.0,Q,Q,Q,0.0,False,5
22,4hut,44,A,False,train,seen_protein_covered_source,legacy_exact,new,1.0,1.0,1.5522374038358444,False,0.0,1.0,Q,0.0,0.0,0.0,True,True,Q,True,0.0,1.0,1.0,0.0,-0.9219128279450652,-0.9219128279450652,0.0,Q,Q,Q,0.0,False,5
22,4hut,44,A,False,train,seen_protein_covered_source,legacy_exact,all,1.0,1.0,1.6363521864016122,False,0.0,1.0,Q,0.0,0.0,0.0,True,True,Q,True,0.0,1.0,1.0,0.0,-0.9219128279450652,-0.9219128279450652,0.0,Q,Q,Q,0.0,False,5
22,4hut,44,A,False,train,seen_protein_covered_source,legacy_expanded_s231301,old,-0.016674323024435205,0.05056017694051502,1.7510123066863559,False,0.2521970090049018,-0.3596491228070175,E,-0.5025524565967348,0.690192868798228,0.8094818887600209,False,False,Q,False,0.44160006647707273,0.0,0.2,0.6628991146663714,-0.2590137132786938,-0.9219128279450652,0.6628991146663714,E,Q,Q,0.0,False,2
22,4hut,44,A,False,train,seen_protein_covered_source,legacy_expanded_s231301,new,-0.085075974678919,0.14844038719059613,1.5522374038358444,False,0.8470046583159924,-0.6438596491228071,W,-0.26320042839684277,0.49801426005994326,0.5645032689438882,False,False,Q,False,1.3147523118612825,0.0,0.2,0.6628991146663714,-0.2590137132786938,-0.9219128279450652,0.6628991146663714,E,Q,Q,0.0,False,2
22,4hut,44,A,False,train,seen_protein_covered_source,legacy_expanded_s231301,all,-0.049566052050940376,0.08350744527279039,1.6363521864016122,False,0.8739988910775809,-0.6070175438596491,W,-0.38287644249678865,0.593432590357672,0.6814028072764053,False,False,Q,False,1.430169996327384,0.0,0.2,0.6628991146663714,-0.2590137132786938,-0.9219128279450652,0.6628991146663714,E,Q,Q,0.0,False,2
22,4hut,44,A,False,train,seen_protein_covered_source,legacy_expanded_s231303,old,-0.017810547399778418,0.0748945008019832,1.7510123066863559,False,0.2521970090049018,-0.27017543859649124,E,-0.5738190249709255,0.7250401007248785,0.8567615831610924,False,False,Q,False,0.44160006647707273,0.0,0.2,0.6628991146663714,-0.2590137132786938,-0.9219128279450652,0.6628991146663714,E,Q,Q,0.0,False,2
22,4hut,44,A,False,train,seen_protein_covered_source,legacy_expanded_s231303,new,-0.06404404198864025,0.19046455699592313,1.5522374038358444,False,0.427060392326737,-0.32631578947368417,E,-0.34011641680298665,0.5329190208927472,0.5993736159422212,False,False,Q,False,0.6628991146663714,0.0,0.4,0.6628991146663714,-0.2590137132786938,-0.9219128279450652,0.6628991146663714,E,Q,Q,0.0,False,2
22,4hut,44,A,False,train,seen_protein_covered_source,legacy_expanded_s231303,all,-0.04195259165376909,0.11734789744521498,1.6363521864016122,False,0.3374882223771984,-0.3736842105263158,E,-0.4569677208869559,0.6289795608088128,0.7239568572903837,False,False,Q,False,0.5522495905717221,0.0,0.4,0.6628991146663714,-0.2590137132786938,-0.9219128279450652,0.6628991146663714,E,Q,Q,0.0,False,2
22,4hut,44,A,False,train,seen_protein_covered_source,legacy_oracle_r32,old,0.9807801912901204,0.9809381773869239,1.7510123066863559,False,0.0,1.0,Q,-0.012292136780462587,0.016262649707853703,0.020375974204059958,True,True,Q,True,0.0,1.0,1.0,0.0,-0.9219128279450652,-0.9219128279450652,0.0,Q,Q,Q,0.0,False,5
22,4hut,44,A,False,train,seen_protein_covered_source,legacy_oracle_r32,new,0.9710441138438394,0.9714530639269985,1.5522374038358444,False,0.0,1.0,Q,0.0004778329392394899,0.015663685926913123,0.018487672991406016,True,True,Q,True,0.0,1.0,1.0,0.0,-0.9219128279450652,-0.9219128279450652,0.0,Q,Q,Q,0.0,False,5
22,4hut,44,A,False,train,seen_protein_covered_source,legacy_oracle_r32,all,0.9755844732942661,0.9757447713962929,1.6363521864016122,False,0.0,0.9982456140350877,Q,-0.005907151920611546,0.015026908913077964,0.017203734536850264,True,True,Q,True,0.0,1.0,1.0,0.0,-0.9219128279450652,-0.9219128279450652,0.0,Q,Q,Q,0.0,False,5
22,4hut,44,A,False,train,seen_protein_covered_source,legacy_restricted_s231301,old,0.7757242389091085,0.780848991039027,1.7510123066863559,False,0.0,0.9912280701754386,Q,-0.13048195600340545,0.17142015030045368,0.19919902749017565,True,True,Q,True,0.0,1.0,1.0,0.0,-0.9219128279450652,-0.9219128279450652,0.0,Q,Q,Q,0.0,False,5
22,4hut,44,A,False,train,seen_protein_covered_source,legacy_restricted_s231301,new,0.7215053610376343,0.7331135360469676,1.5522374038358444,False,0.0,0.9719298245614034,Q,-0.004827731976125819,0.11196820282859221,0.14064097093753697,True,True,Q,True,0.0,1.0,1.0,0.0,-0.9219128279450652,-0.9219128279450652,0.0,Q,Q,Q,0.0,False,5
22,4hut,44,A,False,train,seen_protein_covered_source,legacy_restricted_s231301,all,0.7551697735648991,0.7622059192747852,1.6363521864016122,False,0.0,0.9824561403508772,Q,-0.06765484398976562,0.14125838367879529,0.1576750856645564,True,True,Q,True,0.0,1.0,1.0,0.0,-0.9219128279450652,-0.9219128279450652,0.0,Q,Q,Q,0.0,False,5
22,4hut,44,A,False,train,seen_protein_covered_source,legacy_restricted_s231303,old,0.7287803163502375,0.734720503999342,1.7510123066863559,False,0.0,0.9929824561403509,Q,-0.17066188453045064,0.2111047397909954,0.24718631814207537,True,True,Q,True,0.0,1.0,1.0,0.0,-0.9219128279450652,-0.9219128279450652,0.0,Q,Q,Q,0.0,False,5
22,4hut,44,A,False,train,seen_protein_covered_source,legacy_restricted_s231303,new,0.6230329566189134,0.6338588299037667,1.5522374038358444,False,0.0,0.975438596491228,Q,-0.07233970934711764,0.1737632747464622,0.1944369161207519,True,True,Q,True,0.0,1.0,1.0,0.0,-0.9219128279450652,-0.9219128279450652,0.0,Q,Q,Q,0.0,False,5
22,4hut,44,A,False,train,seen_protein_covered_source,legacy_restricted_s231303,all,0.684166732826928,0.6907959288387985,1.6363521864016122,False,0.0,0.9842105263157893,Q,-0.12150079693878416,0.191290560508336,0.214552446329378,True,True,Q,True,0.0,1.0,1.0,0.0,-0.9219128279450652,-0.9219128279450652,0.0,Q,Q,Q,0.0,False,5
22,4hut,44,A,False,train,seen_protein_covered_source,legacy_wt_z,old,-0.016605577522749496,0.050429721417108886,1.7510123066863559,False,0.2521970090049018,-0.3596491228070175,E,-0.50769633516746,0.6920686572155197,0.8126493431615716,False,False,Q,False,0.44160006647707273,0.0,0.2,0.6628991146663714,-0.2590137132786938,-0.9219128279450652,0.6628991146663714,E,Q,Q,0.0,False,2
22,4hut,44,A,False,train,seen_protein_covered_source,legacy_wt_z,new,-0.08543500006310438,0.14919749068818028,1.5522374038358444,False,0.8470046583159924,-0.6333333333333333,W,-0.2654660640760116,0.4992483277489447,0.5657376172850831,False,False,Q,False,1.3147523118612825,0.0,0.2,0.6628991146663714,-0.2590137132786938,-0.9219128279450652,0.6628991146663714,E,Q,Q,0.0,False,2
22,4hut,44,A,False,train,seen_protein_covered_source,legacy_wt_z,all,-0.0496821132469443,0.08374009221140276,1.6363521864016122,False,0.8739988910775809,-0.6263157894736843,W,-0.3865811996217358,0.5948464859274972,0.6835483085386803,False,False,Q,False,1.430169996327384,0.0,0.2,0.6628991146663714,-0.2590137132786938,-0.9219128279450652,0.6628991146663714,E,Q,Q,0.0,False,2
3,1w53,37,T,False,train,train,restricted_context_s231301,all,0.7188454182459623,0.7424684965159711,0.23751863350932712,False,0.09689446619529211,0.956140350877193,C,-0.03564431900031194,0.03564431900031194,0.04228131678535687,True,True,M,False,0.023014241205321473,1.0,0.8,0.04589911748434883,0.002585852442546277,-0.04331326504180255,0.04589911748434883,C,M,M,0.0,False,1
3,1w53,37,T,False,train,train,restricted_context_s231301,new,0.548750261396162,0.5931958653986792,0.2887433158249564,False,0.1589616623789624,0.9333333333333333,C,-0.05243025868259489,0.05339869786596069,0.06755567936412511,True,True,M,False,0.04589911748434883,0.6666666666666666,0.8,0.04589911748434883,0.002585852442546277,-0.04331326504180255,0.04589911748434883,C,M,M,0.0,False,1
3,1w53,37,T,False,train,train,restricted_context_s231301,old,0.9333775010616319,0.9434894104725619,0.18629395119369785,False,0.0006944129182144587,0.9789473684210527,C,-0.018858379318028987,0.018858379318028987,0.02053482877892225,True,True,M,False,0.00012936492629411767,1.0,0.8,0.04589911748434883,0.002585852442546277,-0.04331326504180255,0.04589911748434883,C,M,M,0.0,False,1
3,1w53,37,T,False,train,train,restricted_aa_only_s231301,all,0.4004254382467174,0.9301956641290353,0.23751863350932712,False,0.04324209882143883,0.3368421052631579,V,-0.13634763265293404,0.13634763265293404,0.15309481032423392,False,False,M,False,0.010270804222143437,0.3333333333333333,0.2,0.002932368630107929,-0.04038089641169462,-0.04331326504180255,0.002932368630107929,V,M,M,0.0,False,1
3,1w53,37,T,False,train,train,restricted_aa_only_s231301,new,0.29080222031672637,0.7431806528659264,0.2887433158249564,False,0.01015562428425393,0.343859649122807,V,-0.15313357233521696,0.15313357233521696,0.17428506094734425,False,False,M,False,0.002932368630107929,0.3333333333333333,0.2,0.002932368630107929,-0.04038089641169462,-0.04331326504180255,0.002932368630107929,V,M,M,0.0,False,1
3,1w53,37,T,False,train,train,restricted_aa_only_s231301,old,0.5575544866395391,1.182043093938004,0.18629395119369785,False,0.09452394831579829,0.4263157894736842,V,-0.11956169297065107,0.11956169297065107,0.13383119567622323,False,False,M,False,0.017609239814178945,0.3333333333333333,0.4,0.002932368630107929,-0.04038089641169462,-0.04331326504180255,0.002932368630107929,V,M,M,0.0,False,1
3,1w53,37,T,False,train,train,restricted_context_s231303,all,0.7642485648430735,0.7868694705156271,0.23751863350932712,False,0.0,0.9666666666666668,M,-0.019662077578447523,0.022219314785891404,0.028275303922231373,True,True,M,True,0.0,1.0,0.8,0.0,-0.04331326504180255,-0.04331326504180255,0.0,M,M,M,0.0,False,1
3,1w53,37,T,False,train,train,restricted_context_s231303,new,0.5805741135693003,0.6286700630513248,0.2887433158249564,False,0.0,0.9385964912280702,M,-0.03644801726073047,0.04279025550768839,0.05475808089929444,True,True,M,True,0.0,0.6666666666666666,0.8,0.0,-0.04331326504180255,-0.04331326504180255,0.0,M,M,M,0.0,False,1
3,1w53,37,T,False,train,train,restricted_context_s231303,old,0.9995048208972916,0.9999118027759663,0.18629395119369785,False,0.0,0.9982456140350877,M,-0.0028761378961645705,0.0029588251472300042,0.0032508013067800725,True,True,M,True,0.0,1.0,1.0,0.0,-0.04331326504180255,-0.04331326504180255,0.0,M,M,M,0.0,False,1
3,1w53,37,T,False,train,train,restricted_aa_only_s231303,all,0.3922878217962837,0.8483533546803302,0.23751863350932712,False,0.04324209882143883,0.3456140350877193,V,-0.12580541912829127,0.12580541912829127,0.14172360883632004,False,False,M,False,0.010270804222143437,0.3333333333333333,0.4,0.002932368630107929,-0.04038089641169462,-0.04331326504180255,0.002932368630107929,V,M,M,0.0,False,1
3,1w53,37,T,False,train,train,restricted_aa_only_s231303,new,0.2856538720412449,0.6777926669682556,0.2887433158249564,False,0.01015562428425393,0.34912280701754383,V,-0.14259135881057422,0.14259135881057422,0.16330420528810743,False,False,M,False,0.002932368630107929,0.3333333333333333,0.4,0.002932368630107929,-0.04038089641169462,-0.04331326504180255,0.002932368630107929,V,M,M,0.0,False,1
3,1w53,37,T,False,train,train,restricted_aa_only_s231303,old,0.5442973262764104,1.0780422472275863,0.18629395119369785,False,0.09452394831579829,0.43684210526315786,V,-0.10901947944600832,0.10901947944600832,0.1221185024782113,False,False,M,False,0.017609239814178945,0.3333333333333333,0.6,0.002932368630107929,-0.04038089641169462,-0.04331326504180255,0.002932368630107929,V,M,M,0.0,False,1
3,1w53,37,T,False,train,train,expanded_context_s231301,all,0.7838608927229863,0.8118456680880967,0.23751863350932712,False,0.09689446619529211,0.9385964912280702,C,-0.012486502117625543,0.01840351763542574,0.023916931205339397,True,True,M,False,0.023014241205321473,1.0,0.8,0.04589911748434883,0.002585852442546277,-0.04331326504180255,0.04589911748434883,C,M,M,0.0,False,1
3,1w53,37,T,False,train,train,expanded_context_s231301,new,0.5930885641355484,0.6486248183074634,0.2887433158249564,False,0.1589616623789624,0.8982456140350877,C,-0.029272441799908493,0.03916138566481648,0.05030051129859774,True,True,M,False,0.04589911748434883,0.6666666666666666,0.8,0.04589911748434883,0.002585852442546277,-0.04331326504180255,0.04589911748434883,C,M,M,0.0,False,1
3,1w53,37,T,False,train,train,expanded_context_s231301,old,1.0311862390169884,1.031650224047809,0.18629395119369785,False,0.0006944129182144587,0.9929824561403509,C,0.004299437564657408,0.004299437564657408,0.0048915507543362035,True,True,M,False,0.00012936492629411767,1.0,1.0,0.04589911748434883,0.002585852442546277,-0.04331326504180255,0.04589911748434883,C,M,M,0.0,False,1
3,1w53,37,T,False,train,train,expanded_aa_only_s231301,all,0.35903319116276056,0.376790053391447,0.23751863350932712,False,0.09689446619529211,0.9403508771929823,C,-0.03797733839167592,0.04686420433741149,0.058075307951829226,False,True,M,False,0.023014241205321473,0.6666666666666666,0.8,0.04589911748434883,0.002585852442546277,-0.04331326504180255,0.04589911748434883,C,M,M,0.0,False,1
3,1w53,37,T,False,train,train,expanded_aa_only_s231301,new,0.2723468778170314,0.3010367481502241,0.2887433158249564,False,0.1589616623789624,0.9105263157894736,C,-0.054763278073958865,0.0654191071811058,0.08302926785784705,False,True,M,False,0.04589911748434883,0.3333333333333333,0.8,0.04589911748434883,0.002585852442546277,-0.04331326504180255,0.04589911748434883,C,M,M,0.0,False,1
3,1w53,37,T,False,train,train,expanded_aa_only_s231301,old,0.4705617408609569,0.47880472641518246,0.18629395119369785,False,0.0006944129182144587,0.9526315789473684,C,-0.021191398709392965,0.030003129484543176,0.03551975472198837,False,True,M,False,0.00012936492629411767,0.6666666666666666,0.8,0.04589911748434883,0.002585852442546277,-0.04331326504180255,0.04589911748434883,C,M,M,0.0,False,1
3,1w53,37,T,False,train,train,expanded_context_s231303,all,0.6703657355064611,0.7126680422264218,0.23751863350932712,False,0.09689446619529211,0.8947368421052632,C,-0.012818485149134496,0.024295041653097912,0.030423357788192624,True,True,M,False,0.023014241205321473,0.6666666666666666,0.8,0.04589911748434883,0.002585852442546277,-0.04331326504180255,0.04589911748434883,C,M,M,0.0,False,1
3,1w53,37,T,False,train,train,expanded_context_s231303,new,0.505301278968223,0.5693867659493226,0.2887433158249564,False,0.1589616623789624,0.8614035087719297,C,-0.029604424831417446,0.04427626361668711,0.05580089784542127,True,True,M,False,0.04589911748434883,0.3333333333333333,0.8,0.04589911748434883,0.002585852442546277,-0.04331326504180255,0.04589911748434883,C,M,M,0.0,False,1
3,1w53,37,T,False,train,train,expanded_context_s231303,old,0.8867229055833863,0.9056205807762212,0.18629395119369785,False,0.0006944129182144587,0.9508771929824561,C,0.003967454533148454,0.009817739347461914,0.012142928270493607,True,True,M,False,0.00012936492629411767,0.6666666666666666,0.8,0.04589911748434883,0.002585852442546277,-0.04331326504180255,0.04589911748434883,C,M,M,0.0,False,1
3,1w53,37,T,False,train,train,expanded_aa_only_s231303,all,0.35077264861251073,0.3696426116142019,0.23751863350932712,False,0.09689446619529211,0.9298245614035087,C,-0.03783913685454439,0.04727434214039277,0.05842263739698294,False,True,M,False,0.023014241205321473,0.6666666666666666,0.6,0.04589911748434883,0.002585852442546277,-0.04331326504180255,0.04589911748434883,C,M,M,0.0,False,1
3,1w53,37,T,False,train,train,expanded_aa_only_s231303,new,0.26539667766994723,0.29532629318771053,0.2887433158249564,False,0.1589616623789624,0.8964912280701753,C,-0.054625076536827334,0.06585042742587693,0.0833883431921392,False,True,M,False,0.04589911748434883,0.3333333333333333,0.6,0.04589911748434883,0.002585852442546277,-0.04331326504180255,0.04589911748434883,C,M,M,0.0,False,1
3,1w53,37,T,False,train,train,expanded_aa_only_s231303,old,0.46146581617810883,0.46972213818356867,0.18629395119369785,False,0.0006944129182144587,0.9491228070175438,C,-0.021053197172261437,0.03042534303660332,0.035816516436267834,False,True,M,False,0.00012936492629411767,0.6666666666666666,0.8,0.04589911748434883,0.002585852442546277,-0.04331326504180255,0.04589911748434883,C,M,M,0.0,False,1
3,1w53,37,T,False,train,train,legacy_baseline,old,0.9931257899247973,0.9933589368725614,0.18629395119369785,False,0.0006944129182144587,0.9964912280701754,C,-0.00029244699786197027,0.0009808875551226063,0.0012348823574851407,True,True,M,False,0.00012936492629411767,1.0,1.0,0.04589911748434883,0.002585852442546277,-0.04331326504180255,0.04589911748434883,C,M,M,0.0,False,1
3,1w53,37,T,False,train,train,legacy_baseline,new,0.9923804930170355,0.9924731211075696,0.2887433158249564,False,0.0,1.0,M,-0.00014553131977879693,0.001115912439384201,0.0013217589912320094,True,True,M,True,0.0,1.0,1.0,0.04589911748434883,0.002585852442546277,-0.04331326504180255,0.04589911748434883,C,M,M,0.0,False,1
3,1w53,37,T,False,train,train,legacy_baseline,all,0.99215789289086,0.9922983868596108,0.23751863350932712,False,0.0,1.0,M,-0.00021898915882038358,0.0010427855374637249,0.0012640005097979954,True,True,M,True,0.0,1.0,1.0,0.04589911748434883,0.002585852442546277,-0.04331326504180255,0.04589911748434883,C,M,M,0.0,False,1
3,1w53,37,T,False,train,train,legacy_exact,old,1.0,1.0,0.18629395119369785,False,0.0,1.0,M,0.0,0.0,0.0,True,True,M,True,0.0,1.0,1.0,0.0,-0.04331326504180255,-0.04331326504180255,0.0,M,M,M,0.0,False,1
3,1w53,37,T,False,train,train,legacy_exact,new,1.0,1.0,0.2887433158249564,False,0.0,1.0,M,0.0,0.0,0.0,True,True,M,True,0.0,1.0,1.0,0.0,-0.04331326504180255,-0.04331326504180255,0.0,M,M,M,0.0,False,1
3,1w53,37,T,False,train,train,legacy_exact,all,1.0,1.0,0.23751863350932712,False,0.0,1.0,M,0.0,0.0,0.0,True,True,M,True,0.0,1.0,1.0,0.0,-0.04331326504180255,-0.04331326504180255,0.0,M,M,M,0.0,False,1
3,1w53,37,T,False,train,train,legacy_expanded_s231301,old,-0.021262426592416964,0.22596784191186087,0.18629395119369785,False,0.6089223974280998,-0.22456140350877193,R,-0.05340356839766375,0.061538193919034166,0.07704571958761844,False,False,M,False,0.11343855938721992,0.0,0.4,0.10400514310449038,0.06069187806268783,-0.04331326504180255,0.10400514310449038,R,M,M,0.0,False,2
3,1w53,37,T,False,train,train,legacy_expanded_s231301,new,0.05429563344074362,0.28092196495868205,0.2887433158249564,False,0.36019930992113763,0.19298245614035087,R,-0.09430894447891015,0.10146958007553403,0.1257648853326574,False,False,M,False,0.10400514310449038,0.0,0.2,0.10400514310449038,0.06069187806268783,-0.04331326504180255,0.10400514310449038,R,M,M,0.0,False,2
3,1w53,37,T,False,train,train,legacy_expanded_s231301,all,0.024065609533697758,0.25105861030575,0.23751863350932712,False,0.4577403028953758,0.0456140350877193,R,-0.07385625643828694,0.08150388699728409,0.1003822895811597,False,False,M,False,0.10872185124585515,0.0,0.2,0.10400514310449038,0.06069187806268783,-0.04331326504180255,0.10400514310449038,R,M,M,0.0,False,2
3,1w53,37,T,False,train,train,legacy_expanded_s231303,old,0.48310668411531554,0.5580327181567217,0.18629395119369785,False,0.0006944129182144587,0.8649122807017543,C,-0.02842483904333461,0.033595400541925745,0.04220732976277657,True,True,M,False,0.00012936492629411767,0.6666666666666666,0.8,0.04589911748434883,0.002585852442546277,-0.04331326504180255,0.04589911748434883,C,M,M,0.0,False,1
3,1w53,37,T,False,train,train,legacy_expanded_s231303,new,0.5789869692254048,0.6376487575579446,0.2887433158249564,False,0.158452697200903,0.8842105263157896,S,-0.03491365846067317,0.04540189983924118,0.05470572220967187,False,False,M,False,0.04575215719119652,0.3333333333333333,0.6,0.04589911748434883,0.002585852442546277,-0.04331326504180255,0.04589911748434883,C,M,M,0.0,False,1
3,1w53,37,T,False,train,train,legacy_expanded_s231303,all,0.5460366514802149,0.6057101339968686,0.23751863350932712,False,0.14984491799797092,0.9,S,-0.03166924875200389,0.03906131764456914,0.047480885312767306,False,False,M,False,0.03559096016119523,0.3333333333333333,0.6,0.04589911748434883,0.002585852442546277,-0.04331326504180255,0.04589911748434883,C,M,M,0.0,False,1
3,1w53,37,T,False,train,train,legacy_oracle_r32,old,0.989709718105392,0.9933407709748676,0.18629395119369785,False,0.0,0.9947368421052631,M,-0.001074399517089337,0.0037038874905871376,0.004664738457456164,True,True,M,True,0.0,1.0,1.0,0.0,-0.04331326504180255,-0.04331326504180255,0.0,M,M,M,0.0,False,1
3,1w53,37,T,False,train,train,legacy_oracle_r32,new,0.9832204889160571,0.9845175445135593,0.2887433158249564,False,0.0,0.9947368421052631,M,-0.004143468779047769,0.004628066125762901,0.006114387639159281,True,True,M,True,0.0,0.6666666666666666,1.0,0.0,-0.04331326504180255,-0.04331326504180255,0.0,M,M,M,0.0,False,1
3,1w53,37,T,False,train,train,legacy_oracle_r32,all,0.9874259090701077,0.989219389313396,0.23751863350932712,False,0.0,0.9947368421052631,M,-0.002608934148068553,0.0035306905206897283,0.004865269985063485,True,True,M,True,0.0,1.0,1.0,0.0,-0.04331326504180255,-0.04331326504180255,0.0,M,M,M,0.0,False,1
3,1w53,37,T,False,train,train,legacy_restricted_s231301,old,0.6230420441669079,0.6811818426399855,0.18629395119369785,False,0.13650342895327566,0.8807017543859648,S,-0.003511021330673065,0.019467947709052077,0.025038215210641347,False,True,M,False,0.02542976313119394,0.6666666666666666,0.8,0.04575215719119652,0.0024388921493939675,-0.04331326504180255,0.04575215719119652,S,M,M,0.0,False,1
3,1w53,37,T,False,train,train,legacy_restricted_s231301,new,0.6920710934884008,0.757916207087225,0.2887433158249564,False,0.01015562428425393,0.9122807017543859,V,-0.006261752050386926,0.028911282006259073,0.03737427208300586,False,False,M,False,0.002932368630107929,0.6666666666666666,0.8,0.04575215719119652,0.0024388921493939675,-0.04331326504180255,0.04575215719119652,S,M,M,0.0,False,1
3,1w53,37,T,False,train,train,legacy_restricted_s231301,all,0.6689085249079931,0.7295205709261506,0.23751863350932712,False,0.04324209882143883,0.9175438596491228,V,-0.0048863866905299955,0.02384322586958521,0.030151271393698,False,False,M,False,0.010270804222143437,0.3333333333333333,0.8,0.04575215719119652,0.0024388921493939675,-0.04331326504180255,0.04575215719119652,S,M,M,0.0,False,1
3,1w53,37,T,False,train,train,legacy_restricted_s231303,old,0.5583071245327648,0.6231348663763336,0.18629395119369785,False,0.0006944129182144587,0.863157894736842,C,-0.018496323167740806,0.026109424008397074,0.03329123457767008,True,True,M,False,0.00012936492629411767,0.6666666666666666,0.8,0.04589911748434883,0.002585852442546277,-0.04331326504180255,0.04589911748434883,C,M,M,0.0,False,1
3,1w53,37,T,False,train,train,legacy_restricted_s231303,new,0.6797404187937136,0.7461217491567242,0.2887433158249564,False,0.01015562428425393,0.887719298245614,V,-0.02354138903013023,0.03460423284981815,0.04428552584515424,False,False,M,False,0.002932368630107929,0.3333333333333333,0.6,0.04589911748434883,0.002585852442546277,-0.04331326504180255,0.04589911748434883,C,M,M,0.0,False,1
3,1w53,37,T,False,train,train,legacy_restricted_s231303,all,0.6318738133225882,0.6954101456646632,0.23751863350932712,False,0.14984491799797092,0.9368421052631579,S,-0.02101885609893552,0.030250767512512954,0.03798657502129014,False,False,M,False,0.03559096016119523,0.6666666666666666,0.8,0.04589911748434883,0.002585852442546277,-0.04331326504180255,0.04589911748434883,C,M,M,0.0,False,1
3,1w53,37,T,False,train,train,legacy_wt_z,old,-0.02123594559151921,0.22497337384271127,0.18629395119369785,False,0.6089223974280998,-0.22456140350877193,R,-0.05352228109341103,0.06160584590834459,0.077118884223478,False,False,M,False,0.11343855938721992,0.0,0.4,0.10400514310449038,0.06069187806268783,-0.04331326504180255,0.10400514310449038,R,M,M,0.0,False,2
3,1w53,37,T,False,train,train,legacy_wt_z,new,0.053753817230563675,0.27949112547791366,0.2887433158249564,False,0.36019930992113763,0.19298245614035087,R,-0.09470412758195101,0.10173412540785559,0.12606947055242143,False,False,M,False,0.10400514310449038,0.0,0.2,0.10400514310449038,0.06069187806268783,-0.04331326504180255,0.10400514310449038,R,M,M,0.0,False,2
3,1w53,37,T,False,train,train,legacy_wt_z,all,0.023715437785196688,0.24979825392408725,0.23751863350932712,False,0.4577403028953758,0.0456140350877193,R,-0.07411320433768102,0.08166998565810007,0.10057305364166264,False,False,M,False,0.10872185124585515,0.0,0.2,0.10400514310449038,0.06069187806268783,-0.04331326504180255,0.10400514310449038,R,M,M,0.0,False,2
3,1w53,84,Y,False,train,train,restricted_context_s231301,all,1.15050806240874,1.1869180188962303,0.3164240168886005,False,0.0,0.9140350877192982,V,-0.010561305670170777,0.021557535826185747,0.028418111210206057,True,True,V,True,0.0,0.6666666666666666,0.8,0.0,-0.05545299514166291,-0.05545299514166291,0.012121118890886518,V,A,V,0.012121118890886518,False,1
3,1w53,84,Y,False,train,train,restricted_context_s231301,new,1.1632113190203663,1.389682092598677,0.25136925654188735,False,0.048220371327973806,0.7649122807017543,V,-0.024804190887356636,0.045125153598613806,0.05886420744409226,True,True,A,False,0.012121118890886518,0.6666666666666666,0.8,0.0,-0.05545299514166291,-0.05545299514166291,0.012121118890886518,V,A,V,0.012121118890886518,False,1
3,1w53,84,Y,False,train,train,restricted_context_s231301,old,0.9663668251590803,0.9681358452623626,0.39359989612620017,False,0.0,0.987719298245614,V,0.0036815795470150846,0.0057219476226787,0.007600059374710862,True,True,V,True,0.0,1.0,1.0,0.0,-0.05545299514166291,-0.05545299514166291,0.012121118890886518,V,A,V,0.012121118890886518,False,1
3,1w53,84,Y,False,train,train,restricted_aa_only_s231301,all,1.183043078430176,1.215440293201321,0.3164240168886005,False,0.0,0.9491228070175438,V,-0.016109386491741373,0.024824794776806592,0.03127058370679632,True,True,V,True,0.0,0.6666666666666666,0.8,0.0,-0.05545299514166291,-0.05545299514166291,0.012121118890886518,V,A,V,0.012121118890886518,False,1
3,1w53,84,Y,False,train,train,restricted_aa_only_s231301,new,1.200863459843067,1.423076895955721,0.25136925654188735,False,0.048220371327973806,0.8157894736842105,V,-0.030352271708927233,0.04968783945295466,0.06211906135718148,True,True,A,False,0.012121118890886518,0.6666666666666666,0.8,0.0,-0.05545299514166291,-0.05545299514166291,0.012121118890886518,V,A,V,0.012121118890886518,False,1
3,1w53,84,Y,False,train,train,restricted_aa_only_s231301,old,0.9913853716914455,0.9914006670137782,0.39359989612620017,False,0.0,1.0,V,-0.0018665012745555127,0.0018665012745555127,0.0021210275432467876,True,True,V,True,0.0,1.0,1.0,0.0,-0.05545299514166291,-0.05545299514166291,0.012121118890886518,V,A,V,0.012121118890886518,False,1
3,1w53,84,Y,False,train,train,restricted_context_s231303,all,1.2001689408653382,1.2352917788184763,0.3164240168886005,False,0.0,0.9368421052631579,V,-0.010549725654294984,0.023549520053565403,0.030375015503778177,True,True,V,True,0.0,0.6666666666666666,0.8,0.0,-0.05545299514166291,-0.05545299514166291,0.012121118890886518,V,A,V,0.012121118890886518,False,1
3,1w53,84,Y,False,train,train,restricted_context_s231303,new,1.2157481153752416,1.4463196588377738,0.25136925654188735,False,0.048220371327973806,0.7982456140350876,V,-0.024792610871480845,0.048280326891291456,0.06104237442823688,True,True,A,False,0.012121118890886518,0.6666666666666666,0.8,0.0,-0.05545299514166291,-0.05545299514166291,0.012121118890886518,V,A,V,0.012121118890886518,False,1
3,1w53,84,Y,False,train,train,restricted_context_s231303,old,1.0069497140845756,1.0075929688422995,0.39359989612620017,False,0.0,0.9964912280701754,V,0.0036931595628908755,0.004085295696547791,0.005166177395467507,True,True,V,True,0.0,1.0,1.0,0.0,-0.05545299514166291,-0.05545299514166291,0.012121118890886518,V,A,V,0.012121118890886518,False,1
3,1w53,84,Y,False,train,train,restricted_aa_only_s231303,all,1.1845454704038463,1.2173477857844197,0.3164240168886005,False,0.0,0.9491228070175438,V,-0.012097626320042477,0.02385542038725158,0.02958471655215692,True,True,V,True,0.0,0.6666666666666666,0.8,0.0,-0.05545299514166291,-0.05545299514166291,0.012121118890886518,V,A,V,0.012121118890886518,False,1
3,1w53,84,Y,False,train,train,restricted_aa_only_s231303,new,1.2017927112048123,1.425310250106804,0.25136925654188735,False,0.048220371327973806,0.8157894736842105,V,-0.02634051153722834,0.04877116320026643,0.06043639261330193,True,True,A,False,0.012121118890886518,0.6666666666666666,0.8,0.0,-0.05545299514166291,-0.05545299514166291,0.012121118890886518,V,A,V,0.012121118890886518,False,1
3,1w53,84,Y,False,train,train,restricted_aa_only_s231303,old,0.9929335189179205,0.9929565553859062,0.39359989612620017,False,0.0,1.0,V,0.0021452588971433836,0.0021452588971433836,0.002351826065579157,True,True,V,True,0.0,1.0,1.0,0.0,-0.05545299514166291,-0.05545299514166291,0.012121118890886518,V,A,V,0.012121118890886518,False,1
3,1w53,84,Y,False,train,train,expanded_context_s231301,all,1.2132997449476057,1.244713484047112,0.3164240168886005,False,0.0,0.9508771929824561,V,-0.017697255552016174,0.027174340244018932,0.03325407028227376,True,True,V,True,0.0,0.6666666666666666,0.8,0.0,-0.05545299514166291,-0.05545299514166291,0.012121118890886518,V,A,V,0.012121118890886518,False,1
3,1w53,84,Y,False,train,train,expanded_context_s231301,new,1.2353088543888593,1.4573508967409223,0.25136925654188735,False,0.048220371327973806,0.819298245614035,V,-0.031940140769202034,0.051747997337063055,0.06401766194048726,True,True,A,False,0.012121118890886518,0.6666666666666666,0.8,0.0,-0.05545299514166291,-0.05545299514166291,0.012121118890886518,V,A,V,0.012121118890886518,False,1
3,1w53,84,Y,False,train,train,expanded_context_s231301,old,1.0149285976642066,1.0152779903940157,0.39359989612620017,False,0.0,0.9964912280701754,V,-0.0034543703348303145,0.003679890131948693,0.004580728256431732,True,True,V,True,0.0,1.0,1.0,0.0,-0.05545299514166291,-0.05545299514166291,0.012121118890886518,V,A,V,0.012121118890886518,False,1
3,1w53,84,Y,False,train,train,expanded_aa_only_s231301,all,1.1819452732663394,1.2148230879267328,0.3164240168886005,False,0.0,0.9491228070175438,V,-0.01632004969744029,0.025012614224056647,0.031451144127894605,True,True,V,True,0.0,0.6666666666666666,0.8,0.0,-0.05545299514166291,-0.05545299514166291,0.012121118890886518,V,A,V,0.012121118890886518,False,1
3,1w53,84,Y,False,train,train,expanded_aa_only_s231301,new,1.1990189337295503,1.422354252012418,0.25136925654188735,False,0.048220371327973806,0.8157894736842105,V,-0.03056293491462615,0.04992835703707149,0.06228405982205026,True,True,A,False,0.012121118890886518,0.6666666666666666,0.8,0.0,-0.05545299514166291,-0.05545299514166291,0.012121118890886518,V,A,V,0.012121118890886518,False,1
3,1w53,84,Y,False,train,train,expanded_aa_only_s231301,old,0.9908197995103877,0.9908972299265483,0.39359989612620017,False,0.0,1.0,V,-0.0020771644802544294,0.0020771644802544294,0.002573432921107882,True,True,V,True,0.0,1.0,1.0,0.0,-0.05545299514166291,-0.05545299514166291,0.012121118890886518,V,A,V,0.012121118890886518,False,1
3,1w53,84,Y,False,train,train,expanded_context_s231303,all,1.176774684358604,1.2109308573278788,0.3164240168886005,False,0.0,0.9263157894736841,V,-0.019288126555987266,0.02695500340754266,0.03317639214316658,True,True,V,True,0.0,0.6666666666666666,0.8,0.0,-0.05545299514166291,-0.05545299514166291,0.012121118890886518,V,A,V,0.012121118890886518,False,1
3,1w53,84,Y,False,train,train,expanded_context_s231303,new,1.1959031328425258,1.4177971022536484,0.25136925654188735,False,0.048220371327973806,0.787719298245614,V,-0.03353101177317313,0.05159789287946462,0.06354460036336536,True,True,A,False,0.012121118890886518,0.6666666666666666,0.8,0.0,-0.05545299514166291,-0.05545299514166291,0.012121118890886518,V,A,V,0.012121118890886518,False,1
3,1w53,84,Y,False,train,train,expanded_context_s231303,old,0.9854518054233847,0.9877224462424301,0.39359989612620017,False,0.0,0.9631578947368421,V,-0.005045241338801407,0.007047780963363459,0.008426594029825719,True,True,V,True,0.0,1.0,1.0,0.0,-0.05545299514166291,-0.05545299514166291,0.012121118890886518,V,A,V,0.012121118890886518,False,1
3,1w53,84,Y,False,train,train,expanded_aa_only_s231303,all,1.1811538839188833,1.2142289936000765,0.3164240168886005,False,0.0,0.9385964912280702,V,-0.013528365503021346,0.024193964598552945,0.030112280568797525,True,True,V,True,0.0,0.6666666666666666,0.8,0.0,-0.05545299514166291,-0.05545299514166291,0.012121118890886518,V,A,V,0.012121118890886518,False,1
3,1w53,84,Y,False,train,train,expanded_aa_only_s231303,new,1.197782958427062,1.4216586671161362,0.25136925654188735,False,0.048220371327973806,0.7982456140350876,V,-0.027771250720207207,0.04910970741156779,0.06098179856631479,True,True,A,False,0.012121118890886518,0.6666666666666666,0.8,0.0,-0.05545299514166291,-0.05545299514166291,0.012121118890886518,V,A,V,0.012121118890886518,False,1
3,1w53,84,Y,False,train,train,expanded_aa_only_s231303,old,0.990366605958605,0.9904126437934319,0.39359989612620017,False,0.0,0.9964912280701754,V,0.0007145197141645152,0.001335356115727303,0.0015155384305079664,True,True,V,True,0.0,1.0,1.0,0.0,-0.05545299514166291,-0.05545299514166291,0.012121118890886518,V,A,V,0.012121118890886518,False,1
3,1w53,84,Y,False,train,train,legacy_baseline,old,0.998207258222323,0.9982290651419593,0.39359989612620017,False,0.0,0.9982456140350877,V,0.0007049334494181792,0.0007049334494181792,0.0009750946177945636,True,True,V,True,0.0,1.0,1.0,0.0,-0.05545299514166291,-0.05545299514166291,0.012121118890886518,V,A,V,0.012121118890886518,False,1
3,1w53,84,Y,False,train,train,legacy_baseline,new,1.0012320410881401,1.0012690477456359,0.25136925654188735,False,0.0,0.9964912280701754,A,0.0004736667765972147,0.0004894840528086513,0.0007620331010789788,True,True,A,True,0.0,1.0,1.0,0.0,-0.05545299514166291,-0.05545299514166291,0.012121118890886518,V,A,V,0.012121118890886518,False,1
3,1w53,84,Y,False,train,train,legacy_baseline,all,0.9991876130209895,0.999217658794288,0.3164240168886005,False,0.0,1.0,V,0.000589300113007697,0.000589300113007697,0.000859872200579812,True,True,V,True,0.0,1.0,1.0,0.0,-0.05545299514166291,-0.05545299514166291,0.012121118890886518,V,A,V,0.012121118890886518,False,1
3,1w53,84,Y,False,train,train,legacy_exact,old,1.0,1.0,0.39359989612620017,False,0.0,1.0,V,0.0,0.0,0.0,True,True,V,True,0.0,1.0,1.0,0.0,-0.05545299514166291,-0.05545299514166291,0.012121118890886518,V,A,V,0.012121118890886518,False,1
3,1w53,84,Y,False,train,train,legacy_exact,new,1.0,1.0,0.25136925654188735,False,0.0,1.0,A,0.0,0.0,0.0,True,True,A,True,0.0,1.0,1.0,0.0,-0.05545299514166291,-0.05545299514166291,0.012121118890886518,V,A,V,0.012121118890886518,False,1
3,1w53,84,Y,False,train,train,legacy_exact,all,1.0,1.0,0.3164240168886005,False,0.0,1.0,V,0.0,0.0,0.0,True,True,V,True,0.0,1.0,1.0,0.0,-0.05545299514166291,-0.05545299514166291,0.012121118890886518,V,A,V,0.012121118890886518,False,1
3,1w53,84,Y,False,train,train,legacy_expanded_s231301,old,0.11671591305333169,0.2623425762124084,0.39359989612620017,False,0.10644360823264325,0.6491228070175438,A,-0.016956187185782838,0.05947369456098306,0.09164066608343828,True,True,V,False,0.04189619314366633,0.6666666666666666,0.6,-0.012121118890886518,-0.06757411403254943,-0.05545299514166291,0.0,A,A,V,0.012121118890886518,False,1
3,1w53,84,Y,False,train,train,legacy_expanded_s231301,new,0.12222528758840029,0.37511646286282474,0.25136925654188735,False,0.062009929705652826,0.41754385964912283,H,-0.042879089713018424,0.05281954954694624,0.07785718605490674,True,True,A,False,0.015587389928324646,0.6666666666666666,0.6,-0.012121118890886518,-0.06757411403254943,-0.05545299514166291,0.0,A,A,V,0.012121118890886518,False,1
3,1w53,84,Y,False,train,train,legacy_expanded_s231301,all,0.10350590703473957,0.29004294046548806,0.3164240168886005,False,0.04704932726908393,0.524561403508772,A,-0.029917638449400635,0.050007412118555764,0.08099778982194604,True,True,V,False,0.014887537126389905,0.6666666666666666,0.6,-0.012121118890886518,-0.06757411403254943,-0.05545299514166291,0.0,A,A,V,0.012121118890886518,False,1
3,1w53,84,Y,False,train,train,legacy_expanded_s231303,old,0.6299545946995972,0.6739335438240212,0.39359989612620017,False,0.0,0.8894736842105263,V,0.014840097674743766,0.036700948565823635,0.045895444430210174,True,True,V,True,0.0,0.6666666666666666,0.8,0.0,-0.05545299514166291,-0.05545299514166291,0.012121118890886518,V,A,V,0.012121118890886518,False,1
3,1w53,84,Y,False,train,train,legacy_expanded_s231303,new,0.7453739966546951,0.7955809406508311,0.25136925654188735,False,0.062009929705652826,0.9350877192982456,H,0.00202164721472092,0.01922134365759698,0.025963989802117914,True,True,A,False,0.015587389928324646,1.0,0.8,0.0,-0.05545299514166291,-0.05545299514166291,0.012121118890886518,V,A,V,0.012121118890886518,False,1
3,1w53,84,Y,False,train,train,legacy_expanded_s231303,all,0.6613456262156665,0.7067088512528048,0.3164240168886005,False,0.0,0.9298245614035087,V,0.008430872444732344,0.027900333115492348,0.03482447583599284,True,True,V,True,0.0,0.6666666666666666,1.0,0.0,-0.05545299514166291,-0.05545299514166291,0.012121118890886518,V,A,V,0.012121118890886518,False,1
3,1w53,84,Y,False,train,train,legacy_oracle_r32,old,0.9931382513911935,0.9932180215015112,0.39359989612620017,False,0.0,0.9982456140350877,V,0.0008012180160272772,0.0012863958593602367,0.0016240121271774983,True,True,V,True,0.0,1.0,1.0,0.0,-0.05545299514166291,-0.05545299514166291,0.012121118890886518,V,A,V,0.012121118890886518,False,1
3,1w53,84,Y,False,train,train,legacy_oracle_r32,new,0.9907094488717652,0.9909970427232144,0.25136925654188735,False,0.0,0.9982456140350877,A,0.00038470341327452655,0.0013277277487890636,0.0018000443822831455,True,True,A,True,0.0,1.0,1.0,0.0,-0.05545299514166291,-0.05545299514166291,0.012121118890886518,V,A,V,0.012121118890886518,False,1
3,1w53,84,Y,False,train,train,legacy_oracle_r32,all,0.9909821250632516,0.991110125065436,0.3164240168886005,False,0.0,1.0,V,0.0005929607146509018,0.0012085660795924248,0.0015860883634484407,True,True,V,True,0.0,1.0,1.0,0.0,-0.05545299514166291,-0.05545299514166291,0.012121118890886518,V,A,V,0.012121118890886518,False,1
3,1w53,84,Y,False,train,train,legacy_restricted_s231301,old,0.9116586739736132,0.949361739137276,0.39359989612620017,False,0.0,0.9140350877192982,V,0.029425224669653145,0.03250666812921801,0.04028434285503451,True,True,V,True,0.0,0.6666666666666666,0.8,0.0,-0.05545299514166291,-0.05545299514166291,0.012121118890886518,V,A,V,0.012121118890886518,False,1
3,1w53,84,Y,False,train,train,legacy_restricted_s231301,new,1.013108089189716,1.0408678664239388,0.25136925654188735,False,0.062009929705652826,0.9543859649122807,H,0.013047356526843383,0.014808191004439723,0.020969208278949318,True,True,A,False,0.015587389928324646,1.0,0.8,0.0,-0.05545299514166291,-0.05545299514166291,0.012121118890886518,V,A,V,0.012121118890886518,False,1
3,1w53,84,Y,False,train,train,legacy_restricted_s231301,all,0.9616211524595144,0.9934666563971002,0.3164240168886005,False,0.0,0.9403508771929823,V,0.021236290598248265,0.022911220651570835,0.02937104022046476,True,True,V,True,0.0,0.6666666666666666,1.0,0.0,-0.05545299514166291,-0.05545299514166291,0.012121118890886518,V,A,V,0.012121118890886518,False,1
3,1w53,84,Y,False,train,train,legacy_restricted_s231303,old,0.7528009218516846,0.8021827290929618,0.39359989612620017,False,0.0,0.9192982456140351,V,0.015460783542732743,0.03107947217100107,0.039721636612746206,True,True,V,True,0.0,0.6666666666666666,0.8,0.0,-0.05545299514166291,-0.05545299514166291,0.012121118890886518,V,A,V,0.012121118890886518,False,1
3,1w53,84,Y,False,train,train,legacy_restricted_s231303,new,0.8344765121792493,0.8725707985931386,0.25136925654188735,False,0.062009929705652826,0.9578947368421052,H,0.0004226035639769421,0.01563463686269198,0.020873124350403883,True,True,A,False,0.015587389928324646,1.0,0.8,0.0,-0.05545299514166291,-0.05545299514166291,0.012121118890886518,V,A,V,0.012121118890886518,False,1
3,1w53,84,Y,False,train,train,legacy_restricted_s231303,all,0.7769972765532313,0.8212341215616008,0.3164240168886005,False,0.0,0.9368421052631579,V,0.007941693553354843,0.022505126004230974,0.028999578037935136,True,True,V,True,0.0,0.6666666666666666,1.0,0.0,-0.05545299514166291,-0.05545299514166291,0.012121118890886518,V,A,V,0.012121118890886518,False,1
3,1w53,84,Y,False,train,train,legacy_wt_z,old,0.11629807810602494,0.26133472408325,0.39359989612620017,False,0.10644360823264325,0.6491228070175438,A,-0.017010750503815442,0.05949578689984949,0.09166708310030922,True,True,V,False,0.04189619314366633,0.6666666666666666,0.6,-0.012121118890886518,-0.06757411403254943,-0.05545299514166291,0.0,A,A,V,0.012121118890886518,False,1
3,1w53,84,Y,False,train,train,legacy_wt_z,new,0.12148373437681946,0.3733437589175223,0.25136925654188735,False,0.062009929705652826,0.41754385964912283,H,-0.04323825849580267,0.05293684420681026,0.07806028821648367,True,True,A,False,0.015587389928324646,0.6666666666666666,0.6,-0.012121118890886518,-0.06757411403254943,-0.05545299514166291,0.0,A,A,V,0.012121118890886518,False,1
3,1w53,84,Y,False,train,train,legacy_wt_z,all,0.10304989907849617,0.2887943322737683,0.3164240168886005,False,0.04704932726908393,0.524561403508772,A,-0.030124504499809055,0.050090427436450716,0.08108196611698795,True,True,V,False,0.014887537126389905,0.6666666666666666,0.6,-0.012121118890886518,-0.06757411403254943,-0.05545299514166291,0.0,A,A,V,0.012121118890886518,False,1
7,2p7t,44,A,False,train,train,restricted_context_s231301,all,0.9140234840417465,0.9736991782708071,0.11339192090521805,False,0.15519713751764666,0.8210526315789475,D,-0.012601841878175334,0.013755288389975546,0.01680174969731304,False,True,N,False,0.017598101542117238,0.3333333333333333,0.4,0.031984396189327774,0.03471346163219688,0.0027290654428691052,0.03977088143158755,D,S,N,0.0077864852422597775,False,0
7,2p7t,44,A,False,train,train,restricted_context_s231301,new,0.8237410241600411,1.052932668438454,0.10216252979041132,False,0.3892902957001788,0.6912280701754386,D,-0.0186466826219431,0.019278982456662572,0.027448477752588137,True,True,S,False,0.03977088143158755,0.3333333333333333,0.4,0.031984396189327774,0.03471346163219688,0.0027290654428691052,0.03977088143158755,D,S,N,0.0077864852422597775,False,0
7,2p7t,44,A,False,train,train,restricted_context_s231301,old,0.796330419121572,0.8197146677453874,0.13811867060138172,False,0.02325396617938901,0.8754385964912281,D,-0.006557001134407564,0.00987188302172009,0.012572159973618402,False,True,N,False,0.003211806894906702,0.3333333333333333,0.8,0.031984396189327774,0.03471346163219688,0.0027290654428691052,0.03977088143158755,D,S,N,0.0077864852422597775,False,0
7,2p7t,44,A,False,train,train,restricted_aa_only_s231301,all,1.0680679293530873,1.916826009440369,0.11339192090521805,False,0.005891487813106579,0.45438596491228067,S,0.00942818472472658,0.041659719479225046,0.05196060735976158,False,False,N,False,0.0006680471201178373,0.3333333333333333,0.4,-0.0077864852422597775,-0.005057419799390672,0.0027290654428691052,0.0,S,S,N,0.0077864852422597775,False,0
7,2p7t,44,A,False,train,train,restricted_aa_only_s231301,new,0.9962786279974276,2.0728052052344967,0.10216252979041132,False,0.0,0.39649122807017545,S,0.0033833439809588103,0.044023611523949076,0.05401903258439117,True,True,S,True,0.0,0.3333333333333333,0.4,-0.0077864852422597775,-0.005057419799390672,0.0027290654428691052,0.0,S,S,N,0.0077864852422597775,False,0
7,2p7t,44,A,False,train,train,restricted_aa_only_s231301,old,0.9101095306799551,1.6136918162388854,0.13811867060138172,False,0.06604885091041551,0.45789473684210524,S,0.015473025468494349,0.04116095086223776,0.053184904856466236,False,False,N,False,0.009122579482495452,0.0,0.4,-0.0077864852422597775,-0.005057419799390672,0.0027290654428691052,0.0,S,S,N,0.0077864852422597775,False,0
7,2p7t,44,A,False,train,train,restricted_context_s231303,all,1.1250078985835659,1.1766081765066578,0.11339192090521805,False,0.0,0.9140350877192982,N,-0.006652369595725864,0.010594409753389898,0.013509498201997034,True,True,N,True,0.0,0.6666666666666666,0.6,0.0,0.0027290654428691052,0.0027290654428691052,0.0077864852422597775,N,S,N,0.0077864852422597775,True,0
7,2p7t,44,A,False,train,train,restricted_context_s231303,new,0.9982253488992726,1.272353119570053,0.10216252979041132,False,0.07621664477410577,0.7719298245614035,N,-0.012697210339493628,0.021105786699017758,0.026623174020189343,False,True,S,False,0.0077864852422597775,0.3333333333333333,0.6,0.0,0.0027290654428691052,0.0027290654428691052,0.0077864852422597775,N,S,N,0.0077864852422597775,True,0
7,2p7t,44,A,False,train,train,restricted_context_s231303,old,0.9896388752296764,0.990534861274595,0.13811867060138172,False,0.0,0.9964912280701754,N,-0.0006075288519580944,0.0013593766134937155,0.0017607498358650244,True,True,N,True,0.0,1.0,1.0,0.0,0.0027290654428691052,0.0027290654428691052,0.0077864852422597775,N,S,N,0.0077864852422597775,True,0
7,2p7t,44,A,False,train,train,restricted_aa_only_s231303,all,0.9789068578322802,1.7311414761505812,0.11339192090521805,False,0.005891487813106579,0.4912280701754386,S,0.004978248028643441,0.03663047266771513,0.04606960613381654,False,False,N,False,0.0006680471201178373,0.3333333333333333,0.4,-0.0077864852422597775,-0.005057419799390672,0.0027290654428691052,0.0,S,S,N,0.0077864852422597775,False,0
7,2p7t,44,A,False,train,train,restricted_aa_only_s231303,new,0.9083412671301201,1.8720108372328952,0.10216252979041132,False,0.0,0.4350877192982456,S,-0.0010665927151243275,0.038477586777923546,0.04863779467674215,True,True,S,True,0.0,0.3333333333333333,0.4,-0.0077864852422597775,-0.005057419799390672,0.0027290654428691052,0.0,S,S,N,0.0077864852422597775,False,0
7,2p7t,44,A,False,train,train,restricted_aa_only_s231303,old,0.8370251075531069,1.4573721449196564,0.13811867060138172,False,0.06604885091041551,0.4859649122807017,S,0.01102308877241121,0.03616851120230285,0.04718116890441893,False,False,N,False,0.009122579482495452,0.0,0.4,-0.0077864852422597775,-0.005057419799390672,0.0027290654428691052,0.0,S,S,N,0.0077864852422597775,False,0
7,2p7t,44,A,False,train,train,expanded_context_s231301,all,1.1885756213948706,1.2343334755394566,0.11339192090521805,False,0.0,0.9245614035087718,N,-0.004500440995679471,0.010584385092167132,0.013072460857745936,True,True,N,True,0.0,0.6666666666666666,0.6,0.0,0.0027290654428691052,0.0027290654428691052,0.0077864852422597775,N,S,N,0.0077864852422597775,True,0
7,2p7t,44,A,False,train,train,expanded_context_s231301,new,1.0661330297815574,1.33477573889993,0.10216252979041132,False,0.07621664477410577,0.787719298245614,N,-0.010545281739447238,0.021095762037794993,0.02612407087126641,False,False,S,False,0.0077864852422597775,0.3333333333333333,0.6,0.0,0.0027290654428691052,0.0027290654428691052,0.0077864852422597775,N,S,N,0.0077864852422597775,True,0
7,2p7t,44,A,False,train,train,expanded_context_s231301,old,1.0385855968304256,1.0391312608332415,0.13811867060138172,False,0.0,0.9964912280701754,N,0.0015443997480882972,0.0019614292075186843,0.0024883605892053436,True,True,N,True,0.0,1.0,0.8,0.0,0.0027290654428691052,0.0027290654428691052,0.0077864852422597775,N,S,N,0.0077864852422597775,True,0
7,2p7t,44,A,False,train,train,expanded_aa_only_s231301,all,0.7406373698266159,0.9293439159634681,0.11339192090521805,False,0.3101216200301064,0.6263157894736843,Q,-0.005774862630628529,0.01619904560564744,0.02065774036166865,False,False,N,False,0.03516528620945191,0.3333333333333333,0.4,0.05166428406191803,0.054393349504787136,0.0027290654428691052,0.05945076930417781,Q,S,N,0.0077864852422597775,False,0
7,2p7t,44,A,False,train,train,expanded_aa_only_s231301,new,0.612283582091954,1.0049680549902902,0.10216252979041132,False,0.5819234256056733,0.5157894736842105,Q,-0.011819703374396296,0.021872122612524275,0.028820872443124257,False,False,S,False,0.05945076930417781,0.0,0.4,0.05166428406191803,0.054393349504787136,0.0027290654428691052,0.05945076930417781,Q,S,N,0.0077864852422597775,False,0
7,2p7t,44,A,False,train,train,expanded_aa_only_s231301,old,0.6787238056125189,0.7823739161904879,0.13811867060138172,False,0.13514674211466857,0.6771929824561403,Q,0.0002699781131392396,0.013660755970403416,0.019228165197741825,False,False,N,False,0.01866628835698579,0.3333333333333333,0.4,0.05166428406191803,0.054393349504787136,0.0027290654428691052,0.05945076930417781,Q,S,N,0.0077864852422597775,False,0
7,2p7t,44,A,False,train,train,expanded_context_s231303,all,1.101117494301632,1.2247458101663524,0.11339192090521805,False,0.17322428711362936,0.6578947368421053,E,-0.007789824528477487,0.013512788114477977,0.019157363020057036,False,False,N,False,0.01964223466325144,0.0,0.2,0.03219522051752266,0.034924285960391765,0.0027290654428691052,0.03998170575978244,E,S,N,0.0077864852422597775,False,0
7,2p7t,44,A,False,train,train,expanded_context_s231303,new,0.9185690698664053,1.324407889865359,0.10216252979041132,False,0.3913539126508103,0.46140350877192987,E,-0.013834665272245254,0.02234541945076695,0.03159179958832833,False,True,S,False,0.03998170575978244,0.0,0.2,0.03219522051752266,0.034924285960391765,0.0027290654428691052,0.03998170575978244,E,S,N,0.0077864852422597775,False,0
7,2p7t,44,A,False,train,train,expanded_context_s231303,old,1.004053012883438,1.0310598255160985,0.13811867060138172,False,0.05132723025868237,0.8263157894736841,E,-0.0017449837847097187,0.007755238017401127,0.009102080316590093,False,False,N,False,0.0070892488089802225,0.3333333333333333,0.6,0.03219522051752266,0.034924285960391765,0.0027290654428691052,0.03998170575978244,E,S,N,0.0077864852422597775,False,0
7,2p7t,44,A,False,train,train,expanded_aa_only_s231303,all,0.7312973664584377,0.9184473122514069,0.11339192090521805,False,0.3101216200301064,0.612280701754386,Q,-0.005619193512877732,0.01594053947238959,0.020578437629844796,False,False,N,False,0.03516528620945191,0.3333333333333333,0.4,0.05166428406191803,0.054393349504787136,0.0027290654428691052,0.05945076930417781,Q,S,N,0.0077864852422597775,False,0
7,2p7t,44,A,False,train,train,expanded_aa_only_s231303,new,0.6038118234025431,0.9931847544807503,0.10216252979041132,False,0.5819234256056733,0.4929824561403509,Q,-0.0116640342566455,0.021642090524277003,0.028656231321980117,False,False,S,False,0.05945076930417781,0.0,0.4,0.05166428406191803,0.054393349504787136,0.0027290654428691052,0.05945076930417781,Q,S,N,0.0077864852422597775,False,0
7,2p7t,44,A,False,train,train,expanded_aa_only_s231303,old,0.6706193728207204,0.7732005430474111,0.13811867060138172,False,0.13514674211466857,0.6701754385964912,Q,0.00042564723089003563,0.013732693943879676,0.01930401897394041,False,False,N,False,0.01866628835698579,0.3333333333333333,0.4,0.05166428406191803,0.054393349504787136,0.0027290654428691052,0.05945076930417781,Q,S,N,0.0077864852422597775,False,0
7,2p7t,44,A,False,train,train,legacy_baseline,old,1.0029240945488778,1.0029289427499501,0.13811867060138172,False,0.0,1.0,N,0.00010459472344184469,0.00012435737068788137,0.00019356390869521188,True,True,N,True,0.0,1.0,1.0,0.0,0.0027290654428691052,0.0027290654428691052,0.0077864852422597775,N,S,N,0.0077864852422597775,True,0
7,2p7t,44,A,False,train,train,legacy_baseline,new,1.007418353882901,1.0074305384038222,0.10216252979041132,False,0.0,1.0,S,0.00022215064015396045,0.00024646756160747125,0.0003454878143710376,True,True,S,True,0.0,1.0,1.0,0.0,0.0027290654428691052,0.0027290654428691052,0.0077864852422597775,N,S,N,0.0077864852422597775,True,0
7,2p7t,44,A,False,train,train,legacy_baseline,all,1.0056117327565384,1.005616360723072,0.11339192090521805,False,0.0,1.0,N,0.00016337268179790257,0.00018316800458416016,0.00026203507876518733,True,True,N,True,0.0,1.0,1.0,0.0,0.0027290654428691052,0.0027290654428691052,0.0077864852422597775,N,S,N,0.0077864852422597775,True,0
7,2p7t,44,A,False,train,train,legacy_exact,old,1.0,1.0,0.13811867060138172,False,0.0,1.0,N,0.0,0.0,0.0,True,True,N,True,0.0,1.0,1.0,0.0,0.0027290654428691052,0.0027290654428691052,0.0077864852422597775,N,S,N,0.0077864852422597775,True,0
7,2p7t,44,A,False,train,train,legacy_exact,new,1.0,1.0,0.10216252979041132,False,0.0,1.0,S,0.0,0.0,0.0,True,True,S,True,0.0,1.0,1.0,0.0,0.0027290654428691052,0.0027290654428691052,0.0077864852422597775,N,S,N,0.0077864852422597775,True,0
7,2p7t,44,A,False,train,train,legacy_exact,all,1.0,1.0,0.11339192090521805,False,0.0,1.0,N,0.0,0.0,0.0,True,True,N,True,0.0,1.0,1.0,0.0,0.0027290654428691052,0.0027290654428691052,0.0077864852422597775,N,S,N,0.0077864852422597775,True,0
7,2p7t,44,A,False,train,train,legacy_expanded_s231301,old,0.015584452912885733,0.1184399171588182,0.13811867060138172,False,0.15922299264204126,0.13333333333333333,K,-0.02998274702147475,0.03133956904219472,0.04822466183528963,True,True,N,False,0.021991668072892323,0.3333333333333333,0.4,0.042596814205377614,0.04532587964824672,0.0027290654428691052,0.05038329944763739,K,S,N,0.0077864852422597775,False,0
7,2p7t,44,A,False,train,train,legacy_expanded_s231301,new,-0.0763112286121537,0.3108951655955303,0.10216252979041132,False,0.3018582729328441,-0.2543859649122807,H,-0.041973969948806686,0.0421455951474205,0.053486880950416475,False,False,S,False,0.0308386048009838,0.0,0.2,0.042596814205377614,0.04532587964824672,0.0027290654428691052,0.05038329944763739,K,S,N,0.0077864852422597775,False,0
7,2p7t,44,A,False,train,train,legacy_expanded_s231301,all,-0.0634772648054895,0.16727871120341392,0.11339192090521805,False,0.29011788138890865,-0.28947368421052627,H,-0.03597835848514072,0.0361910151001846,0.049825337797944166,True,True,N,False,0.03289702385964056,0.3333333333333333,0.2,0.042596814205377614,0.04532587964824672,0.0027290654428691052,0.05038329944763739,K,S,N,0.0077864852422597775,False,0
7,2p7t,44,A,False,train,train,legacy_expanded_s231303,old,0.2922908304433484,0.31208463163411776,0.13811867060138172,False,0.0,0.887719298245614,N,-0.020821016142665,0.0222407689233462,0.034320301220096945,True,True,N,True,0.0,1.0,0.6,0.0,0.0027290654428691052,0.0027290654428691052,0.0077864852422597775,N,S,N,0.0077864852422597775,True,0
7,2p7t,44,A,False,train,train,legacy_expanded_s231303,new,0.2067996854666796,0.41129080018251063,0.10216252979041132,False,0.3018582729328441,0.4929824561403509,H,-0.031255300990799484,0.03142615805481479,0.04051649234503116,False,True,S,False,0.0308386048009838,0.3333333333333333,0.6,0.0,0.0027290654428691052,0.0027290654428691052,0.0077864852422597775,N,S,N,0.0077864852422597775,True,0
7,2p7t,44,A,False,train,train,legacy_expanded_s231303,all,0.20642745608449886,0.26340253003511066,0.11339192090521805,False,0.0,0.7824561403508771,N,-0.02603815856673224,0.026268677727059396,0.036788258121976176,True,True,N,True,0.0,0.3333333333333333,0.6,0.0,0.0027290654428691052,0.0027290654428691052,0.0077864852422597775,N,S,N,0.0077864852422597775,True,0
7,2p7t,44,A,False,train,train,legacy_oracle_r32,old,0.9370324506673554,0.9375122936611154,0.13811867060138172,False,0.0,1.0,N,-0.0017790773497701109,0.001985210358103344,0.0031978046835458647,True,True,N,True,0.0,1.0,1.0,0.0,0.0027290654428691052,0.0027290654428691052,0.0077864852422597775,N,S,N,0.0077864852422597775,True,0
7,2p7t,44,A,False,train,train,legacy_oracle_r32,new,0.9085733998785405,0.9125595967269937,0.10216252979041132,False,0.0,0.9964912280701754,S,-0.0026119134562872792,0.00302720432771954,0.004534530364125987,True,True,S,True,0.0,1.0,1.0,0.0,0.0027290654428691052,0.0027290654428691052,0.0077864852422597775,N,S,N,0.0077864852422597775,True,0
7,2p7t,44,A,False,train,train,legacy_oracle_r32,all,0.9276812914319047,0.9291548101314457,0.11339192090521805,False,0.0,0.9982456140350877,N,-0.002195495403028695,0.0023854088192609073,0.00360765453837446,True,True,N,True,0.0,1.0,1.0,0.0,0.0027290654428691052,0.0027290654428691052,0.0077864852422597775,N,S,N,0.0077864852422597775,True,0
7,2p7t,44,A,False,train,train,legacy_restricted_s231301,old,0.33532429206608616,0.34689485285248517,0.13811867060138172,False,0.0,0.9315789473684211,N,-0.017881121839994168,0.020329055266982223,0.031184465831731588,True,True,N,True,0.0,1.0,0.6,0.0,0.0027290654428691052,0.0027290654428691052,0.0077864852422597775,N,S,N,0.0077864852422597775,True,0
7,2p7t,44,A,False,train,train,legacy_restricted_s231301,new,0.31262314151485837,0.4862383177973385,0.10216252979041132,False,0.3018582729328441,0.6578947368421053,H,-0.024060495398633364,0.02477008998359499,0.03341533144187099,True,True,S,False,0.0308386048009838,0.3333333333333333,0.6,0.0,0.0027290654428691052,0.0027290654428691052,0.0077864852422597775,N,S,N,0.0077864852422597775,True,0
7,2p7t,44,A,False,train,train,legacy_restricted_s231301,all,0.27937376447809775,0.33130837200789953,0.11339192090521805,False,0.0,0.8368421052631579,N,-0.020970808619313764,0.021766913318500884,0.03172735664711557,True,True,N,True,0.0,0.6666666666666666,0.8,0.0,0.0027290654428691052,0.0027290654428691052,0.0077864852422597775,N,S,N,0.0077864852422597775,True,0
7,2p7t,44,A,False,train,train,legacy_restricted_s231303,old,0.3746438782554758,0.38517853688536846,0.13811867060138172,False,0.0,0.8543859649122807,N,-0.01764619500019844,0.019923687036822936,0.02984390309930926,True,True,N,True,0.0,0.6666666666666666,0.6,0.0,0.0027290654428691052,0.0027290654428691052,0.0077864852422597775,N,S,N,0.0077864852422597775,True,0
7,2p7t,44,A,False,train,train,legacy_restricted_s231303,new,0.3175142193637618,0.4333723479667387,0.10216252979041132,False,0.3018582729328441,0.7070175438596492,H,-0.02674821427629721,0.02727352838937587,0.034666539732730844,True,True,S,False,0.0308386048009838,0.3333333333333333,0.6,0.0,0.0027290654428691052,0.0027290654428691052,0.0077864852422597775,N,S,N,0.0077864852422597775,True,0
7,2p7t,44,A,False,train,train,legacy_restricted_s231303,all,0.3081682541839414,0.3311387526386592,0.11339192090521805,False,0.0,0.8596491228070176,N,-0.022197204638247824,0.02284124176220136,0.03162604840545052,True,True,N,True,0.0,0.3333333333333333,0.6,0.0,0.0027290654428691052,0.0027290654428691052,0.0077864852422597775,N,S,N,0.0077864852422597775,True,0
7,2p7t,44,A,False,train,train,legacy_wt_z,old,0.015434328250522383,0.1185657018263976,0.13811867060138172,False,0.15922299264204126,0.13333333333333333,K,-0.0297328117136956,0.031279994175424354,0.04807465108725349,True,True,N,False,0.021991668072892323,0.3333333333333333,0.4,0.042596814205377614,0.04532587964824672,0.0027290654428691052,0.05038329944763739,K,S,N,0.0077864852422597775,False,0
7,2p7t,44,A,False,train,train,legacy_wt_z,new,-0.07897052070552146,0.3123730834856633,0.10216252979041132,False,0.3018582729328441,-0.26842105263157895,H,-0.04159354241836468,0.0418213638206732,0.05324043901905784,False,False,S,False,0.0308386048009838,0.0,0.2,0.042596814205377614,0.04532587964824672,0.0027290654428691052,0.05038329944763739,K,S,N,0.0077864852422597775,False,0
7,2p7t,44,A,False,train,train,legacy_wt_z,all,-0.06475470065719514,0.16797229751610754,0.11339192090521805,False,0.29011788138890865,-0.28947368421052627,H,-0.035663177066030144,0.03591877531170693,0.04962712660004717,True,True,N,False,0.03289702385964056,0.3333333333333333,0.2,0.042596814205377614,0.04532587964824672,0.0027290654428691052,0.05038329944763739,K,S,N,0.0077864852422597775,False,0
7,2p7t,86,T,False,train,train,restricted_context_s231301,all,0.4898313137204043,1.1439252869565524,0.039833543542293244,False,0.1982632056110241,0.5280701754385965,D,-0.01665890339763625,0.017702627514197516,0.02022717972633711,False,True,K,False,0.007897526033541366,0.3333333333333333,0.4,-0.07439173325550258,0.0031216102890373187,0.0775133435445399,0.008593529399471056,D,K,P,0.08298526265497363,True,0
7,2p7t,86,T,False,train,train,restricted_context_s231301,new,0.038428141234086555,0.6290470612474183,0.08298526265497363,False,0.1035548858259354,0.37543859649122807,D,-0.019051058197373474,0.021560229265149496,0.028194141578242127,False,True,K,False,0.008593529399471056,0.3333333333333333,0.6,-0.07439173325550258,0.0031216102890373187,0.0775133435445399,0.008593529399471056,D,K,P,0.08298526265497363,True,0
7,2p7t,86,T,False,train,train,restricted_context_s231301,old,0.8997193540809078,1.1751222326512918,0.03662034048081911,False,0.287263802025784,0.7070175438596492,D,-0.014266748597899025,0.01434273306422118,0.016065935505170558,False,True,P,False,0.010519698237998823,0.0,0.4,-0.07439173325550258,0.0031216102890373187,0.0775133435445399,0.008593529399471056,D,K,P,0.08298526265497363,True,0
7,2p7t,86,T,False,train,train,restricted_aa_only_s231301,all,1.1433278422274016,6.307498649434453,0.039833543542293244,False,0.20373642142805623,0.15789473684210528,V,-0.07977558740220263,0.08689297650708572,0.1008817453016994,False,True,K,False,0.008115543614105485,0.0,0.4,-0.0802115536587576,-0.0026982101142176973,0.0775133435445399,0.00277370899621604,V,K,P,0.08298526265497363,False,0
7,2p7t,86,T,False,train,train,restricted_aa_only_s231301,new,0.7248536426498063,3.4685075454578187,0.08298526265497363,False,0.03342411540887978,0.2263157894736842,V,-0.08216774220193987,0.08925093698995909,0.1026871991956019,False,True,K,False,0.00277370899621604,0.3333333333333333,0.4,-0.0802115536587576,-0.0026982101142176973,0.0775133435445399,0.00277370899621604,V,K,P,0.08298526265497363,False,0
7,2p7t,86,T,False,train,train,restricted_aa_only_s231301,old,-0.11651100107211167,6.4795157340113425,0.03662034048081911,False,0.45809387848725014,-0.02280701754385965,V,-0.07738343260246541,0.08453501602421237,0.10022144728162653,False,False,P,False,0.016775553802382076,0.0,0.4,-0.0802115536587576,-0.0026982101142176973,0.0775133435445399,0.00277370899621604,V,K,P,0.08298526265497363,False,0
7,2p7t,86,T,False,train,train,restricted_context_s231303,all,0.44001573085678836,1.0143925381244765,0.039833543542293244,False,1.0,0.5789473684210525,P,-0.005684936855029368,0.00770308965262893,0.01208784973745569,True,True,K,False,0.039833543542293244,0.6666666666666666,0.6,0.0,0.0775133435445399,0.0775133435445399,0.08298526265497363,P,K,P,0.08298526265497363,False,0
7,2p7t,86,T,False,train,train,restricted_context_s231303,new,-0.022551668221670266,0.5578167143731892,0.08298526265497363,False,1.0,0.2631578947368421,P,-0.008077091654766591,0.013059006587312967,0.022571269104152,True,True,K,False,0.08298526265497363,0.3333333333333333,0.2,0.0,0.0775133435445399,0.0775133435445399,0.08298526265497363,P,K,P,0.08298526265497363,False,0
7,2p7t,86,T,False,train,train,restricted_context_s231303,old,1.0073868195686357,1.0420568876111576,0.03662034048081911,False,0.0,0.9649122807017543,P,-0.003292782055292145,0.0035512247701919224,0.004185252346722201,True,True,P,True,0.0,0.6666666666666666,1.0,0.0,0.0775133435445399,0.0775133435445399,0.08298526265497363,P,K,P,0.08298526265497363,False,0
7,2p7t,86,T,False,train,train,restricted_aa_only_s231303,all,0.9946653774552846,5.75253986364216,0.039833543542293244,False,0.20373642142805623,0.14736842105263157,V,-0.06923337387755989,0.07702139434956798,0.0892905749160518,False,True,K,False,0.008115543614105485,0.0,0.2,-0.0802115536587576,-0.0026982101142176973,0.0775133435445399,0.00277370899621604,V,K,P,0.08298526265497363,False,0
7,2p7t,86,T,False,train,train,restricted_aa_only_s231303,new,0.652297999397851,3.163334474019862,0.08298526265497363,False,0.03342411540887978,0.23333333333333334,V,-0.07162552867729713,0.07937935483244135,0.09114814649235507,False,True,K,False,0.00277370899621604,0.3333333333333333,0.6,-0.0802115536587576,-0.0026982101142176973,0.0775133435445399,0.00277370899621604,V,K,P,0.08298526265497363,False,0
7,2p7t,86,T,False,train,train,restricted_aa_only_s231303,old,-0.17707000250020555,5.90942220183256,0.03662034048081911,False,0.45809387848725014,-0.03859649122807017,V,-0.06684121907782266,0.07466343386669463,0.08872640662347074,False,False,P,False,0.016775553802382076,0.0,0.2,-0.0802115536587576,-0.0026982101142176973,0.0775133435445399,0.00277370899621604,V,K,P,0.08298526265497363,False,0
7,2p7t,86,T,False,train,train,expanded_context_s231301,all,0.3936797517568054,0.9146530228783317,0.039833543542293244,False,1.0,0.5912280701754385,P,-0.00045944997932159453,0.005413010741569377,0.010204461527633704,True,True,K,False,0.039833543542293244,0.3333333333333333,0.6,0.0,0.0775133435445399,0.0775133435445399,0.08298526265497363,P,K,P,0.08298526265497363,False,0
7,2p7t,86,T,False,train,train,expanded_context_s231301,new,-0.024028456662613183,0.5029697329564627,0.08298526265497363,False,1.0,0.32807017543859646,P,-0.0028516047790588177,0.01154368527147586,0.020839039510465167,True,True,K,False,0.08298526265497363,0.3333333333333333,0.2,0.0,0.0775133435445399,0.0775133435445399,0.08298526265497363,P,K,P,0.08298526265497363,False,0
7,2p7t,86,T,False,train,train,expanded_context_s231301,old,0.9147449546110523,0.9395972924120362,0.03662034048081911,False,0.0,0.9701754385964911,P,0.0019327048204156288,0.0024529747447951185,0.002956823641402977,True,True,P,True,0.0,0.6666666666666666,1.0,0.0,0.0775133435445399,0.0775133435445399,0.08298526265497363,P,K,P,0.08298526265497363,False,0
7,2p7t,86,T,False,train,train,expanded_aa_only_s231301,all,0.08656882318125131,2.554949291353833,0.039833543542293244,False,0.24819023696414183,0.007017543859649123,C,0.01859470685905546,0.02657387218220937,0.03277490662675215,False,False,K,False,0.009886296610883222,0.0,0.0,-0.07913163340506649,-0.0016182898605265894,0.0775133435445399,0.003853629249907148,C,K,P,0.08298526265497363,True,0
7,2p7t,86,T,False,train,train,expanded_aa_only_s231301,new,0.1416799900082174,1.404972301677378,0.08298526265497363,False,0.04643751344054081,0.2,C,0.016202552059318233,0.026741490798766403,0.03381985587601996,False,False,K,False,0.003853629249907148,0.3333333333333333,0.4,-0.07913163340506649,-0.0016182898605265894,0.0775133435445399,0.003853629249907148,C,K,P,0.08298526265497363,True,0
7,2p7t,86,T,False,train,train,expanded_aa_only_s231301,old,-0.3117240184693224,2.6246274558318996,0.03662034048081911,False,0.5253129624046617,-0.11929824561403508,C,0.020986861658792683,0.029792526979266213,0.03520444092635271,False,False,P,False,0.019237139542246443,0.0,0.0,-0.07913163340506649,-0.0016182898605265894,0.0775133435445399,0.003853629249907148,C,K,P,0.08298526265497363,True,0
7,2p7t,86,T,False,train,train,expanded_context_s231303,all,0.23723189172046658,1.1554503598693355,0.039833543542293244,False,0.40468812126226505,0.3245614035087719,L,-0.00013032438026824928,0.009549773106889908,0.013575651681200656,False,True,K,False,0.016120161899349283,0.0,0.4,-0.061091551712906755,0.016421791831633142,0.0775133435445399,0.02189371094206688,L,K,P,0.08298526265497363,True,0
7,2p7t,86,T,False,train,train,expanded_context_s231303,new,-0.08550666218092631,0.6353847244926611,0.08298526265497363,False,0.2638264945077535,0.07543859649122807,L,-0.0025224791800054725,0.014668353220211825,0.022850388296760324,False,True,K,False,0.02189371094206688,0.0,0.4,-0.061091551712906755,0.016421791831633142,0.0775133435445399,0.02189371094206688,L,K,P,0.08298526265497363,True,0
7,2p7t,86,T,False,train,train,expanded_context_s231303,old,0.7990963162549488,1.1869616154913818,0.03662034048081911,False,0.3731474980189257,0.6421052631578947,L,0.002261830419468974,0.006442070586391764,0.009011253822472568,True,True,P,False,0.013664788427018834,0.3333333333333333,0.4,-0.061091551712906755,0.016421791831633142,0.0775133435445399,0.02189371094206688,L,K,P,0.08298526265497363,True,0
7,2p7t,86,T,False,train,train,expanded_aa_only_s231303,all,0.08953616397981624,2.5064837038485455,0.039833543542293244,False,0.24819023696414183,0.02631578947368421,C,0.01873290839618699,0.026146051872182136,0.032472595174685516,False,False,K,False,0.009886296610883222,0.0,0.2,-0.07913163340506649,-0.0016182898605265894,0.0775133435445399,0.003853629249907148,C,K,P,0.08298526265497363,True,0
7,2p7t,86,T,False,train,train,expanded_aa_only_s231303,new,0.1406386936495556,1.3783209672419425,0.08298526265497363,False,0.04643751344054081,0.21052631578947367,C,0.01634075359644976,0.026557078611684642,0.03353604479689835,False,False,K,False,0.003853629249907148,0.3333333333333333,0.6,-0.07913163340506649,-0.0016182898605265894,0.0775133435445399,0.003853629249907148,C,K,P,0.08298526265497363,True,0
7,2p7t,86,T,False,train,train,expanded_aa_only_s231303,old,-0.30182731363627613,2.5748401226508184,0.03662034048081911,False,0.5253129624046617,-0.10350877192982455,C,0.02112506319592421,0.029370313427206068,0.03491445084439422,False,False,P,False,0.019237139542246443,0.0,0.0,-0.07913163340506649,-0.0016182898605265894,0.0775133435445399,0.003853629249907148,C,K,P,0.08298526265497363,True,0
7,2p7t,86,T,False,train,train,legacy_baseline,old,0.9903920236880749,0.990809075175151,0.03662034048081911,False,0.0,1.0,P,8.586355258889677e-05,0.00019664559643045075,0.00030591740070317724,True,True,P,True,0.0,1.0,1.0,0.0,0.0775133435445399,0.0775133435445399,0.08298526265497363,P,K,P,0.08298526265497363,False,0
7,2p7t,86,T,False,train,train,legacy_baseline,new,1.0123444316432875,1.0125095255924417,0.08298526265497363,False,0.0,0.9964912280701754,K,-6.362170385719676e-05,0.00029472731325012224,0.0004042906290708218,True,True,K,True,0.0,1.0,1.0,0.0,0.0775133435445399,0.0775133435445399,0.08298526265497363,P,K,P,0.08298526265497363,False,0
7,2p7t,86,T,False,train,train,legacy_baseline,all,1.0150547063502788,1.0154964579782753,0.039833543542293244,False,0.0,1.0,K,1.1120924365850008e-05,0.0002255256323265064,0.0003337869898254102,True,True,K,True,0.0,1.0,1.0,0.0,0.0775133435445399,0.0775133435445399,0.08298526265497363,P,K,P,0.08298526265497363,False,0
7,2p7t,86,T,False,train,train,legacy_exact,old,1.0,1.0,0.03662034048081911,False,0.0,1.0,P,0.0,0.0,0.0,True,True,P,True,0.0,1.0,1.0,0.0,0.0775133435445399,0.0775133435445399,0.08298526265497363,P,K,P,0.08298526265497363,False,0
7,2p7t,86,T,False,train,train,legacy_exact,new,1.0,1.0,0.08298526265497363,False,0.0,1.0,K,0.0,0.0,0.0,True,True,K,True,0.0,1.0,1.0,0.0,0.0775133435445399,0.0775133435445399,0.08298526265497363,P,K,P,0.08298526265497363,False,0
7,2p7t,86,T,False,train,train,legacy_exact,all,1.0,1.0,0.039833543542293244,False,0.0,1.0,K,0.0,0.0,0.0,True,True,K,True,0.0,1.0,1.0,0.0,0.0775133435445399,0.0775133435445399,0.08298526265497363,P,K,P,0.08298526265497363,False,0
7,2p7t,86,T,False,train,train,legacy_expanded_s231301,old,0.695235219741595,0.7943435414344203,0.03662034048081911,False,0.2640827757835236,0.8701754385964912,N,-0.00640322375804999,0.006418122316036761,0.007973358258776101,True,True,P,False,0.009670801164312445,0.3333333333333333,0.4,-0.07956811354174145,-0.0020547699972015554,0.0775133435445399,0.003417149113232182,N,K,P,0.08298526265497363,True,0
7,2p7t,86,T,False,train,train,legacy_expanded_s231301,new,0.28175835861044385,0.5126495960129033,0.08298526265497363,False,0.0411777827038953,0.7140350877192982,N,-0.015878208081625364,0.015878208081625364,0.021935359463844523,True,True,K,False,0.003417149113232182,0.3333333333333333,0.8,-0.07956811354174145,-0.0020547699972015554,0.0775133435445399,0.003417149113232182,N,K,P,0.08298526265497363,True,0
7,2p7t,86,T,False,train,train,legacy_expanded_s231301,all,0.43948540054446134,0.7260134304658756,0.039833543542293244,False,0.12263250816217777,0.7526315789473684,N,-0.011140715919837677,0.011140715919837677,0.013722549952432446,True,True,K,False,0.00488488735357874,1.0,0.6,-0.07956811354174145,-0.0020547699972015554,0.0775133435445399,0.003417149113232182,N,K,P,0.08298526265497363,True,0
7,2p7t,86,T,False,train,train,legacy_expanded_s231303,old,0.8853694349921476,0.9250397680298726,0.03662034048081911,False,0.0,0.9491228070175438,P,-0.0024938001741497064,0.0029124515361142736,0.003767350191864302,True,True,P,True,0.0,0.3333333333333333,0.8,0.0,0.0775133435445399,0.0775133435445399,0.08298526265497363,P,K,P,0.08298526265497363,False,0
7,2p7t,86,T,False,train,train,legacy_expanded_s231303,new,0.8219163419062004,0.878803483231195,0.08298526265497363,False,0.0411777827038953,0.7508771929824561,N,-0.003829118039627244,0.006239967432876348,0.007532473790650805,True,True,K,False,0.003417149113232182,0.3333333333333333,0.4,0.0,0.0775133435445399,0.0775133435445399,0.08298526265497363,P,K,P,0.08298526265497363,False,0
7,2p7t,86,T,False,train,train,legacy_expanded_s231303,all,0.8280843746591894,0.9157206381905969,0.039833543542293244,False,0.12263250816217777,0.9280701754385964,N,-0.003161459106888475,0.0044260079615996316,0.005296981791701845,True,True,K,False,0.00488488735357874,1.0,0.8,0.0,0.0775133435445399,0.0775133435445399,0.08298526265497363,P,K,P,0.08298526265497363,False,0
7,2p7t,86,T,False,train,train,legacy_oracle_r32,old,0.996615636401246,0.9970295555621245,0.03662034048081911,False,0.0,1.0,P,-8.341480955294829e-05,0.00022869592390979687,0.0002923745595623865,True,True,P,True,0.0,1.0,1.0,0.0,0.0775133435445399,0.0775133435445399,0.08298526265497363,P,K,P,0.08298526265497363,False,0
7,2p7t,86,T,False,train,train,legacy_oracle_r32,new,1.0237124614183766,1.0243327134929543,0.08298526265497363,False,0.0,0.9912280701754386,K,-0.000132607233245963,0.0006148913679790819,0.0007860148882191157,True,True,K,True,0.0,1.0,1.0,0.0,0.0775133435445399,0.0775133435445399,0.08298526265497363,P,K,P,0.08298526265497363,False,0
7,2p7t,86,T,False,train,train,legacy_oracle_r32,all,1.0178610506664851,1.0187542439849293,0.039833543542293244,False,0.0,0.987719298245614,K,-0.00010801102139945563,0.00036217594903244406,0.0004726870616048285,True,True,K,True,0.0,0.6666666666666666,0.8,0.0,0.0775133435445399,0.0775133435445399,0.08298526265497363,P,K,P,0.08298526265497363,False,0
7,2p7t,86,T,False,train,train,legacy_restricted_s231301,old,0.8480805981921404,0.8794312459022032,0.03662034048081911,False,0.0,0.9614035087719298,P,-0.0002710552403665895,0.0021894925606144727,0.0027060396152752742,True,True,P,True,0.0,0.3333333333333333,0.8,0.0,0.0775133435445399,0.0775133435445399,0.08298526265497363,P,K,P,0.08298526265497363,False,0
7,2p7t,86,T,False,train,train,legacy_restricted_s231301,new,1.1392006054752133,1.1785888260627817,0.08298526265497363,False,0.0411777827038953,0.8315789473684211,N,0.00019287990156577925,0.004542975150747496,0.006023750742444098,True,True,K,False,0.003417149113232182,0.3333333333333333,0.8,0.0,0.0775133435445399,0.0775133435445399,0.08298526265497363,P,K,P,0.08298526265497363,False,0
7,2p7t,86,T,False,train,train,legacy_restricted_s231301,all,1.0503938860142694,1.1284658272910983,0.039833543542293244,False,0.12263250816217777,0.9508771929824561,N,-3.9087669400405136e-05,0.003236202443513296,0.0041353599971918386,True,True,K,False,0.00488488735357874,1.0,0.8,0.0,0.0775133435445399,0.0775133435445399,0.08298526265497363,P,K,P,0.08298526265497363,False,0
7,2p7t,86,T,False,train,train,legacy_restricted_s231303,old,0.9098613008808093,0.9496670212506224,0.03662034048081911,False,0.0,0.9701754385964911,P,0.00013374768425958671,0.002109586836909656,0.0027798540850078627,True,True,P,True,0.0,0.6666666666666666,0.8,0.0,0.0775133435445399,0.0775133435445399,0.08298526265497363,P,K,P,0.08298526265497363,False,0
7,2p7t,86,T,False,train,train,legacy_restricted_s231303,new,1.0129426403576485,1.0460021552381877,0.08298526265497363,False,0.0411777827038953,0.8403508771929825,N,5.947615461648903e-05,0.003732752082471749,0.004727887939784795,True,True,K,False,0.003417149113232182,0.3333333333333333,0.8,0.0,0.0775133435445399,0.0775133435445399,0.08298526265497363,P,K,P,0.08298526265497363,False,0
7,2p7t,86,T,False,train,train,legacy_restricted_s231303,all,0.9228406180129854,0.9865036323891981,0.039833543542293244,False,0.12263250816217777,0.9456140350877192,N,9.661191943803787e-05,0.0027450872301447355,0.003555031205174906,True,True,K,False,0.00488488735357874,1.0,0.8,0.0,0.0775133435445399,0.0775133435445399,0.08298526265497363,P,K,P,0.08298526265497363,False,0
7,2p7t,86,T,False,train,train,legacy_wt_z,old,0.6962455098290844,0.7953205601304841,0.03662034048081911,False,0.2640827757835236,0.8701754385964912,N,-0.0061245800788278714,0.00616877520726429,0.007748533809962719,True,True,P,False,0.009670801164312445,0.3333333333333333,0.4,-0.07956811354174145,-0.0020547699972015554,0.0775133435445399,0.003417149113232182,N,K,P,0.08298526265497363,True,0
7,2p7t,86,T,False,train,train,legacy_wt_z,new,0.28033749170819305,0.512446720092358,0.08298526265497363,False,0.0411777827038953,0.7140350877192982,N,-0.015479800666366629,0.015504864585796231,0.021668626647838536,True,True,K,False,0.003417149113232182,0.3333333333333333,0.8,-0.07956811354174145,-0.0020547699972015554,0.0775133435445399,0.003417149113232182,N,K,P,0.08298526265497363,True,0
7,2p7t,86,T,False,train,train,legacy_wt_z,all,0.4373465766492024,0.7247052046211767,0.039833543542293244,False,0.12263250816217777,0.7526315789473684,N,-0.010802190372597253,0.010802190372597253,0.013457928728046414,True,True,K,False,0.00488488735357874,1.0,0.6,-0.07956811354174145,-0.0020547699972015554,0.0775133435445399,0.003417149113232182,N,K,P,0.08298526265497363,True,0
11,2dp9,52,Q,True,unseen_protein_uncovered_source,unseen_protein_uncovered_source,restricted_context_s231301,all,0.8224190287058337,14.787331546082148,0.05491488679683759,False,0.3596623787699193,0.031578947368421054,K,0.14665569683414872,0.18382833884838778,0.26993890313167296,False,False,H,False,0.01975081881523144,0.0,0.4,0.010996403334475935,0.01995014792242189,0.008953744587945955,0.02548722838958395,K,H,D,0.014490825055108014,False,0
11,2dp9,52,Q,True,unseen_protein_uncovered_source,unseen_protein_uncovered_source,restricted_context_s231301,new,-0.7919454125658038,14.186164984482188,0.06186374008283935,False,0.41198977552044197,-0.12280701754385966,K,0.1463757640439386,0.18506897487831547,0.2712899864512217,False,False,H,False,0.02548722838958395,0.0,0.2,0.010996403334475935,0.01995014792242189,0.008953744587945955,0.02548722838958395,K,H,D,0.014490825055108014,False,0
11,2dp9,52,Q,True,unseen_protein_uncovered_source,unseen_protein_uncovered_source,restricted_context_s231301,old,2.3971662777289255,14.46461091460541,0.0550541404585807,False,0.3658019333380293,0.10350877192982455,K,0.14693562962435883,0.18258770281846012,0.2686390520275002,False,False,D,False,0.02013891101801224,0.0,0.4,0.010996403334475935,0.01995014792242189,0.008953744587945955,0.02548722838958395,K,H,D,0.014490825055108014,False,0
11,2dp9,52,Q,True,unseen_protein_uncovered_source,unseen_protein_uncovered_source,restricted_aa_only_s231301,all,-0.8882412454851647,3.0916981992987975,0.05491488679683759,False,1.0,-0.057894736842105256,V,0.013542450079944751,0.04218330894680926,0.05558036183641818,False,False,H,False,0.05491488679683759,0.0,0.2,0.04737291502773133,0.05632665961567729,0.008953744587945955,0.06186374008283935,V,H,D,0.014490825055108014,False,0
11,2dp9,52,Q,True,unseen_protein_uncovered_source,unseen_protein_uncovered_source,restricted_aa_only_s231301,new,-1.035291541890846,2.966007802070253,0.06186374008283935,False,1.0,-0.14210526315789473,V,0.013262517289734616,0.04392912734010655,0.05668826268199304,False,False,H,False,0.06186374008283935,0.0,0.2,0.04737291502773133,0.05632665961567729,0.008953744587945955,0.06186374008283935,V,H,D,0.014490825055108014,False,0
11,2dp9,52,Q,True,unseen_protein_uncovered_source,unseen_protein_uncovered_source,restricted_aa_only_s231301,old,-0.6234564661759413,3.0242245789161157,0.0550541404585807,False,0.9824971353183415,-0.0824561403508772,V,0.013822382870154885,0.04087320128229737,0.054735439094870345,False,True,D,False,0.054090535287969144,0.0,0.4,0.04737291502773133,0.05632665961567729,0.008953744587945955,0.06186374008283935,V,H,D,0.014490825055108014,False,0
11,2dp9,52,Q,True,unseen_protein_uncovered_source,unseen_protein_uncovered_source,restricted_context_s231303,all,0.8790533479985969,20.205311161174937,0.05491488679683759,False,1.0,0.20877192982456141,V,-0.16266518870686683,0.27155793112530574,0.3499343343199236,False,False,H,False,0.05491488679683759,0.3333333333333333,0.2,0.04737291502773133,0.05632665961567729,0.008953744587945955,0.06186374008283935,V,H,D,0.014490825055108014,False,0
11,2dp9,52,Q,True,unseen_protein_uncovered_source,unseen_protein_uncovered_source,restricted_context_s231303,new,-0.1171893852639512,19.383881182482188,0.06186374008283935,False,1.0,0.21403508771929824,V,-0.16294512149707696,0.27148067789345676,0.3507701882214103,False,False,H,False,0.06186374008283935,0.0,0.4,0.04737291502773133,0.05632665961567729,0.008953744587945955,0.06186374008283935,V,H,D,0.014490825055108014,False,0
11,2dp9,52,Q,True,unseen_protein_uncovered_source,unseen_protein_uncovered_source,restricted_context_s231303,old,1.80404069250943,19.764347843567712,0.0550541404585807,False,0.9824971353183415,0.23157894736842102,V,-0.16238525591665667,0.27163518435715467,0.3491411260537049,True,True,D,False,0.054090535287969144,0.3333333333333333,0.4,0.04737291502773133,0.05632665961567729,0.008953744587945955,0.06186374008283935,V,H,D,0.014490825055108014,False,0
11,2dp9,52,Q,True,unseen_protein_uncovered_source,unseen_protein_uncovered_source,restricted_aa_only_s231303,all,0.12507153477093957,3.6911914949968057,0.05491488679683759,False,1.0,0.019298245614035085,V,0.012131701356148427,0.044144212144070064,0.059442769559845746,False,False,H,False,0.05491488679683759,0.3333333333333333,0.2,0.04737291502773133,0.05632665961567729,0.008953744587945955,0.06186374008283935,V,H,D,0.014490825055108014,False,0
11,2dp9,52,Q,True,unseen_protein_uncovered_source,unseen_protein_uncovered_source,restricted_aa_only_s231303,new,-0.15388792721544348,3.5411292006376742,0.06186374008283935,False,1.0,-0.0912280701754386,V,0.011851768565938293,0.04587473617235992,0.06070273367355845,False,False,H,False,0.06186374008283935,0.0,0.2,0.04737291502773133,0.05632665961567729,0.008953744587945955,0.06186374008283935,V,H,D,0.014490825055108014,False,0
11,2dp9,52,Q,True,unseen_protein_uncovered_source,unseen_protein_uncovered_source,restricted_aa_only_s231303,old,0.3993321373220141,3.6106344555840697,0.0550541404585807,False,0.9824971353183415,0.04912280701754386,V,0.012411634146358562,0.042413688115780196,0.058422923630399096,True,True,D,False,0.054090535287969144,0.3333333333333333,0.4,0.04737291502773133,0.05632665961567729,0.008953744587945955,0.06186374008283935,V,H,D,0.014490825055108014,False,0
11,2dp9,52,Q,True,unseen_protein_uncovered_source,unseen_protein_uncovered_source,expanded_context_s231301,all,-0.14975323945421193,1.6010143452591468,0.05491488679683759,False,1.0,0.10526315789473684,V,0.022738659213008244,0.028928809303577323,0.03777560904326033,False,False,H,False,0.05491488679683759,0.3333333333333333,0.4,0.04737291502773133,0.05632665961567729,0.008953744587945955,0.06186374008283935,V,H,D,0.014490825055108014,False,0
11,2dp9,52,Q,True,unseen_protein_uncovered_source,unseen_protein_uncovered_source,expanded_context_s231301,new,-0.23057986666438077,1.535926449852713,0.06186374008283935,False,1.0,-0.05964912280701754,V,0.022458726422798107,0.029409191911492015,0.03849955893907975,False,False,H,False,0.06186374008283935,0.0,0.2,0.04737291502773133,0.05632665961567729,0.008953744587945955,0.06186374008283935,V,H,D,0.014490825055108014,False,0
11,2dp9,52,Q,True,unseen_protein_uncovered_source,unseen_protein_uncovered_source,expanded_context_s231301,old,-0.04685585667032382,1.566073601630372,0.0550541404585807,False,0.9824971353183415,0.16842105263157894,V,0.023018592003218378,0.028814395158250548,0.037455993028504685,True,True,D,False,0.054090535287969144,0.3333333333333333,0.4,0.04737291502773133,0.05632665961567729,0.008953744587945955,0.06186374008283935,V,H,D,0.014490825055108014,False,0
11,2dp9,52,Q,True,unseen_protein_uncovered_source,unseen_protein_uncovered_source,expanded_aa_only_s231301,all,0.6056981685487542,4.173669276901498,0.05491488679683759,False,0.5570364103056972,0.05263157894736842,P,0.09951211134438,0.10048287115447518,0.11813713299928769,True,True,H,False,0.030589591413654138,0.3333333333333333,0.2,0.015722237312174814,0.02467598190012077,0.008953744587945955,0.030213062367282828,P,H,D,0.014490825055108014,False,0
11,2dp9,52,Q,True,unseen_protein_uncovered_source,unseen_protein_uncovered_source,expanded_aa_only_s231301,new,0.6191273515796376,4.00399225298199,0.06186374008283935,False,0.48838079183097693,-0.021052631578947368,P,0.09923217855416985,0.09974558628083677,0.11785398783667618,True,True,H,False,0.030213062367282828,0.3333333333333333,0.2,0.015722237312174814,0.02467598190012077,0.008953744587945955,0.030213062367282828,P,H,D,0.014490825055108014,False,0
11,2dp9,52,Q,True,unseen_protein_uncovered_source,unseen_protein_uncovered_source,expanded_aa_only_s231301,old,0.5154276477595235,4.082582580128706,0.0550541404585807,False,0.6737117667846149,0.01754385964912281,P,0.09979204413459011,0.1012201560281136,0.11855115399122827,False,False,D,False,0.037090622237158755,0.3333333333333333,0.2,0.015722237312174814,0.02467598190012077,0.008953744587945955,0.030213062367282828,P,H,D,0.014490825055108014,False,0
11,2dp9,52,Q,True,unseen_protein_uncovered_source,unseen_protein_uncovered_source,expanded_context_s231303,all,-0.08327012965385001,2.2174596705679948,0.05491488679683759,False,0.06564898030761834,-0.06842105263157894,M,-0.036648910127231774,0.043373610518750653,0.05269036043605794,False,False,H,False,0.0036051063219206814,0.3333333333333333,0.4,-0.008398169371906183,0.000555575216039772,0.008953744587945955,0.006092655683201831,M,H,D,0.014490825055108014,False,1
11,2dp9,52,Q,True,unseen_protein_uncovered_source,unseen_protein_uncovered_source,expanded_context_s231303,new,-0.262352494531955,2.1273107074851234,0.06186374008283935,False,0.0984850847207652,-0.19298245614035087,M,-0.036928842917441904,0.0450289605729969,0.05396601155521669,False,False,H,False,0.006092655683201831,0.3333333333333333,0.4,-0.008398169371906183,0.000555575216039772,0.008953744587945955,0.006092655683201831,M,H,D,0.014490825055108014,False,1
11,2dp9,52,Q,True,unseen_protein_uncovered_source,unseen_protein_uncovered_source,expanded_context_s231303,old,0.11340208418264888,2.1690655446278417,0.0550541404585807,False,0.1315443067033498,0.028070175438596492,M,-0.03636897733702164,0.0423506145051993,0.051685509939074614,False,True,D,False,0.0072420587377728385,0.3333333333333333,0.4,-0.008398169371906183,0.000555575216039772,0.008953744587945955,0.006092655683201831,M,H,D,0.014490825055108014,False,1
11,2dp9,52,Q,True,unseen_protein_uncovered_source,unseen_protein_uncovered_source,expanded_aa_only_s231303,all,0.9908295978064582,5.164791142094613,0.05491488679683759,False,0.477020495334914,0.09473684210526316,T,-0.01131445711306504,0.05610049308553608,0.07861692621973111,False,True,H,False,0.026195526501088195,0.0,0.4,0.014086462216593376,0.02304020680453933,0.008953744587945955,0.02857728727170139,T,H,D,0.014490825055108014,False,0
11,2dp9,52,Q,True,unseen_protein_uncovered_source,unseen_protein_uncovered_source,expanded_aa_only_s231303,new,1.05032614701831,4.954820890017754,0.06186374008283935,False,0.46193921081128697,0.14210526315789473,T,-0.011594389903275173,0.05578006341547474,0.07833621183284471,False,True,H,False,0.02857728727170139,0.3333333333333333,0.4,0.014086462216593376,0.02304020680453933,0.008953744587945955,0.02857728727170139,T,H,D,0.014490825055108014,False,0
11,2dp9,52,Q,True,unseen_protein_uncovered_source,unseen_protein_uncovered_source,expanded_aa_only_s231303,old,0.8041446936764964,5.052074073864419,0.0550541404585807,False,0.5437968381348537,0.021052631578947368,T,-0.011034524322854905,0.0564209227555974,0.07909395847492737,False,False,D,False,0.029938267507608307,0.0,0.4,0.014086462216593376,0.02304020680453933,0.008953744587945955,0.02857728727170139,T,H,D,0.014490825055108014,False,0
11,2dp9,52,Q,True,unseen_protein_uncovered_source,unseen_protein_uncovered_source,legacy_baseline,old,1.0012761972168251,1.001292631516758,0.0550541404585807,False,0.0,1.0,D,1.2302249456510128e-05,7.589762095584543e-05,9.303194131049195e-05,True,True,D,True,0.0,1.0,1.0,0.0,0.008953744587945955,0.008953744587945955,0.014490825055108014,D,H,D,0.014490825055108014,False,0
11,2dp9,52,Q,True,unseen_protein_uncovered_source,unseen_protein_uncovered_source,legacy_baseline,new,0.9986631260314622,0.998674944674164,0.06186374008283935,False,0.0,0.9982456140350877,H,-4.6283437816494346e-05,7.7711950561861e-05,9.296092959800508e-05,True,True,H,True,0.0,0.6666666666666666,1.0,0.0,0.008953744587945955,0.008953744587945955,0.014490825055108014,D,H,D,0.014490825055108014,False,0
11,2dp9,52,Q,True,unseen_protein_uncovered_source,unseen_protein_uncovered_source,legacy_baseline,all,1.0000563681396513,1.000070824068549,0.05491488679683759,False,0.0,1.0,H,-1.6990594179992112e-05,6.496387674009548e-05,8.42652787525826e-05,True,True,H,True,0.0,1.0,1.0,0.0,0.008953744587945955,0.008953744587945955,0.014490825055108014,D,H,D,0.014490825055108014,False,0
11,2dp9,52,Q,True,unseen_protein_uncovered_source,unseen_protein_uncovered_source,legacy_exact,old,1.0,1.0,0.0550541404585807,False,0.0,1.0,D,0.0,0.0,0.0,True,True,D,True,0.0,1.0,1.0,0.0,0.008953744587945955,0.008953744587945955,0.014490825055108014,D,H,D,0.014490825055108014,False,0
11,2dp9,52,Q,True,unseen_protein_uncovered_source,unseen_protein_uncovered_source,legacy_exact,new,1.0,1.0,0.06186374008283935,False,0.0,1.0,H,0.0,0.0,0.0,True,True,H,True,0.0,1.0,1.0,0.0,0.008953744587945955,0.008953744587945955,0.014490825055108014,D,H,D,0.014490825055108014,False,0
11,2dp9,52,Q,True,unseen_protein_uncovered_source,unseen_protein_uncovered_source,legacy_exact,all,1.0,1.0,0.05491488679683759,False,0.0,1.0,H,0.0,0.0,0.0,True,True,H,True,0.0,1.0,1.0,0.0,0.008953744587945955,0.008953744587945955,0.014490825055108014,D,H,D,0.014490825055108014,False,0
11,2dp9,52,Q,True,unseen_protein_uncovered_source,unseen_protein_uncovered_source,legacy_expanded_s231301,old,0.10101138380482143,0.1951579062813702,0.0550541404585807,False,0.0,0.45789473684210524,D,-0.025956635920983108,0.025956635920983108,0.029657801807448494,True,True,D,True,0.0,0.3333333333333333,0.6,0.0,0.008953744587945955,0.008953744587945955,0.014490825055108014,D,H,D,0.014490825055108014,False,0
11,2dp9,52,Q,True,unseen_protein_uncovered_source,unseen_protein_uncovered_source,legacy_expanded_s231301,new,0.11420798436822037,0.1880655279810297,0.06186374008283935,False,0.0984850847207652,0.5947368421052631,M,-0.024825525683833644,0.025076130726409847,0.02868542153222166,True,True,H,False,0.006092655683201831,0.6666666666666666,0.4,0.0,0.008953744587945955,0.008953744587945955,0.014490825055108014,D,H,D,0.014490825055108014,False,0
11,2dp9,52,Q,True,unseen_protein_uncovered_source,unseen_protein_uncovered_source,legacy_expanded_s231301,all,0.11008666733861645,0.18302464632775106,0.05491488679683759,False,0.06564898030761834,0.5649122807017544,M,-0.025391080802408376,0.025429788736376267,0.028918888847798314,False,False,H,False,0.0036051063219206814,0.6666666666666666,0.6,0.0,0.008953744587945955,0.008953744587945955,0.014490825055108014,D,H,D,0.014490825055108014,False,0
11,2dp9,52,Q,True,unseen_protein_uncovered_source,unseen_protein_uncovered_source,legacy_expanded_s231303,old,0.08718788083795989,0.2397105917782833,0.0550541404585807,False,0.0,0.40877192982456134,D,-0.028334729222053705,0.028334729222053705,0.03194169394684363,True,True,D,True,0.0,0.3333333333333333,0.4,0.0,0.008953744587945955,0.008953744587945955,0.014490825055108014,D,H,D,0.014490825055108014,False,0
11,2dp9,52,Q,True,unseen_protein_uncovered_source,unseen_protein_uncovered_source,legacy_expanded_s231303,new,0.10810250994381194,0.1984898647794343,0.06186374008283935,False,0.2342377786358198,0.519298245614035,D,-0.026562746442841775,0.026862449989174992,0.030270168312895456,False,True,H,False,0.014490825055108014,0.3333333333333333,0.8,0.0,0.008953744587945955,0.008953744587945955,0.014490825055108014,D,H,D,0.014490825055108014,False,0
11,2dp9,52,Q,True,unseen_protein_uncovered_source,unseen_protein_uncovered_source,legacy_expanded_s231303,all,0.10206516451911948,0.21258263142513675,0.05491488679683759,False,0.07617536669907606,0.42105263157894735,D,-0.02744873783244774,0.02744873783244774,0.030847402148193672,False,False,H,False,0.004183161638987354,0.3333333333333333,0.4,0.0,0.008953744587945955,0.008953744587945955,0.014490825055108014,D,H,D,0.014490825055108014,False,0
11,2dp9,52,Q,True,unseen_protein_uncovered_source,unseen_protein_uncovered_source,legacy_oracle_r32,old,0.9899419747120203,0.9927640709368089,0.0550541404585807,False,0.0,0.9929824561403509,D,-0.0007490399438373485,0.0011617846974289032,0.0014012662989048752,True,True,D,True,0.0,1.0,1.0,0.0,0.008953744587945955,0.008953744587945955,0.014490825055108014,D,H,D,0.014490825055108014,False,0
11,2dp9,52,Q,True,unseen_protein_uncovered_source,unseen_protein_uncovered_source,legacy_oracle_r32,new,0.9706528504905638,0.9729965734437324,0.06186374008283935,False,0.0,0.9947368421052631,H,-0.0008765733121585537,0.0012496250775309201,0.0014679289599460756,True,True,H,True,0.0,0.6666666666666666,1.0,0.0,0.008953744587945955,0.008953744587945955,0.014490825055108014,D,H,D,0.014490825055108014,False,0
11,2dp9,52,Q,True,unseen_protein_uncovered_source,unseen_protein_uncovered_source,legacy_oracle_r32,all,0.979941727218036,0.9826746810927027,0.05491488679683759,False,0.0,0.9912280701754386,H,-0.0008128066279979512,0.001192536814778699,0.0014209048348126296,True,True,H,True,0.0,1.0,1.0,0.0,0.008953744587945955,0.008953744587945955,0.014490825055108014,D,H,D,0.014490825055108014,False,0
11,2dp9,52,Q,True,unseen_protein_uncovered_source,unseen_protein_uncovered_source,legacy_restricted_s231301,old,0.07839752154273712,0.3062585431456212,0.0550541404585807,False,0.8136528779569736,0.36315789473684207,Y,-0.024815012024726434,0.025480568979096316,0.02909421420768522,False,False,D,False,0.044794959827571645,0.3333333333333333,0.4,0.03186055514124042,0.040814299729186376,0.008953744587945955,0.046351380196348435,Y,H,D,0.014490825055108014,False,0
11,2dp9,52,Q,True,unseen_protein_uncovered_source,unseen_protein_uncovered_source,legacy_restricted_s231301,new,0.06342715596590214,0.30385710623543183,0.06186374008283935,False,0.0984850847207652,0.1280701754385965,M,-0.0225292161319152,0.023091750723113102,0.027471574616435863,False,True,H,False,0.006092655683201831,0.3333333333333333,0.4,0.03186055514124042,0.040814299729186376,0.008953744587945955,0.046351380196348435,Y,H,D,0.014490825055108014,False,0
11,2dp9,52,Q,True,unseen_protein_uncovered_source,unseen_protein_uncovered_source,legacy_restricted_s231301,all,0.08025319337971647,0.3025607378303693,0.05491488679683759,False,0.06564898030761834,0.3192982456140351,M,-0.023672114078320816,0.02397673071173212,0.027922993532466838,False,True,H,False,0.0036051063219206814,0.3333333333333333,0.6,0.03186055514124042,0.040814299729186376,0.008953744587945955,0.046351380196348435,Y,H,D,0.014490825055108014,False,0
11,2dp9,52,Q,True,unseen_protein_uncovered_source,unseen_protein_uncovered_source,legacy_restricted_s231303,old,-0.04658095838340359,0.5128641425527619,0.0550541404585807,False,0.8136528779569736,-0.12631578947368421,Y,-0.024590100148324728,0.02625019984770885,0.030636029714054425,False,False,D,False,0.044794959827571645,0.3333333333333333,0.2,0.03186055514124042,0.040814299729186376,0.008953744587945955,0.046351380196348435,Y,H,D,0.014490825055108014,False,0
11,2dp9,52,Q,True,unseen_protein_uncovered_source,unseen_protein_uncovered_source,legacy_restricted_s231303,new,0.01166531045821594,0.5078129294138878,0.06186374008283935,False,0.0984850847207652,0.12105263157894736,M,-0.024013067230532467,0.024887740874180143,0.0298767418069562,True,True,H,False,0.006092655683201831,0.6666666666666666,0.6,0.03186055514124042,0.040814299729186376,0.008953744587945955,0.046351380196348435,Y,H,D,0.014490825055108014,False,0
11,2dp9,52,Q,True,unseen_protein_uncovered_source,unseen_protein_uncovered_source,legacy_restricted_s231303,all,-0.015567000310779275,0.5195345246504116,0.05491488679683759,False,0.06564898030761834,0.042105263157894736,M,-0.024301583689428596,0.02548414177878855,0.02995088896107525,True,True,H,False,0.0036051063219206814,0.6666666666666666,0.4,0.03186055514124042,0.040814299729186376,0.008953744587945955,0.046351380196348435,Y,H,D,0.014490825055108014,False,0
11,2dp9,52,Q,True,unseen_protein_uncovered_source,unseen_protein_uncovered_source,legacy_wt_z,old,0.10055740203099654,0.1946360183509046,0.0550541404585807,False,0.0,0.45789473684210524,D,-0.02593944519784134,0.02593944519784134,0.029645683206857548,True,True,D,True,0.0,0.3333333333333333,0.6,0.0,0.008953744587945955,0.008953744587945955,0.014490825055108014,D,H,D,0.014490825055108014,False,0
11,2dp9,52,Q,True,unseen_protein_uncovered_source,unseen_protein_uncovered_source,legacy_wt_z,new,0.11404229933382708,0.18779743676375352,0.06186374008283935,False,0.0984850847207652,0.5947368421052631,M,-0.024782536034913216,0.025036796533366563,0.028649254799917055,True,True,H,False,0.006092655683201831,0.6666666666666666,0.4,0.0,0.008953744587945955,0.008953744587945955,0.014490825055108014,D,H,D,0.014490825055108014,False,0
11,2dp9,52,Q,True,unseen_protein_uncovered_source,unseen_protein_uncovered_source,legacy_wt_z,all,0.10978496606005778,0.18261956968575402,0.05491488679683759,False,0.06564898030761834,0.5649122807017544,M,-0.02536099061637728,0.025403218394319107,0.028894328948830858,False,False,H,False,0.0036051063219206814,0.6666666666666666,0.6,0.0,0.008953744587945955,0.008953744587945955,0.014490825055108014,D,H,D,0.014490825055108014,False,0
11,2dp9,49,L,True,unseen_protein_uncovered_source,unseen_protein_covered_source,restricted_context_s231301,all,-0.09498351785804705,1.5841158385578473,0.10570276639083731,False,0.24712999396954172,-0.30000000000000004,E,-0.07184476664631767,0.07487360081623069,0.08516628177506498,False,False,W,False,0.026122324020731502,0.0,0.0,0.022130396724210688,0.032153577255157884,0.010023180530947196,0.025416123587277184,E,H,W,0.003285726863066496,False,0
11,2dp9,49,L,True,unseen_protein_uncovered_source,unseen_protein_covered_source,restricted_context_s231301,new,-0.01680681993970065,1.5427708309728416,0.11013228630003924,False,0.23077813456114665,-0.27368421052631575,E,-0.06991255985923106,0.0727090321402937,0.08320295687043422,False,False,H,False,0.025416123587277184,0.0,0.0,0.022130396724210688,0.032153577255157884,0.010023180530947196,0.025416123587277184,E,H,W,0.003285726863066496,False,0
11,2dp9,49,L,True,unseen_protein_uncovered_source,unseen_protein_covered_source,restricted_context_s231301,old,-0.17803450788867814,1.610507623956815,0.10455897334470188,False,0.28801211750591693,-0.31052631578947365,E,-0.07377697343340428,0.07703816949216766,0.08719895403302466,False,False,W,False,0.030114251317252316,0.0,0.0,0.022130396724210688,0.032153577255157884,0.010023180530947196,0.025416123587277184,E,H,W,0.003285726863066496,False,0
11,2dp9,49,L,True,unseen_protein_uncovered_source,unseen_protein_covered_source,restricted_aa_only_s231301,all,1.3059272332591587,2.9765506394070926,0.10570276639083731,False,0.3827650366042043,0.12456140350877193,V,-0.05922021825508698,0.0738314864669776,0.08720684207580792,False,True,W,False,0.0404593232467545,0.0,0.4,0.03857098592749919,0.048594166458446386,0.010023180530947196,0.04185671279056569,V,H,W,0.003285726863066496,False,0
11,2dp9,49,L,True,unseen_protein_uncovered_source,unseen_protein_covered_source,restricted_aa_only_s231301,new,1.2298486115158627,2.8988634490085188,0.11013228630003924,False,0.38005851142083097,0.08070175438596491,V,-0.05728801146800037,0.07272243661667724,0.0861459032951804,False,False,H,False,0.04185671279056569,0.0,0.2,0.03857098592749919,0.048594166458446386,0.010023180530947196,0.04185671279056569,V,H,W,0.003285726863066496,False,0
11,2dp9,49,L,True,unseen_protein_uncovered_source,unseen_protein_covered_source,restricted_aa_only_s231301,old,1.3593930545991562,3.02614075383705,0.10455897334470188,False,0.40501220709581126,0.12105263157894736,V,-0.06115242504217359,0.0751304625733174,0.08836712323474487,False,True,W,False,0.042347660566009804,0.0,0.4,0.03857098592749919,0.048594166458446386,0.010023180530947196,0.04185671279056569,V,H,W,0.003285726863066496,False,0
11,2dp9,49,L,True,unseen_protein_uncovered_source,unseen_protein_covered_source,restricted_context_s231303,all,1.5859780611783916,17.370308709159293,0.10570276639083731,False,0.3827650366042043,0.10701754385964912,V,-0.17276718372729113,0.3675926586284059,0.44633671131367836,False,False,W,False,0.0404593232467545,0.0,0.2,0.03857098592749919,0.048594166458446386,0.010023180530947196,0.04185671279056569,V,H,W,0.003285726863066496,False,0
11,2dp9,49,L,True,unseen_protein_uncovered_source,unseen_protein_covered_source,restricted_context_s231303,new,1.0954423622875011,16.916948211237692,0.11013228630003924,False,0.38005851142083097,0.09298245614035087,V,-0.17083497694020447,0.367238721315735,0.4461733653417619,False,False,H,False,0.04185671279056569,0.0,0.2,0.03857098592749919,0.048594166458446386,0.010023180530947196,0.04185671279056569,V,H,W,0.003285726863066496,False,0
11,2dp9,49,L,True,unseen_protein_uncovered_source,unseen_protein_covered_source,restricted_context_s231303,old,2.084780867603237,17.65970260865044,0.10455897334470188,False,0.40501220709581126,0.08070175438596491,V,-0.17469939051437772,0.36794659594107687,0.4465221677653683,False,False,W,False,0.042347660566009804,0.0,0.2,0.03857098592749919,0.048594166458446386,0.010023180530947196,0.04185671279056569,V,H,W,0.003285726863066496,False,0
11,2dp9,49,L,True,unseen_protein_uncovered_source,unseen_protein_covered_source,restricted_aa_only_s231303,all,1.0355115419099432,2.2095926264797123,0.10570276639083731,False,0.3827650366042043,0.010526315789473684,V,-0.06391814708518592,0.06919301849384538,0.07899629666602706,False,False,W,False,0.0404593232467545,0.0,0.2,0.03857098592749919,0.048594166458446386,0.010023180530947196,0.04185671279056569,V,H,W,0.003285726863066496,False,0
11,2dp9,49,L,True,unseen_protein_uncovered_source,unseen_protein_covered_source,restricted_aa_only_s231303,new,1.045144036199549,2.151922838906131,0.11013228630003924,False,0.38005851142083097,-0.02631578947368421,V,-0.06198594029809934,0.06750515984162832,0.07715417391179152,False,False,H,False,0.04185671279056569,0.0,0.0,0.03857098592749919,0.048594166458446386,0.010023180530947196,0.04185671279056569,V,H,W,0.003285726863066496,False,0
11,2dp9,49,L,True,unseen_protein_uncovered_source,unseen_protein_covered_source,restricted_aa_only_s231303,old,1.0016706605146342,2.2464050192339458,0.10455897334470188,False,0.40501220709581126,0.021052631578947368,V,-0.06585035387227253,0.07088087714606245,0.08091885896093874,False,False,W,False,0.042347660566009804,0.0,0.2,0.03857098592749919,0.048594166458446386,0.010023180530947196,0.04185671279056569,V,H,W,0.003285726863066496,False,0
11,2dp9,49,L,True,unseen_protein_uncovered_source,unseen_protein_covered_source,expanded_context_s231301,all,-0.010113866877833366,0.8936162450395071,0.10570276639083731,False,0.15049648984617,-0.10175438596491228,N,-0.028126847188062413,0.03712644712072311,0.04265502915226585,False,False,W,False,0.015907895308850728,0.0,0.2,0.008775122649967715,0.01879830318091491,0.010023180530947196,0.01206084951303421,N,H,W,0.003285726863066496,False,1
11,2dp9,49,L,True,unseen_protein_uncovered_source,unseen_protein_covered_source,expanded_context_s231301,new,0.04819171965571902,0.8702930956018509,0.11013228630003924,False,0.10951238658731008,-0.05964912280701754,N,-0.02619464040097581,0.03495289861230982,0.040942764813855434,False,False,H,False,0.01206084951303421,0.0,0.2,0.008775122649967715,0.01879830318091491,0.010023180530947196,0.01206084951303421,N,H,W,0.003285726863066496,False,1
11,2dp9,49,L,True,unseen_protein_uncovered_source,unseen_protein_covered_source,expanded_context_s231301,old,-0.07342377212388138,0.9085041260858733,0.10455897334470188,False,0.22036050307968366,-0.13684210526315788,N,-0.030059053975149016,0.039329442353893004,0.044524055823969746,False,False,W,False,0.02304066796773374,0.0,0.2,0.008775122649967715,0.01879830318091491,0.010023180530947196,0.01206084951303421,N,H,W,0.003285726863066496,False,1
11,2dp9,49,L,True,unseen_protein_uncovered_source,unseen_protein_covered_source,expanded_aa_only_s231301,all,-0.07615648746005733,0.2629203350534646,0.10570276639083731,False,0.25404883685987945,-0.256140350877193,I,-0.019038771538750547,0.0223296643602555,0.03245109734345204,True,True,W,False,0.026853664854463777,0.3333333333333333,0.2,0.023139800769365948,0.033162981300313144,0.010023180530947196,0.026425527632432444,I,H,W,0.003285726863066496,False,1
11,2dp9,49,L,True,unseen_protein_uncovered_source,unseen_protein_covered_source,expanded_aa_only_s231301,new,-0.07649089034817667,0.25605818332033503,0.11013228630003924,False,0.23994351266294403,-0.3140350877192983,I,-0.017106564751663944,0.02052498691273974,0.031922095449773424,False,False,H,False,0.026425527632432444,0.3333333333333333,0.2,0.023139800769365948,0.033162981300313144,0.010023180530947196,0.026425527632432444,I,H,W,0.003285726863066496,False,1
11,2dp9,49,L,True,unseen_protein_uncovered_source,unseen_protein_covered_source,expanded_aa_only_s231301,old,-0.07407524775719572,0.26730065680195036,0.10455897334470188,False,0.2923472559240703,-0.27543859649122804,I,-0.020970978325837154,0.024327895269151068,0.0332704940351253,True,True,W,False,0.030567528939561606,0.3333333333333333,0.2,0.023139800769365948,0.033162981300313144,0.010023180530947196,0.026425527632432444,I,H,W,0.003285726863066496,False,1
11,2dp9,49,L,True,unseen_protein_uncovered_source,unseen_protein_covered_source,expanded_context_s231303,all,-0.4204992554325924,1.1244792207883905,0.10570276639083731,False,0.3827650366042043,-0.5385964912280702,V,-0.04571427406791003,0.050295156349277594,0.06201297431009029,False,False,W,False,0.0404593232467545,0.0,0.0,0.03857098592749919,0.048594166458446386,0.010023180530947196,0.04185671279056569,V,H,W,0.003285726863066496,False,0
11,2dp9,49,L,True,unseen_protein_uncovered_source,unseen_protein_covered_source,expanded_context_s231303,new,-0.38560652166944365,1.0951306082809853,0.11013228630003924,False,0.38005851142083097,-0.5350877192982456,V,-0.04378206728082343,0.04870092250094483,0.06072579163617092,False,False,H,False,0.04185671279056569,0.0,0.0,0.03857098592749919,0.048594166458446386,0.010023180530947196,0.04185671279056569,V,H,W,0.003285726863066496,False,0
11,2dp9,49,L,True,unseen_protein_uncovered_source,unseen_protein_covered_source,expanded_context_s231303,old,-0.44904375801359847,1.1432133395682789,0.10455897334470188,False,0.40501220709581126,-0.4859649122807017,V,-0.047646480854996634,0.052378113939005586,0.0634302349781675,False,False,W,False,0.042347660566009804,0.0,0.0,0.03857098592749919,0.048594166458446386,0.010023180530947196,0.04185671279056569,V,H,W,0.003285726863066496,False,0
11,2dp9,49,L,True,unseen_protein_uncovered_source,unseen_protein_covered_source,expanded_aa_only_s231303,all,-0.07377157141466678,0.2586135554436357,0.10570276639083731,False,0.25404883685987945,-0.23157894736842102,I,-0.018700145665930375,0.02218776655853516,0.03219204153628153,True,True,W,False,0.026853664854463777,0.3333333333333333,0.2,0.023139800769365948,0.033162981300313144,0.010023180530947196,0.026425527632432444,I,H,W,0.003285726863066496,False,1
11,2dp9,49,L,True,unseen_protein_uncovered_source,unseen_protein_covered_source,expanded_aa_only_s231303,new,-0.07371012945701834,0.25186380952787196,0.11013228630003924,False,0.23994351266294403,-0.29298245614035084,I,-0.016767938878843768,0.0203830891110194,0.03166960959347338,False,False,H,False,0.026425527632432444,0.3333333333333333,0.2,0.023139800769365948,0.033162981300313144,0.010023180530947196,0.026425527632432444,I,H,W,0.003285726863066496,False,1
11,2dp9,49,L,True,unseen_protein_uncovered_source,unseen_protein_covered_source,expanded_aa_only_s231303,old,-0.07217546367718236,0.26292212511411256,0.10455897334470188,False,0.2923472559240703,-0.24736842105263157,I,-0.020632352453016978,0.024189808635473965,0.033007414597354984,True,True,W,False,0.030567528939561606,0.3333333333333333,0.2,0.023139800769365948,0.033162981300313144,0.010023180530947196,0.026425527632432444,I,H,W,0.003285726863066496,False,1
11,2dp9,49,L,True,unseen_protein_uncovered_source,unseen_protein_covered_source,legacy_baseline,old,1.0005273581574978,1.0005289767960757,0.10455897334470188,False,0.0,1.0,W,5.560935010753978e-05,6.165514270701544e-05,7.082594934341681e-05,True,True,W,True,0.0,1.0,1.0,0.0,0.010023180530947196,0.010023180530947196,0.003285726863066496,W,H,W,0.003285726863066496,False,0
11,2dp9,49,L,True,unseen_protein_uncovered_source,unseen_protein_covered_source,legacy_baseline,new,0.9997920284689892,0.9997933856460632,0.11013228630003924,False,0.0,1.0,H,2.311526675245391e-05,3.9290650223514224e-05,4.6667017953872986e-05,True,True,H,True,0.0,1.0,1.0,0.0,0.010023180530947196,0.010023180530947196,0.003285726863066496,W,H,W,0.003285726863066496,False,0
11,2dp9,49,L,True,unseen_protein_uncovered_source,unseen_protein_covered_source,legacy_baseline,all,1.000130171335983,1.0001315251692748,0.10570276639083731,False,0.0,1.0,W,3.936230842999684e-05,4.9946291434273916e-05,5.5588482439481455e-05,True,True,W,True,0.0,1.0,1.0,0.0,0.010023180530947196,0.010023180530947196,0.003285726863066496,W,H,W,0.003285726863066496,False,0
11,2dp9,49,L,True,unseen_protein_uncovered_source,unseen_protein_covered_source,legacy_exact,old,1.0,1.0,0.10455897334470188,False,0.0,1.0,W,0.0,0.0,0.0,True,True,W,True,0.0,1.0,1.0,0.0,0.010023180530947196,0.010023180530947196,0.003285726863066496,W,H,W,0.003285726863066496,False,0
11,2dp9,49,L,True,unseen_protein_uncovered_source,unseen_protein_covered_source,legacy_exact,new,1.0,1.0,0.11013228630003924,False,0.0,1.0,H,0.0,0.0,0.0,True,True,H,True,0.0,1.0,1.0,0.0,0.010023180530947196,0.010023180530947196,0.003285726863066496,W,H,W,0.003285726863066496,False,0
11,2dp9,49,L,True,unseen_protein_uncovered_source,unseen_protein_covered_source,legacy_exact,all,1.0,1.0,0.10570276639083731,False,0.0,1.0,W,0.0,0.0,0.0,True,True,W,True,0.0,1.0,1.0,0.0,0.010023180530947196,0.010023180530947196,0.003285726863066496,W,H,W,0.003285726863066496,False,0
11,2dp9,49,L,True,unseen_protein_uncovered_source,unseen_protein_covered_source,legacy_expanded_s231301,old,0.06829699076721367,0.12973265141070475,0.10455897334470188,False,0.033884319669882854,0.40175438596491225,Y,-0.03451655292360927,0.03451655292360927,0.04090107727079783,False,False,W,False,0.003542909677166639,0.3333333333333333,0.4,-0.0017444130248659429,0.008278767506081253,0.010023180530947196,0.0015413138382005531,Y,H,W,0.003285726863066496,True,0
11,2dp9,49,L,True,unseen_protein_uncovered_source,unseen_protein_covered_source,legacy_expanded_s231301,new,0.06554275569654032,0.13958416184008104,0.11013228630003924,False,0.4708567195215971,0.2175438596491228,R,-0.03418150235731668,0.03418150235731668,0.04120626345575349,False,False,H,False,0.0518565270406498,0.0,0.2,-0.0017444130248659429,0.008278767506081253,0.010023180530947196,0.0015413138382005531,Y,H,W,0.003285726863066496,True,0
11,2dp9,49,L,True,unseen_protein_uncovered_source,unseen_protein_covered_source,legacy_expanded_s231301,all,0.0625438619083184,0.12228484605129927,0.10570276639083731,False,0.008507330099813719,0.3192982456140351,Y,-0.03434902764046297,0.03434902764046297,0.04102418111571169,False,False,W,False,0.0008992483261503481,0.3333333333333333,0.2,-0.0017444130248659429,0.008278767506081253,0.010023180530947196,0.0015413138382005531,Y,H,W,0.003285726863066496,True,0
11,2dp9,49,L,True,unseen_protein_uncovered_source,unseen_protein_covered_source,legacy_expanded_s231303,old,0.060203594717696485,0.1552189589706434,0.10455897334470188,False,0.5030575899721342,0.28947368421052627,K,-0.03743123199242276,0.03743123199242276,0.04353653577326078,False,False,W,False,0.05259918514074635,0.3333333333333333,0.4,0.041003671243448725,0.05102685177439592,0.010023180530947196,0.04428939810651522,K,H,W,0.003285726863066496,False,2
11,2dp9,49,L,True,unseen_protein_uncovered_source,unseen_protein_covered_source,legacy_expanded_s231303,new,0.059055757037908406,0.16126949175024982,0.11013228630003924,False,0.4021472684754338,0.1719298245614035,K,-0.03623471147677528,0.03623471147677528,0.04305993884330894,False,True,H,False,0.04428939810651522,0.0,0.4,0.041003671243448725,0.05102685177439592,0.010023180530947196,0.04428939810651522,K,H,W,0.003285726863066496,False,2
11,2dp9,49,L,True,unseen_protein_uncovered_source,unseen_protein_covered_source,legacy_expanded_s231303,all,0.05588130766110561,0.1494660502751062,0.10570276639083731,False,0.442764459153781,0.2070175438596491,K,-0.03683297173459902,0.03683297173459902,0.04326090428623955,False,False,W,False,0.04680142819209754,0.3333333333333333,0.4,0.041003671243448725,0.05102685177439592,0.010023180530947196,0.04428939810651522,K,H,W,0.003285726863066496,False,2
11,2dp9,49,L,True,unseen_protein_uncovered_source,unseen_protein_covered_source,legacy_oracle_r32,old,0.9944498608249036,0.9949841515491499,0.10455897334470188,False,0.0,1.0,W,-0.0021718093442547604,0.0021718093442547604,0.0023054396427502327,True,True,W,True,0.0,1.0,1.0,0.0,0.010023180530947196,0.010023180530947196,0.003285726863066496,W,H,W,0.003285726863066496,False,0
11,2dp9,49,L,True,unseen_protein_uncovered_source,unseen_protein_covered_source,legacy_oracle_r32,new,1.0052801355799514,1.0062552795149344,0.11013228630003924,False,0.013995113422066531,0.9912280701754386,Y,-0.0016901175400878192,0.001725461610380119,0.0020105729968704572,True,True,H,False,0.0015413138382005531,1.0,0.8,0.0,0.010023180530947196,0.010023180530947196,0.003285726863066496,W,H,W,0.003285726863066496,False,0
11,2dp9,49,L,True,unseen_protein_uncovered_source,unseen_protein_covered_source,legacy_oracle_r32,all,1.0003084779983213,1.0009977618609522,0.10570276639083731,False,0.0,0.9964912280701754,W,-0.0019309634421712898,0.0019309634421712898,0.002123351390121132,True,True,W,True,0.0,1.0,1.0,0.0,0.010023180530947196,0.010023180530947196,0.003285726863066496,W,H,W,0.003285726863066496,False,0
11,2dp9,49,L,True,unseen_protein_uncovered_source,unseen_protein_covered_source,legacy_restricted_s231301,old,0.1353565297069642,0.22941150822568507,0.10455897334470188,False,0.033884319669882854,0.18947368421052632,Y,-0.03491179748697853,0.03491179748697853,0.040577782609033934,False,False,W,False,0.003542909677166639,0.3333333333333333,0.2,-0.0017444130248659429,0.008278767506081253,0.010023180530947196,0.0015413138382005531,Y,H,W,0.003285726863066496,True,0
11,2dp9,49,L,True,unseen_protein_uncovered_source,unseen_protein_covered_source,legacy_restricted_s231301,new,0.17758560423602493,0.28344457014345315,0.11013228630003924,False,0.4708567195215971,0.03333333333333333,R,-0.03500306933539976,0.03500306933539976,0.040712333165528976,False,False,H,False,0.0518565270406498,0.3333333333333333,0.2,-0.0017444130248659429,0.008278767506081253,0.010023180530947196,0.0015413138382005531,Y,H,W,0.003285726863066496,True,0
11,2dp9,49,L,True,unseen_protein_uncovered_source,unseen_protein_covered_source,legacy_restricted_s231301,all,0.1527141651852662,0.24710981064978663,0.10570276639083731,False,0.008507330099813719,0.02631578947368421,Y,-0.03495743341118915,0.03495743341118915,0.04061103401157766,False,False,W,False,0.0008992483261503481,0.3333333333333333,0.2,-0.0017444130248659429,0.008278767506081253,0.010023180530947196,0.0015413138382005531,Y,H,W,0.003285726863066496,True,0
11,2dp9,49,L,True,unseen_protein_uncovered_source,unseen_protein_covered_source,legacy_restricted_s231303,old,0.12046778816732992,0.18454720312153441,0.10455897334470188,False,0.25647990194659515,0.5912280701754385,A,-0.03953004559380557,0.03953004559380557,0.0446819534641942,False,True,W,False,0.02681727523108579,0.3333333333333333,0.8,0.015462165652562088,0.025485346183509283,0.010023180530947196,0.018747892515628584,A,H,W,0.003285726863066496,False,1
11,2dp9,49,L,True,unseen_protein_uncovered_source,unseen_protein_covered_source,legacy_restricted_s231303,new,0.1553775583657201,0.24072869238053102,0.11013228630003924,False,0.17023066664168493,0.4263157894736842,A,-0.040701108201657565,0.040701108201657565,0.045847453915714265,True,True,H,False,0.018747892515628584,0.6666666666666666,0.4,0.015462165652562088,0.025485346183509283,0.010023180530947196,0.018747892515628584,A,H,W,0.003285726863066496,False,1
11,2dp9,49,L,True,unseen_protein_uncovered_source,unseen_protein_covered_source,legacy_restricted_s231303,all,0.13431304219187923,0.20430176803309727,0.10570276639083731,False,0.19999212095982008,0.46842105263157896,A,-0.04011557689773157,0.04011557689773157,0.0452368828424343,True,True,W,False,0.02113972044182394,0.6666666666666666,0.8,0.015462165652562088,0.025485346183509283,0.010023180530947196,0.018747892515628584,A,H,W,0.003285726863066496,False,1
11,2dp9,49,L,True,unseen_protein_uncovered_source,unseen_protein_covered_source,legacy_wt_z,old,0.06803771986610874,0.1294336312043,0.10455897334470188,False,0.033884319669882854,0.40175438596491225,Y,-0.03450181524624338,0.03450181524624338,0.04089159096572827,False,False,W,False,0.003542909677166639,0.3333333333333333,0.4,-0.0017444130248659429,0.008278767506081253,0.010023180530947196,0.0015413138382005531,Y,H,W,0.003285726863066496,True,0
11,2dp9,49,L,True,unseen_protein_uncovered_source,unseen_protein_covered_source,legacy_wt_z,new,0.0650574357687439,0.13942253118670972,0.11013228630003924,False,0.4708567195215971,0.2175438596491228,R,-0.03415034193448105,0.03415034193448105,0.04118711719268718,False,False,H,False,0.0518565270406498,0.0,0.2,-0.0017444130248659429,0.008278767506081253,0.010023180530947196,0.0015413138382005531,Y,H,W,0.003285726863066496,True,0
11,2dp9,49,L,True,unseen_protein_uncovered_source,unseen_protein_covered_source,legacy_wt_z,all,0.06214696734675609,0.12193075123166554,0.10570276639083731,False,0.008507330099813719,0.3385964912280702,Y,-0.034326078590362206,0.034326078590362206,0.04100984419590059,False,False,W,False,0.0008992483261503481,0.3333333333333333,0.2,-0.0017444130248659429,0.008278767506081253,0.010023180530947196,0.0015413138382005531,Y,H,W,0.003285726863066496,True,0
15,5mh3,13,P,True,unseen_protein_uncovered_source,unseen_protein_uncovered_source,restricted_context_s231301,all,0.06162145698087114,2.5736024907678425,0.05995265463743993,False,0.7819656730472999,-0.11578947368421051,T,0.09670232361482678,0.09670232361482678,0.10188483260169595,False,False,D,False,0.04688091793453804,0.0,0.0,0.054849830947008744,0.01180601368129948,-0.043043817265709265,0.054849830947008744,T,D,D,0.0,False,4
15,5mh3,13,P,True,unseen_protein_uncovered_source,unseen_protein_uncovered_source,restricted_context_s231301,new,0.2638656424913299,2.472353082325313,0.06238886444951776,False,0.8791605910921931,0.056140350877192984,T,0.08366649231070312,0.08366649231070312,0.08932622290861991,False,False,D,False,0.054849830947008744,0.0,0.4,0.054849830947008744,0.01180601368129948,-0.043043817265709265,0.054849830947008744,T,D,D,0.0,False,4
15,5mh3,13,P,True,unseen_protein_uncovered_source,unseen_protein_uncovered_source,restricted_context_s231301,old,-0.14173673045099186,2.4022558134476033,0.057516444825362084,False,0.6765370328471508,-0.15614035087719297,T,0.10973815491895043,0.10973815491895043,0.11468858898789626,False,False,D,False,0.038912004922067325,0.0,0.0,0.054849830947008744,0.01180601368129948,-0.043043817265709265,0.054849830947008744,T,D,D,0.0,False,4
15,5mh3,13,P,True,unseen_protein_uncovered_source,unseen_protein_uncovered_source,restricted_aa_only_s231301,all,-0.22267712801912762,2.279909033393335,0.05995265463743993,False,0.633040153942976,-0.10701754385964912,V,-0.04332941598890129,0.044532465072631755,0.05281137135134319,False,False,D,False,0.03795243772097504,0.0,0.4,0.03730072234543121,-0.005743094920278052,-0.043043817265709265,0.03730072234543121,V,D,D,0.0,False,4
15,5mh3,13,P,True,unseen_protein_uncovered_source,unseen_protein_uncovered_source,restricted_aa_only_s231301,new,-0.17710840714708423,2.190213969077096,0.06238886444951776,False,0.5978746796331462,-0.2157894736842105,V,-0.05636524729302493,0.05636524729302493,0.0639661601495009,False,False,D,False,0.03730072234543121,0.0,0.2,0.03730072234543121,-0.005743094920278052,-0.043043817265709265,0.03730072234543121,V,D,D,0.0,False,4
15,5mh3,13,P,True,unseen_protein_uncovered_source,unseen_protein_uncovered_source,restricted_aa_only_s231301,old,-0.22081844958502886,2.12811603549808,0.057516444825362084,False,0.6711846188291566,-0.0824561403508772,V,-0.030293584684777632,0.035790591840963476,0.04310476259476651,False,False,D,False,0.038604153096518865,0.0,0.2,0.03730072234543121,-0.005743094920278052,-0.043043817265709265,0.03730072234543121,V,D,D,0.0,False,4
15,5mh3,13,P,True,unseen_protein_uncovered_source,unseen_protein_uncovered_source,restricted_context_s231303,all,3.9834186375460243,26.801558168869185,0.05995265463743993,False,0.633040153942976,0.13508771929824562,V,-0.1671623910374731,0.2988394426730873,0.3543388434568256,True,True,D,False,0.03795243772097504,0.3333333333333333,0.4,0.03730072234543121,-0.005743094920278052,-0.043043817265709265,0.03730072234543121,V,D,D,0.0,False,4
15,5mh3,13,P,True,unseen_protein_uncovered_source,unseen_protein_uncovered_source,restricted_context_s231303,new,6.162891944840078,25.747144396862602,0.06238886444951776,False,0.5978746796331462,0.21403508771929824,V,-0.18019822234159677,0.30480142781369146,0.3596611118156005,True,True,D,False,0.03730072234543121,0.3333333333333333,0.4,0.03730072234543121,-0.005743094920278052,-0.043043817265709265,0.03730072234543121,V,D,D,0.0,False,4
15,5mh3,13,P,True,unseen_protein_uncovered_source,unseen_protein_uncovered_source,restricted_context_s231303,old,1.1229313361593403,25.01714975470469,0.057516444825362084,False,0.6711846188291566,0.0017543859649122807,V,-0.15412655973334943,0.29287745753248323,0.349467487653446,True,True,D,False,0.038604153096518865,0.3333333333333333,0.2,0.03730072234543121,-0.005743094920278052,-0.043043817265709265,0.03730072234543121,V,D,D,0.0,False,4
15,5mh3,13,P,True,unseen_protein_uncovered_source,unseen_protein_uncovered_source,restricted_aa_only_s231303,all,-0.05429354019886954,5.113553963597834,0.05995265463743993,False,0.37757257325713334,0.14385964912280702,A,-0.3898529415498622,0.3898529415498622,0.3946207537801363,False,False,D,False,0.022636478085054403,0.6666666666666666,0.4,0.02765043506789693,-0.015393382197812337,-0.043043817265709265,0.02765043506789693,A,D,D,0.0,False,4
15,5mh3,13,P,True,unseen_protein_uncovered_source,unseen_protein_uncovered_source,restricted_aa_only_s231303,new,0.048644837834591434,4.912379028575618,0.06238886444951776,False,0.44319503667630317,0.21052631578947367,A,-0.4028887728539859,0.4028887728539859,0.407482133888017,False,False,D,False,0.02765043506789693,0.6666666666666666,0.4,0.02765043506789693,-0.015393382197812337,-0.043043817265709265,0.02765043506789693,A,D,D,0.0,False,4
15,5mh3,13,P,True,unseen_protein_uncovered_source,unseen_protein_uncovered_source,restricted_aa_only_s231303,old,-0.14053481832643167,4.773101044352013,0.057516444825362084,False,0.3063910009688421,0.0543859649122807,A,-0.3768171102457386,0.3768171102457386,0.3818127780793592,False,False,D,False,0.017622521102211866,0.3333333333333333,0.4,0.02765043506789693,-0.015393382197812337,-0.043043817265709265,0.02765043506789693,A,D,D,0.0,False,4
15,5mh3,13,P,True,unseen_protein_uncovered_source,unseen_protein_uncovered_source,expanded_context_s231301,all,0.019765267939671365,4.793014789343028,0.05995265463743993,False,0.6366411766401826,0.028070175438596492,Q,-0.10223164249989816,0.10591465761372083,0.11719842644409412,False,False,D,False,0.038168328591082254,0.0,0.0,0.035599635329029905,-0.00744418193667936,-0.043043817265709265,0.035599635329029905,Q,D,D,0.0,False,6
15,5mh3,13,P,True,unseen_protein_uncovered_source,unseen_protein_uncovered_source,expanded_context_s231301,new,-0.06296612562144645,4.604450349489501,0.06238886444951776,False,0.5706088040412327,0.14210526315789473,Q,-0.11526747380402179,0.11731452136328013,0.12886571077564155,False,False,D,False,0.035599635329029905,0.3333333333333333,0.4,0.035599635329029905,-0.00744418193667936,-0.043043817265709265,0.035599635329029905,Q,D,D,0.0,False,6
15,5mh3,13,P,True,unseen_protein_uncovered_source,unseen_protein_uncovered_source,expanded_context_s231301,old,0.09388824650057706,4.473902897958563,0.057516444825362084,False,0.7082673829515181,-0.05087719298245614,Q,-0.08919581119577451,0.09475508673315772,0.10600084538736483,False,False,D,False,0.04073702185313459,0.0,0.2,0.035599635329029905,-0.00744418193667936,-0.043043817265709265,0.035599635329029905,Q,D,D,0.0,False,6
15,5mh3,13,P,True,unseen_protein_uncovered_source,unseen_protein_uncovered_source,expanded_aa_only_s231301,all,-0.03291886038386537,0.48621812341662324,0.05995265463743993,False,0.633040153942976,0.0017543859649122807,V,0.0027340801908793968,0.008892701517768114,0.013644415319356949,False,False,D,False,0.03795243772097504,0.3333333333333333,0.2,0.03730072234543121,-0.005743094920278052,-0.043043817265709265,0.03730072234543121,V,D,D,0.0,False,4
15,5mh3,13,P,True,unseen_protein_uncovered_source,unseen_protein_uncovered_source,expanded_aa_only_s231301,new,-0.035281204497599736,0.4670895681923538,0.06238886444951776,False,0.5978746796331462,-0.07543859649122807,V,-0.010301751113244252,0.015367132923647976,0.017255370067983188,False,False,D,False,0.03730072234543121,0.0,0.2,0.03730072234543121,-0.005743094920278052,-0.043043817265709265,0.03730072234543121,V,D,D,0.0,False,4
15,5mh3,13,P,True,unseen_protein_uncovered_source,unseen_protein_uncovered_source,expanded_aa_only_s231301,old,-0.024053853546325697,0.45384643423805704,0.057516444825362084,False,0.6711846188291566,-0.04736842105263158,V,0.015769911495003047,0.01585533552845686,0.021123462245450874,False,False,D,False,0.038604153096518865,0.0,0.2,0.03730072234543121,-0.005743094920278052,-0.043043817265709265,0.03730072234543121,V,D,D,0.0,False,4
15,5mh3,13,P,True,unseen_protein_uncovered_source,unseen_protein_uncovered_source,expanded_context_s231303,all,0.3301387313190197,1.954919558499975,0.05995265463743993,False,0.0,-0.02456140350877193,D,0.014401148154068207,0.02175849431101419,0.027900307714402977,True,True,D,True,0.0,0.3333333333333333,0.4,0.0,-0.043043817265709265,-0.043043817265709265,0.0,D,D,D,0.0,False,3
15,5mh3,13,P,True,unseen_protein_uncovered_source,unseen_protein_uncovered_source,expanded_context_s231303,new,0.6451105820265396,1.8780100709000467,0.06238886444951776,False,0.0,0.30526315789473685,D,0.0013653168499445539,0.017999941085144796,0.021980181148807197,True,True,D,True,0.0,0.6666666666666666,0.6,0.0,-0.043043817265709265,-0.043043817265709265,0.0,D,D,D,0.0,False,3
15,5mh3,13,P,True,unseen_protein_uncovered_source,unseen_protein_uncovered_source,expanded_context_s231303,old,-0.03376456354474742,1.8247638829522022,0.057516444825362084,False,0.0,-0.18596491228070175,D,0.027436979458191856,0.03077671182058612,0.03801755242498132,True,True,D,True,0.0,0.3333333333333333,0.4,0.0,-0.043043817265709265,-0.043043817265709265,0.0,D,D,D,0.0,False,3
15,5mh3,13,P,True,unseen_protein_uncovered_source,unseen_protein_uncovered_source,expanded_aa_only_s231303,all,-0.6150423306209623,8.179973719968276,0.05995265463743993,False,0.7819656730472999,-0.4421052631578948,T,-0.2300651258974667,0.24619530168417333,0.24983529077135583,False,False,D,False,0.04688091793453804,0.0,0.0,0.054849830947008744,0.01180601368129948,-0.043043817265709265,0.054849830947008744,T,D,D,0.0,False,4
15,5mh3,13,P,True,unseen_protein_uncovered_source,unseen_protein_uncovered_source,expanded_aa_only_s231303,new,-0.256049322015949,7.858161201060148,0.06238886444951776,False,0.8791605910921931,-0.38947368421052625,T,-0.24310095720159036,0.25754063326171533,0.26173384557676865,False,False,D,False,0.054849830947008744,0.0,0.0,0.054849830947008744,0.01180601368129948,-0.043043817265709265,0.054849830947008744,T,D,D,0.0,False,4
15,5mh3,13,P,True,unseen_protein_uncovered_source,unseen_protein_uncovered_source,expanded_aa_only_s231303,old,-0.8300068966850217,7.635363073020515,0.057516444825362084,False,0.6765370328471508,-0.3017543859649123,T,-0.21702929459334303,0.23484997010663133,0.23812254707149397,False,False,D,False,0.038912004922067325,0.0,0.0,0.054849830947008744,0.01180601368129948,-0.043043817265709265,0.054849830947008744,T,D,D,0.0,False,4
15,5mh3,13,P,True,unseen_protein_uncovered_source,unseen_protein_uncovered_source,legacy_baseline,old,1.004653874703309,1.0046956329376286,0.057516444825362084,False,0.0,0.9964912280701754,D,0.00039376119812120126,0.00039376119812120126,0.00041433535577742043,True,True,D,True,0.0,1.0,0.8,0.0,-0.043043817265709265,-0.043043817265709265,0.0,D,D,D,0.0,False,3
15,5mh3,13,P,True,unseen_protein_uncovered_source,unseen_protein_uncovered_source,legacy_baseline,new,1.0078470290706965,1.008012349172076,0.06238886444951776,False,0.0,0.9929824561403509,D,0.0009647168537024843,0.0009647168537024843,0.0009946793303061193,True,True,D,True,0.0,1.0,1.0,0.0,-0.043043817265709265,-0.043043817265709265,0.0,D,D,D,0.0,False,3
15,5mh3,13,P,True,unseen_protein_uncovered_source,unseen_protein_uncovered_source,legacy_baseline,all,1.004835559890416,1.0049164111771192,0.05995265463743993,False,0.0,0.9964912280701754,D,0.0006792390259118429,0.0006792390259118429,0.0006977616647121209,True,True,D,True,0.0,1.0,1.0,0.0,-0.043043817265709265,-0.043043817265709265,0.0,D,D,D,0.0,False,3
15,5mh3,13,P,True,unseen_protein_uncovered_source,unseen_protein_uncovered_source,legacy_exact,old,1.0,1.0,0.057516444825362084,False,0.0,1.0,D,0.0,0.0,0.0,True,True,D,True,0.0,1.0,1.0,0.0,-0.043043817265709265,-0.043043817265709265,0.0,D,D,D,0.0,False,3
15,5mh3,13,P,True,unseen_protein_uncovered_source,unseen_protein_uncovered_source,legacy_exact,new,1.0,1.0,0.06238886444951776,False,0.0,1.0,D,0.0,0.0,0.0,True,True,D,True,0.0,1.0,1.0,0.0,-0.043043817265709265,-0.043043817265709265,0.0,D,D,D,0.0,False,3
15,5mh3,13,P,True,unseen_protein_uncovered_source,unseen_protein_uncovered_source,legacy_exact,all,1.0,1.0,0.05995265463743993,False,0.0,1.0,D,0.0,0.0,0.0,True,True,D,True,0.0,1.0,1.0,0.0,-0.043043817265709265,-0.043043817265709265,0.0,D,D,D,0.0,False,3
15,5mh3,13,P,True,unseen_protein_uncovered_source,unseen_protein_uncovered_source,legacy_expanded_s231301,old,0.22028917452437483,0.5649224357463272,0.057516444825362084,False,0.7394743553075138,0.519298245614035,L,0.0077793748472748,0.01027014149650983,0.014102705536476275,False,False,D,False,0.042531935956814815,0.0,0.4,0.045788244115414614,0.002744426849705349,-0.043043817265709265,0.045788244115414614,L,D,D,0.0,False,3
15,5mh3,13,P,True,unseen_protein_uncovered_source,unseen_protein_uncovered_source,legacy_expanded_s231301,new,0.19679189661280053,0.2849180887713121,0.06238886444951776,False,0.6219204535185661,0.8543859649122807,K,0.0014907511223289664,0.005551232378352057,0.0102205973278768,True,True,D,False,0.03880091087295243,0.3333333333333333,0.6,0.045788244115414614,0.002744426849705349,-0.043043817265709265,0.045788244115414614,L,D,D,0.0,False,3
15,5mh3,13,P,True,unseen_protein_uncovered_source,unseen_protein_uncovered_source,legacy_expanded_s231301,all,0.14287881629244717,0.3489257427281426,0.05995265463743993,False,0.5523390782576788,0.5491228070175439,K,0.004635062984801884,0.007183022249453415,0.011670433708285124,False,False,D,False,0.03311419400154452,0.3333333333333333,0.4,0.045788244115414614,0.002744426849705349,-0.043043817265709265,0.045788244115414614,L,D,D,0.0,False,3
15,5mh3,13,P,True,unseen_protein_uncovered_source,unseen_protein_uncovered_source,legacy_expanded_s231303,old,0.22261278470949392,0.6498030123839929,0.057516444825362084,False,0.7394743553075138,0.47017543859649114,L,0.005591885946588023,0.009144501494448723,0.013606747000011092,False,False,D,False,0.042531935956814815,0.0,0.4,0.045788244115414614,0.002744426849705349,-0.043043817265709265,0.045788244115414614,L,D,D,0.0,False,3
15,5mh3,13,P,True,unseen_protein_uncovered_source,unseen_protein_uncovered_source,legacy_expanded_s231303,new,0.10374009944764416,0.2942748782870985,0.06238886444951776,False,0.642684033644242,0.5175438596491229,F,-0.0019994706445554387,0.008166974327773784,0.011606621448952371,False,False,D,False,0.04009632705889992,0.0,0.0,0.045788244115414614,0.002744426849705349,-0.043043817265709265,0.045788244115414614,L,D,D,0.0,False,3
15,5mh3,13,P,True,unseen_protein_uncovered_source,unseen_protein_uncovered_source,legacy_expanded_s231303,all,0.09249263462742754,0.43277069249999994,0.05995265463743993,False,0.5736475768869134,0.3456140350877193,F,0.0017962076510162916,0.0071378028270587595,0.01186436796119569,False,False,D,False,0.034391695060705385,0.3333333333333333,0.4,0.045788244115414614,0.002744426849705349,-0.043043817265709265,0.045788244115414614,L,D,D,0.0,False,3
15,5mh3,13,P,True,unseen_protein_uncovered_source,unseen_protein_uncovered_source,legacy_oracle_r32,old,0.9987663552626763,0.9990617974106124,0.057516444825362084,False,0.0,0.9964912280701754,D,5.186952153010463e-05,0.00026137730116437027,0.0003096606413491588,True,True,D,True,0.0,1.0,0.8,0.0,-0.043043817265709265,-0.043043817265709265,0.0,D,D,D,0.0,False,3
15,5mh3,13,P,True,unseen_protein_uncovered_source,unseen_protein_uncovered_source,legacy_oracle_r32,new,1.0050757170920819,1.0057712103123453,0.06238886444951776,False,0.0,0.9929824561403509,D,0.0007970240572477296,0.0008214198400814954,0.0009203397148239871,True,True,D,True,0.0,1.0,1.0,0.0,-0.043043817265709265,-0.043043817265709265,0.0,D,D,D,0.0,False,3
15,5mh3,13,P,True,unseen_protein_uncovered_source,unseen_protein_uncovered_source,legacy_oracle_r32,all,1.0015505853285545,1.0019113213270365,0.05995265463743993,False,0.0,0.9947368421052631,D,0.0004244467893889173,0.00046092109885170215,0.0005288261945424084,True,True,D,True,0.0,1.0,1.0,0.0,-0.043043817265709265,-0.043043817265709265,0.0,D,D,D,0.0,False,3
15,5mh3,13,P,True,unseen_protein_uncovered_source,unseen_protein_uncovered_source,legacy_restricted_s231301,old,0.26892857275185883,0.6527612812579838,0.057516444825362084,False,0.7394743553075138,0.5,L,0.008218554343887002,0.011175050110737647,0.014402672846265526,False,False,D,False,0.042531935956814815,0.0,0.4,0.045788244115414614,0.002744426849705349,-0.043043817265709265,0.045788244115414614,L,D,D,0.0,False,3
15,5mh3,13,P,True,unseen_protein_uncovered_source,unseen_protein_uncovered_source,legacy_restricted_s231301,new,0.20536533633433007,0.3331199593773295,0.06238886444951776,False,0.6219204535185661,0.6684210526315789,K,0.0016113863276511918,0.006164306390420352,0.01033028688519964,True,True,D,False,0.03880091087295243,0.3333333333333333,0.6,0.045788244115414614,0.002744426849705349,-0.043043817265709265,0.045788244115414614,L,D,D,0.0,False,3
15,5mh3,13,P,True,unseen_protein_uncovered_source,unseen_protein_uncovered_source,legacy_restricted_s231301,all,0.16122419660035195,0.4014356111831237,0.05995265463743993,False,0.7365827302088658,0.5333333333333333,L,0.004914970335769096,0.007907572253253163,0.011800173709895964,False,False,D,False,0.04416009003611472,0.6666666666666666,0.6,0.045788244115414614,0.002744426849705349,-0.043043817265709265,0.045788244115414614,L,D,D,0.0,False,3
15,5mh3,13,P,True,unseen_protein_uncovered_source,unseen_protein_uncovered_source,legacy_restricted_s231303,old,0.16667535251795648,0.9926904573115395,0.057516444825362084,False,0.7394743553075138,0.34210526315789475,L,0.010121595843206111,0.0132480395617347,0.019043100999591327,False,False,D,False,0.042531935956814815,0.3333333333333333,0.2,0.045788244115414614,0.002744426849705349,-0.043043817265709265,0.045788244115414614,L,D,D,0.0,False,3
15,5mh3,13,P,True,unseen_protein_uncovered_source,unseen_protein_uncovered_source,legacy_restricted_s231303,new,0.05314484618522738,0.2632077511068314,0.06238886444951776,False,0.6813581566783099,0.47543859649122805,S,0.0019055860948397805,0.007161428741878135,0.012116840133560782,False,False,D,False,0.04250916167857636,0.0,0.6,0.045788244115414614,0.002744426849705349,-0.043043817265709265,0.045788244115414614,L,D,D,0.0,False,3
15,5mh3,13,P,True,unseen_protein_uncovered_source,unseen_protein_uncovered_source,legacy_restricted_s231303,all,0.01302696271830672,0.6121373194456193,0.05995265463743993,False,0.5736475768869134,0.3368421052631579,F,0.006013590969022947,0.00909645126278399,0.01487369773809311,False,False,D,False,0.034391695060705385,0.0,0.6,0.045788244115414614,0.002744426849705349,-0.043043817265709265,0.045788244115414614,L,D,D,0.0,False,3
15,5mh3,13,P,True,unseen_protein_uncovered_source,unseen_protein_uncovered_source,legacy_wt_z,old,0.2210883870335423,0.5660672072546589,0.057516444825362084,False,0.7394743553075138,0.519298245614035,L,0.007810939084513795,0.010288721866118226,0.014118447821570972,False,False,D,False,0.042531935956814815,0.0,0.4,0.045788244115414614,0.002744426849705349,-0.043043817265709265,0.045788244115414614,L,D,D,0.0,False,3
15,5mh3,13,P,True,unseen_protein_uncovered_source,unseen_protein_uncovered_source,legacy_wt_z,new,0.19672999685390521,0.2848114014758633,0.06238886444951776,False,0.6219204535185661,0.8543859649122807,K,0.0015424411525366318,0.005542810326846019,0.010228722572514972,True,True,D,False,0.03880091087295243,0.3333333333333333,0.6,0.045788244115414614,0.002744426849705349,-0.043043817265709265,0.045788244115414614,L,D,D,0.0,False,3
15,5mh3,13,P,True,unseen_protein_uncovered_source,unseen_protein_uncovered_source,legacy_wt_z,all,0.14310267326623585,0.34937026137447885,0.05995265463743993,False,0.5523390782576788,0.5491228070175439,K,0.004676690118525213,0.007206856562717427,0.011686222786007653,False,False,D,False,0.03311419400154452,0.3333333333333333,0.4,0.045788244115414614,0.002744426849705349,-0.043043817265709265,0.045788244115414614,L,D,D,0.0,False,3
15,5mh3,66,E,True,unseen_protein_uncovered_source,unseen_protein_uncovered_source,restricted_context_s231301,all,126.01707854869855,332.699238509258,0.0469423268203982,False,0.11133504671214199,0.543859649122807,T,-1.8958512257034341,2.3279491978639903,3.7601565613793455,False,False,S,False,0.00522632614932567,0.3333333333333333,0.6,0.0022629199401789993,0.0011726022447017537,-0.0010903176954772456,0.005778654844499659,T,K,S,0.0035157349043206595,False,4
15,5mh3,66,E,True,unseen_protein_uncovered_source,unseen_protein_uncovered_source,restricted_context_s231301,new,211.73861508671,496.6216257488818,0.025550542291508285,False,0.2261656437100434,0.356140350877193,T,-1.8935133133123576,2.3296282025321524,3.759758387873922,True,True,K,False,0.005778654844499659,0.3333333333333333,0.6,0.0022629199401789993,0.0011726022447017537,-0.0010903176954772456,0.005778654844499659,T,K,S,0.0035157349043206595,False,4
15,5mh3,66,E,True,unseen_protein_uncovered_source,unseen_protein_uncovered_source,restricted_context_s231301,old,37.951550654487,163.57181823748877,0.09433586651806705,False,0.08681461951593836,0.28421052631578947,T,-1.8981891380945108,2.3262701931958274,3.7605889725088133,False,False,S,False,0.00818973235847234,0.0,0.4,0.0022629199401789993,0.0011726022447017537,-0.0010903176954772456,0.005778654844499659,T,K,S,0.0035157349043206595,False,4
15,5mh3,66,E,True,unseen_protein_uncovered_source,unseen_protein_uncovered_source,restricted_aa_only_s231301,all,-0.588495070347189,9.572634690235262,0.0469423268203982,False,0.31552408739358967,-0.10350877192982455,V,0.015861135026130062,0.048125729321683824,0.09596205638207908,False,False,S,False,0.01481143483013777,0.0,0.2,0.02018941390945149,0.019099096213974244,-0.0010903176954772456,0.02370514881377215,V,K,S,0.0035157349043206595,False,4
15,5mh3,66,E,True,unseen_protein_uncovered_source,unseen_protein_uncovered_source,restricted_aa_only_s231301,new,-2.0736128517147745,14.289114167697413,0.025550542291508285,False,0.927774782363447,-0.2789473684210526,V,0.01819904741720644,0.048962158657927884,0.09644196486139303,False,True,K,False,0.02370514881377215,0.0,0.2,0.02018941390945149,0.019099096213974244,-0.0010903176954772456,0.02370514881377215,V,K,S,0.0035157349043206595,False,4
15,5mh3,66,E,True,unseen_protein_uncovered_source,unseen_protein_uncovered_source,restricted_aa_only_s231301,old,-0.059548730936296715,4.70639268253531,0.09433586651806705,False,0.09999861239433645,0.1736842105263158,V,0.013523222635053692,0.0503717659542366,0.09682046849058387,False,False,S,False,0.009433455750824049,0.3333333333333333,0.6,0.02018941390945149,0.019099096213974244,-0.0010903176954772456,0.02370514881377215,V,K,S,0.0035157349043206595,False,4
15,5mh3,66,E,True,unseen_protein_uncovered_source,unseen_protein_uncovered_source,restricted_context_s231303,all,-13.121142721146601,52.24306261497839,0.0469423268203982,False,0.31552408739358967,-0.3385964912280702,V,0.6564529796342029,0.7062965177974361,0.8331428413513545,False,False,S,False,0.01481143483013777,0.0,0.2,0.02018941390945149,0.019099096213974244,-0.0010903176954772456,0.02370514881377215,V,K,S,0.0035157349043206595,False,4
15,5mh3,66,E,True,unseen_protein_uncovered_source,unseen_protein_uncovered_source,restricted_context_s231303,new,-21.401254776928848,77.98345077735796,0.025550542291508285,False,0.927774782363447,-0.1701754385964912,V,0.6587908920252793,0.7092501273834336,0.8345524718567336,False,True,K,False,0.02370514881377215,0.0,0.2,0.02018941390945149,0.019099096213974244,-0.0010903176954772456,0.02370514881377215,V,K,S,0.0035157349043206595,False,4
15,5mh3,66,E,True,unseen_protein_uncovered_source,unseen_protein_uncovered_source,restricted_context_s231303,old,-4.021602566189413,25.68533904831644,0.09433586651806705,False,0.09999861239433645,-0.2912280701754386,V,0.6541150672431266,0.7033429082114386,0.8318857993034501,False,False,S,False,0.009433455750824049,0.0,0.2,0.02018941390945149,0.019099096213974244,-0.0010903176954772456,0.02370514881377215,V,K,S,0.0035157349043206595,False,4
15,5mh3,66,E,True,unseen_protein_uncovered_source,unseen_protein_uncovered_source,restricted_aa_only_s231303,all,1.3619871960043657,5.110937258691391,0.0469423268203982,False,0.31552408739358967,0.14736842105263157,V,0.02993024639249113,0.03932363892867116,0.05679169753551899,False,True,S,False,0.01481143483013777,0.3333333333333333,0.6,0.02018941390945149,0.019099096213974244,-0.0010903176954772456,0.02370514881377215,V,K,S,0.0035157349043206595,False,4
15,5mh3,66,E,True,unseen_protein_uncovered_source,unseen_protein_uncovered_source,restricted_aa_only_s231303,new,-2.8270090729735573,7.629118665509724,0.025550542291508285,False,0.927774782363447,-0.18596491228070175,V,0.0322681587835675,0.04331611869651527,0.06180976636765358,False,False,K,False,0.02370514881377215,0.0,0.4,0.02018941390945149,0.019099096213974244,-0.0010903176954772456,0.02370514881377215,V,K,S,0.0035157349043206595,False,4
15,5mh3,66,E,True,unseen_protein_uncovered_source,unseen_protein_uncovered_source,restricted_aa_only_s231303,old,0.9651255120876205,2.5127959536300946,0.09433586651806705,False,0.09999861239433645,0.3350877192982456,V,0.027592334001414757,0.03533115916082705,0.05373983414949744,False,True,S,False,0.009433455750824049,0.3333333333333333,0.6,0.02018941390945149,0.019099096213974244,-0.0010903176954772456,0.02370514881377215,V,K,S,0.0035157349043206595,False,4
15,5mh3,66,E,True,unseen_protein_uncovered_source,unseen_protein_uncovered_source,expanded_context_s231301,all,2.285344498642268,9.89999162495122,0.0469423268203982,False,0.0021825079207947193,0.5228070175438596,K,0.02171252093084813,0.08795063997815282,0.09740853458252594,True,True,S,False,0.00010245200010605346,0.6666666666666666,0.6,-0.0035157349043206595,-0.004606052599797905,-0.0010903176954772456,0.0,K,K,S,0.0035157349043206595,False,4
15,5mh3,66,E,True,unseen_protein_uncovered_source,unseen_protein_uncovered_source,expanded_context_s231301,new,8.439970675149631,14.777761312930616,0.025550542291508285,False,0.0,0.6035087719298246,K,0.024050433321924497,0.08675893591894214,0.09620741509319242,True,True,K,True,0.0,0.6666666666666666,0.6,-0.0035157349043206595,-0.004606052599797905,-0.0010903176954772456,0.0,K,K,S,0.0035157349043206595,False,4
15,5mh3,66,E,True,unseen_protein_uncovered_source,unseen_protein_uncovered_source,expanded_context_s231301,old,0.18922706966969238,4.867337953297179,0.09433586651806705,False,0.03944034270168278,0.09298245614035087,K,0.019374608539771764,0.09131182917745873,0.09989395214438229,True,True,S,False,0.0037206389045327665,0.3333333333333333,0.4,-0.0035157349043206595,-0.004606052599797905,-0.0010903176954772456,0.0,K,K,S,0.0035157349043206595,False,4
15,5mh3,66,E,True,unseen_protein_uncovered_source,unseen_protein_uncovered_source,expanded_aa_only_s231301,all,0.15622650811911076,3.156541418820712,0.0469423268203982,False,0.14810975476903837,-0.12631578947368421,C,0.044115903872144355,0.04988260895412986,0.05443521230614821,False,False,S,False,0.00695261651365723,0.0,0.0,0.008040722153953003,0.006950404458475758,-0.0010903176954772456,0.011556457058273663,C,K,S,0.0035157349043206595,False,4
15,5mh3,66,E,True,unseen_protein_uncovered_source,unseen_protein_uncovered_source,expanded_aa_only_s231301,new,-0.6702468506489114,4.711783345770425,0.025550542291508285,False,0.45229791706277983,-0.14210526315789473,C,0.04645381626322074,0.052384652914967654,0.05665317789996218,False,False,K,False,0.011556457058273663,0.0,0.0,0.008040722153953003,0.006950404458475758,-0.0010903176954772456,0.011556457058273663,C,K,S,0.0035157349043206595,False,4
15,5mh3,66,E,True,unseen_protein_uncovered_source,unseen_protein_uncovered_source,expanded_aa_only_s231301,old,0.1482373381548296,1.5519158430658049,0.09433586651806705,False,0.062166290402794935,0.04912280701754386,C,0.041777991481067984,0.05092020320002142,0.05454012547082891,False,False,S,False,0.005864510873361456,0.3333333333333333,0.2,0.008040722153953003,0.006950404458475758,-0.0010903176954772456,0.011556457058273663,C,K,S,0.0035157349043206595,False,4
15,5mh3,66,E,True,unseen_protein_uncovered_source,unseen_protein_uncovered_source,expanded_context_s231303,all,0.3539908439984158,2.4371112269092317,0.0469423268203982,False,0.1495810884758617,0.10701754385964912,D,0.015902216165405648,0.022975750217679558,0.029118085716557933,False,False,S,False,0.007021684341384799,0.0,0.0,0.005215877546963489,0.0041255598514862435,-0.0010903176954772456,0.008731612451284149,D,K,S,0.0035157349043206595,False,3
15,5mh3,66,E,True,unseen_protein_uncovered_source,unseen_protein_uncovered_source,expanded_context_s231303,new,0.5882103423876406,3.63788671432392,0.025550542291508285,False,0.3417388308891627,-0.01754385964912281,D,0.018240128556482018,0.024010247541141096,0.02987044002094069,False,False,K,False,0.008731612451284149,0.0,0.0,0.005215877546963489,0.0041255598514862435,-0.0010903176954772456,0.008731612451284149,D,K,S,0.0035157349043206595,False,3
15,5mh3,66,E,True,unseen_protein_uncovered_source,unseen_protein_uncovered_source,expanded_context_s231303,old,0.10732222096685108,1.1982074753725265,0.09433586651806705,False,0.09357513172485125,-0.02456140350877193,D,0.013564303774329276,0.025887931770818707,0.03257768898274833,False,False,S,False,0.00882749113580611,0.0,0.0,0.005215877546963489,0.0041255598514862435,-0.0010903176954772456,0.008731612451284149,D,K,S,0.0035157349043206595,False,3
15,5mh3,66,E,True,unseen_protein_uncovered_source,unseen_protein_uncovered_source,expanded_aa_only_s231303,all,0.8787950923274476,3.1821076329645632,0.0469423268203982,False,0.11133504671214199,0.25263157894736843,T,-0.18704859546088592,0.18704859546088592,0.1894245195058443,False,True,S,False,0.00522632614932567,0.0,0.4,0.0022629199401789993,0.0011726022447017537,-0.0010903176954772456,0.005778654844499659,T,K,S,0.0035157349043206595,False,4
15,5mh3,66,E,True,unseen_protein_uncovered_source,unseen_protein_uncovered_source,expanded_aa_only_s231303,new,-0.3090996525288054,4.749946146771276,0.025550542291508285,False,0.2261656437100434,-0.14736842105263157,T,-0.1847106830698096,0.1847106830698096,0.18749449003196575,False,False,K,False,0.005778654844499659,0.0,0.4,0.0022629199401789993,0.0011726022447017537,-0.0010903176954772456,0.005778654844499659,T,K,S,0.0035157349043206595,False,4
15,5mh3,66,E,True,unseen_protein_uncovered_source,unseen_protein_uncovered_source,expanded_aa_only_s231303,old,0.45837781415238427,1.564485490509835,0.09433586651806705,False,0.08681461951593836,0.1736842105263158,T,-0.18938650785196232,0.18938650785196232,0.1920076471461507,False,True,S,False,0.00818973235847234,0.3333333333333333,0.4,0.0022629199401789993,0.0011726022447017537,-0.0010903176954772456,0.005778654844499659,T,K,S,0.0035157349043206595,False,4
15,5mh3,66,E,True,unseen_protein_uncovered_source,unseen_protein_uncovered_source,legacy_baseline,old,1.0231259879597627,1.0231768255501912,0.09433586651806705,False,0.0,1.0,S,9.016317020869565e-05,0.00019009819431240282,0.0005103634123303403,True,True,S,True,0.0,1.0,1.0,0.0,-0.0010903176954772456,-0.0010903176954772456,0.0035157349043206595,S,K,S,0.0035157349043206595,False,4
15,5mh3,66,E,True,unseen_protein_uncovered_source,unseen_protein_uncovered_source,legacy_baseline,new,0.996794497576469,0.9972473482277017,0.025550542291508285,False,0.0,1.0,K,1.0032071093146452e-05,0.00015016556925636753,0.00019807982061266803,True,True,K,True,0.0,1.0,1.0,0.0,-0.0010903176954772456,-0.0010903176954772456,0.0035157349043206595,S,K,S,0.0035157349043206595,False,4
15,5mh3,66,E,True,unseen_protein_uncovered_source,unseen_protein_uncovered_source,legacy_baseline,all,1.0199176714998643,1.0201381245124033,0.0469423268203982,False,0.0,1.0,S,5.009762065092123e-05,0.00016472785888006788,0.00028866638706588675,True,True,S,True,0.0,1.0,1.0,0.0,-0.0010903176954772456,-0.0010903176954772456,0.0035157349043206595,S,K,S,0.0035157349043206595,False,4
15,5mh3,66,E,True,unseen_protein_uncovered_source,unseen_protein_uncovered_source,legacy_exact,old,1.0,1.0,0.09433586651806705,False,0.0,1.0,S,0.0,0.0,0.0,True,True,S,True,0.0,1.0,1.0,0.0,-0.0010903176954772456,-0.0010903176954772456,0.0035157349043206595,S,K,S,0.0035157349043206595,False,4
15,5mh3,66,E,True,unseen_protein_uncovered_source,unseen_protein_uncovered_source,legacy_exact,new,1.0,1.0,0.025550542291508285,False,0.0,1.0,K,0.0,0.0,0.0,True,True,K,True,0.0,1.0,1.0,0.0,-0.0010903176954772456,-0.0010903176954772456,0.0035157349043206595,S,K,S,0.0035157349043206595,False,4
15,5mh3,66,E,True,unseen_protein_uncovered_source,unseen_protein_uncovered_source,legacy_exact,all,1.0,1.0,0.0469423268203982,False,0.0,1.0,S,0.0,0.0,0.0,True,True,S,True,0.0,1.0,1.0,0.0,-0.0010903176954772456,-0.0010903176954772456,0.0035157349043206595,S,K,S,0.0035157349043206595,False,4
15,5mh3,66,E,True,unseen_protein_uncovered_source,unseen_protein_uncovered_source,legacy_expanded_s231301,old,0.1841338952765019,0.5797590699892006,0.09433586651806705,False,0.03433012910692414,0.6052631578947367,I,-0.005944373892718362,0.010462629764993342,0.02043615904238172,True,True,S,False,0.003238562476978804,0.6666666666666666,0.6,0.022034807387187626,0.02094448969171038,-0.0010903176954772456,0.025550542291508285,I,K,S,0.0035157349043206595,False,4
15,5mh3,66,E,True,unseen_protein_uncovered_source,unseen_protein_uncovered_source,legacy_expanded_s231301,new,0.5946347320194655,0.6778317398216924,0.025550542291508285,False,0.0,0.9280701754385964,K,-0.004429510039197002,0.004429510039197002,0.005585547471077573,True,True,K,True,0.0,0.6666666666666666,1.0,0.022034807387187626,0.02094448969171038,-0.0010903176954772456,0.025550542291508285,I,K,S,0.0035157349043206595,False,4
15,5mh3,66,E,True,unseen_protein_uncovered_source,unseen_protein_uncovered_source,legacy_expanded_s231301,all,0.1503302727216932,0.6118374143142216,0.0469423268203982,False,0.0021825079207947193,0.543859649122807,K,-0.005186941965957681,0.00663346007208315,0.011376250370259801,True,True,S,False,0.00010245200010605346,0.6666666666666666,0.8,0.022034807387187626,0.02094448969171038,-0.0010903176954772456,0.025550542291508285,I,K,S,0.0035157349043206595,False,4
15,5mh3,66,E,True,unseen_protein_uncovered_source,unseen_protein_uncovered_source,legacy_expanded_s231303,old,0.6747796001238469,0.7299911408768921,0.09433586651806705,False,0.03433012910692414,0.7947368421052632,I,-0.007279960912683774,0.007736871827227823,0.011198757939851948,True,True,S,False,0.003238562476978804,1.0,0.6,0.022034807387187626,0.02094448969171038,-0.0010903176954772456,0.025550542291508285,I,K,S,0.0035157349043206595,False,4
15,5mh3,66,E,True,unseen_protein_uncovered_source,unseen_protein_uncovered_source,legacy_expanded_s231303,new,0.5874613969833518,0.7275793565400909,0.025550542291508285,False,0.0,0.8473684210526315,K,-0.0048976296695447214,0.004968596380931384,0.006259017376589299,True,True,K,True,0.0,0.6666666666666666,0.8,0.022034807387187626,0.02094448969171038,-0.0010903176954772456,0.025550542291508285,I,K,S,0.0035157349043206595,False,4
15,5mh3,66,E,True,unseen_protein_uncovered_source,unseen_protein_uncovered_source,legacy_expanded_s231303,all,0.629086391362507,0.7381394192516127,0.0469423268203982,False,0.0,0.6719298245614035,S,-0.0060887952911142474,0.0060887952911142474,0.008027774670272277,True,True,S,True,0.0,0.6666666666666666,0.8,0.022034807387187626,0.02094448969171038,-0.0010903176954772456,0.025550542291508285,I,K,S,0.0035157349043206595,False,4
15,5mh3,66,E,True,unseen_protein_uncovered_source,unseen_protein_uncovered_source,legacy_oracle_r32,old,0.7526889473173494,0.7554257591958646,0.09433586651806705,False,0.0,0.9982456140350877,S,-0.0013760218716130587,0.001472285854287442,0.005261463872584861,True,True,S,True,0.0,1.0,1.0,0.0,-0.0010903176954772456,-0.0010903176954772456,0.0035157349043206595,S,K,S,0.0035157349043206595,False,4
15,5mh3,66,E,True,unseen_protein_uncovered_source,unseen_protein_uncovered_source,legacy_oracle_r32,new,0.9984842114915284,1.0003254919481024,0.025550542291508285,False,0.0,0.9947368421052631,K,-0.0003484769363477741,0.000428546559011804,0.0005284339665030401,True,True,K,True,0.0,1.0,1.0,0.0,-0.0010903176954772456,-0.0010903176954772456,0.0035157349043206595,S,K,S,0.0035157349043206595,False,4
15,5mh3,66,E,True,unseen_protein_uncovered_source,unseen_protein_uncovered_source,legacy_oracle_r32,all,0.7698512350454606,0.7796389022406327,0.0469423268203982,False,0.0,0.9982456140350877,S,-0.0008622494039804162,0.000929843560391324,0.0026923777385289547,True,True,S,True,0.0,1.0,1.0,0.0,-0.0010903176954772456,-0.0010903176954772456,0.0035157349043206595,S,K,S,0.0035157349043206595,False,4
15,5mh3,66,E,True,unseen_protein_uncovered_source,unseen_protein_uncovered_source,legacy_restricted_s231301,old,0.8756544504089332,0.9330194031159021,0.09433586651806705,False,0.047429901629893204,0.719298245614035,A,0.0025060979050304712,0.0056248966934928386,0.007305536564986152,True,True,S,False,0.004474340869122656,0.3333333333333333,0.8,0.000614105828957219,-0.00047621186652002656,-0.0010903176954772456,0.004129840733277879,A,K,S,0.0035157349043206595,False,4
15,5mh3,66,E,True,unseen_protein_uncovered_source,unseen_protein_uncovered_source,legacy_restricted_s231301,new,0.6287634819943377,0.9929099565797417,0.025550542291508285,False,0.0,0.4929824561403509,K,0.0020310449744105562,0.0050370063859116534,0.005944362290977871,True,True,K,True,0.0,0.3333333333333333,0.6,0.000614105828957219,-0.00047621186652002656,-0.0010903176954772456,0.004129840733277879,A,K,S,0.0035157349043206595,False,4
15,5mh3,66,E,True,unseen_protein_uncovered_source,unseen_protein_uncovered_source,legacy_restricted_s231301,all,0.871128416077308,1.043799090870564,0.0469423268203982,False,0.0021825079207947193,0.5228070175438596,K,0.0022685714397205135,0.004979658107755961,0.006188905467316365,True,True,S,False,0.00010245200010605346,1.0,0.6,0.000614105828957219,-0.00047621186652002656,-0.0010903176954772456,0.004129840733277879,A,K,S,0.0035157349043206595,False,4
15,5mh3,66,E,True,unseen_protein_uncovered_source,unseen_protein_uncovered_source,legacy_restricted_s231303,old,2.512516349953436,2.6207179039822166,0.09433586651806705,False,0.03433012910692414,0.25263157894736843,I,-0.0021818089912981984,0.017357501907710352,0.033582644910031385,False,False,S,False,0.003238562476978804,0.6666666666666666,0.4,0.022034807387187626,0.02094448969171038,-0.0010903176954772456,0.025550542291508285,I,K,S,0.0035157349043206595,False,4
15,5mh3,66,E,True,unseen_protein_uncovered_source,unseen_protein_uncovered_source,legacy_restricted_s231303,new,0.2176798651496359,0.6824155146319648,0.025550542291508285,False,0.3928080364372434,0.41754385964912283,F,-0.0033277870115293873,0.005899895082169798,0.00743135112532969,True,True,K,False,0.010036458347434114,0.6666666666666666,0.4,0.022034807387187626,0.02094448969171038,-0.0010903176954772456,0.025550542291508285,I,K,S,0.0035157349043206595,False,4
15,5mh3,66,E,True,unseen_protein_uncovered_source,unseen_protein_uncovered_source,legacy_restricted_s231303,all,2.317133058109815,2.6934085368801193,0.0469423268203982,False,0.2413897201327697,-0.1087719298245614,F,-0.002754798001413792,0.011288243478865471,0.018794725466329758,True,True,S,False,0.01133139513355693,0.3333333333333333,0.2,0.022034807387187626,0.02094448969171038,-0.0010903176954772456,0.025550542291508285,I,K,S,0.0035157349043206595,False,4
15,5mh3,66,E,True,unseen_protein_uncovered_source,unseen_protein_uncovered_source,legacy_wt_z,old,0.18030694761771757,0.6052662192025203,0.09433586651806705,False,0.03433012910692414,0.6052631578947367,I,-0.005762901841218583,0.01059933263265126,0.02074788718525302,True,True,S,False,0.003238562476978804,0.6666666666666666,0.6,0.022034807387187626,0.02094448969171038,-0.0010903176954772456,0.025550542291508285,I,K,S,0.0035157349043206595,False,4
15,5mh3,66,E,True,unseen_protein_uncovered_source,unseen_protein_uncovered_source,legacy_wt_z,new,0.5949207516323078,0.6779841730679564,0.025550542291508285,False,0.0,0.9280701754385964,K,-0.0043811581480295994,0.0043811581480295994,0.005545869785199556,True,True,K,True,0.0,0.6666666666666666,1.0,0.022034807387187626,0.02094448969171038,-0.0010903176954772456,0.025550542291508285,I,K,S,0.0035157349043206595,False,4
15,5mh3,66,E,True,unseen_protein_uncovered_source,unseen_protein_uncovered_source,legacy_wt_z,all,0.14674295328889786,0.6369588629254053,0.0469423268203982,False,0.0021825079207947193,0.5421052631578946,K,-0.00507202999462409,0.006684620181946481,0.011485667645040656,True,True,S,False,0.00010245200010605346,0.6666666666666666,0.8,0.022034807387187626,0.02094448969171038,-0.0010903176954772456,0.025550542291508285,I,K,S,0.0035157349043206595,False,4
19,2ed6,90,T,False,train,seen_protein_covered_source,restricted_context_s231301,all,0.9823408865396863,0.9841872645506383,1.8779000721004466,False,0.0,0.9947368421052631,V,0.02510877135627939,0.03376754034191197,0.040817534913632075,True,True,V,True,0.0,1.0,1.0,0.0,-1.8282624672838501,-1.8282624672838501,0.0,V,V,V,0.0,False,11
19,2ed6,90,T,False,train,seen_protein_covered_source,restricted_context_s231301,new,1.0169120438954031,1.025118157821352,1.7310337037399972,False,0.0,0.9824561403508772,V,0.0061451020463403686,0.05057859657864759,0.06452901857522278,True,True,V,True,0.0,1.0,0.8,0.0,-1.8282624672838501,-1.8282624672838501,0.0,V,V,V,0.0,False,11
19,2ed6,90,T,False,train,seen_protein_covered_source,restricted_context_s231301,old,0.942755588333008,0.9427944742607055,2.0247664404608963,False,0.0,1.0,V,0.04407244066621838,0.04496342598848475,0.05386395574858225,True,True,V,True,0.0,1.0,1.0,0.0,-1.8282624672838501,-1.8282624672838501,0.0,V,V,V,0.0,False,11
19,2ed6,90,T,False,train,seen_protein_covered_source,restricted_aa_only_s231301,all,0.11242281073907885,0.12248222082214097,1.8779000721004466,False,0.0,0.8929824561403509,V,0.8194078460500093,0.8194078460500093,0.937535450584174,True,True,V,True,0.0,0.6666666666666666,1.0,0.0,-1.8282624672838501,-1.8282624672838501,0.0,V,V,V,0.0,False,11
19,2ed6,90,T,False,train,seen_protein_covered_source,restricted_aa_only_s231301,new,0.11469997572365095,0.12757607530350332,1.7310337037399972,False,0.0,0.8649122807017543,V,0.8004441767400704,0.8004441767400704,0.9117112654322868,True,True,V,True,0.0,0.6666666666666666,0.8,0.0,-1.8282624672838501,-1.8282624672838501,0.0,V,V,V,0.0,False,11
19,2ed6,90,T,False,train,seen_protein_covered_source,restricted_aa_only_s231301,old,0.10931292268167292,0.11733088320241375,2.0247664404608963,False,0.0,0.9035087719298246,V,0.8383715153599485,0.8383715153599485,0.9646041614788493,True,True,V,True,0.0,0.6666666666666666,1.0,0.0,-1.8282624672838501,-1.8282624672838501,0.0,V,V,V,0.0,False,11
19,2ed6,90,T,False,train,seen_protein_covered_source,restricted_context_s231303,all,1.052379720436382,1.054309091317489,1.8779000721004466,False,0.0,0.9947368421052631,V,-0.028694912931670223,0.033794119869879236,0.051104343988379326,True,True,V,True,0.0,1.0,1.0,0.0,-1.8282624672838501,-1.8282624672838501,0.0,V,V,V,0.0,False,11
19,2ed6,90,T,False,train,seen_protein_covered_source,restricted_context_s231303,new,1.0894221088193388,1.0981562476925133,1.7310337037399972,False,0.0,0.9824561403508772,V,-0.047658582241609244,0.061810729833749745,0.093984545802998,True,True,V,True,0.0,1.0,0.8,0.0,-1.8282624672838501,-1.8282624672838501,0.0,V,V,V,0.0,False,11
19,2ed6,90,T,False,train,seen_protein_covered_source,restricted_context_s231303,old,1.0099666771602733,1.009967128472034,2.0247664404608963,False,0.0,1.0,V,-0.009731243621731226,0.009731243621731226,0.01110813906488867,True,True,V,True,0.0,1.0,1.0,0.0,-1.8282624672838501,-1.8282624672838501,0.0,V,V,V,0.0,False,11
19,2ed6,90,T,False,train,seen_protein_covered_source,restricted_aa_only_s231303,all,0.1007996098501331,0.11170574851093511,1.8779000721004466,False,0.0,0.8842105263157896,V,0.8299500595746521,0.8299500595746521,0.9496334301064558,True,True,V,True,0.0,0.6666666666666666,0.8,0.0,-1.8282624672838501,-1.8282624672838501,0.0,V,V,V,0.0,False,11
19,2ed6,90,T,False,train,seen_protein_covered_source,restricted_aa_only_s231303,new,0.10264715335384243,0.11635142544124354,1.7310337037399972,False,0.0,0.8578947368421052,V,0.8109863902647131,0.8109863902647131,0.9237849805681818,True,True,V,True,0.0,0.6666666666666666,0.8,0.0,-1.8282624672838501,-1.8282624672838501,0.0,V,V,V,0.0,False,11
19,2ed6,90,T,False,train,seen_protein_covered_source,restricted_aa_only_s231303,old,0.09817550009229058,0.1070076460371094,2.0247664404608963,False,0.0,0.8947368421052632,V,0.848913728884591,0.848913728884591,0.9767096756367603,True,True,V,True,0.0,0.6666666666666666,0.8,0.0,-1.8282624672838501,-1.8282624672838501,0.0,V,V,V,0.0,False,11
19,2ed6,90,T,False,train,seen_protein_covered_source,expanded_context_s231301,all,0.0006096014831444555,0.04733523260276592,1.8779000721004466,False,0.5874743955814163,0.02982456140350877,C,0.9129319429758013,0.9129319429758013,1.0470789641605391,True,True,V,False,1.103218209819508,0.3333333333333333,0.4,0.9748752593384375,-0.8533872079454126,-1.8282624672838501,0.9748752593384375,C,V,V,0.0,False,8
19,2ed6,90,T,False,train,seen_protein_covered_source,expanded_context_s231301,new,-0.0011315310485216258,0.04930383494440751,1.7310337037399972,False,0.5631752040599578,-0.015789473684210527,C,0.8939682736658623,0.8939682736658623,1.0209900636587474,True,True,V,False,0.9748752593384375,0.3333333333333333,0.4,0.9748752593384375,-0.8533872079454126,-1.8282624672838501,0.9748752593384375,C,V,V,0.0,False,8
19,2ed6,90,T,False,train,seen_protein_covered_source,expanded_context_s231301,old,0.002075895264009079,0.04534441497381999,2.0247664404608963,False,0.6082485049585469,0.05263157894736842,C,0.9318956122857402,0.9318956122857402,1.0742723965268015,True,True,V,False,1.2315611603005787,0.3333333333333333,0.4,0.9748752593384375,-0.8533872079454126,-1.8282624672838501,0.9748752593384375,C,V,V,0.0,False,8
19,2ed6,90,T,False,train,seen_protein_covered_source,expanded_aa_only_s231301,all,0.005289112634994149,0.04961330642869523,1.8779000721004466,False,0.5874743955814163,0.1105263157894737,C,0.9177781403112674,0.9177781403112674,1.05016479493425,True,True,V,False,1.103218209819508,0.3333333333333333,0.4,0.9748752593384375,-0.8533872079454126,-1.8282624672838501,0.9748752593384375,C,V,V,0.0,False,8
19,2ed6,90,T,False,train,seen_protein_covered_source,expanded_aa_only_s231301,new,0.0036004719955758076,0.051676650492761454,1.7310337037399972,False,0.5631752040599578,0.06315789473684211,C,0.8988144710013285,0.8988144710013285,1.0241462864546023,True,True,V,False,0.9748752593384375,0.3333333333333333,0.4,0.9748752593384375,-0.8533872079454126,-1.8282624672838501,0.9748752593384375,C,V,V,0.0,False,8
19,2ed6,90,T,False,train,seen_protein_covered_source,expanded_aa_only_s231301,old,0.0066617329773407015,0.04752667793576222,2.0247664404608963,False,0.6082485049585469,0.13859649122807016,C,0.9367418096212065,0.9367418096212065,1.0772881483772827,True,True,V,False,1.2315611603005787,0.3333333333333333,0.4,0.9748752593384375,-0.8533872079454126,-1.8282624672838501,0.9748752593384375,C,V,V,0.0,False,8
19,2ed6,90,T,False,train,seen_protein_covered_source,expanded_context_s231303,all,-0.2579334892297559,1.4786653987763647,1.8779000721004466,False,0.48618969692421476,-0.28947368421052627,N,2.0374980027314527,2.0374980027314527,2.263593160351445,False,False,V,False,0.9130156669084772,0.0,0.0,0.7422452473313526,-1.0860172199524976,-1.8282624672838501,0.7422452473313526,N,V,V,0.0,False,8
19,2ed6,90,T,False,train,seen_protein_covered_source,expanded_context_s231303,new,-0.2531086581317046,1.5401609065932091,1.7310337037399972,False,0.42878728803933125,-0.28421052631578947,N,2.0185343334215142,2.0185343334215142,2.2390712033577214,False,False,V,False,0.7422452473313526,0.0,0.0,0.7422452473313526,-1.0860172199524976,-1.8282624672838501,0.7422452473313526,N,V,V,0.0,False,8
19,2ed6,90,T,False,train,seen_protein_covered_source,expanded_context_s231303,old,-0.25929854020811755,1.4164759263404705,2.0247664404608963,False,0.5352647420602746,-0.29473684210526313,N,2.0564616720413924,2.0564616720413924,2.2886680220443085,False,False,V,False,1.0837860864856022,0.0,0.0,0.7422452473313526,-1.0860172199524976,-1.8282624672838501,0.7422452473313526,N,V,V,0.0,False,8
19,2ed6,90,T,False,train,seen_protein_covered_source,expanded_aa_only_s231303,all,0.004956914072860027,0.04867217696977261,1.8779000721004466,False,0.5874743955814163,0.09473684210526316,C,0.9179163418483989,0.9179163418483989,1.05035708582782,True,True,V,False,1.103218209819508,0.3333333333333333,0.4,0.9748752593384375,-0.8533872079454126,-1.8282624672838501,0.9748752593384375,C,V,V,0.0,False,8
19,2ed6,90,T,False,train,seen_protein_covered_source,expanded_aa_only_s231303,new,0.003319293303943499,0.050696380851045796,1.7310337037399972,False,0.5631752040599578,0.0456140350877193,C,0.89895267253846,0.89895267253846,1.0243221777232572,True,True,V,False,0.9748752593384375,0.3333333333333333,0.4,0.9748752593384375,-0.8533872079454126,-1.8282624672838501,0.9748752593384375,C,V,V,0.0,False,8
19,2ed6,90,T,False,train,seen_protein_covered_source,expanded_aa_only_s231303,old,0.006289877923153852,0.04662513034883897,2.0247664404608963,False,0.6082485049585469,0.12631578947368421,C,0.936880011158338,0.936880011158338,1.0774958326490272,True,True,V,False,1.2315611603005787,0.3333333333333333,0.4,0.9748752593384375,-0.8533872079454126,-1.8282624672838501,0.9748752593384375,C,V,V,0.0,False,8
19,2ed6,90,T,False,train,seen_protein_covered_source,legacy_baseline,old,1.0000930477253,1.0000936488408485,2.0247664404608963,False,0.0,1.0,V,-0.000369436870303225,0.0005982630312645167,0.0006950614437364084,True,True,V,True,0.0,1.0,1.0,0.0,-1.8282624672838501,-1.8282624672838501,0.0,V,V,V,0.0,False,11
19,2ed6,90,T,False,train,seen_protein_covered_source,legacy_baseline,new,1.0003120223459516,1.0003122503814295,1.7310337037399972,False,0.0,1.0,V,-0.0004829277492121791,0.0005317482227138342,0.0006060046091676557,True,True,V,True,0.0,1.0,1.0,0.0,-1.8282624672838501,-1.8282624672838501,0.0,V,V,V,0.0,False,11
19,2ed6,90,T,False,train,seen_protein_covered_source,legacy_baseline,all,1.0002108694397873,1.0002112346586536,1.8779000721004466,False,0.0,1.0,V,-0.00042618230975770207,0.0005456190160710042,0.0006206521430186598,True,True,V,True,0.0,1.0,1.0,0.0,-1.8282624672838501,-1.8282624672838501,0.0,V,V,V,0.0,False,11
19,2ed6,90,T,False,train,seen_protein_covered_source,legacy_exact,old,1.0,1.0,2.0247664404608963,False,0.0,1.0,V,0.0,0.0,0.0,True,True,V,True,0.0,1.0,1.0,0.0,-1.8282624672838501,-1.8282624672838501,0.0,V,V,V,0.0,False,11
19,2ed6,90,T,False,train,seen_protein_covered_source,legacy_exact,new,1.0,1.0,1.7310337037399972,False,0.0,1.0,V,0.0,0.0,0.0,True,True,V,True,0.0,1.0,1.0,0.0,-1.8282624672838501,-1.8282624672838501,0.0,V,V,V,0.0,False,11
19,2ed6,90,T,False,train,seen_protein_covered_source,legacy_exact,all,1.0,1.0,1.8779000721004466,False,0.0,1.0,V,0.0,0.0,0.0,True,True,V,True,0.0,1.0,1.0,0.0,-1.8282624672838501,-1.8282624672838501,0.0,V,V,V,0.0,False,11
19,2ed6,90,T,False,train,seen_protein_covered_source,legacy_expanded_s231301,old,0.0008811716248963352,0.02478164387481664,2.0247664404608963,False,0.5223069433688372,0.07368421052631578,F,0.8984509299193681,0.8984509299193681,1.0455223653959769,False,False,V,False,1.0575495705529314,0.0,0.2,0.7915602691552108,-1.0367021981286393,-1.8282624672838501,0.7915602691552108,F,V,V,0.0,False,6
19,2ed6,90,T,False,train,seen_protein_covered_source,legacy_expanded_s231301,new,-0.00209893159712721,0.024767492699104755,1.7310337037399972,False,0.6795445062236831,-0.19473684210526312,S,0.8666630048772884,0.8666630048772884,0.997183340031178,False,False,V,False,1.1763144434645498,0.0,0.0,0.7915602691552108,-1.0367021981286393,-1.8282624672838501,0.7915602691552108,F,V,V,0.0,False,6
19,2ed6,90,T,False,train,seen_protein_covered_source,legacy_expanded_s231301,all,-0.0003872905273187416,0.02107750714228975,1.8779000721004466,False,0.6802836443180303,-0.1649122807017544,S,0.8825569673983282,0.8825569673983282,1.0207292884358543,False,False,V,False,1.2775047047135837,0.0,0.2,0.7915602691552108,-1.0367021981286393,-1.8282624672838501,0.7915602691552108,F,V,V,0.0,False,6
19,2ed6,90,T,False,train,seen_protein_covered_source,legacy_expanded_s231303,old,4.552866921787062e-06,0.03361985731319526,2.0247664404608963,False,0.5107434572047214,0.03508771929824562,Y,0.9025663610319651,0.9025663610319651,1.0493705512477987,False,False,V,False,1.0341362118330957,0.0,0.2,0.7237535942117164,-1.1045088730721337,-1.8282624672838501,0.7237535942117164,Y,V,V,0.0,False,12
19,2ed6,90,T,False,train,seen_protein_covered_source,legacy_expanded_s231303,new,0.0030408660217985124,0.02609381034360388,1.7310337037399972,False,0.6795445062236831,0.11228070175438597,S,0.8716342601170763,0.8716342601170763,1.0002718247935618,False,False,V,False,1.1763144434645498,0.0,0.2,0.7237535942117164,-1.1045088730721337,-1.8282624672838501,0.7237535942117164,Y,V,V,0.0,False,12
19,2ed6,90,T,False,train,seen_protein_covered_source,legacy_expanded_s231303,all,0.0016577567397510773,0.02708574008484758,1.8779000721004466,False,0.468046684741483,0.1,Y,0.8871003105745207,0.8871003105745207,1.0241729047285493,False,False,V,False,0.8789449030224059,0.0,0.2,0.7237535942117164,-1.1045088730721337,-1.8282624672838501,0.7237535942117164,Y,V,V,0.0,False,12
19,2ed6,90,T,False,train,seen_protein_covered_source,legacy_oracle_r32,old,0.9916588108887696,0.9920995906691632,2.0247664404608963,False,0.0,0.9964912280701754,V,0.022795572085618145,0.02480805493618484,0.028103983237380944,True,True,V,True,0.0,1.0,0.8,0.0,-1.8282624672838501,-1.8282624672838501,0.0,V,V,V,0.0,False,11
19,2ed6,90,T,False,train,seen_protein_covered_source,legacy_oracle_r32,new,0.9971059022068489,0.9975421169758965,1.7310337037399972,False,0.0,0.9964912280701754,V,0.005486524163932477,0.012575835301267024,0.01558153115334524,True,True,V,True,0.0,1.0,0.8,0.0,-1.8282624672838501,-1.8282624672838501,0.0,V,V,V,0.0,False,11
19,2ed6,90,T,False,train,seen_protein_covered_source,legacy_oracle_r32,all,0.9944001850733923,0.9947276500248459,1.8779000721004466,False,0.0,0.9982456140350877,V,0.014141048124775304,0.016057322324824153,0.01947550718617376,True,True,V,True,0.0,1.0,1.0,0.0,-1.8282624672838501,-1.8282624672838501,0.0,V,V,V,0.0,False,11
19,2ed6,90,T,False,train,seen_protein_covered_source,legacy_restricted_s231301,old,0.5166037770395169,0.5827089654920365,2.0247664404608963,False,0.0,0.9175438596491228,V,0.3674189721273624,0.3847079366954926,0.47189142189360556,True,True,V,True,0.0,0.6666666666666666,0.8,0.0,-1.8282624672838501,-1.8282624672838501,0.0,V,V,V,0.0,False,11
19,2ed6,90,T,False,train,seen_protein_covered_source,legacy_restricted_s231301,new,0.5786538849188921,0.6314190900665454,1.7310337037399972,False,0.28058881820059195,0.9087719298245613,D,0.3015355669997646,0.31249068730227114,0.3864758234681116,True,True,V,False,0.4857087011977994,0.6666666666666666,0.8,0.0,-1.8282624672838501,-1.8282624672838501,0.0,V,V,V,0.0,False,11
19,2ed6,90,T,False,train,seen_protein_covered_source,legacy_restricted_s231301,all,0.5477314542957162,0.6066618097046941,1.8779000721004466,False,0.0,0.9087719298245613,V,0.3344772695635635,0.3470471816897252,0.4283341295796691,True,True,V,True,0.0,0.6666666666666666,0.8,0.0,-1.8282624672838501,-1.8282624672838501,0.0,V,V,V,0.0,False,11
19,2ed6,90,T,False,train,seen_protein_covered_source,legacy_restricted_s231303,old,0.5230447091762782,0.6039918271320077,2.0247664404608963,False,0.0,0.8929824561403509,V,0.36015491666849025,0.3778462686687479,0.47004080344330434,True,True,V,True,0.0,0.3333333333333333,0.8,0.0,-1.8282624672838501,-1.8282624672838501,0.0,V,V,V,0.0,False,11
19,2ed6,90,T,False,train,seen_protein_covered_source,legacy_restricted_s231303,new,0.5701562314386501,0.6410290995311119,1.7310337037399972,False,0.28058881820059195,0.8807017543859648,D,0.3066551884985338,0.32330295387748376,0.3994401526704243,True,True,V,False,0.4857087011977994,0.6666666666666666,0.8,0.0,-1.8282624672838501,-1.8282624672838501,0.0,V,V,V,0.0,False,11
19,2ed6,90,T,False,train,seen_protein_covered_source,legacy_restricted_s231303,all,0.546408815367228,0.6220799667983673,1.8779000721004466,False,0.31664614744005504,0.863157894736842,D,0.3334050525835121,0.3501288101192724,0.4340794001511817,True,True,V,False,0.594629823108008,0.3333333333333333,0.8,0.0,-1.8282624672838501,-1.8282624672838501,0.0,V,V,V,0.0,False,11
19,2ed6,90,T,False,train,seen_protein_covered_source,legacy_wt_z,old,0.0008687932086794961,0.02475852212579632,2.0247664404608963,False,0.5223069433688372,0.09298245614035087,F,0.8974850632802863,0.8974850632802863,1.0446957165623172,False,False,V,False,1.0575495705529314,0.0,0.2,0.7915602691552108,-1.0367021981286393,-1.8282624672838501,0.7915602691552108,F,V,V,0.0,False,6
19,2ed6,90,T,False,train,seen_protein_covered_source,legacy_wt_z,new,-0.002097249889747063,0.024742485764485133,1.7310337037399972,False,0.6795445062236831,-0.19473684210526312,S,0.8652542383364462,0.8652542383364462,0.9959586500070917,False,False,V,False,1.1763144434645498,0.0,0.0,0.7915602691552108,-1.0367021981286393,-1.8282624672838501,0.7915602691552108,F,V,V,0.0,False,6
19,2ed6,90,T,False,train,seen_protein_covered_source,legacy_wt_z,all,-0.0003937306436713843,0.02106269020928711,1.8779000721004466,False,0.6802836443180303,-0.1649122807017544,S,0.8813696508083663,0.8813696508083663,1.0197044474110724,False,False,V,False,1.2775047047135837,0.0,0.2,0.7915602691552108,-1.0367021981286393,-1.8282624672838501,0.7915602691552108,F,V,V,0.0,False,6
19,2ed6,137,V,False,seen_protein_uncovered_source,train,restricted_context_s231301,all,0.01113331591784113,0.23949586116357055,2.125107300404105,False,0.5159415067280106,0.008771929824561405,E,1.9539102200025467,1.9539102200025467,2.0859706051437095,False,False,T,False,1.096431062529189,0.0,0.0,1.0402038018371735,-1.2473617202268468,-2.2875655220640203,1.0402038018371735,E,T,T,0.0,False,6
19,2ed6,137,V,False,seen_protein_uncovered_source,train,restricted_context_s231301,new,0.01285943997809678,0.25296064894956494,2.023431635888355,False,0.5140790444251846,-0.014035087719298246,E,1.8775576686160842,1.8775576686160842,2.001228411850443,False,False,T,False,1.0402038018371735,0.0,0.0,1.0402038018371735,-1.2473617202268468,-2.2875655220640203,1.0402038018371735,E,T,T,0.0,False,6
19,2ed6,137,V,False,seen_protein_uncovered_source,train,restricted_context_s231301,old,0.009660294819389702,0.227141391123862,2.2267829649198556,False,0.5176338877114995,0.010526315789473684,E,2.030262771389009,2.030262771389009,2.171053736270063,False,False,T,False,1.1526583232212047,0.0,0.0,1.0402038018371735,-1.2473617202268468,-2.2875655220640203,1.0402038018371735,E,T,T,0.0,False,6
19,2ed6,137,V,False,seen_protein_uncovered_source,train,restricted_aa_only_s231301,all,-6.799329635589626e-05,0.07218297591294065,2.125107300404105,False,0.4356481430471198,-0.13508771929824562,D,1.5522194331020578,1.5522194331020578,1.7110119940134547,False,False,T,False,0.9257990491969261,0.0,0.0,0.8196347418564158,-1.4679307802076045,-2.2875655220640203,0.8196347418564158,D,T,T,0.0,False,14
19,2ed6,137,V,False,seen_protein_uncovered_source,train,restricted_aa_only_s231301,new,-0.00013354451806913553,0.07624120242135403,2.023431635888355,False,0.4050716255093879,-0.1649122807017544,D,1.4758668817155958,1.4758668817155958,1.625731554714955,False,False,T,False,0.8196347418564158,0.0,0.0,0.8196347418564158,-1.4679307802076045,-2.2875655220640203,0.8196347418564158,D,T,T,0.0,False,14
19,2ed6,137,V,False,seen_protein_uncovered_source,train,restricted_aa_only_s231301,old,-1.464417804544142e-05,0.0684593941818795,2.2267829649198556,False,0.4634323922873093,-0.11754385964912278,D,1.6285719844885203,1.6285719844885203,1.7966534864693058,False,False,T,False,1.0319633565374362,0.0,0.0,0.8196347418564158,-1.4679307802076045,-2.2875655220640203,0.8196347418564158,D,T,T,0.0,False,14
19,2ed6,137,V,False,seen_protein_uncovered_source,train,restricted_context_s231303,all,-0.058108877924027164,0.700810099450672,2.125107300404105,False,0.5159415067280106,-0.24736842105263157,E,2.8424904728601312,2.8424904728601312,2.984663421322732,False,False,T,False,1.096431062529189,0.0,0.0,1.0402038018371735,-1.2473617202268468,-2.2875655220640203,1.0402038018371735,E,T,T,0.0,False,6
19,2ed6,137,V,False,seen_protein_uncovered_source,train,restricted_context_s231303,new,-0.06035289586089358,0.7402106102634253,2.023431635888355,False,0.5140790444251846,-0.27543859649122804,E,2.76613792147367,2.76613792147367,2.902143831440409,False,False,T,False,1.0402038018371735,0.0,0.0,1.0402038018371735,-1.2473617202268468,-2.2875655220640203,1.0402038018371735,E,T,T,0.0,False,6
19,2ed6,137,V,False,seen_protein_uncovered_source,train,restricted_context_s231303,old,-0.055875340844017594,0.6646585879584748,2.2267829649198556,False,0.5176338877114995,-0.25789473684210523,E,2.918843024246594,2.918843024246594,3.067545502501738,False,False,T,False,1.1526583232212047,0.0,0.0,1.0402038018371735,-1.2473617202268468,-2.2875655220640203,1.0402038018371735,E,T,T,0.0,False,6
19,2ed6,137,V,False,seen_protein_uncovered_source,train,restricted_aa_only_s231303,all,-0.004373497979013274,0.04728951902767973,2.125107300404105,False,0.5159415067280106,-0.256140350877193,E,1.5130420994723186,1.5130420994723186,1.6764184028224607,False,False,T,False,1.096431062529189,0.0,0.0,1.0402038018371735,-1.2473617202268468,-2.2875655220640203,1.0402038018371735,E,T,T,0.0,False,6
19,2ed6,137,V,False,seen_protein_uncovered_source,train,restricted_aa_only_s231303,new,-0.005021525471084128,0.04994820104045393,2.023431635888355,False,0.5140790444251846,-0.28596491228070176,E,1.4366895480858566,1.4366895480858566,1.5911884206901095,False,False,T,False,1.0402038018371735,0.0,0.0,1.0402038018371735,-1.2473617202268468,-2.2875655220640203,1.0402038018371735,E,T,T,0.0,False,6
19,2ed6,137,V,False,seen_protein_uncovered_source,train,restricted_aa_only_s231303,old,-0.003819076506423156,0.04485007417388881,2.2267829649198556,False,0.5176338877114995,-0.24736842105263157,E,1.589394650858781,1.589394650858781,1.7620214197414723,False,False,T,False,1.1526583232212047,0.0,0.0,1.0402038018371735,-1.2473617202268468,-2.2875655220640203,1.0402038018371735,E,T,T,0.0,False,6
19,2ed6,137,V,False,seen_protein_uncovered_source,train,expanded_context_s231301,all,1.042029861056918,1.04255649382603,2.125107300404105,False,0.0,0.9964912280701754,T,-0.034436415116364326,0.042809623909858076,0.05159649624510492,True,True,T,True,0.0,1.0,1.0,0.0,-2.2875655220640203,-2.2875655220640203,0.0,T,T,T,0.0,False,10
19,2ed6,137,V,False,seen_protein_uncovered_source,train,expanded_context_s231301,new,1.0986995495594867,1.1011704584936297,2.023431635888355,False,0.0,0.9947368421052631,T,-0.11078896650282655,0.1137557494486952,0.13887500369045777,True,True,T,True,0.0,1.0,1.0,0.0,-2.2875655220640203,-2.2875655220640203,0.0,T,T,T,0.0,False,10
19,2ed6,137,V,False,seen_protein_uncovered_source,train,expanded_context_s231301,old,0.9887307475922753,0.9887758860731456,2.2267829649198556,False,0.0,0.9982456140350877,T,0.04191613627009802,0.04191613627009802,0.04336912867393762,True,True,T,True,0.0,1.0,1.0,0.0,-2.2875655220640203,-2.2875655220640203,0.0,T,T,T,0.0,False,10
19,2ed6,137,V,False,seen_protein_uncovered_source,train,expanded_aa_only_s231301,all,1.0586855873985774,1.0592613540320404,2.125107300404105,False,0.0,0.9982456140350877,T,-0.08608076076377467,0.08608076076377467,0.09906328336573833,True,True,T,True,0.0,1.0,1.0,0.0,-2.2875655220640203,-2.2875655220640203,0.0,T,T,T,0.0,False,10
19,2ed6,137,V,False,seen_protein_uncovered_source,train,expanded_aa_only_s231301,new,1.1161571781391777,1.1188144889908336,2.023431635888355,False,0.0,0.9964912280701754,T,-0.1624333121502369,0.1624333121502369,0.18804826928636967,True,True,T,True,0.0,1.0,1.0,0.0,-2.2875655220640203,-2.2875655220640203,0.0,T,T,T,0.0,False,10
19,2ed6,137,V,False,seen_protein_uncovered_source,train,expanded_aa_only_s231301,old,1.0046183190043476,1.0046190207615207,2.2267829649198556,False,0.0,1.0,T,-0.009728209377312324,0.009728209377312324,0.010376307783653034,True,True,T,True,0.0,1.0,1.0,0.0,-2.2875655220640203,-2.2875655220640203,0.0,T,T,T,0.0,False,10
19,2ed6,137,V,False,seen_protein_uncovered_source,train,expanded_context_s231303,all,1.043094473425546,1.0436295813795238,2.125107300404105,False,0.0,0.9982456140350877,T,-0.07040109232471266,0.07040109232471266,0.08055464579391897,True,True,T,True,0.0,1.0,1.0,0.0,-2.2875655220640203,-2.2875655220640203,0.0,T,T,T,0.0,False,10
19,2ed6,137,V,False,seen_protein_uncovered_source,train,expanded_context_s231303,new,1.0997637314074025,1.102303876510094,2.023431635888355,False,0.0,0.9964912280701754,T,-0.14675364371117486,0.14675364371117486,0.16946748635460052,True,True,T,True,0.0,1.0,1.0,0.0,-2.2875655220640203,-2.2875655220640203,0.0,T,T,T,0.0,False,10
19,2ed6,137,V,False,seen_protein_uncovered_source,train,expanded_context_s231303,old,0.9897879348178824,0.9897936180644795,2.2267829649198556,False,0.0,1.0,T,0.005951459061749694,0.008556764370205045,0.010080878386318581,True,True,T,True,0.0,1.0,1.0,0.0,-2.2875655220640203,-2.2875655220640203,0.0,T,T,T,0.0,False,10
19,2ed6,137,V,False,seen_protein_uncovered_source,train,expanded_aa_only_s231303,all,1.0553836629133606,1.0559691041084585,2.125107300404105,False,0.0,0.9982456140350877,T,-0.0800814873883137,0.0800814873883137,0.0929038226207556,True,True,T,True,0.0,1.0,1.0,0.0,-2.2875655220640203,-2.2875655220640203,0.0,T,T,T,0.0,False,10
19,2ed6,137,V,False,seen_protein_uncovered_source,train,expanded_aa_only_s231303,new,1.1126696612209248,1.1153371442336955,2.023431635888355,False,0.0,0.9964912280701754,T,-0.1564340387747759,0.1564340387747759,0.1818856702717388,True,True,T,True,0.0,1.0,1.0,0.0,-2.2875655220640203,-2.2875655220640203,0.0,T,T,T,0.0,False,10
19,2ed6,137,V,False,seen_protein_uncovered_source,train,expanded_aa_only_s231303,old,1.0014901401313807,1.0014966025955587,2.2267829649198556,False,0.0,1.0,T,-0.003728936001851348,0.004212739833031644,0.004753376412288326,True,True,T,True,0.0,1.0,1.0,0.0,-2.2875655220640203,-2.2875655220640203,0.0,T,T,T,0.0,False,10
19,2ed6,137,V,False,seen_protein_uncovered_source,train,legacy_baseline,old,0.9995423547541338,0.9995426234175412,2.2267829649198556,False,0.0,1.0,T,0.0006130172473524098,0.0006525390120711674,0.0008964135095224504,True,True,T,True,0.0,1.0,1.0,0.0,-2.2875655220640203,-2.2875655220640203,0.0,T,T,T,0.0,False,10
19,2ed6,137,V,False,seen_protein_uncovered_source,train,legacy_baseline,new,0.9997739039577326,0.9997743295741643,2.023431635888355,False,0.0,1.0,T,0.00038047494931032534,0.000541187495037866,0.0007493791559174446,True,True,T,True,0.0,1.0,1.0,0.0,-2.2875655220640203,-2.2875655220640203,0.0,T,T,T,0.0,False,10
19,2ed6,137,V,False,seen_protein_uncovered_source,train,legacy_baseline,all,0.999649124398769,0.9996494246984551,2.125107300404105,False,0.0,1.0,T,0.0004967460983313325,0.000582139061911402,0.0007871881604327086,True,True,T,True,0.0,1.0,1.0,0.0,-2.2875655220640203,-2.2875655220640203,0.0,T,T,T,0.0,False,10
19,2ed6,137,V,False,seen_protein_uncovered_source,train,legacy_exact,old,1.0,1.0,2.2267829649198556,False,0.0,1.0,T,0.0,0.0,0.0,True,True,T,True,0.0,1.0,1.0,0.0,-2.2875655220640203,-2.2875655220640203,0.0,T,T,T,0.0,False,10
19,2ed6,137,V,False,seen_protein_uncovered_source,train,legacy_exact,new,1.0,1.0,2.023431635888355,False,0.0,1.0,T,0.0,0.0,0.0,True,True,T,True,0.0,1.0,1.0,0.0,-2.2875655220640203,-2.2875655220640203,0.0,T,T,T,0.0,False,10
19,2ed6,137,V,False,seen_protein_uncovered_source,train,legacy_exact,all,1.0,1.0,2.125107300404105,False,0.0,1.0,T,0.0,0.0,0.0,True,True,T,True,0.0,1.0,1.0,0.0,-2.2875655220640203,-2.2875655220640203,0.0,T,T,T,0.0,False,10
19,2ed6,137,V,False,seen_protein_uncovered_source,train,legacy_expanded_s231301,old,-0.0109165708330856,0.019993026118962087,2.2267829649198556,False,0.4634323922873093,-0.5157894736842105,D,1.5560150241425434,1.5560150241425434,1.7340522571364756,False,False,T,False,1.0319633565374362,0.0,0.0,0.8196347418564158,-1.4679307802076045,-2.2875655220640203,0.8196347418564158,D,T,T,0.0,False,14
19,2ed6,137,V,False,seen_protein_uncovered_source,train,legacy_expanded_s231301,new,-0.013191923559080018,0.023350835197160188,2.023431635888355,False,0.9648358728497665,-0.556140350877193,Y,1.407090755802292,1.407090755802292,1.566638770689029,False,False,T,False,1.9522794285641716,0.0,0.0,0.8196347418564158,-1.4679307802076045,-2.2875655220640203,0.8196347418564158,D,T,T,0.0,False,14
19,2ed6,137,V,False,seen_protein_uncovered_source,train,legacy_expanded_s231301,all,-0.011937253912464476,0.020981756724360704,2.125107300404105,False,0.9673494557199461,-0.556140350877193,Y,1.4815528899724177,1.4815528899724177,1.6501371286987565,False,False,T,False,2.055721390392395,0.0,0.0,0.8196347418564158,-1.4679307802076045,-2.2875655220640203,0.8196347418564158,D,T,T,0.0,False,14
19,2ed6,137,V,False,seen_protein_uncovered_source,train,legacy_expanded_s231303,old,0.5364125367439591,0.547249878284279,2.2267829649198556,False,0.038231005125442016,0.9684210526315788,N,0.7023306744244323,0.7023306744244323,0.7893962103710431,True,True,T,False,0.08513215094509796,1.0,1.0,0.09548840658008784,-2.1920771154839325,-2.2875655220640203,0.09548840658008784,N,T,T,0.0,False,7
19,2ed6,137,V,False,seen_protein_uncovered_source,train,legacy_expanded_s231303,new,0.6095531978555452,0.6192880034764137,2.023431635888355,False,0.04719131839518027,0.9666666666666668,N,0.5298476438079958,0.5298476438079958,0.5972422797646338,True,True,T,False,0.09548840658008784,1.0,1.0,0.09548840658008784,-2.1920771154839325,-2.2875655220640203,0.09548840658008784,N,T,T,0.0,False,7
19,2ed6,137,V,False,seen_protein_uncovered_source,train,legacy_expanded_s231303,all,0.5714058201920911,0.5814400381782584,2.125107300404105,False,0.04249680886486059,0.9719298245614034,N,0.6160891591162142,0.6160891591162142,0.6929700255198549,True,True,T,False,0.09031027876259312,1.0,1.0,0.09548840658008784,-2.1920771154839325,-2.2875655220640203,0.09548840658008784,N,T,T,0.0,False,7
19,2ed6,137,V,False,seen_protein_uncovered_source,train,legacy_oracle_r32,old,0.9866116478146206,0.9870179101510151,2.2267829649198556,False,0.0,0.9929824561403509,T,0.034399313854636245,0.034800348290638224,0.04177887299029864,True,True,T,True,0.0,1.0,1.0,0.0,-2.2875655220640203,-2.2875655220640203,0.0,T,T,T,0.0,False,10
19,2ed6,137,V,False,seen_protein_uncovered_source,train,legacy_oracle_r32,new,1.0117021259012644,1.012089304621362,2.023431635888355,False,0.0,0.9982456140350877,T,-0.0005097441212985434,0.015000113438463355,0.02062874413137894,True,True,T,True,0.0,1.0,1.0,0.0,-2.2875655220640203,-2.2875655220640203,0.0,T,T,T,0.0,False,10
19,2ed6,137,V,False,seen_protein_uncovered_source,train,legacy_oracle_r32,all,0.9984858065399421,0.9988516104131172,2.125107300404105,False,0.0,0.9964912280701754,T,0.016944784866668734,0.021636126113392724,0.025785492920954688,True,True,T,True,0.0,1.0,1.0,0.0,-2.2875655220640203,-2.2875655220640203,0.0,T,T,T,0.0,False,10
19,2ed6,137,V,False,seen_protein_uncovered_source,train,legacy_restricted_s231301,old,-0.009119875413430805,0.06076111562343941,2.2267829649198556,False,0.38527952249562214,-0.02982456140350877,C,1.697067648193328,1.697067648193328,1.8616177068196134,False,False,T,False,0.8579338774257077,0.0,0.4,0.80357782914945,-1.4839876929145703,-2.2875655220640203,0.80357782914945,C,T,T,0.0,False,8
19,2ed6,137,V,False,seen_protein_uncovered_source,train,legacy_restricted_s231301,new,-0.009334589267400202,0.06156027449703183,2.023431635888355,False,0.05506725231982246,-0.021052631578947368,S,1.5395843777351605,1.5395843777351605,1.6860330328802449,False,False,T,False,0.11142482044537516,0.3333333333333333,0.2,0.80357782914945,-1.4839876929145703,-2.2875655220640203,0.80357782914945,C,T,T,0.0,False,8
19,2ed6,137,V,False,seen_protein_uncovered_source,train,legacy_restricted_s231301,all,-0.009236437221598892,0.06075400123277079,2.125107300404105,False,0.3909241915124025,-0.01754385964912281,C,1.6183260129642443,1.6183260129642443,1.7736471137871324,False,False,T,False,0.830755853287579,0.3333333333333333,0.4,0.80357782914945,-1.4839876929145703,-2.2875655220640203,0.80357782914945,C,T,T,0.0,False,8
19,2ed6,137,V,False,seen_protein_uncovered_source,train,legacy_restricted_s231303,old,0.006519637959858261,0.06159607266291808,2.2267829649198556,False,0.4634323922873093,0.02631578947368421,D,1.686804396270603,1.686804396270603,1.8474377265016158,False,True,T,False,1.0319633565374362,0.0,0.4,0.8196347418564158,-1.4679307802076045,-2.2875655220640203,0.8196347418564158,D,T,T,0.0,False,14
19,2ed6,137,V,False,seen_protein_uncovered_source,train,legacy_restricted_s231303,new,0.009282107370848117,0.06973005780874171,2.023431635888355,False,0.4050716255093879,-0.0017543859649122807,D,1.543112774466171,1.543112774466171,1.6843033233534737,False,True,T,False,0.8196347418564158,0.0,0.2,0.8196347418564158,-1.4679307802076045,-2.2875655220640203,0.8196347418564158,D,T,T,0.0,False,14
19,2ed6,137,V,False,seen_protein_uncovered_source,train,legacy_restricted_s231303,all,0.007983631673664672,0.06400065322111899,2.125107300404105,False,0.4356481430471198,-0.0035087719298245615,D,1.614958585368387,1.614958585368387,1.7656142889780508,False,True,T,False,0.9257990491969261,0.0,0.4,0.8196347418564158,-1.4679307802076045,-2.2875655220640203,0.8196347418564158,D,T,T,0.0,False,14
19,2ed6,137,V,False,seen_protein_uncovered_source,train,legacy_wt_z,old,-0.010896101305486348,0.019974266660770575,2.2267829649198556,False,0.4634323922873093,-0.5157894736842105,D,1.5550049477851176,1.5550049477851176,1.7331390522550663,False,False,T,False,1.0319633565374362,0.0,0.0,0.8196347418564158,-1.4679307802076045,-2.2875655220640203,0.8196347418564158,D,T,T,0.0,False,14
19,2ed6,137,V,False,seen_protein_uncovered_source,train,legacy_wt_z,new,-0.013184539571290272,0.02333738546888707,2.023431635888355,False,0.9648358728497665,-0.5508771929824561,Y,1.4056168983829633,1.4056168983829633,1.5653128743787574,False,False,T,False,1.9522794285641716,0.0,0.0,0.8196347418564158,-1.4679307802076045,-2.2875655220640203,0.8196347418564158,D,T,T,0.0,False,14
19,2ed6,137,V,False,seen_protein_uncovered_source,train,legacy_wt_z,all,-0.011922735507567315,0.02096180449688495,2.125107300404105,False,0.9673494557199461,-0.556140350877193,Y,1.4803109230840403,1.4803109230840403,1.6490174678270089,False,False,T,False,2.055721390392395,0.0,0.0,0.8196347418564158,-1.4679307802076045,-2.2875655220640203,0.8196347418564158,D,T,T,0.0,False,14
23,4hgr,68,L,True,unseen_protein_uncovered_source,unseen_protein_covered_source,restricted_context_s231301,all,-11.578029965695764,41.0340250197579,0.020705852498339,False,0.45117085363008996,-0.1842105263157895,Q,-0.11867571932694058,0.21421784588290527,0.26208054066951336,False,False,W,False,0.009341877146814337,0.0,0.0,-0.00016635092014724573,-0.002706707132479419,-0.0025403562123321732,0.006033753449540852,Q,E,W,0.0062001043696880975,True,0
23,4hgr,68,L,True,unseen_protein_uncovered_source,unseen_protein_covered_source,restricted_context_s231301,new,4.738945511160531,71.85499167404949,0.010351623685718028,False,0.5828799068367918,0.14912280701754385,Q,-0.10849712119734015,0.21196748489601303,0.2559555852749065,False,True,E,False,0.006033753449540852,0.0,0.2,-0.00016635092014724573,-0.002706707132479419,-0.0025403562123321732,0.006033753449540852,Q,E,W,0.0062001043696880975,True,0
23,4hgr,68,L,True,unseen_protein_uncovered_source,unseen_protein_covered_source,restricted_context_s231301,old,-7.570046442594963,22.715986694368095,0.041090246984418655,False,0.4587488904830347,-0.1824561403508772,Q,-0.12885431745654094,0.21646820686979756,0.26854640371547217,False,False,W,False,0.01885010521377592,0.0,0.2,-0.00016635092014724573,-0.002706707132479419,-0.0025403562123321732,0.006033753449540852,Q,E,W,0.0062001043696880975,True,0
23,4hgr,68,L,True,unseen_protein_uncovered_source,unseen_protein_covered_source,restricted_aa_only_s231301,all,0.6076927453092461,12.51762564813043,0.020705852498339,False,0.2258364310164866,0.057894736842105256,V,-0.0334089123574234,0.06789306451814396,0.07822152412043963,False,True,W,False,0.004676135829378682,0.0,0.2,-0.0024148960600422348,-0.004955252272374408,-0.0025403562123321732,0.0037852083096458627,V,E,W,0.0062001043696880975,True,0
23,4hgr,68,L,True,unseen_protein_uncovered_source,unseen_protein_covered_source,restricted_aa_only_s231301,new,5.522682522634935,21.919708980344797,0.010351623685718028,False,0.3656632451649353,0.1789473684210526,V,-0.02323031422782301,0.06241402821115086,0.0737851841629611,True,True,E,False,0.0037852083096458627,0.3333333333333333,0.4,-0.0024148960600422348,-0.004955252272374408,-0.0025403562123321732,0.0037852083096458627,V,E,W,0.0062001043696880975,True,0
23,4hgr,68,L,True,unseen_protein_uncovered_source,unseen_protein_covered_source,restricted_aa_only_s231301,old,-0.1794815278510557,6.929620419422587,0.041090246984418655,False,0.286373740300507,0.03508771929824562,V,-0.043587510487023785,0.07495682785319568,0.08397007357488387,False,True,W,False,0.011767167718799598,0.0,0.4,-0.0024148960600422348,-0.004955252272374408,-0.0025403562123321732,0.0037852083096458627,V,E,W,0.0062001043696880975,True,0
23,4hgr,68,L,True,unseen_protein_uncovered_source,unseen_protein_covered_source,restricted_context_s231303,all,1.388154072418382,18.93360138471813,0.020705852498339,False,0.8619968105824698,0.24912280701754386,H,0.10588085014874003,0.11076717592662728,0.1503810048966235,False,False,W,False,0.01784837881395928,0.0,0.4,0.002449310806969751,-9.104540536242212e-05,-0.0025403562123321732,0.008649415176657849,H,E,W,0.0062001043696880975,True,0
23,4hgr,68,L,True,unseen_protein_uncovered_source,unseen_protein_covered_source,restricted_context_s231303,new,6.899649238718976,33.15477263572424,0.010351623685718028,False,0.8355612065565434,0.256140350877193,H,0.11605944827834044,0.1184549511988907,0.15747009926041933,False,False,E,False,0.008649415176657849,0.0,0.4,0.002449310806969751,-9.104540536242212e-05,-0.0025403562123321732,0.008649415176657849,H,E,W,0.0062001043696880975,True,0
23,4hgr,68,L,True,unseen_protein_uncovered_source,unseen_protein_covered_source,restricted_context_s231303,old,0.1612629084936025,10.481434295676218,0.041090246984418655,False,0.8091323187606095,0.09649122807017543,H,0.09570225201913964,0.10307940065436388,0.14384044665195794,False,False,W,False,0.03324744682094881,0.0,0.2,0.002449310806969751,-9.104540536242212e-05,-0.0025403562123321732,0.008649415176657849,H,E,W,0.0062001043696880975,True,0
23,4hgr,68,L,True,unseen_protein_uncovered_source,unseen_protein_covered_source,restricted_aa_only_s231303,all,0.02071932469000337,9.292250219754962,0.020705852498339,False,0.2258364310164866,-0.028070175438596492,V,-0.03810684118752235,0.057886872821681784,0.06513996473791886,False,False,W,False,0.004676135829378682,0.0,0.0,-0.0024148960600422348,-0.004955252272374408,-0.0025403562123321732,0.0037852083096458627,V,E,W,0.0062001043696880975,True,0
23,4hgr,68,L,True,unseen_protein_uncovered_source,unseen_protein_covered_source,restricted_aa_only_s231303,new,3.281770885041929,16.271729664642503,0.010351623685718028,False,0.3656632451649353,0.14736842105263157,V,-0.027928243057921957,0.051757481643473914,0.059012042075874314,True,True,E,False,0.0037852083096458627,0.3333333333333333,0.4,-0.0024148960600422348,-0.004955252272374408,-0.0025403562123321732,0.0037852083096458627,V,E,W,0.0062001043696880975,True,0
23,4hgr,68,L,True,unseen_protein_uncovered_source,unseen_protein_covered_source,restricted_aa_only_s231303,old,-0.31528839588635166,5.144087918527523,0.041090246984418655,False,0.286373740300507,-0.031578947368421054,V,-0.04828543931712274,0.06448161952665366,0.07253979520810853,False,False,W,False,0.011767167718799598,0.0,0.4,-0.0024148960600422348,-0.004955252272374408,-0.0025403562123321732,0.0037852083096458627,V,E,W,0.0062001043696880975,True,0
23,4hgr,68,L,True,unseen_protein_uncovered_source,unseen_protein_covered_source,expanded_context_s231301,all,-0.5813401005082944,1.6985683909494849,0.020705852498339,False,0.7579500605462268,-0.25263157894736843,C,0.003842532650895866,0.00929889882150684,0.013271825745044133,False,False,W,False,0.015694002154777287,0.0,0.2,0.00320988699253201,0.0006695307801998368,-0.0025403562123321732,0.009409991362220108,C,E,W,0.0062001043696880975,True,0
23,4hgr,68,L,True,unseen_protein_uncovered_source,unseen_protein_covered_source,expanded_context_s231301,new,-1.213801794594675,2.974375960698748,0.010351623685718028,False,0.9090353018921007,-0.18947368421052632,C,0.014021130780496254,0.014796219258293266,0.01801566380179128,False,False,E,False,0.009409991362220108,0.0,0.2,0.00320988699253201,0.0006695307801998368,-0.0025403562123321732,0.009409991362220108,C,E,W,0.0062001043696880975,True,0
23,4hgr,68,L,True,unseen_protein_uncovered_source,unseen_protein_covered_source,expanded_context_s231301,old,-0.23500580056709394,0.9403088522196932,0.041090246984418655,False,0.6857616924937846,-0.30526315789473685,C,-0.00633606547870452,0.014218913148154088,0.016903596116771114,False,False,W,False,0.028178117317022564,0.0,0.0,0.00320988699253201,0.0006695307801998368,-0.0025403562123321732,0.009409991362220108,C,E,W,0.0062001043696880975,True,0
23,4hgr,68,L,True,unseen_protein_uncovered_source,unseen_protein_covered_source,expanded_aa_only_s231301,all,0.06826487464826445,1.1056886739665432,0.020705852498339,False,0.40697710558832206,0.021052631578947368,I,0.0067725343589130375,0.008503935506852937,0.010609252637858295,True,True,W,False,0.008426807918512733,0.3333333333333333,0.2,0.00033393538379596077,-0.0022064208285362125,-0.0025403562123321732,0.006534039753484058,I,E,W,0.0062001043696880975,True,0
23,4hgr,68,L,True,unseen_protein_uncovered_source,unseen_protein_covered_source,expanded_aa_only_s231301,new,-0.4547937942719117,1.9361798025833912,0.010351623685718028,False,0.631209166007355,-0.16315789473684209,I,0.016951132488513425,0.016951132488513425,0.01861005659992258,False,False,E,False,0.006534039753484058,0.0,0.2,0.00033393538379596077,-0.0022064208285362125,-0.0025403562123321732,0.006534039753484058,I,E,W,0.0062001043696880975,True,0
23,4hgr,68,L,True,unseen_protein_uncovered_source,unseen_protein_covered_source,expanded_aa_only_s231301,old,0.08729415650829302,0.6120971363117254,0.041090246984418655,False,0.4020340997096887,0.028070175438596492,I,-0.0034060637706873503,0.009496476494042227,0.011695779713210402,True,True,W,False,0.016519680453229504,0.3333333333333333,0.4,0.00033393538379596077,-0.0022064208285362125,-0.0025403562123321732,0.006534039753484058,I,E,W,0.0062001043696880975,True,0
23,4hgr,68,L,True,unseen_protein_uncovered_source,unseen_protein_covered_source,expanded_context_s231303,all,-0.05189949069925852,3.251631830060311,0.020705852498339,False,0.1595004669276044,0.0456140350877193,Y,0.009791013748786812,0.017499513320322145,0.021660316479210823,False,False,W,False,0.0033025931416191742,0.3333333333333333,0.2,-0.005485940399105951,-0.008026296611438125,-0.0025403562123321732,0.0007141639705821462,Y,E,W,0.0062001043696880975,True,0
23,4hgr,68,L,True,unseen_protein_uncovered_source,unseen_protein_covered_source,expanded_context_s231303,new,-0.5827170537821796,5.693957099347609,0.010351623685718028,False,0.06899052672939289,-0.09824561403508772,Y,0.0199696118783872,0.021799631396520924,0.027556837025763916,False,False,E,False,0.0007141639705821462,0.3333333333333333,0.2,-0.005485940399105951,-0.008026296611438125,-0.0025403562123321732,0.0007141639705821462,Y,E,W,0.0062001043696880975,True,0
23,4hgr,68,L,True,unseen_protein_uncovered_source,unseen_protein_covered_source,expanded_context_s231303,old,0.02642775856325407,1.8000677572104673,0.041090246984418655,False,0.2942578244158336,0.031578947368421054,Y,-0.0003875843808135759,0.01772642455397573,0.020903883365994233,False,False,W,False,0.0120911266823443,0.0,0.2,-0.005485940399105951,-0.008026296611438125,-0.0025403562123321732,0.0007141639705821462,Y,E,W,0.0062001043696880975,True,0
23,4hgr,68,L,True,unseen_protein_uncovered_source,unseen_protein_covered_source,expanded_aa_only_s231303,all,0.036495241856316855,1.0875768857136887,0.020705852498339,False,0.40697710558832206,0.021052631578947368,I,0.0071111602317332125,0.008567547755975232,0.010863654264621398,True,True,W,False,0.008426807918512733,0.3333333333333333,0.2,0.00033393538379596077,-0.0022064208285362125,-0.0025403562123321732,0.006534039753484058,I,E,W,0.0062001043696880975,True,0
23,4hgr,68,L,True,unseen_protein_uncovered_source,unseen_protein_covered_source,expanded_aa_only_s231303,new,-0.4531714197826353,1.9044641131406819,0.010351623685718028,False,0.631209166007355,-0.15087719298245614,I,0.0172897583613336,0.0172897583613336,0.018884524678753328,False,False,E,False,0.006534039753484058,0.0,0.2,0.00033393538379596077,-0.0022064208285362125,-0.0025403562123321732,0.006534039753484058,I,E,W,0.0062001043696880975,True,0
23,4hgr,68,L,True,unseen_protein_uncovered_source,unseen_protein_covered_source,expanded_aa_only_s231303,old,0.06765971660980064,0.6020706487623088,0.041090246984418655,False,0.4020340997096887,0.02631578947368421,I,-0.0030674378978671757,0.00946139523756406,0.011722870054063953,True,True,W,False,0.016519680453229504,0.3333333333333333,0.4,0.00033393538379596077,-0.0022064208285362125,-0.0025403562123321732,0.006534039753484058,I,E,W,0.0062001043696880975,True,0
23,4hgr,68,L,True,unseen_protein_uncovered_source,unseen_protein_covered_source,legacy_baseline,old,0.991619868970226,0.9917089994361779,0.041090246984418655,False,0.0,1.0,W,-9.421067790478668e-05,0.00010635788310671559,0.00018612493899839133,True,True,W,True,0.0,1.0,1.0,0.0,-0.0025403562123321732,-0.0025403562123321732,0.0062001043696880975,W,E,W,0.0062001043696880975,False,0
23,4hgr,68,L,True,unseen_protein_uncovered_source,unseen_protein_covered_source,legacy_baseline,new,1.0015269564723834,1.0015581476867899,0.010351623685718028,False,0.0,0.9964912280701754,E,3.3349096428855896e-05,3.375348114867978e-05,4.2283129072848175e-05,True,True,E,True,0.0,1.0,1.0,0.0,-0.0025403562123321732,-0.0025403562123321732,0.0062001043696880975,W,E,W,0.0062001043696880975,False,0
23,4hgr,68,L,True,unseen_protein_uncovered_source,unseen_protein_covered_source,legacy_baseline,all,0.9955851016883613,0.9956824805789193,0.020705852498339,False,0.0,0.9982456140350877,W,-3.0430790737965386e-05,4.86290654002853e-05,8.802438539113889e-05,True,True,W,True,0.0,1.0,1.0,0.0,-0.0025403562123321732,-0.0025403562123321732,0.0062001043696880975,W,E,W,0.0062001043696880975,False,0
23,4hgr,68,L,True,unseen_protein_uncovered_source,unseen_protein_covered_source,legacy_exact,old,1.0,1.0,0.041090246984418655,False,0.0,1.0,W,0.0,0.0,0.0,True,True,W,True,0.0,1.0,1.0,0.0,-0.0025403562123321732,-0.0025403562123321732,0.0062001043696880975,W,E,W,0.0062001043696880975,False,0
23,4hgr,68,L,True,unseen_protein_uncovered_source,unseen_protein_covered_source,legacy_exact,new,1.0,1.0,0.010351623685718028,False,0.0,1.0,E,0.0,0.0,0.0,True,True,E,True,0.0,1.0,1.0,0.0,-0.0025403562123321732,-0.0025403562123321732,0.0062001043696880975,W,E,W,0.0062001043696880975,False,0
23,4hgr,68,L,True,unseen_protein_uncovered_source,unseen_protein_covered_source,legacy_exact,all,1.0,1.0,0.020705852498339,False,0.0,1.0,W,0.0,0.0,0.0,True,True,W,True,0.0,1.0,1.0,0.0,-0.0025403562123321732,-0.0025403562123321732,0.0062001043696880975,W,E,W,0.0062001043696880975,False,0
23,4hgr,68,L,True,unseen_protein_uncovered_source,unseen_protein_covered_source,legacy_expanded_s231301,old,0.8848372640335269,1.0621156160305258,0.041090246984418655,False,0.0,0.8649122807017543,W,-0.0034767823634119116,0.005124219664283302,0.007034013065387979,True,True,W,True,0.0,1.0,0.6,0.0,-0.0025403562123321732,-0.0025403562123321732,0.0062001043696880975,W,E,W,0.0062001043696880975,False,0
23,4hgr,68,L,True,unseen_protein_uncovered_source,unseen_protein_covered_source,legacy_expanded_s231301,new,0.22967158762022946,0.6163221168195343,0.010351623685718028,False,0.3656632451649353,0.431578947368421,V,0.003560113188624911,0.0036347263544920494,0.004719267491299304,False,False,E,False,0.0037852083096458627,0.0,0.2,0.0,-0.0025403562123321732,-0.0025403562123321732,0.0062001043696880975,W,E,W,0.0062001043696880975,False,0
23,4hgr,68,L,True,unseen_protein_uncovered_source,unseen_protein_covered_source,legacy_expanded_s231301,all,0.8417656177088187,1.0050771166800905,0.020705852498339,False,0.0,0.7912280701754386,W,4.166541260649971e-05,0.002447807698054117,0.003231802300709319,True,True,W,True,0.0,0.3333333333333333,0.6,0.0,-0.0025403562123321732,-0.0025403562123321732,0.0062001043696880975,W,E,W,0.0062001043696880975,False,0
23,4hgr,68,L,True,unseen_protein_uncovered_source,unseen_protein_covered_source,legacy_expanded_s231303,old,0.9128381591132013,1.124869079172019,0.041090246984418655,False,0.0,0.8368421052631579,W,-0.0017973827713972407,0.005338343396664159,0.007006757314992476,True,True,W,True,0.0,0.6666666666666666,0.8,0.0,-0.0025403562123321732,-0.0025403562123321732,0.0062001043696880975,W,E,W,0.0062001043696880975,False,0
23,4hgr,68,L,True,unseen_protein_uncovered_source,unseen_protein_covered_source,legacy_expanded_s231303,new,0.3042835180412195,0.7888617123487144,0.010351623685718028,False,0.3656632451649353,0.3719298245614035,V,0.004506775655340037,0.004522041169981897,0.005556983443116891,False,False,E,False,0.0037852083096458627,0.0,0.4,0.0,-0.0025403562123321732,-0.0025403562123321732,0.0062001043696880975,W,E,W,0.0062001043696880975,False,0
23,4hgr,68,L,True,unseen_protein_uncovered_source,unseen_protein_covered_source,legacy_expanded_s231303,all,0.9166749191922723,1.0944673986375786,0.020705852498339,False,0.0,0.8122807017543859,W,0.001354696441971398,0.0026669632444647883,0.0036726540758410093,True,True,W,True,0.0,0.3333333333333333,0.8,0.0,-0.0025403562123321732,-0.0025403562123321732,0.0062001043696880975,W,E,W,0.0062001043696880975,False,0
23,4hgr,68,L,True,unseen_protein_uncovered_source,unseen_protein_covered_source,legacy_oracle_r32,old,0.9217711531711441,0.9334582508561277,0.041090246984418655,False,0.0,0.9929824561403509,W,-0.000945080699446942,0.0011715149707986162,0.0019476757184779296,True,True,W,True,0.0,1.0,0.8,0.0,-0.0025403562123321732,-0.0025403562123321732,0.0062001043696880975,W,E,W,0.0062001043696880975,False,0
23,4hgr,68,L,True,unseen_protein_uncovered_source,unseen_protein_covered_source,legacy_oracle_r32,new,0.9587914372680543,0.9623306476891091,0.010351623685718028,False,0.0,0.9842105263157893,E,6.557678604927824e-05,0.0002276578321866729,0.00030478317626496105,True,True,E,True,0.0,0.6666666666666666,1.0,0.0,-0.0025403562123321732,-0.0025403562123321732,0.0062001043696880975,W,E,W,0.0062001043696880975,False,0
23,4hgr,68,L,True,unseen_protein_uncovered_source,unseen_protein_covered_source,legacy_oracle_r32,all,0.9422408938968291,0.9527915141753251,0.020705852498339,False,0.0,0.9789473684210527,W,-0.0004397519566988319,0.0006084833263198728,0.000969137399770618,True,True,W,True,0.0,0.3333333333333333,0.8,0.0,-0.0025403562123321732,-0.0025403562123321732,0.0062001043696880975,W,E,W,0.0062001043696880975,False,0
23,4hgr,68,L,True,unseen_protein_uncovered_source,unseen_protein_covered_source,legacy_restricted_s231301,old,0.955701416373424,1.062485114148208,0.041090246984418655,False,0.0,0.9421052631578948,W,-0.0018756245166622369,0.0038411691616450296,0.005119013558145233,True,True,W,True,0.0,1.0,0.8,0.0,-0.0025403562123321732,-0.0025403562123321732,0.0062001043696880975,W,E,W,0.0062001043696880975,False,0
23,4hgr,68,L,True,unseen_protein_uncovered_source,unseen_protein_covered_source,legacy_restricted_s231301,new,0.3596406952901449,0.7669126346851581,0.010351623685718028,False,0.3656632451649353,0.5649122807017544,V,0.002271453529785137,0.0026584291283899414,0.003770706935375217,True,True,E,False,0.0037852083096458627,0.3333333333333333,0.6,0.0,-0.0025403562123321732,-0.0025403562123321732,0.0062001043696880975,W,E,W,0.0062001043696880975,False,0
23,4hgr,68,L,True,unseen_protein_uncovered_source,unseen_protein_covered_source,legacy_restricted_s231301,all,0.8531065337314254,0.9825415278568616,0.020705852498339,False,0.0,0.882456140350877,W,0.00019791450656145,0.002194157729223425,0.0028852847487985007,True,True,W,True,0.0,0.3333333333333333,0.4,0.0,-0.0025403562123321732,-0.0025403562123321732,0.0062001043696880975,W,E,W,0.0062001043696880975,False,0
23,4hgr,68,L,True,unseen_protein_uncovered_source,unseen_protein_covered_source,legacy_restricted_s231303,old,1.0242184128309755,1.3026647645070402,0.041090246984418655,False,0.0,0.856140350877193,W,-0.00020710862957931602,0.005753488301520261,0.008227594298817373,True,True,W,True,0.0,1.0,0.8,0.0,-0.0025403562123321732,-0.0025403562123321732,0.0062001043696880975,W,E,W,0.0062001043696880975,False,0
23,4hgr,68,L,True,unseen_protein_uncovered_source,unseen_protein_covered_source,legacy_restricted_s231303,new,0.23111300995095113,0.9394138220005719,0.010351623685718028,False,0.3656632451649353,0.18947368421052632,V,0.0049167760967417555,0.005082474619925982,0.006243573242405891,False,True,E,False,0.0037852083096458627,0.0,0.4,0.0,-0.0025403562123321732,-0.0025403562123321732,0.0062001043696880975,W,E,W,0.0062001043696880975,False,0
23,4hgr,68,L,True,unseen_protein_uncovered_source,unseen_protein_covered_source,legacy_restricted_s231303,all,1.0184460462511142,1.2905461492640264,0.020705852498339,False,0.0,0.7789473684210525,W,0.00235483373358122,0.0037442016388981123,0.005063777742048338,True,True,W,True,0.0,0.3333333333333333,0.6,0.0,-0.0025403562123321732,-0.0025403562123321732,0.0062001043696880975,W,E,W,0.0062001043696880975,False,0
23,4hgr,68,L,True,unseen_protein_uncovered_source,unseen_protein_covered_source,legacy_wt_z,old,0.8954238814894069,1.0797366132766884,0.041090246984418655,False,0.0,0.8649122807017543,W,-0.003464279686152214,0.005212551702925328,0.007149751198492382,True,True,W,True,0.0,1.0,0.6,0.0,-0.0025403562123321732,-0.0025403562123321732,0.0062001043696880975,W,E,W,0.0062001043696880975,False,0
23,4hgr,68,L,True,unseen_protein_uncovered_source,unseen_protein_covered_source,legacy_wt_z,new,0.23001259864620166,0.6148960608315441,0.010351623685718028,False,0.3656632451649353,0.431578947368421,V,0.003468988837875352,0.0035520525755958683,0.004648176752189134,False,False,E,False,0.0037852083096458627,0.0,0.2,0.0,-0.0025403562123321732,-0.0025403562123321732,0.0062001043696880975,W,E,W,0.0062001043696880975,False,0
23,4hgr,68,L,True,unseen_protein_uncovered_source,unseen_protein_covered_source,legacy_wt_z,all,0.8533908487135379,1.0207950887335209,0.020705852498339,False,0.0,0.7912280701754386,W,2.354575861569055e-06,0.0024743140758093658,0.00327375967480599,True,True,W,True,0.0,0.3333333333333333,0.6,0.0,-0.0025403562123321732,-0.0025403562123321732,0.0062001043696880975,W,E,W,0.0062001043696880975,False,0
23,4hgr,148,V,True,unseen_protein_uncovered_source,unseen_protein_covered_source,restricted_context_s231301,all,2.1514167740624237,6.626090773789324,0.09532875394039919,False,0.2534926661807269,0.2824561403508772,Q,-0.009876479717346594,0.13349752952617167,0.15483480866275603,False,False,D,False,0.02416514000003827,0.0,0.6,0.02012586221577166,-0.0016875204816771266,-0.021813382697448785,0.02259616102009715,Q,G,K,0.002470298804325491,True,0
23,4hgr,148,V,True,unseen_protein_uncovered_source,unseen_protein_covered_source,restricted_context_s231301,new,1.9524593472096352,6.77065015221578,0.09727345087776415,False,0.23229525442139354,0.18947368421052632,Q,-0.007196163430590456,0.1352261521613377,0.1556734381351778,False,False,G,False,0.02259616102009715,0.0,0.4,0.02012586221577166,-0.0016875204816771266,-0.021813382697448785,0.02259616102009715,Q,G,K,0.002470298804325491,True,0
23,4hgr,148,V,True,unseen_protein_uncovered_source,unseen_protein_covered_source,restricted_context_s231301,old,2.2823192273384816,6.417815512231555,0.09351732835214906,False,0.27660531780471664,0.3140350877192983,Q,-0.012556796004102725,0.13176890689100565,0.15408351329176623,False,True,K,False,0.025867390329094228,0.3333333333333333,0.6,0.02012586221577166,-0.0016875204816771266,-0.021813382697448785,0.02259616102009715,Q,G,K,0.002470298804325491,True,0
23,4hgr,148,V,True,unseen_protein_uncovered_source,unseen_protein_covered_source,restricted_aa_only_s231301,all,-0.2923222945123015,2.1370156209110545,0.09532875394039919,False,0.0,0.15438596491228068,D,0.08270983314231568,0.08490387457547946,0.10226589418040997,True,True,D,True,0.0,1.0,0.6,-0.0023523992388658765,-0.024165781936314662,-0.021813382697448785,0.00011789956545961433,D,G,K,0.002470298804325491,True,0
23,4hgr,148,V,True,unseen_protein_uncovered_source,unseen_protein_covered_source,restricted_aa_only_s231301,new,-0.3432197850620426,2.1836382314959475,0.09727345087776415,False,0.001212042591228406,0.010526315789473684,D,0.0853901494290718,0.08765532985127224,0.10453152222415733,False,False,G,False,0.00011789956545961433,0.6666666666666666,0.6,-0.0023523992388658765,-0.024165781936314662,-0.021813382697448785,0.00011789956545961433,D,G,K,0.002470298804325491,True,0
23,4hgr,148,V,True,unseen_protein_uncovered_source,unseen_protein_covered_source,restricted_aa_only_s231301,old,-0.24008855110947225,2.0698436634789426,0.09351732835214906,False,0.00016437363990275854,0.13684210526315788,D,0.08002951685555955,0.08215241929968664,0.10009045682998205,True,True,K,False,1.537178365522418e-05,0.6666666666666666,0.6,-0.0023523992388658765,-0.024165781936314662,-0.021813382697448785,0.00011789956545961433,D,G,K,0.002470298804325491,True,0
23,4hgr,148,V,True,unseen_protein_uncovered_source,unseen_protein_covered_source,restricted_context_s231303,all,-0.6598447563784074,3.3298776446927,0.09532875394039919,False,0.05241047332779682,-0.25789473684210523,H,0.08455662656861446,0.09005388380805945,0.12261445876701257,False,True,D,False,0.004996225115765397,0.0,0.2,0.00255200522013993,-0.019261377477308855,-0.021813382697448785,0.005022304024465421,H,G,K,0.002470298804325491,True,0
23,4hgr,148,V,True,unseen_protein_uncovered_source,unseen_protein_covered_source,restricted_context_s231303,new,-0.6640950842247683,3.4025245580819723,0.09727345087776415,False,0.05163077879057209,-0.29473684210526313,H,0.08723694285537058,0.09158510023042182,0.12426554868869355,False,False,G,False,0.005022304024465421,0.0,0.2,0.00255200522013993,-0.019261377477308855,-0.021813382697448785,0.005022304024465421,H,G,K,0.002470298804325491,True,0
23,4hgr,148,V,True,unseen_protein_uncovered_source,unseen_protein_covered_source,restricted_context_s231303,old,-0.6413474050378338,3.225210932285571,0.09351732835214906,False,0.054571892141344884,-0.2543859649122807,H,0.08187631028185832,0.08852266738569706,0.12105782448255532,False,False,K,False,0.005103417556180212,0.0,0.2,0.00255200522013993,-0.019261377477308855,-0.021813382697448785,0.005022304024465421,H,G,K,0.002470298804325491,True,0
23,4hgr,148,V,True,unseen_protein_uncovered_source,unseen_protein_covered_source,restricted_aa_only_s231303,all,0.16658309435207241,1.400031511438486,0.09532875394039919,False,0.02103650483091044,0.26842105263157895,E,0.043532499512576546,0.05025821052941847,0.058650217064287614,True,True,D,False,0.0020053837927918802,0.6666666666666666,0.6,-0.0017862283389744743,-0.02359961103642326,-0.021813382697448785,0.0006840704653510166,E,G,K,0.002470298804325491,True,0
23,4hgr,148,V,True,unseen_protein_uncovered_source,unseen_protein_covered_source,restricted_aa_only_s231303,new,0.1016617483962574,1.4305755670484062,0.09727345087776415,False,0.007032447797196316,0.11228070175438597,E,0.04621281579933268,0.05193243063787797,0.0611306508701104,False,False,G,False,0.0006840704653510166,0.6666666666666666,0.6,-0.0017862283389744743,-0.02359961103642326,-0.021813382697448785,0.0006840704653510166,E,G,K,0.002470298804325491,True,0
23,4hgr,148,V,True,unseen_protein_uncovered_source,unseen_protein_covered_source,restricted_aa_only_s231303,old,0.22120863910428798,1.356024880803812,0.09351732835214906,False,0.036998153500693666,0.28771929824561404,E,0.04085218322582042,0.04869361866608013,0.056312093811801696,False,True,K,False,0.0034599684693475824,0.3333333333333333,0.6,-0.0017862283389744743,-0.02359961103642326,-0.021813382697448785,0.0006840704653510166,E,G,K,0.002470298804325491,True,0
23,4hgr,148,V,True,unseen_protein_uncovered_source,unseen_protein_covered_source,expanded_context_s231301,all,16.640762145351292,30.744513859092695,0.09532875394039919,False,0.07218046766350332,0.4052631578947368,T,-1.5021846758633877,1.5021846758633877,1.671352161719323,False,False,D,False,0.006880874041197048,0.0,0.2,0.0030631644174565764,-0.01875021827999221,-0.021813382697448785,0.005533463221782067,T,G,K,0.002470298804325491,True,0
23,4hgr,148,V,True,unseen_protein_uncovered_source,unseen_protein_covered_source,expanded_context_s231301,new,16.993897291372164,31.415257434033546,0.09727345087776415,False,0.05688564733593684,0.3649122807017544,T,-1.4995043595766315,1.4995043595766315,1.6690646357946735,False,False,G,False,0.005533463221782067,0.0,0.0,0.0030631644174565764,-0.01875021827999221,-0.021813382697448785,0.005533463221782067,T,G,K,0.002470298804325491,True,0
23,4hgr,148,V,True,unseen_protein_uncovered_source,unseen_protein_covered_source,expanded_context_s231301,old,15.953294017550443,29.77813384951021,0.09351732835214906,False,0.08941183796697627,0.46315789473684205,T,-1.5048649921501442,1.5048649921501442,1.6736450194020236,False,False,K,False,0.008361556209726867,0.3333333333333333,0.2,0.0030631644174565764,-0.01875021827999221,-0.021813382697448785,0.005533463221782067,T,G,K,0.002470298804325491,True,0
23,4hgr,148,V,True,unseen_protein_uncovered_source,unseen_protein_covered_source,expanded_aa_only_s231301,all,16.91249437184661,31.359999107324782,0.09532875394039919,False,0.07218046766350332,0.40877192982456134,T,-1.5555903607235166,1.5555903607235166,1.725942934545382,False,False,D,False,0.006880874041197048,0.0,0.2,0.0030631644174565764,-0.01875021827999221,-0.021813382697448785,0.005533463221782067,T,G,K,0.002470298804325491,True,0
23,4hgr,148,V,True,unseen_protein_uncovered_source,unseen_protein_covered_source,expanded_aa_only_s231301,new,17.269104138548048,32.04417053406432,0.09727345087776415,False,0.05688564733593684,0.36315789473684207,T,-1.5529100444367607,1.5529100444367607,1.7236475922718304,False,False,G,False,0.005533463221782067,0.0,0.0,0.0030631644174565764,-0.01875021827999221,-0.021813382697448785,0.005533463221782067,T,G,K,0.002470298804325491,True,0
23,4hgr,148,V,True,unseen_protein_uncovered_source,unseen_protein_covered_source,expanded_aa_only_s231301,old,16.21585955332853,30.37427279606355,0.09351732835214906,False,0.08941183796697627,0.47017543859649114,T,-1.5582706770102732,1.5582706770102732,1.7282434194093346,False,False,K,False,0.008361556209726867,0.3333333333333333,0.2,0.0030631644174565764,-0.01875021827999221,-0.021813382697448785,0.005533463221782067,T,G,K,0.002470298804325491,True,0
23,4hgr,148,V,True,unseen_protein_uncovered_source,unseen_protein_covered_source,expanded_context_s231303,all,0.19247843740369108,1.8626890842909583,0.09532875394039919,False,0.24089465218793116,0.09649122807017543,M,2.6149395527220425e-05,0.04115980014699474,0.049010138410936606,True,True,D,False,0.022964187023981335,0.3333333333333333,0.4,0.017384257096228914,-0.0044291256012198715,-0.021813382697448785,0.019854555900554405,M,G,K,0.002470298804325491,False,1
23,4hgr,148,V,True,unseen_protein_uncovered_source,unseen_protein_covered_source,expanded_context_s231303,new,0.23987188111882762,1.9033267974493697,0.09727345087776415,False,0.20411073855603268,-0.010526315789473684,M,0.0027064656822833517,0.04075351660880978,0.048380301609242296,False,False,G,False,0.019854555900554405,0.3333333333333333,0.4,0.017384257096228914,-0.0044291256012198715,-0.021813382697448785,0.019854555900554405,M,G,K,0.002470298804325491,False,1
23,4hgr,148,V,True,unseen_protein_uncovered_source,unseen_protein_covered_source,expanded_context_s231303,old,0.1456141088247155,1.8041399231828563,0.09351732835214906,False,0.2802377907743218,0.0824561403508772,M,-0.002654166891228914,0.041566083685179715,0.04991639221952494,False,True,K,False,0.026207089496523103,0.3333333333333333,0.4,0.017384257096228914,-0.0044291256012198715,-0.021813382697448785,0.019854555900554405,M,G,K,0.002470298804325491,False,1
23,4hgr,148,V,True,unseen_protein_uncovered_source,unseen_protein_covered_source,expanded_aa_only_s231303,all,16.883901805880704,31.262530286932517,0.09532875394039919,False,0.07218046766350332,0.40877192982456134,T,-1.5495910873480558,1.5495910873480558,1.7195041388902839,False,False,D,False,0.006880874041197048,0.0,0.2,0.0030631644174565764,-0.01875021827999221,-0.021813382697448785,0.005533463221782067,T,G,K,0.002470298804325491,True,0
23,4hgr,148,V,True,unseen_protein_uncovered_source,unseen_protein_covered_source,expanded_aa_only_s231303,new,17.24045481860405,31.944575266484275,0.09727345087776415,False,0.05688564733593684,0.36315789473684207,T,-1.5469107710612997,1.5469107710612997,1.7172091590387104,False,False,G,False,0.005533463221782067,0.0,0.0,0.0030631644174565764,-0.01875021827999221,-0.021813382697448785,0.005533463221782067,T,G,K,0.002470298804325491,True,0
23,4hgr,148,V,True,unseen_protein_uncovered_source,unseen_protein_covered_source,expanded_aa_only_s231303,old,16.18795403161799,30.279867674125466,0.09351732835214906,False,0.08941183796697627,0.47017543859649114,T,-1.5522714036348124,1.5522714036348124,1.721804281530597,False,False,K,False,0.008361556209726867,0.3333333333333333,0.2,0.0030631644174565764,-0.01875021827999221,-0.021813382697448785,0.005533463221782067,T,G,K,0.002470298804325491,True,0
23,4hgr,148,V,True,unseen_protein_uncovered_source,unseen_protein_covered_source,legacy_baseline,old,1.000788393005174,1.0007891070289303,0.09351732835214906,False,0.0,1.0,K,-4.61870432866785e-06,2.722753583252483e-05,3.6149923051103545e-05,True,True,K,True,0.0,1.0,1.0,0.0,-0.021813382697448785,-0.021813382697448785,0.002470298804325491,K,G,K,0.002470298804325491,True,0
23,4hgr,148,V,True,unseen_protein_uncovered_source,unseen_protein_covered_source,legacy_baseline,new,0.9998287771903813,0.9998308848041517,0.09727345087776415,False,0.0,1.0,G,-4.4381187081031724e-05,5.957932399489636e-05,6.602921050026376e-05,True,True,G,True,0.0,1.0,1.0,0.0,-0.021813382697448785,-0.021813382697448785,0.002470298804325491,K,G,K,0.002470298804325491,True,0
23,4hgr,148,V,True,unseen_protein_uncovered_source,unseen_protein_covered_source,legacy_baseline,all,1.0003483559223276,1.0003495910936389,0.09532875394039919,False,0.0,1.0,D,-2.4499945704849785e-05,3.9708194578262634e-05,4.6095640331966275e-05,True,True,D,True,0.0,1.0,1.0,0.0,-0.021813382697448785,-0.021813382697448785,0.002470298804325491,K,G,K,0.002470298804325491,True,0
23,4hgr,148,V,True,unseen_protein_uncovered_source,unseen_protein_covered_source,legacy_exact,old,1.0,1.0,0.09351732835214906,False,0.0,1.0,K,0.0,0.0,0.0,True,True,K,True,0.0,1.0,1.0,0.0,-0.021813382697448785,-0.021813382697448785,0.002470298804325491,K,G,K,0.002470298804325491,True,0
23,4hgr,148,V,True,unseen_protein_uncovered_source,unseen_protein_covered_source,legacy_exact,new,1.0,1.0,0.09727345087776415,False,0.0,1.0,G,0.0,0.0,0.0,True,True,G,True,0.0,1.0,1.0,0.0,-0.021813382697448785,-0.021813382697448785,0.002470298804325491,K,G,K,0.002470298804325491,True,0
23,4hgr,148,V,True,unseen_protein_uncovered_source,unseen_protein_covered_source,legacy_exact,all,1.0,1.0,0.09532875394039919,False,0.0,1.0,D,0.0,0.0,0.0,True,True,D,True,0.0,1.0,1.0,0.0,-0.021813382697448785,-0.021813382697448785,0.002470298804325491,K,G,K,0.002470298804325491,True,0
23,4hgr,148,V,True,unseen_protein_uncovered_source,unseen_protein_covered_source,legacy_expanded_s231301,old,-0.03528567312360722,0.08220665618414758,0.09351732835214906,False,0.6591621224566323,-0.3877192982456141,L,0.0007099950799257171,0.020636737025556427,0.02599648665963728,False,False,K,False,0.06164308064307637,0.0,0.2,0.04853361728020081,0.026720234582752023,-0.021813382697448785,0.0510039160845263,L,G,K,0.002470298804325491,True,0
23,4hgr,148,V,True,unseen_protein_uncovered_source,unseen_protein_covered_source,legacy_expanded_s231301,new,-0.01582539945078622,0.10774649738158933,0.09727345087776415,False,0.5243354237387844,-0.06315789473684211,L,0.007820529929161784,0.02102315647778844,0.025470284797619397,False,True,G,False,0.0510039160845263,0.0,0.4,0.04853361728020081,0.026720234582752023,-0.021813382697448785,0.0510039160845263,L,G,K,0.002470298804325491,True,0
23,4hgr,148,V,True,unseen_protein_uncovered_source,unseen_protein_covered_source,legacy_expanded_s231301,all,-0.027873361180113267,0.0877351648380899,0.09532875394039919,False,0.5901352987831611,-0.28771929824561404,L,0.00426526250454375,0.020378623908779585,0.02536836670670542,False,False,D,False,0.05625686268924392,0.0,0.2,0.04853361728020081,0.026720234582752023,-0.021813382697448785,0.0510039160845263,L,G,K,0.002470298804325491,True,0
23,4hgr,148,V,True,unseen_protein_uncovered_source,unseen_protein_covered_source,legacy_expanded_s231303,old,-0.0623038730591547,0.30187794496158277,0.09351732835214906,False,1.0,-0.24035087719298245,W,0.009599125815675713,0.02435462146870943,0.029226984219813887,False,False,K,False,0.09351732835214906,0.0,0.0,0.09480315207343866,0.07298976937598987,-0.021813382697448785,0.09727345087776415,W,G,K,0.002470298804325491,False,1
23,4hgr,148,V,True,unseen_protein_uncovered_source,unseen_protein_covered_source,legacy_expanded_s231303,new,-0.017601951531048855,0.21409958661498246,0.09727345087776415,False,0.05163077879057209,-0.3017543859649123,H,0.013760524335920876,0.02441263124165972,0.02825254322073351,False,False,G,False,0.005022304024465421,0.0,0.2,0.09480315207343866,0.07298976937598987,-0.021813382697448785,0.09727345087776415,W,G,K,0.002470298804325491,False,1
23,4hgr,148,V,True,unseen_protein_uncovered_source,unseen_protein_covered_source,legacy_expanded_s231303,all,-0.044979548835588884,0.24748732814265847,0.09532875394039919,False,0.05241047332779682,-0.24912280701754386,H,0.011679825075798294,0.024311431476506194,0.028519998071003694,False,False,D,False,0.004996225115765397,0.0,0.0,0.09480315207343866,0.07298976937598987,-0.021813382697448785,0.09727345087776415,W,G,K,0.002470298804325491,False,1
23,4hgr,148,V,True,unseen_protein_uncovered_source,unseen_protein_covered_source,legacy_oracle_r32,old,0.9559049635355693,0.9561469752577902,0.09351732835214906,False,0.0,0.9947368421052631,K,-0.00011390451218146338,0.0010125556984993196,0.0012336320961650897,True,True,K,True,0.0,1.0,1.0,0.0,-0.021813382697448785,-0.021813382697448785,0.002470298804325491,K,G,K,0.002470298804325491,True,0
23,4hgr,148,V,True,unseen_protein_uncovered_source,unseen_protein_covered_source,legacy_oracle_r32,new,0.9458083575431235,0.9463512841354849,0.09727345087776415,False,0.0,0.9947368421052631,G,-0.0006202102952268873,0.0010320789735648046,0.001617790881060209,True,True,G,True,0.0,1.0,0.8,0.0,-0.021813382697448785,-0.021813382697448785,0.002470298804325491,K,G,K,0.002470298804325491,True,0
23,4hgr,148,V,True,unseen_protein_uncovered_source,unseen_protein_covered_source,legacy_oracle_r32,all,0.9511909470458418,0.9514731704237291,0.09532875394039919,False,0.0,1.0,D,-0.0003670574037041753,0.0009910591339635367,0.0013606742054535546,True,True,D,True,0.0,1.0,1.0,0.0,-0.021813382697448785,-0.021813382697448785,0.002470298804325491,K,G,K,0.002470298804325491,True,0
23,4hgr,148,V,True,unseen_protein_uncovered_source,unseen_protein_covered_source,legacy_restricted_s231301,old,-0.11700781882895737,0.2369179191075764,0.09351732835214906,False,1.0,-0.31052631578947365,W,0.013201326134416403,0.027221603352826827,0.03135267345992706,False,False,K,False,0.09351732835214906,0.0,0.2,0.09480315207343866,0.07298976937598987,-0.021813382697448785,0.09727345087776415,W,G,K,0.002470298804325491,False,1
23,4hgr,148,V,True,unseen_protein_uncovered_source,unseen_protein_covered_source,legacy_restricted_s231301,new,-0.07332213523801492,0.20738301316449415,0.09727345087776415,False,1.0,-0.22807017543859648,W,0.018466519162276176,0.028097833367987136,0.031796799307596865,False,False,G,False,0.09727345087776415,0.3333333333333333,0.2,0.09480315207343866,0.07298976937598987,-0.021813382697448785,0.09727345087776415,W,G,K,0.002470298804325491,False,1
23,4hgr,148,V,True,unseen_protein_uncovered_source,unseen_protein_covered_source,legacy_restricted_s231301,all,-0.09917564419312538,0.21412511586419122,0.09532875394039919,False,1.0,-0.2368421052631579,W,0.015833922648346294,0.027482737698550416,0.03134276916505419,False,False,D,False,0.09532875394039919,0.0,0.2,0.09480315207343866,0.07298976937598987,-0.021813382697448785,0.09727345087776415,W,G,K,0.002470298804325491,False,1
23,4hgr,148,V,True,unseen_protein_uncovered_source,unseen_protein_covered_source,legacy_restricted_s231303,old,-0.07594977814257316,0.13637953104677633,0.09351732835214906,False,1.0,-0.47719298245614034,W,0.009393469164480587,0.024648744806334923,0.028669722102233588,False,False,K,False,0.09351732835214906,0.0,0.2,0.09480315207343866,0.07298976937598987,-0.021813382697448785,0.09727345087776415,W,G,K,0.002470298804325491,False,1
23,4hgr,148,V,True,unseen_protein_uncovered_source,unseen_protein_covered_source,legacy_restricted_s231303,new,-0.07072357713844298,0.16185513328114545,0.09727345087776415,False,1.0,-0.4403508771929824,W,0.017551813296361563,0.02759022906573973,0.031075638036819224,False,False,G,False,0.09727345087776415,0.0,0.0,0.09480315207343866,0.07298976937598987,-0.021813382697448785,0.09727345087776415,W,G,K,0.002470298804325491,False,1
23,4hgr,148,V,True,unseen_protein_uncovered_source,unseen_protein_covered_source,legacy_restricted_s231303,all,-0.07673558945588115,0.1373780769166983,0.09532875394039919,False,1.0,-0.5877192982456141,W,0.013472641230421075,0.025864313344541007,0.02951122573254555,False,False,D,False,0.09532875394039919,0.0,0.0,0.09480315207343866,0.07298976937598987,-0.021813382697448785,0.09727345087776415,W,G,K,0.002470298804325491,False,1
23,4hgr,148,V,True,unseen_protein_uncovered_source,unseen_protein_covered_source,legacy_wt_z,old,-0.03500652481146163,0.08163049026551042,0.09351732835214906,False,0.6591621224566323,-0.3877192982456141,L,0.0005508330577156019,0.020587041388847305,0.0259847552979541,False,False,K,False,0.06164308064307637,0.0,0.2,0.04853361728020081,0.026720234582752023,-0.021813382697448785,0.0510039160845263,L,G,K,0.002470298804325491,True,0
23,4hgr,148,V,True,unseen_protein_uncovered_source,unseen_protein_covered_source,legacy_wt_z,new,-0.01528566710260747,0.1074823269160702,0.09727345087776415,False,0.5243354237387844,-0.042105263157894736,L,0.00771932675820387,0.020953796323890887,0.025426811378712527,False,True,G,False,0.0510039160845263,0.0,0.4,0.04853361728020081,0.026720234582752023,-0.021813382697448785,0.0510039160845263,L,G,K,0.002470298804325491,True,0
23,4hgr,148,V,True,unseen_protein_uncovered_source,unseen_protein_covered_source,legacy_wt_z,all,-0.02746315274529547,0.08720113562077157,0.09532875394039919,False,0.5901352987831611,-0.28771929824561404,L,0.004135079907959736,0.020314711463827958,0.0253362006978343,False,False,D,False,0.05625686268924392,0.0,0.2,0.04853361728020081,0.026720234582752023,-0.021813382697448785,0.0510039160845263,L,G,K,0.002470298804325491,True,0
