job,arm,architecture,seed,category,parent_index,position,pdb_id,source_aa,raw_old_mse,centered_old_mse,selected_aa,old_spearman,old_top1_match,old_top1_regret,old_top3_recall,old_top5_recall,old_task_mae,old_task_rmse,new_spearman,new_top1_match,new_top1_regret,new_top3_recall,new_top5_recall,new_task_mae,new_task_rmse,all_spearman,all_top1_match,all_top1_regret,all_top3_recall,all_top5_recall,all_task_mae,all_task_rmse,extra_regret_vs_teacher_old_choice,new_teacher_score_at_student_choice,new_teacher_score_at_teacher_old_choice,regret_to_new_best,student_old_choice,teacher_new_choice,teacher_old_choice,teacher_old_regret_to_new_best,selected_both_new_geometry
A_context_s231301,A,context,231301,development,0,49,5oi7,A,26.791235077254093,18.69259349093463,M,0.4736842105263158,False,10.145425524461745,0.3333333333333333,0.4,3.716857570107672,5.176025026722156,-0.40350877192982454,False,1.0942233159463743,0.0,0.0,1.1392441151053863,1.2918425633427826,0.4508771929824561,False,5.6198244202040595,0.3333333333333333,0.4,1.9027667930556635,2.4057614465159594,1.0942233159463743,-0.7154868223404947,-1.809710138286869,1.0942233159463743,M,I,I,0.0,False
A_context_s231301,A,context,231301,development,0,53,5oi7,D,83.27158726062767,0.0992431498189899,Y,-0.16666666666666666,False,0.22209231244571725,0.0,0.4,9.119887286080278,9.125326693364334,-0.02456140350877193,False,0.076408939681464,0.0,0.2,1.3178620555524196,1.3532134383613879,-0.05964912280701754,False,0.10411412478887705,0.0,0.2,3.901012615263929,3.9131783488747165,-0.03895934865439088,-1.0925394554061363,-1.0535801067517454,0.076408939681464,Y,P,E,0.11536828833585488,False
A_context_s231301,A,context,231301,development,0,45,5oi7,L,59.898846393600074,1.3513514663018296,Y,-0.1280701754385965,False,4.698587164790356,0.0,0.2,7.651633480982883,7.739434500892172,-0.4912280701754386,False,0.1459960521743291,0.0,0.0,2.4854237782336206,2.598475064376857,-0.1736842105263158,False,2.0968515933059533,0.0,0.2,2.5831048513746317,2.7001963103076303,-0.5048839781784498,-1.1365096371291035,-0.6316256589506537,0.1459960521743291,Y,P,W,0.6508800303527789,False
A_context_s231301,A,context,231301,development,0,79,5oi7,T,10.004879975598376,10.004715425910886,C,-0.2263157894736842,False,9.194246157404583,0.0,0.2,1.8700668109409904,3.1630491579484463,-0.08596491228070174,False,2.2846231552745815,0.0,0.2,1.1422786767141972,1.6836668278805889,-0.18596491228070175,False,5.739434656339582,0.0,0.2,1.3162392942804833,2.1878656393585616,2.2846231552745815,-0.4540868862580929,-2.7387100415326744,2.2846231552745815,C,P,P,0.0,False
A_context_s231301,A,context,231301,development,1,42,1c5e,A,0.020178140744768855,0.01617977654689013,N,0.07543859649122807,False,0.026626224764239835,0.3333333333333333,0.4,0.10040126222540581,0.14204978262837595,-0.03333333333333333,False,0.026335016863382063,0.0,0.2,0.09545782192559567,0.1333711622309426,0.010526315789473684,False,0.023070830584589246,0.0,0.4,0.09743633660025956,0.137619894737104,0.013936747461860466,0.017628859767816446,0.00369211230595598,0.026335016863382063,N,G,R,0.012398269401521597,False
A_context_s231301,A,context,231301,development,1,35,1c5e,D,0.0010374929400086123,0.0009226927493029843,A,0.06842105263157894,False,0.008207177965277382,0.0,0.4,0.028430317106362287,0.03221013722430583,0.18070175438596495,False,0.005698562307052457,0.0,0.4,0.03029502798252244,0.03369276028498005,0.12982456140350876,False,0.0069528701361649195,0.0,0.4,0.02936267254444236,0.03284332296307422,0.005698562307052457,-0.0022945036052765405,-0.007993065912328998,0.005698562307052457,A,K,K,0.0,False
A_context_s231301,A,context,231301,development,1,12,1c5e,L,0.010261491842297433,0.006457790562991265,E,-0.38947368421052625,False,0.12770468930893647,0.0,0.2,0.07027195951922816,0.10129902192172159,-0.2982456140350877,False,0.100324934035124,0.0,0.2,0.05778381685838017,0.08547689503581545,-0.31228070175438594,False,0.11401481167203023,0.0,0.2,0.06380348663000611,0.0932236287921247,0.100324934035124,0.08388816647452241,-0.016436767560601598,0.100324934035124,E,Q,Q,0.0,True
A_context_s231301,A,context,231301,development,1,38,1c5e,T,0.007471609607351956,0.006769664511260276,G,-0.11403508771929824,False,0.05848244041304172,0.0,0.4,0.04693502646775897,0.0864384729582375,-0.19473684210526312,False,0.06134007429496237,0.0,0.2,0.044047281824878694,0.07969169177672183,-0.15263157894736842,False,0.059911257354002045,0.0,0.2,0.04542266106648253,0.08300349076809822,0.06134007429496237,0.05303877108532175,-0.00830130320964062,0.06134007429496237,G,C,C,0.0,True
A_context_s231301,A,context,231301,development,2,75,4gn0,A,0.2843002843354607,0.25373885130824836,P,-0.356140350877193,False,0.11822211849000475,0.0,0.0,0.3847143880532123,0.5331981661028671,-0.07543859649122807,False,0.06655048964248422,0.0,0.0,0.37112764126088615,0.517874184250126,-0.2543859649122807,False,0.08675302709370047,0.0,0.0,0.3766676773928303,0.525366146244736,0.04848620585531549,-0.00242822754829497,-0.05091443340361046,0.06655048964248422,P,G,F,0.018064283787168733,False
A_context_s231301,A,context,231301,development,2,29,4gn0,D,0.020750184587656782,0.020740189888438836,F,0.03684210526315789,False,0.10232577115817598,0.0,0.2,0.11849029359668839,0.14404924362056465,0.05964912280701754,False,0.0960033245167704,0.0,0.2,0.16364154001556028,0.20288496935899775,-0.031578947368421054,False,0.08194541408567613,0.0,0.2,0.13808564138978158,0.16573960429127302,0.04463436861429848,-0.05490421335949769,-0.09953858197379617,0.0960033245167704,F,C,K,0.051368955902471924,True
A_context_s231301,A,context,231301,development,2,23,4gn0,L,0.040864537448626795,0.04063544623758296,T,0.09298245614035087,False,0.12175180624949178,0.0,0.2,0.17752786174114807,0.20214978963290264,-0.29298245614035084,False,0.2654463079362017,0.0,0.0,0.21832433497767134,0.25761029687559,-0.1754385964912281,False,0.1855369507301301,0.0,0.0,0.19501862094873024,0.22666032093423719,0.21716735527442665,0.08865533799082215,-0.1285120172836045,0.2654463079362017,T,C,F,0.048278952661775065,False
A_context_s231301,A,context,231301,development,2,45,4gn0,T,0.026884846586957376,0.006471077808067084,G,-0.11228070175438597,False,0.016727763150141683,0.3333333333333333,0.4,0.14509177459556186,0.16396599216592864,-0.12982456140350876,False,0.04152159227076524,0.0,0.2,0.12071571793241023,0.14302165195224886,-0.13508771929824562,False,0.02912467771045346,0.3333333333333333,0.2,0.13036459209732434,0.15088718835962808,0.04152159227076524,-0.08844166161861722,-0.12996325388938246,0.04152159227076524,G,P,P,0.0,False
A_context_s231301,A,context,231301,train,3,54,1v70,A,0.0006235500379275502,0.0001166544876937171,E,0.07192982456140351,False,0.01532680850065074,0.0,0.0,0.02251434099044058,0.024970983919892907,0.14210526315789473,False,0.013951876088951189,0.0,0.2,0.022407488146304937,0.024642729152896843,0.08596491228070174,False,0.014639342294800965,0.0,0.2,0.02246091456837276,0.024800040892527263,0.013951876088951189,0.0019829519179975497,-0.011968924170953639,0.013951876088951189,E,I,I,0.0,True
A_context_s231301,A,context,231301,train,3,4,1v70,D,0.0009291076602646296,0.00023732136506800282,W,-0.1,False,0.012750997401452045,0.3333333333333333,0.2,0.0264065821478513,0.030481267366443764,0.03333333333333333,False,0.0135218753435414,0.3333333333333333,0.2,0.026617247025500893,0.03017346963896331,0.010526315789473684,False,0.011970676780100404,0.3333333333333333,0.2,0.026459538834474505,0.030299056218151276,0.009567703146911168,-0.02078981071856536,-0.030357513865476526,0.0135218753435414,W,S,V,0.003954172196630232,True
A_context_s231301,A,context,231301,train,3,69,1v70,L,0.000134742246305486,0.0001310344188932233,S,-0.25263157894736843,False,0.0035237560580163585,0.0,0.0,0.00923273133928445,0.011607852786173935,0.0035087719298245615,False,0.00441281239299085,0.0,0.2,0.00904331671922734,0.011634409530273454,-0.24035087719298245,False,0.0034159325468904947,0.0,0.0,0.009037041730598301,0.011573628169934949,0.003131269457796834,0.002488085018100758,-0.0006431844396960762,0.00441281239299085,S,W,C,0.001281542935194016,True
A_context_s231301,A,context,231301,train,3,100,1v70,T,0.0002590198449092377,0.0002270681392652754,E,0.20175438596491227,False,0.0021529334970926267,0.6666666666666666,0.4,0.014122877863512006,0.016094093478951764,0.17719298245614035,False,0.0013802288925965495,0.6666666666666666,0.4,0.013877642674841201,0.015795575958073717,0.1842105263157895,False,0.0017647698974767312,0.6666666666666666,0.4,0.014000260269176603,0.015927180998605833,-0.00018309426558252295,-0.0052444457105891434,-0.0050613514450066205,0.0013802288925965495,E,C,Q,0.0015633231581790724,True
A_context_s231301,A,context,231301,train,4,30,1ub9,A,0.0017338515275840734,0.001703751117531228,T,0.41052631578947374,False,0.07403382923264484,0.0,0.2,0.031021418262151785,0.04163954283591588,0.2456140350877193,False,0.10111692729012828,0.0,0.2,0.04567477544833185,0.05829980712754907,0.32631578947368417,False,0.08757537826138656,0.0,0.2,0.038134788507819664,0.04939835796656466,0.10111692729012828,-0.03650849693615765,-0.13762542422628593,0.10111692729012828,T,H,H,0.0,False
A_context_s231301,A,context,231301,train,4,40,1ub9,D,0.0025581002876648106,0.0024901485655163496,W,0.5350877192982456,False,0.05602267568457675,0.3333333333333333,0.4,0.03932528202241906,0.05057766589775383,0.38596491228070173,False,0.10290894581968307,0.3333333333333333,0.4,0.04750257893327861,0.06519432641775269,0.487719298245614,False,0.07946581075212991,0.3333333333333333,0.4,0.04249358798896987,0.056987443345639446,0.10290894581968307,-0.024182463506996987,-0.12709140932668006,0.10290894581968307,W,C,C,0.0,True
A_context_s231301,A,context,231301,train,4,12,1ub9,L,0.0032241003260199143,0.003219446780670115,P,0.8894736842105263,True,0.0,0.6666666666666666,0.4,0.04721570383649923,0.05678116171777321,0.7543859649122807,True,0.0,0.6666666666666666,0.4,0.06084848850509563,0.07136048712184755,0.8017543859649122,True,0.0,0.6666666666666666,0.4,0.05107578894358565,0.06118282783196391,0.0,-0.02230802347369243,-0.02230802347369243,0.0,P,P,P,0.0,False
A_context_s231301,A,context,231301,train,4,61,1ub9,T,0.0013547980712618783,0.0012974250555308955,D,0.07368421052631578,False,0.019630108719963346,0.6666666666666666,0.4,0.03077083565836002,0.03680758170896151,0.34210526315789475,False,0.0003804622132242419,0.6666666666666666,0.4,0.027894510807513286,0.03132949526022506,0.23859649122807017,False,0.010005285466593794,0.6666666666666666,0.4,0.0290518566013787,0.033143635387940094,0.0003804622132242419,-0.0032558194893802517,-0.0036362817026044936,0.0003804622132242419,D,H,H,0.0,True
A_context_s231301,A,context,231301,train,5,92,2wpq,A,0.0026938606624593332,0.002204102766896034,P,0.9719298245614034,True,0.0,0.6666666666666666,1.0,0.040164163322998735,0.0519024148037385,0.37894736842105264,True,0.0,0.3333333333333333,0.2,0.20704137069793727,0.2891521324463796,0.8105263157894737,True,0.0,0.3333333333333333,0.4,0.10479589399385103,0.1413513097459483,0.0,-0.14204471101550453,-0.14204471101550453,0.0,P,P,P,0.0,False
A_context_s231301,A,context,231301,train,5,68,2wpq,D,0.007622300677181465,0.004350132074198491,M,0.8929824561403509,True,0.0,1.0,0.8,0.07105901245398795,0.08730578833720858,0.7087719298245614,False,0.11380099073605798,0.3333333333333333,0.6,0.18263973150866408,0.21137622850949053,0.8157894736842105,True,0.0,0.6666666666666666,0.8,0.1209415490403188,0.14138450820514922,0.0,-0.13989409057958113,-0.13989409057958113,0.11380099073605798,M,R,M,0.11380099073605798,False
A_context_s231301,A,context,231301,train,5,97,2wpq,L,0.00865901494624891,0.0016803024436825532,S,0.987719298245614,True,0.0,1.0,1.0,0.08353868865721054,0.09305382821920284,0.5912280701754385,True,0.0,0.6666666666666666,0.8,0.2798747961154858,0.471088577053232,0.9649122807017543,True,0.0,1.0,0.8,0.1596860013939449,0.2675848766106808,0.0,-0.2069541479567345,-0.2069541479567345,0.0,S,S,S,0.0,False
A_context_s231301,A,context,231301,train,5,44,2wpq,T,0.009432929391937454,0.0031522690463963604,G,0.980701754385965,True,0.0,0.6666666666666666,1.0,0.07925061731962152,0.09712326905503879,0.8526315789473684,True,0.0,0.6666666666666666,0.8,0.37759070143837287,0.4974313080136113,0.9631578947368421,True,0.0,0.6666666666666666,1.0,0.21923024043982492,0.2851582868996213,0.0,-0.10626952469597128,-0.10626952469597128,0.0,G,G,G,0.0,False
A_context_s231301,A,context,231301,train,6,36,3vub,A,0.0001774842795118013,0.00017663703384032263,E,0.1701754385964912,False,0.01185911560703884,0.0,0.2,0.011625390667163617,0.013322322602001547,-0.18070175438596495,False,0.005943618823488039,0.3333333333333333,0.2,0.5772001943065724,0.6484342715625495,-0.1649122807017544,False,0.0058229303350064154,0.3333333333333333,0.2,0.28847158251631927,0.32462307899021936,-1.0078616026500455,-0.7080127822115122,0.2998488204385333,0.005943618823488039,E,D,H,1.0138052214735336,False
A_context_s231301,A,context,231301,train,6,88,3vub,D,0.00022250922789959069,0.00019846298958301864,N,0.02982456140350877,False,0.003257145694987959,0.0,0.2,0.011381093372525741,0.014916743206866258,0.28596491228070176,False,1.9068447618142643,0.3333333333333333,0.4,0.6416367097253841,0.681150040887375,0.2824561403508772,False,0.9539403492332595,0.0,0.4,0.32276289120372004,0.342463076235525,1.191449034367455,1.173680772057825,-0.017768262309630134,1.9068447618142643,N,R,H,0.7153957274468091,False
A_context_s231301,A,context,231301,train,6,40,3vub,L,0.0003645912696088485,0.0003329575355477373,E,0.3929824561403509,False,0.03281579668055008,0.3333333333333333,0.6,0.013955097804117009,0.01909427321499429,0.2719298245614035,False,0.05205596597253981,0.3333333333333333,0.4,0.6917425988528924,0.6931008728864713,0.26491228070175443,False,0.042435881326544966,0.3333333333333333,0.4,0.3430591057070737,0.34435319006325255,0.05205596597253981,-0.6826154378399322,-0.734671403812472,0.05205596597253981,E,G,G,0.0,False
A_context_s231301,A,context,231301,train,6,6,3vub,T,0.00036931400485226495,0.00030373738839311617,G,-0.09214568679958544,True,0.0,0.3333333333333333,0.2,0.014486544764982,0.01921754419410204,0.15006583278789629,False,0.6779181003438979,0.0,0.2,0.4761029075798124,0.571276463176146,0.1360245852755785,False,0.3310042480657325,0.0,0.2,0.23815660185841353,0.2862161783535882,0.0,-0.061815180260804514,-0.061815180260804514,0.6779181003438979,G,N,G,0.6779181003438979,False
A_context_s231301,A,context,231301,train,7,56,3nxa,A,0.0019628910044638616,0.0019152179226240146,F,0.6070175438596491,False,0.001050013663134397,1.0,0.6,0.03494936262209379,0.044304525778568735,0.6105263157894737,False,0.030597752425902125,0.6666666666666666,0.6,0.04317039847414085,0.05210746626232971,0.6263157894736843,False,0.01582388304451826,1.0,0.6,0.038554089634279524,0.0471933037629472,0.030597752425902125,-0.193954269218376,-0.22455202164427812,0.030597752425902125,F,P,P,0.0,False
A_context_s231301,A,context,231301,train,7,74,3nxa,D,0.0011237348237596193,0.0009902041152817275,N,0.3578947368421052,False,0.009440811447635644,0.3333333333333333,0.4,0.027758415692381543,0.03352215422313458,0.14912280701754385,False,0.022139092217372758,0.0,0.4,0.11079502694916715,0.2253794100822084,0.29473684210526313,False,0.0157899518325042,0.3333333333333333,0.4,0.06807827103511217,0.11927390978125028,0.022139092217372758,-0.059743073152831894,-0.08188216537020465,0.022139092217372758,N,G,G,0.0,False
A_context_s231301,A,context,231301,train,7,39,3nxa,L,0.0024817811800845898,0.002429464842165228,Y,0.7,True,0.0,0.6666666666666666,0.8,0.040581456860067804,0.049817478660452,0.8087719298245614,True,0.0,0.6666666666666666,0.8,0.09783861553233109,0.25523774778978364,0.8105263157894737,True,0.0,0.6666666666666666,0.8,0.060981752308666544,0.12071567107177282,0.0,-0.22538951068956825,-0.22538951068956825,0.0,Y,Y,Y,0.0,False
A_context_s231301,A,context,231301,train,7,3,3nxa,T,0.004623397588864954,0.0033393675783226903,N,0.32807017543859646,True,0.0,1.0,0.6,0.06007083186512499,0.06799557036208281,0.4140350877192982,True,0.0,0.6666666666666666,0.6,0.07678379596468046,0.08570350865496411,0.38070175438596493,True,0.0,1.0,0.6,0.06780376589183273,0.07584275439670901,0.0,-0.07232142834127431,-0.07232142834127431,0.0,N,N,N,0.0,False
A_context_s231301,A,context,231301,train,8,48,2v66,A,0.058502036353167995,0.010969645621268965,C,0.9929824561403509,True,0.0,1.0,1.0,0.21997826255485664,0.241871942054402,0.7666666666666666,True,0.0,0.6666666666666666,0.8,3.060885969550167,3.4701912793748373,0.9122807017543859,True,0.0,1.0,0.8,1.435899897165126,1.6523467112782062,0.0,-8.078359865335948,-8.078359865335948,0.0,C,C,C,0.0,False
A_context_s231301,A,context,231301,train,8,42,2v66,D,0.0864490227635783,0.009767545940636183,C,0.9947368421052631,True,0.0,1.0,0.8,0.2769142048052828,0.29402214672296084,0.42280701754385963,True,0.0,0.6666666666666666,0.6,3.0712437948179683,3.3942477393798773,0.7789473684210525,True,0.0,1.0,0.6,1.4082679047078326,1.5667571663222086,0.0,-5.132904700139837,-5.132904700139837,0.0,C,C,C,0.0,False
A_context_s231301,A,context,231301,train,8,60,2v66,L,0.036482199222705486,0.010048907411130016,V,0.9947368421052631,True,0.0,1.0,1.0,0.16927372463569706,0.19100313930065518,0.9684210526315788,True,0.0,1.0,1.0,1.8441632194929867,3.0530512371938427,0.9789473684210527,True,0.0,1.0,1.0,0.8883175308680525,1.471837058959222,0.0,0.9697885918199849,0.9697885918199849,0.0,V,V,V,0.0,False
A_context_s231301,A,context,231301,train,8,74,2v66,T,0.02447575817692593,0.02247723777727307,I,0.9982456140350877,True,0.0,1.0,1.0,0.12254510180661397,0.15644730159681863,0.9350877192982456,False,0.36920141317741084,0.6666666666666666,0.6,6.1729518431767305,6.445676192054938,0.956140350877193,False,0.011366047235709331,0.6666666666666666,0.6,3.064123514561084,3.2006984282479882,0.0,-12.650688208736064,-12.650688208736064,0.36920141317741084,I,L,I,0.36920141317741084,False
A_context_s231301,A,context,231301,train,9,61,3zk1,A,0.00021627292122012803,0.00020572842156004953,L,0.40877192982456134,False,0.011750780792549709,0.3333333333333333,0.4,0.012241512321245335,0.0147062204940674,0.368421052631579,False,0.009276304679239261,0.3333333333333333,0.4,0.013651901139736402,0.016231673544043465,0.42280701754385963,False,0.010513542735894485,0.3333333333333333,0.4,0.01279605359082001,0.01507135447607797,0.009276304679239261,-0.002067894547414989,-0.01134419922665425,0.009276304679239261,L,F,F,0.0,True
A_context_s231301,A,context,231301,train,9,1,3zk1,D,0.002109134622989655,0.001876871082290922,Y,0.45614035087719296,True,0.0,0.3333333333333333,0.4,0.03818392137643031,0.045925315709199596,0.42105263157894735,True,0.0,0.3333333333333333,0.2,0.042818189938559174,0.049552154967711017,0.4263157894736842,True,0.0,0.3333333333333333,0.2,0.03996455649175836,0.04746976430483706,0.0,-0.02456467744367935,-0.02456467744367935,0.0,Y,Y,Y,0.0,True
A_context_s231301,A,context,231301,train,9,78,3zk1,L,0.0007398197876769447,0.0005329001961273846,R,-0.028070175438596492,False,0.032588552338069066,0.0,0.4,0.020631065054065766,0.027199628447406126,-0.08421052631578947,False,0.02460486135046186,0.0,0.2,0.01846939456014441,0.02493339626012177,0.02280701754385965,False,0.028596706844265463,0.0,0.2,0.019323879877985534,0.025711749866267786,0.02460486135046186,0.01986471176006685,-0.00474014959039501,0.02460486135046186,R,D,D,0.0,True
A_context_s231301,A,context,231301,train,9,4,3zk1,T,0.0008382955782752441,0.000778017772489396,G,0.056140350877192984,False,0.02547388041190063,0.3333333333333333,0.4,0.024781087760557353,0.028953334493202056,0.05964912280701754,False,0.016261768698801637,0.3333333333333333,0.2,0.025922517702979146,0.03114953400916366,0.10701754385964912,False,0.020225694039426645,0.3333333333333333,0.4,0.025159223578333712,0.02945085060047632,0.01497750766695266,-0.002313442702376184,-0.017290950369328845,0.016261768698801637,G,H,Y,0.0012842610318489767,True
A_context_s231301,A,context,231301,train,10,79,1qy7,A,0.000594041416552442,0.0005937372336418408,W,0.3350877192982456,True,0.0,0.3333333333333333,0.4,0.01818940042122881,0.024372964869962824,0.12456140350877193,False,0.009818285878593236,0.0,0.4,0.020614921955029435,0.02719301194978249,0.24736842105263157,False,0.001418429966153767,0.3333333333333333,0.6,0.019128023228287577,0.02544255922599946,0.0,0.007321469810056991,0.007321469810056991,0.009818285878593236,W,D,W,0.009818285878593236,False
A_context_s231301,A,context,231301,train,10,70,1qy7,D,0.0020875607723553078,0.00037098392886559227,G,0.38070175438596493,False,0.006633379166499975,0.0,0.2,0.0414315923359182,0.045689832264468946,0.22807017543859648,True,0.0,0.3333333333333333,0.2,0.0452973853088382,0.049291433600114634,0.3140350877192983,True,0.0,0.3333333333333333,0.2,0.0433644888223782,0.047406811972671964,-0.012989973451363657,-0.012668634948637791,0.0003213385027258653,0.0,G,G,E,0.012989973451363657,False
A_context_s231301,A,context,231301,train,10,55,1qy7,L,0.0007327193833031049,0.0006861310517295,F,-0.021052631578947368,False,0.014101645469442481,0.0,0.2,0.02110395207720907,0.027068789838171653,0.10175438596491228,False,0.021020849488278315,0.3333333333333333,0.2,0.02221326507518157,0.02757981307187773,0.07543859649122807,False,0.014740642181320707,0.0,0.0,0.02044558136852058,0.026094123751635348,-0.0013487717426736712,-0.008427265153553076,-0.007078493410879405,0.021020849488278315,F,H,N,0.022369621230951986,False
A_context_s231301,A,context,231301,train,10,98,1qy7,T,0.0012454250415939012,0.0012423101237675452,D,0.1789473684210526,False,0.048412515737144446,0.3333333333333333,0.2,0.028030815972599668,0.0352905800688215,0.1105263157894737,False,0.06867018008985903,0.3333333333333333,0.2,0.030241208244046174,0.038903646595587114,0.13684210526315788,False,0.05433581772062257,0.3333333333333333,0.2,0.028724411315531034,0.03658565497315081,0.056960692711986005,0.04698952267514278,-0.009971170036843224,0.06867018008985903,D,A,G,0.011709487377873029,False
A_context_s231301,A,context,231301,train,11,64,3mhx,A,0.00018323925968041378,0.00018305101792612732,N,-0.03859649122807017,False,0.00534974956245754,0.0,0.2,0.011126312838773222,0.013536589662112603,0.19122807017543858,False,0.02914326257699945,0.3333333333333333,0.2,0.01545467203874647,0.020066544017575277,0.14035087719298248,False,0.01530053214059926,0.3333333333333333,0.2,0.011700076132725043,0.014324721041375997,0.020999238018270527,0.021665727318855743,0.0006664893005852157,0.02914326257699945,N,C,S,0.008144024558728924,False
A_context_s231301,A,context,231301,train,11,19,3mhx,D,0.00034405109006625583,0.00033689949696406006,N,0.5543859649122806,False,0.03678012434020517,0.3333333333333333,0.4,0.013850337192443236,0.018548614235738902,0.38421052631578945,False,0.026787778665145257,0.3333333333333333,0.4,0.022960199457826114,0.029513235705058902,0.4263157894736842,False,0.03178395150267521,0.3333333333333333,0.4,0.01566368046153881,0.021701823224356157,0.026787778665145257,0.005591864226074883,-0.021195914439070374,0.026787778665145257,N,P,P,0.0,False
A_context_s231301,A,context,231301,train,11,3,3mhx,L,0.0012139398231230747,0.000819423182248559,N,0.30526315789473685,False,0.05004176946750824,0.0,0.2,0.028568482026668573,0.03484163921406504,0.2210526315789474,False,0.03528861705486508,0.0,0.2,0.0339559132684509,0.041145625961671047,0.24912280701754386,False,0.042653895527767174,0.0,0.2,0.031262197647559734,0.0374873802384276,0.03526602158802611,0.011855480866802659,-0.02341054072122345,0.03528861705486508,N,C,V,2.2595466838970513e-05,False
A_context_s231301,A,context,231301,train,11,2,3mhx,T,0.00022389732803977116,0.00017669547739775773,W,-0.09039053086054573,False,0.02060535912939604,0.0,0.0,0.01165241193392834,0.014963199124511148,-0.003510311878079445,False,0.037643975677729535,0.3333333333333333,0.2,0.012737710841783855,0.01631983073123564,0.050021944262632095,False,0.027057882746963746,0.0,0.2,0.011647898345535502,0.01480851406278171,0.030502153374458163,0.028235618035777343,-0.0022665353386808196,0.037643975677729535,W,H,F,0.007141822303271372,False
A_context_s231301,A,context,231301,train,12,4,5b08,A,0.0007542667057701068,0.0006420880029553457,W,-0.05964912280701754,False,0.03500923658768179,0.3333333333333333,0.4,0.024356128738602666,0.027463916431749256,-0.04736842105263158,False,0.03159988117466611,0.3333333333333333,0.4,0.02307772143050563,0.026615334705353533,-0.057894736842105256,False,0.03330455888117395,0.3333333333333333,0.4,0.0233054112464811,0.02642940110044956,0.03159988117466611,-0.005569549594915901,-0.03716943076958201,0.03159988117466611,W,D,D,0.0,False
A_context_s231301,A,context,231301,train,12,73,5b08,D,0.0008287514301918126,0.0005681002143134132,W,0.2368421052631579,False,0.08646529187236318,0.6666666666666666,0.4,0.023074659568195943,0.028788043181012017,0.19298245614035087,False,0.0770162193880648,0.6666666666666666,0.4,0.02151469927288385,0.025955056747203987,0.20526315789473687,False,0.08174075563021399,0.6666666666666666,0.4,0.02222496816762966,0.027229657587245854,0.0770162193880648,0.012707510471968997,-0.0643087089160958,0.0770162193880648,W,Y,Y,0.0,True
A_context_s231301,A,context,231301,train,12,32,5b08,L,0.0010583175512067827,0.0008344491677713793,N,0.20877192982456141,False,0.004004393228534242,0.3333333333333333,0.4,0.024607568195665525,0.03253179292948335,0.2,False,0.001624673148286293,0.3333333333333333,0.2,0.02416561695601871,0.03142078885103753,0.15263157894736842,False,0.0028145331884102676,0.3333333333333333,0.4,0.02432844663239183,0.03181878231553814,0.001624673148286293,-0.05201159681353795,-0.053636269961824246,0.001624673148286293,N,D,D,0.0,True
A_context_s231301,A,context,231301,train,12,64,5b08,T,0.0012587037322104044,0.0010377461018033906,F,0.19122807017543858,False,0.1089889149644852,0.3333333333333333,0.4,0.028085115650664915,0.035478214896051415,0.256140350877193,False,0.13652196634129837,0.3333333333333333,0.4,0.03938539793383564,0.0521311525300888,0.2175438596491228,False,0.12275544065289179,0.3333333333333333,0.4,0.033599934096346123,0.0432469123643473,0.13652196634129837,0.09945960918964364,-0.037062357151654735,0.13652196634129837,F,E,E,0.0,False
A_context_s231301,A,context,231301,development,13,2,1jke,A,0.0025997773715471947,0.0019561150614459026,F,-0.07017543859649124,False,0.06288599272448213,0.3333333333333333,0.2,0.04337141232817624,0.050988012037607375,-0.08421052631578947,False,0.05836214462978846,0.3333333333333333,0.2,0.042679622536510795,0.05036943036651651,-0.08421052631578947,False,0.060624068677135295,0.3333333333333333,0.2,0.04302551743234353,0.050668403229361274,0.05836214462978846,0.025827190092741342,-0.03253495453704712,0.05836214462978846,F,M,M,0.0,True
A_context_s231301,A,context,231301,development,13,135,1jke,D,0.0025841319935803295,0.00042276639048386896,K,-0.13157894736842105,False,0.03169981579261788,0.0,0.2,0.04676436059783957,0.050834358396465766,-0.1280701754385965,False,0.03405901934597713,0.0,0.2,0.0405393657378436,0.044621713378226874,-0.09649122807017543,False,0.032879417569297506,0.0,0.2,0.04365186316784159,0.047697503908960506,0.03405901934597713,0.0007521289507790713,-0.03330689039519806,0.03405901934597713,K,N,N,0.0,False
A_context_s231301,A,context,231301,development,13,142,1jke,L,0.0009285758266228632,0.000880950678940761,Q,-0.30526315789473685,False,0.02577522790904438,0.0,0.0,0.023267803044199776,0.030472542175257765,-0.34912280701754383,False,0.024819941834884438,0.0,0.0,0.022399300086676482,0.029704582842183448,-0.3508771929824562,False,0.02529758487196441,0.0,0.0,0.02282518814880029,0.030031462931944045,0.024819941834884438,0.012163939301409923,-0.012656002533474514,0.024819941834884438,Q,F,F,0.0,False
A_context_s231301,A,context,231301,development,13,19,1jke,T,0.0012825155692515946,0.0012697608161736833,F,0.5607723225231913,False,0.01921812415226168,0.3333333333333333,0.4,0.027573568230039137,0.03581222653300957,0.5414656071937544,False,0.014514880980064218,0.0,0.4,0.02806353683801302,0.036618622326585554,0.5660377903403104,False,0.01686650256616294,0.3333333333333333,0.4,0.027583058816495042,0.03616218588543584,0.014514880980064218,-0.08887502375185467,-0.10338990473191889,0.014514880980064218,F,D,D,0.0,False
A_context_s231301,A,context,231301,development,14,21,3qr7,A,0.08369180127828972,0.08249230701651965,K,-0.0543859649122807,False,0.15990448152832526,0.3333333333333333,0.2,0.23233261899340363,0.2892953530188304,-0.0035087719298245615,True,0.0,0.3333333333333333,0.2,0.2759104037496997,0.3423772953498944,-0.012280701754385965,True,0.0,0.3333333333333333,0.2,0.24496179161847378,0.302381892735907,-0.20464853052327348,-0.6818213827006354,-0.47717285217736194,0.0,K,K,N,0.20464853052327348,False
A_context_s231301,A,context,231301,development,14,105,3qr7,D,0.06906312407049638,0.047025220428753865,G,0.16842105263157894,False,0.4932624657211808,0.3333333333333333,0.4,0.18832135613205903,0.2627986378779319,0.27368421052631575,False,0.6416293313647081,0.6666666666666666,0.6,0.20495996620006962,0.24873433929329117,0.22982456140350876,False,0.563845172054132,0.6666666666666666,0.6,0.18504955260512582,0.24554333869141554,0.4973074174270633,0.358966995945619,-0.13834042148144432,0.6416293313647081,G,P,N,0.14432191393764482,False
A_context_s231301,A,context,231301,development,14,22,3qr7,L,0.08550309943065905,0.08151621547196293,Q,0.22807017543859648,False,0.17130853427123816,0.3333333333333333,0.2,0.2358081647215067,0.2924091302108384,0.12456140350877193,False,0.38630501253687344,0.0,0.2,0.3090836138693078,0.40686718012341344,0.16842105263157894,False,0.2788067734040558,0.0,0.2,0.2701676026165374,0.3383097383220942,0.38630501253687344,0.15252317465133913,-0.2337818378855343,0.38630501253687344,Q,N,N,0.0,False
A_context_s231301,A,context,231301,development,14,29,3qr7,T,0.07693659150645175,0.07686951947334016,K,-0.21052631578947367,False,0.8733351344806026,0.0,0.4,0.21284087976489982,0.277374460804256,-0.3666666666666667,False,0.6081532295374075,0.0,0.2,0.20162945015924713,0.2508816052915475,-0.32631578947368417,False,0.740744182009005,0.0,0.2,0.2020976164490431,0.25519428355681273,0.6081532295374075,0.14300498567168862,-0.46514824386571885,0.6081532295374075,K,D,D,0.0,False
A_context_s231301,A,context,231301,development,15,59,1lj9,A,0.003395906977878565,0.0013152098660529877,F,0.21851691441044546,True,0.0,0.6666666666666666,0.4,0.0488816620405079,0.058274411004132554,0.3536639217165041,True,0.0,0.3333333333333333,0.4,0.07296943714245485,0.08297486918525512,0.22729269410564407,True,0.0,0.3333333333333333,0.4,0.05960983698256958,0.07000165900474487,0.0,-0.16172150668350063,-0.16172150668350063,0.0,F,F,F,0.0,True
A_context_s231301,A,context,231301,development,15,124,1lj9,D,0.0007493252060635614,0.000598969545340042,C,-0.01754385964912281,False,0.028070355019677418,0.3333333333333333,0.2,0.021137483922972666,0.027373805107503073,-0.3192982456140351,False,0.05820821161716233,0.0,0.2,0.04243343038268996,0.05289563031932251,-0.14912280701754385,False,0.03561633531636746,0.0,0.2,0.031310145613990675,0.03796226744721453,0.030675508593594164,-0.008799121825573408,-0.03947463041916757,0.05820821161716233,C,I,E,0.027532703023568167,False
A_context_s231301,A,context,231301,development,15,111,1lj9,L,0.004445367843144635,0.001011925227420626,F,0.524561403508772,False,0.03545510042917993,0.3333333333333333,0.4,0.06077127104877197,0.06667359179723735,0.4789473684210526,False,0.07829074129818475,0.3333333333333333,0.2,0.08155206417310068,0.08770750067208744,0.5859649122807017,False,0.05687292086368234,0.3333333333333333,0.4,0.0682756377060689,0.07425710416027055,0.07829074129818475,-0.01085794632848866,-0.08914868762667341,0.07829074129818475,F,N,N,0.0,True
A_context_s231301,A,context,231301,development,15,0,1lj9,T,0.00042248480347026486,0.00040678297363925094,M,0.05087719298245614,False,0.003768270809023311,0.3333333333333333,0.6,0.01671423141516064,0.02055443512895124,-0.1842105263157895,False,0.01142460551462568,0.0,0.2,0.028933705553378965,0.04005624433803567,-0.09473684210526316,False,0.007596438161824495,0.3333333333333333,0.2,0.02158909805628002,0.02859243960523406,0.01142460551462568,-0.04686706449044048,-0.05829167000506616,0.01142460551462568,M,W,W,0.0,True
A_context_s231301,A,context,231301,train,16,16,4zzf,A,0.0018729945108016128,0.0018143611236664872,P,0.9578947368421052,True,0.0,0.3333333333333333,0.8,0.03450473103643994,0.043278106599083245,0.882456140350877,True,0.0,1.0,0.6,0.09429226399246023,0.11309472913001146,0.9719298245614034,True,0.0,0.6666666666666666,1.0,0.048302792317853525,0.05552639397323366,0.0,-0.5144970467742809,-0.5144970467742809,0.0,P,P,P,0.0,False
A_context_s231301,A,context,231301,train,16,35,4zzf,D,0.003314809752028183,0.0027664324881933188,W,0.7964912280701755,True,0.0,0.6666666666666666,0.8,0.04386451532126262,0.057574384512803806,0.843859649122807,True,0.0,0.6666666666666666,1.0,0.06994092471245895,0.10275446515532123,0.8491228070175438,True,0.0,0.6666666666666666,1.0,0.052266599038798184,0.06848430245155569,0.0,-0.13358444346277965,-0.13358444346277965,0.0,W,W,W,0.0,False
A_context_s231301,A,context,231301,train,16,24,4zzf,L,0.005525383860130014,0.004993416686831809,M,0.9701754385964911,False,0.03151961100674083,1.0,1.0,0.06127488736529984,0.07433292581440619,0.9245614035087718,False,0.08253368684185025,0.6666666666666666,0.8,0.13318442843295872,0.14248753069494713,0.9508771929824561,False,0.024681987615086554,1.0,0.8,0.09216515552542599,0.10420288718025007,0.0015973545350521645,0.06994540636046043,0.06834805182540826,0.08253368684185025,M,F,D,0.08093633230679809,False
A_context_s231301,A,context,231301,train,16,105,4zzf,T,0.009970401890891854,0.009942900206938903,D,0.5789473684210525,False,0.17066301816506546,0.0,0.0,0.07783034908664527,0.09985189978609248,0.30000000000000004,False,0.26435747013561506,0.0,0.4,0.09288239822717563,0.12220702364081712,0.519298245614035,False,0.21751024415034026,0.0,0.2,0.08243029712634987,0.10475840066277582,0.26435747013561506,0.007510236995763364,-0.2568472331398517,0.26435747013561506,D,V,V,0.0,False
A_context_s231301,A,context,231301,train,17,0,1msc,A,0.001023401862450226,0.0009049962141448773,W,0.7350877192982455,True,0.0,0.3333333333333333,0.6,0.02454538260307379,0.03199065273560741,0.45789473684210524,True,0.0,0.3333333333333333,0.4,0.03935097576268093,0.05646259028687772,0.5456140350877193,True,0.0,0.3333333333333333,0.4,0.03163885044144105,0.04334926396838776,0.0,-0.06525521182654748,-0.06525521182654748,0.0,W,W,W,0.0,False
A_context_s231301,A,context,231301,train,17,113,1msc,D,0.0011837976086430328,0.0004936372031039202,P,0.9649122807017543,False,0.02997144606585711,0.3333333333333333,1.0,0.02903327678320748,0.034406360002811005,0.9385964912280702,False,0.05608152160548974,0.3333333333333333,1.0,0.07984075065073502,0.09251425454954021,0.956140350877193,False,0.043026483835673424,0.3333333333333333,1.0,0.053853876540107,0.059769541957315445,0.05608152160548974,-0.035644098145133585,-0.09172561975062332,0.05608152160548974,P,T,T,0.0,False
A_context_s231301,A,context,231301,train,17,111,1msc,L,0.0026174440043561817,0.0025276514271357063,F,0.9210526315789472,True,0.0,1.0,0.8,0.04329633943118622,0.051160961722354105,0.8894736842105263,True,0.0,0.6666666666666666,0.6,0.12278561407834356,0.13733491249004245,0.9210526315789472,True,0.0,1.0,0.6,0.06573685495952172,0.07903950075181825,0.0,0.17212741575913904,0.17212741575913904,0.0,F,F,F,0.0,False
A_context_s231301,A,context,231301,train,17,44,1msc,T,0.0019713621561697797,0.0019533958020953274,S,0.9596491228070174,True,0.0,0.3333333333333333,0.8,0.036961079746905344,0.04440002428118457,0.9666666666666668,True,0.0,0.6666666666666666,0.8,0.12376874528208555,0.22584082517778428,0.9631578947368421,True,0.0,0.6666666666666666,0.8,0.06672543732521653,0.11582204884579164,0.0,-0.20062114253274688,-0.20062114253274688,0.0,S,S,S,0.0,False
A_context_s231301,A,context,231301,train,18,61,2vzw,A,0.0007034660489220342,0.0006533076566933256,N,0.16666666666666666,False,0.0016085391538818161,0.3333333333333333,0.4,0.02226708569416702,0.02652293439501056,0.28947368421052627,False,0.012726123067846928,0.0,0.2,0.022483361216387117,0.026815724740777976,0.34210526315789475,False,0.007167331110864372,0.3333333333333333,0.4,0.021882944685306948,0.026427653758186665,0.012726123067846928,-0.0005199839145234308,-0.01324610698237036,0.012726123067846928,N,C,C,0.0,True
A_context_s231301,A,context,231301,train,18,18,2vzw,D,0.0006480135609404543,0.00029081628125245183,W,0.1701754385964912,True,0.0,0.3333333333333333,0.6,0.021012599952805414,0.025456110483348674,-0.05263157894736842,True,0.0,0.3333333333333333,0.2,0.022626745525592615,0.027058588582860237,0.07894736842105264,True,0.0,0.3333333333333333,0.6,0.021819672739199013,0.02620552483979307,0.0,0.0006292220433890827,0.0006292220433890827,0.0,W,W,W,0.0,True
A_context_s231301,A,context,231301,train,18,143,2vzw,L,0.0002446560356643706,0.00020510475479665834,W,0.39824561403508774,False,0.05629730546844283,0.0,0.2,0.011467498080118016,0.01564148444567748,0.356140350877193,False,0.03617976684402749,0.0,0.0,0.011162048803295535,0.013736717668660614,0.45438596491228067,False,0.04623853615623516,0.0,0.2,0.011138217535399713,0.014371219803592294,0.03617976684402749,-0.0034265492220325877,-0.03960631606606008,0.03617976684402749,W,P,P,0.0,True
A_context_s231301,A,context,231301,train,18,5,2vzw,T,0.0005312383120783217,0.00033537699180144834,Y,0.21052631578947367,False,0.009327214162720032,0.0,0.4,0.018135004690609323,0.023048607595217582,0.11929824561403508,False,0.00733017019403534,0.0,0.4,0.020355597229907922,0.02657086247662562,0.15087719298245614,False,0.0068168240860973645,0.0,0.4,0.019245300960258626,0.024730279309510526,0.004306434009474697,-0.017061170915977086,-0.021367604925451783,0.00733017019403534,Y,F,C,0.0030237361845606436,True
A_context_s231301,A,context,231301,train,19,37,6kys,A,0.0005337379909038396,0.0004930035041998505,N,-0.27017543859649124,False,0.03668238483284847,0.0,0.0,0.017178989037319403,0.02310277019977993,-0.28596491228070176,False,0.04317328039122806,0.0,0.0,0.01629817012122967,0.023776732087824638,-0.28421052631578947,False,0.039927832612038264,0.0,0.0,0.016738579579274538,0.023353768004793697,0.04317328039122806,0.011969305310160272,-0.031203975081067786,0.04317328039122806,N,P,P,0.0,False
A_context_s231301,A,context,231301,train,19,110,6kys,D,0.000492287324653136,0.00020346372164612114,N,0.4807017543859649,False,0.03485643027769164,0.0,0.4,0.01781558422780017,0.022187548865368972,0.3543859649122807,False,0.03582042981829872,0.0,0.2,0.022122372040617178,0.025775206433700442,0.443859649122807,False,0.03533843004799518,0.0,0.4,0.019721529323222554,0.02379825255427957,0.03582042981829872,-0.011987958145070865,-0.047808387963369586,0.03582042981829872,N,Q,Q,0.0,False
A_context_s231301,A,context,231301,train,19,75,6kys,L,0.0016188146352156328,0.0015401879973527227,N,0.007017543859649123,False,0.046172484571885775,0.3333333333333333,0.2,0.03334491853780671,0.04023449558793589,-0.22280701754385965,False,0.057370525014761586,0.3333333333333333,0.2,0.04340869568823392,0.05266412962982167,-0.1456140350877193,False,0.05058309002764756,0.3333333333333333,0.2,0.03793767893897035,0.0459817661242727,0.05499369548340935,0.04794388592352333,-0.007049809559886017,0.057370525014761586,N,T,F,0.002376829531352237,False
A_context_s231301,A,context,231301,train,19,50,6kys,T,0.00016266552221582713,0.0001626624506841532,A,0.056140350877192984,False,0.005031705258588787,0.0,0.4,0.010011622240673665,0.012754039447007648,0.06315789473684211,False,0.0026713147950006566,0.0,0.4,0.010069065559258532,0.012816754030667192,0.01754385964912281,False,0.0037395015822352107,0.0,0.2,0.009986199668409284,0.012651198149813477,0.0024472979058816346,0.00461078425840189,0.0021634863525202552,0.0026713147950006566,A,K,G,0.00022401688911902196,False
A_context_s231301,A,context,231301,train,20,65,1ji5,A,9.01838948296961e-05,7.908819012357617e-05,N,0.12982456140350876,False,0.0014448999038791863,0.3333333333333333,0.2,0.007125616467433147,0.009496520143173292,-0.2824561403508772,False,0.0013916742865013043,0.0,0.0,0.007376198940810643,0.009358855193873373,-0.014035087719298246,False,0.0012700758196101634,0.3333333333333333,0.2,0.007242458627424927,0.009391146581231812,0.0010952517353411406,-0.0004506897047082542,-0.0015459414400493948,0.0013916742865013043,N,M,S,0.0002964225511601637,True
A_context_s231301,A,context,231301,train,20,11,1ji5,D,0.00266981063618269,0.0006410689366526651,W,-0.005263157894736842,True,0.0,0.3333333333333333,0.2,0.04530236427585193,0.051670210336156853,-0.11228070175438597,False,0.001030841550109074,0.3333333333333333,0.2,0.04580568352327057,0.05241603691718177,-0.07368421052631578,False,0.00027782276925657906,0.3333333333333333,0.2,0.04555402389956125,0.052033392607241435,0.0,-0.0004947620622176435,-0.0004947620622176435,0.001030841550109074,W,K,W,0.001030841550109074,True
A_context_s231301,A,context,231301,train,20,34,1ji5,L,0.00010171868249501087,9.690362204610618e-05,D,0.39122807017543854,False,0.0046360922634320414,0.3333333333333333,0.6,0.007735888665564803,0.010085568030359563,0.41052631578947374,False,0.005230017972119576,0.3333333333333333,0.4,0.007745433269654225,0.009985584676680766,0.39473684210526316,False,0.004933055117775809,0.3333333333333333,0.6,0.0076963171044094805,0.009979830260854703,0.005230017972119576,-0.004737832384103843,-0.00996785035622342,0.005230017972119576,D,W,W,0.0,True
A_context_s231301,A,context,231301,train,20,47,1ji5,T,0.0001939901616067231,9.967322700437124e-05,L,0.3192982456140351,False,0.0022518570555641743,0.3333333333333333,0.2,0.012390334195377517,0.013928035094970256,0.46491228070175433,False,0.0012343572640317046,0.3333333333333333,0.4,0.012906365277360901,0.014492598892721788,0.368421052631579,False,0.0016193476668362322,0.3333333333333333,0.2,0.012648349736369208,0.014202044692886858,0.0009868382781082902,-0.0002681291457353324,-0.0012549674238436226,0.0012343572640317046,L,H,D,0.0002475189859234145,True
A_context_s231301,A,context,231301,train,21,8,6qyy,A,0.002396196515681215,0.0022267420824053697,F,0.20877192982456141,True,0.0,0.3333333333333333,0.6,0.03989110777246448,0.048950960314188066,0.2456140350877193,True,0.0,0.3333333333333333,0.6,0.036333571364595314,0.04745544094773179,0.2508771929824561,True,0.0,0.3333333333333333,0.6,0.03790935835112707,0.047020278476032774,0.0,-0.14211615137825778,-0.14211615137825778,0.0,F,F,F,0.0,False
A_context_s231301,A,context,231301,train,21,24,6qyy,D,0.0004715656515582464,0.00022376873284320266,C,-0.019298245614035085,False,0.026089154744017518,0.0,0.2,0.016991148794081343,0.021715562427859113,0.25789473684210523,False,0.028966368548979715,0.0,0.4,0.01683326590161271,0.02148740143184149,0.10526315789473684,False,0.027527761646498616,0.0,0.2,0.01670985640819429,0.02141925116640012,0.028966368548979715,0.031326599369943864,0.0023602308209641487,0.028966368548979715,C,T,T,0.0,False
A_context_s231301,A,context,231301,train,21,18,6qyy,L,0.0010891263659196454,0.0010073684058511778,E,0.6315789473684211,False,0.024725818881110584,0.6666666666666666,0.8,0.029928820781973,0.03300191457960652,0.6403508771929824,False,0.020716467473820332,1.0,0.8,0.03593458849799444,0.04181188869418523,0.6403508771929824,False,0.022721143177465458,1.0,0.8,0.03253640968019849,0.03686016283028695,0.020716467473820332,-0.08166773716550801,-0.10238420463932835,0.020716467473820332,E,K,K,0.0,False
A_context_s231301,A,context,231301,train,21,5,6qyy,T,0.0005693636980316806,0.0005618943691449312,N,-0.16315789473684209,False,0.0577554157538408,0.0,0.2,0.01885533530639665,0.023861343173251597,-0.243859649122807,False,0.0659653258108654,0.0,0.0,0.019970283795979742,0.027016381036923116,-0.19649122807017544,False,0.06018400634616364,0.0,0.0,0.019156831222694515,0.024903583401521056,0.05830392961810982,0.03548188379686901,-0.02282204582124081,0.0659653258108654,N,E,Q,0.007661396192755576,False
A_context_s231301,A,context,231301,train,22,140,3nbc,A,0.000748895253791764,0.000382208915990047,T,-0.28771929824561404,False,0.011208557831142024,0.0,0.0,0.022803444078172398,0.027365950628322123,-0.21052631578947367,False,0.0115829654368316,0.0,0.0,0.02177301462332576,0.026500858333687698,-0.2771929824561403,False,0.01108387424390457,0.0,0.0,0.02228822935074908,0.02688453871984876,0.00919044471640626,0.0017905947172968395,-0.00739984999910942,0.0115829654368316,T,C,Y,0.0023925207204253396,True
A_context_s231301,A,context,231301,train,22,119,3nbc,D,0.0005055117092817123,0.00011036700836897933,A,-0.2,False,0.006158393169070742,0.0,0.2,0.019878246927552058,0.022483587553629253,-0.21929824561403505,False,0.005552610860917878,0.0,0.2,0.016677217983095172,0.019350688696846904,-0.19473684210526312,False,0.00585550201499431,0.0,0.2,0.018264444544794672,0.020894692569882464,0.005552610860917878,0.000514977884596618,-0.00503763297632126,0.005552610860917878,A,C,C,0.0,True
A_context_s231301,A,context,231301,train,22,77,3nbc,L,0.00024649636024630633,0.00022699408789720132,E,-0.4473684210526316,False,0.0072630998930788004,0.0,0.0,0.012405863199907835,0.01570020255430822,-0.443859649122807,False,0.002149021232056403,0.0,0.0,0.012012996357618046,0.015057693160744057,-0.4508771929824561,False,0.004706060562567602,0.0,0.0,0.01219009986710614,0.01533979502668818,0.002149021232056403,0.001497950679437532,-0.0006510705526188709,0.002149021232056403,E,M,M,0.0,True
A_context_s231301,A,context,231301,train,22,5,3nbc,T,0.0009530866452748291,0.0009525159956346284,D,0.3666666666666667,False,0.03331803405668732,0.0,0.2,0.023339139121139895,0.03087210140684999,0.4245614035087719,False,0.026155609326118268,0.3333333333333333,0.4,0.02342019119052376,0.03204649760091679,0.3929824561403509,False,0.029736821691402793,0.0,0.4,0.023379665155831827,0.031338915769431465,0.026155609326118268,-0.003598789288995069,-0.029754398615113337,0.026155609326118268,D,L,L,0.0,True
A_context_s231301,A,context,231301,train,23,2,3i07,A,0.0022293370667224787,0.0020604339594211154,N,0.48245614035087714,False,0.07067407333631742,0.3333333333333333,0.2,0.03872397642220715,0.04721585609435117,0.16666666666666666,False,0.1784128031104776,0.3333333333333333,0.2,0.051663641679686546,0.06269294541288774,0.2789473684210526,False,0.1245434382233975,0.3333333333333333,0.2,0.04240905970659875,0.05069452600946058,0.1784128031104776,-0.010823877835634155,-0.18923668094611176,0.1784128031104776,N,G,G,0.0,False
A_context_s231301,A,context,231301,train,23,137,3i07,D,0.001077415382201862,0.00048215532996016656,K,0.18070175438596495,False,0.0532335517281019,0.0,0.0,0.028402434957480047,0.03282400618757348,0.09298245614035087,False,0.07261802737595013,0.0,0.0,0.02777986484017694,0.03319004435435612,0.1280701754385965,False,0.06292578955202602,0.0,0.0,0.027133888392855944,0.03233124579594826,0.07261802737595013,0.04078549469421766,-0.03183253268173247,0.07261802737595013,K,W,W,0.0,False
A_context_s231301,A,context,231301,train,23,69,3i07,L,0.002236725454554367,0.0017642414913347354,W,0.2685388586730776,False,0.08640344286629648,0.0,0.2,0.037907611124438405,0.04729403191264588,0.08863537492150599,False,0.050254603250727614,0.0,0.0,0.03946176521925557,0.045192795698235054,0.22729269410564407,False,0.06832902305851205,0.0,0.2,0.03868159035008606,0.0449917891349197,0.050254603250727614,0.02200690080074169,-0.028247702449985923,0.050254603250727614,W,M,M,0.0,False
A_context_s231301,A,context,231301,train,23,120,3i07,T,0.002208029403288522,0.0016857031293094104,K,0.1307591174584593,False,0.0034120072410879776,0.3333333333333333,0.2,0.03895466734543358,0.04698967336860858,0.1930671532943695,False,0.007777517724365912,0.3333333333333333,0.4,0.026924009400888127,0.03260941131364036,0.14129005309269768,False,0.005594762482726945,0.3333333333333333,0.2,0.030439410026340114,0.034980938233103484,0.007777517724365912,-0.03765809140798748,-0.045435609132353394,0.007777517724365912,K,M,M,0.0,False
A_context_s231301,A,context,231301,train,24,85,1aa0,A,0.000768009459773757,0.0006258468489037067,P,0.9947368421052631,True,0.0,1.0,1.0,0.022044697125576763,0.02771298359566788,0.8701754385964912,False,0.2312789945991156,1.0,0.8,0.3857802207235328,0.5454918235409806,0.975438596491228,True,0.0,1.0,0.8,0.1939871042630433,0.2702650873302029,0.0,-2.2343677511091418,-2.2343677511091418,0.2312789945991156,P,V,P,0.2312789945991156,False
A_context_s231301,A,context,231301,train,24,78,1aa0,D,0.002519633598880543,0.0014503224514949547,Q,0.9929824561403509,True,0.0,1.0,1.0,0.04351091172385184,0.05019595201687625,0.6719298245614035,False,0.1479298180465225,0.0,0.4,0.33033175679202254,0.3768815961672006,0.9543859649122807,False,0.0001411238023782957,0.6666666666666666,0.8,0.18100852734604908,0.20785309884423558,0.0,-0.08966371946009843,-0.08966371946009843,0.1479298180465225,Q,M,Q,0.1479298180465225,False
A_context_s231301,A,context,231301,train,24,75,1aa0,L,0.009339251546255261,0.0026838977245226634,R,0.9964912280701754,True,0.0,1.0,0.8,0.08158035193435113,0.09663980311577244,0.8526315789473684,True,0.0,0.6666666666666666,0.8,0.39285259741936435,0.49953302800511223,0.9578947368421052,True,0.0,0.6666666666666666,0.8,0.23721647467685772,0.2959660613170144,0.0,-0.7263051066692903,-0.7263051066692903,0.0,R,R,R,0.0,False
A_context_s231301,A,context,231301,train,24,30,1aa0,T,0.0021911675721182407,0.002014751396125033,R,0.9649122807017543,False,0.0346297019981634,1.0,1.0,0.037067398417656605,0.04680990890952727,0.780701754385965,False,0.4121080773672414,0.3333333333333333,0.6,0.18284589069251697,0.22001013754478585,0.9333333333333333,False,0.2233688896827024,0.6666666666666666,1.0,0.0889383987164184,0.11017031282274105,0.4121080773672414,-0.10783074572837847,-0.5199388230956199,0.4121080773672414,R,P,P,0.0,False
A_context_s231301,A,context,231301,train,25,61,6o2k,A,0.0020921855064811876,0.001906242064643681,R,0.9578947368421052,True,0.0,0.6666666666666666,1.0,0.036780653890971536,0.04574041436717848,0.9421052631578948,True,0.0,0.6666666666666666,1.0,0.04395121504909636,0.05260847522454732,0.9456140350877192,True,0.0,0.6666666666666666,1.0,0.032501859363969876,0.042878732045200214,0.0,-0.1735553784802687,-0.1735553784802687,0.0,R,R,R,0.0,False
A_context_s231301,A,context,231301,train,25,51,6o2k,D,0.027957092758342853,0.020695315662271195,W,0.7280701754385965,True,0.0,0.6666666666666666,0.8,0.12519401019680926,0.1672037462449417,0.7035087719298245,True,0.0,0.6666666666666666,0.6,0.10373944803371583,0.13406514545369308,0.7210526315789473,True,0.0,0.6666666666666666,0.6,0.11343921418656948,0.14900553979636663,0.0,-0.10223056995956947,-0.10223056995956947,0.0,W,W,W,0.0,False
A_context_s231301,A,context,231301,train,25,63,6o2k,L,0.012097922946666966,0.01174896157623938,R,0.8842105263157896,False,0.18911078031025652,0.6666666666666666,1.0,0.08240598115908737,0.10999055844329078,0.7771929824561404,False,0.15962321449604655,0.6666666666666666,0.8,0.09188687878602535,0.11287562780762948,0.8228070175438595,False,0.17436699740315154,0.6666666666666666,1.0,0.08613997509840662,0.10987798523999188,0.15962321449604655,-0.08444887432601866,-0.24407208882206521,0.15962321449604655,R,S,S,0.0,False
A_context_s231301,A,context,231301,train,25,97,6o2k,T,0.0025755389165619084,0.002575027619110533,K,0.7894736842105263,False,0.0059776475346261515,0.6666666666666666,0.4,0.04192779958161756,0.05074976765032436,0.7578947368421053,False,0.01207834298428001,0.3333333333333333,0.4,0.04159254215154223,0.05151719084685324,0.7789473684210525,False,0.002683899020148761,0.3333333333333333,0.4,0.038366220522059756,0.048780448443247346,-0.010261061831910667,-0.11718594133371718,-0.10692487950180651,0.01207834298428001,K,M,N,0.022339404816190678,False
A_context_s231301,A,context,231301,train,26,6,3fhk,A,0.0042843948302343495,0.004257035811939775,N,0.21052631578947367,False,0.09170838335812859,0.3333333333333333,0.6,0.056487443259362335,0.06545528878734208,0.09824561403508772,False,0.10850438375443408,0.0,0.2,0.0573732442674654,0.06581933567065577,0.16140350877192983,False,0.10010638355628133,0.3333333333333333,0.4,0.05693034376341388,0.0655836911841165,0.10850438375443408,0.08289493193859476,-0.025609451815839318,0.10850438375443408,N,W,W,0.0,False
A_context_s231301,A,context,231301,train,26,143,3fhk,D,0.0002603969708507544,0.00026022794106260233,C,-0.012280701754385965,False,0.012496660946717142,0.3333333333333333,0.2,0.012476698998895561,0.016136820345122344,-0.010526315789473684,False,0.013400510671828375,0.3333333333333333,0.2,0.012525922874332717,0.015787486510937098,-0.03684210526315789,False,0.01268313999466654,0.3333333333333333,0.2,0.012350568679547279,0.015813678774363918,0.01094545324529711,-0.0006631371968995881,-0.011608590442196698,0.013400510671828375,C,Q,K,0.0024550574265312652,False
A_context_s231301,A,context,231301,train,26,14,3fhk,L,0.004679774269248611,0.0046632732634989855,Q,0.6017543859649123,False,0.008522762798626266,0.3333333333333333,0.6,0.03972713977318016,0.06840887566133952,0.531578947368421,True,0.0,0.6666666666666666,0.4,0.04427508531184386,0.06927792205895925,0.5842105263157895,False,0.0019102960619508391,0.6666666666666666,0.6,0.04200111254251201,0.0686207418890176,-0.004702170674724587,-0.05538646669301869,-0.050684296018294106,0.0,Q,Q,A,0.004702170674724587,False
A_context_s231301,A,context,231301,train,26,23,3fhk,T,0.0005156522495438218,0.0005118777684401421,S,0.4245614035087719,False,0.05710385823917735,0.0,0.2,0.017177784504494475,0.022707977663011338,0.29473684210526313,False,0.06748874159267212,0.0,0.2,0.020140834838485423,0.026156156344497316,0.3403508771929824,False,0.06229629991592474,0.0,0.2,0.018610269193192787,0.024167445390012567,0.06748874159267212,0.017242195374939595,-0.05024654621773253,0.06748874159267212,S,W,W,0.0,False
A_context_s231301,A,context,231301,development,27,68,1xko,A,0.0017386641954139827,0.0006042697276516301,D,0.07017543859649124,False,0.04317785422465091,0.3333333333333333,0.4,0.03528973130349884,0.04169729242305767,0.12280701754385966,False,0.052940421246722894,0.3333333333333333,0.2,0.04798079775175938,0.05514760826538218,0.08771929824561404,False,0.0480591377356869,0.3333333333333333,0.4,0.04116118090747206,0.04819671893884761,0.052940421246722894,0.04210501427767924,-0.010835406969043657,0.052940421246722894,D,S,S,0.0,False
A_context_s231301,A,context,231301,development,27,149,1xko,D,0.004116380874128082,0.0034188168179300964,F,0.028070175438596492,False,0.02262477255810867,0.0,0.0,0.03108338663125094,0.06415902800174018,0.15087719298245614,False,0.02227703134954974,0.0,0.0,0.04060610094211963,0.0719700151690242,0.10175438596491228,False,0.022415139218353572,0.0,0.0,0.03566231975780848,0.06786441799603551,0.022205505878598472,0.016612422026379622,-0.00559308385221885,0.02227703134954974,F,H,N,7.152547095126693e-05,True
A_context_s231301,A,context,231301,development,27,87,1xko,L,0.0003747263600058995,0.00036496969670965235,D,0.13333333333333333,False,0.0047207111444473315,0.3333333333333333,0.4,0.014541993841800613,0.019357850087390892,0.24912280701754386,False,0.003182539936388895,0.3333333333333333,0.2,0.014364808832809462,0.018950890647349904,0.21228070175438596,False,0.003047066146831888,0.0,0.2,0.014265079903965536,0.019022604836243434,0.0013734211492164444,-0.0002469684679059364,-0.0016203896171223808,0.003182539936388895,D,W,H,0.0018091187871724507,False
A_context_s231301,A,context,231301,development,27,47,1xko,T,0.019074634467447907,0.012477707955591296,L,-0.25789473684210523,False,0.0201457154774283,0.3333333333333333,0.2,0.11451964568755109,0.1381109498463026,-0.3368421052631579,False,0.01152637213290951,0.3333333333333333,0.2,0.12183211651838323,0.14696474491444647,-0.3175438596491228,False,0.015836043805168905,0.3333333333333333,0.2,0.11817588110296716,0.14246728320584479,0.01152637213290951,-0.0021657612906583606,-0.01369213342356787,0.01152637213290951,L,V,V,0.0,True
A_context_s231301,A,context,231301,development,28,25,4lr3,A,0.2753045253243824,0.0808440641260337,F,0.1842105263157895,False,0.3125110700943856,0.3333333333333333,0.4,0.48413366224543203,0.5246946972520138,0.1087719298245614,False,0.334722507741283,0.0,0.2,0.6683295597439735,0.7237145582955989,0.12982456140350876,False,0.3236167889178343,0.0,0.2,0.5717577446163876,0.6221472704969937,0.334722507741283,-0.6708772260347979,-1.005599733776081,0.334722507741283,F,H,H,0.0,False
A_context_s231301,A,context,231301,development,28,120,4lr3,D,0.12258116399254847,0.09508261065678711,R,0.7701754385964912,False,0.21345498716369837,0.6666666666666666,0.8,0.3003594573589392,0.3501159293613309,0.7789473684210525,False,0.22803820129559815,0.6666666666666666,1.0,0.3279554936154371,0.39255772403203926,0.7912280701754386,False,0.1932783686084174,0.6666666666666666,1.0,0.3042105791546865,0.36572118895337824,0.03597817155476868,-0.5985165375635031,-0.6344947091182718,0.22803820129559815,R,A,Y,0.19206002974082947,False
A_context_s231301,A,context,231301,development,28,10,4lr3,L,0.7169516293601357,0.13218838291673488,F,-0.1105263157894737,False,0.5989787928863084,0.0,0.0,0.802235757217614,0.8467299624792639,-0.256140350877193,False,0.8123640789178515,0.0,0.0,0.8063676011861614,0.866006750042576,-0.19824561403508772,False,0.7056714359020799,0.0,0.0,0.8043016792018877,0.854061743825347,0.8123640789178515,-0.5439413710871008,-1.3563054500049523,0.8123640789178515,F,C,C,0.0,False
A_context_s231301,A,context,231301,development,28,3,4lr3,T,1.654965446734987,1.2613155832264178,S,0.5614035087719299,False,1.760750535981825,0.0,0.4,0.9465134264492792,1.2864546034489468,0.5421052631578946,False,1.1633552495718757,0.3333333333333333,0.4,0.7283466279578562,1.1161382788584695,0.6017543859649123,False,1.4620528927768504,0.0,0.4,0.8368521119902007,1.1919618853869047,1.1633552495718757,0.3502476043716909,-0.8131076452001849,1.1633552495718757,S,F,F,0.0,False
A_context_s231301,A,context,231301,train,29,44,3lzq,A,0.001518139870879857,0.001171496716762261,V,0.5631578947368421,True,0.0,0.3333333333333333,0.4,0.030524813929167068,0.03896331442369677,0.5666666666666667,True,0.0,0.6666666666666666,0.4,0.027826766623479236,0.034837171164095154,0.5614035087719299,True,0.0,0.3333333333333333,0.4,0.02841229182949001,0.03642846169642555,0.0,0.03851216259963042,0.03851216259963042,0.0,V,V,V,0.0,False
A_context_s231301,A,context,231301,train,29,90,3lzq,D,0.003169070775588922,0.0031587602646796897,A,0.6649122807017543,False,0.005736954428387675,0.6666666666666666,0.6,0.04593771225118273,0.05629450040269406,0.6561403508771929,False,0.02514757166492526,0.6666666666666666,0.8,0.05160863948871577,0.06383297900452743,0.6666666666666666,False,0.015442263046656468,0.6666666666666666,0.8,0.04862731964300133,0.05993448711433682,0.02514757166492526,-0.04426976630432611,-0.06941733796925137,0.02514757166492526,A,C,C,0.0,False
A_context_s231301,A,context,231301,train,29,49,3lzq,L,0.0022326636989611665,0.002136781141533413,V,0.7491228070175439,False,0.04864834979042218,0.3333333333333333,0.6,0.04015133601462012,0.047251070876342754,0.7543859649122807,False,0.060775837029635044,0.3333333333333333,0.6,0.05893295872094588,0.06745724741168377,0.7526315789473684,False,0.05471209341002864,0.3333333333333333,0.6,0.04797047270999797,0.05588193428261343,0.060775837029635044,-0.16592940826464195,-0.226705245294277,0.060775837029635044,V,A,A,0.0,False
A_context_s231301,A,context,231301,train,29,74,3lzq,T,0.0017725363266572348,0.0016420725640513638,W,0.5052631578947369,True,0.0,0.3333333333333333,0.2,0.03221871533936041,0.04210150028986182,0.5508771929824561,True,0.0,0.3333333333333333,0.4,0.03880731862933119,0.050703033832314885,0.5210526315789473,True,0.0,0.3333333333333333,0.2,0.03538769392183816,0.046170231685459896,0.0,-0.10226579628863391,-0.10226579628863391,0.0,W,W,W,0.0,False
A_context_s231301,A,context,231301,train,30,122,2zvy,A,0.0016629245670249926,0.0015890341925996236,H,0.6087719298245614,False,0.04331834731099382,0.3333333333333333,0.4,0.033331617369296906,0.04077897211829882,0.5807017543859649,False,0.01973145293259171,0.6666666666666666,0.4,0.03552198187447654,0.04388301775774715,0.6157894736842106,False,0.031524900121792765,0.6666666666666666,0.4,0.03442679962188673,0.04191620103412979,0.01973145293259171,-0.050074383963501334,-0.06980583689609304,0.01973145293259171,H,Y,Y,0.0,True
A_context_s231301,A,context,231301,train,30,44,2zvy,D,0.001216026102296534,0.001128673900675918,Y,0.34210526315789475,True,0.0,0.3333333333333333,0.6,0.02930614179937605,0.034871565813661624,0.4719298245614035,False,0.003920189479264424,0.3333333333333333,0.4,0.0253775788628059,0.03162618350513994,0.4385964912280701,True,0.0,0.3333333333333333,0.6,0.027070326969422645,0.03284282300227207,0.0,-0.0412966105973811,-0.0412966105973811,0.003920189479264424,Y,K,Y,0.003920189479264424,False
A_context_s231301,A,context,231301,train,30,17,2zvy,L,0.011853587320564657,0.011200764302512383,F,0.8526315789473684,False,0.012887588490883672,0.3333333333333333,0.8,0.09564404774746095,0.10887418114761946,0.8210526315789475,False,0.03642697544960355,0.3333333333333333,0.6,0.10775077512300375,0.12074887922747828,0.8368421052631579,False,0.02465728197024361,0.3333333333333333,0.8,0.10169741143523237,0.1139119554287731,0.03642697544960355,0.029727539021747462,-0.006699436427856087,0.03642697544960355,F,P,P,0.0,True
A_context_s231301,A,context,231301,train,30,146,2zvy,T,0.001174114462113991,0.0011156037193528726,K,0.28070175438596495,False,0.06430730547548841,0.3333333333333333,0.6,0.027924019195617343,0.034265353669763736,0.13157894736842105,False,0.06504955703897075,0.3333333333333333,0.2,0.03366168010014062,0.04273952092182325,0.23859649122807017,False,0.06467843125722958,0.3333333333333333,0.4,0.028840527325387666,0.037424698751630694,0.06504955703897075,0.005194557207845618,-0.05985499983112513,0.06504955703897075,K,R,R,0.0,False
A_context_s231301,A,context,231301,train,31,39,4reu,A,0.00020909764907156122,9.566856014939211e-05,T,0.37543859649122807,False,0.001106882532734721,0.3333333333333333,0.6,0.012500466672176526,0.014460209164170524,0.4473684210526316,False,0.0005675269736420269,0.0,0.8,0.013865249478013571,0.01554803575192611,0.4333333333333333,False,0.0007888206741784726,0.3333333333333333,0.8,0.013182858075095047,0.014950766174024601,0.0004707588156222242,0.0007012591308196703,0.00023050031519744607,0.0005675269736420269,T,D,I,9.676815801980265e-05,True
A_context_s231301,A,context,231301,train,31,137,4reu,D,0.00028387076455518775,0.00018669249214377522,W,0.028070175438596492,False,0.0020788509528226473,0.0,0.4,0.013562983209540636,0.016848464753655975,-0.07368421052631578,False,0.004300286623810781,0.0,0.2,0.013959897037283541,0.01740331145661794,0.012280701754385965,False,0.003162393787460402,0.0,0.4,0.01376144012341209,0.0171047014067879,0.0027993929338172574,-0.001518393286241218,-0.0043177862200584755,0.004300286623810781,W,R,K,0.0015008936899935238,True
A_context_s231301,A,context,231301,train,31,149,4reu,L,0.0005155495949662823,0.0005123668973243612,P,-0.02631578947368421,False,0.033373429099337965,0.0,0.2,0.018943350344114807,0.02270571723082718,-0.042105263157894736,False,0.039264262017730915,0.0,0.2,0.02121644979868232,0.02434326072997363,-0.08421052631578947,False,0.03631884555853444,0.0,0.2,0.01988588866117631,0.023024135249472173,0.039264262017730915,0.024806666731781668,-0.014457595285949247,0.039264262017730915,P,R,R,0.0,True
A_context_s231301,A,context,231301,train,31,62,4reu,T,0.00039990205209211946,0.00039773656066460804,P,-0.7626152555127594,False,0.01332884390594262,0.0,0.0,0.017240087689180724,0.01999755115238162,-0.5976305972430255,False,0.013222521633282552,0.0,0.2,0.016979922199061564,0.019713704806827916,-0.6959193298292499,False,0.013275682769612586,0.0,0.0,0.01711000494412114,0.01984939524808885,0.013222521633282552,0.011311906402024785,-0.0019106152312577673,0.013222521633282552,P,E,E,0.0,True
A_context_s231301,A,context,231301,train,32,114,6mvm,A,7.44173733906998e-05,6.882145518346905e-05,V,0.07543859649122807,False,0.0010055392053445744,0.0,0.2,0.007192582056477703,0.008626550491981126,-0.06140350877192983,False,0.0044846106022543505,0.0,0.2,0.00793354518259505,0.009227254622454726,-0.008771929824561405,False,0.002732023261367492,0.0,0.2,0.007514990911913277,0.008899700878682325,0.0017920024965841844,0.0012509351788374395,-0.0005410673177467448,0.0044846106022543505,V,G,H,0.002692608105670166,True
A_context_s231301,A,context,231301,train,32,39,6mvm,D,0.00026771249802065035,0.0002496990048576433,R,-0.03333333333333333,False,0.002516567989258617,0.0,0.2,0.011956247329859598,0.016361922198221406,-0.04385964912280702,False,0.002853819230821966,0.0,0.2,0.01198562018343663,0.016743519193427748,-0.03508771929824562,False,0.0026851936100402915,0.0,0.2,0.011958428867372134,0.01653904585671557,0.002853819230821966,-0.00713809054072655,-0.009991909771548516,0.002853819230821966,R,K,K,0.0,True
A_context_s231301,A,context,231301,train,32,29,6mvm,L,0.0003366073012241172,0.0001757877198349666,E,0.11578947368421051,False,0.026956257539515676,0.0,0.2,0.014649480999105376,0.018346860800260007,0.1087719298245614,False,0.02727685977076813,0.0,0.2,0.014879785825547776,0.018779783146502714,0.11754385964912278,False,0.026699045218205236,0.0,0.2,0.014743569200053068,0.018551561607508295,0.026441832896894796,0.010588230045218458,-0.01585360285167634,0.02727685977076813,E,Y,F,0.0008350268738733339,True
A_context_s231301,A,context,231301,train,32,88,6mvm,T,0.00017685251770844658,0.00014823431335850098,F,-0.31241775714907055,False,0.0033708421411282607,0.0,0.2,0.009704087681708684,0.013298590816640934,-0.43001320506473206,False,0.0044247351536796445,0.0,0.0,0.01027553753866933,0.01376428748033744,-0.3519087657774644,False,0.0038977886474039526,0.0,0.0,0.009959303670032345,0.013524070574266916,0.0044247351536796445,-0.000700866552796886,-0.0051256017064765305,0.0044247351536796445,F,R,R,0.0,True
A_context_s231301,A,context,231301,train,33,154,7ebl,A,0.0037474732599230565,0.0035334264516316237,P,0.9736842105263157,True,0.0,1.0,1.0,0.048318698323617494,0.06121660934683541,-0.31052631578947365,False,1.2405702745388352,0.0,0.0,0.3904138652542461,0.5001338466250376,0.15789473684210528,False,0.22891043953806545,0.3333333333333333,0.4,0.1862517991218546,0.24041800482534376,0.0,0.47489222492369976,0.47489222492369976,1.2405702745388352,P,Q,P,1.2405702745388352,False
A_context_s231301,A,context,231301,train,33,104,7ebl,D,0.008032983201654197,0.0022646586762772223,F,0.9842105263157893,True,0.0,1.0,1.0,0.07749730961000408,0.08962691114645309,0.46315789473684205,False,0.22195950545745813,0.3333333333333333,0.6,0.8242654326456154,0.908291589990124,0.8614035087719297,True,0.0,0.6666666666666666,0.8,0.44078963865409315,0.48545150968021367,0.0,-0.09146993815770621,-0.09146993815770621,0.22195950545745813,F,G,F,0.22195950545745813,False
A_context_s231301,A,context,231301,train,33,30,7ebl,L,0.004233962032132337,0.002691567042373753,P,0.9771929824561404,True,0.0,1.0,1.0,0.051078857053729346,0.06506890218938949,0.14736842105263157,False,0.19469906288340688,0.3333333333333333,0.2,0.42327057803297025,0.5717231862240629,0.5754385964912281,True,0.0,0.6666666666666666,0.6,0.20533452201332303,0.2789162491483683,0.0,-1.1611927576991032,-1.1611927576991032,0.19469906288340688,P,E,P,0.19469906288340688,False
A_context_s231301,A,context,231301,train,33,108,7ebl,T,0.0010701170414243195,0.001051034548335206,I,0.9842105263157893,False,0.01581031275230238,1.0,1.0,0.024118125231627468,0.032712643449044586,0.41052631578947374,False,0.18338150768008,0.0,0.2,0.572721079839251,0.6743040032903318,0.9,True,0.0,0.6666666666666666,0.6,0.28635632529577926,0.33549130483403394,-0.14266708232504488,0.1635708806489209,0.30623796297396577,0.18338150768008,I,P,L,0.32604859000512487,False
A_context_s231301,A,context,231301,train,34,94,4wfq,A,0.00016257724146024518,0.00010965869007876013,W,-0.005263157894736842,False,0.004422209593167074,0.0,0.2,0.009655137234460638,0.01275057808337509,0.007017543859649123,False,0.0052542736692337486,0.0,0.2,0.009918503248981907,0.013056971231948947,0.008771929824561405,False,0.0048382416312004115,0.0,0.2,0.009786820241721271,0.012898223316485678,0.0052542736692337486,-0.004933963058784713,-0.010188236728018461,0.0052542736692337486,W,F,F,0.0,False
A_context_s231301,A,context,231301,train,34,75,4wfq,D,7.639466431803515e-05,7.135314329499713e-05,W,-0.4456140350877193,False,0.0019348376614026497,0.0,0.2,0.006937747263074007,0.008740404127844156,-0.019298245614035085,False,0.0002656202523552281,0.3333333333333333,0.2,0.006963592095214378,0.008600949309087853,-0.2543859649122807,False,0.001100228956878939,0.0,0.2,0.006950669679144191,0.008644529300321531,0.0002656202523552281,0.0012091254901307885,0.0009435052377755604,0.0002656202523552281,W,E,E,0.0,False
A_context_s231301,A,context,231301,train,34,189,4wfq,L,0.0001889684533309366,0.00018876330540054873,R,-0.21929824561403505,False,0.016095920852608317,0.0,0.0,0.010479518924430177,0.013746579695725646,-0.22456140350877193,False,0.01109141862830712,0.0,0.2,0.01020281198669528,0.013729276041009344,-0.22807017543859648,False,0.013593669740457719,0.0,0.2,0.010205752909279308,0.01369885523746724,0.01109141862830712,0.010790306509871686,-0.0003011121184354343,0.01109141862830712,R,W,W,0.0,False
A_context_s231301,A,context,231301,train,34,122,4wfq,T,0.00034064604736726246,0.00019171430893676682,H,0.14736842105263157,False,0.0106665430342118,0.3333333333333333,0.2,0.01500775904677722,0.01845659901951772,0.2789473684210526,False,0.010496172833155737,0.3333333333333333,0.2,0.014117153132525257,0.017525502101034946,0.22456140350877193,False,0.010581357933683769,0.3333333333333333,0.2,0.014557494473338069,0.017975125427034083,0.010496172833155737,0.00857402211976245,-0.0019221507133932864,0.010496172833155737,H,P,P,0.0,False
A_context_s231301,A,context,231301,train,35,75,1s8a,A,0.0011698610427814437,0.0011245625321935472,E,0.2614035087719298,False,0.07384456609549983,0.3333333333333333,0.2,0.0277043254466818,0.03420323146694539,0.07543859649122807,False,0.05070227461882992,0.0,0.4,0.03923265860562676,0.04664602261882089,0.16666666666666666,False,0.05798564795390437,0.3333333333333333,0.2,0.026506103459955667,0.032417925195337635,0.042126729812308916,0.029429406367891597,-0.012697323444417319,0.05070227461882992,E,V,Y,0.008575544806521007,True
A_context_s231301,A,context,231301,train,35,70,1s8a,D,0.0014970592370996724,0.0014927033489781103,Y,0.5649122807017544,True,0.0,0.6666666666666666,0.8,0.029484664545836484,0.038691849750298477,0.6403508771929824,True,0.0,0.6666666666666666,0.4,0.017599601133500883,0.024613712380639176,0.6771929824561403,True,0.0,0.6666666666666666,0.6,0.02088208487496489,0.029885687820933073,0.0,-0.055508901206180905,-0.055508901206180905,0.0,Y,Y,Y,0.0,True
A_context_s231301,A,context,231301,train,35,76,1s8a,L,0.0012090893916205368,0.001209000951886808,R,0.512280701754386,True,0.0,0.3333333333333333,0.4,0.028163127108206187,0.0347719627231558,0.3508771929824562,False,0.017788534937775824,0.3333333333333333,0.2,0.03115555345229572,0.0376962250223312,0.4807017543859649,True,0.0,0.3333333333333333,0.2,0.02574643957096634,0.032048196405789285,0.0,-0.0397586993357128,-0.0397586993357128,0.017788534937775824,R,C,R,0.017788534937775824,True
A_context_s231301,A,context,231301,train,35,6,1s8a,T,0.0004662115011127151,0.00046281411957602376,S,0.8912280701754386,False,0.010387201177664507,1.0,0.6,0.016289538631930264,0.02159193138912578,0.8070175438596491,False,0.02418905362001461,0.3333333333333333,0.6,0.06717964259009884,0.11281969382188958,0.8859649122807017,False,0.01683314448567841,1.0,0.6,0.03836037455696286,0.058573614352897076,-0.0034135763114911954,0.03730109063017917,0.04071466694167036,0.02418905362001461,S,K,M,0.027602629931505807,True
A_context_s231301,A,context,231301,train,36,56,1qsm,A,0.001039866942739647,0.0010018500570065619,S,0.9684210526315788,True,0.0,1.0,1.0,0.026967531597349426,0.03224696796195957,0.975438596491228,True,0.0,1.0,1.0,0.04441802065269749,0.05003666263123705,0.975438596491228,True,0.0,1.0,1.0,0.025658792773951274,0.030283202523642524,0.0,-0.6090978230334028,-0.6090978230334028,0.0,S,S,S,0.0,False
A_context_s231301,A,context,231301,train,36,26,1qsm,D,0.0018326115712598754,0.0018238559536990153,P,0.2912280701754386,True,0.0,0.3333333333333333,0.2,0.033496446008997996,0.04280901273400118,0.2614035087719298,True,0.0,0.3333333333333333,0.2,0.036348904607849654,0.04663310427604712,0.28947368421052627,True,0.0,0.3333333333333333,0.2,0.03234235561397319,0.04249424936776716,0.0,-0.12418978772562034,-0.12418978772562034,0.0,P,P,P,0.0,False
A_context_s231301,A,context,231301,train,36,45,1qsm,L,0.0006876714251615216,0.0006712859175994944,A,0.8578947368421052,True,0.0,1.0,0.8,0.01936205141923639,0.026223489950071892,0.8491228070175438,True,0.0,1.0,0.6,0.042699813551692486,0.04736917608572626,0.8491228070175438,True,0.0,1.0,0.6,0.02924499326517409,0.034013636089151186,0.0,-0.16643854309728745,-0.16643854309728745,0.0,A,A,A,0.0,False
A_context_s231301,A,context,231301,train,36,116,1qsm,T,0.0012768090463514718,0.0012730332847723461,G,0.9105263157894736,True,0.0,0.6666666666666666,1.0,0.03014432382877218,0.03573246487931488,0.9157894736842105,True,0.0,1.0,0.8,0.029626289381719545,0.035120751432849824,0.9140350877192982,True,0.0,0.6666666666666666,1.0,0.028658398945620157,0.03331175092210142,0.0,-0.1126299307197785,-0.1126299307197785,0.0,G,G,G,0.0,False
A_context_s231301,A,context,231301,train,37,25,4cl6,A,0.003374216790720848,0.0030427691632684854,F,0.2210526315789474,False,0.014705774364571614,0.6666666666666666,0.6,0.04632535576818111,0.05808800900978487,0.23508771929824557,False,0.01414110399385446,0.6666666666666666,0.6,0.047344956481178244,0.05971639962396608,0.2210526315789474,False,0.014423439179213036,0.6666666666666666,0.6,0.04683515612467968,0.05889731428303633,0.01414110399385446,-0.006576125290814264,-0.020717229284668723,0.01414110399385446,F,W,W,0.0,False
A_context_s231301,A,context,231301,train,37,83,4cl6,D,0.00029504297310193716,0.00010173096464444316,A,0.30000000000000004,False,0.006731257095560231,0.0,0.6,0.014253713003642934,0.017176814987125442,-0.07192982456140351,False,0.006622186565467245,0.0,0.6,0.01627301341887901,0.019335890776205834,0.19122807017543858,False,0.006223929048150924,0.0,0.6,0.015263363211260974,0.01824186080094083,0.0057096774595057215,-0.00269518109560965,-0.008404858555115371,0.006622186565467245,A,Q,G,0.0009125091059615231,False
A_context_s231301,A,context,231301,train,37,12,4cl6,L,0.00017864082462752776,0.00016981340204993403,N,-0.5210526315789473,False,0.010495110858838308,0.0,0.0,0.010808894025963517,0.013365658406061699,-0.5228070175438596,False,0.011236654463909548,0.0,0.0,0.011489552625675583,0.013915752818680016,-0.543859649122807,False,0.010865882661373928,0.0,0.0,0.01114922332581955,0.013628777919130954,0.011236654463909548,0.011823320233866327,0.000586665769956779,0.011236654463909548,N,K,K,0.0,False
A_context_s231301,A,context,231301,train,37,1,4cl6,T,0.0004840926804640151,0.0004639659284945311,W,0.3719298245614035,False,0.0009934327568066267,0.6666666666666666,0.6,0.01895411705192917,0.022002106273355172,0.3473684210526316,False,0.0006037529600646865,0.6666666666666666,0.6,0.01531562294059748,0.019609837423591927,0.32631578947368417,False,0.00041116159779153866,0.6666666666666666,0.6,0.01669179360560204,0.020604647931207472,-0.0002509092997946688,-0.04918534091088858,-0.04893443161109391,0.0006037529600646865,W,Y,I,0.0008546622598593553,True
A_context_s231301,A,context,231301,train,38,142,1rvv,A,6.787641869725144e-05,6.744148775199758e-05,Q,0.2210526315789474,False,0.011638425391969465,0.3333333333333333,0.2,0.006619975782861895,0.008238714626521024,0.3701754385964912,False,0.012497217306020096,0.3333333333333333,0.2,0.006884989998792783,0.00829919251959628,0.28596491228070176,False,0.01206782134899478,0.3333333333333333,0.2,0.00643572589966074,0.008164369093713458,0.012497217306020096,0.002587769777850246,-0.00990944752816985,0.012497217306020096,Q,M,M,0.0,False
A_context_s231301,A,context,231301,train,38,48,1rvv,D,0.0008038531164463756,0.00015184637158936973,N,0.20877192982456141,False,0.00033349000510544263,0.3333333333333333,0.4,0.025534422743759177,0.02835230354744347,-0.04385964912280702,False,0.002396380504227802,0.0,0.2,0.024681988557066756,0.027961350722380464,-0.012280701754385965,False,7.054193381014415e-05,0.3333333333333333,0.4,0.025108205650412968,0.028123650596403447,-0.0029773245050784755,-0.0014215791607393585,0.001555745344339117,0.002396380504227802,N,V,H,0.005373705009306277,True
A_context_s231301,A,context,231301,train,38,148,1rvv,L,0.00023491534175504262,0.00021406969484634433,F,0.11403508771929824,False,0.0021019846904349535,0.6666666666666666,0.4,0.012103728330271934,0.015326948220537663,0.21052631578947367,False,0.007227809705325251,0.3333333333333333,0.6,0.012200626764394193,0.014995257072344252,0.1456140350877193,False,0.004621643326134281,0.3333333333333333,0.4,0.012152177547333063,0.015068701935808464,0.006126782097267892,0.006514331770557748,0.00038754967328985535,0.007227809705325251,F,W,T,0.0011010276080573589,True
A_context_s231301,A,context,231301,train,38,116,1rvv,T,0.00022173310208256294,0.0001935288419051129,N,-0.015789473684210527,False,0.01041806345952171,0.0,0.4,0.0120696715883509,0.01489070522448695,-0.4350877192982456,False,0.005722673915162818,0.0,0.2,0.011906209797275214,0.01482996154674535,-0.2719298245614035,False,0.007307814047799913,0.0,0.2,0.011987940692813058,0.014752400884486578,0.004197564636078115,-0.000748820922416786,-0.004946385558494901,0.005722673915162818,N,D,W,0.0015251092790847035,True
A_context_s231301,A,context,231301,train,39,101,2ja9,A,0.0021068360622367092,0.0018724017520786276,K,-0.02631578947368421,False,0.05802212474995164,0.0,0.4,0.036984788343302426,0.04590028390148267,-0.010526315789473684,False,0.05679268232854813,0.0,0.4,0.03522264474328005,0.043232773350440394,-0.03333333333333333,False,0.05698941538704643,0.0,0.4,0.036103716543291246,0.044523838616484596,0.05134677721047286,0.04480362792025264,-0.006543149290220221,0.05679268232854813,K,C,P,0.005445905118075273,False
A_context_s231301,A,context,231301,train,39,95,2ja9,D,0.0003783654749810586,0.00023480312181128204,N,-0.012280701754385965,True,0.0,0.3333333333333333,0.4,0.01782768416654507,0.019451618826747005,-0.07192982456140351,False,0.003380502286589593,0.3333333333333333,0.2,0.018108685282147607,0.019764262706813206,-0.012280701754385965,True,0.0,0.3333333333333333,0.4,0.017968184724346338,0.019563127262357545,0.0,-0.004536196462132852,-0.004536196462132852,0.003380502286589593,N,E,N,0.003380502286589593,False
A_context_s231301,A,context,231301,train,39,51,2ja9,L,0.0006216066430098813,0.0005756330034696289,S,0.3368421052631579,False,0.04809986909368642,0.3333333333333333,0.4,0.02014523230672967,0.024932040490298447,0.26666666666666666,False,0.04018869211790434,0.3333333333333333,0.4,0.020526568572818583,0.024325071016331336,0.28596491228070176,False,0.04414428060579538,0.3333333333333333,0.4,0.020053693349900713,0.024108803549990104,0.04018869211790434,-0.008939117015782302,-0.04912780913368664,0.04018869211790434,S,W,W,0.0,False
A_context_s231301,A,context,231301,train,39,78,2ja9,T,0.0007115840710099143,0.0006503819057975705,R,-0.20877192982456141,False,0.06047672076845152,0.0,0.4,0.02040457578021073,0.02667553319073331,-0.17719298245614035,False,0.05529108765878886,0.0,0.2,0.01960957804877188,0.025413504265352015,-0.20526315789473687,False,0.05783752070539743,0.0,0.4,0.020007076914491304,0.026000973079459026,0.05407378513230014,0.007851158224643356,-0.046222626907656786,0.05529108765878886,R,H,Y,0.0012173025264887172,False
B_context_s231301,B,context,231301,development,0,49,5oi7,A,28.092747394647944,17.858190516315545,C,0.6807017543859648,False,6.453020308059199,0.3333333333333333,0.4,3.951580481247822,5.300259181837049,-0.5666666666666667,False,1.3337125413186293,0.0,0.0,1.1576098036122986,1.3765706826064215,0.6000000000000001,False,3.8933664246889146,0.3333333333333333,0.4,2.1560051941335883,2.5595876843962997,1.3337125413186293,-0.47599759696823973,-1.809710138286869,1.3337125413186293,C,I,I,0.0,False
B_context_s231301,B,context,231301,development,0,53,5oi7,D,95.7581621191042,0.3635188137950106,C,0.17719298245614035,False,0.16099498163627324,0.0,0.4,9.767018137861175,9.785609951306265,0.019298245614035085,False,0.11813153630719242,0.0,0.2,0.7395315187739107,0.9100727139666173,0.28771929824561404,False,0.09442675769701925,0.0,0.4,4.548143467044826,4.588548254820087,0.0027632479713375346,-1.0508168587804079,-1.0535801067517454,0.11813153630719242,C,P,E,0.11536828833585488,False
B_context_s231301,B,context,231301,development,0,45,5oi7,L,84.94146953036056,1.5583802138264613,C,0.17719298245614035,False,4.750609665594033,0.3333333333333333,0.2,9.13143413251906,9.216369650266886,-0.21228070175438596,False,0.2302428165480137,0.3333333333333333,0.2,1.0056231266974447,1.2332941237240072,0.11754385964912278,False,2.164986225894634,0.3333333333333333,0.2,4.062905502910807,4.146907588829431,-0.42063721380476515,-1.0522628727554189,-0.6316256589506537,0.2302428165480137,C,P,W,0.6508800303527789,False
B_context_s231301,B,context,231301,development,0,79,5oi7,T,7.150083560930749,7.148940498907566,W,0.06140350877192983,False,8.306376377198577,0.0,0.0,1.411854854098321,2.673964016386673,-0.3543859649122807,False,2.072907573536553,0.3333333333333333,0.2,0.8292086374064906,1.1263691632153963,-0.10175438596491228,False,5.189641975367564,0.3333333333333333,0.2,0.830482542568834,1.6050995610305823,2.072907573536553,-0.6658024679961212,-2.7387100415326744,2.072907573536553,W,P,P,0.0,False
B_context_s231301,B,context,231301,development,1,42,1c5e,A,0.02821846453423821,0.01494994041930193,H,0.20526315789473687,False,0.07044459876319109,0.0,0.2,0.11789865807087947,0.16798352459166407,0.2157894736842105,False,0.07293184881239402,0.0,0.2,0.1165040850492467,0.16128890358856932,0.22807017543859648,False,0.06827843355857086,0.0,0.2,0.1167519628521264,0.1645372877957196,0.06053357941087242,0.0642256917168284,0.00369211230595598,0.07293184881239402,H,G,R,0.012398269401521597,True
B_context_s231301,B,context,231301,development,1,35,1c5e,D,0.005418093239590084,0.0009486564791327687,V,-0.010526315789473684,False,0.026130972551948906,0.0,0.4,0.06685384626524726,0.0736076982359188,0.0824561403508772,False,0.02603792082647187,0.3333333333333333,0.4,0.0624325511260485,0.06945264701080935,0.02631578947368421,False,0.026084446689210387,0.3333333333333333,0.4,0.06464319869564786,0.07150676928543906,0.02603792082647187,0.01804485491414287,-0.007993065912328998,0.02603792082647187,V,K,K,0.0,False
B_context_s231301,B,context,231301,development,1,12,1c5e,L,0.016557344685439047,0.005579238123791022,P,-0.4122807017543859,False,0.016790756683785324,0.0,0.4,0.10477645995951586,0.12867534606690997,-0.3543859649122807,False,0.01649424651741538,0.0,0.4,0.08962592785030082,0.11158321347297741,-0.3596491228070175,False,0.01664250160060035,0.0,0.4,0.09720119390490835,0.12004510968273044,0.01649424651741538,5.747895681378068e-05,-0.016436767560601598,0.01649424651741538,P,Q,Q,0.0,False
B_context_s231301,B,context,231301,development,1,38,1c5e,T,0.010653858840774298,0.0055874055960816234,N,0.18771929824561404,False,0.011084156666342382,0.0,0.2,0.0711790225044758,0.10321753165414438,0.29298245614035084,False,0.009207416611035982,0.0,0.2,0.0686214767968147,0.09676028980008951,0.2543859649122807,False,0.010145786638689182,0.0,0.2,0.06990024965064526,0.09993296787537921,0.009207416611035982,0.0009061134013953615,-0.00830130320964062,0.009207416611035982,N,C,C,0.0,False
B_context_s231301,B,context,231301,development,2,75,4gn0,A,0.004509132225575062,0.004504561201919358,G,-0.09473684210526316,False,0.0543953316213166,0.0,0.4,0.04867483023073442,0.06715007241675218,0.0824561403508772,True,0.0,0.3333333333333333,0.4,0.04058515501647189,0.05575835768832098,-0.005263157894736842,False,0.02156438883811429,0.3333333333333333,0.4,0.043957802584580256,0.059763479105429375,-0.018064283787168733,-0.06897871719077919,-0.05091443340361046,0.0,G,G,F,0.018064283787168733,False
B_context_s231301,B,context,231301,development,2,29,4gn0,D,0.009438982968752174,0.007684435434315022,E,0.34210526315789475,False,0.0803954478808162,0.0,0.0,0.07849044262814141,0.09715442845672129,0.41754385964912283,False,0.08668295712355167,0.0,0.2,0.1400532542980832,0.18941293003687312,0.41754385964912283,False,0.06632006875038687,0.0,0.2,0.09905963238524347,0.13846114710579077,0.03531400122107975,-0.06422458075271642,-0.09953858197379617,0.08668295712355167,E,C,K,0.051368955902471924,False
B_context_s231301,B,context,231301,development,2,23,4gn0,L,0.4176568239375464,0.09861791120022921,V,0.1842105263157895,False,0.13110756685368763,0.0,0.0,0.5648352970002115,0.646263741778499,0.20877192982456141,False,0.2541918707866735,0.0,0.2,0.4982582603242223,0.5905059429560314,0.1842105263157895,False,0.1845876124574639,0.0,0.2,0.531546778662217,0.6172018682210079,0.20591291812489843,0.07740090084129392,-0.1285120172836045,0.2541918707866735,V,C,F,0.048278952661775065,False
B_context_s231301,B,context,231301,development,2,45,4gn0,T,0.007802447754374563,0.006005171198961555,E,-0.2719298245614035,False,0.14619641060775912,0.0,0.2,0.0629123560969774,0.08833146525658092,-0.15263157894736842,False,0.10845534407832069,0.3333333333333333,0.2,0.06751467086816647,0.07994941119982886,-0.2631578947368421,False,0.1273258773430399,0.0,0.0,0.059006605751331924,0.07870261689935752,0.10845534407832069,-0.021507909811061765,-0.12996325388938246,0.10845534407832069,E,P,P,0.0,False
B_context_s231301,B,context,231301,train,3,54,1v70,A,0.0008675957457869083,0.00020339736034945215,V,0.2368421052631579,False,0.005472688256621949,0.3333333333333333,0.6,0.02589456203113588,0.029454978285290048,0.19824561403508772,False,0.004170062128837811,0.3333333333333333,0.6,0.02594630154597078,0.029551028281500597,0.22982456140350876,False,0.00482137519272988,0.3333333333333333,0.6,0.025920431788553334,0.02949685522892587,0.004170062128837811,-0.007798862042115828,-0.011968924170953639,0.004170062128837811,V,I,I,0.0,True
B_context_s231301,B,context,231301,train,3,4,1v70,D,0.0009346300732091328,0.00016299539492283422,I,0.3403508771929824,False,0.0018030306211841637,0.6666666666666666,0.8,0.028394104267144702,0.030571720154566585,0.2596491228070175,False,0.005626377393399246,0.6666666666666666,0.8,0.028639656544481928,0.03036866361565901,0.27368421052631575,False,0.0025489444148953863,0.6666666666666666,0.8,0.028516880405813315,0.0304417927208098,0.0016722051967690138,-0.028685308668707513,-0.030357513865476526,0.005626377393399246,I,S,V,0.003954172196630232,True
B_context_s231301,B,context,231301,train,3,69,1v70,L,0.0006843721443705438,0.0002170000142599154,E,0.5403508771929825,False,0.0034141568195962674,0.6666666666666666,0.6,0.021618791134349495,0.02616050734161216,0.16842105263157894,False,0.0018815406820409802,0.0,0.4,0.022395429767027568,0.02701912839189677,0.34912280701754383,False,0.002095497072205514,0.3333333333333333,0.6,0.021990424582551366,0.026572555861608095,0.0005999977468469642,-4.318669284911203e-05,-0.0006431844396960762,0.0018815406820409802,E,W,C,0.001281542935194016,True
B_context_s231301,B,context,231301,train,3,100,1v70,T,0.0005976643989828378,0.00011631960072953611,V,0.3736842105263158,False,0.007862409870163248,0.3333333333333333,0.4,0.022914337479772486,0.024447175685195985,0.4982456140350877,False,0.005674985809079672,0.3333333333333333,0.6,0.02365855661018526,0.02511458059027895,0.41052631578947374,False,0.006766886542253603,0.3333333333333333,0.4,0.02328644704497887,0.024771320933456912,0.004111662650900599,-0.0009496887941060211,-0.0050613514450066205,0.005674985809079672,V,C,Q,0.0015633231581790724,True
B_context_s231301,B,context,231301,train,4,30,1ub9,A,0.0012453683287784163,0.0011702505369442164,H,0.4929824561403509,True,0.0,0.3333333333333333,0.4,0.028074784611526803,0.03528977654758409,0.40877192982456134,True,0.0,0.3333333333333333,0.4,0.04024853149941792,0.050919417173070664,0.4456140350877193,True,0.0,0.3333333333333333,0.4,0.033372957734393485,0.042342838089314765,0.0,-0.13762542422628593,-0.13762542422628593,0.0,H,H,H,0.0,False
B_context_s231301,B,context,231301,train,4,40,1ub9,D,0.009829336579263145,0.0024558559140505343,E,0.5035087719298245,False,0.06338091447671751,1.0,0.8,0.08611443114164982,0.09914301074338597,0.5385964912280702,False,0.08852518948537957,1.0,0.8,0.08484864637614341,0.10069282661957571,0.5228070175438596,False,0.07595305198104854,1.0,0.8,0.08548153875889661,0.09913404769633569,0.08852518948537957,-0.038566219841300486,-0.12709140932668006,0.08852518948537957,E,C,C,0.0,False
B_context_s231301,B,context,231301,train,4,12,1ub9,L,0.033988696279652085,0.007914484814239809,W,0.7228070175438598,False,0.08693207610448656,0.3333333333333333,0.2,0.1614751109781699,0.18436023508243876,0.7385964912280703,False,0.07149000929325106,0.3333333333333333,0.4,0.13561798935048566,0.15749668841798264,0.7421052631578948,False,0.0792110426988688,0.3333333333333333,0.2,0.1483134126209286,0.1702412413856105,0.07149000929325106,0.04918198581955863,-0.02230802347369243,0.07149000929325106,W,P,P,0.0,False
B_context_s231301,B,context,231301,train,4,61,1ub9,T,0.002285713544385844,0.0006572051428576703,H,0.14912280701754385,True,0.0,0.3333333333333333,0.4,0.04361831406709554,0.0478091366203767,0.15964912280701754,True,0.0,0.3333333333333333,0.4,0.05293579198447785,0.0560419425909605,0.0894736842105263,True,0.0,0.3333333333333333,0.4,0.048277053025786686,0.05141536085008761,0.0,-0.0036362817026044936,-0.0036362817026044936,0.0,H,H,H,0.0,True
B_context_s231301,B,context,231301,train,5,92,2wpq,A,0.0041962115491847255,0.003309661379851855,P,0.9824561403508772,True,0.0,1.0,1.0,0.05320299843688179,0.0647781718573836,0.37894736842105264,True,0.0,0.3333333333333333,0.2,0.22685826777115944,0.33336177266828315,0.7929824561403509,True,0.0,0.3333333333333333,0.4,0.12758404424214517,0.18572002072847027,0.0,-0.14204471101550453,-0.14204471101550453,0.0,P,P,P,0.0,False
B_context_s231301,B,context,231301,train,5,68,2wpq,D,0.17667719909495647,0.003154909338805001,M,0.9631578947368421,True,0.0,0.6666666666666666,0.8,0.41656006740463186,0.4203298693823179,0.8543859649122807,False,0.11380099073605798,0.3333333333333333,0.6,0.4759690131723703,0.5043026908638232,0.9140350877192982,True,0.0,0.6666666666666666,0.6,0.4426577537986316,0.45753434339522275,0.0,-0.13989409057958113,-0.13989409057958113,0.11380099073605798,M,R,M,0.11380099073605798,False
B_context_s231301,B,context,231301,train,5,97,2wpq,L,0.0030038018570319866,0.0020112541491130505,S,0.9789473684210527,True,0.0,1.0,0.8,0.04185447940723491,0.05480695080947294,0.5754385964912281,True,0.0,0.6666666666666666,0.8,0.2771527772264304,0.42871638665237194,0.9666666666666668,True,0.0,1.0,0.8,0.15207723993877983,0.22295897834188788,0.0,-0.2069541479567345,-0.2069541479567345,0.0,S,S,S,0.0,False
B_context_s231301,B,context,231301,train,5,44,2wpq,T,0.48957858555973527,0.006533523542963449,G,0.9912280701754386,True,0.0,1.0,1.0,0.6950144329557277,0.6996989249382446,0.8736842105263157,True,0.0,1.0,0.8,0.5354324514295906,0.5927359261673649,0.975438596491228,True,0.0,1.0,1.0,0.5711654975303903,0.6110131444249799,0.0,-0.10626952469597128,-0.10626952469597128,0.0,G,G,G,0.0,False
B_context_s231301,B,context,231301,train,6,36,3vub,A,0.0014391393922050133,0.0002494188298906734,P,-0.014035087719298246,False,0.024932648393241663,0.0,0.4,0.03449232613661103,0.03793599072391564,-0.1456140350877193,False,1.8874716094832102,0.0,0.0,0.5833089640981652,0.6519628462087174,-0.1280701754385965,False,0.9531236920579689,0.0,0.0,0.29458035230791213,0.3290976224759083,0.8736663880096767,1.17351520844821,0.2998488204385333,1.8874716094832102,P,D,H,1.0138052214735336,False
B_context_s231301,B,context,231301,train,6,88,3vub,D,0.001731489776381805,0.0009617633078105488,L,-0.256140350877193,False,0.016875521577035965,0.3333333333333333,0.4,0.03494118424697482,0.04161117369627784,0.27368421052631575,False,0.029173850541847512,0.3333333333333333,0.4,0.6127655335185832,0.6535672808472351,0.22456140350877193,False,0.02191408153807517,0.3333333333333333,0.4,0.29389171499691913,0.3156388047365663,-0.6862218769049616,-0.7039901392145917,-0.017768262309630134,0.029173850541847512,L,R,H,0.7153957274468091,False
B_context_s231301,B,context,231301,train,6,40,3vub,L,0.002563203274440555,0.0005115800874569446,E,0.2543859649122807,False,0.03281579668055008,0.0,0.2,0.04529484724539438,0.0506280878015411,-0.13333333333333333,False,0.05205596597253981,0.0,0.0,0.6520721390462428,0.6537924763981209,0.04035087719298246,False,0.042435881326544966,0.0,0.0,0.3033886459004242,0.3052970956438236,0.05205596597253981,-0.6826154378399322,-0.734671403812472,0.05205596597253981,E,G,G,0.0,False
B_context_s231301,B,context,231301,train,6,6,3vub,T,0.0013490050115499157,0.00021104433498423417,N,-0.21929824561403505,False,0.01590960421243287,0.0,0.2,0.033733672740537485,0.03672880356817951,0.14385964912280702,True,0.0,0.3333333333333333,0.2,0.4538104773490529,0.5509430642306946,0.13508771929824562,True,0.0,0.3333333333333333,0.2,0.2177811383489661,0.26645877275314517,-0.6779181003438979,-0.7397332806047023,-0.061815180260804514,0.0,N,N,G,0.6779181003438979,False
B_context_s231301,B,context,231301,train,7,56,3nxa,A,0.005800491802993554,0.0030198737700551335,P,0.5052631578947369,True,0.0,0.6666666666666666,0.6,0.06220777187572115,0.07616095983503329,0.368421052631579,True,0.0,1.0,0.6,0.07274920794673666,0.08363305776601647,0.4719298245614035,True,0.0,0.6666666666666666,0.6,0.06684964345248239,0.07928214474163563,0.0,-0.22455202164427812,-0.22455202164427812,0.0,P,P,P,0.0,False
B_context_s231301,B,context,231301,train,7,74,3nxa,D,0.0015758390845401274,0.0015739221521680908,Y,0.10350877192982455,False,0.09942848082834654,0.0,0.4,0.03254592847038201,0.03969683972988439,0.2,False,0.39581743965051386,0.0,0.4,0.11504016065542806,0.22726642465327532,0.16140350877192983,False,0.2476229602394302,0.0,0.4,0.07262123213348703,0.1219811146355672,0.39581743965051386,0.3139352742803092,-0.08188216537020465,0.39581743965051386,Y,G,G,0.0,False
B_context_s231301,B,context,231301,train,7,39,3nxa,L,0.011114700111604087,0.004418591992492719,F,0.0456140350877193,False,0.013007687444375082,0.3333333333333333,0.4,0.08573651940003413,0.1054262780885491,0.12105263157894736,False,0.00048539558885429823,0.3333333333333333,0.4,0.13328310614324793,0.28766751777056987,0.0894736842105263,False,0.00674654151661469,0.3333333333333333,0.4,0.10863141896299085,0.16640877125262404,0.00048539558885429823,-0.22490411510071395,-0.22538951068956825,0.00048539558885429823,F,Y,Y,0.0,False
B_context_s231301,B,context,231301,train,7,3,3nxa,T,0.030657680204517194,0.0035445699355949813,N,0.4350877192982456,True,0.0,0.3333333333333333,0.4,0.16706231593924023,0.17509334711666572,0.2982456140350877,True,0.0,0.6666666666666666,0.4,0.1901744634426698,0.19896479426289126,0.3736842105263158,True,0.0,0.3333333333333333,0.4,0.17801739355029178,0.18678922260788286,0.0,-0.07232142834127431,-0.07232142834127431,0.0,N,N,N,0.0,False
B_context_s231301,B,context,231301,train,8,48,2v66,A,16.263110041419747,0.05560049230070191,C,0.9964912280701754,True,0.0,1.0,1.0,4.02585513265431,4.03275464681646,0.7842105263157895,True,0.0,0.6666666666666666,0.8,1.5098805393070804,1.8072890684026346,0.9298245614035087,True,0.0,1.0,0.8,2.4110438733306223,2.5386190709644563,0.0,-8.078359865335948,-8.078359865335948,0.0,C,C,C,0.0,False
B_context_s231301,B,context,231301,train,8,42,2v66,D,7.950616031417273,0.1299657936893355,C,0.9929824561403509,True,0.0,1.0,0.8,2.796542550673588,2.819683675772386,0.46140350877192987,True,0.0,0.6666666666666666,0.6,1.3434599054415137,1.7983011213409892,0.8122807017543859,True,0.0,1.0,0.6,1.3412969171916236,1.4977637083045743,0.0,-5.132904700139837,-5.132904700139837,0.0,C,C,C,0.0,False
B_context_s231301,B,context,231301,train,8,60,2v66,L,9.570789084244407,0.4249055661703249,C,0.9947368421052631,False,0.1828291656506531,1.0,1.0,3.0242161824304294,3.0936691943781587,0.9578947368421052,False,0.22550156625708517,1.0,1.0,4.707843251884888,5.332369335994097,0.9701754385964911,False,0.20416536595386903,1.0,1.0,3.8660297171576588,4.060785417858991,0.22550156625708517,1.19529015807707,0.9697885918199849,0.22550156625708517,C,V,V,0.0,False
B_context_s231301,B,context,231301,train,8,74,2v66,T,11.389682007361921,2.665589951647572,I,0.987719298245614,True,0.0,0.6666666666666666,1.0,2.9536574032399816,3.3748602944954507,0.9157894736842105,False,0.36920141317741084,0.6666666666666666,0.6,9.171314060471273,9.485788413510624,0.9421052631578948,False,0.011366047235709331,0.6666666666666666,0.6,6.0624857318556264,6.335913010744064,0.0,-12.650688208736064,-12.650688208736064,0.36920141317741084,I,L,I,0.36920141317741084,False
B_context_s231301,B,context,231301,train,9,61,3zk1,A,0.0005912357226066801,0.00022449141655776712,E,0.5070175438596491,False,0.006756224783643072,0.6666666666666666,0.6,0.02054782624005644,0.024315339245148938,0.1456140350877193,False,0.009119491722019368,0.3333333333333333,0.4,0.025532889822767777,0.0288006963866383,0.368421052631579,False,0.00793785825283122,0.6666666666666666,0.6,0.02297825305858859,0.026412753919164346,0.009119491722019368,-0.002224707504634882,-0.01134419922665425,0.009119491722019368,E,F,F,0.0,True
B_context_s231301,B,context,231301,train,9,1,3zk1,D,0.005645484064137982,0.0016543309180872066,W,0.042105263157894736,False,0.009627070061421522,0.3333333333333333,0.4,0.06317557396692787,0.07513643632844176,-0.12456140350877193,False,0.014612057963031416,0.3333333333333333,0.2,0.06209486282419521,0.07696839532560976,-0.06666666666666667,False,0.01211956401222647,0.3333333333333333,0.2,0.062206989733661025,0.07586772800248204,0.014612057963031416,-0.009952619480647934,-0.02456467744367935,0.014612057963031416,W,Y,Y,0.0,True
B_context_s231301,B,context,231301,train,9,78,3zk1,L,0.005162338409358484,0.0005348207784123636,E,0.40175438596491225,False,0.018050602586676873,0.3333333333333333,0.4,0.06802586001621826,0.07184941481569967,0.38947368421052625,False,0.01318707103580874,0.3333333333333333,0.4,0.06420828677251014,0.06828279490087741,0.4719298245614035,False,0.015618836811242806,0.3333333333333333,0.6,0.06611707339436419,0.06994845464505853,0.01318707103580874,0.00844692144541373,-0.00474014959039501,0.01318707103580874,E,D,D,0.0,True
B_context_s231301,B,context,231301,train,9,4,3zk1,T,0.000948870089654017,0.00034363175844513266,C,0.4736842105263158,False,0.006085200048848161,0.6666666666666666,0.6,0.02581316792224446,0.03080373499519201,0.28947368421052627,False,0.004175575887365002,0.0,0.4,0.028393450329796923,0.0334896142243605,0.44912280701754387,False,0.004488257452182093,0.6666666666666666,0.6,0.026755845397493077,0.0315954150587579,0.002891314855516025,-0.01439963551381282,-0.017290950369328845,0.004175575887365002,C,H,Y,0.0012842610318489767,True
B_context_s231301,B,context,231301,train,10,79,1qy7,A,0.0010114538322225065,0.00034440479285533155,P,-0.0543859649122807,False,0.02347993543807636,0.3333333333333333,0.4,0.026930700267140017,0.03180336196414628,0.12456140350877193,False,0.005398125051751745,0.3333333333333333,0.6,0.027024331502930026,0.03166547867505209,0.0912280701754386,False,0.010948317271771202,0.3333333333333333,0.4,0.026616781808425038,0.03142692075614639,-0.0044201608268414905,0.0029013089832155003,0.007321469810056991,0.005398125051751745,P,D,W,0.009818285878593236,False
B_context_s231301,B,context,231301,train,10,70,1qy7,D,0.0009092470044264301,0.00029393449763862945,E,-0.18070175438596495,True,0.0,0.3333333333333333,0.2,0.027051834645111083,0.030153722894966553,-0.5333333333333333,False,0.012989973451363657,0.0,0.0,0.023569917374863282,0.02786276054200326,-0.3368421052631579,False,0.0031782971424318407,0.3333333333333333,0.2,0.025089367607306512,0.028837353151443812,0.0,0.0003213385027258653,0.0003213385027258653,0.012989973451363657,E,G,E,0.012989973451363657,False
B_context_s231301,B,context,231301,train,10,55,1qy7,L,0.0038537548307931544,0.0004132667882229493,E,0.1736842105263158,False,0.01638780922227301,0.3333333333333333,0.4,0.05865567357528345,0.06207861814500347,-0.09824561403508772,False,0.034473275482466925,0.0,0.2,0.060717459916968114,0.0685857485295232,0.06666666666666667,False,0.022609937054830276,0.3333333333333333,0.4,0.05968656674612577,0.06490840025950666,0.01210365425151494,0.005025160840635534,-0.007078493410879405,0.034473275482466925,E,H,N,0.022369621230951986,False
B_context_s231301,B,context,231301,train,10,98,1qy7,T,0.001079586542228312,0.0007784486535575983,H,0.3649122807017544,False,0.008644272941412456,0.3333333333333333,1.0,0.028807224355027923,0.0328570622884687,0.15614035087719297,False,0.01886065161619843,0.3333333333333333,0.6,0.036710451356384455,0.04141510679956593,0.26666666666666666,False,0.009546932085926274,0.3333333333333333,0.8,0.03275883785570619,0.03683000918441642,0.007151164238325403,-0.0028200057985178217,-0.009971170036843224,0.01886065161619843,H,A,G,0.011709487377873029,False
B_context_s231301,B,context,231301,train,11,64,3mhx,A,0.0009200274162887986,0.00044966365284649425,E,-0.0912280701754386,False,0.0016158562315438108,0.3333333333333333,0.4,0.02545458876755253,0.030331953716976404,-0.0824561403508772,False,0.03612141664645219,0.0,0.0,0.03721908069041821,0.04374491158534948,-0.005263157894736842,False,0.016922662509868763,0.0,0.0,0.030796619151950415,0.036456374773389234,0.027977392087723263,0.02864388138830848,0.0006664893005852157,0.03612141664645219,E,C,S,0.008144024558728924,False
B_context_s231301,B,context,231301,train,11,19,3mhx,D,0.0034852186435402363,0.0009209625051147641,K,-0.612280701754386,False,0.05374723061510739,0.0,0.0,0.054034687354584145,0.05903574039122603,-0.38947368421052625,False,0.06116852200718931,0.0,0.2,0.07096834342438514,0.07692143734961192,-0.519298245614035,False,0.05745787631114835,0.0,0.0,0.06224593942129556,0.06756101782146379,0.06116852200718931,0.039972607568118934,-0.021195914439070374,0.06116852200718931,K,P,P,0.0,False
B_context_s231301,B,context,231301,train,11,3,3mhx,L,0.003220879081861671,0.0010913428957855264,H,-0.02280701754385965,False,0.04307148576657535,0.0,0.2,0.048736232651753905,0.05675278919896071,-0.04736842105263158,False,0.025446312917393188,0.0,0.2,0.05719116154378328,0.06416757391378666,-0.057894736842105256,False,0.034247601608564784,0.0,0.2,0.052693386146412585,0.060175001533955254,0.025423717450554217,0.002013176729330768,-0.02341054072122345,0.025446312917393188,H,C,V,2.2595466838970513e-05,False
B_context_s231301,B,context,231301,train,11,2,3mhx,T,0.0038074474775321196,0.00030491966992823166,Y,0.16315789473684209,False,0.01863356825870921,0.0,0.2,0.059182157848492546,0.06170451748074949,0.031578947368421054,False,0.02005046699701507,0.0,0.2,0.06063249620541503,0.06379262095836341,0.10175438596491228,False,0.0172752329712631,0.0,0.4,0.05990732702695379,0.06255116282144081,0.012908644693743698,0.010642109355062879,-0.0022665353386808196,0.02005046699701507,Y,H,F,0.007141822303271372,False
B_context_s231301,B,context,231301,train,12,4,5b08,A,0.001185798254444391,0.0004537366939675997,M,0.6578947368421053,False,0.015992815586003906,0.0,0.6,0.027703435344478843,0.03443542150815626,0.736842105263158,False,0.011831630365328194,0.3333333333333333,0.8,0.03287941569909622,0.03798812069597813,0.6754385964912282,False,0.01391222297566605,0.3333333333333333,0.6,0.030291425521787534,0.03579999515548416,0.011831630365328194,-0.02533780040425382,-0.03716943076958201,0.011831630365328194,M,D,D,0.0,True
B_context_s231301,B,context,231301,train,12,73,5b08,D,0.0008355673201565794,0.0008018721956002022,E,0.12982456140350876,False,0.066518809607444,0.0,0.2,0.023206410870638933,0.028906181348572823,0.11403508771929824,False,0.052682855069106194,0.0,0.2,0.022797269780665007,0.02652288454258311,0.15438596491228068,False,0.059600832338275095,0.0,0.2,0.023001840325651973,0.027563769955420585,0.052682855069106194,-0.011625853846989609,-0.0643087089160958,0.052682855069106194,E,Y,Y,0.0,False
B_context_s231301,B,context,231301,train,12,32,5b08,L,0.0007582480471875916,0.0005964698922249002,W,0.4,False,0.021506990076180676,0.0,0.2,0.022609545568893278,0.027536304167182488,0.44912280701754387,False,0.00024264306424115478,0.3333333333333333,0.2,0.022057498150159314,0.025679958609752435,0.3701754385964912,False,0.010874816570210916,0.0,0.0,0.022046760888167594,0.026429099627542436,0.00024264306424115478,-0.05339362689758309,-0.053636269961824246,0.00024264306424115478,W,D,D,0.0,True
B_context_s231301,B,context,231301,train,12,64,5b08,T,0.004892430503577621,0.0009527804807143706,D,0.39824561403508774,False,0.07897181249985502,0.3333333333333333,0.4,0.06276663144428934,0.06994591127133609,0.39824561403508774,False,0.07696587442707264,0.3333333333333333,0.4,0.07471108706070284,0.08456296792368152,0.38421052631578945,False,0.07796884346346383,0.3333333333333333,0.4,0.06873885925249609,0.07683604658430995,0.07696587442707264,0.03990351727541791,-0.037062357151654735,0.07696587442707264,D,E,E,0.0,False
B_context_s231301,B,context,231301,development,13,2,1jke,A,0.002749653307350263,0.0011159355552300663,H,0.05087719298245614,False,0.1092549382721989,0.0,0.2,0.0424171445143861,0.0524371367196023,0.057894736842105256,False,0.10422358461404636,0.0,0.2,0.04282062184132331,0.05236620778795239,0.057894736842105256,False,0.10673926144312262,0.0,0.2,0.0426188831778547,0.05239079265516516,0.10422358461404636,0.07168863007699924,-0.03253495453704712,0.10422358461404636,H,M,M,0.0,True
B_context_s231301,B,context,231301,development,13,135,1jke,D,0.0038029509645114167,0.0011717576387230556,R,-0.32631578947368417,False,0.0333541022676794,0.0,0.2,0.055360960595749444,0.061668070867438494,-0.32631578947368417,False,0.03319379275616835,0.0,0.2,0.06039444855460642,0.06704641863937251,-0.3403508771929824,False,0.033273947511923876,0.0,0.2,0.05787770457517792,0.06431581328405579,0.03319379275616835,-0.0001130976390297106,-0.03330689039519806,0.03319379275616835,R,N,N,0.0,False
B_context_s231301,B,context,231301,development,13,142,1jke,L,0.0009027894688976517,0.000823770767842423,D,-0.18771929824561404,False,0.012019619019244254,0.0,0.2,0.0231772208822117,0.030046455180231357,-0.14912280701754385,False,0.01458953171358228,0.0,0.2,0.021698242285113332,0.028436066737544025,-0.20350877192982456,False,0.013304575366413267,0.0,0.2,0.022298272017831,0.029191084457537417,0.01458953171358228,0.0019335291801077653,-0.012656002533474514,0.01458953171358228,D,F,F,0.0,True
B_context_s231301,B,context,231301,development,13,19,1jke,T,0.0014315301987209168,0.001427422656759974,C,0.22807017543859648,False,0.08699369723756063,0.3333333333333333,0.6,0.03145769459418093,0.03783556790535748,0.28596491228070176,False,0.0863489368524024,0.6666666666666666,0.6,0.0325564095235423,0.038324711846693255,0.243859649122807,False,0.08667131704498152,0.3333333333333333,0.6,0.031959940535413824,0.03802816089774729,0.0863489368524024,-0.01704096787951649,-0.10338990473191889,0.0863489368524024,C,D,D,0.0,False
B_context_s231301,B,context,231301,development,14,21,3qr7,A,0.07687159201169967,0.07671205343451241,D,0.30350877192982456,False,0.41880197028720945,0.0,0.6,0.21911684199485387,0.27725726683298973,0.36315789473684207,False,0.5116575788569597,0.3333333333333333,0.6,0.2661244568274431,0.34584529653538926,0.2596491228070175,False,0.38527753380792196,0.0,0.6,0.23276463849786053,0.2986939617794872,0.30700904833368625,-0.1701638038436757,-0.47717285217736194,0.5116575788569597,D,K,N,0.20464853052327348,False
B_context_s231301,B,context,231301,development,14,105,3qr7,D,0.06026602449896188,0.04937850433813427,G,-0.0017543859649122807,False,0.4932624657211808,0.3333333333333333,0.4,0.18784573578544717,0.24549139394072836,-0.1736842105263158,False,0.6416293313647081,0.3333333333333333,0.2,0.22147289431397302,0.25487682350711377,-0.16842105263157894,False,0.563845172054132,0.3333333333333333,0.2,0.20238445636882268,0.2396657948032283,0.4973074174270633,0.358966995945619,-0.13834042148144432,0.6416293313647081,G,P,N,0.14432191393764482,False
B_context_s231301,B,context,231301,development,14,22,3qr7,L,0.10400940605679022,0.06343179758491006,D,0.02456140350877193,False,0.2839922690151031,0.0,0.4,0.27241267367030275,0.322504893074183,0.05964912280701754,False,0.2283843857717076,0.0,0.4,0.34557276856090213,0.4576831794187308,0.03859649122807017,False,0.25618832739340536,0.0,0.4,0.29890649687379095,0.38167149171409104,0.2283843857717076,-0.005397452113826695,-0.2337818378855343,0.2283843857717076,D,N,N,0.0,False
B_context_s231301,B,context,231301,development,14,29,3qr7,T,0.06888590599795032,0.06804020916674951,G,0.018429137359917087,False,0.707254012113915,0.3333333333333333,0.4,0.20715981448972287,0.26246124665929316,-0.05792014598831084,False,0.4331843347629083,0.3333333333333333,0.4,0.19291930857759512,0.23337007026852544,-0.046511632384552644,False,0.5702191734384117,0.3333333333333333,0.4,0.19721521935166675,0.2384508010419771,0.4331843347629083,-0.03196390910281055,-0.46514824386571885,0.4331843347629083,G,D,D,0.0,False
B_context_s231301,B,context,231301,development,15,59,1lj9,A,0.004639819305159124,0.0019380488385580764,V,0.3473684210526316,False,0.07665039541935506,0.3333333333333333,0.4,0.05254311205348031,0.06811621910499088,0.3385964912280702,False,0.13713490214832189,0.6666666666666666,0.4,0.042921736579685704,0.05912193004820384,0.29473684210526313,False,0.10689264878383849,0.6666666666666666,0.4,0.046060448653948045,0.06186659256185127,0.13713490214832189,-0.024586604535178747,-0.16172150668350063,0.13713490214832189,V,F,F,0.0,True
B_context_s231301,B,context,231301,development,15,124,1lj9,D,0.00947524957578462,0.0005800304154786884,W,-0.3403508771929824,False,0.020207295695921917,0.0,0.0,0.09431446951717393,0.09734089364591132,0.4789473684210526,False,0.05506746559286063,0.3333333333333333,0.6,0.06864132849095284,0.07295480602130125,0.3473684210526316,False,0.03011443264233886,0.0,0.6,0.08147789900406337,0.08406142957360412,0.027534762569292465,-0.011939867849875108,-0.03947463041916757,0.05506746559286063,W,I,E,0.027532703023568167,True
B_context_s231301,B,context,231301,development,15,111,1lj9,L,0.0020489814471371763,0.0016812685613376128,E,0.14385964912280702,False,0.013995131496315039,0.0,0.4,0.03663733741163768,0.0452656762584762,-0.11228070175438597,False,0.205353648309616,0.0,0.2,0.06360266751499515,0.07741887005276453,-0.06140350877192983,False,0.10967438990296552,0.0,0.4,0.04968150029945278,0.058876669431251374,0.205353648309616,0.11620496068294259,-0.08914868762667341,0.205353648309616,E,N,N,0.0,False
B_context_s231301,B,context,231301,development,15,0,1lj9,T,0.0023093784174268825,0.0017491606047934504,E,-0.3473684210526316,False,0.01992005728959237,0.3333333333333333,0.2,0.03920689545607672,0.048055992523585264,-0.4122807017543859,False,0.0578595002225204,0.0,0.2,0.040472286813215796,0.049719391381344645,-0.39473684210526316,False,0.038889778756056384,0.3333333333333333,0.2,0.03963767368266987,0.0468479668074157,0.0578595002225204,-0.00043216978254576044,-0.05829167000506616,0.0578595002225204,E,W,W,0.0,True
B_context_s231301,B,context,231301,train,16,16,4zzf,A,0.03701639926913537,0.004961075155736589,P,0.956140350877193,True,0.0,0.6666666666666666,0.8,0.17904000701909836,0.19239646376463204,0.8245614035087718,True,0.0,0.6666666666666666,0.6,0.2682386373590314,0.28533352044136795,0.9456140350877192,True,0.0,0.6666666666666666,0.8,0.22363932218906485,0.23445102446369176,0.0,-0.5144970467742809,-0.5144970467742809,0.0,P,P,P,0.0,False
B_context_s231301,B,context,231301,train,16,35,4zzf,D,0.00602132980112197,0.005499403187628308,E,0.4807017543859649,False,0.1560124687842186,0.0,0.4,0.06139209886822934,0.07759722805050429,0.4333333333333333,False,0.13370023993004754,0.3333333333333333,0.2,0.09904613500911434,0.12531053687217839,0.4719298245614035,False,0.14485635435713307,0.0,0.2,0.07538120966189668,0.09281963681108528,0.13370023993004754,0.00011579646726789239,-0.13358444346277965,0.13370023993004754,E,W,W,0.0,False
B_context_s231301,B,context,231301,train,16,24,4zzf,L,0.009968478730299159,0.009787171118118877,D,0.9087719298245613,True,0.0,1.0,0.8,0.08724821612270967,0.09984226925655866,0.8754385964912281,False,0.08093633230679809,0.6666666666666666,0.8,0.12717829072379688,0.1426534241152675,0.9017543859649122,False,0.008123504844190055,1.0,0.8,0.10119917176396305,0.11447026092360381,0.0,0.06834805182540826,0.06834805182540826,0.08093633230679809,D,F,D,0.08093633230679809,False
B_context_s231301,B,context,231301,train,16,105,4zzf,T,0.004427716091877417,0.0034258841986585273,L,0.882456140350877,False,0.05041793717279863,1.0,0.8,0.04999936133555374,0.06654108574315133,0.6315789473684211,False,0.0488286278805653,1.0,0.6,0.08355977701279142,0.11204051035786426,0.8070175438596491,False,0.04962328252668197,1.0,0.8,0.06462210673926816,0.08373911437892795,0.0488286278805653,-0.2080186052592864,-0.2568472331398517,0.0488286278805653,L,V,V,0.0,False
B_context_s231301,B,context,231301,train,17,0,1msc,A,0.00782999609471941,0.0010832811293722525,W,0.7491228070175439,True,0.0,0.3333333333333333,0.6,0.08213838910854751,0.088487265155611,0.6789473684210526,True,0.0,0.6666666666666666,0.4,0.102827302263933,0.1099739850705521,0.7105263157894737,True,0.0,0.6666666666666666,0.4,0.09248284568624025,0.09866905516894671,0.0,-0.06525521182654748,-0.06525521182654748,0.0,W,W,W,0.0,False
B_context_s231301,B,context,231301,train,17,113,1msc,D,0.9927515097487024,0.004518620699739756,E,0.9175438596491228,False,0.029348124355724092,0.6666666666666666,0.8,0.9940990338235736,0.9963691633870964,0.8894736842105263,False,0.04206301551813163,0.6666666666666666,0.8,0.9405291873357924,0.9437425076194784,0.9105263157894736,False,0.03570556993692786,0.6666666666666666,0.8,0.9673141105796831,0.9697431468756761,0.04206301551813163,-0.04966260423249169,-0.09172561975062332,0.04206301551813163,E,T,T,0.0,False
B_context_s231301,B,context,231301,train,17,111,1msc,L,0.6987118978159849,0.0021328160508935876,F,0.9578947368421052,True,0.0,1.0,0.8,0.8346131329934195,0.8358898837861269,0.9315789473684211,True,0.0,0.6666666666666666,0.8,0.7061418327551459,0.7086659332992035,0.9543859649122807,True,0.0,1.0,0.8,0.7703774828742825,0.7719894643063484,0.0,0.17212741575913904,0.17212741575913904,0.0,F,F,F,0.0,False
B_context_s231301,B,context,231301,train,17,44,1msc,T,0.034541966599889146,0.012365567869571811,C,0.9578947368421052,False,0.0808086997539057,0.6666666666666666,0.8,0.1489174225210648,0.18585469216538264,0.9333333333333333,False,0.03626920526479949,1.0,0.8,0.08658215920297516,0.12463725726536155,0.9543859649122807,False,0.05853895250935259,1.0,0.8,0.09168475447814536,0.10938570752854934,0.03626920526479949,-0.1643519372679474,-0.20062114253274688,0.03626920526479949,C,S,S,0.0,False
B_context_s231301,B,context,231301,train,18,61,2vzw,A,0.0005718864634256571,0.00021456650738453385,C,0.43684210526315786,True,0.0,0.6666666666666666,0.4,0.021332507453884333,0.02391414776707832,0.4421052631578948,True,0.0,0.6666666666666666,0.6,0.02542716699116486,0.02729463964150111,0.5736842105263157,True,0.0,1.0,0.6,0.02321854388923107,0.025408428135316144,0.0,-0.01324610698237036,-0.01324610698237036,0.0,C,C,C,0.0,True
B_context_s231301,B,context,231301,train,18,18,2vzw,D,0.006279077978585533,0.0003785995491808155,H,0.057894736842105256,False,0.002493660098150441,0.0,0.2,0.07681457172571307,0.07924063338076957,-0.24912280701754386,False,0.0029561253710933266,0.0,0.2,0.07555087685972589,0.078205345908148,-0.12631578947368421,False,0.0027248927346218837,0.0,0.2,0.07618272429271948,0.07870334298624071,0.0029561253710933266,0.0035853474144824093,0.0006292220433890827,0.0029561253710933266,H,W,W,0.0,True
B_context_s231301,B,context,231301,train,18,143,2vzw,L,0.0014493626400115445,0.0004515269657550291,E,-0.37543859649122807,False,0.05656479228933137,0.0,0.0,0.03430193132575452,0.03807049566280356,-0.37543859649122807,False,0.045768530044305505,0.0,0.2,0.03275118669657929,0.0374996870685223,-0.3403508771929824,False,0.051166661166818436,0.0,0.2,0.03349625967951273,0.03765169079578039,0.045768530044305505,0.006162213978245429,-0.03960631606606008,0.045768530044305505,E,P,P,0.0,True
B_context_s231301,B,context,231301,train,18,5,2vzw,T,0.0009611885425374525,0.0003141615850387229,C,0.1,True,0.0,0.3333333333333333,0.2,0.02766722438560425,0.031003040859526224,-0.0912280701754386,False,0.0030237361845606436,0.3333333333333333,0.4,0.025450972332695714,0.028796057027749913,0.02982456140350877,True,0.0,0.3333333333333333,0.4,0.02655909835914998,0.029802062239932436,0.0,-0.021367604925451783,-0.021367604925451783,0.0030237361845606436,C,F,C,0.0030237361845606436,True
B_context_s231301,B,context,231301,train,19,37,6kys,A,0.0007789548771936723,0.00010039352889347597,P,0.443859649122807,True,0.0,0.3333333333333333,0.6,0.026049210128143933,0.027909763116043682,0.2596491228070175,True,0.0,0.3333333333333333,0.4,0.02412527739031876,0.026701440824030264,0.30877192982456136,True,0.0,0.3333333333333333,0.6,0.025087243759231343,0.027236444331412688,0.0,-0.031203975081067786,-0.031203975081067786,0.0,P,P,P,0.0,False
B_context_s231301,B,context,231301,train,19,110,6kys,D,0.0052404510131897775,0.0002578115717998199,T,0.2157894736842105,False,0.03810030966387676,0.0,0.2,0.07058781368897862,0.07239095947139931,0.0894736842105263,False,0.03551943672642249,0.0,0.2,0.06546025270959467,0.06718218122548006,0.12456140350877193,False,0.036809873195149626,0.0,0.2,0.06802403319928664,0.0697494141384878,0.03551943672642249,-0.012288951236947093,-0.047808387963369586,0.03551943672642249,T,Q,Q,0.0,False
B_context_s231301,B,context,231301,train,19,75,6kys,L,0.004015554900649265,0.0007755158090807664,V,0.5491228070175439,False,0.013168144284423061,0.0,0.2,0.05692134126642221,0.06336840617097186,0.49473684210526314,False,0.0028688452625577343,0.3333333333333333,0.4,0.07169570136227967,0.07995711419154461,0.5210526315789473,False,0.006830080007814279,0.3333333333333333,0.4,0.06430852131435094,0.07157169642191423,0.0004920157312054974,-0.006557793828680519,-0.007049809559886017,0.0028688452625577343,V,T,F,0.002376829531352237,False
B_context_s231301,B,context,231301,train,19,50,6kys,T,0.002498501175751866,0.00027508013569366353,Y,-0.13684210526315788,False,0.012641196172434893,0.0,0.2,0.047153165747998334,0.04998500951037087,-0.21403508771929824,False,0.010310463853481278,0.0,0.0,0.04750122572915133,0.05037483374040355,-0.13859649122807016,False,0.011363821568398574,0.0,0.0,0.04732719573857482,0.05014626592917165,0.010086446964362256,0.01224993331688251,0.0021634863525202552,0.010310463853481278,Y,K,G,0.00022401688911902196,False
B_context_s231301,B,context,231301,train,20,65,1ji5,A,0.0012133835291478032,0.0001580591651818974,D,0.40350877192982454,False,0.0012234875595556471,0.0,0.4,0.032485756324363235,0.034833655121847364,0.16140350877192983,False,0.0006038649888911451,0.0,0.2,0.031142486595289516,0.0336441456615398,0.2964912280701754,False,0.0007654649986433143,0.0,0.2,0.03181412145982638,0.03423395441147201,0.00030744243773098145,-0.0012384990023184134,-0.0015459414400493948,0.0006038649888911451,D,M,S,0.0002964225511601637,True
B_context_s231301,B,context,231301,train,20,11,1ji5,D,0.005462733518407617,0.0007705645743114198,H,0.30000000000000004,False,0.0038759341841650002,0.3333333333333333,0.2,0.06865447392898028,0.0739103072541822,0.19298245614035087,False,0.006168872607829556,0.3333333333333333,0.2,0.06811305005223656,0.07351663401134126,0.2263157894736842,False,0.00478480539019932,0.3333333333333333,0.2,0.06838376199060842,0.07370592013168861,0.005138031057720482,0.004643268995502839,-0.0004947620622176435,0.006168872607829556,H,K,W,0.001030841550109074,True
B_context_s231301,B,context,231301,train,20,34,1ji5,L,0.0015912419194624463,0.00010982531297585586,W,0.32280701754385965,True,0.0,0.3333333333333333,0.6,0.03848917518584402,0.039890373769400134,0.368421052631579,True,0.0,0.3333333333333333,0.4,0.037230993945158365,0.038632313222457616,0.3456140350877193,True,0.0,0.3333333333333333,0.6,0.03786008456550119,0.03925213997109769,0.0,-0.00996785035622342,-0.00996785035622342,0.0,W,W,W,0.0,True
B_context_s231301,B,context,231301,train,20,47,1ji5,T,0.001203063867771323,0.0003510635579478575,L,-0.02456140350877193,False,0.0022518570555641743,0.3333333333333333,0.2,0.03031464483913083,0.03468521108154487,0.057894736842105256,False,0.0012343572640317046,0.3333333333333333,0.2,0.02957831220855714,0.033837567654272344,-0.008771929824561405,False,0.0016193476668362322,0.3333333333333333,0.2,0.029946478523843988,0.034259417794047876,0.0009868382781082902,-0.0002681291457353324,-0.0012549674238436226,0.0012343572640317046,L,H,D,0.0002475189859234145,True
B_context_s231301,B,context,231301,train,21,8,6qyy,A,0.005367929602215282,0.003067418405542286,P,0.18078106172109146,False,0.12851121975666002,0.0,0.2,0.06211801784108553,0.07326615591264006,-0.022817027207516393,False,0.159870018815697,0.0,0.2,0.04999412478075534,0.06456990016200917,0.15971919045261476,False,0.14419061928617852,0.0,0.2,0.05602928264095845,0.0682304894964472,0.159870018815697,0.01775386743743923,-0.14211615137825778,0.159870018815697,P,F,F,0.0,False
B_context_s231301,B,context,231301,train,21,24,6qyy,D,0.0009643975821729426,0.0004489775988176808,E,-0.14385964912280702,False,0.007595590666927554,0.0,0.4,0.025803287485931314,0.03105475136227857,0.012280701754385965,False,0.004528198544886786,0.0,0.4,0.026650683717857178,0.0311936621846042,-0.06842105263157894,False,0.00606189460590717,0.3333333333333333,0.4,0.026226985601894248,0.03099787663588802,0.004528198544886786,0.006888429365850934,0.0023602308209641487,0.004528198544886786,E,T,T,0.0,False
B_context_s231301,B,context,231301,train,21,18,6qyy,L,0.0022934603356183645,0.0020879208462360986,D,-0.07017543859649124,False,0.12313871090475598,0.0,0.2,0.03741143909297644,0.04789008598466247,-0.07368421052631578,False,0.13046008570332962,0.0,0.2,0.044587709606461155,0.05649835166717714,-0.07368421052631578,False,0.1267993983040428,0.0,0.2,0.040542572387650945,0.051795303273474216,0.13046008570332962,0.028075881064001273,-0.10238420463932835,0.13046008570332962,D,K,K,0.0,False
B_context_s231301,B,context,231301,train,21,5,6qyy,T,0.002131150373817833,0.00038945217913066694,N,0.10350877192982455,False,0.0577554157538408,0.3333333333333333,0.2,0.041733657815810565,0.04616438425689043,0.09649122807017543,False,0.0659653258108654,0.3333333333333333,0.4,0.03252821390773984,0.03889038971670366,0.1280701754385965,False,0.06018400634616364,0.3333333333333333,0.4,0.036995654113833265,0.042336397911513765,0.05830392961810982,0.03548188379686901,-0.02282204582124081,0.0659653258108654,N,E,Q,0.007661396192755576,False
B_context_s231301,B,context,231301,train,22,140,3nbc,A,0.00025916713023415986,0.00018068604863080118,E,-0.2615182349169186,False,0.005827486790798253,0.0,0.0,0.011901615796876697,0.016098668585760745,-0.18692410750773045,False,0.007296144805604282,0.0,0.0,0.011425470625420145,0.014142013869568794,-0.22114964831900505,False,0.0062499284081190265,0.0,0.0,0.01166354321114842,0.015058714830047441,0.0049036240851789425,-0.0024962259139304777,-0.00739984999910942,0.007296144805604282,E,C,Y,0.0023925207204253396,True
B_context_s231301,B,context,231301,train,22,119,3nbc,D,0.0002630194572917849,0.00025822205689215864,N,-0.008771929824561405,False,0.006380315004620274,0.3333333333333333,0.4,0.012828710975334182,0.01621787462313681,0.005263157894736842,False,0.005945578083656727,0.0,0.4,0.013656715476115355,0.016670651799152687,0.021052631578947368,False,0.006162946544138501,0.0,0.4,0.013032784971283974,0.01634236184821811,0.005945578083656727,0.0009079451073354672,-0.00503763297632126,0.005945578083656727,N,C,C,0.0,True
B_context_s231301,B,context,231301,train,22,77,3nbc,L,0.00323064100988171,0.00021973989164767314,D,-0.30350877192982456,False,0.008466255323620997,0.0,0.0,0.054871678653327496,0.05683872808113945,-0.04736842105263158,False,0.0037543923746872487,0.0,0.2,0.05561112355176606,0.05734245749816352,-0.19298245614035087,False,0.006110323849154123,0.0,0.2,0.05524140110254678,0.05707970997282042,0.0037543923746872487,0.003103321822068378,-0.0006510705526188709,0.0037543923746872487,D,M,M,0.0,True
B_context_s231301,B,context,231301,train,22,5,3nbc,T,0.0018074300822095025,0.0009274462793675275,E,0.2070175438596491,False,0.01776106677837827,0.0,0.0,0.035611956925328134,0.04251388105324545,0.2912280701754386,False,0.009359729308666992,0.3333333333333333,0.2,0.03356763971299227,0.041518821657406016,0.2263157894736842,False,0.013560398043522631,0.0,0.2,0.034539910888727994,0.041925131266792925,0.009359729308666992,-0.020394669306446345,-0.029754398615113337,0.009359729308666992,E,L,L,0.0,False
B_context_s231301,B,context,231301,train,23,2,3i07,A,0.0036994768797191935,0.0028687749725259774,N,0.45789473684210524,False,0.07067407333631742,0.3333333333333333,0.6,0.044932686166838265,0.060823325128762845,0.2421052631578947,False,0.1784128031104776,0.3333333333333333,0.4,0.050869615476373815,0.07432639382388717,0.34210526315789475,False,0.1245434382233975,0.3333333333333333,0.6,0.042726340319169755,0.0640469248362664,0.1784128031104776,-0.010823877835634155,-0.18923668094611176,0.1784128031104776,N,G,G,0.0,False
B_context_s231301,B,context,231301,train,23,137,3i07,D,0.0008417202780720185,0.0005107779320935894,E,0.3350877192982456,False,0.040381247629900474,0.0,0.2,0.024893474727824844,0.02901241592959846,0.27017543859649124,False,0.06009908270624892,0.0,0.2,0.033136801479725676,0.03863109914929644,0.26842105263157895,False,0.050240165168074696,0.0,0.2,0.02887124249844631,0.0335090031375513,0.06009908270624892,0.028266550024516446,-0.03183253268173247,0.06009908270624892,E,W,W,0.0,False
B_context_s231301,B,context,231301,train,23,69,3i07,L,0.005580643605576086,0.0019875232233093772,G,0.0912280701754386,False,0.13357898717733863,0.3333333333333333,0.4,0.0647695574667061,0.0747037054340418,0.343859649122807,False,0.059832244537221024,0.3333333333333333,0.4,0.05977847264822827,0.06844121473387162,0.19824561403508772,False,0.09670561585727983,0.3333333333333333,0.4,0.06227401505746719,0.07083167166377406,0.059832244537221024,0.0315845420872351,-0.028247702449985923,0.059832244537221024,G,M,M,0.0,False
B_context_s231301,B,context,231301,train,23,120,3i07,T,0.0036238783355351544,0.002072331728136347,S,0.15964912280701754,False,0.07215602209175626,0.3333333333333333,0.4,0.04993812033495107,0.060198657256911925,0.2,False,0.027889891297233793,0.0,0.2,0.028018513088859342,0.03388806267907425,0.1736842105263158,False,0.050022956694495024,0.3333333333333333,0.4,0.03726095189754953,0.04443089070400076,0.027889891297233793,-0.0175457178351196,-0.045435609132353394,0.027889891297233793,S,M,M,0.0,False
B_context_s231301,B,context,231301,train,24,85,1aa0,A,0.007095701728245235,0.006104842090702936,P,0.9947368421052631,True,0.0,1.0,1.0,0.05983707187318933,0.08423598831998848,0.8578947368421052,False,0.2312789945991156,1.0,0.8,0.4117319784741269,0.5952343765803895,0.9684210526315788,True,0.0,1.0,0.8,0.22152995128523437,0.32338580723391097,0.0,-2.2343677511091418,-2.2343677511091418,0.2312789945991156,P,V,P,0.2312789945991156,False
B_context_s231301,B,context,231301,train,24,78,1aa0,D,0.08813808844176045,0.005487498425838531,Q,0.9824561403508772,True,0.0,1.0,0.8,0.2874901563809132,0.29688059627021846,0.6719298245614035,False,0.1479298180465225,0.0,0.4,0.13082782177825472,0.15932264013799693,0.943859649122807,False,0.0001411238023782957,0.6666666666666666,0.6,0.1456591681703866,0.16638545965947238,0.0,-0.08966371946009843,-0.08966371946009843,0.1479298180465225,Q,M,Q,0.1479298180465225,False
B_context_s231301,B,context,231301,train,24,75,1aa0,L,1.5729128935542254,0.018640308343676783,R,0.9701754385964911,True,0.0,0.6666666666666666,0.8,1.2467046904582293,1.2541582410342904,0.8929824561403509,True,0.0,1.0,0.8,0.9354324449732158,0.949062027711451,0.980701754385965,True,0.0,1.0,0.8,1.0910685677157226,1.093149337301816,0.0,-0.7263051066692903,-0.7263051066692903,0.0,R,R,R,0.0,False
B_context_s231301,B,context,231301,train,24,30,1aa0,T,0.01328819918770492,0.0016521537741991292,N,0.9789473684210527,False,0.026583219702725813,1.0,1.0,0.1078705029816112,0.11527445158275497,0.7859649122807018,False,0.3497561672072287,0.3333333333333333,0.6,0.10990797619874133,0.1487664448198335,0.9350877192982456,False,0.18816969345497725,0.6666666666666666,1.0,0.052837425014295114,0.06745006209176127,0.3497561672072287,-0.1701826558883912,-0.5199388230956199,0.3497561672072287,N,P,P,0.0,False
B_context_s231301,B,context,231301,train,25,61,6o2k,A,0.022511117469938068,0.0018548841374107256,C,0.9578947368421052,False,0.11154412997346652,0.6666666666666666,1.0,0.14372276553325622,0.15003705365654868,0.9771929824561404,False,0.0798065050819724,0.6666666666666666,1.0,0.17101475329047397,0.17632073559563366,0.9701754385964911,False,0.09567531752771946,0.6666666666666666,1.0,0.15736875941186512,0.16189109521928405,0.0798065050819724,-0.0937488733982963,-0.1735553784802687,0.0798065050819724,C,R,R,0.0,False
B_context_s231301,B,context,231301,train,25,51,6o2k,D,0.46483616427952557,0.009169239123954873,W,0.7245614035087719,True,0.0,1.0,0.6,0.6750310549564151,0.68178894408719,0.6403508771929824,True,0.0,1.0,0.8,0.6436044742278709,0.6521516549655555,0.7,True,0.0,1.0,0.8,0.6593177645921431,0.6665630844676252,0.0,-0.10223056995956947,-0.10223056995956947,0.0,W,W,W,0.0,False
B_context_s231301,B,context,231301,train,25,63,6o2k,L,0.10777831711123623,0.004729817105986112,S,0.9280701754385964,True,0.0,0.6666666666666666,1.0,0.32101168203859826,0.3282960814740807,0.8543859649122807,True,0.0,0.6666666666666666,0.8,0.34424657001050724,0.35300781592449354,0.8947368421052632,True,0.0,0.6666666666666666,1.0,0.33262912602455275,0.3403677042524626,0.0,-0.24407208882206521,-0.24407208882206521,0.0,S,S,S,0.0,False
B_context_s231301,B,context,231301,train,25,97,6o2k,T,0.007247796230093248,0.00551211776769017,K,0.712280701754386,False,0.0059776475346261515,0.3333333333333333,0.6,0.061308107911339796,0.0851339898635865,0.556140350877193,False,0.01207834298428001,0.6666666666666666,0.6,0.05530345545749507,0.07516138788993422,0.7017543859649124,False,0.002683899020148761,0.6666666666666666,0.6,0.05607885408675128,0.07882428208036536,-0.010261061831910667,-0.11718594133371718,-0.10692487950180651,0.01207834298428001,K,M,N,0.022339404816190678,False
B_context_s231301,B,context,231301,train,26,6,3fhk,A,0.006041702393439244,0.0027560893989355835,V,0.4912280701754386,False,0.03057400804403193,0.0,0.2,0.05732026687397453,0.07772838859412463,0.512280701754386,False,0.03548972776629289,0.0,0.2,0.0564697758699709,0.07662516505603144,0.4964912280701754,False,0.03303186790516241,0.0,0.2,0.056841358466659456,0.07713293600534606,0.03548972776629289,0.009880275950453571,-0.025609451815839318,0.03548972776629289,V,W,W,0.0,False
B_context_s231301,B,context,231301,train,26,143,3fhk,D,0.009970421701876642,0.00021739330773186283,T,0.11578947368421051,False,0.01061480030597789,0.0,0.2,0.0987574219699197,0.09985199898788527,0.07543859649122807,False,0.014283764948519628,0.0,0.4,0.0951456554830668,0.0962226494270692,0.1842105263157895,False,0.01218383681264254,0.0,0.4,0.09695153872649324,0.09802990139803022,0.011828707521988363,0.00022011707979166517,-0.011608590442196698,0.014283764948519628,T,Q,K,0.0024550574265312652,False
B_context_s231301,B,context,231301,train,26,14,3fhk,L,0.01644582047858396,0.0018978583121477292,Q,0.4666666666666667,False,0.008522762798626266,0.3333333333333333,0.6,0.12061493343046802,0.12824125887788204,0.4719298245614035,True,0.0,0.3333333333333333,0.4,0.11765865388958315,0.12661798989710032,0.4807017543859649,False,0.0019102960619508391,0.3333333333333333,0.6,0.11913679366002557,0.1273113182810324,-0.004702170674724587,-0.05538646669301869,-0.050684296018294106,0.0,Q,Q,A,0.004702170674724587,False
B_context_s231301,B,context,231301,train,26,23,3fhk,T,0.0015389776839540945,0.0010234158639215955,N,-0.13333333333333333,False,0.0540814069064629,0.0,0.2,0.0321578932298617,0.039229806065721184,-0.24035087719298245,False,0.06638659892030047,0.0,0.2,0.03629498222530662,0.04489681682415657,-0.21052631578947367,False,0.060234002913381685,0.0,0.2,0.03415591618803396,0.04197044146773317,0.06638659892030047,0.016140052702567936,-0.05024654621773253,0.06638659892030047,N,W,W,0.0,False
B_context_s231301,B,context,231301,development,27,68,1xko,A,0.002819166979177076,0.0015255548347410566,P,0.3877192982456141,False,0.0384785755710194,0.3333333333333333,0.4,0.038878705319458924,0.05309582826528913,0.32807017543859646,False,0.037690586781864724,0.3333333333333333,0.2,0.050868512855238836,0.0638876850152323,0.36315789473684207,False,0.03808458117644206,0.3333333333333333,0.2,0.044758229418914636,0.058166690708330346,0.037690586781864724,0.026855179812821067,-0.010835406969043657,0.037690586781864724,P,S,S,0.0,False
B_context_s231301,B,context,231301,development,27,149,1xko,D,0.008830310315102417,0.004596655049774712,F,0.10175438596491228,False,0.02262477255810867,0.3333333333333333,0.4,0.0650665449007991,0.09396973084511,0.30701754385964913,False,0.02227703134954974,0.3333333333333333,0.4,0.07629846563442765,0.10347794331246124,0.22807017543859648,False,0.022415139218353572,0.3333333333333333,0.4,0.07068250526761337,0.09862324667542373,0.022205505878598472,0.016612422026379622,-0.00559308385221885,0.02227703134954974,F,H,N,7.152547095126693e-05,True
B_context_s231301,B,context,231301,development,27,87,1xko,L,0.0013716542812122414,0.00020335736949899578,K,0.09473684210526316,False,0.011529863660504541,0.3333333333333333,0.4,0.03418035856618894,0.03703585129590302,0.16315789473684209,False,0.003428618544838502,0.0,0.4,0.034662504147493334,0.03714126033358312,0.15087719298245614,False,0.006574681709085296,0.0,0.4,0.034421431356841135,0.03702015581786,0.0016194997576660514,-8.898594563294671e-07,-0.0016203896171223808,0.003428618544838502,K,W,H,0.0018091187871724507,False
B_context_s231301,B,context,231301,development,27,47,1xko,T,0.004604134425653627,0.0024320987776173587,H,-0.28771929824561404,False,0.038963663713946606,0.0,0.0,0.04737483060308015,0.0678537723759971,-0.15087719298245614,False,0.028220414261351384,0.0,0.0,0.05392483383823234,0.07597195077399223,-0.1789473684210526,False,0.033592038987648995,0.0,0.0,0.0502649685392514,0.07175114836346548,0.028220414261351384,0.014528280837783514,-0.01369213342356787,0.028220414261351384,H,V,V,0.0,True
B_context_s231301,B,context,231301,development,28,25,4lr3,A,0.16933278926622083,0.0749979355001128,I,0.06666666666666667,False,0.05913100130842475,0.0,0.2,0.38032343439561717,0.41150065524397506,0.41754385964912283,False,0.22490952823837462,0.0,0.6,0.555045789260349,0.5980688779001491,0.2,False,0.14202026477339968,0.0,0.4,0.4633725714268299,0.5010420826334384,0.22490952823837462,-0.7806902055377063,-1.005599733776081,0.22490952823837462,I,H,H,0.0,False
B_context_s231301,B,context,231301,development,28,120,4lr3,D,0.1713374124527575,0.1213769608607675,E,0.42105263157894735,False,0.6474841350258407,0.3333333333333333,0.4,0.33234108590834827,0.4139292360449519,0.3315789473684211,False,0.7171391470935937,0.3333333333333333,0.4,0.36460348703376083,0.46532480663740894,0.41578947368421054,False,0.6548434154384863,0.3333333333333333,0.4,0.34253138877200806,0.43513551540530543,0.5250791173527642,-0.10941559176550752,-0.6344947091182718,0.7171391470935937,E,A,Y,0.19206002974082947,False
B_context_s231301,B,context,231301,development,28,10,4lr3,L,0.7397002348293829,0.09759650388396533,V,0.1754385964912281,False,0.254592262559143,0.0,0.0,0.8050667165954427,0.860058274089252,0.19298245614035087,False,0.38687488935609604,0.0,0.2,0.8297840600961365,0.8828001342100568,0.20877192982456141,False,0.32073357595761953,0.0,0.0,0.8155489066099892,0.8691835007186982,0.38687488935609604,-0.9694305606488562,-1.3563054500049523,0.38687488935609604,V,C,C,0.0,False
B_context_s231301,B,context,231301,development,28,3,4lr3,T,1.6656810200529346,1.2608381767979246,K,0.20350877192982456,False,2.263105705998884,0.0,0.2,0.9525793225516492,1.2906126529880817,0.20526315789473687,False,1.4800633088093393,0.3333333333333333,0.2,0.7355683544869605,1.1167017175434424,0.2614035087719298,False,1.8715845074041118,0.0,0.2,0.8440738385193047,1.1944705760669625,1.4800633088093393,0.6669556636091545,-0.8131076452001849,1.4800633088093393,K,F,F,0.0,False
B_context_s231301,B,context,231301,train,29,44,3lzq,A,0.05276347511703771,0.0028686707454310457,H,0.14912280701754385,False,0.12157861451617885,0.0,0.4,0.22337144932064765,0.22970301503689,0.09298245614035087,False,0.14234173198866723,0.0,0.2,0.23115201850045697,0.23790279793093136,0.12280701754385966,False,0.13196017325242304,0.0,0.4,0.22726173391055232,0.2337557631994801,0.14234173198866723,0.18085389458829765,0.03851216259963042,0.14234173198866723,H,V,V,0.0,False
B_context_s231301,B,context,231301,train,29,90,3lzq,D,0.003986007910537633,0.003076208151472448,E,0.6754385964912282,False,0.04712814400228926,0.6666666666666666,0.6,0.05644187419020766,0.06313483911864853,0.6350877192982456,False,0.07210363700901784,0.3333333333333333,0.6,0.06126217539750805,0.06838672907787864,0.6701754385964912,False,0.05961589050565355,0.6666666666666666,0.6,0.05885202479385785,0.06558703428134502,0.07210363700901784,0.002686299039766471,-0.06941733796925137,0.07210363700901784,E,C,C,0.0,False
B_context_s231301,B,context,231301,train,29,49,3lzq,L,0.006092816917376895,0.0060787167606830015,S,0.5894736842105263,False,0.041227643017891585,0.0,0.4,0.058895254702580856,0.0780564982392683,0.5807017543859649,False,0.04856630776623805,0.0,0.4,0.07579210822655785,0.09155506339724956,0.5614035087719299,False,0.04489697539206483,0.0,0.4,0.06603287124961425,0.08347929019242332,0.04856630776623805,-0.17813893752803894,-0.226705245294277,0.04856630776623805,S,A,A,0.0,False
B_context_s231301,B,context,231301,train,29,74,3lzq,T,0.0018612542892766616,0.001842602539517209,S,0.1087719298245614,False,0.061149671734242045,0.3333333333333333,0.2,0.03375924245381034,0.04314225642310172,0.12982456140350876,False,0.0917749548330809,0.3333333333333333,0.4,0.04009367983814083,0.0525668352258586,0.11578947368421051,False,0.07646231328366147,0.3333333333333333,0.2,0.036926461145975586,0.04766850677469987,0.0917749548330809,-0.010490841455553013,-0.10226579628863391,0.0917749548330809,S,W,W,0.0,False
B_context_s231301,B,context,231301,train,30,122,2zvy,A,0.003187343662091206,0.002006371874509163,S,-0.20350877192982456,False,0.09650481892462437,0.0,0.2,0.04219945497506713,0.056456564384411545,-0.13684210526315788,False,0.05848376800692512,0.3333333333333333,0.2,0.035668299811318555,0.04672750780974549,-0.11754385964912278,False,0.07749429346577474,0.3333333333333333,0.2,0.03878377150386176,0.051459186021139386,0.05848376800692512,-0.011322068889167924,-0.06980583689609304,0.05848376800692512,S,Y,Y,0.0,False
B_context_s231301,B,context,231301,train,30,44,2zvy,D,0.0038526495263534123,0.00034353674083347944,H,0.2719298245614035,False,0.008697990884048157,0.3333333333333333,0.4,0.05923776485925117,0.062069715049719795,-0.05964912280701754,False,0.021494971347965075,0.0,0.0,0.05423919567024757,0.05837265169729739,0.19649122807017544,False,0.013136386376374404,0.0,0.4,0.05673848026474936,0.060004485051732726,0.01757478186870065,-0.02372182872868045,-0.0412966105973811,0.021494971347965075,H,K,Y,0.003920189479264424,False
B_context_s231301,B,context,231301,train,30,17,2zvy,L,0.09612927619983895,0.005921591921194141,H,0.8526315789473684,False,0.012031337185207491,0.0,0.6,0.3003459410057755,0.31004721608142033,0.763157894736842,False,0.019673948731196933,0.0,0.4,0.320013124066249,0.3344550519949549,0.8228070175438595,False,0.015852642958202212,0.0,0.6,0.3101795325360122,0.3221082473554067,0.019673948731196933,0.012974512303340846,-0.006699436427856087,0.019673948731196933,H,P,P,0.0,False
B_context_s231301,B,context,231301,train,30,146,2zvy,T,0.0018430353608954496,0.0010190735040507563,N,-0.38947368421052625,False,0.08057820933485899,0.0,0.2,0.03455850047719097,0.04293058770731481,-0.37894736842105264,False,0.06789453882213742,0.0,0.2,0.04680937996192441,0.05529865600477023,-0.3929824561403509,False,0.0742363740784982,0.0,0.2,0.040594325846572556,0.04848407862066173,0.06789453882213742,0.008039538991012285,-0.05985499983112513,0.06789453882213742,N,R,R,0.0,False
B_context_s231301,B,context,231301,train,31,39,4reu,A,0.0012354252333266606,0.00018016042623251628,C,0.0035087719298245615,False,0.003512134853350238,0.0,0.2,0.03312605599042384,0.03514861637855266,-0.11578947368421051,False,0.00509928712166112,0.0,0.0,0.03193539448938588,0.03373262403418596,-0.04035087719298246,False,0.004257326908495777,0.0,0.0,0.03253072523990486,0.03442039301870611,0.005002518963641317,0.005233019278838763,0.00023050031519744607,0.00509928712166112,C,D,I,9.676815801980265e-05,True
B_context_s231301,B,context,231301,train,31,137,4reu,D,0.010175431255675637,0.0002942287482823547,W,0.25263157894736843,False,0.0020788509528226473,0.0,0.4,0.09940423787441499,0.10087334264153061,0.11754385964912278,False,0.004300286623810781,0.0,0.2,0.09924745979403601,0.10075863277746448,0.21228070175438596,False,0.003162393787460402,0.0,0.4,0.0993258488342255,0.10081202542623345,0.0027993929338172574,-0.001518393286241218,-0.0043177862200584755,0.004300286623810781,W,R,K,0.0015008936899935238,True
B_context_s231301,B,context,231301,train,31,149,4reu,L,0.0027207147299355213,0.0005948282134666256,C,0.4456140350877193,False,0.014080212667006917,0.3333333333333333,0.4,0.048398873547675456,0.05216047095201041,0.4789473684210526,False,0.008933043472603132,0.3333333333333333,0.2,0.040115870770310154,0.0439841506194323,0.4666666666666667,False,0.011506628069805024,0.3333333333333333,0.4,0.044257372158992815,0.04799686398967459,0.008933043472603132,-0.005524551813346115,-0.014457595285949247,0.008933043472603132,C,R,R,0.0,False
B_context_s231301,B,context,231301,train,31,62,4reu,T,0.00088203906336008,0.00021050153168467975,N,-0.20350877192982456,False,0.003882556372919982,0.0,0.0,0.026354686795769952,0.029699142468429623,-0.3245614035087719,False,0.0017005832899891216,0.0,0.2,0.02638964703740601,0.02972486877838271,-0.3192982456140351,False,0.0027915698314545517,0.0,0.0,0.02637216691658798,0.029707504619026708,0.0017005832899891216,-0.00021003194126864577,-0.0019106152312577673,0.0017005832899891216,N,E,E,0.0,True
B_context_s231301,B,context,231301,train,32,114,6mvm,A,0.0003014359933919786,0.00020832738086295902,E,0.04035087719298246,False,0.0023061936675817032,0.0,0.0,0.0141148213299361,0.017361912146764785,0.09824561403508772,False,0.006185393645288334,0.0,0.0,0.014692660883419318,0.018101132663540406,0.02280701754385965,False,0.004232742014003048,0.0,0.0,0.014403741106677706,0.017719152735060358,0.003492785539618168,0.002951718221871423,-0.0005410673177467448,0.006185393645288334,E,G,H,0.002692608105670166,True
B_context_s231301,B,context,231301,train,32,39,6mvm,D,0.003128778940894377,0.0002319574310638981,K,0.3719298245614035,True,0.0,0.3333333333333333,0.4,0.05382212844017299,0.055935489100341095,0.40175438596491225,True,0.0,0.3333333333333333,0.4,0.05395513082585132,0.05611969746676031,0.37719298245614036,True,0.0,0.3333333333333333,0.4,0.053888629633012164,0.05602330554043927,0.0,-0.009991909771548516,-0.009991909771548516,0.0,K,K,K,0.0,True
B_context_s231301,B,context,231301,train,32,29,6mvm,L,0.0019008830908095586,0.0005278426905919981,H,-0.5333333333333333,False,0.004230463728599788,0.3333333333333333,0.2,0.03842548804285242,0.04359911800495004,-0.5017543859649122,False,0.005458153261222048,0.3333333333333333,0.2,0.03902098901035952,0.044042085758133113,-0.512280701754386,False,0.004426795057974251,0.3333333333333333,0.2,0.038723226834688575,0.04381564634144336,0.004623126387348714,-0.011230476464327625,-0.01585360285167634,0.005458153261222048,H,Y,F,0.0008350268738733339,True
B_context_s231301,B,context,231301,train,32,88,6mvm,T,0.0009693454876251255,0.00020765632696199523,C,-0.41754385964912283,False,0.003542169171093741,0.0,0.0,0.027622821086379964,0.031134313668766258,-0.40350877192982454,False,0.005155464721227847,0.0,0.2,0.027176540098144988,0.03071000043767537,-0.3701754385964912,False,0.004348816946160794,0.0,0.0,0.027399680592262464,0.030918784393575618,0.005155464721227847,2.9863014751316252e-05,-0.0051256017064765305,0.005155464721227847,C,R,R,0.0,True
B_context_s231301,B,context,231301,train,33,154,7ebl,A,0.21499533861817552,0.0009915994667276053,P,0.9912280701754386,True,0.0,1.0,1.0,0.46260538167151494,0.4636758982502493,-0.30701754385964913,False,1.2405702745388352,0.0,0.0,0.6337351705441213,0.6953434876755235,0.16666666666666666,False,0.22891043953806545,0.3333333333333333,0.4,0.4758471662660014,0.529253342341574,0.0,0.47489222492369976,0.47489222492369976,1.2405702745388352,P,Q,P,1.2405702745388352,False
B_context_s231301,B,context,231301,train,33,104,7ebl,D,0.7887795671460924,0.0021901887545076105,F,0.987719298245614,True,0.0,1.0,1.0,0.8868987419043871,0.8881326292542643,0.4263157894736842,False,0.22195950545745813,0.3333333333333333,0.6,0.4446592066019834,0.6063939751003384,0.8491228070175438,True,0.0,0.6666666666666666,0.8,0.5656912962230072,0.6303939090113567,0.0,-0.09146993815770621,-0.09146993815770621,0.22195950545745813,F,G,F,0.22195950545745813,False
B_context_s231301,B,context,231301,train,33,30,7ebl,L,0.0033777312227228,0.0007394096270053268,P,0.9964912280701754,True,0.0,1.0,1.0,0.05163239899763274,0.05811825206183338,0.2175438596491228,False,0.19469906288340688,0.3333333333333333,0.2,0.4890660066536841,0.6202094910114786,0.6368421052631579,True,0.0,0.6666666666666666,0.6,0.2671633725234876,0.32597908548180093,0.0,-1.1611927576991032,-1.1611927576991032,0.19469906288340688,P,E,P,0.19469906288340688,False
B_context_s231301,B,context,231301,train,33,108,7ebl,T,0.004241226798080867,0.0005491696748015814,I,0.9929824561403509,False,0.01581031275230238,1.0,1.0,0.06076230018094514,0.06512470190396934,0.38245614035087716,False,0.18338150768008,0.0,0.2,0.6262257845392006,0.7279592729933826,0.8894736842105263,True,0.0,0.6666666666666666,0.6,0.33986102999572887,0.3895630599009794,-0.14266708232504488,0.1635708806489209,0.30623796297396577,0.18338150768008,I,P,L,0.32604859000512487,False
B_context_s231301,B,context,231301,train,34,94,4wfq,A,0.0010737375434632182,0.00036906040619487097,H,0.11403508771929824,False,0.00037092587648534375,0.3333333333333333,0.4,0.02781334924282872,0.03276793468412707,0.13684210526315788,False,0.0016629817890716908,0.0,0.4,0.027312894442401873,0.032347157254356156,0.14035087719298248,False,0.0010169538327785173,0.3333333333333333,0.4,0.027563121842615293,0.03255566552946619,0.0016629817890716908,-0.00852525493894677,-0.010188236728018461,0.0016629817890716908,H,F,F,0.0,False
B_context_s231301,B,context,231301,train,34,75,4wfq,D,0.004626625482123772,0.00027309502834839655,C,-0.0035087719298245615,False,0.000933255092808824,0.0,0.4,0.06598128866410065,0.06801930227607288,0.2368421052631579,False,0.0011738251821767215,0.3333333333333333,0.4,0.06499337430539204,0.06696427782757924,0.06315789473684211,False,0.0010535401374927728,0.0,0.4,0.06548733148474634,0.06749046142754432,0.0011738251821767215,0.002117330419952282,0.0009435052377755604,0.0011738251821767215,C,E,E,0.0,False
B_context_s231301,B,context,231301,train,34,189,4wfq,L,0.0007952088352389519,0.00019576325626905955,F,0.13684210526315788,False,0.008735958775602001,0.3333333333333333,0.4,0.024677033563570042,0.028199447427900995,0.13157894736842105,False,0.0056382902522121026,0.3333333333333333,0.4,0.02339567243189246,0.026737172247486576,0.1087719298245614,False,0.007187124513907052,0.3333333333333333,0.4,0.02403558580527899,0.02745852336455582,0.0056382902522121026,0.005337178133776668,-0.0003011121184354343,0.0056382902522121026,F,W,W,0.0,False
B_context_s231301,B,context,231301,train,34,122,4wfq,T,0.0030428641441117886,0.0003465518333547294,H,-0.06491228070175438,False,0.0106665430342118,0.3333333333333333,0.2,0.05192602729611673,0.05516216225014923,0.05263157894736842,False,0.010496172833155737,0.3333333333333333,0.4,0.05062069555241032,0.05384268440822053,0.014035087719298246,False,0.010581357933683769,0.3333333333333333,0.4,0.051273361424263524,0.054499173412858266,0.010496172833155737,0.00857402211976245,-0.0019221507133932864,0.010496172833155737,H,P,P,0.0,False
B_context_s231301,B,context,231301,train,35,75,1s8a,A,0.0029178147103864197,0.002058976416650469,H,-0.1,False,0.07045264177780519,0.0,0.2,0.04267478586253342,0.054016800260533945,-0.28070175438596495,False,0.045825587154262715,0.0,0.2,0.02900285365018886,0.03728903731924621,-0.2719298245614035,False,0.05385134206277345,0.0,0.2,0.029953077727581462,0.0391434432158604,0.03725004234774171,0.02455271890332439,-0.012697323444417319,0.045825587154262715,H,V,Y,0.008575544806521007,True
B_context_s231301,B,context,231301,train,35,70,1s8a,D,0.0040991374898031565,0.0022524320235236786,W,0.4352786728818512,False,0.08345880106416548,0.0,0.4,0.055973054698896775,0.06402450694697427,0.18165863969061127,False,0.06759664862482267,0.0,0.2,0.04825731270748349,0.057166560808487005,0.26678370273403784,False,0.07552772484449408,0.0,0.2,0.05048738925748975,0.05937410110173304,0.06759664862482267,0.01208774741864177,-0.055508901206180905,0.06759664862482267,W,Y,Y,0.0,True
B_context_s231301,B,context,231301,train,35,76,1s8a,L,0.0033574751482372393,0.001250588163568625,F,0.3473684210526316,False,0.04436249061453412,0.6666666666666666,0.6,0.04709698345507301,0.057943723976262,0.2368421052631579,False,0.021043498577889508,0.6666666666666666,0.6,0.06750908649990355,0.0729037116935572,0.2508771929824561,False,0.023808727127323903,0.6666666666666666,0.6,0.05655844989312414,0.06362588050513672,0.003254963640113684,-0.036503735695599115,-0.0397586993357128,0.021043498577889508,F,C,R,0.017788534937775824,True
B_context_s231301,B,context,231301,train,35,6,1s8a,T,0.004650937622969566,0.003251289855541691,P,0.6631578947368422,False,0.040533510905885806,0.0,0.4,0.05483859641302165,0.06819778312357055,0.6263157894736843,False,0.0688423029970941,0.0,0.4,0.0944604864251621,0.13384734127057848,0.6438596491228071,False,0.0542329240383288,0.0,0.4,0.06705216825608364,0.09009242523575015,0.04123967306558829,0.08195434000725865,0.04071466694167036,0.0688423029970941,P,K,M,0.027602629931505807,True
B_context_s231301,B,context,231301,train,36,56,1qsm,A,0.039675774459543726,0.02415618027285846,P,0.7842105263157895,False,0.053500833291118655,1.0,0.8,0.13964335258233132,0.19918778692365585,0.7491228070175439,False,0.04534269389910994,1.0,0.8,0.12434246611225411,0.17401729854071238,0.7701754385964912,False,0.0494217635951143,1.0,0.8,0.12767956445877218,0.18472737318967536,0.04534269389910994,-0.5637551291342928,-0.6090978230334028,0.04534269389910994,P,S,S,0.0,False
B_context_s231301,B,context,231301,train,36,26,1qsm,D,0.0030678176563131068,0.0015880762909146813,P,0.28947368421052627,True,0.0,0.3333333333333333,0.2,0.04425542891122794,0.05538788365981415,0.24736842105263157,True,0.0,0.3333333333333333,0.2,0.031311943626542105,0.03656122180771241,0.2614035087719298,True,0.0,0.3333333333333333,0.2,0.03719628398422239,0.044770554326282644,0.0,-0.12418978772562034,-0.12418978772562034,0.0,P,P,P,0.0,False
B_context_s231301,B,context,231301,train,36,45,1qsm,L,0.0030420493285198027,0.003035100184215945,P,0.3736842105263158,False,0.029697975089930884,0.3333333333333333,0.4,0.04473177057644486,0.05515477611703091,0.42280701754385963,False,0.03935514542189755,0.3333333333333333,0.6,0.04976839884341438,0.063777222141875,0.40175438596491225,False,0.03452656025591422,0.3333333333333333,0.6,0.04451552563078509,0.056973362216312225,0.03935514542189755,-0.1270833976753899,-0.16643854309728745,0.03935514542189755,P,A,A,0.0,False
B_context_s231301,B,context,231301,train,36,116,1qsm,T,0.003948289344191924,0.0027070023746682045,G,0.7859649122807018,True,0.0,0.6666666666666666,1.0,0.0438267781785728,0.06283541472921082,0.8070175438596491,True,0.0,0.6666666666666666,0.8,0.04909567129053665,0.06262879228240432,0.7894736842105263,True,0.0,0.6666666666666666,1.0,0.04326870722800605,0.06156185604080349,0.0,-0.1126299307197785,-0.1126299307197785,0.0,G,G,G,0.0,False
B_context_s231301,B,context,231301,train,37,25,4cl6,A,0.00794100425795168,0.002564275757451844,C,0.2508771929824561,False,0.018929334554847466,0.3333333333333333,0.2,0.07332617882107206,0.08911231260578799,0.2508771929824561,False,0.019473425179979298,0.3333333333333333,0.2,0.07407999409542065,0.09058922766207908,0.26666666666666666,False,0.019201379867413382,0.3333333333333333,0.2,0.07370308645824636,0.08984691010575467,0.019473425179979298,-0.001243804104689425,-0.020717229284668723,0.019473425179979298,C,W,W,0.0,False
B_context_s231301,B,context,231301,train,37,83,4cl6,D,0.0004192325648090937,7.644455054452195e-05,H,-0.1456140350877193,False,0.007506693270919115,0.0,0.0,0.018514535216001823,0.020475169469606196,-0.08596491228070174,False,0.007739296718510882,0.0,0.0,0.016287439179115813,0.018394748979049427,-0.1701754385964912,False,0.007170202212352185,0.0,0.0,0.017400987197558816,0.019419200299727043,0.006826787612549359,-0.0015780709425660122,-0.008404858555115371,0.007739296718510882,H,Q,G,0.0009125091059615231,False
B_context_s231301,B,context,231301,train,37,12,4cl6,L,0.00040199667867948366,0.00030910986827983005,E,0.3578947368421052,False,0.007476650506420324,0.3333333333333333,0.2,0.01649656746039646,0.020049854829386763,0.15789473684210528,False,0.0061994584168769545,0.3333333333333333,0.2,0.017144758191944394,0.020393459000347756,0.2,False,0.006838054461648639,0.3333333333333333,0.2,0.016820662826170427,0.020212471678127376,0.0061994584168769545,0.0067861241868337335,0.000586665769956779,0.0061994584168769545,E,K,K,0.0,False
B_context_s231301,B,context,231301,train,37,1,4cl6,T,0.0017144307103498914,0.000576884981558759,C,0.31228070175438594,False,0.023114656458039937,0.3333333333333333,0.4,0.03488782409131277,0.04140568451734485,0.3175438596491228,False,0.012341700938111162,0.3333333333333333,0.4,0.033648542018339736,0.03988891121500475,0.3473684210526316,False,0.017340747437431435,0.3333333333333333,0.4,0.03426818305482625,0.04053406330953465,0.011487038678251807,-0.037447392932842105,-0.04893443161109391,0.012341700938111162,C,Y,I,0.0008546622598593553,False
B_context_s231301,B,context,231301,train,38,142,1rvv,A,0.0006526723704482604,0.00034881347623977175,H,0.2824561403508772,False,0.0104268186896702,0.0,0.0,0.019711337422381653,0.025547453306509052,0.12105263157894736,False,0.012161349112902897,0.0,0.0,0.0201859087572916,0.02685978327834864,0.21929824561403505,False,0.011294083901286549,0.0,0.0,0.019948623089836623,0.026179010279518886,0.012161349112902897,0.0022519015847330473,-0.00990944752816985,0.012161349112902897,H,M,M,0.0,False
B_context_s231301,B,context,231301,train,38,48,1rvv,D,0.00099793319667353,0.00016824545845710743,H,-0.15087719298245614,True,0.0,0.3333333333333333,0.4,0.028804300689591868,0.03159008066899371,-0.39122807017543854,False,0.005373705009306277,0.0,0.2,0.029664571080069414,0.03284839725525268,-0.3385964912280702,False,0.0013924591837966606,0.0,0.2,0.029230517782938076,0.032195804027724234,0.0,0.001555745344339117,0.001555745344339117,0.005373705009306277,H,V,H,0.005373705009306277,True
B_context_s231301,B,context,231301,train,38,148,1rvv,L,0.003144247118374948,0.0001807916213833295,C,0.13953489715365794,False,0.002609769655285213,0.3333333333333333,0.4,0.054437629421123936,0.05607358663733709,0.19482230923340918,False,0.010044830608816911,0.3333333333333333,0.2,0.05327224390677915,0.0546885580035506,0.16498465826973394,False,0.006284046260305241,0.3333333333333333,0.4,0.053854936663951546,0.05535993124328466,0.008943803000759552,0.009331352674049408,0.00038754967328985535,0.010044830608816911,C,W,T,0.0011010276080573589,True
B_context_s231301,B,context,231301,train,38,116,1rvv,T,0.0004845050833817628,8.233867232453477e-05,C,0.02982456140350877,False,0.006987108451633098,0.3333333333333333,0.4,0.020101458426457778,0.022011476174526843,-0.06842105263157894,False,0.004697358041767297,0.3333333333333333,0.2,0.02212450997890262,0.023918135057661265,-0.0824561403508772,False,0.0050796786071578455,0.3333333333333333,0.4,0.0211129842026802,0.022914930396697474,0.003172248762682593,-0.0017741367958123075,-0.004946385558494901,0.004697358041767297,C,D,W,0.0015251092790847035,True
B_context_s231301,B,context,231301,train,39,101,2ja9,A,0.005203302405432746,0.002161362371729069,H,0.09473684210526316,False,0.02926145397381416,0.0,0.2,0.06290242549627657,0.0721339199366896,0.09824561403508772,False,0.0228873462723143,0.0,0.2,0.05939272150042613,0.06826617459319578,0.09473684210526316,False,0.025656411970860778,0.0,0.2,0.06114757349835133,0.07018692419356937,0.017441441154239026,0.010898291864018805,-0.006543149290220221,0.0228873462723143,H,C,P,0.005445905118075273,False
B_context_s231301,B,context,231301,train,39,95,2ja9,D,0.00047671778019264566,0.0004729499463912931,L,-0.21052631578947367,False,0.007974350114517262,0.0,0.0,0.01584030743370913,0.021833867733240614,0.1087719298245614,False,0.009646927317567416,0.3333333333333333,0.4,0.014849214969911173,0.020823357609530625,-0.13157894736842105,False,0.007120387572747543,0.3333333333333333,0.2,0.015336998970916671,0.021292843205739934,0.0062664250309778236,0.0017302285688449714,-0.004536196462132852,0.009646927317567416,L,E,N,0.003380502286589593,False
B_context_s231301,B,context,231301,train,39,51,2ja9,L,0.001817911053318598,0.000290427695518229,D,0.6771929824561403,False,0.020633732633040636,0.6666666666666666,0.6,0.03908303158405664,0.042636968153453386,0.7157894736842104,False,0.015158870173984262,0.6666666666666666,0.6,0.048786667377586766,0.05177917737919289,0.6947368421052632,False,0.01789630140351245,0.6666666666666666,0.6,0.0439348494808217,0.04716008565327838,0.015158870173984262,-0.03396893895970238,-0.04912780913368664,0.015158870173984262,D,W,W,0.0,False
B_context_s231301,B,context,231301,train,39,78,2ja9,T,0.0008681394904588628,0.000769249648741914,N,0.25263157894736843,False,0.018878849796370417,0.0,0.4,0.021828839680117573,0.029464206937551585,0.2789473684210526,False,0.01910065266240432,0.0,0.4,0.021456155787520675,0.02950030391497882,0.2543859649122807,False,0.01894336772116461,0.0,0.4,0.02153394256572206,0.02943703750071926,0.017883350135915604,-0.02833927677174118,-0.046222626907656786,0.01910065266240432,N,H,Y,0.0012173025264887172,False
C_context_s231301,C,context,231301,development,0,49,5oi7,A,27.441632485953985,19.52074052399095,V,0.4070175438596491,False,7.488877509458216,0.6666666666666666,0.6,3.77577152431102,5.238476160674399,-0.16842105263157894,False,3.7097585032193834,0.3333333333333333,0.2,1.0031137467377154,1.1427614870324099,0.3508771929824562,False,5.5993180063388,0.6666666666666666,0.4,1.8833719350200127,2.435448653899881,3.7097585032193834,1.9000483649325144,-1.809710138286869,3.7097585032193834,V,I,I,0.0,False
C_context_s231301,C,context,231301,development,0,53,5oi7,D,90.19382159535598,0.00692825260878924,V,0.4385964912280701,False,0.012994604891781947,0.3333333333333333,0.6,9.496678016166873,9.497042781590277,-0.15614035087719297,False,0.10215248939126198,0.0,0.2,0.9410713254658233,0.9467468590517286,0.4526315789473684,False,0.012437045866808383,0.6666666666666666,0.4,4.2778033453505255,4.278627520613034,-0.013215798944592905,-1.0667959056963383,-1.0535801067517454,0.10215248939126198,V,P,E,0.11536828833585488,False
C_context_s231301,C,context,231301,development,0,45,5oi7,L,81.59020667457744,1.1691687688005763,V,-0.2789473684210526,False,4.911188306873648,0.0,0.0,8.96777775738097,9.032729746570382,-0.14385964912280702,False,0.18548895062479964,0.0,0.2,1.1692795018355338,1.1788497161664186,-0.27017543859649124,False,2.2228986135728346,0.0,0.0,3.8992491277727184,3.931354378741034,-0.4653910797279792,-1.097016738678633,-0.6316256589506537,0.18548895062479964,V,P,W,0.6508800303527789,False
C_context_s231301,C,context,231301,development,0,79,5oi7,T,7.251113324779337,7.1808556472806115,S,0.1087719298245614,False,8.441859051366581,0.3333333333333333,0.4,1.3471698820033167,2.692789134852437,-0.10701754385964912,False,2.9556433499368113,0.3333333333333333,0.4,0.5719237636144401,0.7906742265583554,-0.19298245614035087,False,5.698751200651696,0.3333333333333333,0.2,0.7378804003934819,1.5182518246639494,2.9556433499368113,0.21693330840413694,-2.7387100415326744,2.9556433499368113,S,P,P,0.0,False
C_context_s231301,C,context,231301,development,1,42,1c5e,A,0.02465599018705113,0.016499104335166156,P,-0.24912280701754386,False,0.3186272738839095,0.0,0.2,0.10156839712780286,0.1570222601641281,-0.2421052631578947,False,0.2979508658506875,0.0,0.2,0.09630111472872344,0.1487344261882868,-0.26491228070175443,False,0.30487927963807676,0.0,0.2,0.09858078040257919,0.1527913330590318,0.28555259644916586,0.28924470875512187,0.00369211230595598,0.2979508658506875,P,G,R,0.012398269401521597,True
C_context_s231301,C,context,231301,development,1,35,1c5e,D,0.0007523172786134272,0.0007189974824327565,N,0.29298245614035084,False,0.008390106435485947,0.3333333333333333,0.4,0.022588388223546946,0.02742840277182445,0.3298245614035088,False,0.0024896112832008266,0.6666666666666666,0.4,0.02541385020926216,0.02889759912419455,0.30000000000000004,False,0.005439858859343387,0.6666666666666666,0.4,0.024001119216404552,0.028036237306742255,0.0024896112832008266,-0.005503454629128171,-0.007993065912328998,0.0024896112832008266,N,K,K,0.0,False
C_context_s231301,C,context,231301,development,1,12,1c5e,L,0.006323422237742032,0.004173945598736321,F,0.39473684210526316,False,0.02617405995867264,0.0,0.2,0.05399883468818415,0.07951994867793888,0.30000000000000004,False,0.03301235372205058,0.0,0.2,0.04506352345448585,0.06892358811129312,0.3315789473684211,False,0.02959320684036161,0.0,0.2,0.049065465474492156,0.07378137210353199,0.03301235372205058,0.016575586161448982,-0.016436767560601598,0.03301235372205058,F,Q,Q,0.0,True
C_context_s231301,C,context,231301,development,1,38,1c5e,T,0.0073504063922719,0.006349672178277384,N,-0.04736842105263158,False,0.011084156666342382,0.0,0.0,0.03667677041127748,0.08573451109251105,-0.23333333333333334,False,0.009207416611035982,0.0,0.0,0.037029462175500454,0.07880409692425587,-0.13508771929824562,False,0.010145786638689182,0.0,0.0,0.036701792720820095,0.08221093509415568,0.009207416611035982,0.0009061134013953615,-0.00830130320964062,0.009207416611035982,N,C,C,0.0,False
C_context_s231301,C,context,231301,development,2,75,4gn0,A,0.00891216575970903,0.00842383633748071,P,-0.4350877192982456,False,0.11822211849000475,0.0,0.2,0.07502362670677716,0.09440426769860052,-0.04912280701754386,False,0.06655048964248422,0.3333333333333333,0.2,0.061850744241990066,0.07804388005526128,-0.3192982456140351,False,0.08675302709370047,0.3333333333333333,0.2,0.06801201376735815,0.08522978694589534,0.04848620585531549,-0.00242822754829497,-0.05091443340361046,0.06655048964248422,P,G,F,0.018064283787168733,False
C_context_s231301,C,context,231301,development,2,29,4gn0,D,0.02177766918361304,0.010284600591501594,C,0.2175438596491228,False,0.03443826750359413,0.3333333333333333,0.4,0.1160215456797458,0.14757258954024302,0.2771929824561403,True,0.0,0.3333333333333333,0.6,0.19877887300886252,0.24843878781151482,0.28421052631578947,True,0.0,0.3333333333333333,0.6,0.1560703202408438,0.1956096086017571,-0.051368955902471924,-0.1509075378762681,-0.09953858197379617,0.0,C,C,K,0.051368955902471924,False
C_context_s231301,C,context,231301,development,2,23,4gn0,L,0.02795311952288476,0.022651017194848758,C,-0.1658622362392538,False,0.016124212725433296,0.3333333333333333,0.4,0.10385830475424497,0.16719186440399772,-0.04826678832359237,True,0.0,0.3333333333333333,0.2,0.1611633154324285,0.222989591658447,-0.07283897147014849,True,0.0,0.3333333333333333,0.2,0.12688680536981062,0.19131084284215585,-0.048278952661775065,-0.17679096994537957,-0.1285120172836045,0.0,C,C,F,0.048278952661775065,False
C_context_s231301,C,context,231301,development,2,45,4gn0,T,0.006417431844807844,0.003171529329085179,P,0.05087719298245614,True,0.0,0.3333333333333333,0.4,0.05913166554331502,0.08010887494408996,-0.1789473684210526,True,0.0,0.3333333333333333,0.2,0.06132033263685839,0.07448462649486699,-0.14210526315789473,True,0.0,0.3333333333333333,0.2,0.05516770429873803,0.07127144988327329,0.0,-0.12996325388938246,-0.12996325388938246,0.0,P,P,P,0.0,False
C_context_s231301,C,context,231301,train,3,54,1v70,A,7.757089652040838e-05,1.272997579656183e-05,I,0.9157894736842105,True,0.0,0.6666666666666666,0.6,0.008052386026752973,0.008807434162138732,0.9543859649122807,True,0.0,1.0,0.8,0.007945533182617323,0.008666646270868444,0.9421052631578948,True,0.0,1.0,0.8,0.007998959604685149,0.008716409025976032,0.0,-0.011968924170953639,-0.011968924170953639,0.0,I,I,I,0.0,True
C_context_s231301,C,context,231301,train,3,4,1v70,D,0.00014347573755422581,1.0226457567456027e-05,C,0.9052631578947368,False,0.0035782801415166696,0.0,0.6,0.01154336519333811,0.011978135812981325,0.8912280701754386,False,0.0057077767497062185,0.0,0.6,0.011858781575390878,0.012671831937577989,0.8929824561403509,False,0.0034772688532151257,0.0,0.6,0.011701073384364494,0.012259093508733837,0.0017536045530759867,-0.02860390931240054,-0.030357513865476526,0.0057077767497062185,C,S,V,0.003954172196630232,True
C_context_s231301,C,context,231301,train,3,69,1v70,L,1.3777517647783276e-05,1.0667704228465254e-05,W,0.43684210526315786,False,0.0011047033572262194,0.3333333333333333,0.6,0.003104205426205734,0.00371180786784328,0.3526315789473684,True,0.0,0.3333333333333333,0.2,0.002796598316039556,0.0033555821909146155,0.44912280701754387,True,0.0,0.3333333333333333,0.6,0.00290705670463241,0.0033788649052593346,-0.001281542935194016,-0.0019247273748900923,-0.0006431844396960762,0.0,W,W,C,0.001281542935194016,True
C_context_s231301,C,context,231301,train,3,100,1v70,T,0.0002139728708632723,5.482306479535315e-06,C,0.9491228070175438,False,3.622594735713802e-06,1.0,0.8,0.014439202345827035,0.014627811554134552,0.887719298245614,True,0.0,1.0,0.6,0.013458380370731715,0.01376235808969026,0.9087719298245613,True,0.0,1.0,0.8,0.013948791358279375,0.014181070048136749,-0.0015633231581790724,-0.006624674603185693,-0.0050613514450066205,0.0,C,C,Q,0.0015633231581790724,True
C_context_s231301,C,context,231301,train,4,30,1ub9,A,0.00011904887929970313,7.32283498171339e-05,H,0.8894736842105263,True,0.0,1.0,0.8,0.008426683208833186,0.010910952263652478,0.8245614035087718,True,0.0,1.0,0.8,0.017758670235266262,0.020658278340309102,0.9,True,0.0,1.0,0.8,0.009665761157476143,0.012113831849947748,0.0,-0.13762542422628593,-0.13762542422628593,0.0,H,H,H,0.0,False
C_context_s231301,C,context,231301,train,4,40,1ub9,D,0.0052718561525212405,0.0007083447657790378,C,0.882456140350877,True,0.0,0.6666666666666666,0.8,0.06755376663622989,0.07260754886732675,0.8070175438596491,True,0.0,0.6666666666666666,0.8,0.06553801801987182,0.07495957916353035,0.8771929824561402,True,0.0,0.6666666666666666,1.0,0.06588962361036567,0.07272390107217314,0.0,-0.12709140932668006,-0.12709140932668006,0.0,C,C,C,0.0,False
C_context_s231301,C,context,231301,train,4,12,1ub9,L,0.037510414058355965,0.012470560960353927,A,0.9,False,0.012395487343808131,0.6666666666666666,0.8,0.15823985938442328,0.1936760544268598,0.7929824561403509,False,0.0022931305550470404,0.6666666666666666,0.8,0.1296023972301301,0.16243391060215176,0.8578947368421052,False,0.007344308949427586,0.6666666666666666,0.8,0.14392112830727669,0.1775745572521694,0.0022931305550470404,-0.02001489291864539,-0.02230802347369243,0.0022931305550470404,A,P,P,0.0,False
C_context_s231301,C,context,231301,train,4,61,1ub9,T,0.0002685577036302404,0.00011695905390642077,H,0.956140350877193,True,0.0,0.6666666666666666,0.8,0.013066219182175575,0.01638773027695539,0.712280701754386,True,0.0,0.6666666666666666,0.8,0.023275625083486712,0.028148464170693176,0.8350877192982457,True,0.0,0.6666666666666666,0.8,0.017335261935606184,0.021465781231230843,0.0,-0.0036362817026044936,-0.0036362817026044936,0.0,H,H,H,0.0,True
C_context_s231301,C,context,231301,train,5,92,2wpq,A,0.06785509180588738,0.03599997845633867,P,0.8315789473684211,True,0.0,0.3333333333333333,0.8,0.23522849341682897,0.2604900992473368,0.5280701754385965,True,0.0,0.3333333333333333,0.2,0.13584659225040063,0.17203770559801337,0.8017543859649122,True,0.0,0.3333333333333333,0.2,0.14124086586662046,0.15985873940194534,0.0,-0.14204471101550453,-0.14204471101550453,0.0,P,P,P,0.0,False
C_context_s231301,C,context,231301,train,5,68,2wpq,D,0.058620681650137854,0.05367049109901189,I,0.8087719298245614,False,0.1215395274669202,0.3333333333333333,0.8,0.14859536866095344,0.24211708252442216,0.6842105263157895,False,0.09941923533494901,0.0,0.6,0.13094712737889785,0.16921922393500796,0.7491228070175439,False,0.053578886032905615,0.3333333333333333,0.8,0.12447727657906389,0.19356236083501643,-0.014381755401108975,-0.1542758459806901,-0.13989409057958113,0.09941923533494901,I,R,M,0.11380099073605798,False
C_context_s231301,C,context,231301,train,5,97,2wpq,L,0.16991010950180715,0.10038073772784281,S,0.7701754385964912,True,0.0,0.6666666666666666,0.4,0.29532527127296965,0.41220153990712743,0.2421052631578947,True,0.0,0.3333333333333333,0.4,0.22240246310190687,0.25341506775445094,0.7649122807017543,True,0.0,0.6666666666666666,0.4,0.23028821012230244,0.27087744098763455,0.0,-0.2069541479567345,-0.2069541479567345,0.0,S,S,S,0.0,False
C_context_s231301,C,context,231301,train,5,44,2wpq,T,0.9886987853584892,0.3351748152095993,S,0.47543859649122805,False,1.006797655290253,0.3333333333333333,0.2,0.8249753918625616,0.9943333371452902,0.37894736842105264,False,0.8139637159521165,0.3333333333333333,0.2,0.5619627427243827,0.634742040185468,0.431578947368421,False,0.9103806856211847,0.3333333333333333,0.2,0.6934690672934721,0.8054054583029231,0.8139637159521165,0.7076941912561452,-0.10626952469597128,0.8139637159521165,S,G,G,0.0,False
C_context_s231301,C,context,231301,train,6,36,3vub,A,8.809441000654102e-05,9.773221248619275e-06,N,0.9140350877192982,False,0.004183654312195015,0.6666666666666666,0.8,0.00884992591821659,0.009385862240973975,0.005263157894736842,False,0.8700577556811306,0.0,0.2,0.5787285432365319,0.6480632082785202,0.01754385964912281,False,0.4340422681164058,0.0,0.2,0.2899999314462787,0.3241834467890592,-0.14374746579240294,0.15610135464613034,0.2998488204385333,0.8700577556811306,N,D,H,1.0138052214735336,False
C_context_s231301,C,context,231301,train,6,88,3vub,D,0.0001853262415276227,1.2171815254623203e-05,W,0.7789473684210525,False,2.0788277480629502e-05,0.6666666666666666,0.6,0.013158815534576032,0.013613458103201505,0.17719298245614035,False,0.0022004207652525087,0.3333333333333333,0.2,0.6457064475703376,0.6849421973125098,0.28421052631578947,True,0.0,0.3333333333333333,0.2,0.32683262904867344,0.34619732064347547,-0.7131953066815566,-0.7309635689911868,-0.017768262309630134,0.0022004207652525087,W,R,H,0.7153957274468091,False
C_context_s231301,C,context,231301,train,6,40,3vub,L,0.00010305520907942822,7.353900738558538e-05,G,0.9157894736842105,True,0.0,0.6666666666666666,0.8,0.00635734274345172,0.010151611156827679,0.41754385964912283,True,0.0,0.3333333333333333,0.4,0.6919341047639539,0.6929383096085205,0.6105263157894737,True,0.0,0.3333333333333333,0.6,0.34325061161813525,0.343999552238134,0.0,-0.734671403812472,-0.734671403812472,0.0,G,G,G,0.0,True
C_context_s231301,C,context,231301,train,6,6,3vub,T,8.511769549277622e-05,9.861338495560548e-06,G,0.9157894736842105,True,0.0,0.6666666666666666,0.8,0.008675042189938656,0.009225925183567024,-0.38070175438596493,False,0.6779181003438979,0.3333333333333333,0.2,0.47206740042562706,0.5672051573421851,-0.36315789473684207,False,0.3310042480657325,0.3333333333333333,0.2,0.2341210947042282,0.2818865891895471,0.0,-0.061815180260804514,-0.061815180260804514,0.6779181003438979,G,N,G,0.6779181003438979,False
C_context_s231301,C,context,231301,train,7,56,3nxa,A,0.00012994971303358655,9.224524644258304e-05,P,0.9736842105263157,True,0.0,1.0,1.0,0.009460615051696814,0.011399548808333887,0.9087719298245613,True,0.0,0.6666666666666666,1.0,0.020245453257822413,0.026517281350962714,0.9684210526315788,True,0.0,1.0,1.0,0.01420649079399665,0.01745641312898532,0.0,-0.22455202164427812,-0.22455202164427812,0.0,P,P,P,0.0,False
C_context_s231301,C,context,231301,train,7,74,3nxa,D,0.00034814953403372947,8.195566853465716e-05,G,0.8614035087719297,True,0.0,1.0,1.0,0.016636788067108742,0.018658765608521092,0.5684210526315789,True,0.0,0.6666666666666666,1.0,0.09601471515857961,0.21167535993871572,0.6666666666666666,True,0.0,1.0,1.0,0.05091742050860609,0.10413338882286116,0.0,-0.08188216537020465,-0.08188216537020465,0.0,G,G,G,0.0,False
C_context_s231301,C,context,231301,train,7,39,3nxa,L,0.0010697292889039042,0.00044770634392244426,F,0.8842105263157896,False,0.013007687444375082,1.0,1.0,0.02618309458599093,0.03270671626598892,0.8807017543859648,False,0.00048539558885429823,1.0,1.0,0.07993551488705171,0.2751569171058856,0.8807017543859648,False,0.00674654151661469,1.0,1.0,0.05037601038378442,0.1383790369381327,0.00048539558885429823,-0.22490411510071395,-0.22538951068956825,0.00048539558885429823,F,Y,Y,0.0,False
C_context_s231301,C,context,231301,train,7,3,3nxa,T,0.013941847339583646,0.0013156279496581603,N,0.9210526315789472,True,0.0,1.0,0.8,0.11309396390027714,0.11807560010257685,0.8157894736842105,True,0.0,0.6666666666666666,0.8,0.13788032367398662,0.14297603092288916,0.9385964912280702,True,0.0,1.0,0.8,0.12512338751407037,0.13023008592942184,0.0,-0.07232142834127431,-0.07232142834127431,0.0,N,N,N,0.0,False
C_context_s231301,C,context,231301,train,8,48,2v66,A,9.147758613193673,3.6352148189527513,C,0.7140350877192982,True,0.0,0.6666666666666666,0.8,2.668471883312221,3.024526179948468,0.5771929824561403,True,0.0,0.3333333333333333,1.0,2.380622725436605,3.075151042031159,0.6438596491228071,True,0.0,0.6666666666666666,1.0,1.9756471308432282,2.4458211608006484,0.0,-8.078359865335948,-8.078359865335948,0.0,C,C,C,0.0,False
C_context_s231301,C,context,231301,train,8,42,2v66,D,17.308713435712964,6.021562653706717,C,0.4140350877192982,True,0.0,0.3333333333333333,0.2,3.483816080048701,4.16037419419371,0.23859649122807017,True,0.0,0.3333333333333333,0.4,1.7135313093401758,2.4683828027764214,0.4245614035087719,True,0.0,0.3333333333333333,0.4,2.19266911168407,2.8899581652811475,0.0,-5.132904700139837,-5.132904700139837,0.0,C,C,C,0.0,False
C_context_s231301,C,context,231301,train,8,60,2v66,L,45.83838493250082,11.137829423430746,Y,0.15614035087719297,False,1.4391216947198384,0.0,0.4,5.890717741419128,6.770405078907821,0.12105263157894736,False,3.7071473131288317,0.0,0.4,7.574344810873586,9.052357655700103,0.1105263157894737,False,2.573134503924335,0.0,0.4,6.732531276146357,7.8344932401308185,3.7071473131288317,4.676935904948817,0.9697885918199849,3.7071473131288317,Y,V,V,0.0,False
C_context_s231301,C,context,231301,train,8,74,2v66,T,59.73025137556243,58.968594669910495,Y,0.10701754385964912,False,5.585920750906615,0.0,0.2,5.1728599081282916,7.728534878976896,0.19122807017543858,False,6.458893850126769,0.0,0.2,8.646591300032341,9.57735575605497,0.15614035087719297,False,5.849172641163696,0.0,0.2,6.644492227208363,8.073837940526774,6.089692436949358,-6.560995771786706,-12.650688208736064,6.458893850126769,Y,L,I,0.36920141317741084,False
C_context_s231301,C,context,231301,train,9,61,3zk1,A,4.113058271872081e-05,6.8457209461905866e-06,F,0.9017543859649122,True,0.0,1.0,0.8,0.005855327640066799,0.00641331292848874,0.5350877192982456,True,0.0,0.3333333333333333,0.4,0.006192509756417028,0.007203477676933418,0.7754385964912281,True,0.0,0.6666666666666666,0.6,0.005187341805074877,0.005812571616223805,0.0,-0.01134419922665425,-0.01134419922665425,0.0,F,F,F,0.0,True
C_context_s231301,C,context,231301,train,9,1,3zk1,D,0.0005706639828900468,0.0003468774002896996,C,0.9175438596491228,False,0.0034551851335164196,0.6666666666666666,0.6,0.01644641739014324,0.02388857431681612,0.9175438596491228,False,0.003578644929933289,0.6666666666666666,0.6,0.01696378944818393,0.02799332342359028,0.9228070175438597,False,0.0035169150317248543,0.6666666666666666,0.6,0.015600486061991463,0.025460719751880925,0.003578644929933289,-0.02098603251374606,-0.02456467744367935,0.003578644929933289,C,Y,Y,0.0,True
C_context_s231301,C,context,231301,train,9,78,3zk1,L,0.00011528194036849895,1.5107115284578699e-05,C,0.9381308494167316,False,0.005773741644141295,0.6666666666666666,0.6,0.010008737437055699,0.010736942785006306,0.5695481022183899,False,0.005344278475772901,0.6666666666666666,0.6,0.006753805880204548,0.008450464471832233,0.82229055744011,False,0.005559010059957098,0.6666666666666666,0.6,0.008099950815201642,0.008584474817600721,0.005344278475772901,0.0006041288853778914,-0.00474014959039501,0.005344278475772901,C,D,D,0.0,True
C_context_s231301,C,context,231301,train,9,4,3zk1,T,0.0005752856129569609,6.596471386568954e-05,M,0.8052631578947368,False,0.00775355059545757,0.3333333333333333,0.8,0.02256813902587609,0.02398511231903993,0.8245614035087718,False,0.006442294812695815,0.3333333333333333,0.6,0.02380528228204409,0.0251664277921769,0.9122807017543859,False,0.006455792188152204,0.6666666666666666,1.0,0.022543543625634422,0.02381964373889416,0.005158033780846838,-0.012132916588482007,-0.017290950369328845,0.006442294812695815,M,H,Y,0.0012842610318489767,True
C_context_s231301,C,context,231301,train,10,79,1qy7,A,0.00024991675628806753,2.85303360339533e-05,W,0.843859649122807,True,0.0,1.0,0.8,0.014879059790662653,0.015808755684368948,0.3596491228070175,False,0.009818285878593236,0.3333333333333333,0.4,0.01600212715684018,0.018796477531975577,0.6543859649122807,False,0.001418429966153767,1.0,0.6,0.01467450855452997,0.01679837266495858,0.0,0.007321469810056991,0.007321469810056991,0.009818285878593236,W,D,W,0.009818285878593236,False
C_context_s231301,C,context,231301,train,10,70,1qy7,D,1.3991264551291916e-05,8.283497737430629e-06,E,0.8736842105263157,True,0.0,0.6666666666666666,0.6,0.003282394884293359,0.003740489881190954,0.4982456140350877,False,0.012989973451363657,0.0,0.2,0.005105700394484342,0.006913057423371356,0.7982456140350876,False,0.0031782971424318407,0.3333333333333333,0.6,0.003450392947752465,0.00443773994308198,0.0,0.0003213385027258653,0.0003213385027258653,0.012989973451363657,E,G,E,0.012989973451363657,False
C_context_s231301,C,context,231301,train,10,55,1qy7,L,0.0005813129249937046,0.00010635295429337233,Y,0.7140350877192982,False,0.012190680806613341,0.3333333333333333,0.6,0.021793576363239062,0.02411043187074227,0.6561403508771929,False,0.016352931407835114,0.3333333333333333,0.4,0.024995151729746045,0.028448660201654787,0.6982456140350877,False,0.011451200809684536,0.3333333333333333,0.4,0.023201316152334367,0.02509063877835137,-0.006016689823116872,-0.013095183233996277,-0.007078493410879405,0.016352931407835114,Y,H,N,0.022369621230951986,False
C_context_s231301,C,context,231301,train,10,98,1qy7,T,0.0003523757886127917,5.602200773997473e-05,G,0.9210526315789472,True,0.0,0.6666666666666666,1.0,0.017327885421993178,0.018771675167996906,0.843859649122807,False,0.011709487377873029,1.0,0.6,0.015378456017765762,0.01852272201194053,0.9175438596491228,False,0.0016492134960573446,1.0,0.8,0.015002840527293592,0.01751525847575551,0.0,-0.009971170036843224,-0.009971170036843224,0.011709487377873029,G,A,G,0.011709487377873029,False
C_context_s231301,C,context,231301,train,11,64,3mhx,A,8.950445118001032e-05,9.57788174587613e-06,E,0.2631578947368421,False,0.0016158562315438108,0.6666666666666666,0.4,0.008940166074192034,0.009460679213460856,-0.2421052631578947,False,0.03612141664645219,0.0,0.0,0.011861846360216083,0.013031929243615563,-0.13333333333333333,False,0.016922662509868763,0.0,0.0,0.005287126817539535,0.006474003719777792,0.027977392087723263,0.02864388138830848,0.0006664893005852157,0.03612141664645219,E,C,S,0.008144024558728924,False
C_context_s231301,C,context,231301,train,11,19,3mhx,D,7.037787651395389e-05,6.557281094116923e-05,P,0.9035087719298246,True,0.0,1.0,0.8,0.006919385862867999,0.008389152312001128,0.7754385964912281,True,0.0,0.6666666666666666,0.8,0.02182825156101074,0.02523359770689094,0.8666666666666666,True,0.0,1.0,0.8,0.012608674620594396,0.014730383912528457,0.0,-0.021195914439070374,-0.021195914439070374,0.0,P,P,P,0.0,False
C_context_s231301,C,context,231301,train,11,3,3mhx,L,0.00013175112719052205,0.00012380778980997944,V,0.9403508771929823,True,0.0,0.6666666666666666,0.8,0.007400659895944664,0.011478289384334324,0.8964912280701753,False,2.2595466838970513e-05,0.3333333333333333,0.8,0.01445668976240391,0.01871912856655807,0.9157894736842105,True,0.0,0.3333333333333333,0.8,0.009457396587594294,0.013889958546769372,0.0,-0.02341054072122345,-0.02341054072122345,2.2595466838970513e-05,V,C,V,2.2595466838970513e-05,False
C_context_s231301,C,context,231301,train,11,2,3mhx,T,8.503313905249545e-06,5.641025798678032e-06,F,0.9596491228070174,True,0.0,0.6666666666666666,1.0,0.002241228330379807,0.0029160442221011574,0.4,False,0.007141822303271372,0.3333333333333333,0.6,0.010373837456350373,0.011707150037123365,0.6245614035087719,False,0.001504126495036645,0.6666666666666666,0.6,0.00606187516490385,0.006852395575863241,0.0,-0.0022665353386808196,-0.0022665353386808196,0.007141822303271372,F,H,F,0.007141822303271372,False
C_context_s231301,C,context,231301,train,12,4,5b08,A,7.989663007388876e-05,7.582659248890173e-05,I,0.9122807017543859,False,0.0019081374965773112,0.3333333333333333,0.8,0.0071835268558693155,0.008938491487599502,0.9035087719298246,False,0.004664585544892241,0.3333333333333333,0.8,0.01020821057516413,0.012617413693205685,0.8982456140350877,False,0.0032863615207347763,0.3333333333333333,0.8,0.0076496664301828445,0.009313417637692658,0.004664585544892241,-0.03250484522468977,-0.03716943076958201,0.004664585544892241,I,D,D,0.0,True
C_context_s231301,C,context,231301,train,12,73,5b08,D,0.00084205584495675,9.03025815661808e-05,Y,0.956140350877193,True,0.0,1.0,1.0,0.02741811925334357,0.02901819851329076,0.9649122807017543,True,0.0,0.6666666666666666,1.0,0.024273762685167427,0.025135547227319997,0.9596491228070174,True,0.0,0.6666666666666666,1.0,0.025845940969255497,0.026966123962005584,0.0,-0.0643087089160958,-0.0643087089160958,0.0,Y,Y,Y,0.0,False
C_context_s231301,C,context,231301,train,12,32,5b08,L,9.73845605778896e-05,3.721110808809422e-05,N,0.9631578947368421,False,0.004004393228534242,0.6666666666666666,1.0,0.008050480680695936,0.009868361595416415,0.8736842105263157,False,0.001624673148286293,0.6666666666666666,0.6,0.00991712982174927,0.010853294117339034,0.9473684210526316,False,0.0028145331884102676,1.0,0.8,0.008496079812906867,0.009860650248190871,0.001624673148286293,-0.05201159681353795,-0.053636269961824246,0.001624673148286293,N,D,D,0.0,True
C_context_s231301,C,context,231301,train,12,64,5b08,T,0.0005689494071915305,0.00021395090734474155,E,0.9771929824561404,True,0.0,1.0,1.0,0.020571993292827405,0.023852660379746544,0.9649122807017543,True,0.0,1.0,1.0,0.033092249573569786,0.04232608089824074,0.9789473684210527,True,0.0,1.0,1.0,0.0268321214331986,0.03259353151446798,0.0,-0.037062357151654735,-0.037062357151654735,0.0,E,E,E,0.0,False
C_context_s231301,C,context,231301,development,13,2,1jke,A,0.0015461557227608163,0.0010265788235814344,H,0.047389210354072515,False,0.1092549382721989,0.0,0.2,0.029015262319753862,0.03932118669064829,0.012286091573278058,False,0.10422358461404636,0.0,0.2,0.028236152242278295,0.039035001420472754,0.012286091573278058,False,0.10673926144312262,0.0,0.2,0.02862261947450712,0.03916378648246918,0.10422358461404636,0.07168863007699924,-0.03253495453704712,0.10422358461404636,H,M,M,0.0,True
C_context_s231301,C,context,231301,development,13,135,1jke,D,0.001069027704620718,0.00015130874006568767,T,-0.3192982456140351,False,0.0248625634047403,0.0,0.2,0.03029387668415896,0.03269598912130841,-0.19298245614035087,False,0.0278276015552424,0.0,0.2,0.023960658943243385,0.026157762734300545,-0.25789473684210523,False,0.02634508247999135,0.0,0.2,0.027041270341812806,0.02939498865271361,0.0278276015552424,-0.005479288839955659,-0.03330689039519806,0.0278276015552424,T,N,N,0.0,False
C_context_s231301,C,context,231301,development,13,142,1jke,L,0.0013641438207879384,0.0006635802710275885,W,-0.0017543859649122807,False,0.07051171224121668,0.0,0.2,0.027483070230115834,0.0369343176569967,-0.010526315789473684,False,0.06826990725997312,0.0,0.2,0.030441675521617556,0.0388185546747856,0.0017543859649122807,False,0.06939080975059489,0.0,0.2,0.028950630709783074,0.03784087387364166,0.06826990725997312,0.0556139047264986,-0.012656002533474514,0.06826990725997312,W,F,F,0.0,True
C_context_s231301,C,context,231301,development,13,19,1jke,T,0.003003405436073522,0.0014874507207921384,W,0.11228070175438597,False,0.021251660230335534,0.3333333333333333,0.4,0.044346178029816934,0.05480333416931421,0.07368421052631578,False,0.017113900759919073,0.3333333333333333,0.4,0.04309304003541023,0.055096284943070034,0.0894736842105263,False,0.01918278049512731,0.3333333333333333,0.4,0.04371960903261358,0.054913451704834644,0.017113900759919073,-0.08627600397199982,-0.10338990473191889,0.017113900759919073,W,D,D,0.0,False
C_context_s231301,C,context,231301,development,14,21,3qr7,A,0.0827681179008849,0.08244972368079868,I,-0.05263157894736842,False,0.785754042571972,0.3333333333333333,0.2,0.24242921839147616,0.2876944870880999,-0.028070175438596492,False,1.0997242353925656,0.3333333333333333,0.2,0.2993527960086291,0.36594789901500896,-0.02982456140350877,False,0.8627868982181062,0.3333333333333333,0.2,0.2672079969933734,0.3151520166158584,0.8950757048692921,0.41790285269193017,-0.47717285217736194,1.0997242353925656,I,K,N,0.20464853052327348,False
C_context_s231301,C,context,231301,development,14,105,3qr7,D,0.08737185034433241,0.04716576939577575,W,-0.5719298245614035,False,0.17174587776849704,0.0,0.0,0.21536406236870628,0.2955872973325011,-0.3192982456140351,False,0.20014513765593067,0.0,0.4,0.21517839082523918,0.26677263574420085,-0.38070175438596493,False,0.18234478122340136,0.0,0.4,0.19841884342778257,0.27220457037265966,0.05582322371828585,-0.08251719776315847,-0.13834042148144432,0.20014513765593067,W,P,N,0.14432191393764482,False
C_context_s231301,C,context,231301,development,14,22,3qr7,L,0.08640316234000889,0.0661324139579127,F,-0.11754385964912278,False,0.4966024072863511,0.0,0.2,0.23775995175208584,0.2939441483343543,-0.008771929824561405,False,0.2761014333768781,0.3333333333333333,0.4,0.3061845312105972,0.4266937023220127,-0.0543859649122807,False,0.3863519203316146,0.3333333333333333,0.4,0.25907035023929675,0.350951303129199,0.2761014333768781,0.04231959549134379,-0.2337818378855343,0.2761014333768781,F,N,N,0.0,False
C_context_s231301,C,context,231301,development,14,29,3qr7,T,0.0676203190578899,0.06739270903699594,R,0.09824561403508772,False,0.9610720612204289,0.6666666666666666,0.4,0.1988331737168347,0.2600390721754904,0.1,False,0.6956180549885276,0.6666666666666666,0.4,0.19270452182475453,0.2351384824366297,0.1280701754385965,False,0.8283450581044782,0.6666666666666666,0.4,0.1919044849221451,0.23799211995413355,0.6956180549885276,0.23046981112280873,-0.46514824386571885,0.6956180549885276,R,D,D,0.0,False
C_context_s231301,C,context,231301,development,15,59,1lj9,A,0.0013767617833450143,0.001342280957656588,F,0.015789473684210527,True,0.0,0.3333333333333333,0.2,0.030081680813098904,0.03710474071254257,-0.04736842105263158,True,0.0,0.3333333333333333,0.2,0.04559212881990114,0.057322122538205525,-0.057894736842105256,True,0.0,0.3333333333333333,0.2,0.03549566409612754,0.045729181866038526,0.0,-0.16172150668350063,-0.16172150668350063,0.0,F,F,F,0.0,True
C_context_s231301,C,context,231301,development,15,124,1lj9,D,0.002503487939814238,0.0004937579559452089,T,-0.02982456140350877,False,0.015663049381406113,0.0,0.4,0.044830012088655835,0.0500348672408975,-0.5701754385964912,False,0.06053124372265925,0.0,0.0,0.03128494200143551,0.03717010353974034,-0.5263157894736842,False,0.030574198549980267,0.0,0.0,0.033637935668010814,0.04012542288559057,0.03299854069909108,-0.006476089720076489,-0.03947463041916757,0.06053124372265925,T,I,E,0.027532703023568167,True
C_context_s231301,C,context,231301,development,15,111,1lj9,L,0.0014381914054317068,0.0012038630810234595,I,-0.2263157894736842,False,0.08880714968258158,0.3333333333333333,0.4,0.03249827732554187,0.03792349410895186,-0.2456140350877193,False,0.1095824521304205,0.0,0.4,0.057077755471316285,0.06551265951791907,-0.1456140350877193,False,0.09919480090650104,0.3333333333333333,0.4,0.04197061683962356,0.04806433959700365,0.1095824521304205,0.020433764503747093,-0.08914868762667341,0.1095824521304205,I,N,N,0.0,True
C_context_s231301,C,context,231301,development,15,0,1lj9,T,0.002644814422567813,0.0009403647366413061,S,-0.27543859649122804,False,0.04219385139870166,0.3333333333333333,0.2,0.0443132566698947,0.0514277592606154,-0.03684210526315789,False,0.05297956003431556,0.0,0.2,0.06352592026084111,0.07342281097500576,-0.14385964912280702,False,0.04758670571650861,0.3333333333333333,0.2,0.05266040148696039,0.061821482048145984,0.05297956003431556,-0.0053121099707506,-0.05829167000506616,0.05297956003431556,S,W,W,0.0,True
C_context_s231301,C,context,231301,train,16,16,4zzf,A,0.06159825358690968,0.045084113567912365,P,0.8859649122807017,True,0.0,0.6666666666666666,0.8,0.19154282431388103,0.2481899546454483,0.7596491228070175,True,0.0,0.3333333333333333,0.4,0.2530330523235878,0.2998805086831239,0.882456140350877,True,0.0,0.6666666666666666,0.6,0.21527859706214453,0.26742243890753453,0.0,-0.5144970467742809,-0.5144970467742809,0.0,P,P,P,0.0,False
C_context_s231301,C,context,231301,train,16,35,4zzf,D,0.004155599730542031,0.0017841909839267096,W,0.9,True,0.0,1.0,0.8,0.05634627763472824,0.06446394132026083,0.9035087719298246,True,0.0,0.6666666666666666,0.8,0.11550967376088533,0.14416857168632977,0.9017543859649122,True,0.0,1.0,0.8,0.0845115223902582,0.10111153815412573,0.0,-0.13358444346277965,-0.13358444346277965,0.0,W,W,W,0.0,False
C_context_s231301,C,context,231301,train,16,24,4zzf,L,0.07609364811796236,0.017842482080045748,F,0.9403508771929823,False,0.06468932261841798,1.0,0.8,0.24615352336738167,0.2758507714652297,0.9210526315789472,True,0.0,0.6666666666666666,0.8,0.30664568475488885,0.33921618914270174,0.9491228070175438,True,0.0,1.0,0.8,0.2739992340598242,0.30581830735273674,-0.08093633230679809,-0.012588280481389824,0.06834805182540826,0.0,F,F,D,0.08093633230679809,False
C_context_s231301,C,context,231301,train,16,105,4zzf,T,0.014052791666529276,0.0045829043778387105,V,0.956140350877193,True,0.0,0.6666666666666666,0.8,0.09793246806899443,0.11854447126091236,0.7157894736842104,True,0.0,0.6666666666666666,0.8,0.08777956159409539,0.10603676620803,0.8807017543859648,True,0.0,0.6666666666666666,0.6,0.08463115261977261,0.10568886874972203,0.0,-0.2568472331398517,-0.2568472331398517,0.0,V,V,V,0.0,False
C_context_s231301,C,context,231301,train,17,0,1msc,A,0.019729004914253456,0.010315264074375297,P,0.5228070175438596,False,0.05280349565766951,0.0,0.4,0.0972657071995942,0.14045997620053,0.5824561403508772,False,0.05532660348435381,0.0,0.4,0.07863270317506994,0.12927967817214822,0.5912280701754385,False,0.05406504957101166,0.0,0.4,0.08736802858941145,0.13414382488843,0.05532660348435381,-0.009928608342193668,-0.06525521182654748,0.05532660348435381,P,W,W,0.0,False
C_context_s231301,C,context,231301,train,17,113,1msc,D,0.17122642863292173,0.04132528356524457,P,0.8526315789473684,False,0.02997144606585711,0.3333333333333333,0.8,0.36041801434955667,0.4137951529838426,0.8596491228070176,False,0.05608152160548974,0.3333333333333333,0.8,0.30684816786177566,0.36143869632646863,0.8491228070175438,False,0.043026483835673424,0.3333333333333333,0.8,0.33363309110566614,0.3868245540443196,0.05608152160548974,-0.035644098145133585,-0.09172561975062332,0.05608152160548974,P,T,T,0.0,False
C_context_s231301,C,context,231301,train,17,111,1msc,L,1.182988473961072,0.02165650687843209,F,0.7771929824561404,True,0.0,0.6666666666666666,0.8,1.0776511342186024,1.087652735923131,0.7666666666666666,True,0.0,1.0,0.8,0.9491798339803288,0.958593482307915,0.7824561403508771,True,0.0,0.6666666666666666,0.8,1.0134154840994656,1.0229628784685876,0.0,0.17212741575913904,0.17212741575913904,0.0,F,F,F,0.0,False
C_context_s231301,C,context,231301,train,17,44,1msc,T,0.5270151606406003,0.3324815477363295,F,0.42280701754385963,False,0.30395491290545174,0.0,0.2,0.44686548359764555,0.7259580984055487,0.3701754385964912,False,0.3503033413825283,0.0,0.2,0.35129895798006705,0.5384958696353426,0.38947368421052625,False,0.32712912714399,0.0,0.2,0.3942196888487371,0.6288270890234635,0.3503033413825283,0.1496821988497814,-0.20062114253274688,0.3503033413825283,F,S,S,0.0,False
C_context_s231301,C,context,231301,train,18,61,2vzw,A,0.0004204747412132098,1.7744602904417358e-05,C,0.9135586662701755,True,0.0,0.6666666666666666,0.8,0.020068137390121494,0.020505480760353068,0.6274682482067009,True,0.0,0.3333333333333333,0.4,0.015705096894983558,0.017087912920645095,0.7827995488117162,True,0.0,0.6666666666666666,0.6,0.017820446608362822,0.01853057113564971,0.0,-0.01324610698237036,-0.01324610698237036,0.0,C,C,C,0.0,True
C_context_s231301,C,context,231301,train,18,18,2vzw,D,0.0003815229858371392,1.4750537981957628e-05,C,0.47017543859649114,False,0.00118756330360828,0.3333333333333333,0.6,0.019151304077142675,0.019532613389844668,0.5070175438596491,False,0.0028557699683735005,0.0,0.2,0.02041499894312986,0.02078467538594686,0.5298245614035089,False,0.0020216666359908902,0.3333333333333333,0.4,0.01978315151013627,0.020084869976644097,0.0028557699683735005,0.0034849920117625832,0.0006292220433890827,0.0028557699683735005,C,W,W,0.0,True
C_context_s231301,C,context,231301,train,18,143,2vzw,L,0.00010720430452346998,2.085548965097474e-05,P,0.5739359920659892,True,0.0,0.3333333333333333,0.4,0.009363121118993352,0.010353951155161491,0.272049170551157,True,0.0,0.3333333333333333,0.6,0.009489477922920556,0.011963817848659566,0.4317683610037717,True,0.0,0.3333333333333333,0.6,0.009391247366803575,0.01072491751373498,0.0,-0.03960631606606008,-0.03960631606606008,0.0,P,P,P,0.0,True
C_context_s231301,C,context,231301,train,18,5,2vzw,T,0.00022747174609669143,2.6502110923735252e-05,C,0.9192982456140351,True,0.0,1.0,0.8,0.014176375953428867,0.015082166492142017,0.843859649122807,False,0.0030237361845606436,1.0,0.8,0.01872495352835362,0.019619036997804973,0.8964912280701753,True,0.0,1.0,0.8,0.016450664740891244,0.017295992938259827,0.0,-0.021367604925451783,-0.021367604925451783,0.0030237361845606436,C,F,C,0.0030237361845606436,True
C_context_s231301,C,context,231301,train,19,37,6kys,A,5.3215644594975776e-05,1.830314106891358e-05,P,0.8912280701754386,True,0.0,0.6666666666666666,0.8,0.006034918728337194,0.007294905386293627,0.8298245614035088,True,0.0,0.6666666666666666,0.6,0.006564851881150078,0.007371981842990669,0.8666666666666666,True,0.0,0.6666666666666666,0.8,0.006192651672085426,0.007045840661403791,0.0,-0.031203975081067786,-0.031203975081067786,0.0,P,P,P,0.0,False
C_context_s231301,C,context,231301,train,19,110,6kys,D,0.0005642947052303616,3.30597674805735e-05,Q,0.763157894736842,True,0.0,0.6666666666666666,0.8,0.02304853439483275,0.023754888028158786,0.763157894736842,True,0.0,0.6666666666666666,0.8,0.028176095374216715,0.028922832462218134,0.7456140350877193,True,0.0,0.6666666666666666,0.8,0.02561231488452473,0.026238235466485172,0.0,-0.047808387963369586,-0.047808387963369586,0.0,Q,Q,Q,0.0,False
C_context_s231301,C,context,231301,train,19,75,6kys,L,0.0007148441545376065,5.998637252873931e-05,F,0.9473684210526316,True,0.0,1.0,0.8,0.025590189174933175,0.026736569610509246,0.9087719298245613,False,0.002376829531352237,0.6666666666666666,0.6,0.04036454927079063,0.042377248231066256,0.9333333333333333,True,0.0,0.6666666666666666,0.6,0.0329773692228619,0.03425635538923649,0.0,-0.007049809559886017,-0.007049809559886017,0.002376829531352237,F,T,F,0.002376829531352237,False
C_context_s231301,C,context,231301,train,19,50,6kys,T,3.142349286487708e-05,1.000102550649005e-05,G,0.7538394758175608,True,0.0,0.3333333333333333,0.6,0.004649354742431273,0.0056056661392627615,0.5949978633344659,False,0.00022401688911902196,0.6666666666666666,0.4,0.005480978422308209,0.006637476534843018,0.7204915129758062,True,0.0,0.3333333333333333,0.6,0.004917267942115263,0.005858775928839818,0.0,0.0021634863525202552,0.0021634863525202552,0.00022401688911902196,G,K,G,0.00022401688911902196,False
C_context_s231301,C,context,231301,train,20,65,1ji5,A,8.164219275233828e-06,7.708085645607215e-06,I,-0.18070175438596495,False,0.0018772806266046313,0.0,0.0,0.002308193479007064,0.002857309796860296,0.02982456140350877,False,0.002679200048313804,0.0,0.4,0.002222262967923104,0.0028319405568061258,-0.1754385964912281,False,0.002130029061879136,0.0,0.2,0.0022452497284603566,0.0027202306375833664,0.0023827774971536403,0.0008368360571042455,-0.0015459414400493948,0.002679200048313804,I,M,S,0.0002964225511601637,True
C_context_s231301,C,context,231301,train,20,11,1ji5,D,2.673746306229912e-05,1.9812893328472586e-05,R,0.8789473684210527,False,0.0042304828305392075,0.6666666666666666,0.4,0.004355757890271192,0.005170828082841192,0.882456140350877,False,0.002604177704532959,0.6666666666666666,0.4,0.004026656737974743,0.0051654268615957235,0.8912280701754386,False,0.0031797322617381253,0.6666666666666666,0.4,0.004185815199916852,0.005055463770881777,0.001573336154423885,0.0010785740922062415,-0.0004947620622176435,0.002604177704532959,R,K,W,0.001030841550109074,True
C_context_s231301,C,context,231301,train,20,34,1ji5,L,1.0378321613493535e-05,9.819334382405203e-06,F,0.8719298245614034,False,0.003021816248524295,0.3333333333333333,0.6,0.0024435389631631854,0.0032215402548305266,0.8333333333333334,False,0.002249825656622677,0.3333333333333333,0.6,0.0028119692668152397,0.0033914039643566916,0.8649122807017543,False,0.002635820952573486,0.3333333333333333,0.6,0.0025018540437345706,0.0031339577776126563,0.002249825656622677,-0.007718024699600742,-0.00996785035622342,0.002249825656622677,F,W,W,0.0,True
C_context_s231301,C,context,231301,train,20,47,1ji5,T,5.010889336804461e-05,9.755035166971064e-06,W,0.343859649122807,False,0.003395976882286905,0.3333333333333333,0.4,0.0063524686698222714,0.00707876354796829,0.5701754385964912,False,0.0012062372661426346,0.3333333333333333,0.4,0.007267600495324217,0.007792112880361959,0.4473684210526316,False,0.0021773475812530627,0.3333333333333333,0.4,0.0068100345825732435,0.007422818843061408,0.0009587182802192201,-0.00029624914362440247,-0.0012549674238436226,0.0012062372661426346,W,H,D,0.0002475189859234145,True
C_context_s231301,C,context,231301,train,21,8,6qyy,A,0.0010924798787660037,0.000520672073288553,F,0.9298245614035087,True,0.0,1.0,0.8,0.027879389566367013,0.03305268338223091,0.8280701754385964,True,0.0,1.0,0.8,0.02193199810556325,0.026046112099931473,0.9263157894736841,True,0.0,1.0,0.8,0.022216809292166833,0.0277891851175117,0.0,-0.14211615137825778,-0.14211615137825778,0.0,F,F,F,0.0,False
C_context_s231301,C,context,231301,train,21,24,6qyy,D,0.00023793896425782014,8.343431547380741e-05,L,0.5298245614035089,False,0.00462303077591969,0.6666666666666666,0.6,0.013735759432448681,0.015425270313930324,0.3298245614035088,False,0.008939275926121648,0.3333333333333333,0.4,0.01607360633519273,0.017763631485734867,0.4666666666666667,False,0.006781153351020669,0.3333333333333333,0.6,0.014904682883820707,0.016397867803865953,0.008939275926121648,0.011299506747085797,0.0023602308209641487,0.008939275926121648,L,T,T,0.0,False
C_context_s231301,C,context,231301,train,21,18,6qyy,L,0.00027929740243894704,0.0001911972762985658,K,0.9578947368421052,True,0.0,0.6666666666666666,1.0,0.013836505048699044,0.016712193226472313,0.956140350877193,True,0.0,1.0,1.0,0.0258925078351973,0.028790618881136692,0.956140350877193,True,0.0,1.0,1.0,0.01932024347171339,0.022228134690677113,0.0,-0.10238420463932835,-0.10238420463932835,0.0,K,K,K,0.0,False
C_context_s231301,C,context,231301,train,21,5,6qyy,T,0.00010306947187578812,6.063599877414224e-05,Q,0.9192982456140351,True,0.0,0.6666666666666666,0.6,0.009137800989344571,0.010152313621819812,0.8982456140350877,False,0.007661396192755576,0.6666666666666666,0.8,0.008887700328453523,0.011107271336995739,0.9175438596491228,False,0.002154333660188329,0.6666666666666666,0.8,0.008094424989485233,0.009153396597399402,0.0,-0.02282204582124081,-0.02282204582124081,0.007661396192755576,Q,E,Q,0.007661396192755576,True
C_context_s231301,C,context,231301,train,22,140,3nbc,A,2.4721954024538913e-05,1.228655198989453e-05,Y,0.8240457133791498,True,0.0,1.0,0.6,0.004281219868933812,0.0049721176599653106,0.7661255673908389,False,0.0023925207204253396,0.6666666666666666,0.6,0.004469400160764916,0.005332492950938563,0.7959632183545141,False,0.0008843729701304287,1.0,0.6,0.004018965458599202,0.004874604252680103,0.0,-0.00739984999910942,-0.00739984999910942,0.0023925207204253396,Y,C,Y,0.0023925207204253396,True
C_context_s231301,C,context,231301,train,22,119,3nbc,D,7.557158080058427e-05,1.1656565279243912e-05,I,0.6017543859649123,False,0.0019284638948190158,0.0,0.4,0.007994686705640212,0.008693191634870605,0.5421052631578946,False,0.0032970548976107017,0.3333333333333333,0.6,0.004972522984520739,0.0058997114696297155,0.5859649122807017,False,0.0026127593962148588,0.0,0.4,0.006371980035330469,0.007197001774394554,0.0032970548976107017,-0.0017405780787105585,-0.00503763297632126,0.0032970548976107017,I,C,C,0.0,True
C_context_s231301,C,context,231301,train,22,77,3nbc,L,4.196135000386359e-06,3.891159159457053e-06,K,0.8960071068797785,False,0.00294258595694058,0.6666666666666666,0.8,0.0015470746026956673,0.0020484469728031425,0.7345327604881239,False,0.0012818346955659476,0.6666666666666666,0.8,0.0020550590424551984,0.0026063591583217046,0.8644142999770633,False,0.0021122103262532638,0.6666666666666666,0.8,0.0015755587873709327,0.002046629230557406,0.0012818346955659476,0.0006307641429470767,-0.0006510705526188709,0.0012818346955659476,K,M,M,0.0,True
C_context_s231301,C,context,231301,train,22,5,3nbc,T,0.0008322866709508146,0.00017577223493437307,L,0.9228070175438597,True,0.0,1.0,1.0,0.02562253765762559,0.02884937903925862,0.8543859649122807,True,0.0,0.6666666666666666,0.8,0.022943473456349072,0.02765283538356363,0.9140350877192982,True,0.0,1.0,0.8,0.024283005556987335,0.02811722430422257,0.0,-0.029754398615113337,-0.029754398615113337,0.0,L,L,L,0.0,True
C_context_s231301,C,context,231301,train,23,2,3i07,A,0.004055012284185428,0.000727375235153251,C,0.9649122807017543,False,0.003527318754804165,0.6666666666666666,1.0,0.05813681717885264,0.06367897835381334,0.6982456140350877,False,0.04883104087640691,1.0,0.6,0.04278150704776338,0.058552064735268916,0.8456140350877193,False,0.026179179815605524,1.0,1.0,0.04857588568418453,0.056848412609018815,0.04883104087640691,-0.14040564006970485,-0.18923668094611176,0.04883104087640691,C,G,G,0.0,False
C_context_s231301,C,context,231301,train,23,137,3i07,D,9.00166833541027e-05,5.192283564860836e-05,W,0.9491228070175438,True,0.0,1.0,1.0,0.00825090594572011,0.009487712229726547,0.9385964912280702,True,0.0,1.0,1.0,0.011611749565957558,0.013988073260741486,0.956140350877193,True,0.0,1.0,1.0,0.007975005581380016,0.009932455886940266,0.0,-0.03183253268173247,-0.03183253268173247,0.0,W,W,W,0.0,False
C_context_s231301,C,context,231301,train,23,69,3i07,L,0.0005365318682168118,0.00016386908335064675,M,0.9333333333333333,True,0.0,1.0,0.8,0.02024390763924225,0.023163157561455473,0.7824561403508771,True,0.0,1.0,0.8,0.020531664723567107,0.024920644820484665,0.9192982456140351,True,0.0,1.0,0.8,0.01876998811763959,0.021528798712781655,0.0,-0.028247702449985923,-0.028247702449985923,0.0,M,M,M,0.0,False
C_context_s231301,C,context,231301,train,23,120,3i07,T,0.00023278906926074298,0.00011406709168405864,P,0.9543859649122807,False,0.010423106855940112,0.6666666666666666,0.8,0.012692462103690414,0.015257426691966867,0.7684210526315789,False,0.029926125723639896,0.6666666666666666,0.6,0.025539993907940775,0.03127211076706987,0.9298245614035087,False,0.020174616289790004,0.6666666666666666,0.8,0.010639254030424983,0.013904368934157588,0.029926125723639896,-0.015509483408713498,-0.045435609132353394,0.029926125723639896,P,M,M,0.0,False
C_context_s231301,C,context,231301,train,24,85,1aa0,A,0.3942345033471842,0.3463733599733888,P,0.9684210526315788,True,0.0,1.0,0.8,0.4617386113181418,0.6278809627207885,0.8719298245614034,False,0.2312789945991156,1.0,0.8,0.6041628485632712,0.9747512572139436,0.9666666666666668,True,0.0,1.0,0.8,0.5032731378024596,0.7720529815487777,0.0,-2.2343677511091418,-2.2343677511091418,0.2312789945991156,P,V,P,0.2312789945991156,False
C_context_s231301,C,context,231301,train,24,78,1aa0,D,0.33596621325943454,0.15421027348219554,M,-0.15438596491228068,False,0.1476475704417659,0.0,0.2,0.4362682616874931,0.5796259252823622,0.2210526315789474,True,0.0,0.3333333333333333,0.4,0.19032029805002107,0.33907344823223345,-0.014035087719298246,True,0.0,0.3333333333333333,0.2,0.2885596535633478,0.4431610693785146,-0.1479298180465225,-0.23759353750662093,-0.08966371946009843,0.0,M,M,Q,0.1479298180465225,False
C_context_s231301,C,context,231301,train,24,75,1aa0,L,1.29904914644441,1.0537296960261215,D,0.32631578947368417,False,0.5810508143650388,0.3333333333333333,0.6,0.5959653236890015,1.1397583719562714,0.27017543859649124,False,0.5980486234815547,0.0,0.6,0.3642992844633057,0.8238293922980346,0.3192982456140351,False,0.5895497189232968,0.0,0.6,0.46551683553920375,0.9731555208052209,0.5980486234815547,-0.12825648318773553,-0.7263051066692903,0.5980486234815547,D,R,R,0.0,False
C_context_s231301,C,context,231301,train,24,30,1aa0,T,0.07231080030589483,0.044457439136446494,P,0.8105263157894737,True,0.0,1.0,0.6,0.17281978958489772,0.2689066758299147,0.5912280701754385,True,0.0,0.3333333333333333,0.6,0.14782677379961429,0.18693350036866918,0.7280701754385965,True,0.0,0.6666666666666666,0.6,0.1346299515646122,0.20116448658536312,0.0,-0.5199388230956199,-0.5199388230956199,0.0,P,P,P,0.0,False
C_context_s231301,C,context,231301,train,25,61,6o2k,A,0.030634135512469525,0.018436424548080435,R,0.9350877192982456,True,0.0,0.3333333333333333,0.8,0.14044117491949396,0.17502609951795625,0.9403508771929823,True,0.0,0.6666666666666666,0.8,0.14946511266482093,0.18098789507226581,0.9421052631578948,True,0.0,0.6666666666666666,0.8,0.14262446469168727,0.17636338597741055,0.0,-0.1735553784802687,-0.1735553784802687,0.0,R,R,R,0.0,False
C_context_s231301,C,context,231301,train,25,51,6o2k,D,0.1375339470614559,0.007366033424445638,W,0.8807017543859648,True,0.0,1.0,0.6,0.36078790672223243,0.3708556957381886,0.8912280701754386,True,0.0,1.0,0.8,0.3293613259936883,0.3376974102313104,0.8894736842105263,True,0.0,1.0,0.8,0.3450746163579604,0.35358749534912887,0.0,-0.10223056995956947,-0.10223056995956947,0.0,W,W,W,0.0,False
C_context_s231301,C,context,231301,train,25,63,6o2k,L,0.022614084588267334,0.021595277563021705,S,0.83859649122807,True,0.0,0.6666666666666666,0.8,0.1043199883717794,0.15037980113122684,0.7771929824561404,True,0.0,0.6666666666666666,0.8,0.11357174023400904,0.15941034518442407,0.8052631578947368,True,0.0,0.6666666666666666,0.8,0.10894586430289423,0.15383961733124996,0.0,-0.24407208882206521,-0.24407208882206521,0.0,S,S,S,0.0,False
C_context_s231301,C,context,231301,train,25,97,6o2k,T,0.008032287101588645,0.002913236416998465,K,0.9368421052631579,False,0.0059776475346261515,1.0,0.8,0.07154754142938931,0.08962302774169507,0.8614035087719297,False,0.01207834298428001,0.6666666666666666,0.8,0.054671949463425865,0.07037309177402715,0.9105263157894736,False,0.002683899020148761,0.6666666666666666,0.8,0.06136162377341603,0.07910171799259454,-0.010261061831910667,-0.11718594133371718,-0.10692487950180651,0.01207834298428001,K,M,N,0.022339404816190678,False
C_context_s231301,C,context,231301,train,26,6,3fhk,A,0.00225176852573975,0.0015075359964564928,W,0.7421052631578948,True,0.0,0.3333333333333333,0.4,0.030606327064900747,0.04745280313890582,0.7947368421052632,True,0.0,0.6666666666666666,0.8,0.02963608780569472,0.04639542051266195,0.7421052631578948,True,0.0,0.3333333333333333,0.6,0.030116080070788698,0.04685170696246185,0.0,-0.025609451815839318,-0.025609451815839318,0.0,W,W,W,0.0,False
C_context_s231301,C,context,231301,train,26,143,3fhk,D,6.531811098566155e-05,3.3067750150897414e-05,K,0.9456140350877192,True,0.0,1.0,0.8,0.006190843473091926,0.008081962075242716,0.7929824561403509,False,0.0024550574265312652,1.0,0.6,0.0063254442881968,0.007455033202349798,0.8982456140350877,False,0.0009620828986594138,1.0,0.6,0.00598877816778421,0.007463203153055663,0.0,-0.011608590442196698,-0.011608590442196698,0.0024550574265312652,K,Q,K,0.0024550574265312652,False
C_context_s231301,C,context,231301,train,26,14,3fhk,L,0.0024005571909356347,0.0014653520955052015,A,0.5789473684210525,True,0.0,0.3333333333333333,0.2,0.03515076138302155,0.0489954813318089,0.44912280701754387,False,0.004702170674724587,0.3333333333333333,0.2,0.037614813248483966,0.04943842105759927,0.5298245614035089,True,0.0,0.3333333333333333,0.2,0.035939138020570256,0.04890359060614373,0.0,-0.050684296018294106,-0.050684296018294106,0.004702170674724587,A,Q,A,0.004702170674724587,False
C_context_s231301,C,context,231301,train,26,23,3fhk,T,0.0006177234637426065,9.592498461889495e-05,W,0.8614035087719297,True,0.0,1.0,0.8,0.02284290872729897,0.024854043207144516,0.8140350877192982,True,0.0,1.0,0.8,0.0286835314018271,0.03085048880812457,0.819298245614035,True,0.0,1.0,0.8,0.02576322006456304,0.0277291380369071,0.0,-0.05024654621773253,-0.05024654621773253,0.0,W,W,W,0.0,False
C_context_s231301,C,context,231301,development,27,68,1xko,A,0.0013335041693629426,0.0007559490343778367,F,-0.2,False,0.04359051757320724,0.0,0.2,0.033311469686972565,0.03651717636076128,-0.3614035087719299,False,0.040564086417882936,0.0,0.0,0.044432033539875244,0.04955028052683471,-0.2912280701754386,False,0.04207730199554509,0.0,0.0,0.03876904021418723,0.042747274824165515,0.040564086417882936,0.02972867944883928,-0.010835406969043657,0.040564086417882936,F,S,S,0.0,True
C_context_s231301,C,context,231301,development,27,149,1xko,D,0.002935637109480015,0.002623860398894729,Y,0.31052631578947365,False,0.026152355326102036,0.3333333333333333,0.4,0.022891997401123697,0.054181519999719596,0.4070175438596491,False,0.030631722527577288,0.3333333333333333,0.4,0.030012590743165184,0.061240076634004804,0.3385964912280702,False,0.02835627619136403,0.3333333333333333,0.4,0.026402398603644735,0.05745032026865645,0.03056019705662602,0.02496711320440717,-0.00559308385221885,0.030631722527577288,Y,H,N,7.152547095126693e-05,True
C_context_s231301,C,context,231301,development,27,87,1xko,L,0.00016311823148896232,0.0001274030734461052,Y,0.02631578947368421,False,0.0036903669310175413,0.3333333333333333,0.4,0.009873749764377103,0.012771774797926964,0.3315789473684211,False,0.0011925693599910692,0.6666666666666666,0.4,0.008429658910270608,0.011412598646313053,0.06491228070175438,False,0.00153690875191808,0.3333333333333333,0.4,0.009129513108604237,0.011900042279942107,-0.0006165494271813815,-0.0022369390443037623,-0.0016203896171223808,0.0011925693599910692,Y,W,H,0.0018091187871724507,False
C_context_s231301,C,context,231301,development,27,47,1xko,T,0.0025408461542052673,0.002533434514875439,P,-0.2912280701754386,False,0.04545824771181002,0.0,0.0,0.030482493640052295,0.05040680662574517,-0.22982456140350876,False,0.031106086577114944,0.0,0.0,0.03168365786061111,0.0560238182155725,-0.2175438596491228,False,0.03828216714446248,0.0,0.0,0.031083075750331698,0.05291548551487232,0.031106086577114944,0.017413953153547074,-0.01369213342356787,0.031106086577114944,P,V,V,0.0,False
C_context_s231301,C,context,231301,development,28,25,4lr3,A,0.3585196737217231,0.11322078302310898,C,-0.18771929824561404,False,0.8105212161571176,0.3333333333333333,0.2,0.5519536818426687,0.5987651240024949,-0.3456140350877193,False,0.8733631260452981,0.0,0.2,0.7233732484435275,0.7962904970047083,-0.2719298245614035,False,0.8419421711012078,0.0,0.0,0.6350028188738814,0.6955808344477553,0.8733631260452981,-0.13223660773078283,-1.005599733776081,0.8733631260452981,C,H,H,0.0,False
C_context_s231301,C,context,231301,development,28,120,4lr3,D,0.12862321784429231,0.12215662636669314,C,0.3245614035087719,False,0.772725125564591,0.3333333333333333,0.4,0.3188999090978851,0.3586407922201437,0.4280701754385965,False,0.7125310688830542,0.3333333333333333,0.4,0.3152450540658105,0.37766581843319086,0.3385964912280702,False,0.7151598716025918,0.3333333333333333,0.4,0.31707248158184775,0.36199166680069184,0.5204710391422247,-0.11402366997604707,-0.6344947091182718,0.7125310688830542,C,A,Y,0.19206002974082947,False
C_context_s231301,C,context,231301,development,28,10,4lr3,L,0.5405140506782129,0.12640789058763421,F,0.07719298245614034,False,0.5989787928863084,0.0,0.2,0.6935472095495177,0.7351966068190283,0.2982456140350877,False,0.8123640789178515,0.0,0.4,0.6976790535180651,0.745202340788583,0.1719298245614035,False,0.7056714359020799,0.0,0.2,0.6956131315337913,0.7374836213257695,0.8123640789178515,-0.5439413710871008,-1.3563054500049523,0.8123640789178515,F,C,C,0.0,False
C_context_s231301,C,context,231301,development,28,3,4lr3,T,1.7748216296982395,1.3597859701372086,V,-0.46140350877192987,False,4.287348223571769,0.0,0.0,0.9846820494233363,1.3322243165842003,-0.38421052631578945,False,3.8676166636666194,0.0,0.0,0.7676710813586474,1.154000386328267,-0.42105263157894735,False,4.0774824436191945,0.0,0.0,0.8761765653909916,1.234373259898744,3.8676166636666194,3.0545090184664345,-0.8131076452001849,3.8676166636666194,V,F,F,0.0,False
C_context_s231301,C,context,231301,train,29,44,3lzq,A,0.04370456996314666,0.0002602370805394422,V,0.9017543859649122,True,0.0,1.0,0.6,0.20843304172469204,0.20905637986712258,0.8263157894736841,True,0.0,0.6666666666666666,0.8,0.21621361090450134,0.21718529660181818,0.8912280701754386,True,0.0,1.0,0.6,0.2123233263145967,0.21306844006176276,0.0,0.03851216259963042,0.03851216259963042,0.0,V,V,V,0.0,False
C_context_s231301,C,context,231301,train,29,90,3lzq,D,0.02926312650556158,0.0004268323082219042,C,0.9368421052631579,True,0.0,1.0,0.8,0.16981252662079935,0.17106468515027168,0.9333333333333333,True,0.0,0.6666666666666666,1.0,0.16606529928191935,0.1680095198697931,0.9403508771929823,True,0.0,1.0,1.0,0.16793891295135935,0.16945632295605823,0.0,-0.06941733796925137,-0.06941733796925137,0.0,C,C,C,0.0,False
C_context_s231301,C,context,231301,train,29,49,3lzq,L,0.0014744000970477865,0.0006877119462844655,D,0.9912280701754386,False,0.00916856220103407,1.0,1.0,0.035801379806397395,0.03839791787386116,0.9649122807017543,False,0.015894066621318675,0.6666666666666666,1.0,0.06123241969132437,0.0670666119405496,0.9842105263157893,False,0.012531314411176386,1.0,1.0,0.04696107582206771,0.05212853232751917,0.015894066621318675,-0.21081117867295832,-0.226705245294277,0.015894066621318675,D,A,A,0.0,False
C_context_s231301,C,context,231301,train,29,74,3lzq,T,0.0003228053379346573,0.00029211411217291777,W,0.863157894736842,True,0.0,0.6666666666666666,0.8,0.014259242857255999,0.017966784295879362,0.8719298245614034,True,0.0,0.6666666666666666,1.0,0.02058409929339293,0.027635433179039902,0.8649122807017543,True,0.0,0.6666666666666666,0.8,0.017193146172209576,0.022434004616294245,0.0,-0.10226579628863391,-0.10226579628863391,0.0,W,W,W,0.0,False
C_context_s231301,C,context,231301,train,30,122,2zvy,A,8.658402065921935e-05,4.450570384827342e-05,Y,0.9578947368421052,True,0.0,0.6666666666666666,0.8,0.00719371732932048,0.009305053501147608,0.9473684210526316,True,0.0,1.0,0.8,0.005525393106438935,0.006763830618402862,0.9614035087719298,True,0.0,1.0,0.8,0.004782201117527179,0.0053677476193039085,0.0,-0.06980583689609304,-0.06980583689609304,0.0,Y,Y,Y,0.0,False
C_context_s231301,C,context,231301,train,30,44,2zvy,D,0.00028336396430532376,4.12296373008471e-05,H,0.9192982456140351,False,0.008697990884048157,1.0,1.0,0.015560666020594255,0.01683341808146295,0.6929824561403508,False,0.021494971347965075,0.3333333333333333,0.6,0.02082099982539663,0.024346978962205498,0.8859649122807017,False,0.013136386376374404,0.6666666666666666,1.0,0.018059950615096063,0.020213854271405336,0.01757478186870065,-0.02372182872868045,-0.0412966105973811,0.021494971347965075,H,K,Y,0.003920189479264424,False
C_context_s231301,C,context,231301,train,30,17,2zvy,L,0.08968407453602682,0.03181900079363578,C,0.8105263157894737,False,0.005793692003747353,0.3333333333333333,0.6,0.24055160307591184,0.2994729946690132,0.7736842105263159,False,0.012895688289622675,0.3333333333333333,0.6,0.26021878613638527,0.3249742528160698,0.8,False,0.009344690146685014,0.3333333333333333,0.6,0.2503851946061485,0.3120980034807548,0.012895688289622675,0.0061962518617665885,-0.006699436427856087,0.012895688289622675,C,P,P,0.0,False
C_context_s231301,C,context,231301,train,30,146,2zvy,T,0.00041671947521822053,0.00017131191041071117,Y,0.8596491228070176,False,0.02874918590388653,1.0,0.8,0.016580534256723886,0.020413708022263385,0.6228070175438596,False,0.037494501759194276,0.3333333333333333,0.8,0.013053093943213651,0.016986136107903532,0.6842105263157895,False,0.033121843831540404,0.6666666666666666,0.8,0.012801628260208212,0.015900995843878798,0.037494501759194276,-0.022360498071930857,-0.05985499983112513,0.037494501759194276,Y,R,R,0.0,False
C_context_s231301,C,context,231301,train,31,39,4reu,A,0.00010454172370637375,6.713588836410381e-06,G,0.6070175438596491,False,0.00318585601789495,0.3333333333333333,0.4,0.009890810627545316,0.010224564719653044,0.27368421052631575,False,0.004489677109959664,0.0,0.4,0.008593118392980647,0.00919794889473855,0.4403508771929824,False,0.0037893824849174057,0.3333333333333333,0.4,0.009241964510262981,0.009626934640439259,0.004392908951939861,0.004623409267137307,0.00023050031519744607,0.004489677109959664,G,D,I,9.676815801980265e-05,True
C_context_s231301,C,context,231301,train,31,137,4reu,D,0.00030517412295234743,8.286426043292347e-06,K,0.6543859649122807,True,0.0,1.0,0.8,0.017230429388412093,0.01746923361090427,0.6842105263157895,False,0.0015008936899935238,0.6666666666666666,0.6,0.01738720746879108,0.017552427927343867,0.7017543859649124,False,0.0007232718441404495,0.6666666666666666,0.8,0.01730881842860159,0.017487959505277553,0.0,-0.0043177862200584755,-0.0043177862200584755,0.0015008936899935238,K,R,K,0.0015008936899935238,True
C_context_s231301,C,context,231301,train,31,149,4reu,L,0.00011198464588939992,6.557464812792545e-05,V,0.8807017543859648,False,0.008808572509967333,0.6666666666666666,0.6,0.008801481927857102,0.010582279805854687,0.8842105263157896,False,0.004536875384008661,0.6666666666666666,0.6,0.005163819937574229,0.00689723094120402,0.8912280701754386,False,0.006672723946987997,0.6666666666666666,0.6,0.005801244128278867,0.007471081266587776,0.004536875384008661,-0.009920719901940586,-0.014457595285949247,0.004536875384008661,V,R,R,0.0,True
C_context_s231301,C,context,231301,train,31,62,4reu,T,3.514459822206685e-05,1.0034781778365996e-05,E,0.519298245614035,True,0.0,0.3333333333333333,0.4,0.0050109696111332435,0.005928287967201564,0.28596491228070176,True,0.0,0.3333333333333333,0.2,0.00505293771018471,0.006118723374438927,0.38245614035087716,True,0.0,0.3333333333333333,0.4,0.005022419428800006,0.006002005834794191,0.0,-0.0019106152312577673,-0.0019106152312577673,0.0,E,E,E,0.0,True
C_context_s231301,C,context,231301,train,32,114,6mvm,A,2.966487430347493e-05,8.836520993065724e-06,C,0.4508771929824561,False,0.0014553886169867275,0.0,0.2,0.004707792362989951,0.005446547007368515,0.37719298245614036,False,0.0033644165922291913,0.0,0.2,0.0037163363965876032,0.00439245218481023,0.5070175438596491,False,0.002396850962175989,0.0,0.2,0.004204360296084851,0.0048891850395053095,0.0006718084865590251,0.00013074116881228032,-0.0005410673177467448,0.0033644165922291913,C,G,H,0.002692608105670166,True
C_context_s231301,C,context,231301,train,32,39,6mvm,D,5.063998906438142e-05,2.5963988374914615e-05,A,0.9210526315789472,False,0.0009080626842554694,0.6666666666666666,0.8,0.006178897349723338,0.00711617798149972,0.9140350877192982,False,0.0001702693147281019,0.6666666666666666,0.6,0.006549585189108168,0.007448296753809247,0.9157894736842105,False,0.0005391659994917856,0.6666666666666666,0.6,0.00632173713457565,0.007250491579780431,0.0001702693147281019,-0.009821640456820414,-0.009991909771548516,0.0001702693147281019,A,K,K,0.0,True
C_context_s231301,C,context,231301,train,32,29,6mvm,L,0.00017929927165012796,1.8407442841647584e-05,Y,0.8543859649122807,False,0.0008357233773818966,1.0,0.8,0.012684314282154963,0.013390267796057252,0.7964912280701755,True,0.0,1.0,0.8,0.012118774583937739,0.012912445591604916,0.8421052631578947,False,3.482517542813257e-07,1.0,0.8,0.01240154443304635,0.013135140705505446,-0.0008350268738733339,-0.016688629725549672,-0.01585360285167634,0.0,Y,Y,F,0.0008350268738733339,True
C_context_s231301,C,context,231301,train,32,88,6mvm,T,1.922968769357443e-05,1.2541394380421192e-05,Y,0.29473684210526313,False,0.0025916522595163458,0.3333333333333333,0.4,0.0033877408909463594,0.0043851667805882176,0.13333333333333333,False,0.004480123713009279,0.3333333333333333,0.4,0.003776555156667685,0.005051842411806499,0.26491228070175443,False,0.0035358879862628124,0.3333333333333333,0.6,0.0035750063737287788,0.004703383978211079,0.004480123713009279,-0.0006454779934672514,-0.0051256017064765305,0.004480123713009279,Y,R,R,0.0,True
C_context_s231301,C,context,231301,train,33,154,7ebl,A,0.08535339242422411,0.0451560990883405,P,0.9333333333333333,True,0.0,1.0,1.0,0.25527065841166224,0.292153029120398,-0.29473684210526313,False,1.2405702745388352,0.0,0.0,0.4108233741549853,0.46302273341176314,0.15263157894736842,False,0.22891043953806545,0.3333333333333333,0.4,0.24147412851364913,0.2841335428709916,0.0,0.47489222492369976,0.47489222492369976,1.2405702745388352,P,Q,P,1.2405702745388352,False
C_context_s231301,C,context,231301,train,33,104,7ebl,D,0.42939617228423543,0.3831577501000373,F,0.7859649122807018,True,0.0,0.6666666666666666,0.8,0.4858994623711316,0.6552832763654475,0.21929824561403505,False,0.22195950545745813,0.3333333333333333,0.6,0.4947378048395611,0.585324173197189,0.5649122807017544,True,0.0,0.3333333333333333,0.6,0.30931258148286034,0.4529350399706142,0.0,-0.09146993815770621,-0.09146993815770621,0.22195950545745813,F,G,F,0.22195950545745813,False
C_context_s231301,C,context,231301,train,33,30,7ebl,L,0.059967701520394066,0.05285146677643205,P,0.9385964912280702,True,0.0,0.6666666666666666,0.8,0.20137914547724564,0.2448830364079841,0.12982456140350876,False,0.19469906288340688,0.3333333333333333,0.2,0.3905914214698499,0.5164074200620056,0.5666666666666667,True,0.0,0.6666666666666666,0.6,0.1975006163801531,0.2748922601630985,0.0,-1.1611927576991032,-1.1611927576991032,0.19469906288340688,P,E,P,0.19469906288340688,False
C_context_s231301,C,context,231301,train,33,108,7ebl,T,0.10553037708024157,0.07841779668661544,L,0.9228070175438597,True,0.0,0.6666666666666666,0.8,0.2527749647738038,0.32485439366005436,0.5596491228070175,False,0.32604859000512487,0.0,0.4,0.38634189901810023,0.5110410969217414,0.9263157894736841,False,0.06342838478637125,0.6666666666666666,0.6,0.18280775964098198,0.2608123896279771,0.0,0.30623796297396577,0.30623796297396577,0.32604859000512487,L,P,L,0.32604859000512487,False
C_context_s231301,C,context,231301,train,34,94,4wfq,A,0.00010706855171293255,1.0981912311367512e-05,H,0.6789473684210526,False,0.00037092587648534375,0.6666666666666666,0.4,0.009802379272480996,0.010347393474345727,0.6631578947368422,False,0.0016629817890716908,0.3333333333333333,0.4,0.009295544615434057,0.009887442789747933,0.6631578947368422,False,0.0010169538327785173,0.6666666666666666,0.4,0.009548961943957525,0.010111791801287075,0.0016629817890716908,-0.00852525493894677,-0.010188236728018461,0.0016629817890716908,H,F,F,0.0,False
C_context_s231301,C,context,231301,train,34,75,4wfq,D,2.5589131964369647e-05,8.276271470436281e-06,A,0.5754385964912281,False,0.0003708377198015783,0.3333333333333333,0.4,0.004542631497335082,0.0050585701501876645,0.2964912280701754,False,0.0010533216401847761,0.0,0.4,0.0038114088415985197,0.004448284639075815,0.48245614035087714,False,0.0007120796799931772,0.3333333333333333,0.4,0.00413484421461226,0.0047149309913989456,0.0010533216401847761,0.0019968268779603365,0.0009435052377755604,0.0010533216401847761,A,E,E,0.0,False
C_context_s231301,C,context,231301,train,34,189,4wfq,L,0.0010381643391499393,1.5075069223512246e-05,D,0.7,False,0.004701033344783195,0.6666666666666666,0.6,0.03198576667717107,0.03222055771010085,0.6684210526315789,False,9.348291709734835e-05,0.6666666666666666,0.6,0.033563068270915444,0.03379767988201776,0.7105263157894737,False,0.002397258130940272,0.6666666666666666,0.6,0.03277441747404325,0.03300229764918107,9.348291709734835e-05,-0.00020762920133808593,-0.0003011121184354343,9.348291709734835e-05,D,W,W,0.0,False
C_context_s231301,C,context,231301,train,34,122,4wfq,T,0.0002011746905938473,1.6225095622126528e-05,N,0.6052631578947367,False,0.004445377404670547,0.6666666666666666,0.8,0.013599617456815495,0.014183606402951519,0.6192982456140351,False,0.0043091698006305496,0.6666666666666666,0.6,0.014904949200521907,0.015464186793250342,0.6105263157894737,False,0.0043772736026505485,0.6666666666666666,0.6,0.014252283328668701,0.014811089776666625,0.0043091698006305496,0.002387019087237263,-0.0019221507133932864,0.0043091698006305496,N,P,P,0.0,False
C_context_s231301,C,context,231301,train,35,75,1s8a,A,0.0002790244161646444,0.00022640313674762293,Y,0.8017543859649122,True,0.0,0.6666666666666666,0.8,0.013189345743852353,0.016704023951271275,0.1789473684210526,False,0.008575544806521007,0.3333333333333333,0.4,0.03622075229269859,0.04159118087079467,0.5491228070175439,True,0.0,0.6666666666666666,0.8,0.016918847039466434,0.019557377398258444,0.0,-0.012697323444417319,-0.012697323444417319,0.008575544806521007,Y,V,Y,0.008575544806521007,True
C_context_s231301,C,context,231301,train,35,70,1s8a,D,0.00019013115149869267,0.00017410561723319568,Y,0.9771929824561404,True,0.0,1.0,0.8,0.010951384617949703,0.013788805296279032,0.8719298245614034,True,0.0,1.0,0.6,0.016450904563316698,0.01973371145822676,0.9456140350877192,True,0.0,1.0,0.8,0.0090405839425737,0.011466584457005397,0.0,-0.055508901206180905,-0.055508901206180905,0.0,Y,Y,Y,0.0,True
C_context_s231301,C,context,231301,train,35,76,1s8a,L,0.003831317123756241,4.2248770882081266e-05,R,0.9771929824561404,True,0.0,0.6666666666666666,0.8,0.06155540880275395,0.06189763423392077,0.7403508771929824,False,0.017788534937775824,0.6666666666666666,0.6,0.04216860678032445,0.046538449253604744,0.9087719298245613,True,0.0,0.6666666666666666,0.8,0.050995383144235656,0.052063535203921325,0.0,-0.0397586993357128,-0.0397586993357128,0.017788534937775824,R,C,R,0.017788534937775824,True
C_context_s231301,C,context,231301,train,35,6,1s8a,T,0.2582185001494167,0.17225426004519762,F,0.5140350877192983,False,0.11409141782283228,0.0,0.4,0.29319658951669114,0.5081520443227762,0.443859649122807,False,0.15588070770852014,0.3333333333333333,0.2,0.34082470943250426,0.6176766598972946,0.519298245614035,False,0.13453107985251506,0.0,0.4,0.31701064947459767,0.562765580909512,0.12827807777701433,0.1689927447186847,0.04071466694167036,0.15588070770852014,F,K,M,0.027602629931505807,False
C_context_s231301,C,context,231301,train,36,56,1qsm,A,0.0707267313422248,0.04965276802342074,S,0.7526315789473684,True,0.0,1.0,0.8,0.1754303822810146,0.2659449780353538,0.7508771929824561,True,0.0,1.0,0.8,0.16612033134348084,0.23826486531530763,0.7543859649122807,True,0.0,1.0,0.8,0.17059688230197326,0.25078625116432374,0.0,-0.6090978230334028,-0.6090978230334028,0.0,S,S,S,0.0,False
C_context_s231301,C,context,231301,train,36,26,1qsm,D,0.0013747400964940141,0.00022636389510694542,P,0.9684210526315788,True,0.0,0.6666666666666666,1.0,0.033887699853886045,0.03707748773169528,0.9456140350877192,True,0.0,0.6666666666666666,1.0,0.059644764687680374,0.0619486312090083,0.9649122807017543,True,0.0,0.6666666666666666,1.0,0.04676623227078321,0.04907462418675833,0.0,-0.12418978772562034,-0.12418978772562034,0.0,P,P,P,0.0,False
C_context_s231301,C,context,231301,train,36,45,1qsm,L,0.0019688252540971296,0.0002669369406778121,P,0.9070175438596491,False,0.029697975089930884,1.0,0.8,0.04125394906453585,0.04437144638274855,0.9,False,0.03935514542189755,1.0,0.6,0.01461893366925674,0.01900132799010283,0.9052631578947368,False,0.03452656025591422,1.0,0.6,0.02527328381510705,0.029259360308224003,0.03935514542189755,-0.1270833976753899,-0.16643854309728745,0.03935514542189755,P,A,A,0.0,False
C_context_s231301,C,context,231301,train,36,116,1qsm,T,0.0021967653387022306,0.0021967572287441782,G,0.9473684210526316,True,0.0,0.6666666666666666,1.0,0.03869529696869036,0.04686966330903424,0.9175438596491228,True,0.0,0.6666666666666666,0.8,0.02875664532358213,0.03710244454640901,0.9368421052631579,True,0.0,0.6666666666666666,1.0,0.03112709065707219,0.04051188715336734,0.0,-0.1126299307197785,-0.1126299307197785,0.0,G,G,G,0.0,False
C_context_s231301,C,context,231301,train,37,25,4cl6,A,0.001941000280924812,0.00039803199450305144,V,0.863157894736842,False,0.011337731136648946,0.6666666666666666,0.6,0.03928063500532751,0.04405678473203432,0.8912280701754386,False,0.01229450060167915,0.6666666666666666,0.6,0.0400344502796761,0.04540999392350802,0.882456140350877,False,0.011816115869164048,0.6666666666666666,0.6,0.039657542642501806,0.044724657146798213,0.01229450060167915,-0.008422728682989572,-0.020717229284668723,0.01229450060167915,V,W,W,0.0,False
C_context_s231301,C,context,231301,train,37,83,4cl6,D,0.0004120851940431171,5.417090993212489e-06,P,0.6333333333333333,False,0.0005927768883981083,0.6666666666666666,0.6,0.0201660135636646,0.02029988162633263,0.4842105263157894,False,0.0008389681352219541,0.6666666666666666,0.6,0.02239310960055061,0.022512002137906235,0.5421052631578946,False,0.0002630797294472173,0.6666666666666666,0.6,0.021279561582107608,0.021394938186995494,-7.3540970739569e-05,-0.00847839952585494,-0.008404858555115371,0.0008389681352219541,P,Q,G,0.0009125091059615231,False
C_context_s231301,C,context,231301,train,37,12,4cl6,L,1.8301696933315163e-05,5.834718203624275e-06,K,0.8301887591657887,True,0.0,1.0,0.8,0.0037521015189047923,0.0042780482621535675,0.809126887897312,True,0.0,1.0,1.0,0.0037200431626093432,0.0044014782629549,0.8372093829219477,True,0.0,1.0,1.0,0.003691007772560782,0.00429376768307473,0.0,0.000586665769956779,0.000586665769956779,0.0,K,K,K,0.0,False
C_context_s231301,C,context,231301,train,37,1,4cl6,T,0.00056779759474554,1.8956380412801577e-05,I,0.9578947368421052,True,0.0,1.0,1.0,0.023427360379110966,0.023828503829354038,0.9280701754385964,False,0.0008546622598593553,1.0,1.0,0.02366522008241675,0.024965716026304232,0.9473684210526316,False,3.989986928556316e-05,1.0,1.0,0.023546290230763864,0.02420278083140352,0.0,-0.04893443161109391,-0.04893443161109391,0.0008546622598593553,I,Y,I,0.0008546622598593553,True
C_context_s231301,C,context,231301,train,38,142,1rvv,A,6.8678164867075525e-06,6.867772721874883e-06,M,0.5704256801879098,True,0.0,0.6666666666666666,1.0,0.0021102997828273927,0.002620651920173214,0.6669592568350946,True,0.0,0.6666666666666666,1.0,0.0032216505273793467,0.004241815580537478,0.6599386330789357,True,0.0,0.6666666666666666,1.0,0.002634355372398426,0.003272739382244694,0.0,-0.00990944752816985,-0.00990944752816985,0.0,M,M,M,0.0,True
C_context_s231301,C,context,231301,train,38,48,1rvv,D,0.00025999683568706856,4.712603473804123e-06,H,0.6842105263157895,True,0.0,0.3333333333333333,0.8,0.015977616599895758,0.016124417375119902,0.28947368421052627,False,0.005373705009306277,0.0,0.0,0.015125182413203334,0.01558563788979281,0.48947368421052634,False,0.0013924591837966606,0.0,0.4,0.015551399506549546,0.015797122193450922,0.0,0.001555745344339117,0.001555745344339117,0.005373705009306277,H,V,H,0.005373705009306277,True
C_context_s231301,C,context,231301,train,38,148,1rvv,L,8.851951675561743e-05,2.169631168250692e-05,F,0.8105263157894737,False,0.0021019846904349535,0.6666666666666666,0.6,0.00869171508271593,0.009408481107788729,0.7842105263157895,False,0.007227809705325251,0.3333333333333333,0.4,0.007920406879803858,0.008798891262694503,0.7947368421052632,False,0.004621643326134281,0.3333333333333333,0.6,0.008212768648060075,0.008952610899845968,0.006126782097267892,0.006514331770557748,0.00038754967328985535,0.007227809705325251,F,W,T,0.0011010276080573589,True
C_context_s231301,C,context,231301,train,38,116,1rvv,T,1.3120144697811817e-05,1.2278837406856462e-05,W,0.6368421052631579,True,0.0,1.0,0.8,0.002547428141266776,0.003622174029200118,0.0912280701754386,False,0.0015251092790847035,0.3333333333333333,0.2,0.0040283246894381305,0.0046642012448645815,0.5087719298245614,True,0.0,0.6666666666666666,0.6,0.0030918436117577555,0.0037736401592560693,0.0,-0.004946385558494901,-0.004946385558494901,0.0015251092790847035,W,D,W,0.0015251092790847035,True
C_context_s231301,C,context,231301,train,39,101,2ja9,A,0.0032920606419699116,0.00015519825221980204,C,0.9596491228070174,False,0.0008359763044069046,0.6666666666666666,0.6,0.05600769937919347,0.05737648161023741,0.943859649122807,True,0.0,0.6666666666666666,0.6,0.05252646463646887,0.053765389393506405,0.956140350877193,True,0.0,0.6666666666666666,0.6,0.054267082007831174,0.05555003778167731,-0.005445905118075273,-0.011989054408295494,-0.006543149290220221,0.0,C,C,P,0.005445905118075273,False
C_context_s231301,C,context,231301,train,39,95,2ja9,D,0.00035680915118031727,1.5571918148292276e-05,N,0.7854322827202759,True,0.0,0.3333333333333333,0.6,0.018472607640287953,0.018889392557208326,0.7327776045490841,False,0.003380502286589593,0.3333333333333333,0.4,0.01854908503963143,0.019003116901513406,0.8064941539887523,True,0.0,0.3333333333333333,0.4,0.018510846339959693,0.018899311421243764,0.0,-0.004536196462132852,-0.004536196462132852,0.003380502286589593,N,E,N,0.003380502286589593,False
C_context_s231301,C,context,231301,train,39,51,2ja9,L,0.0018107115723006776,3.012448816206996e-05,W,0.9491228070175438,True,0.0,1.0,1.0,0.04219700326016775,0.04255245671287003,0.9333333333333333,True,0.0,1.0,1.0,0.03249336746663762,0.03314046127301619,0.9421052631578948,True,0.0,1.0,1.0,0.037345185363402686,0.03780314034543659,0.0,-0.04912780913368664,-0.04912780913368664,0.0,W,W,W,0.0,False
C_context_s231301,C,context,231301,train,39,78,2ja9,T,0.0018466895567981526,4.0938744179333296e-05,W,0.8245614035087718,False,0.00137116317223962,0.3333333333333333,0.8,0.04249412680146304,0.042973125983551075,0.8228070175438595,False,0.005828546169672558,0.3333333333333333,0.6,0.0421926691066987,0.042819940991539955,0.8315789473684211,False,0.0035534711627333293,0.3333333333333333,0.8,0.04234339795408087,0.04286553298058734,0.0046112436431838405,-0.041611383264472945,-0.046222626907656786,0.005828546169672558,W,H,Y,0.0012173025264887172,False
A_context_s231303,A,context,231303,development,0,49,5oi7,A,13.712943200459225,13.639576663369107,C,0.6982456140350877,False,6.453020308059199,0.3333333333333333,0.8,2.8553274778400586,3.7030991345708295,-0.5543859649122806,False,1.3337125413186293,0.0,0.0,3.0346876523916437,3.7424166871549716,0.6929824561403508,False,3.8933664246889146,0.3333333333333333,0.6,1.6086825584590378,2.327435267641422,1.3337125413186293,-0.47599759696823973,-1.809710138286869,1.3337125413186293,C,I,I,0.0,False
A_context_s231303,A,context,231303,development,0,53,5oi7,D,90.49023018039226,0.08981974144324441,F,-0.30000000000000004,False,0.21825481316637152,0.0,0.2,9.507913043299723,9.512635291042765,-0.368421052631579,False,0.2317853278251416,0.0,0.0,0.9298362983329733,0.9737087920509574,-0.3578947368421052,False,0.17988356922104298,0.0,0.2,4.289038372483375,4.298923975945828,0.11641703948928672,-0.9371630672624587,-1.0535801067517454,0.2317853278251416,F,P,E,0.11536828833585488,False
A_context_s231303,A,context,231303,development,0,45,5oi7,L,86.36361963362275,5.236346178080996,C,-0.543859649122807,False,4.750609665594033,0.0,0.0,9.007067972183942,9.293202872724923,-0.2912280701754386,False,0.2302428165480137,0.0,0.0,1.8689153748528995,2.2162734797598653,-0.48245614035087714,False,2.164986225894634,0.0,0.0,3.93853934257569,4.4275664278088005,-0.42063721380476515,-1.0522628727554189,-0.6316256589506537,0.2302428165480137,C,P,W,0.6508800303527789,False
A_context_s231303,A,context,231303,development,0,79,5oi7,T,8.022418894606409,7.9787713851543804,I,-0.431578947368421,False,9.29225519911563,0.0,0.0,1.654360231723362,2.8323874901938133,0.13684210526315788,False,2.3507332535413523,0.0,0.2,0.9195009332541557,1.2213104266149089,-0.42105263157894735,False,5.821494226328491,0.0,0.0,1.039508415440973,1.7674722348077399,2.3507332535413523,-0.38797678799132207,-2.7387100415326744,2.3507332535413523,I,P,P,0.0,False
A_context_s231303,A,context,231303,development,1,42,1c5e,A,0.015422487974474519,0.015231918945385153,P,0.2631578947368421,False,0.3186272738839095,0.0,0.2,0.10950650214718506,0.12418731003800074,0.27017543859649124,False,0.2979508658506875,0.0,0.4,0.0990905531992354,0.1143070265382941,0.26666666666666666,False,0.30487927963807676,0.0,0.2,0.10395032604278466,0.1191659504342635,0.28555259644916586,0.28924470875512187,0.00369211230595598,0.2979508658506875,P,G,R,0.012398269401521597,True
A_context_s231303,A,context,231303,development,1,35,1c5e,D,0.0012906390504087443,0.0012890575050728628,E,-0.26842105263157895,False,0.023763416111329663,0.0,0.2,0.030016635793054143,0.035925465207965565,-0.17719298245614035,False,0.01716070942541531,0.3333333333333333,0.2,0.02986353122974685,0.0363949254786358,-0.21929824561403505,False,0.020462062768372487,0.3333333333333333,0.2,0.0298374702187235,0.03605483561110807,0.01716070942541531,0.009167643513086313,-0.007993065912328998,0.01716070942541531,E,K,K,0.0,False
A_context_s231303,A,context,231303,development,1,12,1c5e,L,0.00771261381758134,0.005916561993257369,V,0.21403508771929824,False,0.017672457822773255,0.0,0.4,0.07391022496881557,0.08782148835895086,0.18596491228070175,False,0.026215301486645554,0.0,0.4,0.07812591191312752,0.0917065212061434,0.1719298245614035,False,0.021943879654709404,0.0,0.4,0.07546121955373503,0.08926420993992115,0.026215301486645554,0.009778533926043956,-0.016436767560601598,0.026215301486645554,V,Q,Q,0.0,False
A_context_s231303,A,context,231303,development,1,38,1c5e,T,0.009399693837848857,0.009351674530032838,W,-0.012280701754385965,False,0.2677012115809413,0.3333333333333333,0.2,0.06673233757715798,0.09695201822473247,-0.15789473684210528,False,0.24524183951019213,0.3333333333333333,0.2,0.06475894582395784,0.09141893521141503,-0.09298245614035087,False,0.2564715255455667,0.3333333333333333,0.2,0.06565278597166486,0.09411136798184717,0.24524183951019213,0.2369405363005515,-0.00830130320964062,0.24524183951019213,W,C,C,0.0,True
A_context_s231303,A,context,231303,development,2,75,4gn0,A,0.012318159944718276,0.010527872105112983,P,-0.3140350877192983,False,0.11822211849000475,0.0,0.2,0.08736187429682699,0.1109872062208896,-0.1754385964912281,False,0.06655048964248422,0.0,0.2,0.08419768898076746,0.10158962500129318,-0.26842105263157895,False,0.08675302709370047,0.0,0.2,0.08569597754718254,0.10527067978434933,0.04848620585531549,-0.00242822754829497,-0.05091443340361046,0.06655048964248422,P,G,F,0.018064283787168733,False
A_context_s231303,A,context,231303,development,2,29,4gn0,D,0.019847106250703486,0.017480987106882985,Q,0.031578947368421054,False,0.09784083817266165,0.0,0.0,0.1120313375080822,0.14087975812977352,0.19122807017543858,False,0.1458447072777478,0.3333333333333333,0.2,0.15352545781921106,0.22287516605015212,0.13333333333333333,False,0.10462363897340765,0.3333333333333333,0.2,0.12445284086882034,0.1768434100756707,0.09447575137527586,-0.005062830598520307,-0.09953858197379617,0.1458447072777478,Q,C,K,0.051368955902471924,False
A_context_s231303,A,context,231303,development,2,23,4gn0,L,0.033288980492843866,0.022471980931187352,G,0.09298245614035087,False,0.12287423289122401,0.3333333333333333,0.4,0.16075261129292578,0.18245268014705585,-0.3877192982456141,False,0.30742037688485446,0.3333333333333333,0.2,0.16090768859457075,0.19636351121523032,-0.32807017543859646,False,0.2070851985253226,0.3333333333333333,0.2,0.1558842493849016,0.18353447727427688,0.2591414242230794,0.1306294069394749,-0.1285120172836045,0.30742037688485446,G,C,F,0.048278952661775065,False
A_context_s231303,A,context,231303,development,2,45,4gn0,T,0.038629853643178495,0.025044068551129207,P,-0.10526315789473684,True,0.0,0.3333333333333333,0.2,0.12608877627609966,0.19654478788097765,-0.057894736842105256,True,0.0,0.3333333333333333,0.2,0.12602374816542508,0.17714373868793942,-0.18070175438596495,True,0.0,0.3333333333333333,0.2,0.12261872474003063,0.18466673429120853,0.0,-0.12996325388938246,-0.12996325388938246,0.0,P,P,P,0.0,False
A_context_s231303,A,context,231303,train,3,54,1v70,A,0.0001722294697881389,0.00014372273871664413,P,0.5932427073954262,False,0.004446086876960839,0.6666666666666666,0.6,0.010862356262607146,0.013123622586318875,0.5186485799862379,False,0.005984761673013463,0.3333333333333333,0.6,0.011200050649028164,0.013626985421557221,0.5660377903403104,False,0.005215424274987151,0.3333333333333333,0.6,0.011031203455817654,0.013364021101055971,0.005984761673013463,-0.005984162497940176,-0.011968924170953639,0.005984761673013463,P,I,I,0.0,True
A_context_s231303,A,context,231303,train,3,4,1v70,D,0.00025224171969170353,0.00023984524245443436,A,0.392277352375378,False,0.01887489282575156,0.3333333333333333,0.4,0.011310976920749815,0.015882119496204012,0.40193071004009645,False,0.02108398830660345,0.3333333333333333,0.4,0.011464886270721864,0.015544078746542997,0.41246164567433474,False,0.018813680973781187,0.3333333333333333,0.4,0.011383238228160198,0.015658540622831778,0.017129816109973217,-0.01322769775550331,-0.030357513865476526,0.02108398830660345,A,S,V,0.003954172196630232,True
A_context_s231303,A,context,231303,train,3,69,1v70,L,0.00027441891045591125,0.00016489902355908134,E,-0.21929824561403505,False,0.0034141568195962674,0.0,0.2,0.014178402265660665,0.0165655941775691,0.01754385964912281,False,0.0018815406820409802,0.3333333333333333,0.4,0.014588844045602537,0.016971799371572095,-0.08596491228070174,False,0.002095497072205514,0.0,0.2,0.014383623155631601,0.01673703813362785,0.0005999977468469642,-4.318669284911203e-05,-0.0006431844396960762,0.0018815406820409802,E,W,C,0.001281542935194016,True
A_context_s231303,A,context,231303,train,3,100,1v70,T,0.0003339374205148627,0.00016117291367729128,Q,0.4350877192982456,True,0.0,0.3333333333333333,0.4,0.0151108098373331,0.01827395470375427,0.3719298245614035,False,0.0015633231581790724,0.3333333333333333,0.6,0.014752040820102985,0.017816861227193757,0.3877192982456141,False,0.0007798502817216793,0.3333333333333333,0.4,0.014929636264298598,0.018030641819859465,0.0,-0.0050613514450066205,-0.0050613514450066205,0.0015633231581790724,Q,C,Q,0.0015633231581790724,True
A_context_s231303,A,context,231303,train,4,30,1ub9,A,0.0008121823452016661,0.0008106552407894988,H,0.7245614035087719,True,0.0,0.6666666666666666,0.4,0.02289801509557184,0.028498813048996728,0.6508771929824562,True,0.0,0.6666666666666666,0.4,0.030303873264137023,0.04107604278505242,0.7175438596491229,True,0.0,0.6666666666666666,0.4,0.024038432150579683,0.0335193983908822,0.0,-0.13762542422628593,-0.13762542422628593,0.0,H,H,H,0.0,False
A_context_s231303,A,context,231303,train,4,40,1ub9,D,0.0008115919110543982,0.000806563669278762,C,0.7754385964912281,True,0.0,1.0,0.6,0.0239341772636416,0.028488452240414856,0.6543859649122807,True,0.0,1.0,0.6,0.034965403398164605,0.044937925290706136,0.7684210526315789,True,0.0,1.0,0.8,0.028558048516675358,0.03548060000833638,0.0,-0.12709140932668006,-0.12709140932668006,0.0,C,C,C,0.0,False
A_context_s231303,A,context,231303,train,4,12,1ub9,L,0.0012728180335097095,0.0011517914717798147,P,0.8719298245614034,True,0.0,0.6666666666666666,0.6,0.028713639851960876,0.03567657541734786,0.7912280701754386,True,0.0,0.6666666666666666,0.6,0.031982147069627376,0.04584352950357618,0.8245614035087718,True,0.0,0.6666666666666666,0.6,0.024520545269319193,0.03567004783848181,0.0,-0.02230802347369243,-0.02230802347369243,0.0,P,P,P,0.0,False
A_context_s231303,A,context,231303,train,4,61,1ub9,T,0.0004356725701683693,0.00035955635669144463,H,0.6842105263157895,True,0.0,0.6666666666666666,0.6,0.013588974079581177,0.020872771022755202,0.4964912280701754,True,0.0,0.6666666666666666,0.6,0.01599303210748608,0.021714381181851736,0.5543859649122806,True,0.0,0.6666666666666666,0.6,0.012575352030883655,0.019594038751801695,0.0,-0.0036362817026044936,-0.0036362817026044936,0.0,H,H,H,0.0,True
A_context_s231303,A,context,231303,train,5,92,2wpq,A,0.003249019562647292,0.0024971871246136285,P,0.987719298245614,True,0.0,0.6666666666666666,1.0,0.0438579192868048,0.05700017160191092,0.39649122807017545,True,0.0,0.3333333333333333,0.2,0.2345945865852998,0.33546455615018134,0.8210526315789475,True,0.0,0.3333333333333333,0.4,0.1260248314303948,0.18633713689000309,0.0,-0.14204471101550453,-0.14204471101550453,0.0,P,P,P,0.0,False
A_context_s231303,A,context,231303,train,5,68,2wpq,D,0.0024414004310770684,0.002434983445683854,M,0.9859649122807018,True,0.0,0.6666666666666666,0.8,0.03749582254678785,0.04941052955673586,0.9228070175438597,False,0.11380099073605798,0.3333333333333333,0.8,0.15346001475975773,0.1870342424374942,0.975438596491228,True,0.0,0.6666666666666666,0.8,0.08747844451556597,0.11202713050861922,0.0,-0.13989409057958113,-0.13989409057958113,0.11380099073605798,M,R,M,0.11380099073605798,False
A_context_s231303,A,context,231303,train,5,97,2wpq,L,0.010481141500904102,0.008544344141044338,S,0.9789473684210527,True,0.0,0.6666666666666666,1.0,0.08918926517785156,0.10237744625113532,0.5754385964912281,True,0.0,0.3333333333333333,0.8,0.34588320637305325,0.49711093236119874,0.9614035087719298,True,0.0,0.6666666666666666,0.8,0.2167039349596129,0.29173643120044424,0.0,-0.2069541479567345,-0.2069541479567345,0.0,S,S,S,0.0,False
A_context_s231303,A,context,231303,train,5,44,2wpq,T,0.04065479102428881,0.006593910360535048,G,0.9947368421052631,True,0.0,1.0,1.0,0.1845559011891892,0.20163033259975743,0.8543859649122807,True,0.0,1.0,0.8,0.47011529869130425,0.6093986914331739,0.9736842105263157,True,0.0,1.0,1.0,0.31807465212062686,0.39861084890889337,0.0,-0.10626952469597128,-0.10626952469597128,0.0,G,G,G,0.0,False
A_context_s231303,A,context,231303,train,6,36,3vub,A,0.0003440636359330147,0.0003370189010518551,T,0.2982456140350877,False,0.003352634583070696,0.3333333333333333,0.4,0.015886388818442947,0.018548952421444578,-0.012280701754385965,False,0.8682145753616674,0.3333333333333333,0.2,0.5782076832138627,0.6479329558974545,0.005263157894736842,False,0.432705168092112,0.3333333333333333,0.2,0.28947907142360957,0.32425065688735316,-0.14559064611186617,0.1542581743266671,0.2998488204385333,0.8682145753616674,T,D,H,1.0138052214735336,False
A_context_s231303,A,context,231303,train,6,88,3vub,D,0.00031500286898023737,0.0003050536617385309,E,0.14831067684885654,False,0.0003331168557031,0.0,0.2,0.014267369093852155,0.017748320173476627,0.16147434639165448,False,0.013486889450889383,0.0,0.4,0.6389972548378905,0.6779382877065149,0.22027207034948515,False,0.005799398631929686,0.3333333333333333,0.4,0.32012343631622636,0.33932974711042324,-0.7019088379959197,-0.7196771003055499,-0.017768262309630134,0.013486889450889383,E,R,H,0.7153957274468091,False
A_context_s231303,A,context,231303,train,6,40,3vub,L,0.00028934567109202726,0.00028698308125821195,G,0.5947368421052631,True,0.0,0.6666666666666666,0.4,0.014039608177568125,0.017010163758530584,0.24912280701754386,True,0.0,0.3333333333333333,0.2,0.6958299144540788,0.6968035232535632,0.30350877192982456,True,0.0,0.3333333333333333,0.4,0.3471464213082601,0.3480153182243211,0.0,-0.734671403812472,-0.734671403812472,0.0,G,G,G,0.0,True
A_context_s231303,A,context,231303,train,6,6,3vub,T,0.0004234576295781345,0.00040266254173267974,E,0.5052631578947369,False,0.010218447091675312,0.0,0.4,0.016081907010546452,0.02057808614954594,-0.3017543859649123,False,1.949837778923059,0.0,0.2,0.48361274191915055,0.5804672211167972,-0.30000000000000004,False,0.9720733109011508,0.0,0.2,0.2462147563898657,0.295363286936107,1.271919678579161,1.2101044983183566,-0.061815180260804514,1.949837778923059,E,N,G,0.6779181003438979,False
A_context_s231303,A,context,231303,train,7,56,3nxa,A,0.00023411366144115747,0.00021971058747482808,P,0.9578947368421052,True,0.0,1.0,0.8,0.01267785703159525,0.015300773230172307,0.9543859649122807,True,0.0,0.6666666666666666,0.8,0.013956299410187407,0.020443871889154655,0.9684210526315788,True,0.0,1.0,0.8,0.01241319830583113,0.014635613322325203,0.0,-0.22455202164427812,-0.22455202164427812,0.0,P,P,P,0.0,False
A_context_s231303,A,context,231303,train,7,74,3nxa,D,0.0006838545334522687,0.0006807889072182673,N,0.7421052631578948,False,0.009440811447635644,1.0,0.6,0.020156215062979956,0.02615061248713438,0.47017543859649114,False,0.022139092217372758,0.6666666666666666,0.6,0.10846706635912642,0.22453282237552677,0.5929824561403508,False,0.0157899518325042,1.0,0.6,0.06371285348069655,0.11754097297032193,0.022139092217372758,-0.059743073152831894,-0.08188216537020465,0.022139092217372758,N,G,G,0.0,False
A_context_s231303,A,context,231303,train,7,39,3nxa,L,0.001789815765737332,0.00027584249915842726,F,0.9596491228070174,False,0.013007687444375082,1.0,1.0,0.038909809387594085,0.042306214268560266,0.9543859649122807,False,0.00048539558885429823,1.0,1.0,0.11940527291285745,0.2859211510207249,0.9666666666666668,False,0.00674654151661469,1.0,1.0,0.07915754115022577,0.15009526603874718,0.00048539558885429823,-0.22490411510071395,-0.22538951068956825,0.00048539558885429823,F,Y,Y,0.0,False
A_context_s231303,A,context,231303,train,7,3,3nxa,T,0.0003300372066483274,0.000208393617719203,N,0.8157894736842105,True,0.0,1.0,0.6,0.014336863582343118,0.01816692617501176,0.7403508771929824,True,0.0,0.6666666666666666,0.8,0.01991574111565259,0.02596425309089176,0.8403508771929825,True,0.0,1.0,0.8,0.013697815422894569,0.01643072502263357,0.0,-0.07232142834127431,-0.07232142834127431,0.0,N,N,N,0.0,False
A_context_s231303,A,context,231303,train,8,48,2v66,A,1.7806529986181878,0.5902154624445729,C,1.0,True,0.0,1.0,1.0,1.168868927696403,1.3344111055511296,0.7859649122807018,True,0.0,0.6666666666666666,0.8,4.320694256056794,4.618295974177176,0.9280701754385964,True,0.0,1.0,0.8,2.7058829967331093,2.8695888608353606,0.0,-8.078359865335948,-8.078359865335948,0.0,C,C,C,0.0,False
A_context_s231303,A,context,231303,train,8,42,2v66,D,1.764355664280361,0.8200404811287413,C,0.9824561403508772,True,0.0,1.0,1.0,1.0584737305005707,1.3282905044757194,0.5280701754385965,True,0.0,0.6666666666666666,0.6,4.2534459829784526,4.7142419251352115,0.8543859649122807,True,0.0,1.0,0.6,2.612602396061909,2.9402824601029334,0.0,-5.132904700139837,-5.132904700139837,0.0,C,C,C,0.0,False
A_context_s231303,A,context,231303,train,8,60,2v66,L,8.136051421399621,1.3870231908591557,I,0.9824561403508772,False,0.530213510095136,1.0,0.8,2.597889187502128,2.8523764515574763,0.9298245614035087,False,0.539931793558706,1.0,0.8,2.14699834564169,2.8401636561863364,0.9508771929824561,False,0.535072651826921,1.0,0.8,1.9587607436811483,2.36406277575483,0.539931793558706,1.509720385378691,0.9697885918199849,0.539931793558706,I,V,V,0.0,False
A_context_s231303,A,context,231303,train,8,74,2v66,T,39.56853595780202,38.8636856558194,Q,0.9175438596491228,False,0.7834349215064353,0.3333333333333333,0.6,5.163190736345923,6.290352609973627,0.8368421052631579,False,4.174523391066021,0.3333333333333333,0.6,5.953405155898554,8.45779440388621,0.8701754385964912,False,2.3057444969332312,0.3333333333333333,0.6,4.349554134073583,6.708969580434405,3.8053219778886103,-8.845366230847453,-12.650688208736064,4.174523391066021,Q,L,I,0.36920141317741084,False
A_context_s231303,A,context,231303,train,9,61,3zk1,A,0.0005450825231686394,0.0003531698537377135,E,0.3282141606004281,False,0.006756224783643072,0.0,0.6,0.0191704836387137,0.023347002445038623,0.22729269410564407,False,0.009119491722019368,0.0,0.4,0.01818616651451469,0.02257146456758662,0.3132953351185905,False,0.00793785825283122,0.0,0.6,0.018331233002291326,0.022683747927989325,0.009119491722019368,-0.002224707504634882,-0.01134419922665425,0.009119491722019368,E,F,F,0.0,True
A_context_s231303,A,context,231303,train,9,1,3zk1,D,0.0009030855638019002,0.0008711454622160969,M,0.5877192982456141,False,0.011257554690324023,0.6666666666666666,0.6,0.021695492803325233,0.03005138206142773,0.49473684210526314,False,0.013679434883452302,0.3333333333333333,0.4,0.024569285124746255,0.03377604153495241,0.5157894736842105,False,0.012468494786888162,0.3333333333333333,0.2,0.022717186503160118,0.03151279824890669,0.013679434883452302,-0.010885242560227049,-0.02456467744367935,0.013679434883452302,M,Y,Y,0.0,True
A_context_s231303,A,context,231303,train,9,78,3zk1,L,0.00018862424495171958,0.00017839839620812178,T,0.38070175438596493,False,0.010124276051099085,0.3333333333333333,0.4,0.012224639951189059,0.013734054206668895,0.41754385964912283,False,0.02451520988226763,0.3333333333333333,0.6,0.013909334151820768,0.016844618063175172,0.40877192982456134,False,0.017319742966683357,0.3333333333333333,0.4,0.012734073565793579,0.014714950361380956,0.02451520988226763,0.01977506029187262,-0.00474014959039501,0.02451520988226763,T,D,D,0.0,True
A_context_s231303,A,context,231303,train,9,4,3zk1,T,0.0004036516699719203,0.0004024759842188929,R,0.2456140350877193,False,0.021297701041713135,0.3333333333333333,0.4,0.01745640921656434,0.020091084340371487,0.2175438596491228,False,0.015537565735851577,0.3333333333333333,0.2,0.018990309396161472,0.023300053040655612,0.2456140350877193,False,0.017775502872857868,0.3333333333333333,0.4,0.01731676645216651,0.020888517139676883,0.0142533047040026,-0.003037645665326244,-0.017290950369328845,0.015537565735851577,R,H,Y,0.0012842610318489767,True
A_context_s231303,A,context,231303,train,10,79,1qy7,A,0.00027278295017031337,0.00027183418532960023,G,0.2596491228070175,False,0.016265240533198777,0.0,0.6,0.011228912445607676,0.01651614210917045,0.5807017543859649,False,7.100721149733147e-05,0.3333333333333333,0.8,0.010400273835484544,0.014932241428815943,0.4666666666666667,False,0.004677410899205203,0.0,0.6,0.010009455911049523,0.015114580853306612,-0.009747278667095904,-0.0024258088570389136,0.007321469810056991,7.100721149733147e-05,G,D,W,0.009818285878593236,False
A_context_s231303,A,context,231303,train,10,70,1qy7,D,0.0002988203419668092,0.00018082068890137073,T,0.39122807017543854,False,0.015800226830430475,0.3333333333333333,0.4,0.014462994167980761,0.017286420739031236,0.3333333333333333,False,0.021439427883646056,0.0,0.4,0.017181601527544443,0.02044499119745121,0.3368421052631579,False,0.015303137773788278,0.0,0.4,0.015504461387444985,0.018633618155707115,0.0084494544322824,0.008770792935008265,0.0003213385027258653,0.021439427883646056,T,G,E,0.012989973451363657,False
A_context_s231303,A,context,231303,train,10,55,1qy7,L,0.00037367909790238246,0.00032046768172666964,N,0.32631578947368417,True,0.0,0.3333333333333333,0.2,0.012924205732244521,0.019330781099127434,0.13508771929824562,False,0.022369621230951986,0.0,0.2,0.02122012894928733,0.02764488953218247,0.29298245614035084,False,0.008364205317936302,0.3333333333333333,0.4,0.016692434885673586,0.02243167550025468,0.0,-0.007078493410879405,-0.007078493410879405,0.022369621230951986,N,H,N,0.022369621230951986,False
A_context_s231303,A,context,231303,train,10,98,1qy7,T,0.0007095491646389259,0.0006972243438278416,L,0.1701754385964912,False,0.03756969987348435,0.0,0.4,0.02238034743311969,0.026637364070773332,0.12456140350877193,False,0.04066360193455987,0.0,0.2,0.024309401439083205,0.03128008827599925,0.12631578947368421,False,0.03491112071114294,0.0,0.4,0.023344874436101448,0.028338089445072545,0.02895411455668684,0.018982944519843614,-0.009971170036843224,0.04066360193455987,L,A,G,0.011709487377873029,False
A_context_s231303,A,context,231303,train,11,64,3mhx,A,0.00036681856212222196,0.00034899414106821645,G,-0.0894736842105263,False,0.012896643371887617,0.3333333333333333,0.4,0.01631528598321892,0.019152507985175777,0.04035087719298246,False,0.01866973574400055,0.3333333333333333,0.4,0.019561081803088,0.02382627535346947,0.03508771929824562,False,0.013837215628814847,0.3333333333333333,0.4,0.016090080926923295,0.019480756872852105,0.010525711185271625,0.01119220048585684,0.0006664893005852157,0.01866973574400055,G,C,S,0.008144024558728924,False
A_context_s231303,A,context,231303,train,11,19,3mhx,D,0.000370020532613045,0.0002072440614509793,P,0.7333333333333334,True,0.0,0.6666666666666666,0.8,0.015672589272203583,0.01923591777412882,0.6210526315789473,True,0.0,0.6666666666666666,0.6,0.015168194615909306,0.020438370342999158,0.7140350877192982,True,0.0,0.6666666666666666,0.8,0.012314799996839484,0.016040629750175353,0.0,-0.021195914439070374,-0.021195914439070374,0.0,P,P,P,0.0,False
A_context_s231303,A,context,231303,train,11,3,3mhx,L,0.00037259806470803757,0.0003598877939743171,V,0.6017543859649123,True,0.0,0.6666666666666666,0.8,0.016278825610527337,0.01930279940081328,0.556140350877193,False,2.2595466838970513e-05,0.3333333333333333,0.8,0.016196297494788004,0.01963733800733925,0.5385964912280702,True,0.0,0.3333333333333333,0.8,0.014803143495883502,0.018192417432856732,0.0,-0.02341054072122345,-0.02341054072122345,2.2595466838970513e-05,V,C,V,2.2595466838970513e-05,False
A_context_s231303,A,context,231303,train,11,2,3mhx,T,0.00014535302457486284,0.00011554177017341796,L,0.2,False,0.025504308453129343,0.0,0.4,0.010429709447760808,0.012056244215130301,0.4456140350877193,False,0.037389597361030424,0.3333333333333333,0.8,0.01123460460879953,0.014524718240605122,0.42280701754385963,False,0.029380168250480843,0.0,0.6,0.009953133550298235,0.012342415462604617,0.030247775057759052,0.027981239719078232,-0.0022665353386808196,0.037389597361030424,L,H,F,0.007141822303271372,False
A_context_s231303,A,context,231303,train,12,4,5b08,A,0.0012105849196068583,0.0011611694328701454,E,0.020193159670260315,False,0.006251590179984612,0.3333333333333333,0.2,0.02355245767137044,0.034793460874234086,-0.1387182273000491,False,0.01636169591581399,0.0,0.0,0.026422098032611283,0.034799365553977925,-0.02458297698988212,False,0.0113066430478993,0.0,0.2,0.024848229453073512,0.03432174602475106,0.01636169591581399,-0.020807734853768023,-0.03716943076958201,0.01636169591581399,E,D,D,0.0,True
A_context_s231303,A,context,231303,train,12,73,5b08,D,0.000435244253321847,0.00024750394811130896,Y,0.6052631578947367,True,0.0,0.6666666666666666,0.4,0.017484935874586164,0.020862508318077358,0.6263157894736843,True,0.0,0.6666666666666666,0.4,0.01522176572438213,0.018749725368254734,0.6157894736842106,True,0.0,0.6666666666666666,0.4,0.01633264893953705,0.019586839438788254,0.0,-0.0643087089160958,-0.0643087089160958,0.0,Y,Y,Y,0.0,False
A_context_s231303,A,context,231303,train,12,32,5b08,L,0.0003639391827512772,0.000336108893222176,N,0.7824561403508771,False,0.004004393228534242,0.6666666666666666,0.6,0.014432108619330287,0.019077190116767125,0.5736842105263157,False,0.001624673148286293,0.3333333333333333,0.4,0.015327475798904694,0.020759996272307752,0.7157894736842104,False,0.0028145331884102676,0.3333333333333333,0.6,0.014853497826508888,0.0196748941653627,0.001624673148286293,-0.05201159681353795,-0.053636269961824246,0.001624673148286293,N,D,D,0.0,True
A_context_s231303,A,context,231303,train,12,64,5b08,T,0.0002718384876180293,0.00026848560631895116,E,0.887719298245614,True,0.0,0.6666666666666666,0.8,0.01341015868182601,0.016487525212051362,0.7789473684210525,True,0.0,0.6666666666666666,0.8,0.0240345139655748,0.03122874734401897,0.8421052631578947,True,0.0,0.6666666666666666,0.8,0.01697166757863055,0.022486698402254215,0.0,-0.037062357151654735,-0.037062357151654735,0.0,E,E,E,0.0,False
A_context_s231303,A,context,231303,development,13,2,1jke,A,0.007016608062850749,0.002603063840048917,H,-0.04736842105263158,False,0.1092549382721989,0.3333333333333333,0.4,0.06713067416618097,0.08376519601153422,-0.0543859649122807,False,0.10422358461404636,0.3333333333333333,0.4,0.06793864324850257,0.0841594101754547,-0.0543859649122807,False,0.10673926144312262,0.3333333333333333,0.4,0.06753465870734178,0.08395573735178234,0.10422358461404636,0.07168863007699924,-0.03253495453704712,0.10422358461404636,H,M,M,0.0,True
A_context_s231303,A,context,231303,development,13,135,1jke,D,0.005012893449198021,0.001196754871672808,P,-0.2210526315789474,False,0.0165354066553495,0.0,0.4,0.06399584703545558,0.07080178987284164,-0.18771929824561404,False,0.02061325378138565,0.3333333333333333,0.4,0.05795176202521506,0.06471092844159378,-0.22807017543859648,False,0.018574330218367574,0.3333333333333333,0.4,0.06097380453033532,0.0677320905069109,0.02061325378138565,-0.012693636613812412,-0.03330689039519806,0.02061325378138565,P,N,N,0.0,False
A_context_s231303,A,context,231303,development,13,142,1jke,L,0.0029003132993110237,0.0012186058379896276,P,-0.15614035087719297,False,0.0016015878378841247,0.6666666666666666,0.4,0.04512687980360836,0.05385455690385934,-0.0456140350877193,False,0.002568431059182974,0.6666666666666666,0.4,0.042866614158361675,0.050692518852344104,-0.1,False,0.0020850094485335494,0.6666666666666666,0.4,0.043996746980985026,0.05226320039052689,0.002568431059182974,-0.01008757147429154,-0.012656002533474514,0.002568431059182974,P,F,F,0.0,True
A_context_s231303,A,context,231303,development,13,19,1jke,T,0.0033522604885380457,0.002288546155202377,F,0.042105263157894736,False,0.01921812415226168,0.3333333333333333,0.6,0.04931247308515116,0.057898708867625416,0.06140350877192983,False,0.014514880980064218,0.0,0.6,0.048532676907829676,0.05783840882157302,0.06491228070175438,False,0.01686650256616294,0.3333333333333333,0.6,0.04892257499649042,0.05783385828918207,0.014514880980064218,-0.08887502375185467,-0.10338990473191889,0.014514880980064218,F,D,D,0.0,False
A_context_s231303,A,context,231303,development,14,21,3qr7,A,0.06994367119402119,0.06953664121834763,D,0.4263157894736842,False,0.41880197028720945,0.3333333333333333,0.6,0.21567756313032133,0.26446865824520904,0.47719298245614034,False,0.5116575788569597,0.6666666666666666,0.6,0.2745308153819679,0.3444417017090902,0.45789473684210524,False,0.38527753380792196,0.6666666666666666,0.6,0.2342513232865337,0.2920097271752909,0.30700904833368625,-0.1701638038436757,-0.47717285217736194,0.5116575788569597,D,K,N,0.20464853052327348,False
A_context_s231303,A,context,231303,development,14,105,3qr7,D,0.07759553672653247,0.06812372431388254,G,-0.12631578947368421,False,0.4932624657211808,0.3333333333333333,0.2,0.21411895706908549,0.2785597543194861,0.13508771929824562,False,0.6416293313647081,0.3333333333333333,0.4,0.22551635705147327,0.26062717726863865,0.11403508771929824,False,0.563845172054132,0.3333333333333333,0.4,0.213920251698224,0.25997425737449353,0.4973074174270633,0.358966995945619,-0.13834042148144432,0.6416293313647081,G,P,N,0.14432191393764482,False
A_context_s231303,A,context,231303,development,14,22,3qr7,L,0.07169204642519522,0.06235533123931479,D,0.18771929824561404,False,0.2839922690151031,0.0,0.2,0.21520458852930058,0.2677537047833236,0.14912280701754385,False,0.2283843857717076,0.0,0.4,0.28430226456381247,0.39542903812381275,0.16842105263157894,False,0.25618832739340536,0.0,0.4,0.2405340819641768,0.32087312680529156,0.2283843857717076,-0.005397452113826695,-0.2337818378855343,0.2283843857717076,D,N,N,0.0,False
A_context_s231303,A,context,231303,development,14,29,3qr7,T,0.09725306737651704,0.09450204674288339,N,-0.1719298245614035,False,0.4492964647531452,0.3333333333333333,0.2,0.23617400144401965,0.3118542405940907,-0.4350877192982456,False,0.201364611334645,0.0,0.2,0.23742120203525632,0.2949007962668216,-0.38421052631578945,False,0.3253305380438951,0.0,0.2,0.23286877522429528,0.29545695147970097,0.201364611334645,-0.26378363253107384,-0.46514824386571885,0.201364611334645,N,D,D,0.0,False
A_context_s231303,A,context,231303,development,15,59,1lj9,A,0.003055663139652587,0.001406015290006605,E,0.5228070175438596,False,0.06501756512789264,0.0,0.6,0.0468726896226196,0.05527805296546349,0.5017543859649122,False,0.11541407190174677,0.3333333333333333,0.6,0.03868042272157194,0.04605805399767201,0.5350877192982456,False,0.09021581851481972,0.3333333333333333,0.6,0.04207816028744262,0.04845996342523098,0.11541407190174677,-0.046307434781753865,-0.16172150668350063,0.11541407190174677,E,F,F,0.0,True
A_context_s231303,A,context,231303,development,15,124,1lj9,D,0.007571941745458343,0.002535307957130576,K,0.40877192982456134,False,0.021035265977361495,0.0,0.4,0.07337275911161002,0.08701690494069726,-0.07894736842105264,False,0.07014615112863576,0.0,0.2,0.09750409474194983,0.11403180460045113,0.09298245614035087,False,0.03806776055094621,0.0,0.2,0.0848839618291075,0.09977521934934422,0.04261344810506759,0.0031388176859000194,-0.03947463041916757,0.07014615112863576,K,I,E,0.027532703023568167,True
A_context_s231303,A,context,231303,development,15,111,1lj9,L,0.007828827814636952,0.007573944019952647,P,0.012280701754385965,False,0.10215482121028033,0.0,0.4,0.07380228163442255,0.08848066350698865,0.1736842105263158,False,0.19829894014957003,0.0,0.2,0.06908606690845202,0.09612776441716743,0.14736842105263157,False,0.15022688067992518,0.0,0.4,0.06658632470725542,0.08932982823707063,0.19829894014957003,0.10915025252289662,-0.08914868762667341,0.19829894014957003,P,N,N,0.0,False
A_context_s231303,A,context,231303,development,15,0,1lj9,T,0.005727190235071902,0.00446459236049529,P,0.41052631578947374,False,0.018414948432998596,0.0,0.4,0.047522996556253756,0.07567820184882766,0.30701754385964913,False,0.06219208825678352,0.0,0.6,0.04203148147758714,0.06976396320890524,0.40175438596491225,False,0.04030351834489106,0.0,0.6,0.043440296631433006,0.07142222514352455,0.06219208825678352,0.003900418251717358,-0.05829167000506616,0.06219208825678352,P,W,W,0.0,True
A_context_s231303,A,context,231303,train,16,16,4zzf,A,0.0030735844386012485,0.0026330412852858054,P,0.9771929824561404,True,0.0,0.6666666666666666,0.8,0.043983878572679304,0.05543991737549082,0.787719298245614,True,0.0,0.6666666666666666,0.6,0.11786086639787081,0.14464323001093057,0.9403508771929823,True,0.0,1.0,1.0,0.06843532012155273,0.08802896402362537,0.0,-0.5144970467742809,-0.5144970467742809,0.0,P,P,P,0.0,False
A_context_s231303,A,context,231303,train,16,35,4zzf,D,0.000813781172807079,0.0007882657559715327,W,0.943859649122807,True,0.0,0.6666666666666666,1.0,0.023881356709389196,0.02852685003303167,0.8035087719298245,True,0.0,0.3333333333333333,0.8,0.07565400903750585,0.11024096692722567,0.8964912280701753,True,0.0,0.6666666666666666,0.8,0.04719148366642088,0.06509132609274737,0.0,-0.13358444346277965,-0.13358444346277965,0.0,W,W,W,0.0,False
A_context_s231303,A,context,231303,train,16,24,4zzf,L,0.008918161324261768,0.0026670792352932893,D,0.9543859649122807,True,0.0,1.0,1.0,0.0799398548074064,0.0944360170923243,0.9210526315789472,False,0.08093633230679809,0.6666666666666666,0.8,0.15588392626915953,0.17172283116384107,0.9350877192982456,False,0.008123504844190055,1.0,0.8,0.11486465336162681,0.1309490267182486,0.0,0.06834805182540826,0.06834805182540826,0.08093633230679809,D,F,D,0.08093633230679809,False
A_context_s231303,A,context,231303,train,16,105,4zzf,T,0.001619789736308177,0.0012563849105109858,V,0.9736842105263157,True,0.0,0.6666666666666666,1.0,0.0330744382356649,0.04024661148852381,0.7578947368421053,True,0.0,0.6666666666666666,0.6,0.06608286373452937,0.07978221826347508,0.9350877192982456,True,0.0,0.6666666666666666,0.8,0.043199480903026465,0.05014318791299174,0.0,-0.2568472331398517,-0.2568472331398517,0.0,V,V,V,0.0,False
A_context_s231303,A,context,231303,train,17,0,1msc,A,0.0005879663776467462,0.0005364498436387422,G,0.8596491228070176,False,0.024405423192641162,0.3333333333333333,0.6,0.01741388428054906,0.02424801801481404,0.6491228070175438,False,0.009824754337459218,0.6666666666666666,0.4,0.030648488112042127,0.03769756625243225,0.756140350877193,False,0.01711508876505019,0.6666666666666666,0.4,0.022978888775352906,0.027892331274484237,0.009824754337459218,-0.05543045748908826,-0.06525521182654748,0.009824754337459218,G,W,W,0.0,False
A_context_s231303,A,context,231303,train,17,113,1msc,D,0.005209320126784884,0.0019390800508968659,P,0.980701754385965,False,0.02997144606585711,0.6666666666666666,0.8,0.05874278850439698,0.07217562003048456,0.9456140350877192,False,0.05608152160548974,0.6666666666666666,0.8,0.040360190755353464,0.05323517790313767,0.9719298245614034,False,0.043026483835673424,0.6666666666666666,0.8,0.036997860206465095,0.052179573020666004,0.05608152160548974,-0.035644098145133585,-0.09172561975062332,0.05608152160548974,P,T,T,0.0,False
A_context_s231303,A,context,231303,train,17,111,1msc,L,0.01294586501928373,0.001895493327443547,F,0.9771929824561404,True,0.0,1.0,1.0,0.10516065054284052,0.11377989725467205,0.9350877192982456,True,0.0,0.6666666666666666,0.8,0.043507935064730975,0.05278977606487719,0.956140350877193,True,0.0,1.0,0.8,0.04571171941674699,0.058089537102016725,0.0,0.17212741575913904,0.17212741575913904,0.0,F,F,F,0.0,False
A_context_s231303,A,context,231303,train,17,44,1msc,T,0.002424386902362425,0.0011903085792247712,S,0.987719298245614,True,0.0,1.0,0.8,0.035291532194650255,0.04923806355211814,0.987719298245614,True,0.0,0.6666666666666666,1.0,0.1024338706676927,0.19702217888738013,0.9947368421052631,True,0.0,0.6666666666666666,1.0,0.047443582097025504,0.08687974274943162,0.0,-0.20062114253274688,-0.20062114253274688,0.0,S,S,S,0.0,False
A_context_s231303,A,context,231303,train,18,61,2vzw,A,0.0005110238911549259,0.0005057777652563786,R,0.007017543859649123,False,0.011284793176283614,0.0,0.2,0.01833300500270613,0.022605837545973072,-0.12631578947368421,False,0.0174483041214889,0.0,0.0,0.018076498090697876,0.02308223735624245,-0.06842105263157894,False,0.014366548648886257,0.0,0.2,0.01782702304671919,0.02256220508455268,0.0174483041214889,0.004202197139118541,-0.01324610698237036,0.0174483041214889,R,C,C,0.0,True
A_context_s231303,A,context,231303,train,18,18,2vzw,D,0.0003220556416556945,0.0003196664919947942,R,0.30526315789473685,False,0.005677915660075611,0.0,0.0,0.014982254125808926,0.017945908772076562,-0.11578947368421051,False,0.0023369373529431303,0.0,0.2,0.01623443536160761,0.01925855575030326,0.10701754385964912,False,0.004007426506509371,0.0,0.0,0.015561003731285416,0.018523308269101226,0.0023369373529431303,0.002966159396332213,0.0006292220433890827,0.0023369373529431303,R,W,W,0.0,True
A_context_s231303,A,context,231303,train,18,143,2vzw,L,0.0002415096543476235,0.0001472503278733337,P,0.687719298245614,True,0.0,1.0,0.8,0.013921651536340054,0.015540580888358822,0.4964912280701754,True,0.0,1.0,0.6,0.015233679649272575,0.016972103922212115,0.5894736842105263,True,0.0,1.0,0.8,0.014431405372767422,0.015957324888706357,0.0,-0.03960631606606008,-0.03960631606606008,0.0,P,P,P,0.0,True
A_context_s231303,A,context,231303,train,18,5,2vzw,T,0.0005679376288445806,0.0005044977664249149,Q,0.2964912280701754,False,0.012289418836501004,0.0,0.2,0.01574711261396977,0.023831442021929362,0.19649122807017544,False,0.010726331999402566,0.0,0.4,0.01721792947277644,0.026079682595835565,0.2543859649122807,False,0.009996007325671463,0.0,0.4,0.016302482524491336,0.02483960404039127,0.007702595814841923,-0.01366500911060986,-0.021367604925451783,0.010726331999402566,Q,F,C,0.0030237361845606436,True
A_context_s231303,A,context,231303,train,19,37,6kys,A,0.00039240302795236085,0.0003919460137181354,N,0.05263157894736842,False,0.03668238483284847,0.0,0.4,0.01519453356532694,0.019809165251276007,0.12280701754385966,False,0.04317328039122806,0.0,0.4,0.015927162590824502,0.01999498877458109,0.10526315789473684,False,0.039927832612038264,0.0,0.4,0.01542978287374872,0.01979808809470509,0.04317328039122806,0.011969305310160272,-0.031203975081067786,0.04317328039122806,N,P,P,0.0,False
A_context_s231303,A,context,231303,train,19,110,6kys,D,0.0006398766835263553,0.00024727386199283416,Q,0.5362001393766352,True,0.0,0.3333333333333333,0.6,0.02209292086586934,0.02529578390812104,0.41860469146097384,True,0.0,0.3333333333333333,0.4,0.026903378276891557,0.030536623027332177,0.5537516987670325,True,0.0,0.3333333333333333,0.6,0.024405985551510623,0.02782469305635993,0.0,-0.047808387963369586,-0.047808387963369586,0.0,Q,Q,Q,0.0,False
A_context_s231303,A,context,231303,train,19,75,6kys,L,0.000705782214461444,0.000578586474058969,V,0.6894736842105263,False,0.013168144284423061,0.3333333333333333,0.6,0.02211244043371885,0.026566561961635985,0.7087719298245614,False,0.0028688452625577343,0.6666666666666666,0.8,0.034298682582077106,0.03942499519726164,0.7403508771929824,False,0.006830080007814279,0.6666666666666666,0.8,0.02816359659806792,0.03237617108073373,0.0004920157312054974,-0.006557793828680519,-0.007049809559886017,0.0028688452625577343,V,T,F,0.002376829531352237,False
A_context_s231303,A,context,231303,train,19,50,6kys,T,0.00031436478912247394,0.00022611957957656826,G,0.3140350877192983,True,0.0,0.3333333333333333,0.2,0.01593887736819318,0.017730335279471564,0.2982456140350877,False,0.00022401688911902196,0.3333333333333333,0.2,0.01581523512087669,0.01747570186863117,0.3333333333333333,True,0.0,0.3333333333333333,0.2,0.015877056244534934,0.0175062255794473,0.0,0.0021634863525202552,0.0021634863525202552,0.00022401688911902196,G,K,G,0.00022401688911902196,False
A_context_s231303,A,context,231303,train,20,65,1ji5,A,0.0002265574379600205,0.0002196831111434305,D,0.0,False,0.0012234875595556471,0.0,0.2,0.012966925288886716,0.015051825070735459,0.06842105263157894,False,0.0006038649888911451,0.0,0.2,0.01304089732333383,0.01485007055794406,0.06140350877192983,False,0.0007654649986433143,0.0,0.2,0.013003911306110272,0.01492811502478988,0.00030744243773098145,-0.0012384990023184134,-0.0015459414400493948,0.0006038649888911451,D,M,S,0.0002964225511601637,True
A_context_s231303,A,context,231303,train,20,11,1ji5,D,0.0016449491850344447,0.0011232208493620716,P,0.07543859649122807,False,0.002092166095790174,0.0,0.2,0.03402740619267064,0.040557973137651304,0.015789473684210527,False,0.0018434081255217089,0.0,0.2,0.03354396369275657,0.04014683827260389,0.0456140350877193,False,0.0017301891048579834,0.0,0.2,0.033785684942713605,0.040338654777233585,0.0008125665754126349,0.00031780451319499137,-0.0004947620622176435,0.0018434081255217089,P,K,W,0.001030841550109074,True
A_context_s231303,A,context,231303,train,20,34,1ji5,L,0.0003379960297551368,0.00016362907880342295,D,0.7701754385964912,False,0.0046360922634320414,0.3333333333333333,0.6,0.01604113926228652,0.018384668334107547,0.6631578947368422,False,0.005230017972119576,0.3333333333333333,0.6,0.016023501820647414,0.01826945609633406,0.7228070175438598,False,0.004933055117775809,0.3333333333333333,0.6,0.016032320541466964,0.018296618486099887,0.005230017972119576,-0.004737832384103843,-0.00996785035622342,0.005230017972119576,D,W,W,0.0,True
A_context_s231303,A,context,231303,train,20,47,1ji5,T,0.0002124174608739008,0.00015067418825401063,N,-0.21052631578947367,False,0.002110764608263968,0.0,0.2,0.012263854606454568,0.014574548393480356,-0.1824561403508772,False,0.0010038331267123446,0.0,0.0,0.012542890497175704,0.014991273243746443,-0.20350877192982456,False,0.001433539374526449,0.0,0.2,0.012403372551815133,0.014773731705091246,0.0007563141407889301,-0.0004986532830546925,-0.0012549674238436226,0.0010038331267123446,N,H,D,0.0002475189859234145,True
A_context_s231303,A,context,231303,train,21,8,6qyy,A,0.0008563452143432647,0.0008262865667207638,F,0.8789473684210527,True,0.0,0.6666666666666666,0.8,0.020763128725486652,0.029263376673638753,0.83859649122807,True,0.0,0.6666666666666666,0.8,0.027073453696637436,0.03346388947567565,0.9052631578947368,True,0.0,0.6666666666666666,0.8,0.022192320892069402,0.029578496394221658,0.0,-0.14211615137825778,-0.14211615137825778,0.0,F,F,F,0.0,False
A_context_s231303,A,context,231303,train,21,24,6qyy,D,0.0002388203236011573,0.0002373730424432876,A,0.28596491228070176,False,0.0158710807645544,0.0,0.4,0.01153088099989974,0.015453812591110238,0.15789473684210528,False,0.008351420739492743,0.0,0.2,0.012273537935505799,0.015447604355077794,0.24035087719298245,False,0.012111250752023572,0.0,0.4,0.011215373796973216,0.01519446236494552,0.008351420739492743,0.010711651560456892,0.0023602308209641487,0.008351420739492743,A,T,T,0.0,False
A_context_s231303,A,context,231303,train,21,18,6qyy,L,0.0007900215777380613,0.00038246122728891036,R,0.9105263157894736,False,0.012061239255267475,0.6666666666666666,0.8,0.023648316504761114,0.028107322493223386,0.8929824561403509,False,0.010184190623454326,0.6666666666666666,0.8,0.018109393518777817,0.02282326380467433,0.8929824561403509,False,0.0111227149393609,0.6666666666666666,0.8,0.019813587246026637,0.024401903143932993,0.010184190623454326,-0.09220001401587402,-0.10238420463932835,0.010184190623454326,R,K,K,0.0,True
A_context_s231303,A,context,231303,train,21,5,6qyy,T,0.0003913707625436345,0.00029975721298956164,E,0.5614035087719299,False,0.0033527288723789184,0.6666666666666666,0.6,0.015061193882616734,0.019783092845751762,0.612280701754386,True,0.0,0.6666666666666666,0.8,0.020739298941428095,0.025077247411062965,0.6210526315789473,True,0.0,0.6666666666666666,0.8,0.017058474794198898,0.02192450102474888,-0.007661396192755576,-0.030483442013996387,-0.02282204582124081,0.0,E,E,Q,0.007661396192755576,False
A_context_s231303,A,context,231303,train,22,140,3nbc,A,0.0003517291363586184,0.0003476850560199262,P,-0.07192982456140351,False,0.01300853021912976,0.3333333333333333,0.2,0.013330101322300123,0.018754443109797167,-0.03859649122807017,False,0.013114433737676068,0.0,0.2,0.012409962205331006,0.017267760564144394,-0.02982456140350877,False,0.012749594588320673,0.3333333333333333,0.2,0.012870031763815563,0.017948130674298426,0.010721913017250728,0.003322063018141308,-0.00739984999910942,0.013114433737676068,P,C,Y,0.0023925207204253396,True
A_context_s231303,A,context,231303,train,22,119,3nbc,D,0.000547581595477182,0.0005318698413777019,R,-0.34912280701754383,False,0.005516066641044481,0.0,0.0,0.019451806137904683,0.023400461437270464,-0.20877192982456141,False,0.004406315363722463,0.0,0.0,0.017890462922550896,0.022445872121427943,-0.2719298245614035,False,0.004961191002383472,0.0,0.0,0.018668482839681113,0.022854039726320708,0.004406315363722463,-0.0006313176125987974,-0.00503763297632126,0.004406315363722463,R,C,C,0.0,True
A_context_s231303,A,context,231303,train,22,77,3nbc,L,0.0005173549048043848,0.0001873058589962909,N,-0.2596491228070175,False,0.010000639993747867,0.0,0.2,0.01931112960081839,0.022745437010626653,-0.4526315789473684,False,0.005648783423343046,0.0,0.2,0.019929724726275206,0.023308013718329364,-0.40350877192982454,False,0.007824711708545457,0.0,0.2,0.019549786920877,0.02300007117000298,0.005648783423343046,0.004997712870724175,-0.0006510705526188709,0.005648783423343046,N,M,M,0.0,True
A_context_s231303,A,context,231303,train,22,5,3nbc,T,0.0009086302341012187,0.0008796240776860603,Q,0.37543859649122807,False,0.015906728174820667,0.3333333333333333,0.4,0.023516990529288222,0.03014349405926955,0.4333333333333333,False,0.010539013214059728,0.3333333333333333,0.6,0.024736817147708232,0.03188962110869805,0.38245614035087716,False,0.013222870694440197,0.3333333333333333,0.6,0.024003111326963433,0.030901203843897277,0.010539013214059728,-0.01921538540105361,-0.029754398615113337,0.010539013214059728,Q,L,L,0.0,False
A_context_s231303,A,context,231303,train,23,2,3i07,A,0.00042290761591728954,0.00042121500067318575,G,0.8070175438596491,True,0.0,0.6666666666666666,1.0,0.017542061305017127,0.02056471774465406,0.7333333333333334,True,0.0,1.0,0.6,0.038768205073821636,0.046824018217078225,0.8017543859649122,True,0.0,1.0,1.0,0.024405591528600678,0.028244678802320577,0.0,-0.18923668094611176,-0.18923668094611176,0.0,G,G,G,0.0,False
A_context_s231303,A,context,231303,train,23,137,3i07,D,0.00017595629407572558,0.0001758684473585054,M,0.7,False,0.027851930301261596,0.0,0.4,0.010642932908482361,0.01326485183014592,0.6596491228070176,False,0.050255812689373236,0.0,0.4,0.018486242337459095,0.0223247024639617,0.6894736842105263,False,0.039053871495317416,0.0,0.4,0.014353638576713486,0.0171168501361991,0.050255812689373236,0.018423280007640763,-0.03183253268173247,0.050255812689373236,M,W,W,0.0,False
A_context_s231303,A,context,231303,train,23,69,3i07,L,0.0013355720321029654,0.0010986864452887754,W,0.625713092267661,False,0.08640344286629648,0.3333333333333333,0.6,0.029213422625477742,0.03654547895571989,0.3650724353202623,False,0.050254603250727614,0.3333333333333333,0.4,0.029842973749539637,0.03667822404545533,0.544098341102314,False,0.06832902305851205,0.3333333333333333,0.6,0.029113205097386317,0.035001943465877434,0.050254603250727614,0.02200690080074169,-0.028247702449985923,0.050254603250727614,W,M,M,0.0,False
A_context_s231303,A,context,231303,train,23,120,3i07,T,0.000756596692484428,0.0007151770423096555,G,0.7824561403508771,False,0.005284590915011933,0.6666666666666666,0.8,0.022300881620799403,0.02750630277744408,0.6105263157894737,False,0.012558237817547946,0.3333333333333333,0.8,0.03223068706602871,0.03772239412404988,0.7543859649122807,False,0.00892141436627994,0.6666666666666666,0.8,0.01924768406404499,0.026033677043017612,0.012558237817547946,-0.03287737131480545,-0.045435609132353394,0.012558237817547946,G,M,M,0.0,False
A_context_s231303,A,context,231303,train,24,85,1aa0,A,0.003466036357208035,0.002451270833748787,P,0.9929824561403509,True,0.0,1.0,1.0,0.04976597020736808,0.0588730528952596,0.8596491228070176,False,0.2312789945991156,1.0,0.8,0.4069480442011706,0.5600665530337309,0.9666666666666668,True,0.0,1.0,0.8,0.21431710505280854,0.2871390569337958,0.0,-2.2343677511091418,-2.2343677511091418,0.2312789945991156,P,V,P,0.2312789945991156,False
A_context_s231303,A,context,231303,train,24,78,1aa0,D,0.009006599871593902,0.0062016715110577774,Q,0.9982456140350877,True,0.0,1.0,1.0,0.06630535873659404,0.09490310780787899,0.6894736842105263,False,0.1479298180465225,0.0,0.4,0.35689153398913587,0.41378509891528226,0.9614035087719298,False,0.0001411238023782957,0.6666666666666666,0.8,0.2063549857057797,0.2470537980135193,0.0,-0.08966371946009843,-0.08966371946009843,0.1479298180465225,Q,M,Q,0.1479298180465225,False
A_context_s231303,A,context,231303,train,24,75,1aa0,L,0.011089651742399571,0.008916090772670816,R,0.9929824561403509,True,0.0,1.0,0.8,0.08067855603172924,0.10530741541980589,0.8701754385964912,True,0.0,0.6666666666666666,0.8,0.27774835752816945,0.4373096225877089,0.9719298245614034,True,0.0,0.6666666666666666,0.8,0.14020169395133833,0.24356588332421059,0.0,-0.7263051066692903,-0.7263051066692903,0.0,R,R,R,0.0,False
A_context_s231303,A,context,231303,train,24,30,1aa0,T,0.0016037227561493137,0.001594825051214013,N,0.9210526315789472,False,0.026583219702725813,0.6666666666666666,0.8,0.0330853137398902,0.040046507415120655,0.7684210526315789,False,0.3497561672072287,0.0,0.4,0.19620685096447832,0.23902441222435497,0.9070175438596491,False,0.18816969345497725,0.3333333333333333,0.8,0.09940563961499495,0.1273101721302644,0.3497561672072287,-0.1701826558883912,-0.5199388230956199,0.3497561672072287,N,P,P,0.0,False
A_context_s231303,A,context,231303,train,25,61,6o2k,A,0.00021212543325192996,0.00021210146589720257,R,0.9894736842105263,True,0.0,1.0,1.0,0.010874895551821938,0.014564526537170028,0.9771929824561404,True,0.0,0.6666666666666666,1.0,0.04032656815811244,0.05079073658165101,0.9842105263157893,True,0.0,0.6666666666666666,1.0,0.021573710637568945,0.02836510627014954,0.0,-0.1735553784802687,-0.1735553784802687,0.0,R,R,R,0.0,False
A_context_s231303,A,context,231303,train,25,51,6o2k,D,0.0006496165176014871,0.0003415605476328336,W,0.9859649122807018,True,0.0,1.0,1.0,0.022289350955322116,0.025487575749793996,0.9122807017543859,True,0.0,1.0,0.8,0.05062595985891014,0.07013444787455406,0.9666666666666668,True,0.0,1.0,0.8,0.03416047850949582,0.044962223546108654,0.0,-0.10223056995956947,-0.10223056995956947,0.0,W,W,W,0.0,False
A_context_s231303,A,context,231303,train,25,63,6o2k,L,0.001969421201838374,0.0009059588726504548,S,0.987719298245614,True,0.0,0.6666666666666666,1.0,0.03562335526675742,0.0443781613165572,0.9543859649122807,True,0.0,0.6666666666666666,0.8,0.05864475562894769,0.06642434717208584,0.975438596491228,True,0.0,0.6666666666666666,1.0,0.045970695270825146,0.05333445453101798,0.0,-0.24407208882206521,-0.24407208882206521,0.0,S,S,S,0.0,False
A_context_s231303,A,context,231303,train,25,97,6o2k,T,0.0013809879749187412,0.0013220545673354445,N,0.9175438596491228,True,0.0,0.6666666666666666,0.6,0.027066325849093274,0.03716164655822911,0.8368421052631579,False,0.022339404816190678,0.6666666666666666,0.6,0.03584168759267264,0.04676581018680983,0.8964912280701753,False,0.004825606168791019,0.6666666666666666,0.6,0.030262350349756176,0.03935437338265649,0.0,-0.10692487950180651,-0.10692487950180651,0.022339404816190678,N,M,N,0.022339404816190678,False
A_context_s231303,A,context,231303,train,26,6,3fhk,A,0.0007983327195093991,0.0007969733814934722,W,0.8578947368421052,True,0.0,0.6666666666666666,0.6,0.022743698636206205,0.028254782241408254,0.8105263157894737,True,0.0,0.3333333333333333,0.6,0.021705663651332828,0.027845370232200177,0.8228070175438595,True,0.0,0.6666666666666666,0.6,0.022159167094290767,0.027924529388908326,0.0,-0.025609451815839318,-0.025609451815839318,0.0,W,W,W,0.0,False
A_context_s231303,A,context,231303,train,26,143,3fhk,D,0.00039709150690071197,0.0002128782077337715,E,0.3192982456140351,False,0.0063524701886428225,0.0,0.2,0.015815507182825827,0.01992715501271348,0.12982456140350876,False,0.009830408910970562,0.0,0.2,0.01882853334603585,0.02279446108215424,0.28947368421052627,False,0.007825993735200473,0.0,0.2,0.01716455219380554,0.021297677508361295,0.0073753514844392964,-0.0042332389577574014,-0.011608590442196698,0.009830408910970562,E,Q,K,0.0024550574265312652,False
A_context_s231303,A,context,231303,train,26,14,3fhk,L,0.0039231223700360975,0.003910122156016822,E,0.6964912280701754,False,0.026846083462884085,0.3333333333333333,0.4,0.035779742050659404,0.06263483351966458,0.6473684210526316,False,0.010020873576326389,0.6666666666666666,0.4,0.03749136081967218,0.06319633898173223,0.6736842105263158,False,0.016082393182242943,0.6666666666666666,0.4,0.03617665045451932,0.06267099533066557,0.005318702901601802,-0.045365593116692304,-0.050684296018294106,0.010020873576326389,E,Q,A,0.004702170674724587,False
A_context_s231303,A,context,231303,train,26,23,3fhk,T,0.0006797031002603159,0.000646982501928083,I,0.38421052631578945,False,0.049467437858361274,0.3333333333333333,0.6,0.018991202381476533,0.026071116206643628,0.32631578947368417,False,0.059331770646042864,0.3333333333333333,0.6,0.02128672051336969,0.027707408907463732,0.3385964912280702,False,0.05439960425220207,0.3333333333333333,0.6,0.02013896144742311,0.026605804608417567,0.059331770646042864,0.009085224428310334,-0.05024654621773253,0.059331770646042864,I,W,W,0.0,False
A_context_s231303,A,context,231303,development,27,68,1xko,A,0.0031640597897771823,0.002144214690664993,F,-0.5263157894736842,False,0.04359051757320724,0.0,0.0,0.049010961856834456,0.05624997590912535,-0.531578947368421,False,0.040564086417882936,0.0,0.0,0.05804486845065814,0.06776436829073634,-0.556140350877193,False,0.04207730199554509,0.0,0.0,0.053399827208737705,0.06173327279415148,0.040564086417882936,0.02972867944883928,-0.010835406969043657,0.040564086417882936,F,S,S,0.0,True
A_context_s231303,A,context,231303,development,27,149,1xko,D,0.02525426698355152,0.007376043319268583,L,0.28596491228070176,False,0.013397405484250308,0.3333333333333333,0.4,0.1377721912457904,0.1589159116751734,0.30701754385964913,False,0.01562778725341711,0.3333333333333333,0.4,0.12708628924768411,0.14978951774960186,0.26842105263157895,False,0.014476833633358076,0.3333333333333333,0.4,0.13242924024673722,0.15428263206455453,0.015556261782465844,0.009963177930246994,-0.00559308385221885,0.01562778725341711,L,H,N,7.152547095126693e-05,True
A_context_s231303,A,context,231303,development,27,87,1xko,L,0.002170843943971455,0.0018646444750831045,E,0.4070175438596491,False,0.014266800701691298,0.0,0.4,0.03971026909525165,0.04659231636194379,-0.06491228070175438,False,0.002467968496586176,0.0,0.4,0.040446868217651935,0.04794638352463389,0.3701754385964912,False,0.007462825205552512,0.0,0.4,0.04007856865645179,0.047220525252483006,0.0006588497094137252,-0.0009615399077086556,-0.0016203896171223808,0.002467968496586176,E,W,H,0.0018091187871724507,False
A_context_s231303,A,context,231303,development,27,47,1xko,T,0.0035653338503436657,0.0035553795157880616,D,0.2070175438596491,False,0.03119498390233666,0.3333333333333333,0.4,0.04175078535283891,0.059710416598309425,0.2614035087719298,False,0.018342356668570106,0.3333333333333333,0.4,0.043493592486349784,0.06468245349455459,0.22807017543859648,False,0.024768670285453383,0.3333333333333333,0.4,0.042305687676754244,0.06192631303941576,0.018342356668570106,0.004650223245002236,-0.01369213342356787,0.018342356668570106,D,V,V,0.0,True
A_context_s231303,A,context,231303,development,28,25,4lr3,A,0.26810737224826775,0.09318017629793228,Q,0.1456140350877193,False,0.8023508401575037,0.0,0.2,0.47965870998603694,0.5177908576329517,0.13333333333333333,False,1.0391141807579842,0.0,0.4,0.654336657429732,0.7103705265230139,0.1456140350877193,False,0.920732510457744,0.0,0.2,0.5627078470172497,0.6114739660693636,1.0391141807579842,0.03351444698190331,-1.005599733776081,1.0391141807579842,Q,H,H,0.0,False
A_context_s231303,A,context,231303,development,28,120,4lr3,D,0.15021144909328288,0.11064284292413236,Y,0.4350877192982456,True,0.0,0.3333333333333333,0.4,0.3109863435969223,0.38757121809195644,0.4789473684210526,False,0.19206002974082947,0.3333333333333333,0.6,0.3471796059738959,0.43656057207708576,0.46315789473684205,False,0.06856178924918388,0.3333333333333333,0.6,0.3228904401118265,0.40719640690626024,0.0,-0.6344947091182718,-0.6344947091182718,0.19206002974082947,Y,A,Y,0.19206002974082947,False
A_context_s231303,A,context,231303,development,28,10,4lr3,L,1.0870347677569887,0.22756322513308042,P,-0.3368421052631579,False,1.5991398458367576,0.0,0.0,1.0041350807810485,1.0426095950819696,-0.2982456140350877,False,1.5831744051922834,0.0,0.2,1.0082669247495957,1.054433599342272,-0.30877192982456136,False,1.5911571255145205,0.0,0.0,1.0062010027653223,1.0466108606429214,1.5831744051922834,0.22686895518733108,-1.3563054500049523,1.5831744051922834,P,C,C,0.0,False
A_context_s231303,A,context,231303,development,28,3,4lr3,T,1.6385460789405486,1.3561981296713288,P,-0.25789473684210523,False,1.8024556045879954,0.0,0.0,0.9245133440116439,1.2800570608143016,-0.29473684210526313,False,1.4736844762555066,0.0,0.0,0.6962601220010317,1.1051033832745514,-0.30350877192982456,False,1.638070040421751,0.0,0.0,0.8040407192910777,1.1833460471957227,1.4736844762555066,0.6605768310553217,-0.8131076452001849,1.4736844762555066,P,F,F,0.0,False
A_context_s231303,A,context,231303,train,29,44,3lzq,A,0.0004940941714016628,0.00047115194041466444,V,0.6228070175438596,True,0.0,0.6666666666666666,0.6,0.019103534158542535,0.02222822915577538,0.6333333333333333,True,0.0,0.6666666666666666,0.6,0.024146137135983913,0.02802903359909306,0.6333333333333333,True,0.0,0.6666666666666666,0.6,0.021607144281426457,0.024515486671085253,0.0,0.03851216259963042,0.03851216259963042,0.0,V,V,V,0.0,False
A_context_s231303,A,context,231303,train,29,90,3lzq,D,0.0006048350268333516,0.0006039185431070852,N,0.956140350877193,False,0.02974409875532741,0.6666666666666666,0.8,0.018809566580671306,0.024593393967351305,0.9508771929824561,False,0.05196758761432674,0.3333333333333333,0.8,0.022894886744636644,0.0310494519390344,0.9543859649122807,False,0.04085584318482707,0.6666666666666666,0.8,0.020847139023847862,0.02747243163321742,0.05196758761432674,-0.01744975035492463,-0.06941733796925137,0.05196758761432674,N,C,C,0.0,False
A_context_s231303,A,context,231303,train,29,49,3lzq,L,0.001661849560056889,0.001527325645151812,S,0.8684210526315789,False,0.041227643017891585,0.3333333333333333,1.0,0.03101427296502094,0.04076578908909883,0.8982456140350877,False,0.04856630776623805,0.3333333333333333,1.0,0.041137653196997054,0.052332850081943806,0.8736842105263157,False,0.04489697539206483,0.3333333333333333,1.0,0.033245241822609295,0.04394891346078115,0.04856630776623805,-0.17813893752803894,-0.226705245294277,0.04856630776623805,S,A,A,0.0,False
A_context_s231303,A,context,231303,train,29,74,3lzq,T,0.0005398888054964278,0.0004888495449657246,H,0.6736842105263158,False,0.028926531587363885,0.3333333333333333,0.6,0.01940275626641605,0.02323550742928649,0.6807017543859648,False,0.05709547008595095,0.3333333333333333,0.8,0.024594621300699532,0.030720051599585855,0.6596491228070176,False,0.04301100083665742,0.3333333333333333,0.6,0.021760363632250285,0.02649204594871479,0.05709547008595095,-0.045170326202682964,-0.10226579628863391,0.05709547008595095,H,W,W,0.0,False
A_context_s231303,A,context,231303,train,30,122,2zvy,A,0.0009752020661329147,0.0007127697232343002,Y,0.8157894736842105,True,0.0,0.6666666666666666,0.6,0.026204624588352644,0.031228225472045554,0.8298245614035088,True,0.0,0.6666666666666666,0.6,0.03081088602837042,0.03757842798228553,0.8473684210526315,True,0.0,0.6666666666666666,0.6,0.028365354427297134,0.034004649090000595,0.0,-0.06980583689609304,-0.06980583689609304,0.0,Y,Y,Y,0.0,False
A_context_s231303,A,context,231303,train,30,44,2zvy,D,0.0005030402572258888,0.0004658970281199992,Y,0.5807017543859649,True,0.0,1.0,0.6,0.016689251205999657,0.022428558964540917,0.4403508771929824,False,0.003920189479264424,0.3333333333333333,0.4,0.020015865304070395,0.025800433310640036,0.5614035087719299,True,0.0,0.6666666666666666,0.6,0.018009058753689564,0.023555923632522832,0.0,-0.0412966105973811,-0.0412966105973811,0.003920189479264424,Y,K,Y,0.003920189479264424,False
A_context_s231303,A,context,231303,train,30,17,2zvy,L,0.0015167662245007803,0.0009179991515754797,P,0.9245614035087718,True,0.0,0.3333333333333333,0.8,0.02847059361554,0.03894568300210924,0.8614035087719297,True,0.0,0.3333333333333333,0.6,0.04753397431568946,0.06292063046218971,0.9122807017543859,True,0.0,0.3333333333333333,0.8,0.037360669047288915,0.04996879019056293,0.0,-0.006699436427856087,-0.006699436427856087,0.0,P,P,P,0.0,False
A_context_s231303,A,context,231303,train,30,146,2zvy,T,0.0004206902453195622,0.0004160000274488451,R,0.3596491228070175,True,0.0,0.6666666666666666,0.6,0.016726081951839916,0.02051073488004665,0.26666666666666666,True,0.0,0.6666666666666666,0.6,0.02172388799711843,0.025631280874434607,0.3456140350877193,True,0.0,1.0,0.6,0.018572232178677494,0.02095337499238937,0.0,-0.05985499983112513,-0.05985499983112513,0.0,R,R,R,0.0,False
A_context_s231303,A,context,231303,train,31,39,4reu,A,0.00047131740101270965,0.00046812602957069146,G,-0.06666666666666667,False,0.00318585601789495,0.0,0.4,0.016154637955551072,0.021709845716004286,-0.29473684210526313,False,0.004489677109959664,0.0,0.4,0.015777598948846547,0.021633937739559836,-0.20526315789473687,False,0.0037893824849174057,0.0,0.4,0.015942100161885558,0.02162818088395143,0.004392908951939861,0.004623409267137307,0.00023050031519744607,0.004489677109959664,G,D,I,9.676815801980265e-05,True
A_context_s231303,A,context,231303,train,31,137,4reu,D,0.00024120109941739212,0.00012151027714564613,R,0.18947368421052632,False,5.435000171262472e-05,0.3333333333333333,0.6,0.012209730258191867,0.015530650321779579,0.2508771929824561,True,0.0,0.3333333333333333,0.4,0.012159368463917797,0.015415432556706967,0.21228070175438596,True,0.0,0.3333333333333333,0.6,0.01216615467327249,0.015447204707442706,-0.0015008936899935238,-0.005818679910051999,-0.0043177862200584755,0.0,R,R,K,0.0015008936899935238,True
A_context_s231303,A,context,231303,train,31,149,4reu,L,0.000811185895462269,0.0007949926424579628,P,0.40877192982456134,False,0.033373429099337965,0.0,0.4,0.020638859752864714,0.028481325381068012,0.3719298245614035,False,0.039264262017730915,0.0,0.4,0.02100065474888964,0.02968590291830788,0.3666666666666667,False,0.03631884555853444,0.0,0.4,0.02031642838195351,0.028675044878567188,0.039264262017730915,0.024806666731781668,-0.014457595285949247,0.039264262017730915,P,R,R,0.0,True
A_context_s231303,A,context,231303,train,31,62,4reu,T,0.0003626720471213549,0.00031517512863727775,N,-0.08596491228070174,False,0.003882556372919982,0.0,0.2,0.015255102033376612,0.019043950407448423,-0.09473684210526316,False,0.0017005832899891216,0.0,0.2,0.015180710793233413,0.01888024974595791,-0.15614035087719297,False,0.0027915698314545517,0.0,0.0,0.015179711078867368,0.018955218960987147,0.0017005832899891216,-0.00021003194126864577,-0.0019106152312577673,0.0017005832899891216,N,E,E,0.0,True
A_context_s231303,A,context,231303,train,32,114,6mvm,A,0.00012382738791906923,0.0001238207531469834,S,-0.02280701754385965,False,0.0015888846624069405,0.0,0.2,0.008800624835348728,0.011127775515307147,-0.14385964912280702,False,0.004438978157304839,0.0,0.2,0.008789631272638104,0.011309834701583355,-0.06315789473684211,False,0.0030008797674239193,0.0,0.2,0.00872175499516277,0.011193513726661844,0.0017463700516346728,0.001205302733887928,-0.0005410673177467448,0.004438978157304839,S,G,H,0.002692608105670166,True
A_context_s231303,A,context,231303,train,32,39,6mvm,D,0.00018164857403190683,0.00017266702298552092,G,0.5771929824561403,False,0.014510742516328178,0.0,0.4,0.01036035204057325,0.013477706556825862,0.5526315789473685,False,0.014103438605921597,0.0,0.4,0.010294914481063367,0.013714107569069905,0.5807017543859649,False,0.014307090561124888,0.0,0.4,0.010310108177768946,0.013578428906682729,0.014103438605921597,0.004111528834373081,-0.009991909771548516,0.014103438605921597,G,K,K,0.0,True
A_context_s231303,A,context,231303,train,32,29,6mvm,L,0.0005133309681109715,0.0005131374157918545,E,0.06140350877192983,False,0.026956257539515676,0.0,0.2,0.01877408419128952,0.022656808427291154,0.07017543859649124,False,0.02727685977076813,0.0,0.2,0.018517214117205368,0.022628747228801965,0.042105263157894736,False,0.026699045218205236,0.0,0.2,0.01864564915424744,0.022632106498915994,0.026441832896894796,0.010588230045218458,-0.01585360285167634,0.02727685977076813,E,Y,F,0.0008350268738733339,True
A_context_s231303,A,context,231303,train,32,88,6mvm,T,0.0005015325095459437,0.00045276443170589486,I,-0.22807017543859648,False,0.004779682739834153,0.0,0.4,0.01676189955627704,0.022394921512386323,-0.3017543859649123,False,0.007642415356206571,0.0,0.4,0.0171258495864982,0.022896956407949188,-0.26491228070175443,False,0.006211049048020362,0.0,0.4,0.01694387457138762,0.02264173099101693,0.007642415356206571,0.0025168136497300403,-0.0051256017064765305,0.007642415356206571,I,R,R,0.0,True
A_context_s231303,A,context,231303,train,33,154,7ebl,A,0.0005677760735052,0.0003719616294663197,P,0.9982456140350877,True,0.0,1.0,1.0,0.017478127023586865,0.023828052239014418,-0.3192982456140351,False,1.2405702745388352,0.0,0.0,0.40416484561732646,0.5261904072355352,0.14210526315789473,False,0.22891043953806545,0.3333333333333333,0.4,0.19915460424764583,0.2637843977841772,0.0,0.47489222492369976,0.47489222492369976,1.2405702745388352,P,Q,P,1.2405702745388352,False
A_context_s231303,A,context,231303,train,33,104,7ebl,D,0.004095208255129676,0.0016927274309169432,F,0.987719298245614,True,0.0,1.0,1.0,0.05787139685878002,0.06399381419426159,0.46842105263157896,False,0.22195950545745813,0.3333333333333333,0.6,0.8135609737951304,0.8967627680829834,0.8736842105263157,True,0.0,0.6666666666666666,0.8,0.4300851798036082,0.4725348724317284,0.0,-0.09146993815770621,-0.09146993815770621,0.22195950545745813,F,G,F,0.22195950545745813,False
A_context_s231303,A,context,231303,train,33,30,7ebl,L,0.00069422845809065,0.0001666348434731757,P,0.9929824561403509,True,0.0,1.0,1.0,0.02296940605713335,0.026348215463113438,0.13508771929824562,False,0.19469906288340688,0.3333333333333333,0.2,0.4334173103241722,0.5808480237854801,0.5578947368421052,True,0.0,0.6666666666666666,0.6,0.20864926879197632,0.2851015955525773,0.0,-1.1611927576991032,-1.1611927576991032,0.19469906288340688,P,E,P,0.19469906288340688,False
A_context_s231303,A,context,231303,train,33,108,7ebl,T,0.00042670160085040945,0.00041909203253316093,I,0.9912280701754386,False,0.01581031275230238,1.0,1.0,0.015063407554351977,0.02065675678441341,0.4052631578947368,False,0.18338150768008,0.0,0.2,0.5707204469029078,0.6745569273728245,0.9017543859649122,True,0.0,0.6666666666666666,0.6,0.284355692359436,0.33526599530164825,-0.14266708232504488,0.1635708806489209,0.30623796297396577,0.18338150768008,I,P,L,0.32604859000512487,False
A_context_s231303,A,context,231303,train,34,94,4wfq,A,0.00023851059097069926,0.00010852688733351013,D,0.45964912280701753,False,0.0008335988966904281,0.3333333333333333,0.4,0.012458872497769918,0.015443788103010843,0.3929824561403509,False,0.002322385228847791,0.0,0.4,0.012224219607396654,0.015179879903436172,0.4298245614035088,False,0.0015779920627691096,0.0,0.4,0.012341546052583287,0.015306958141399724,0.002322385228847791,-0.00786585149917067,-0.010188236728018461,0.002322385228847791,D,F,F,0.0,False
A_context_s231303,A,context,231303,train,34,75,4wfq,D,0.00043091257974456023,0.0004308647104217002,P,-0.4456140350877193,False,0.008085202859635446,0.0,0.2,0.016828802123238926,0.02075843394248613,-0.31052631578947365,False,0.009254368159603343,0.0,0.4,0.01656481526488639,0.020667712485064067,-0.38070175438596493,False,0.008669785509619395,0.0,0.2,0.016650061610025767,0.020702073560666986,0.009254368159603343,0.010197873397378904,0.0009435052377755604,0.009254368159603343,P,E,E,0.0,False
A_context_s231303,A,context,231303,train,34,189,4wfq,L,0.00021728928380909841,0.00017601331988489444,G,0.3140350877192983,False,0.010953013832053854,0.3333333333333333,0.6,0.011103769050323283,0.014740735524698163,0.23157894736842102,False,0.007065977869543119,0.3333333333333333,0.4,0.0116233412603236,0.014622133197157947,0.27017543859649124,False,0.009009495850798487,0.3333333333333333,0.4,0.01131008629117464,0.01464499673502054,0.007065977869543119,0.006764865751107685,-0.0003011121184354343,0.007065977869543119,G,W,W,0.0,False
A_context_s231303,A,context,231303,train,34,122,4wfq,T,0.0003213421782114829,0.0001862580285063502,N,0.02631578947368421,False,0.004445377404670547,0.6666666666666666,0.4,0.014956318616478708,0.017926019586385677,-0.12105263157894736,False,0.0043091698006305496,0.6666666666666666,0.4,0.015820375109942678,0.019032355858004456,-0.06666666666666667,False,0.0043772736026505485,0.6666666666666666,0.4,0.015388346863210696,0.018466100626442106,0.0043091698006305496,0.002387019087237263,-0.0019221507133932864,0.0043091698006305496,N,P,P,0.0,False
A_context_s231303,A,context,231303,train,35,75,1s8a,A,0.00023630853913241304,0.00023002706619498328,Y,0.8591488321599442,True,0.0,0.3333333333333333,0.8,0.012375008971976886,0.015372330309111011,0.21939449237996528,False,0.008575544806521007,0.3333333333333333,0.6,0.04515955783597698,0.052687710100210026,0.6283458261762207,True,0.0,0.3333333333333333,0.8,0.02591931587669307,0.029735791680567423,0.0,-0.012697323444417319,-0.012697323444417319,0.008575544806521007,Y,V,Y,0.008575544806521007,True
A_context_s231303,A,context,231303,train,35,70,1s8a,D,0.0007557543080881385,0.0007443644551683294,Y,0.8842105263157896,True,0.0,0.6666666666666666,0.8,0.0199667940678369,0.02749098594245282,0.6789473684210526,True,0.0,0.6666666666666666,0.4,0.02440132809376745,0.028319673770895542,0.7894736842105263,True,0.0,0.6666666666666666,0.6,0.018991832581876908,0.02491157190325532,0.0,-0.055508901206180905,-0.055508901206180905,0.0,Y,Y,Y,0.0,True
A_context_s231303,A,context,231303,train,35,76,1s8a,L,0.0007153084929611001,0.0005589859590542266,R,0.7070175438596492,True,0.0,0.3333333333333333,0.6,0.020581902630872347,0.026745251783468035,0.5719298245614035,False,0.017788534937775824,0.3333333333333333,0.4,0.03416665809251682,0.0402649980459047,0.712280701754386,True,0.0,0.3333333333333333,0.4,0.0246730576222646,0.02967033513268038,0.0,-0.0397586993357128,-0.0397586993357128,0.017788534937775824,R,C,R,0.017788534937775824,True
A_context_s231303,A,context,231303,train,35,6,1s8a,T,0.000875768056004136,0.00032429780168887227,S,0.9122807017543859,False,0.010387201177664507,1.0,0.8,0.026526422756557342,0.029593378583800397,0.8333333333333334,False,0.02418905362001461,0.3333333333333333,0.6,0.07424381877514445,0.1124144170227307,0.9017543859649122,False,0.01683314448567841,1.0,0.8,0.046123159869611075,0.0599166545799694,-0.0034135763114911954,0.03730109063017917,0.04071466694167036,0.02418905362001461,S,K,M,0.027602629931505807,True
A_context_s231303,A,context,231303,train,36,56,1qsm,A,0.0003641585239925484,0.00029222769184573624,S,0.9929824561403509,True,0.0,1.0,1.0,0.014832906674148976,0.01908293803355627,0.9701754385964911,True,0.0,1.0,1.0,0.056180236854354845,0.06888918340827643,0.9824561403508772,True,0.0,1.0,1.0,0.033589607021009146,0.04123401675083155,0.0,-0.6090978230334028,-0.6090978230334028,0.0,S,S,S,0.0,False
A_context_s231303,A,context,231303,train,36,26,1qsm,D,0.00042083931635439467,0.0004201047875149397,P,0.8775779695198611,True,0.0,0.6666666666666666,0.8,0.014008535992220504,0.020514368534137108,0.8389645388609873,True,0.0,0.6666666666666666,0.8,0.028066977421848424,0.032542957481228936,0.8758228135808216,True,0.0,0.6666666666666666,0.8,0.017785495367033506,0.023282481299883716,0.0,-0.12418978772562034,-0.12418978772562034,0.0,P,P,P,0.0,False
A_context_s231303,A,context,231303,train,36,45,1qsm,L,0.00035354525054336766,0.00025123121712378145,S,0.9543859649122807,False,0.042571324859747406,1.0,0.8,0.014450706479534071,0.018802799008215975,0.9385964912280702,False,0.04398695310620765,1.0,0.8,0.044288288702410986,0.04770072211133593,0.956140350877193,False,0.04327913898297753,1.0,0.8,0.027201664331877495,0.0317115811045004,0.04398695310620765,-0.1224515899910798,-0.16643854309728745,0.04398695310620765,S,A,A,0.0,False
A_context_s231303,A,context,231303,train,36,116,1qsm,T,0.00028515156840239035,0.0001836917970473678,G,0.975438596491228,True,0.0,1.0,1.0,0.01305975158929059,0.01688643148810282,0.9491228070175438,True,0.0,0.6666666666666666,0.8,0.02318278765193081,0.02752377650289114,0.9684210526315788,True,0.0,1.0,1.0,0.016253284852664453,0.019387871373828636,0.0,-0.1126299307197785,-0.1126299307197785,0.0,G,G,G,0.0,False
A_context_s231303,A,context,231303,train,37,25,4cl6,A,0.0008744638496139103,0.0008590140073572081,V,0.7,False,0.011337731136648946,0.6666666666666666,0.4,0.023495226747677008,0.029571334931211852,0.7,False,0.01229450060167915,0.6666666666666666,0.4,0.02495455073942184,0.031104676688627826,0.6947368421052632,False,0.011816115869164048,0.6666666666666666,0.4,0.024224888743549423,0.030327271936801597,0.01229450060167915,-0.008422728682989572,-0.020717229284668723,0.01229450060167915,V,W,W,0.0,False
A_context_s231303,A,context,231303,train,37,83,4cl6,D,0.00021406354052764734,0.00013653263489864576,H,0.04385964912280702,False,0.007506693270919115,0.0,0.2,0.012556540323894522,0.014630910447666862,-0.08771929824561404,False,0.007739296718510882,0.0,0.2,0.013603340781962108,0.01614466221309617,-0.03684210526315789,False,0.007170202212352185,0.0,0.2,0.013055486815992239,0.015351302619861394,0.006826787612549359,-0.0015780709425660122,-0.008404858555115371,0.007739296718510882,H,Q,G,0.0009125091059615231,False
A_context_s231303,A,context,231303,train,37,12,4cl6,L,0.0003788009924578714,0.0002264076202609336,A,0.18771929824561404,False,0.01019649850431266,0.3333333333333333,0.4,0.016243660440367808,0.01946281049740431,0.1824561403508772,False,0.011267772909002549,0.3333333333333333,0.4,0.016305576128161345,0.019622182757241643,0.19298245614035087,False,0.010732135706657604,0.3333333333333333,0.4,0.01627461828426457,0.019532399015690788,0.011267772909002549,0.011854438678959328,0.000586665769956779,0.011267772909002549,A,K,K,0.0,False
A_context_s231303,A,context,231303,train,37,1,4cl6,T,0.00018653248892574567,0.00018651751958544837,L,0.7929824561403509,False,0.00595871212728042,0.6666666666666666,0.6,0.011095748031551162,0.013657689736033166,0.8070175438596491,False,0.0023908430240094786,0.6666666666666666,0.6,0.011621688811411544,0.01418921438678943,0.787719298245614,False,0.003787346315000835,0.6666666666666666,0.6,0.011151999831866788,0.013570757575285197,0.0015361807641501232,-0.04739825084694379,-0.04893443161109391,0.0023908430240094786,L,Y,I,0.0008546622598593553,True
A_context_s231303,A,context,231303,train,38,142,1rvv,A,0.00018694983594831307,0.00014930597196396143,Q,0.3017543859649123,False,0.011638425391969465,0.3333333333333333,0.2,0.011548993760993729,0.013672960028768938,0.2982456140350877,False,0.012497217306020096,0.3333333333333333,0.2,0.011537138154797504,0.013953652216180671,0.2789473684210526,False,0.01206782134899478,0.3333333333333333,0.2,0.011543065957895619,0.013751637654123771,0.012497217306020096,0.002587769777850246,-0.00990944752816985,0.012497217306020096,Q,M,M,0.0,False
A_context_s231303,A,context,231303,train,38,48,1rvv,D,0.0003025812399111611,0.0002997358975123406,K,-0.12105263157894736,False,0.0034545236766176865,0.0,0.2,0.013967136016309565,0.017394862457379798,-0.36315789473684207,False,0.007219336183316612,0.0,0.2,0.015000850633802994,0.018655453191184536,-0.3350877192982456,False,0.004042536609110671,0.0,0.2,0.01448399332505628,0.017983275129275868,0.0018456311740103343,0.0034013765183494513,0.001555745344339117,0.007219336183316612,K,V,H,0.005373705009306277,True
A_context_s231303,A,context,231303,train,38,148,1rvv,L,0.00028141148005882805,0.0002710109171357058,D,-0.17391319442341432,False,0.012985914155977468,0.0,0.0,0.01357710112777483,0.016775323545578133,-0.1897234848255429,False,0.024366415241605918,0.0,0.0,0.013553553633419679,0.017106897052350415,-0.19235853322589766,False,0.018632910827045872,0.0,0.0,0.013564012250391316,0.01685846799769015,0.02326538763354856,0.023652937306838415,0.00038754967328985535,0.024366415241605918,D,W,T,0.0011010276080573589,True
A_context_s231303,A,context,231303,train,38,116,1rvv,T,0.00041912988170746536,0.00030097300772279794,E,-0.37894736842105264,False,0.00902182285231265,0.0,0.2,0.016105750468474792,0.020472661812951078,-0.22456140350877193,False,0.001990528078409763,0.0,0.2,0.015215372721242746,0.019124165028534666,-0.3736842105263158,False,0.004743620825818855,0.0,0.0,0.015589020849477006,0.01972903155122909,0.0004654187993250597,-0.004480966759169841,-0.004946385558494901,0.001990528078409763,E,D,W,0.0015251092790847035,True
A_context_s231303,A,context,231303,train,39,101,2ja9,A,0.00023139378412703748,0.00017781437212285853,C,0.9280701754385964,False,0.0008359763044069046,0.6666666666666666,0.6,0.012004647210336717,0.015211633184081107,0.9140350877192982,True,0.0,0.6666666666666666,0.6,0.009622328506830423,0.012620326708592748,0.9210526315789472,True,0.0,0.6666666666666666,0.6,0.010682726934015396,0.013775015187739862,-0.005445905118075273,-0.011989054408295494,-0.006543149290220221,0.0,C,C,P,0.005445905118075273,False
A_context_s231303,A,context,231303,train,39,95,2ja9,D,0.00047348579123837316,0.00046512128288909657,P,0.41754385964912283,False,0.021921748924689774,0.3333333333333333,0.4,0.015442011888200099,0.02175972865727818,0.4964912280701754,False,0.022102936923476035,0.3333333333333333,0.6,0.015619923553483222,0.021630001538963592,0.5087719298245614,False,0.020322091780788108,0.3333333333333333,0.4,0.015530967720841659,0.021653903794181646,0.018722434636886442,0.01418623817475359,-0.004536196462132852,0.022102936923476035,P,E,N,0.003380502286589593,False
A_context_s231303,A,context,231303,train,39,51,2ja9,L,0.000600203715449853,0.0005165359795901029,W,0.46491228070175433,True,0.0,0.3333333333333333,0.6,0.016694926802438226,0.024499055399134332,0.5350877192982456,True,0.0,0.3333333333333333,0.6,0.020957580822463687,0.02956638557819944,0.524561403508772,True,0.0,0.3333333333333333,0.6,0.01823550756332038,0.026678905204985455,0.0,-0.04912780913368664,-0.04912780913368664,0.0,W,W,W,0.0,False
A_context_s231303,A,context,231303,train,39,78,2ja9,T,0.0006312847956174655,0.0005658277955066574,N,0.14035087719298248,False,0.018878849796370417,0.3333333333333333,0.4,0.021619942656437595,0.025125381501928792,0.010526315789473684,False,0.01910065266240432,0.0,0.2,0.020903939211954332,0.02477342041352379,0.10526315789473684,False,0.01894336772116461,0.0,0.4,0.02110953237539702,0.024896566898923927,0.017883350135915604,-0.02833927677174118,-0.046222626907656786,0.01910065266240432,N,H,Y,0.0012173025264887172,False
B_context_s231303,B,context,231303,development,0,49,5oi7,A,27.051722164760385,19.25153969286539,R,-0.08070175438596491,False,15.340613261271084,0.0,0.4,3.7385643469472294,5.2011270090972,0.06666666666666667,False,0.9357811852463431,0.0,0.2,1.0508011903972092,1.2880905708476404,-0.08596491228070174,False,8.138197223258715,0.0,0.4,1.8696714769544835,2.431684958298871,0.9357811852463431,-0.8739289530405259,-1.809710138286869,0.9357811852463431,R,I,I,0.0,False
B_context_s231303,B,context,231303,development,0,53,5oi7,D,81.31323537111004,0.2721911562366797,C,-0.2771929824561403,False,0.16099498163627324,0.0,0.0,9.002279945373472,9.01738517371361,-0.19649122807017544,False,0.11813153630719242,0.0,0.2,1.4354693962592262,1.5312459671802605,-0.22982456140350876,False,0.09442675769701925,0.0,0.0,3.7834052745571225,3.81975819214581,0.0027632479713375346,-1.0508168587804079,-1.0535801067517454,0.11813153630719242,C,P,E,0.11536828833585488,False
B_context_s231303,B,context,231303,development,0,45,5oi7,L,93.26028580599872,2.4519352840372077,K,-0.4807017543859649,False,4.960189733340518,0.0,0.2,9.529341557629337,9.657136522075202,0.03508771929824562,False,0.196902962037397,0.0,0.2,0.995460148610884,1.1676650736881877,-0.3736842105263158,False,2.253106332512568,0.0,0.2,4.460812928021085,4.6127501940230555,-0.45397706831538187,-1.0856027272660356,-0.6316256589506537,0.196902962037397,K,P,W,0.6508800303527789,False
B_context_s231303,B,context,231303,development,0,79,5oi7,T,7.179497326117331,7.152552468087121,A,0.1456140350877193,False,8.222404621056597,0.0,0.4,1.3494585458906883,2.6794584016396543,-0.31052631578947365,False,3.04581200768322,0.0,0.0,0.619229052377698,0.8572828871942343,0.008771929824561405,False,5.634108314369908,0.0,0.0,0.728171606900871,1.5245211418116258,3.04581200768322,0.30710196615054564,-2.7387100415326744,3.04581200768322,A,P,P,0.0,False
B_context_s231303,B,context,231303,development,1,42,1c5e,A,0.023966575731030268,0.016192311187116004,M,-0.09298245614035087,False,0.03790401630110849,0.0,0.2,0.1033182444647972,0.1548114198986311,-0.07894736842105264,False,0.032597901475581254,0.0,0.0,0.09828078756020461,0.1464457229967152,-0.07017543859649124,False,0.03184116865912317,0.0,0.2,0.10078716841761186,0.1505413376956024,0.020199632074059656,0.023891744380015636,0.00369211230595598,0.032597901475581254,M,G,R,0.012398269401521597,True
B_context_s231303,B,context,231303,development,1,35,1c5e,D,0.0037612382206752867,0.0008232882958909496,M,-0.18771929824561404,False,0.022189232685623256,0.0,0.0,0.05420285900932106,0.06132893461226346,-0.16315789473684209,False,0.023508813666736544,0.0,0.2,0.049781563870122295,0.05772074293874539,-0.1701754385964912,False,0.0228490231761799,0.0,0.2,0.05199221143972168,0.05948779318885459,0.023508813666736544,0.015515747754407547,-0.007993065912328998,0.023508813666736544,M,K,K,0.0,True
B_context_s231303,B,context,231303,development,1,12,1c5e,L,0.007143247483749665,0.003994622379047768,M,0.20877192982456141,False,0.01014852907403678,0.0,0.2,0.05807890906935964,0.08451773472916595,0.18070175438596495,False,0.011475713351361189,0.3333333333333333,0.2,0.04512056039981158,0.0699980073503705,0.20350877192982456,False,0.010812121212698984,0.3333333333333333,0.2,0.05159973473458561,0.07699502263086448,0.011475713351361189,-0.004961054209240409,-0.016436767560601598,0.011475713351361189,M,Q,Q,0.0,False
B_context_s231303,B,context,231303,development,1,38,1c5e,T,0.006468817340388554,0.005985535400394197,M,0.44912280701754387,False,0.0163797538860989,0.0,0.4,0.03632212388937492,0.080428958344545,0.24035087719298245,False,0.013580917521279767,0.0,0.2,0.03718117826974308,0.07362217776430138,0.2964912280701754,False,0.014980335703689333,0.0,0.2,0.03659519472804495,0.07696046391797054,0.013580917521279767,0.005279614311639147,-0.00830130320964062,0.013580917521279767,M,C,C,0.0,True
B_context_s231303,B,context,231303,development,2,75,4gn0,A,0.002374509600297864,0.002302190877295242,M,0.4350877192982456,False,0.01092539261563985,0.3333333333333333,0.6,0.03978340941430353,0.04872894006950966,0.10350877192982455,False,0.0003411613294481697,0.3333333333333333,0.4,0.03864151620965416,0.044659276205396836,0.3385964912280702,True,0.0,0.3333333333333333,0.4,0.03655659434942468,0.04412584697988341,-0.017723122457720564,-0.06863755586133102,-0.05091443340361046,0.0003411613294481697,M,G,F,0.018064283787168733,False
B_context_s231303,B,context,231303,development,2,29,4gn0,D,0.01373815186120832,0.012227141440010067,M,0.005263157894736842,False,0.03492169123037314,0.0,0.0,0.10113899492050346,0.11720986247414643,0.14385964912280702,False,0.004823184603599984,0.3333333333333333,0.2,0.10326174483193462,0.1728327495796922,0.08771929824561404,False,0.002653304165189496,0.3333333333333333,0.2,0.09428810501117116,0.13534409604833564,-0.04654577129887194,-0.1460843532726681,-0.09953858197379617,0.004823184603599984,M,C,K,0.051368955902471924,False
B_context_s231303,B,context,231303,development,2,23,4gn0,L,0.19272580586021887,0.045061746637293947,S,-0.015789473684210527,False,0.1387086653899381,0.0,0.2,0.39396794533553003,0.43900547361077275,-0.12105263157894736,False,0.275476523879604,0.0,0.0,0.462156950063792,0.5096024070516131,-0.06491228070175438,False,0.19903048827205438,0.0,0.0,0.42806244769966095,0.4732560716990767,0.2271975712178289,0.0986855539342244,-0.1285120172836045,0.275476523879604,S,C,F,0.048278952661775065,False
B_context_s231303,B,context,231303,development,2,45,4gn0,T,0.00875044873769196,0.003894663101159975,M,-0.38421052631578945,False,0.14677898992971095,0.0,0.2,0.07231206694206486,0.09354383324245356,-0.24035087719298245,False,0.10423961661871495,0.0,0.0,0.06330152788320915,0.07785007198745171,-0.3350877192982456,False,0.12550930327421295,0.0,0.2,0.06343645524273211,0.08063786379295881,0.10423961661871495,-0.02572363727066751,-0.12996325388938246,0.10423961661871495,M,P,P,0.0,False
B_context_s231303,B,context,231303,train,3,54,1v70,A,0.0003836641999955468,0.0002784638197173764,M,0.07017543859649124,False,0.0078096093640099284,0.0,0.2,0.015525441773835007,0.01958734795717753,0.07192982456140351,False,0.007054548246835567,0.0,0.0,0.015251379137794212,0.019173556209895238,0.06140350877192983,False,0.0074320788054227475,0.0,0.0,0.01538841045581461,0.01937213690124331,0.007054548246835567,-0.004914375924118072,-0.011968924170953639,0.007054548246835567,M,I,I,0.0,True
B_context_s231303,B,context,231303,train,3,4,1v70,D,0.00038982832511056086,0.00014797062830549512,M,0.38947368421052625,False,0.006853490147922248,0.0,0.4,0.01620123569382362,0.019744070631725386,0.39122807017543854,False,0.013421078347008474,0.0,0.4,0.016003827640700335,0.019535493896077012,0.39649122807017545,False,0.008971524655069042,0.0,0.4,0.016102531667261978,0.019595707846076088,0.009466906150378242,-0.020890607715098285,-0.030357513865476526,0.013421078347008474,M,S,V,0.003954172196630232,True
B_context_s231303,B,context,231303,train,3,69,1v70,L,0.00019690439448443662,0.00018502923466792265,M,0.15964912280701754,False,0.0020273586248185926,0.0,0.4,0.011882806863366712,0.014032262628829202,-0.16140350877192983,False,0.004889779848545786,0.0,0.2,0.012584302047157053,0.014810253004099532,-0.03333333333333333,False,0.0029062175580690797,0.0,0.2,0.012147834070385256,0.014388259017999633,0.00360823691335177,0.002965052473655694,-0.0006431844396960762,0.004889779848545786,M,W,C,0.001281542935194016,True
B_context_s231303,B,context,231303,train,3,100,1v70,T,0.0023298283541843268,0.0007847643317185691,M,0.17719298245614035,False,0.006092971789388446,0.0,0.2,0.04192120330122103,0.048268295538420734,0.11228070175438597,False,0.007565292705469767,0.0,0.4,0.04133423175451081,0.04751065253731721,0.13157894736842105,False,0.00682732095006125,0.0,0.2,0.04162771752786592,0.0478848649526873,0.006001969547290695,0.0009406181022840743,-0.0050613514450066205,0.007565292705469767,M,C,Q,0.0015633231581790724,True
B_context_s231303,B,context,231303,train,4,30,1ub9,A,0.0032438856755045,0.0025710726827108134,M,-0.07543859649122807,False,0.19073288501769442,0.3333333333333333,0.4,0.04495723961117899,0.056955119835748746,-0.09824561403508772,False,0.25707964968713265,0.3333333333333333,0.4,0.06107594765373268,0.07505416768830142,-0.16315789473684209,False,0.22390626735241353,0.3333333333333333,0.4,0.05250870297735167,0.06566844852659608,0.25707964968713265,0.11945422546084672,-0.13762542422628593,0.25707964968713265,M,H,H,0.0,True
B_context_s231303,B,context,231303,train,4,40,1ub9,D,0.01264979924127999,0.0038479349852520942,M,-0.007017543859649123,False,0.14589623046147954,0.0,0.2,0.09630595564099088,0.11247132630710811,0.03684210526315789,False,0.19381712191442163,0.0,0.4,0.09767366772358446,0.11536874332771228,-0.0035087719298245615,False,0.16985667618795058,0.0,0.2,0.09637013857541421,0.11323975249820882,0.19381712191442163,0.06672571258774157,-0.12709140932668006,0.19381712191442163,M,C,C,0.0,False
B_context_s231303,B,context,231303,train,4,12,1ub9,L,0.04943764762454317,0.024732509427688277,M,0.36315789473684207,False,0.04848404501554582,0.0,0.4,0.16004461964087757,0.2223457839144767,0.28421052631578947,False,0.08834471437730851,0.0,0.4,0.1344532172563051,0.19180513818905712,0.3368421052631579,False,0.06841437969642716,0.0,0.4,0.14681749338155245,0.20663629407126266,0.08834471437730851,0.06603669090361608,-0.02230802347369243,0.08834471437730851,M,P,P,0.0,True
B_context_s231303,B,context,231303,train,4,61,1ub9,T,0.0011261359311687859,0.0011117289411445568,M,-0.25263157894736843,False,0.05878123051642781,0.0,0.0,0.02797071847004587,0.03355794885222853,-0.1736842105263158,False,0.05416455903095163,0.0,0.0,0.027788298245924038,0.035869645568412566,-0.31228070175438594,False,0.05647289477368972,0.0,0.0,0.02735065260692916,0.03371522796384011,0.05416455903095163,0.05052827732834714,-0.0036362817026044936,0.05416455903095163,M,H,H,0.0,True
B_context_s231303,B,context,231303,train,5,92,2wpq,A,0.11036593350239025,0.10999613009864909,C,0.38596491228070173,False,0.26086181474564896,0.0,0.2,0.21784501014404442,0.33221368650672756,0.5140350877192983,False,0.16766672729972676,0.0,0.4,0.10995372926122068,0.12969439485008752,0.5964912280701754,False,0.21426427102268786,0.0,0.4,0.1325913819185849,0.20105240452549017,0.16766672729972676,0.025622016284222227,-0.14204471101550453,0.16766672729972676,C,P,P,0.0,False
B_context_s231303,B,context,231303,train,5,68,2wpq,D,0.07411426555551197,0.062034732544664815,R,0.5754385964912281,False,0.16151034747311677,0.3333333333333333,0.4,0.23683715117881943,0.27223935342913225,0.5578947368421052,True,0.0,0.6666666666666666,0.4,0.1550920492945956,0.19238879876581308,0.6052631578947367,False,0.02385467836852939,0.6666666666666666,0.4,0.18502403698382217,0.22226635272889425,-0.11380099073605798,-0.2536950813156391,-0.13989409057958113,0.0,R,R,M,0.11380099073605798,False
B_context_s231303,B,context,231303,train,5,97,2wpq,L,0.19480153782790155,0.19308363390465502,P,0.30350877192982456,False,0.7368303010622874,0.3333333333333333,0.4,0.3156556809355776,0.4413632719516901,0.24736842105263157,False,0.20040887175946764,0.3333333333333333,0.6,0.11331436652819078,0.1391635708391972,0.3701754385964912,False,0.46861958641087753,0.3333333333333333,0.6,0.18911449572766786,0.25178155937422875,0.20040887175946764,-0.006545276197266858,-0.2069541479567345,0.20040887175946764,P,S,S,0.0,False
B_context_s231303,B,context,231303,train,5,44,2wpq,T,0.9330057606534841,0.3130395733310846,P,0.48245614035087714,False,0.8101366581172318,0.3333333333333333,0.2,0.8059602353334041,0.965922233232823,0.6017543859649123,False,0.39265704649424293,0.3333333333333333,0.4,0.5429475861952252,0.605157241372668,0.5263157894736842,False,0.6013968523057374,0.3333333333333333,0.2,0.6744539107643146,0.7762025215851355,0.39265704649424293,0.28638752179827165,-0.10626952469597128,0.39265704649424293,P,G,G,0.0,False
B_context_s231303,B,context,231303,train,6,36,3vub,A,0.0003451972291583953,0.00034519408337223197,M,0.05087719298245614,False,0.0086283440528242,0.0,0.2,0.012827404748933619,0.018579484092901916,-0.32280701754385965,False,1.4391994725486446,0.0,0.2,0.5771663612369313,0.6489386558042103,-0.3140350877192983,False,0.7208354714204772,0.0,0.2,0.2884377494466782,0.3252555720014247,0.4253942510751109,0.7252430715136442,0.2998488204385333,1.4391994725486446,M,D,H,1.0138052214735336,False
B_context_s231303,B,context,231303,train,6,88,3vub,D,0.00203303895604664,0.0002623867911569944,M,-0.3368421052631579,False,0.00453820889371527,0.0,0.2,0.042079117919576754,0.04508923326079786,0.057894736842105256,False,0.4667407963628998,0.3333333333333333,0.2,0.6073759101678594,0.647902249558971,-0.012280701754385965,False,0.234528898106941,0.0,0.2,0.2893939917747973,0.3099874140027687,-0.24865493108390935,-0.2664231933935395,-0.017768262309630134,0.4667407963628998,M,R,H,0.7153957274468091,False
B_context_s231303,B,context,231303,train,6,40,3vub,L,0.0007858319789519938,0.0006473095267234077,M,0.24035087719298245,False,0.025442172605736613,0.3333333333333333,0.6,0.01919353636791497,0.028032694821440086,0.26666666666666666,False,0.02122476075260793,0.0,0.4,0.685597430130567,0.6873602480678039,0.26491228070175443,False,0.0233334666791723,0.0,0.2,0.3369139369847483,0.33886189690688506,0.02122476075260793,-0.713446643059864,-0.734671403812472,0.02122476075260793,M,G,G,0.0,False
B_context_s231303,B,context,231303,train,6,6,3vub,T,0.0002311583100279264,0.00022960486042908086,M,0.09824561403508772,False,0.005895001468644856,0.3333333333333333,0.4,0.012230935431332704,0.01520389127914056,-0.2210526315789474,False,0.023159948995830182,0.3333333333333333,0.2,0.4756478924491772,0.568626746778624,-0.21929824561403505,False,0.006572673126021056,0.3333333333333333,0.2,0.23770158672777839,0.2834438441568599,-0.6547581513480676,-0.7165733316088722,-0.061815180260804514,0.023159948995830182,M,N,G,0.6779181003438979,False
B_context_s231303,B,context,231303,train,7,56,3nxa,A,0.010760203195089213,0.004652275610711583,M,0.11754385964912278,False,0.1316483206551603,0.6666666666666666,0.4,0.08255290678380113,0.1037313992727815,0.02456140350877193,False,0.1441491914223617,0.3333333333333333,0.4,0.08783468679428359,0.10834199593803129,0.13508771929824562,False,0.137898756038761,0.6666666666666666,0.4,0.08494673886356909,0.10553323664681549,0.1441491914223617,-0.08040283022191641,-0.22455202164427812,0.1441491914223617,M,P,P,0.0,False
B_context_s231303,B,context,231303,train,7,74,3nxa,D,0.001912360554002792,0.0017148140941325052,M,-0.3929824561403509,False,0.08412986658174404,0.0,0.0,0.03982812505449443,0.04373054486286207,-0.7315789473684211,False,0.47999728429613375,0.0,0.0,0.12534132303774967,0.23978688868747286,-0.6719298245614035,False,0.2820635754389389,0.0,0.0,0.08258472404612205,0.13405787991884152,0.47999728429613375,0.3981151189259291,-0.08188216537020465,0.47999728429613375,M,G,G,0.0,False
B_context_s231303,B,context,231303,train,7,39,3nxa,L,0.00896400297512838,0.006693709616045839,K,0.11228070175438597,False,0.19820749884554378,0.0,0.2,0.07174385062298953,0.09467841874011405,0.12280701754385966,False,0.20851191421047255,0.0,0.2,0.12659719222246932,0.2870473865668349,0.12280701754385966,False,0.20335970652800817,0.0,0.2,0.09831297777704069,0.16259868160244934,0.20851191421047255,-0.016877596479095702,-0.22538951068956825,0.20851191421047255,K,Y,Y,0.0,False
B_context_s231303,B,context,231303,train,7,3,3nxa,T,0.014531880143498753,0.005149880316759746,Y,0.19298245614035087,False,0.24706387259956797,0.0,0.4,0.11837938298306579,0.12054824819755264,0.09298245614035087,False,0.23032751670956864,0.3333333333333333,0.6,0.1363394431287612,0.14129635897837275,0.14912280701754385,False,0.2386956946545683,0.0,0.6,0.12735941305591353,0.13044596392446667,0.23032751670956864,0.15800608836829433,-0.07232142834127431,0.23032751670956864,Y,N,N,0.0,False
B_context_s231303,B,context,231303,train,8,48,2v66,A,13.18979157315207,0.16138167094846115,C,0.9596491228070174,True,0.0,1.0,1.0,3.6094888699376266,3.6317752646814574,0.8333333333333334,True,0.0,0.6666666666666666,0.8,6.839111388584999,7.036283484545618,0.9491228070175438,True,0.0,1.0,0.8,5.224300129261314,5.294282132866691,0.0,-8.078359865335948,-8.078359865335948,0.0,C,C,C,0.0,False
B_context_s231303,B,context,231303,train,8,42,2v66,D,67.28974978250506,0.3176572863003527,C,0.9368421052631579,True,0.0,0.6666666666666666,0.6,8.183647872202512,8.20303296241732,0.4666666666666667,True,0.0,0.6666666666666666,0.6,11.465335046035598,11.57019769918138,0.7964912280701755,True,0.0,0.6666666666666666,0.6,9.824491459119054,9.860560680763598,0.0,-5.132904700139837,-5.132904700139837,0.0,C,C,C,0.0,False
B_context_s231303,B,context,231303,train,8,60,2v66,L,22.151407799004474,0.3967116419458982,V,0.9912280701754386,True,0.0,1.0,1.0,4.664192980254845,4.7065282107945,0.9456140350877192,True,0.0,1.0,1.0,3.8745444082306015,4.179058623513945,0.9596491228070174,True,0.0,1.0,1.0,3.9836958997854137,4.1587824767513775,0.0,0.9697885918199849,0.9697885918199849,0.0,V,V,V,0.0,False
B_context_s231303,B,context,231303,train,8,74,2v66,T,280.03634524531617,0.4848721290328044,I,0.9947368421052631,True,0.0,1.0,1.0,16.719792855065023,16.73428651736656,0.9280701754385964,False,0.36920141317741084,0.6666666666666666,0.6,22.937449512296315,23.0272485784717,0.9508771929824561,False,0.011366047235709331,0.6666666666666666,0.6,19.828621183680667,19.864645049260517,0.0,-12.650688208736064,-12.650688208736064,0.36920141317741084,I,L,I,0.36920141317741084,False
B_context_s231303,B,context,231303,train,9,61,3zk1,A,0.0011575787481475832,0.00031981138866165395,M,-0.05964912280701754,False,0.0013838255623951357,0.6666666666666666,0.4,0.0289442111567396,0.03402320896311198,0.10526315789473684,False,0.01075983865092256,0.3333333333333333,0.4,0.02537889541450557,0.03025828027504159,0.07368421052631578,False,0.006071832106658848,0.6666666666666666,0.4,0.02714819088470202,0.031997605985270336,0.01075983865092256,-0.0005843605757316905,-0.01134419922665425,0.01075983865092256,M,F,F,0.0,True
B_context_s231303,B,context,231303,train,9,1,3zk1,D,0.003517660877755762,0.0012374165942068205,M,0.4333333333333333,False,0.011257554690324023,0.3333333333333333,0.4,0.04775190345472044,0.05930987167205609,0.531578947368421,False,0.013679434883452302,0.3333333333333333,0.6,0.045814500632261446,0.06157291206084711,0.4736842105263158,False,0.012468494786888162,0.3333333333333333,0.4,0.04678320204349094,0.060212501769933285,0.013679434883452302,-0.010885242560227049,-0.02456467744367935,0.013679434883452302,M,Y,Y,0.0,True
B_context_s231303,B,context,231303,train,9,78,3zk1,L,0.005957520979883286,0.004143802604871215,Q,-0.356140350877193,False,0.019408986525080663,0.0,0.0,0.04909196945228448,0.07718497897831732,-0.0912280701754386,False,0.011421011423745409,0.0,0.2,0.04776700580715999,0.07398160304780135,-0.2982456140350877,False,0.015414998974413036,0.0,0.0,0.0483229663354646,0.07547016859341041,0.011421011423745409,0.006680861833350399,-0.00474014959039501,0.011421011423745409,Q,D,D,0.0,True
B_context_s231303,B,context,231303,train,9,4,3zk1,T,0.00029387963844204455,0.0001492792033993607,M,0.7298245614035088,False,0.00775355059545757,0.6666666666666666,0.8,0.015072578912726427,0.01714291802588009,0.7842105263157895,False,0.006442294812695815,0.3333333333333333,0.4,0.017180047280977686,0.020123952586804196,0.8508771929824561,False,0.006455792188152204,0.6666666666666666,0.8,0.01592317264027643,0.017677234810312567,0.005158033780846838,-0.012132916588482007,-0.017290950369328845,0.006442294812695815,M,H,Y,0.0012842610318489767,True
B_context_s231303,B,context,231303,train,10,79,1qy7,A,0.0004790912865231555,0.0004738949760668183,M,-0.04035087719298246,False,0.022513366954659664,0.0,0.4,0.017114966780072804,0.021888154022739227,-0.3508771929824562,False,0.019851910897636937,0.0,0.4,0.020015173609440717,0.025253347802163668,-0.23157894736842102,False,0.01769192595300545,0.0,0.4,0.01849861178795615,0.023216041719291054,0.010033625019043702,0.017355094829100692,0.007321469810056991,0.019851910897636937,M,D,W,0.009818285878593236,False
B_context_s231303,B,context,231303,train,10,70,1qy7,D,0.0017514333578146806,0.000266859473833536,M,-0.1719298245614035,False,0.013952720766633453,0.0,0.2,0.03870420766259938,0.041850129722793936,-0.11754385964912278,False,0.011175747392555557,0.0,0.2,0.034664375518551005,0.03766720912248265,-0.2789473684210526,False,0.009247544496344517,0.0,0.2,0.036597272005011006,0.03967277054231435,-0.0018142260588080994,-0.0014928875560822341,0.0003213385027258653,0.011175747392555557,M,G,E,0.012989973451363657,False
B_context_s231303,B,context,231303,train,10,55,1qy7,L,0.00038459731574015806,0.0003716431831283866,M,0.08596491228070174,False,0.024639519366905338,0.0,0.2,0.01613108014976631,0.019611152840670994,0.42105263157894735,False,0.04486031389450329,0.3333333333333333,0.6,0.01778032518794056,0.02502825813925316,0.2964912280701754,False,0.03192931133316462,0.3333333333333333,0.6,0.01621717896461397,0.020969646367711446,0.022490692663551304,0.015412199252671899,-0.007078493410879405,0.04486031389450329,M,H,N,0.022369621230951986,False
B_context_s231303,B,context,231303,train,10,98,1qy7,T,0.0006166740688853243,0.0006112833322952548,M,0.15614035087719297,False,0.02069735755561064,0.0,0.4,0.017684301382952693,0.024832923083787865,0.3333333333333333,False,0.031157906666270718,0.3333333333333333,0.6,0.023146653275288486,0.02816136554533334,0.27368421052631575,False,0.02172210191806151,0.3333333333333333,0.4,0.019562026663121422,0.0257666268442713,0.01944841928839769,0.009477249251554465,-0.009971170036843224,0.031157906666270718,M,A,G,0.011709487377873029,False
B_context_s231303,B,context,231303,train,11,64,3mhx,A,0.0003583825591953987,0.0002368594979904132,M,-0.2614035087719298,False,0.007452976321130289,0.0,0.2,0.01416604350575059,0.018930994669995517,0.4140350877192982,False,0.02351926389040676,0.0,0.4,0.01243429044107186,0.015134462494643354,0.32280701754385965,False,0.01354014617663929,0.0,0.4,0.010906626695907284,0.014351382015923512,0.015375239331677837,0.016041728632263053,0.0006664893005852157,0.02351926389040676,M,C,S,0.008144024558728924,False
B_context_s231303,B,context,231303,train,11,19,3mhx,D,0.0030220175647409217,0.0007634820685431798,M,-0.2596491228070175,False,0.06541495266197073,0.0,0.0,0.05183997802439241,0.054972880266008634,-0.519298245614035,False,0.08259989362573195,0.0,0.0,0.06928478603057153,0.07453760932194714,-0.419298245614035,False,0.07400742314385134,0.0,0.0,0.06056238202748196,0.0644388425518566,0.08259989362573195,0.06140397918666157,-0.021195914439070374,0.08259989362573195,M,P,P,0.0,False
B_context_s231303,B,context,231303,train,11,3,3mhx,L,0.000820133863795699,0.0008022805230320976,M,0.1456140350877193,False,0.06401753534303764,0.0,0.4,0.024480527261463887,0.028637979394428286,0.08070175438596491,False,0.043278991494834884,0.0,0.4,0.01945531247203666,0.027112256357808298,0.13684210526315788,False,0.05363696568551678,0.0,0.4,0.02169116432703624,0.027008455194506273,0.043256396027995914,0.019845855306772464,-0.02341054072122345,0.043278991494834884,M,C,V,2.2595466838970513e-05,False
B_context_s231303,B,context,231303,train,11,2,3mhx,T,0.0003140861375988934,0.00027736042690289854,M,0.13508771929824562,False,0.025946498820920816,0.3333333333333333,0.2,0.013556038400338597,0.017722475492969188,-0.057894736842105256,False,0.03938188710541418,0.0,0.2,0.01582070355277255,0.020311609829609462,-0.04912280701754386,False,0.030597408306568458,0.3333333333333333,0.2,0.014104488641703071,0.01837114049029665,0.03224006480214281,0.02997352946346199,-0.0022665353386808196,0.03938188710541418,M,H,F,0.007141822303271372,False
B_context_s231303,B,context,231303,train,12,4,5b08,A,0.0011487404254123782,0.0008543519632295492,M,-0.09473684210526316,False,0.015992815586003906,0.0,0.2,0.027351280591990844,0.03389307341349229,-0.010526315789473684,False,0.011831630365328194,0.0,0.4,0.02397760503351185,0.02963725392023972,-0.09473684210526316,False,0.01391222297566605,0.0,0.2,0.024982161206192805,0.03131685634888924,0.011831630365328194,-0.02533780040425382,-0.03716943076958201,0.011831630365328194,M,D,D,0.0,True
B_context_s231303,B,context,231303,train,12,73,5b08,D,0.001106900416008015,0.0005630686994533046,M,0.12631578947368421,False,0.08178404286321156,0.6666666666666666,0.6,0.02714835115045713,0.03327011295454248,0.10526315789473684,False,0.06764407408715911,0.6666666666666666,0.6,0.029166947846669528,0.03457653496099807,0.11228070175438597,False,0.07471405847518534,0.6666666666666666,0.6,0.02815764949856333,0.033785568587875334,0.06764407408715911,0.003335365171063309,-0.0643087089160958,0.06764407408715911,M,Y,Y,0.0,False
B_context_s231303,B,context,231303,train,12,32,5b08,L,0.0018954380624594646,0.0013257473452174112,M,-0.45964912280701753,False,0.0596173183745311,0.0,0.0,0.03494739320296862,0.043536628974456267,-0.519298245614035,False,0.04732202471202068,0.0,0.0,0.03445931620287783,0.04194862326690622,-0.5070175438596491,False,0.05346967154327589,0.0,0.0,0.0346100504651382,0.042628695436919176,0.04732202471202068,-0.006314245249803563,-0.053636269961824246,0.04732202471202068,M,D,D,0.0,True
B_context_s231303,B,context,231303,train,12,64,5b08,T,0.0018933916286778675,0.0013645425836775575,M,-0.16666666666666666,False,0.062394628747423686,0.3333333333333333,0.2,0.03474813757136206,0.04351312019009746,-0.09473684210526316,False,0.05961872054888112,0.3333333333333333,0.2,0.04642208815200379,0.06027126355348416,-0.12105263157894736,False,0.061006674648152404,0.3333333333333333,0.2,0.04053002143460049,0.05143076365748762,0.05961872054888112,0.022556363397226387,-0.037062357151654735,0.05961872054888112,M,E,E,0.0,False
B_context_s231303,B,context,231303,development,13,2,1jke,A,0.0011568487106508162,0.0010006070479510257,P,0.07017543859649124,False,0.06545966313312993,0.6666666666666666,0.4,0.026541937905362283,0.034012478748994705,0.07192982456140351,False,0.05961743006649224,0.6666666666666666,0.4,0.02639790942703352,0.03384371866385469,0.07192982456140351,False,0.06253854659981109,0.6666666666666666,0.4,0.026469923666197895,0.03391137927216105,0.05961743006649224,0.02708247552944512,-0.03253495453704712,0.05961743006649224,P,M,M,0.0,True
B_context_s231303,B,context,231303,development,13,135,1jke,D,0.000285718950825183,0.00023944922911460197,M,-0.12456140350877193,False,0.006676130333776398,0.3333333333333333,0.2,0.014285217965764993,0.016903223089848367,-0.2175438596491228,False,0.013050870028143799,0.3333333333333333,0.2,0.017931471158566574,0.02075001908232279,-0.14210526315789473,False,0.009863500180960098,0.3333333333333333,0.2,0.01575028877609831,0.01858973779593981,0.013050870028143799,-0.02025602036705426,-0.03330689039519806,0.013050870028143799,M,N,N,0.0,False
B_context_s231303,B,context,231303,development,13,142,1jke,L,0.0005051209389995688,0.0004934182697102678,M,0.09473684210526316,False,0.013111484511401428,0.3333333333333333,0.4,0.018018773916549873,0.02247489575058289,0.1701754385964912,False,0.010797649680950233,0.3333333333333333,0.4,0.017361285530025902,0.021352643045971547,0.11929824561403508,False,0.01195456709617583,0.3333333333333333,0.4,0.017349239956257666,0.02183913651295194,0.010797649680950233,-0.001858352852524281,-0.012656002533474514,0.010797649680950233,M,F,F,0.0,False
B_context_s231303,B,context,231303,development,13,19,1jke,T,0.003641467438300349,0.0018936612698978595,M,0.010526315789473684,False,0.08730526618694197,0.6666666666666666,0.4,0.046660167740712966,0.060344572567053195,-0.04035087719298246,False,0.09337140957598188,0.3333333333333333,0.4,0.04549976817563861,0.06095202655423177,0.010526315789473684,False,0.09033833788146192,0.6666666666666666,0.4,0.04603359874350961,0.0606159437980019,0.09337140957598188,-0.010018495155937016,-0.10338990473191889,0.09337140957598188,M,D,D,0.0,False
B_context_s231303,B,context,231303,development,14,21,3qr7,A,0.07324039587535888,0.0657399710183253,T,0.2982456140350877,False,0.550699205125289,0.0,0.2,0.1999985744129821,0.27062962859849415,0.24736842105263157,False,0.8224526325517556,0.0,0.2,0.24425842386131688,0.30904007810910467,0.29473684210526313,False,0.6066236780743597,0.0,0.2,0.2105646270737287,0.2745011568397672,0.6178041020284821,0.1406312498511202,-0.47717285217736194,0.8224526325517556,T,K,N,0.20464853052327348,False
B_context_s231303,B,context,231303,development,14,105,3qr7,D,0.10283178811339062,0.04534806643468005,M,-0.1087719298245614,False,0.3693444743453278,0.0,0.0,0.24333655798813353,0.32067395920684083,-0.09649122807017543,False,0.4618350708205434,0.0,0.2,0.2226642689613217,0.28250106995725227,-0.11403508771929824,False,0.4119890460941231,0.0,0.2,0.21936289318497282,0.2935045224333612,0.3175131568828986,0.17917273540145429,-0.13834042148144432,0.4618350708205434,M,P,N,0.14432191393764482,False
B_context_s231303,B,context,231303,development,14,22,3qr7,L,0.08025636917312946,0.06707090480615838,M,-0.2175438596491228,False,0.5376449255465503,0.3333333333333333,0.4,0.22620065688451144,0.28329555092364134,-0.19122807017543858,False,0.49294672067919887,0.0,0.2,0.29168311272112457,0.41334088965654436,-0.243859649122807,False,0.5152958231128746,0.0,0.2,0.24751105537172238,0.33835633334554527,0.49294672067919887,0.25916488279366456,-0.2337818378855343,0.49294672067919887,M,N,N,0.0,False
B_context_s231303,B,context,231303,development,14,29,3qr7,T,0.07152265851689003,0.07150511876142052,G,-0.19298245614035087,False,0.707254012113915,0.0,0.4,0.2053076309920919,0.26743720481056865,-0.04912280701754386,False,0.4331843347629083,0.3333333333333333,0.6,0.18989524323592946,0.2388816570802943,-0.12105263157894736,False,0.5702191734384117,0.3333333333333333,0.6,0.19383349870810287,0.2438823260779178,0.4331843347629083,-0.03196390910281055,-0.46514824386571885,0.4331843347629083,G,D,D,0.0,False
B_context_s231303,B,context,231303,development,15,59,1lj9,A,0.002662028463645668,0.00111582290645549,M,0.06842105263157894,False,0.008944160910309334,0.3333333333333333,0.4,0.0415826457005302,0.05159484919684976,0.057894736842105256,False,0.042507803837768005,0.6666666666666666,0.4,0.06827515775194506,0.07963802193234683,0.06315789473684211,False,0.025725982374038683,0.6666666666666666,0.4,0.05491555759205979,0.06528388634872702,0.042507803837768005,-0.11921370284573263,-0.16172150668350063,0.042507803837768005,M,F,F,0.0,False
B_context_s231303,B,context,231303,development,15,124,1lj9,D,0.0013933841010688142,0.0001546038731195427,M,0.3298245614035088,False,0.009777096049130574,0.3333333333333333,0.4,0.03519630986267269,0.037328060505051885,-0.27017543859649124,False,0.08209674566615655,0.0,0.2,0.02451358825774414,0.029409433256733508,-0.09473684210526316,False,0.038413972855591144,0.0,0.2,0.025520536598773402,0.028224930930622068,0.05456404264258838,0.015089412223420806,-0.03947463041916757,0.08209674566615655,M,I,E,0.027532703023568167,True
B_context_s231303,B,context,231303,development,15,111,1lj9,L,0.0012845954538450212,0.0009516135340594097,M,-0.04385964912280702,False,0.04914056476689055,0.3333333333333333,0.4,0.030447181005058787,0.0358412535194435,-0.05263157894736842,False,0.07594200608816332,0.0,0.4,0.05293264876405066,0.06258486175111677,0.04035087719298246,False,0.06254128542752693,0.3333333333333333,0.4,0.03773749631257864,0.04523119439889414,0.07594200608816332,-0.013206681538510096,-0.08914868762667341,0.07594200608816332,M,N,N,0.0,False
B_context_s231303,B,context,231303,development,15,0,1lj9,T,0.0003403066277958687,0.00034017957820550206,M,0.20350877192982456,False,0.003768270809023311,0.3333333333333333,0.4,0.015112046732151121,0.018447401654321637,0.34210526315789475,False,0.01142460551462568,0.6666666666666666,0.6,0.024647323062772456,0.03168729776775128,0.29298245614035084,False,0.007596438161824495,0.6666666666666666,0.6,0.018235574400180265,0.02182268497272093,0.01142460551462568,-0.04686706449044048,-0.05829167000506616,0.01142460551462568,M,W,W,0.0,True
B_context_s231303,B,context,231303,train,16,16,4zzf,A,0.07918740400445891,0.06652782647296603,P,0.5456140350877193,True,0.0,0.3333333333333333,0.4,0.20940389971994458,0.2814025657389408,0.5736842105263157,True,0.0,0.3333333333333333,0.4,0.2567594897036062,0.31931071134771816,0.5701754385964912,True,0.0,0.3333333333333333,0.2,0.22076076997868985,0.2938108940912453,0.0,-0.5144970467742809,-0.5144970467742809,0.0,P,P,P,0.0,False
B_context_s231303,B,context,231303,train,16,35,4zzf,D,0.008143922562528046,0.007255172967468432,M,-0.21052631578947367,False,0.237130045250579,0.3333333333333333,0.2,0.07837721007546135,0.09024368433595809,-0.3666666666666667,False,0.3560200332433292,0.0,0.2,0.1266803966220561,0.16234698838836228,-0.31578947368421056,False,0.2965750392469541,0.3333333333333333,0.2,0.09912581544895113,0.12248954384858138,0.3560200332433292,0.22243558978054956,-0.13358444346277965,0.3560200332433292,M,W,W,0.0,False
B_context_s231303,B,context,231303,train,16,24,4zzf,L,0.1723313835272038,0.05373686882552762,M,-0.10350877192982455,False,0.03151961100674083,0.6666666666666666,0.4,0.35993018944215865,0.41512815313732193,-0.015789473684210527,False,0.08253368684185025,0.3333333333333333,0.4,0.4097259690980744,0.47717935308776194,-0.05087719298245614,False,0.024681987615086554,0.6666666666666666,0.4,0.3817234199420812,0.4449269162852395,0.0015973545350521645,0.06994540636046043,0.06834805182540826,0.08253368684185025,M,F,D,0.08093633230679809,False
B_context_s231303,B,context,231303,train,16,105,4zzf,T,0.021384476839640666,0.015827025309404493,M,-0.2070175438596491,False,0.35442534281566695,0.0,0.0,0.1253896174640291,0.14623432168831182,-0.11228070175438597,False,0.2641406331158578,0.0,0.0,0.10444665304212551,0.1294667572482612,-0.24035087719298245,False,0.30928298796576237,0.0,0.0,0.10747017595768864,0.1326457774918356,0.2641406331158578,0.0072933999760060875,-0.2568472331398517,0.2641406331158578,M,V,V,0.0,False
B_context_s231303,B,context,231303,train,17,0,1msc,A,0.03730360405559724,0.03291347862746965,M,-0.18596491228070175,False,0.14136841338374095,0.3333333333333333,0.4,0.08782715868910802,0.19314140947916178,-0.2421052631578947,False,0.1504858180069082,0.0,0.4,0.09106878936049553,0.18982119952430487,-0.27368421052631575,False,0.14592711569532457,0.0,0.4,0.08823153930130385,0.19089602307708126,0.1504858180069082,0.08523060618036071,-0.06525521182654748,0.1504858180069082,M,W,W,0.0,False
B_context_s231303,B,context,231303,train,17,113,1msc,D,0.16642526649675615,0.085746471123184,M,-0.3596491228070175,False,0.27780964483830917,0.0,0.2,0.28404012986472915,0.40795252970996043,-0.30526315789473685,False,0.31559600411235533,0.0,0.2,0.240853905498005,0.36164408501205886,-0.356140350877193,False,0.29670282447533225,0.0,0.2,0.2598708841860658,0.3838058246750822,0.31559600411235533,0.223870384361732,-0.09172561975062332,0.31559600411235533,M,T,T,0.0,False
B_context_s231303,B,context,231303,train,17,111,1msc,L,1.2171565670291347,0.0594583644192776,C,-0.12105263157894736,False,0.7053116536435473,0.0,0.2,1.0759638481890814,1.103248189225405,-0.021052631578947368,False,0.5897099865081934,0.0,0.4,0.947492547950808,0.9747594292167462,-0.015789473684210527,False,0.6475108200758704,0.0,0.4,1.0117281980699446,1.0388283484390675,0.5897099865081934,0.7618374022673324,0.17212741575913904,0.5897099865081934,C,F,F,0.0,False
B_context_s231303,B,context,231303,train,17,44,1msc,T,0.2967530718851659,0.07637782539971377,R,0.368421052631579,False,0.13344613070757738,0.0,0.4,0.4694414196526039,0.5447504675401077,0.4807017543859649,False,0.16511476162880068,0.0,0.6,0.3742728756016419,0.4719900975146471,0.42280701754385963,False,0.14928044616818903,0.0,0.6,0.41015400618024384,0.49667986548760645,0.16511476162880068,-0.0355063809039462,-0.20062114253274688,0.16511476162880068,R,S,S,0.0,False
B_context_s231303,B,context,231303,train,18,61,2vzw,A,0.0003914613422031744,0.00027331920590809445,M,0.12105263157894736,False,0.018695290914939933,0.0,0.0,0.01568692066137969,0.019785382033288473,0.3614035087719299,False,0.02021536401920493,0.3333333333333333,0.2,0.012135291234851173,0.01629949987379249,0.1824561403508772,False,0.01945532746707243,0.0,0.2,0.013642027496323253,0.017768337884688665,0.02021536401920493,0.00696925703683457,-0.01324610698237036,0.02021536401920493,M,C,C,0.0,True
B_context_s231303,B,context,231303,train,18,18,2vzw,D,0.0019059984359285375,0.00017831109782254833,M,-0.16140350877192983,False,0.007692050177975196,0.3333333333333333,0.2,0.04156545847342465,0.04365774199301354,0.29298245614035084,False,0.00020491796557819963,0.3333333333333333,0.4,0.04030176360743746,0.0419249586917907,0.13157894736842105,False,0.003948484071776698,0.3333333333333333,0.4,0.040933611040431056,0.04276084005523025,0.00020491796557819963,0.0008341400089672824,0.0006292220433890827,0.00020491796557819963,M,W,W,0.0,True
B_context_s231303,B,context,231303,train,18,143,2vzw,L,0.0005446943160013811,0.0005404956445276039,M,-0.09473684210526316,False,0.05567282276777069,0.0,0.2,0.014979305251322794,0.023338687109633674,0.04912280701754386,False,0.0496601102401604,0.0,0.2,0.012996958628655323,0.019821495735753883,-0.07543859649122807,False,0.052666466503965545,0.0,0.2,0.013838893889543296,0.021416074319507695,0.0496601102401604,0.010053794174100322,-0.03960631606606008,0.0496601102401604,M,P,P,0.0,True
B_context_s231303,B,context,231303,train,18,5,2vzw,T,0.0008893552241215632,0.0003027608733046757,C,0.16842105263157894,True,0.0,0.3333333333333333,0.2,0.024823756365960774,0.029822059354135205,0.20350877192982456,False,0.0030237361845606436,0.3333333333333333,0.2,0.028768287540506244,0.03351529722475316,0.1701754385964912,True,0.0,0.3333333333333333,0.2,0.026523277923301405,0.03161134888618205,0.0,-0.021367604925451783,-0.021367604925451783,0.0030237361845606436,C,F,C,0.0030237361845606436,True
B_context_s231303,B,context,231303,train,19,37,6kys,A,0.00034471652865475513,0.00034450657549592604,M,0.14035087719298248,False,0.02255443744773361,0.3333333333333333,0.4,0.013097661250957982,0.018566543260789152,0.02631578947368421,False,0.035839627174653915,0.3333333333333333,0.2,0.014286077508045529,0.0210414872433157,0.07368421052631578,False,0.029197032311193763,0.3333333333333333,0.4,0.01352973491580487,0.01973811914074888,0.035839627174653915,0.004635652093586129,-0.031203975081067786,0.035839627174653915,M,P,P,0.0,False
B_context_s231303,B,context,231303,train,19,110,6kys,D,0.0011112215383529945,0.0003008400573845346,M,0.042105263157894736,False,0.026608751529875324,0.3333333333333333,0.2,0.029926057816222457,0.03333498970080829,0.3017543859649123,False,0.022592059030833667,0.3333333333333333,0.4,0.02514238689522332,0.027899571173587705,0.1701754385964912,False,0.024600405280354495,0.3333333333333333,0.2,0.027361290831128142,0.030542369488504164,0.022592059030833667,-0.02521632893253592,-0.047808387963369586,0.022592059030833667,M,Q,Q,0.0,False
B_context_s231303,B,context,231303,train,19,75,6kys,L,0.001590781053842224,0.0007405745769015936,M,0.6017543859649123,False,0.017144469728698625,0.3333333333333333,0.6,0.029954999969983437,0.03988459669900429,0.6210526315789473,False,0.009109665398264799,0.3333333333333333,0.6,0.043932660405385626,0.05519378207077859,0.6298245614035087,False,0.011938652797805593,0.3333333333333333,0.6,0.0365454803574569,0.04729405396057285,0.006732835866912562,-0.00031697369297345457,-0.007049809559886017,0.009109665398264799,M,T,F,0.002376829531352237,False
B_context_s231303,B,context,231303,train,19,50,6kys,T,0.0002565448843240829,0.00024831107099531637,M,0.10175438596491228,False,0.022949021699108202,0.0,0.2,0.01161804047293603,0.01601701858412117,0.03508771929824562,False,0.023413164131718567,0.0,0.2,0.01237370216656031,0.01680306979057203,0.12105263157894736,False,0.023069084470853873,0.0,0.0,0.011957823265733206,0.01631041020122048,0.023189147242599545,0.0253526335951198,0.0021634863525202552,0.023413164131718567,M,K,G,0.00022401688911902196,False
B_context_s231303,B,context,231303,train,20,65,1ji5,A,0.0002507678370141755,0.0001907604550220154,M,0.2508771929824561,False,0.0010158433763039695,0.0,0.4,0.011525068653823115,0.015835650823827086,0.6350877192982456,True,0.0,0.3333333333333333,0.6,0.011677291080223024,0.016299137526599682,0.48245614035087714,False,0.0003597104125719029,0.0,0.4,0.011585906268953722,0.016047506410280115,-0.0002964225511601637,-0.0018423639912095585,-0.0015459414400493948,0.0,M,M,S,0.0002964225511601637,True
B_context_s231303,B,context,231303,train,20,11,1ji5,D,0.0037711391039658257,0.0008567579165821739,M,-0.7403508771929824,False,0.05834590510691892,0.0,0.0,0.05398500891343496,0.06140960107316954,-0.7929824561403509,False,0.057735153158062255,0.0,0.0,0.05336936093523169,0.060877852591678897,-0.7684210526315789,False,0.05780293112669263,0.0,0.0,0.05367718492433333,0.06113488517324873,0.05670431160795318,0.05620954954573554,-0.0004947620622176435,0.057735153158062255,M,K,W,0.001030841550109074,True
B_context_s231303,B,context,231303,train,20,34,1ji5,L,0.0002898886771307593,0.00028885510139669933,M,-0.3298245614035088,False,0.01578513156668776,0.3333333333333333,0.2,0.01450531772199859,0.017026117500204187,-0.13157894736842105,False,0.010692209358560155,0.3333333333333333,0.2,0.01350357544565361,0.016237528424293397,-0.2368421052631579,False,0.013238670462623957,0.3333333333333333,0.2,0.014004446583826099,0.016602852867824633,0.010692209358560155,0.0007243590023367358,-0.00996785035622342,0.010692209358560155,M,W,W,0.0,True
B_context_s231303,B,context,231303,train,20,47,1ji5,T,0.00026530282060189094,0.0001733903570485831,M,-0.08771929824561404,False,0.001534279048298004,0.0,0.2,0.012072232981447176,0.016288119001342388,-0.1842105263157895,False,0.0010560693477143085,0.0,0.2,0.012570224802044538,0.01671757969047584,-0.15087719298245614,False,0.001171414705044449,0.0,0.2,0.012321228891745856,0.016494709060101195,0.000808550361790894,-0.0004464170620527286,-0.0012549674238436226,0.0010560693477143085,M,H,D,0.0002475189859234145,True
B_context_s231303,B,context,231303,train,21,8,6qyy,A,0.0027517951559114886,0.002713530320675472,M,-0.01754385964912281,False,0.14305821555796655,0.3333333333333333,0.2,0.04275586723773312,0.05245755575616814,-0.019298245614035085,False,0.1504896702503789,0.3333333333333333,0.2,0.0422494504823657,0.0533252819496277,-0.02280701754385965,False,0.14677394290417273,0.3333333333333333,0.2,0.04209360170219672,0.05181205764887766,0.1504896702503789,0.008373518872121122,-0.14211615137825778,0.1504896702503789,M,F,F,0.0,False
B_context_s231303,B,context,231303,train,21,24,6qyy,D,0.002371028711796525,0.00024146535741540278,M,-0.2157894736842105,False,0.03000125548023508,0.0,0.2,0.04614719226974834,0.04869321012006217,-0.3649122807017544,False,0.03224814522076075,0.0,0.2,0.0472388915811184,0.050371644879079844,-0.30877192982456136,False,0.031124700350497914,0.0,0.2,0.04669304192543339,0.04946021577403383,0.03224814522076075,0.0346083760417249,0.0023602308209641487,0.03224814522076075,M,T,T,0.0,False
B_context_s231303,B,context,231303,train,21,18,6qyy,L,0.0017079793497540264,0.0014657750676020718,M,0.13859649122807016,False,0.023559062901328365,0.3333333333333333,0.2,0.03268692173598976,0.04132770680492721,0.10526315789473684,False,0.025424962236344717,0.0,0.2,0.03987431563168392,0.051026470250945886,0.10526315789473684,False,0.02449201256883654,0.0,0.2,0.035940917828749266,0.045780251319104,0.025424962236344717,-0.07695924240298363,-0.10238420463932835,0.025424962236344717,M,K,K,0.0,True
B_context_s231303,B,context,231303,train,21,5,6qyy,T,0.0006999947531490219,0.0006715946454255911,M,-0.11754385964912278,False,0.059605753023434294,0.0,0.4,0.021154571113427518,0.026457413954296852,-0.15964912280701754,False,0.06545357796913237,0.0,0.2,0.02170700923656655,0.029020183173798363,-0.16140350877192983,False,0.06085330106009387,0.0,0.2,0.021271243893243003,0.027233198257815425,0.057792181776376794,0.034970135955135984,-0.02282204582124081,0.06545357796913237,M,E,Q,0.007661396192755576,False
B_context_s231303,B,context,231303,train,22,140,3nbc,A,0.00037106388578361186,0.000305817123444434,M,0.3578947368421052,False,0.010716311858122857,0.3333333333333333,0.4,0.014760615716829727,0.019263018605182623,0.30877192982456136,False,0.01285553093706096,0.3333333333333333,0.4,0.01403528719668489,0.017863980318981575,0.3298245614035088,False,0.011474034007509668,0.3333333333333333,0.4,0.01439795145675731,0.018500699672778845,0.010463010216635621,0.0030631602175262007,-0.00739984999910942,0.01285553093706096,M,C,Y,0.0023925207204253396,True
B_context_s231303,B,context,231303,train,22,119,3nbc,D,0.0010792549884121713,0.0001643818112411662,M,-0.09298245614035087,False,0.0020862368317879354,0.0,0.2,0.030335926309055957,0.03285201650450351,-0.0912280701754386,False,0.004012284978508279,0.0,0.4,0.033630703620729424,0.035885162066575514,-0.1105263157894737,False,0.0030492609051481073,0.0,0.2,0.031938787077946985,0.03435269522040719,0.004012284978508279,-0.001025347997812981,-0.00503763297632126,0.004012284978508279,M,C,C,0.0,True
B_context_s231303,B,context,231303,train,22,77,3nbc,L,0.000173700926883147,0.0001522022103161878,M,0.7087719298245614,True,0.0,0.3333333333333333,0.2,0.011377103552335809,0.013179564745588035,0.3719298245614035,True,0.0,0.3333333333333333,0.4,0.01246765208036403,0.014389160100650472,0.5263157894736842,True,0.0,0.3333333333333333,0.4,0.011873284890445018,0.013750218082588521,0.0,-0.0006510705526188709,-0.0006510705526188709,0.0,M,M,M,0.0,True
B_context_s231303,B,context,231303,train,22,5,3nbc,T,0.00120846438697294,0.0011696378008869781,M,-0.007017543859649123,False,0.013336657143606462,0.3333333333333333,0.2,0.029600970686960198,0.034762974368902036,-0.1456140350877193,False,0.011552697667255946,0.0,0.2,0.030533492496957377,0.03624829037413719,-0.03684210526315789,False,0.012444677405431204,0.3333333333333333,0.2,0.02977191041338481,0.03540193194917018,0.011552697667255946,-0.01820170094785739,-0.029754398615113337,0.011552697667255946,M,L,L,0.0,True
B_context_s231303,B,context,231303,train,23,2,3i07,A,0.005405869558400155,0.003082785977038011,M,0.10350877192982455,False,0.008893942069100214,0.0,0.4,0.06267291730893423,0.07352461872325591,0.31578947368421056,False,0.08471900765989884,0.3333333333333333,0.6,0.04589287521653841,0.06843685471897708,0.256140350877193,False,0.046806474864499514,0.3333333333333333,0.4,0.051595809665181964,0.06734092405665548,0.08471900765989884,-0.10451767328621292,-0.18923668094611176,0.08471900765989884,M,G,G,0.0,False
B_context_s231303,B,context,231303,train,23,137,3i07,D,0.002244871127840205,0.00040154469563803686,M,0.2596491228070175,False,0.027851930301261596,0.3333333333333333,0.6,0.04314081156732786,0.04738007099868261,0.19473684210526312,False,0.050255812689373236,0.3333333333333333,0.6,0.052224426163884896,0.05805140487691891,0.243859649122807,False,0.039053871495317416,0.3333333333333333,0.6,0.047682618865606374,0.05256643995466226,0.050255812689373236,0.018423280007640763,-0.03183253268173247,0.050255812689373236,M,W,W,0.0,False
B_context_s231303,B,context,231303,train,23,69,3i07,L,0.0038033373766979653,0.0019022575313558387,M,-0.005263157894736842,True,0.0,0.3333333333333333,0.2,0.05148353108350628,0.06167120378829949,-0.1280701754385965,True,0.0,0.3333333333333333,0.2,0.048482187109810414,0.05770846212218146,-0.056140350877192984,True,0.0,0.3333333333333333,0.2,0.049982859096658346,0.05874951880122336,0.0,-0.028247702449985923,-0.028247702449985923,0.0,M,M,M,0.0,False
B_context_s231303,B,context,231303,train,23,120,3i07,T,0.004217638715624229,0.002148503433635485,M,0.014035087719298246,True,0.0,0.3333333333333333,0.4,0.05576136901574825,0.06494335004928703,0.0017543859649122807,True,0.0,0.3333333333333333,0.4,0.03174875812272073,0.03844688787379961,0.028070175438596492,True,0.0,0.3333333333333333,0.4,0.04175695285651601,0.04935448749926622,0.0,-0.045435609132353394,-0.045435609132353394,0.0,M,M,M,0.0,False
B_context_s231303,B,context,231303,train,24,85,1aa0,A,0.487011934253658,0.4288902431642391,Y,-0.15263157894736842,False,1.6286029884634559,0.3333333333333333,0.2,0.5322567845625782,0.6978624035249771,-0.07017543859649124,False,2.4269569425776503,0.3333333333333333,0.2,0.6730537141307056,1.019797805741176,-0.11754385964912278,False,1.9121404682209953,0.3333333333333333,0.2,0.568571693837345,0.829082804880653,2.1956779479785347,-0.0386898031306071,-2.2343677511091418,2.4269569425776503,Y,V,P,0.2312789945991156,False
B_context_s231303,B,context,231303,train,24,78,1aa0,D,0.2940873723179327,0.10710598350127155,K,0.6666666666666666,False,0.09514950840928194,0.3333333333333333,0.6,0.4324134466186976,0.5422982318963733,0.40877192982456134,False,0.1365451120926604,0.0,0.6,0.18605457561531,0.2989532413923786,0.5929824561403508,False,0.042023525030088216,0.3333333333333333,0.6,0.2927475261272868,0.40330315094654806,-0.011384705953862095,-0.10104842541396053,-0.08966371946009843,0.1365451120926604,K,M,Q,0.1479298180465225,False
B_context_s231303,B,context,231303,train,24,75,1aa0,L,2.873527200244665,2.0833508410740813,P,0.5894736842105263,False,5.451901878054272,0.6666666666666666,0.8,0.9024849984602858,1.6951481351919262,0.5842105263157895,False,4.376421005214876,0.6666666666666666,0.8,0.6236866074339016,1.3763352202444412,0.6070175438596491,False,4.914161441634574,0.6666666666666666,0.8,0.7576734444578471,1.5303831481068362,4.376421005214876,3.650115898545586,-0.7263051066692903,4.376421005214876,P,R,R,0.0,False
B_context_s231303,B,context,231303,train,24,30,1aa0,T,0.09152749783631658,0.0690725508269764,P,-0.10350877192982455,True,0.0,0.3333333333333333,0.2,0.19899746283569683,0.30253511835209573,-0.26666666666666666,True,0.0,0.3333333333333333,0.2,0.1896892475982359,0.22953272533348715,-0.25789473684210523,True,0.0,0.3333333333333333,0.2,0.174465513027061,0.24278811471699147,0.0,-0.5199388230956199,-0.5199388230956199,0.0,P,P,P,0.0,False
B_context_s231303,B,context,231303,train,25,61,6o2k,A,0.053502057523922945,0.04058187892468747,M,0.2719298245614035,False,0.4978332769820022,0.3333333333333333,0.4,0.19053676288178034,0.23130511780746,0.20526315789473687,False,0.4569082235885591,0.0,0.4,0.18718304441158895,0.23035354954603843,0.21929824561403505,False,0.47737075028528064,0.0,0.4,0.18856592114362075,0.22954536530287134,0.4569082235885591,0.2833528451082904,-0.1735553784802687,0.4569082235885591,M,R,R,0.0,False
B_context_s231303,B,context,231303,train,25,51,6o2k,D,0.13924678125642923,0.030203801832806788,M,0.5140350877192983,False,0.2817328620411417,0.3333333333333333,0.6,0.33481026960457794,0.37315785032132076,0.4333333333333333,False,0.2995084756174471,0.3333333333333333,0.6,0.3107911571985596,0.33771629525257846,0.5175438596491229,False,0.2906206688292944,0.3333333333333333,0.6,0.3225459532087993,0.3548054559414965,0.2995084756174471,0.19727790565787762,-0.10223056995956947,0.2995084756174471,M,W,W,0.0,False
B_context_s231303,B,context,231303,train,25,63,6o2k,L,0.03969693542405804,0.03961072466094293,M,-0.3543859649122807,False,0.3620873695311151,0.0,0.2,0.14491160940797956,0.1992408979704168,-0.37543859649122807,False,0.29745365381195055,0.0,0.2,0.15416336127020916,0.20441794906468508,-0.3719298245614035,False,0.3297705116715328,0.0,0.2,0.14953748533909436,0.20098649992603546,0.29745365381195055,0.05338156498988533,-0.24407208882206521,0.29745365381195055,M,S,S,0.0,False
B_context_s231303,B,context,231303,train,25,97,6o2k,T,0.008509644279612016,0.008509469936950084,M,0.09649122807017543,False,0.01268819247860864,0.0,0.2,0.07384491584280113,0.09224773319497892,0.08421052631578947,True,0.0,0.3333333333333333,0.2,0.07434915004937688,0.08973887473488343,0.12631578947368421,True,0.0,0.3333333333333333,0.2,0.07307485401428003,0.08970009573470569,-0.022339404816190678,-0.1292642843179972,-0.10692487950180651,0.0,M,M,N,0.022339404816190678,False
B_context_s231303,B,context,231303,train,26,6,3fhk,A,0.005162242487795573,0.004104214456310431,M,0.19298245614035087,False,0.024317699621820704,0.0,0.0,0.046738693391983915,0.0718487472945463,0.2157894736842105,False,0.029190218974894044,0.3333333333333333,0.2,0.0474065101164291,0.07097912893695728,0.18771929824561404,False,0.026753959298357374,0.0,0.2,0.0470726017542065,0.07136575002321173,0.029190218974894044,0.0035807671590547263,-0.025609451815839318,0.029190218974894044,M,W,W,0.0,False
B_context_s231303,B,context,231303,train,26,143,3fhk,D,0.001294826377835024,0.0002172541941416488,M,-0.30877192982456136,False,0.013454094535713473,0.0,0.0,0.03282639461916851,0.03598369600020298,-0.13859649122807016,False,0.012161061862152184,0.0,0.0,0.029214628132315602,0.032272724200189826,-0.24035087719298245,False,0.01254213238432661,0.0,0.0,0.031020511375742046,0.03410907706689161,0.009706004435620919,-0.0019025860065757794,-0.011608590442196698,0.012161061862152184,M,Q,K,0.0024550574265312652,False
B_context_s231303,B,context,231303,train,26,14,3fhk,L,0.007560904015114005,0.006829822485878127,M,0.21052631578947367,False,0.02978236880310481,0.0,0.4,0.04631497394811262,0.08695345890253017,0.08421052631578947,False,0.030093908532874802,0.0,0.2,0.049306192074546056,0.08724541401510483,0.13684210526315788,False,0.027587053330627512,0.0,0.4,0.04772801215069734,0.08692259189222201,0.025391737858150215,-0.02529255816014389,-0.050684296018294106,0.030093908532874802,M,Q,A,0.004702170674724587,False
B_context_s231303,B,context,231303,train,26,23,3fhk,T,0.0009212406119571871,0.0008962713401935886,M,0.019298245614035085,False,0.05540081657252355,0.3333333333333333,0.2,0.023785107634524127,0.030351945768882546,0.0035087719298245615,False,0.06396127006893887,0.3333333333333333,0.2,0.0281069175993646,0.0345185048833462,0.007017543859649123,False,0.05968104332073121,0.3333333333333333,0.2,0.02589893784007033,0.03225757167267596,0.06396127006893887,0.01371472385120634,-0.05024654621773253,0.06396127006893887,M,W,W,0.0,False
B_context_s231303,B,context,231303,development,27,68,1xko,A,0.00039331657627356137,0.0003688364389651894,M,0.4070175438596491,False,0.0324070288077834,0.0,0.4,0.016421386861229813,0.01983221057455677,0.5105263157894736,False,0.02886204026173808,0.0,0.6,0.024378048595599826,0.030027889334130985,0.5105263157894736,False,0.03063453453476074,0.0,0.6,0.0193915758506494,0.02409268825049304,0.02886204026173808,0.018026633292694424,-0.010835406969043657,0.02886204026173808,M,S,S,0.0,False
B_context_s231303,B,context,231303,development,27,149,1xko,D,0.006207038493515174,0.0028650863314491665,M,-0.18947368421052632,False,0.02781473596352302,0.0,0.2,0.05780961997856418,0.0787847605410791,-0.10701754385964912,False,0.04968142346360427,0.0,0.2,0.06904154071219273,0.08963049474586593,-0.16140350877192983,False,0.03871231697808801,0.0,0.2,0.06342558034537846,0.08413013308032821,0.049609897992653,0.04401681414043415,-0.00559308385221885,0.04968142346360427,M,H,N,7.152547095126693e-05,True
B_context_s231303,B,context,231303,development,27,87,1xko,L,0.0002317532166973134,0.0002309167213798269,M,-0.021052631578947368,False,0.010863198392289705,0.3333333333333333,0.4,0.012668839324427927,0.015223442997473122,-0.21228070175438596,False,0.004416796982489993,0.3333333333333333,0.2,0.012547012500947035,0.014621896851096291,-0.12456140350877193,False,0.006735438293803624,0.3333333333333333,0.4,0.012352713268021918,0.014754820524144707,0.002607678195317542,0.0009872885781951612,-0.0016203896171223808,0.004416796982489993,M,W,H,0.0018091187871724507,True
B_context_s231303,B,context,231303,development,27,47,1xko,T,0.0031089249526104635,0.0030732263742967035,M,-0.30526315789473685,False,0.23426940359848553,0.0,0.0,0.03159096287550109,0.055757734464471055,-0.32280701754385965,False,0.24405032960551415,0.0,0.0,0.03419817944098574,0.06208632942445341,-0.3719298245614035,False,0.2391598666019998,0.0,0.0,0.03284654548595277,0.05866949849327483,0.24405032960551415,0.23035819618194628,-0.01369213342356787,0.24405032960551415,M,V,V,0.0,False
B_context_s231303,B,context,231303,development,28,25,4lr3,A,0.2481574813911546,0.07897247897319103,M,0.0912280701754386,False,0.07965247325285629,0.0,0.2,0.462256011297301,0.49815407394816574,0.1649122807017544,False,0.19723465944987417,0.0,0.2,0.6422793057169206,0.695967786819068,0.1842105263157895,False,0.13844356635136523,0.0,0.4,0.5457074905893349,0.5948091319244052,0.19723465944987417,-0.8083650743262067,-1.005599733776081,0.19723465944987417,M,H,H,0.0,False
B_context_s231303,B,context,231303,development,28,120,4lr3,D,0.13499652812974425,0.12492638130894754,M,0.4122807017543859,False,0.8331935719507331,0.3333333333333333,0.6,0.31833198202360957,0.36741873677011117,0.34912280701754383,False,0.9568220863339199,0.3333333333333333,0.4,0.32218854700808014,0.39269630277845546,0.3350877192982456,False,0.8675396035210956,0.3333333333333333,0.4,0.31650455450757226,0.3741845532319545,0.7647620565930904,0.1302673474748186,-0.6344947091182718,0.9568220863339199,M,A,Y,0.19206002974082947,False
B_context_s231303,B,context,231303,development,28,10,4lr3,L,0.6496767988277816,0.1258000490926163,M,0.2210526315789474,False,0.5369844532466908,0.0,0.4,0.7695500327690542,0.8060253090491524,0.32807017543859646,False,0.7139040029916588,0.0,0.2,0.7736818767376017,0.8218190179266082,0.2543859649122807,False,0.6254442281191748,0.0,0.4,0.771615954753328,0.8114760936423764,0.7139040029916588,-0.6424014470132935,-1.3563054500049523,0.7139040029916588,M,C,C,0.0,False
B_context_s231303,B,context,231303,development,28,3,4lr3,T,1.62941921454511,1.2686084606317658,M,0.3350877192982456,False,1.3025581898508642,0.3333333333333333,0.4,0.9372844704704574,1.2764870600774259,0.24736842105263157,False,1.3014219000720595,0.0,0.4,0.716313381426754,1.10338917595619,0.3649122807017544,False,1.3019900449614619,0.3333333333333333,0.4,0.8248188654590987,1.180614894096391,1.3014219000720595,0.48831425487187463,-0.8131076452001849,1.3014219000720595,M,F,F,0.0,False
B_context_s231303,B,context,231303,train,29,44,3lzq,A,0.0360013058378041,0.002552355054083462,M,0.14210526315789473,False,0.11743793776588446,0.3333333333333333,0.4,0.18289054317738968,0.18974010076366066,0.18947368421052632,False,0.1400069314773355,0.3333333333333333,0.4,0.19067111235719897,0.1976134290482026,0.1842105263157895,False,0.12872243462160998,0.3333333333333333,0.4,0.18678082776729435,0.1936164642476624,0.1400069314773355,0.17851909407696592,0.03851216259963042,0.1400069314773355,M,V,V,0.0,False
B_context_s231303,B,context,231303,train,29,90,3lzq,D,0.020372020766315415,0.00580118368995,M,-0.02280701754385965,False,0.191331019928435,0.0,0.2,0.12091876154271564,0.14273058805426192,-0.012280701754385965,False,0.227033104467448,0.0,0.2,0.12101074533908357,0.1436523022311688,-0.019298245614035085,False,0.2091820621979415,0.0,0.2,0.12064664697647394,0.14308838214503358,0.227033104467448,0.15761576649819664,-0.06941733796925137,0.227033104467448,M,C,C,0.0,False
B_context_s231303,B,context,231303,train,29,49,3lzq,L,0.013167542532289104,0.009248623695677475,M,-0.29298245614035084,False,0.2856997419460777,0.0,0.2,0.10483672831333588,0.11474991299469078,-0.38421052631578945,False,0.3336726535210106,0.0,0.2,0.1271561203446765,0.1407516652054939,-0.3298245614035088,False,0.30968619773354417,0.0,0.2,0.11599642432900618,0.12735974839292616,0.3336726535210106,0.10696740822673362,-0.226705245294277,0.3336726535210106,M,A,A,0.0,False
B_context_s231303,B,context,231303,train,29,74,3lzq,T,0.0032673388133718172,0.0029131954731520028,M,-0.30000000000000004,False,0.1884688458897619,0.3333333333333333,0.4,0.04362074388638868,0.057160640421288295,-0.27543859649122804,False,0.23775957613733256,0.3333333333333333,0.2,0.05082205000760918,0.0666035918340142,-0.28771929824561404,False,0.21311421101354722,0.3333333333333333,0.4,0.047084462653094857,0.06173906332251797,0.23775957613733256,0.13549377984869865,-0.10226579628863391,0.23775957613733256,M,W,W,0.0,False
B_context_s231303,B,context,231303,train,30,122,2zvy,A,0.002497278083471329,0.0008149358062151447,M,0.2824561403508772,False,0.07844007804278702,0.6666666666666666,0.4,0.04101636596843004,0.049972773421847715,0.36315789473684207,False,0.050292691990719396,0.6666666666666666,0.4,0.034446543397196105,0.039970292208748044,0.3456140350877193,False,0.06436638501675321,0.6666666666666666,0.4,0.03773145468281306,0.044834107253515464,0.050292691990719396,-0.019513144905373647,-0.06980583689609304,0.050292691990719396,M,Y,Y,0.0,False
B_context_s231303,B,context,231303,train,30,44,2zvy,D,0.0009863309551810856,0.000405395527886147,M,-0.056140350877192984,False,0.036906697837773006,0.3333333333333333,0.4,0.025480052604694898,0.03140590637413742,-0.18771929824561404,False,0.0394431266197387,0.3333333333333333,0.2,0.02121075128348352,0.027497929625836973,-0.1105263157894737,False,0.03621481748912364,0.3333333333333333,0.4,0.023026608708514543,0.02901316553746239,0.035522937140474276,-0.005773673456906825,-0.0412966105973811,0.0394431266197387,M,K,Y,0.003920189479264424,False
B_context_s231303,B,context,231303,train,30,17,2zvy,L,0.12320254170262956,0.06060912747779854,M,0.28771929824561404,False,0.0045175846408643805,0.3333333333333333,0.2,0.25322187686339825,0.3510021961507215,0.13684210526315788,False,0.0030154238383368615,0.3333333333333333,0.2,0.2734006156638781,0.3765156786821049,0.24035087719298245,False,0.003766504239600621,0.3333333333333333,0.2,0.2633112462636381,0.363651334398784,0.0030154238383368615,-0.0036840125895192255,-0.006699436427856087,0.0030154238383368615,M,P,P,0.0,False
B_context_s231303,B,context,231303,train,30,146,2zvy,T,0.0015008919228415428,0.00041238887317272767,M,0.4263157894736842,False,0.04458181023682373,0.3333333333333333,0.6,0.03345084975876048,0.03874134642525402,0.4403508771929824,False,0.04497468682679284,0.3333333333333333,0.4,0.01979887128642893,0.024978409070886966,0.4789473684210526,False,0.044778248531808285,0.6666666666666666,0.4,0.025993229714658235,0.03102618156584667,0.04497468682679284,-0.01488031300433229,-0.05985499983112513,0.04497468682679284,M,R,R,0.0,False
B_context_s231303,B,context,231303,train,31,39,4reu,A,0.0002308216812573131,0.0002122254618649255,M,-0.02456140350877193,False,0.003169261040344956,0.0,0.2,0.011156360777560631,0.015192816765080566,0.057894736842105256,False,0.0017630689978090225,0.0,0.2,0.010703798497035434,0.014777408177422669,0.019298245614035085,False,0.002417780940067088,0.0,0.2,0.010881001880232976,0.014923223969127018,0.0016663008397892198,0.001896801154986666,0.00023050031519744607,0.0017630689978090225,M,D,I,9.676815801980265e-05,False
B_context_s231303,B,context,231303,train,31,137,4reu,D,0.001168024232056117,9.34395515296992e-05,M,0.14912280701754385,False,0.005323398474370772,0.3333333333333333,0.2,0.032780858447063556,0.034176369497887236,-0.1824561403508772,False,0.009198259447858015,0.0,0.0,0.03262408036668456,0.03432021588883429,-0.010526315789473684,False,0.007233653960258081,0.0,0.2,0.03270246940687406,0.03423665474993007,0.007697365757864491,0.0033795795378060156,-0.0043177862200584755,0.009198259447858015,M,R,K,0.0015008936899935238,True
B_context_s231303,B,context,231303,train,31,149,4reu,L,0.0007515456744708059,0.00034619245843052894,M,0.29473684210526313,False,0.019872760112213048,0.0,0.2,0.022399215797105076,0.027414333376370944,0.3473684210526316,False,0.01149371512221952,0.0,0.4,0.01585163629173796,0.019677371058600627,0.34210526315789475,False,0.015683237617216284,0.0,0.2,0.018917577854022916,0.02335403901134529,0.01149371512221952,-0.0029638801637297263,-0.014457595285949247,0.01149371512221952,M,R,R,0.0,False
B_context_s231303,B,context,231303,train,31,62,4reu,T,0.0002591401267366012,0.0001649695941994172,M,0.04385964912280702,False,0.0005752362060467558,0.3333333333333333,0.4,0.012148438572909254,0.016097829876620052,-0.11754385964912278,False,0.0014819638820489367,0.3333333333333333,0.2,0.012061069945975854,0.016131232313004874,-0.028070175438596492,False,0.0010286000440478463,0.3333333333333333,0.2,0.012094672094423907,0.01610623414705574,0.0014819638820489367,-0.00042865134920883063,-0.0019106152312577673,0.0014819638820489367,M,E,E,0.0,True
B_context_s231303,B,context,231303,train,32,114,6mvm,A,0.0002566919748940088,0.0001849816039185124,M,0.2824561403508772,False,0.0006097961691863586,0.3333333333333333,0.2,0.01164943419783474,0.01602160962244458,0.16666666666666666,False,0.003088306341596396,0.0,0.2,0.011225770515251665,0.015560566093100163,0.28947368421052627,False,0.0018359996129594068,0.0,0.2,0.011437602356543205,0.015774551376084727,0.0003956982359262298,-0.000145369081820515,-0.0005410673177467448,0.003088306341596396,M,G,H,0.002692608105670166,True
B_context_s231303,B,context,231303,train,32,39,6mvm,D,0.0013097820855279205,0.00022694363365593256,M,0.01754385964912281,False,0.01149014034175751,0.0,0.0,0.03290651078239666,0.03619091164267516,0.04385964912280702,False,0.010302895537746475,0.0,0.2,0.033039513168074984,0.03619453132960245,0.031578947368421054,False,0.010896517939751993,0.0,0.2,0.032973011975235826,0.03618596638475502,0.010302895537746475,0.000310985766197959,-0.009991909771548516,0.010302895537746475,M,K,K,0.0,True
B_context_s231303,B,context,231303,train,32,29,6mvm,L,0.00020371293052278214,0.00019610108191982746,M,0.46140350877192987,False,0.019246989547510477,0.6666666666666666,0.4,0.01087103956206882,0.01427280387740202,0.4719298245614035,False,0.02053499089515838,0.6666666666666666,0.4,0.010577689864106904,0.014029214187494905,0.42105263157894735,False,0.019473476784397762,0.6666666666666666,0.4,0.010724364713087863,0.014134445534614322,0.019699964021285047,0.0038463611696087086,-0.01585360285167634,0.02053499089515838,M,Y,F,0.0008350268738733339,True
B_context_s231303,B,context,231303,train,32,88,6mvm,T,0.00033463530866366246,0.00020333348753824942,M,-0.28947368421052627,False,0.004336700091416484,0.0,0.0,0.013550029888158881,0.01829303989673839,-0.1649122807017544,False,0.004581066286704294,0.0,0.0,0.013810791449073911,0.01854982133627974,-0.2631578947368421,False,0.004458883189060389,0.0,0.0,0.013680410668616395,0.018414994196540566,0.004581066286704294,-0.0005445354197722366,-0.0051256017064765305,0.004581066286704294,M,R,R,0.0,True
B_context_s231303,B,context,231303,train,33,154,7ebl,A,0.11000208798023352,0.0666931014881142,M,0.3736842105263158,False,0.48250418802646955,0.0,0.2,0.2885702922587706,0.33166562676924105,-0.2614035087719298,False,1.0135868163558834,0.0,0.0,0.40590296735487874,0.45774992374398443,-0.2614035087719298,False,0.35667080445982435,0.0,0.0,0.24158378028296446,0.30104599063629417,-0.22698345818295174,0.24790876674074802,0.47489222492369976,1.0135868163558834,M,Q,P,1.2405702745388352,False
B_context_s231303,B,context,231303,train,33,104,7ebl,D,0.4886501475598688,0.460997204942845,M,0.22456140350877193,False,0.5755651560195272,0.6666666666666666,0.6,0.5106352302020888,0.6990351547382069,-0.24912280701754386,False,1.1800866136352726,0.0,0.2,0.5290390545103202,0.6394751790824426,0.014035087719298246,False,0.7668461320986708,0.3333333333333333,0.4,0.33943556892327753,0.5176284348234484,0.9581271081778144,0.8666571700201082,-0.09146993815770621,1.1800866136352726,M,G,F,0.22195950545745813,False
B_context_s231303,B,context,231303,train,33,30,7ebl,L,0.1028758630316311,0.09908263531093667,P,0.4719298245614035,True,0.0,0.3333333333333333,0.2,0.270688623251745,0.3207426741667393,0.2631578947368421,False,0.19469906288340688,0.6666666666666666,0.6,0.4089449621691053,0.5243335901581375,0.4,True,0.0,0.3333333333333333,0.4,0.23754409087174122,0.31803204333794366,0.0,-1.1611927576991032,-1.1611927576991032,0.19469906288340688,P,E,P,0.19469906288340688,False
B_context_s231303,B,context,231303,train,33,108,7ebl,T,0.12728336221198736,0.11101197628942726,P,0.4456140350877193,False,0.5300768437990424,0.3333333333333333,0.6,0.2732728282839281,0.35676793887902447,0.41052631578947374,True,0.0,0.3333333333333333,0.4,0.41419015895235,0.5567653343199497,0.46842105263157896,False,0.16544251168333002,0.6666666666666666,0.6,0.23223836995585131,0.3214217051290143,-0.32604859000512487,-0.0198106270311591,0.30623796297396577,0.0,P,P,L,0.32604859000512487,False
B_context_s231303,B,context,231303,train,34,94,4wfq,A,0.0004214471202530823,0.0001998529608032291,M,0.34210526315789475,False,0.0034443833907041935,0.3333333333333333,0.4,0.01604234341579071,0.020529177291189298,0.4508771929824561,False,0.004528825731683554,0.3333333333333333,0.6,0.016584445492505845,0.020912788527817864,0.4421052631578948,False,0.003986604561193874,0.3333333333333333,0.6,0.01631339445414828,0.020717847794763752,0.004528825731683554,-0.005659410996334907,-0.010188236728018461,0.004528825731683554,M,F,F,0.0,False
B_context_s231303,B,context,231303,train,34,75,4wfq,D,0.0015019303575764056,0.00014336849718290387,M,-0.042105263157894736,False,0.0009731119530172333,0.0,0.4,0.03685867415403735,0.03875474625870237,-0.07192982456140351,False,0.0022699562726596345,0.0,0.2,0.03587075979532875,0.037738514976785625,-0.042105263157894736,False,0.001621534112838434,0.0,0.4,0.03636471697468306,0.03824402339282688,0.0022699562726596345,0.003213461510435195,0.0009435052377755604,0.0022699562726596345,M,E,E,0.0,False
B_context_s231303,B,context,231303,train,34,189,4wfq,L,0.00032546075950388753,0.000242567217188912,M,-0.007017543859649123,False,0.003704828637504376,0.3333333333333333,0.4,0.016722840712856124,0.01804053102056277,-0.1087719298245614,False,0.0007553035391095891,0.3333333333333333,0.4,0.016178347597935003,0.01747777375680668,0.0017543859649122807,False,0.0022300660883069826,0.3333333333333333,0.4,0.01645059415539556,0.017731174956711206,0.0007553035391095891,0.00045419142067415486,-0.0003011121184354343,0.0007553035391095891,M,W,W,0.0,False
B_context_s231303,B,context,231303,train,34,122,4wfq,T,0.00023638941768840761,0.000235182323395866,M,0.03859649122807017,False,0.011148223293678358,0.0,0.2,0.011385702191108276,0.015374960737784263,-0.13508771929824562,False,0.013186275715549589,0.0,0.4,0.011678725729266764,0.01629598735071255,-0.05263157894736842,False,0.012167249504613974,0.0,0.4,0.011500559090287537,0.015817231401189697,0.013186275715549589,0.011264125002156303,-0.0019221507133932864,0.013186275715549589,M,P,P,0.0,False
B_context_s231303,B,context,231303,train,35,75,1s8a,A,0.0030707851393892063,0.0010533001930898352,M,0.24736842105263157,False,0.08976024680751066,0.3333333333333333,0.4,0.04963371910376322,0.055414665381911365,0.07368421052631578,False,0.01433662483413245,0.0,0.2,0.020408663419797125,0.024587311472687962,0.16315789473684209,False,0.04776066341756105,0.3333333333333333,0.4,0.029872370154521582,0.03486726476114952,0.005761080027611443,-0.006936243416805876,-0.012697323444417319,0.01433662483413245,M,V,Y,0.008575544806521007,True
B_context_s231303,B,context,231303,train,35,70,1s8a,D,0.0034775417066879896,0.0022082368952695158,M,0.3719298245614035,False,0.1082867190044231,0.6666666666666666,0.4,0.04963667607903768,0.05897068514684215,0.39649122807017545,False,0.03184981898093575,0.6666666666666666,0.6,0.041914430113736016,0.04959898147868193,0.39824561403508774,False,0.07006826899267943,0.6666666666666666,0.4,0.044448504645165574,0.05301422106008281,0.03184981898093575,-0.023659082225245154,-0.055508901206180905,0.03184981898093575,M,Y,Y,0.0,True
B_context_s231303,B,context,231303,train,35,76,1s8a,L,0.002567266975616192,0.001773434040068185,M,-0.015789473684210527,False,0.04999190791353514,0.3333333333333333,0.4,0.04235753188528039,0.05066820477988333,0.06315789473684211,False,0.032568068023665686,0.3333333333333333,0.4,0.025195398578968232,0.02967673621071314,0.08070175438596491,False,0.0323857204997125,0.3333333333333333,0.6,0.03207894290850406,0.0378949512528369,0.014779533085889862,-0.024979166249822937,-0.0397586993357128,0.032568068023665686,M,C,R,0.017788534937775824,True
B_context_s231303,B,context,231303,train,35,6,1s8a,T,0.260222138728241,0.18328101249523165,M,0.5157894736842105,True,0.0,0.3333333333333333,0.4,0.27738263506032496,0.5101197297970752,0.4666666666666667,False,0.027602629931505807,0.0,0.2,0.32501075497613807,0.6198841606083232,0.5070175438596491,False,0.013346332052591753,0.3333333333333333,0.4,0.3011966950182315,0.5648653614282224,0.0,0.04071466694167036,0.04071466694167036,0.027602629931505807,M,K,M,0.027602629931505807,False
B_context_s231303,B,context,231303,train,36,56,1qsm,A,0.08221178839713424,0.06616310824627386,P,0.4403508771929824,False,0.053500833291118655,0.3333333333333333,0.4,0.19190112577488713,0.2867259813779251,0.46140350877192987,False,0.04534269389910994,0.3333333333333333,0.4,0.18442838973980907,0.2620859428340714,0.4666666666666667,False,0.0494217635951143,0.3333333333333333,0.4,0.18816475775734806,0.27312217045538656,0.04534269389910994,-0.5637551291342928,-0.6090978230334028,0.04534269389910994,P,S,S,0.0,False
B_context_s231303,B,context,231303,train,36,26,1qsm,D,0.003871346559125512,0.0019581457140835142,M,0.07192982456140351,False,0.04472943573885446,0.0,0.2,0.05257130165460071,0.06222014592658484,0.06315789473684211,False,0.04165899057335265,0.0,0.2,0.030781223948686782,0.040637888190467666,0.07543859649122807,False,0.043194213156103556,0.0,0.2,0.0416296422655176,0.050631260050910565,0.04165899057335265,-0.08253079715226769,-0.12418978772562034,0.04165899057335265,M,P,P,0.0,False
B_context_s231303,B,context,231303,train,36,45,1qsm,L,0.012446055854709323,0.004405323116534242,M,-0.46842105263157896,False,0.19858539145148363,0.0,0.2,0.0973959709211877,0.11156189248443808,-0.4280701754385965,False,0.17323847260705344,0.0,0.4,0.072524806754125,0.08310165969701352,-0.42280701754385963,False,0.18591193202926853,0.0,0.4,0.0834035774717015,0.0967840025802713,0.17323847260705344,0.0067999295097659895,-0.16643854309728745,0.17323847260705344,M,A,A,0.0,False
B_context_s231303,B,context,231303,train,36,116,1qsm,T,0.007940771313263293,0.007876290658007394,M,-0.3543859649122807,False,0.12834325087971937,0.0,0.2,0.07404635694339343,0.08911100556756889,-0.3017543859649123,False,0.11956345584907224,0.0,0.2,0.05900910607574909,0.07424838961951324,-0.32631578947368417,False,0.12395335336439581,0.0,0.2,0.06583193949088424,0.0811254089228125,0.11956345584907224,0.006933525129293738,-0.1126299307197785,0.11956345584907224,M,G,G,0.0,False
B_context_s231303,B,context,231303,train,37,25,4cl6,A,0.0031830122495336267,0.002484696763799088,M,0.2543859649122807,False,0.020179831653846417,0.0,0.2,0.04130353060872214,0.05641819076799279,0.31052631578947365,False,0.018056286349679068,0.0,0.2,0.042019730350190916,0.05801602657297546,0.28070175438596495,False,0.019118059001762742,0.0,0.2,0.04165239689347673,0.05721185923210882,0.018056286349679068,-0.0026609429349896546,-0.020717229284668723,0.018056286349679068,M,W,W,0.0,False
B_context_s231303,B,context,231303,train,37,83,4cl6,D,0.0012573867040358618,0.000200258846937498,M,-0.20526315789473687,False,0.006452382888659958,0.0,0.2,0.03293791652524839,0.035459648955338825,-0.28596491228070176,False,0.004714353880772168,0.0,0.2,0.03081090553418435,0.03321316151246831,-0.1842105263157895,False,0.005130575602353249,0.0,0.2,0.031874411029716374,0.03433010433598821,0.003801844774810645,-0.004603013780304727,-0.008404858555115371,0.004714353880772168,M,Q,G,0.0009125091059615231,False
B_context_s231303,B,context,231303,train,37,12,4cl6,L,0.00032333416398337966,0.00015554066659669973,M,0.12456140350877193,False,0.0005026417683048068,0.3333333333333333,0.2,0.015715433527742514,0.017981495043054112,0.02456140350877193,False,0.0002696988842796899,0.3333333333333333,0.2,0.0159173800168734,0.018282615487291785,0.05964912280701754,False,0.00038617032629224834,0.3333333333333333,0.2,0.015816406772307955,0.01812162198920664,0.0002696988842796899,0.0008563646542364689,0.000586665769956779,0.0002696988842796899,M,K,K,0.0,False
B_context_s231303,B,context,231303,train,37,1,4cl6,T,0.001738449722149054,0.0005587129274093954,M,0.25789473684210523,False,0.059119660590661385,0.3333333333333333,0.4,0.036004106850470695,0.04169472055487426,0.243859649122807,False,0.05220172505317947,0.3333333333333333,0.4,0.036791400467349966,0.04048235333449073,0.24912280701754386,False,0.055273261561276314,0.3333333333333333,0.4,0.03639775365891033,0.04097398737090345,0.05134706279332012,0.0024126311822262048,-0.04893443161109391,0.05220172505317947,M,Y,I,0.0008546622598593553,True
B_context_s231303,B,context,231303,train,38,142,1rvv,A,0.00022287238923586838,0.00015530122650291665,M,0.28947368421052627,True,0.0,0.3333333333333333,0.4,0.011436503604369272,0.014928911187218858,0.2596491228070175,True,0.0,0.3333333333333333,0.4,0.011685987250051317,0.014819437930625571,0.27017543859649124,True,0.0,0.3333333333333333,0.4,0.011561245427210291,0.014816358527616105,0.0,-0.00990944752816985,-0.00990944752816985,0.0,M,M,M,0.0,True
B_context_s231303,B,context,231303,train,38,48,1rvv,D,0.0013587708990363838,0.0001669650495474224,M,-0.22982456140350876,False,0.0055082727114201535,0.0,0.0,0.034522541179481,0.03686150972269562,0.02982456140350877,False,0.01058366689815294,0.0,0.4,0.03537497536617343,0.037531563460519626,-0.16842105263157894,False,0.006751576483930068,0.0,0.0,0.03494875827282722,0.037172424926941616,0.005209961888846662,0.006765707233185779,0.001555745344339117,0.01058366689815294,M,V,H,0.005373705009306277,True
B_context_s231303,B,context,231303,train,38,148,1rvv,L,0.0006546194033501753,0.0003091817494329178,M,0.32105263157894737,False,0.00653689868073612,0.3333333333333333,0.6,0.02175776240761931,0.02558553113285271,0.36315789473684207,False,0.011265549727298547,0.0,0.6,0.020519282676652425,0.023777877365701805,0.2982456140350877,False,0.008857970332271512,0.0,0.6,0.02105167055049265,0.024641076833290705,0.010164522119241189,0.010552071792531044,0.00038754967328985535,0.011265549727298547,M,W,T,0.0011010276080573589,True
B_context_s231303,B,context,231303,train,38,116,1rvv,T,0.0004285108295277722,0.00019479082171116439,M,0.09649122807017543,False,0.009220874086190003,0.3333333333333333,0.4,0.01625813192740544,0.020700503122575844,-0.46140350877192987,False,0.004927584104267968,0.0,0.0,0.014947451153679467,0.02030878573760654,-0.14210526315789473,False,0.006311674455686634,0.3333333333333333,0.4,0.015422251989280105,0.020427474266493093,0.0034024748251832646,-0.0015439107333116361,-0.004946385558494901,0.004927584104267968,M,D,W,0.0015251092790847035,True
B_context_s231303,B,context,231303,train,39,101,2ja9,A,0.0024425640980647897,0.0015946589936465725,P,0.1105263157894737,True,0.0,0.3333333333333333,0.4,0.03536376710046453,0.049422303649918925,0.14035087719298248,False,0.005445905118075273,0.3333333333333333,0.4,0.033229834352980166,0.046185805699492787,0.09649122807017543,False,0.002304964406834184,0.3333333333333333,0.4,0.03425526515574363,0.047773048901354205,0.0,-0.006543149290220221,-0.006543149290220221,0.005445905118075273,P,C,P,0.005445905118075273,False
B_context_s231303,B,context,231303,train,39,95,2ja9,D,0.0014357950444231465,0.00019447036861265461,M,-0.14385964912280702,False,0.006690009571622274,0.0,0.0,0.0352324378351895,0.0378918862610869,-0.2719298245614035,False,0.006078833024983882,0.0,0.0,0.03515596043584601,0.03792256776404259,-0.2543859649122807,False,0.0046941701550082815,0.0,0.0,0.03519419913551776,0.03788374672259172,0.002698330738394289,-0.0018378657237385632,-0.004536196462132852,0.006078833024983882,M,E,N,0.003380502286589593,False
B_context_s231303,B,context,231303,train,39,51,2ja9,L,0.0009208022763187894,0.0006074307509704871,M,-0.07192982456140351,False,0.0441975590283645,0.3333333333333333,0.2,0.02151149726615572,0.030344724027724975,-0.06315789473684211,False,0.0358484571424811,0.3333333333333333,0.2,0.019201248653467354,0.025676395653329624,-0.07192982456140351,False,0.0400230080854228,0.3333333333333333,0.2,0.01984777650468262,0.02765169673211484,0.0358484571424811,-0.013279351991205543,-0.04912780913368664,0.0358484571424811,M,W,W,0.0,False
B_context_s231303,B,context,231303,train,39,78,2ja9,T,0.0026200038422910924,0.00042708111003528053,M,0.18771929824561404,False,0.005684221677463158,0.3333333333333333,0.6,0.0470770333619932,0.051185973100949175,0.2964912280701754,False,0.005992747049736694,0.6666666666666666,0.6,0.04652719520338994,0.05033147672471318,0.2596491228070175,False,0.005792100855377166,0.6666666666666666,0.6,0.04676435831614434,0.05073427009272905,0.004775444523247976,-0.04144718238440881,-0.046222626907656786,0.005992747049736694,M,H,Y,0.0012173025264887172,False
C_context_s231303,C,context,231303,development,0,49,5oi7,A,49.61051615826245,19.81599801936612,D,0.09298245614035087,False,7.769239152689331,0.3333333333333333,0.4,5.9523971241842775,7.043473302161544,0.1,False,1.699980654372034,0.0,0.2,2.5057129976838373,2.775526673172451,0.14385964912280702,False,4.734609903530683,0.6666666666666666,0.6,4.18245724727581,4.496073201201308,1.699980654372034,-0.10972948391483506,-1.809710138286869,1.699980654372034,D,I,I,0.0,False
C_context_s231303,C,context,231303,development,0,53,5oi7,D,87.44856023758312,0.00837828939052773,A,-0.10350877192982455,False,0.04396533240821476,0.0,0.2,9.350945510919876,9.351393491752079,0.24035087719298245,False,0.12297710809587947,0.0,0.4,1.0868038307128203,1.0880602792161385,-0.05263157894736842,False,0.03833471897733354,0.0,0.0,4.132070840103529,4.132528954442135,0.007608819760024588,-1.0459712869917208,-1.0535801067517454,0.12297710809587947,A,P,E,0.11536828833585488,False
C_context_s231303,C,context,231303,development,0,45,5oi7,L,89.87704662641961,1.3202930013589065,D,-0.10526315789473684,False,4.742389332518758,0.0,0.0,9.410459798812207,9.48035055398373,-0.05964912280701754,False,0.07854269565233984,0.3333333333333333,0.2,0.7589224320519911,0.828243516985795,-0.1,False,2.0850259989091593,0.0,0.0,4.341931169203956,4.387153697128591,-0.572337334700439,-1.2039629936510927,-0.6316256589506537,0.07854269565233984,D,P,W,0.6508800303527789,False
C_context_s231303,C,context,231303,development,0,79,5oi7,T,7.280058254496433,7.202406614890712,G,-0.05964912280701754,False,8.509179953174904,0.0,0.2,1.3530538399672927,2.698158307901231,-0.012280701754385965,False,2.8218194141181536,0.0,0.2,0.5459390575330391,0.7838880868973904,0.02982456140350877,False,5.665499683646528,0.0,0.0,0.7238541913493097,1.521255556463791,2.8218194141181536,0.08310937258547924,-2.7387100415326744,2.8218194141181536,G,P,P,0.0,False
C_context_s231303,C,context,231303,development,1,42,1c5e,A,0.026291574810021093,0.016065274583245467,T,0.1842105263157895,False,0.018499419081145364,0.3333333333333333,0.4,0.10572839517719466,0.16214676934808506,0.1087719298245614,False,0.02157940723137121,0.3333333333333333,0.2,0.10286774325270048,0.15427133203451432,0.12280701754385966,False,0.016629622927036583,0.3333333333333333,0.4,0.10364900581363257,0.15811970448528287,0.009181137829849612,0.012873250135805592,0.00369211230595598,0.02157940723137121,T,G,R,0.012398269401521597,True
C_context_s231303,C,context,231303,development,1,35,1c5e,D,0.0011037340768702039,0.0006494179456382126,N,0.10350877192982455,False,0.008390106435485947,0.0,0.6,0.02214318693372596,0.033222493537815666,0.2912280701754386,False,0.0024896112832008266,0.3333333333333333,0.6,0.018404945601926286,0.03061031573094789,0.2368421052631579,False,0.005439858859343387,0.3333333333333333,0.6,0.020141455079191416,0.03182293352994327,0.0024896112832008266,-0.005503454629128171,-0.007993065912328998,0.0024896112832008266,N,K,K,0.0,False
C_context_s231303,C,context,231303,development,1,12,1c5e,L,0.007305674519277693,0.004429649758059519,A,0.056140350877192984,False,0.26548590144383755,0.0,0.2,0.05418252861638873,0.08547323861465467,0.057894736842105256,False,0.25243062399575467,0.3333333333333333,0.2,0.041992038659401654,0.07032589881372095,0.09298245614035087,False,0.2589582627197961,0.3333333333333333,0.2,0.04784798603328679,0.07766886463158158,0.25243062399575467,0.23599385643515308,-0.016436767560601598,0.25243062399575467,A,Q,Q,0.0,True
C_context_s231303,C,context,231303,development,1,38,1c5e,T,0.007613722950539918,0.00618903766431913,F,-0.02982456140350877,False,0.010840527152342155,0.0,0.2,0.03805894715998766,0.08725664989294465,-0.14035087719298248,False,0.021160116656606914,0.0,0.2,0.036710899568440446,0.08015261013579521,-0.13684210526315788,False,0.016000321904474535,0.0,0.2,0.03724335050847528,0.08365090398768037,0.021160116656606914,0.012858813446966294,-0.00830130320964062,0.021160116656606914,F,C,C,0.0,False
C_context_s231303,C,context,231303,development,2,75,4gn0,A,0.0029165194538265282,0.002755676189651949,D,-0.28771929824561404,False,0.10549227495031133,0.3333333333333333,0.2,0.0458162762714528,0.054004809543470554,-0.11754385964912278,False,0.045250002863518546,0.3333333333333333,0.2,0.03477553919319944,0.04502258518412049,-0.24035087719298245,False,0.06973786193437093,0.3333333333333333,0.2,0.03791608395087817,0.04726929670718773,0.027185719076349812,-0.023728714327260647,-0.05091443340361046,0.045250002863518546,D,G,F,0.018064283787168733,False
C_context_s231303,C,context,231303,development,2,29,4gn0,D,0.018045860570378085,0.012310043634953008,T,0.019298245614035085,False,0.11745934766557653,0.0,0.2,0.12163010396698534,0.13433488218023673,0.12280701754385966,False,0.14059701274337222,0.0,0.4,0.1027171143215947,0.16575913679668375,0.08070175438596491,False,0.11180904645267731,0.0,0.4,0.10706538636247431,0.13883207389461033,0.0892280568409003,-0.010310525132895876,-0.09953858197379617,0.14059701274337222,T,C,K,0.051368955902471924,False
C_context_s231303,C,context,231303,development,2,23,4gn0,L,0.016855790543808095,0.015805401264820624,E,0.28421052631578947,False,0.08761688790588984,0.0,0.2,0.08213935217785724,0.1298298522829326,-0.042105263157894736,False,0.182220461851335,0.0,0.4,0.10497966208265282,0.1637518465912798,-0.007017543859649123,False,0.12685656851589577,0.0,0.4,0.08257496441562606,0.13998688773047374,0.13394150918955994,0.00542949190595543,-0.1285120172836045,0.182220461851335,E,C,F,0.048278952661775065,False
C_context_s231303,C,context,231303,development,2,45,4gn0,T,0.008551314206516164,0.0027250128901311387,M,0.19824561403508772,False,0.14677898992971095,0.3333333333333333,0.4,0.07633021234337702,0.09247331618643383,0.12631578947368421,False,0.10423961661871495,0.3333333333333333,0.4,0.06414926747289014,0.07768857267112017,0.11578947368421051,False,0.12550930327421295,0.3333333333333333,0.4,0.06588794731248145,0.07993959043625465,0.10423961661871495,-0.02572363727066751,-0.12996325388938246,0.10423961661871495,M,P,P,0.0,False
C_context_s231303,C,context,231303,train,3,54,1v70,A,4.169148760984543e-05,3.861585471697012e-05,I,0.5263157894736842,True,0.0,0.6666666666666666,0.8,0.004647859974665823,0.006456894579427903,0.5807017543859649,True,0.0,1.0,0.6,0.0043066146488331845,0.005969612540382628,0.5666666666666667,True,0.0,1.0,0.6,0.0044267253476490765,0.006188605658935038,0.0,-0.011968924170953639,-0.011968924170953639,0.0,I,I,I,0.0,True
C_context_s231303,C,context,231303,train,3,4,1v70,D,0.00021777919432886878,7.158000822268329e-05,T,0.7842105263157895,False,0.002472785392949123,0.3333333333333333,0.8,0.012661284525802929,0.01475734374231585,0.763157894736842,False,0.009649908473187557,0.3333333333333333,0.8,0.012406701926037968,0.014571953385889782,0.7736842105263159,False,0.004895587340672022,0.3333333333333333,0.8,0.012460915967712503,0.014605490490098688,0.0056957362765573255,-0.0246617775889192,-0.030357513865476526,0.009649908473187557,T,S,V,0.003954172196630232,True
C_context_s231303,C,context,231303,train,3,69,1v70,L,3.115014011961151e-05,3.562291395490918e-06,C,0.7157894736842104,True,0.0,0.3333333333333333,0.6,0.0052524136093914575,0.005581231057715808,0.19824561403508772,False,0.001281542935194016,0.0,0.2,0.005995680505795194,0.0068166840406598496,0.41578947368421054,False,8.841978898389835e-05,0.3333333333333333,0.4,0.005624047057593326,0.006140575218903273,0.0,-0.0006431844396960762,-0.0006431844396960762,0.001281542935194016,C,W,C,0.001281542935194016,True
C_context_s231303,C,context,231303,train,3,100,1v70,T,4.0487580075916114e-05,3.6829525803280984e-05,C,0.6982456140350877,False,3.622594735713802e-06,0.6666666666666666,0.8,0.004827703364722506,0.006362985154462967,0.7543859649122807,True,0.0,0.6666666666666666,1.0,0.005171877415222676,0.006862587476912882,0.6859649122807018,True,0.0,0.6666666666666666,0.8,0.004945600486599147,0.006573157967156459,-0.0015633231581790724,-0.006624674603185693,-0.0050613514450066205,0.0,C,C,Q,0.0015633231581790724,True
C_context_s231303,C,context,231303,train,4,30,1ub9,A,0.0014710116919251684,0.00138789370462344,H,0.8491228070175438,True,0.0,0.6666666666666666,0.6,0.030550200445135577,0.038353770243943014,0.719298245614035,True,0.0,0.6666666666666666,0.6,0.043657289150931235,0.05570683731556537,0.8245614035087718,True,0.0,0.6666666666666666,0.6,0.036114019519229074,0.04648623407268147,0.0,-0.13762542422628593,-0.13762542422628593,0.0,H,H,H,0.0,False
C_context_s231303,C,context,231303,train,4,40,1ub9,D,0.007551624228744143,0.0034035585474709363,E,0.6280701754385966,False,0.06338091447671751,0.6666666666666666,0.6,0.07068947327988113,0.08690008186845478,0.6824561403508772,False,0.08852518948537957,0.6666666666666666,0.8,0.07405538779087469,0.09284674772751275,0.6473684210526316,False,0.07595305198104854,0.6666666666666666,0.6,0.07195975264475178,0.08904740228029163,0.08852518948537957,-0.038566219841300486,-0.12709140932668006,0.08852518948537957,E,C,C,0.0,False
C_context_s231303,C,context,231303,train,4,12,1ub9,L,0.05064460325732794,0.025631826162035947,H,0.4350877192982456,False,0.08566155906980688,0.0,0.4,0.15866251682786955,0.22504355857772942,0.28421052631578947,False,0.11187444527481477,0.0,0.4,0.1337489029263741,0.1941094222122502,0.3596491228070175,False,0.09876800217231083,0.0,0.4,0.14543539056854446,0.20915703244649192,0.11187444527481477,0.08956642180112234,-0.02230802347369243,0.11187444527481477,H,P,P,0.0,False
C_context_s231303,C,context,231303,train,4,61,1ub9,T,0.0005112410351601325,0.0002435360249550618,H,0.8912280701754386,True,0.0,0.6666666666666666,0.8,0.019087766366375422,0.022610639866225204,0.6842105263157895,True,0.0,0.6666666666666666,0.6,0.025586719816785092,0.03072037031040099,0.8263157894736841,True,0.0,0.6666666666666666,0.8,0.021759139220683964,0.025648079617228522,0.0,-0.0036362817026044936,-0.0036362817026044936,0.0,H,H,H,0.0,True
C_context_s231303,C,context,231303,train,5,92,2wpq,A,0.1104305538025805,0.11013737708137092,G,0.7736842105263159,False,0.2810850489829626,0.3333333333333333,0.6,0.2173285661922235,0.332310929405851,0.6824561403508772,False,0.028675372616152828,0.6666666666666666,0.6,0.10701978731733111,0.13628080097370754,0.9,False,0.15488021079955772,0.3333333333333333,0.6,0.14109404148960372,0.2032985239612647,0.028675372616152828,-0.1133693383993517,-0.14204471101550453,0.028675372616152828,G,P,P,0.0,False
C_context_s231303,C,context,231303,train,5,68,2wpq,D,0.0880280860962234,0.08147625244546326,M,0.7754385964912281,True,0.0,0.6666666666666666,0.4,0.24289175051566234,0.2966952748127671,0.7052631578947368,False,0.11380099073605798,0.0,0.4,0.11649760635325335,0.16427035380097618,0.780701754385965,True,0.0,0.6666666666666666,0.6,0.17691018027147057,0.22659411168305682,0.0,-0.13989409057958113,-0.13989409057958113,0.11380099073605798,M,R,M,0.11380099073605798,False
C_context_s231303,C,context,231303,train,5,97,2wpq,L,0.20360095179151153,0.19327225112190383,G,0.6228070175438596,False,0.2924931861517628,0.6666666666666666,0.6,0.3075529803095867,0.45122162159133233,0.4245614035087719,False,0.051849193334659205,1.0,0.8,0.09840022762339606,0.13104791034114716,0.6684210526315789,False,0.172171189743211,0.6666666666666666,0.8,0.18790897210194318,0.25825798787405546,0.051849193334659205,-0.1551049546220753,-0.2069541479567345,0.051849193334659205,G,S,S,0.0,False
C_context_s231303,C,context,231303,train,5,44,2wpq,T,0.9791045266412887,0.3270112521060756,P,0.7210526315789473,False,0.8101366581172318,0.3333333333333333,0.8,0.8211374044067281,0.9894971079499367,0.6894736842105263,False,0.39265704649424293,0.3333333333333333,0.8,0.5581247552685492,0.630004545591339,0.7701754385964912,False,0.6013968523057374,0.3333333333333333,0.8,0.6896310798376387,0.8005529075888806,0.39265704649424293,0.28638752179827165,-0.10626952469597128,0.39265704649424293,P,G,G,0.0,False
C_context_s231303,C,context,231303,train,6,36,3vub,A,0.00029293155302143536,7.42806568400364e-05,H,0.8280701754385964,True,0.0,0.6666666666666666,0.6,0.014786848757642685,0.01711524329425192,-0.008771929824561405,False,1.0138052214735336,0.0,0.0,0.5771611066490988,0.646672273496752,-0.014035087719298246,False,0.5038241738565098,0.0,0.0,0.28843249485884564,0.32295027393725323,0.0,0.2998488204385333,0.2998488204385333,1.0138052214735336,H,D,H,1.0138052214735336,False
C_context_s231303,C,context,231303,train,6,88,3vub,D,0.0001163580982053795,4.006006493777898e-05,H,0.6134270006943829,True,0.0,0.3333333333333333,0.4,0.008863947749841724,0.010786941095851942,0.03773585268935403,False,0.7153957274468091,0.0,0.2,0.6321539156272202,0.6718469285130777,0.15708645654405518,False,0.35658725920203804,0.3333333333333333,0.2,0.3132800971055561,0.3330680735159765,0.0,-0.017768262309630134,-0.017768262309630134,0.7153957274468091,H,R,H,0.7153957274468091,False
C_context_s231303,C,context,231303,train,6,40,3vub,L,0.0008552224938289759,0.0006927215707864359,F,0.6438596491228071,False,0.010785331410798168,0.6666666666666666,0.8,0.015124538222863158,0.029244187351146825,0.24912280701754386,False,0.039333891693829726,0.0,0.2,0.6846194013029996,0.6866548119168461,0.38070175438596493,False,0.02505961155231401,0.0,0.4,0.3359359081571809,0.3381973395595153,0.039333891693829726,-0.6953375121186423,-0.734671403812472,0.039333891693829726,F,G,G,0.0,False
C_context_s231303,C,context,231303,train,6,6,3vub,T,0.00014637617064722097,3.007319651320477e-05,M,0.6722247246522137,False,0.005895001468644856,0.3333333333333333,0.6,0.010986233086692864,0.012098602012101273,-0.21237386862380642,False,0.023159948995830182,0.6666666666666666,0.4,0.46884972648615425,0.5636967856234365,-0.1930671532943695,False,0.006572673126021056,0.6666666666666666,0.4,0.23090342076475545,0.2784005499380424,-0.6547581513480676,-0.7165733316088722,-0.061815180260804514,0.023159948995830182,M,N,G,0.6779181003438979,False
C_context_s231303,C,context,231303,train,7,56,3nxa,A,0.008224716945046168,0.0036270673030959102,F,0.9421052631578948,False,0.001050013663134397,0.6666666666666666,0.8,0.06994728090526721,0.09069022519018335,0.9140350877192982,False,0.030597752425902125,0.6666666666666666,0.8,0.07543974952449724,0.09452565348989006,0.956140350877193,False,0.01582388304451826,0.6666666666666666,0.8,0.07234111298503516,0.09202215197471979,0.030597752425902125,-0.193954269218376,-0.22455202164427812,0.030597752425902125,F,P,P,0.0,False
C_context_s231303,C,context,231303,train,7,74,3nxa,D,0.0012852055292195332,0.0010079943699904056,N,0.7087719298245614,False,0.009440811447635644,1.0,0.8,0.022560694202476795,0.0358497633077198,0.5157894736842105,False,0.022139092217372758,0.6666666666666666,0.8,0.10656422666952506,0.22112919837260384,0.6087719298245614,False,0.0157899518325042,1.0,0.8,0.06259721195085222,0.11557734574383013,0.022139092217372758,-0.059743073152831894,-0.08188216537020465,0.022139092217372758,N,G,G,0.0,False
C_context_s231303,C,context,231303,train,7,39,3nxa,L,0.01792190901605768,0.0019340615817154314,F,0.8719298245614034,False,0.013007687444375082,1.0,1.0,0.1264430600481586,0.13387273440121286,0.7929824561403509,False,0.00048539558885429823,1.0,1.0,0.16181129419007242,0.2780574168614041,0.8228070175438595,False,0.00674654151661469,1.0,1.0,0.13862986555429893,0.1684551772659799,0.00048539558885429823,-0.22490411510071395,-0.22538951068956825,0.00048539558885429823,F,Y,Y,0.0,False
C_context_s231303,C,context,231303,train,7,3,3nxa,T,0.01714733255145344,0.0042666068697243134,N,0.5298245614035089,True,0.0,1.0,0.6,0.1277738252994801,0.13094782377517175,0.4666666666666667,True,0.0,0.6666666666666666,0.6,0.14573388544517552,0.15364776841270741,0.5403508771929825,True,0.0,1.0,0.6,0.13675385537232784,0.1419343635170514,0.0,-0.07232142834127431,-0.07232142834127431,0.0,N,N,N,0.0,False
C_context_s231303,C,context,231303,train,8,48,2v66,A,29.344022208433586,18.00894756859918,D,0.028070175438596492,False,4.360513194982181,0.0,0.2,3.6986651059636384,5.417012295392506,0.2368421052631579,False,6.631083561668827,0.3333333333333333,0.4,3.1495438354537186,4.761630740901445,0.13684210526315788,False,5.495798378325504,0.0,0.4,2.9870195508625144,4.763240455712514,6.631083561668827,-1.4472763036671203,-8.078359865335948,6.631083561668827,D,C,C,0.0,False
C_context_s231303,C,context,231303,train,8,42,2v66,D,8.363147473128823,6.643347584349429,Y,0.07368421052631578,False,5.285736337101444,0.3333333333333333,0.2,2.040460224120996,2.891910695911757,-0.15789473684210528,False,6.2832393363736365,0.3333333333333333,0.2,2.771031808773241,3.201571412296551,-0.06140350877192983,False,5.78448783673754,0.3333333333333333,0.2,1.6783790123951752,2.440829395774965,6.2832393363736365,1.1503346362337998,-5.132904700139837,6.2832393363736365,Y,C,C,0.0,False
C_context_s231303,C,context,231303,train,8,60,2v66,L,46.203300254205686,11.078666784840818,D,0.10526315789473684,False,4.48689691426533,0.3333333333333333,0.4,5.926603873160823,6.797300953628998,0.14385964912280702,False,5.075440859256737,0.3333333333333333,0.4,7.610230942615281,9.072966528398956,0.13157894736842105,False,4.781168886761034,0.3333333333333333,0.4,6.768417407888052,7.858022221900094,5.075440859256737,6.045229451076723,0.9697885918199849,5.075440859256737,D,V,V,0.0,False
C_context_s231303,C,context,231303,train,8,74,2v66,T,61.18534619961215,60.706483957932,V,0.26491228070175443,False,0.5774235825988594,0.3333333333333333,0.8,5.158815423293958,7.82210625085163,0.0824561403508772,False,2.5953180062087444,0.0,0.4,8.844816618854173,9.78009026020064,0.08771929824561404,False,1.413136135050805,0.0,0.4,6.8309815312542215,8.238726698448646,2.2261165930313336,-10.42457161570473,-12.650688208736064,2.5953180062087444,V,L,I,0.36920141317741084,False
C_context_s231303,C,context,231303,train,9,61,3zk1,A,2.8410221888110303e-05,2.8308083917904087e-05,M,0.6368421052631579,False,0.0013838255623951357,0.3333333333333333,0.6,0.00443239004688674,0.005330124003070689,0.3877192982456141,False,0.01075983865092256,0.3333333333333333,0.4,0.006911355534388067,0.007967906669721051,0.5719298245614035,False,0.006071832106658848,0.3333333333333333,0.6,0.004627163852246548,0.005764072467108559,0.01075983865092256,-0.0005843605757316905,-0.01134419922665425,0.01075983865092256,M,F,F,0.0,True
C_context_s231303,C,context,231303,train,9,1,3zk1,D,0.001502115914710303,0.0011858211867046334,M,0.7736842105263159,False,0.011257554690324023,0.3333333333333333,0.4,0.02659297559855981,0.038757140177137724,0.6807017543859648,False,0.013679434883452302,0.0,0.4,0.02933704201088902,0.0425522458783003,0.6929824561403508,False,0.012468494786888162,0.0,0.4,0.027763385794286142,0.04034238407294177,0.013679434883452302,-0.010885242560227049,-0.02456467744367935,0.013679434883452302,M,Y,Y,0.0,True
C_context_s231303,C,context,231303,train,9,78,3zk1,L,0.0004736507046615124,0.00016468589271987876,S,0.5701754385964912,False,0.01560912662589814,0.3333333333333333,0.4,0.017577394913400383,0.021763517745564766,0.4842105263157894,False,0.01885928798495029,0.3333333333333333,0.2,0.013759821669692272,0.01645810730658812,0.49473684210526314,False,0.017234207305424215,0.3333333333333333,0.2,0.015668608291546326,0.01877783435871301,0.01885928798495029,0.01411913839455528,-0.00474014959039501,0.01885928798495029,S,D,D,0.0,True
C_context_s231303,C,context,231303,train,9,4,3zk1,T,0.0002719846864024235,0.0002425053036061777,M,0.7228070175438598,False,0.00775355059545757,0.3333333333333333,0.6,0.013524621611742286,0.016491958234316005,0.3298245614035088,False,0.006442294812695815,0.0,0.2,0.016551493006931695,0.023344895575850434,0.6210526315789473,False,0.006455792188152204,0.3333333333333333,0.6,0.014723316526226118,0.019275437618503626,0.005158033780846838,-0.012132916588482007,-0.017290950369328845,0.006442294812695815,M,H,Y,0.0012842610318489767,True
C_context_s231303,C,context,231303,train,10,79,1qy7,A,0.0004995460249524992,8.42296832512972e-05,S,0.7210526315789473,False,0.004228778908270336,0.6666666666666666,0.4,0.020379311610091298,0.022350526279094618,0.45964912280701753,False,0.0027526470380153656,0.3333333333333333,0.6,0.01997020913782593,0.022825841635017677,0.6140350877192983,True,0.0,0.6666666666666666,0.6,0.020174760373958614,0.022155263435388567,-0.00706563884057787,0.00025583096947912054,0.007321469810056991,0.0027526470380153656,S,D,W,0.009818285878593236,False
C_context_s231303,C,context,231303,train,10,70,1qy7,D,6.310218878558843e-05,4.0146141454327274e-05,E,-0.1,True,0.0,0.3333333333333333,0.2,0.00709608221756889,0.0079436886133325,-0.30000000000000004,False,0.012989973451363657,0.0,0.0,0.004866892494014128,0.006067039170734577,-0.23333333333333334,False,0.0031782971424318407,0.3333333333333333,0.2,0.0051859594610482555,0.006225616322885025,0.0,0.0003213385027258653,0.0003213385027258653,0.012989973451363657,E,G,E,0.012989973451363657,False
C_context_s231303,C,context,231303,train,10,55,1qy7,L,0.00015878688210258944,0.00015604206944448877,T,0.7315789473684211,False,0.012121714240714287,0.3333333333333333,0.6,0.010608010523497639,0.012601066704949603,0.48245614035087714,False,0.016823821239974168,0.0,0.2,0.01655768016112888,0.02387154487436531,0.6491228070175438,False,0.011652162442804537,0.3333333333333333,0.4,0.013246627735099258,0.01727829061481378,-0.005545799990977818,-0.012624293401857223,-0.007078493410879405,0.016823821239974168,T,H,N,0.022369621230951986,False
C_context_s231303,C,context,231303,train,10,98,1qy7,T,0.00037692723039987755,0.0003227258219950881,D,0.010526315789473684,False,0.048412515737144446,0.0,0.2,0.016902623072133423,0.019414613835971026,-0.04035087719298246,False,0.06867018008985903,0.0,0.0,0.023761373575430553,0.02785443527073998,-0.1105263157894737,False,0.05433581772062257,0.0,0.0,0.019718156316816327,0.023139774569476183,0.056960692711986005,0.04698952267514278,-0.009971170036843224,0.06867018008985903,D,A,G,0.011709487377873029,False
C_context_s231303,C,context,231303,train,11,64,3mhx,A,2.00485041743366e-05,1.206671480915356e-05,C,0.256140350877193,False,0.003891947858258471,0.0,0.4,0.003860032281973762,0.004477555602595751,0.0543859649122807,True,0.0,0.3333333333333333,0.2,0.017607283469943346,0.020618157021960116,0.13684210526315788,True,0.0,0.3333333333333333,0.2,0.010117056288882547,0.011611346185807234,-0.008144024558728924,-0.007477535258143708,0.0006664893005852157,0.0,C,C,S,0.008144024558728924,False
C_context_s231303,C,context,231303,train,11,19,3mhx,D,0.0006368542687246384,0.0002545812209912844,P,0.8456140350877193,True,0.0,0.6666666666666666,1.0,0.022642707157622125,0.025235971721426508,0.7228070175438598,True,0.0,1.0,0.8,0.03992190698960191,0.044312705234109705,0.8175438596491227,True,0.0,0.6666666666666666,1.0,0.03119950298651233,0.034112506537658,0.0,-0.021195914439070374,-0.021195914439070374,0.0,P,P,P,0.0,False
C_context_s231303,C,context,231303,train,11,3,3mhx,L,0.0004825014858898221,0.0004762326327912439,V,0.9578947368421052,True,0.0,1.0,0.8,0.01756705555797768,0.021965916459137827,0.9140350877192982,False,2.2595466838970513e-05,0.6666666666666666,0.8,0.015232158014280359,0.01993384186624458,0.9350877192982456,True,0.0,0.6666666666666666,0.8,0.016010805625221256,0.019793490505951167,0.0,-0.02341054072122345,-0.02341054072122345,2.2595466838970513e-05,V,C,V,2.2595466838970513e-05,False
C_context_s231303,C,context,231303,train,11,2,3mhx,T,0.00016195694111543457,3.853125961503899e-05,F,0.7228070175438598,True,0.0,1.0,0.8,0.011542481884099334,0.012726230436206732,0.5543859649122806,False,0.007141822303271372,0.6666666666666666,0.8,0.012919912740042205,0.016861612319100334,0.6859649122807018,False,0.001504126495036645,1.0,0.8,0.012064762841810382,0.014046723558793415,0.0,-0.0022665353386808196,-0.0022665353386808196,0.007141822303271372,F,H,F,0.007141822303271372,False
C_context_s231303,C,context,231303,train,12,4,5b08,A,0.0003987467940564759,0.0003980498928590738,D,0.9368421052631579,True,0.0,0.6666666666666666,0.8,0.016619677374820004,0.019968645273439955,0.9333333333333333,True,0.0,0.6666666666666666,0.8,0.015452588291288727,0.020178729269732975,0.9333333333333333,True,0.0,0.6666666666666666,0.8,0.015861637301435885,0.01923943407180212,0.0,-0.03716943076958201,-0.03716943076958201,0.0,D,D,D,0.0,False
C_context_s231303,C,context,231303,train,12,73,5b08,D,0.00042694268160596436,0.0003692985644100991,Y,0.8421052631578947,True,0.0,0.6666666666666666,0.8,0.014822611241044729,0.020662591357474124,0.7824561403508771,True,0.0,0.6666666666666666,0.8,0.013315728154342895,0.016962734507309524,0.8368421052631579,True,0.0,0.6666666666666666,0.8,0.013983192376024271,0.018643620185821653,0.0,-0.0643087089160958,-0.0643087089160958,0.0,Y,Y,Y,0.0,False
C_context_s231303,C,context,231303,train,12,32,5b08,L,0.0009586694857921425,0.0004269023973151258,N,0.9070175438596491,False,0.004004393228534242,1.0,0.8,0.024169050429791294,0.030962388244322216,0.7929824561403509,False,0.001624673148286293,0.6666666666666666,0.4,0.024986775894836513,0.029947442309076196,0.8649122807017543,False,0.0028145331884102676,0.6666666666666666,0.6,0.024567558889830192,0.030288653647088108,0.001624673148286293,-0.05201159681353795,-0.053636269961824246,0.001624673148286293,N,D,D,0.0,True
C_context_s231303,C,context,231303,train,12,64,5b08,T,0.0018416722823571142,0.0007002840796302509,E,0.9368421052631579,True,0.0,1.0,0.8,0.037837490352399354,0.04291470939383272,0.9140350877192982,True,0.0,1.0,0.8,0.04961960346423735,0.06048353511211179,0.9333333333333333,True,0.0,1.0,0.8,0.04349147288475175,0.05130380280149054,0.0,-0.037062357151654735,-0.037062357151654735,0.0,E,E,E,0.0,False
C_context_s231303,C,context,231303,development,13,2,1jke,A,0.00139578870500038,0.0008424563780156307,H,0.32807017543859646,False,0.1092549382721989,0.3333333333333333,0.4,0.029794793736693324,0.03736025568703164,0.2982456140350877,False,0.10422358461404636,0.3333333333333333,0.4,0.029197152547315065,0.0372947247377701,0.2982456140350877,False,0.10673926144312262,0.3333333333333333,0.4,0.02949597314200419,0.037312213033390065,0.10422358461404636,0.07168863007699924,-0.03253495453704712,0.10422358461404636,H,M,M,0.0,True
C_context_s231303,C,context,231303,development,13,135,1jke,D,0.0006513498311734059,8.370856036147363e-05,T,-0.06230803583591015,False,0.0248625634047403,0.0,0.0,0.02382522341578211,0.025521556205948842,0.016673981420877365,False,0.0278276015552424,0.0,0.2,0.01722337823779061,0.019134993603099625,-0.011408513603758197,False,0.02634508247999135,0.0,0.2,0.020448982364747213,0.022275235927658687,0.0278276015552424,-0.005479288839955659,-0.03330689039519806,0.0278276015552424,T,N,N,0.0,False
C_context_s231303,C,context,231303,development,13,142,1jke,L,0.00029363638177100864,0.00028332418124320176,T,0.11403508771929824,False,0.008084823238519376,0.0,0.2,0.010914269133915385,0.017135821596031182,0.13684210526315788,False,0.009313728315560627,0.0,0.2,0.010025083811833119,0.016537452615832463,0.1105263157894737,False,0.008699275777040001,0.0,0.2,0.010111968237519694,0.016732650477529972,0.009313728315560627,-0.0033422742179138876,-0.012656002533474514,0.009313728315560627,T,F,F,0.0,True
C_context_s231303,C,context,231303,development,13,19,1jke,T,0.0024065061384662746,0.001503760740283763,C,0.5333333333333333,False,0.08699369723756063,0.6666666666666666,0.6,0.038168736720141296,0.04905615291139608,0.46842105263157896,False,0.0863489368524024,0.3333333333333333,0.6,0.03675763614320519,0.04953833518255312,0.4964912280701754,False,0.08667131704498152,0.6666666666666666,0.6,0.03746318643167324,0.0492570862759978,0.0863489368524024,-0.01704096787951649,-0.10338990473191889,0.0863489368524024,C,D,D,0.0,False
C_context_s231303,C,context,231303,development,14,21,3qr7,A,0.08107766415612633,0.08099229603717237,V,-0.32280701754385965,False,0.8221721297791857,0.0,0.0,0.23124441048367197,0.28474139873949894,-0.46842105263157896,False,0.9452221079696228,0.0,0.0,0.2844917038492737,0.35536362320887327,-0.39473684210526316,False,0.8037448781102416,0.0,0.0,0.24964054267078903,0.3076658685294527,0.7405735774463493,0.2634007252689874,-0.47717285217736194,0.9452221079696228,V,K,N,0.20464853052327348,False
C_context_s231303,C,context,231303,development,14,105,3qr7,D,0.08940597881980535,0.04573869673889776,T,-0.4456140350877193,False,0.42050047651458344,0.0,0.2,0.21765936113785117,0.2990083256697133,-0.5157894736842105,False,0.5420358598806256,0.0,0.0,0.21756111636755848,0.2687845411977034,-0.5140350877192983,False,0.47766744170879205,0.0,0.0,0.19997911006370858,0.27504751875262684,0.3977139459429808,0.2593735244615365,-0.13834042148144432,0.5420358598806256,T,P,N,0.14432191393764482,False
C_context_s231303,C,context,231303,development,14,22,3qr7,L,0.08477230681273237,0.0651970223793266,G,-0.6087719298245614,False,0.7200955627919021,0.0,0.0,0.23106001062491693,0.2911568422907701,-0.5140350877192983,False,0.7696155443626083,0.0,0.0,0.3011048810850669,0.4267366173184629,-0.5684210526315789,False,0.7448555535772552,0.0,0.0,0.2523704091121279,0.34981381031059017,0.7696155443626083,0.535833706477074,-0.2337818378855343,0.7696155443626083,G,N,N,0.0,False
C_context_s231303,C,context,231303,development,14,29,3qr7,T,0.06701435667602695,0.0669600353583522,I,0.4719298245614035,False,0.6066076058080099,0.3333333333333333,0.6,0.1985327310363878,0.2588713129646214,0.6438596491228071,False,0.19637540399805475,0.6666666666666666,0.8,0.18910452934636562,0.23172639170550735,0.6368421052631579,False,0.4014915049030323,0.6666666666666666,0.8,0.18864060632572807,0.23567090468375115,0.19637540399805475,-0.2687728398676641,-0.46514824386571885,0.19637540399805475,I,D,D,0.0,False
C_context_s231303,C,context,231303,development,15,59,1lj9,A,0.0013740132244886205,0.001013982197649221,F,0.1280701754385965,True,0.0,0.6666666666666666,0.4,0.028026839856337814,0.037067684369118885,0.2,True,0.0,0.3333333333333333,0.4,0.04977963791413378,0.06288581501502016,0.1087719298245614,True,0.0,0.3333333333333333,0.4,0.038269717502634984,0.049236000991329236,0.0,-0.16172150668350063,-0.16172150668350063,0.0,F,F,F,0.0,True
C_context_s231303,C,context,231303,development,15,124,1lj9,D,0.00039588605763732354,0.0002141410910625577,F,0.3596491228070175,False,0.0180939714434713,0.3333333333333333,0.4,0.014003777396127789,0.01989688562658296,0.14736842105263157,False,0.0183477955470929,0.3333333333333333,0.6,0.019697632830314477,0.026672771311186404,0.2368421052631579,False,0.010697935493229685,0.0,0.6,0.012098298742264462,0.014871405003930657,-0.009184907476475268,-0.04865953789564284,-0.03947463041916757,0.0183477955470929,F,I,E,0.027532703023568167,True
C_context_s231303,C,context,231303,development,15,111,1lj9,L,0.0019739721228437686,0.0012777509776229514,P,-0.3350877192982456,False,0.10215482121028033,0.0,0.2,0.0393108351440189,0.04442940605999329,-0.4385964912280701,False,0.19829894014957003,0.0,0.2,0.06524808146250645,0.07393765102305931,-0.3736842105263158,False,0.15022688067992518,0.0,0.2,0.049296490417233337,0.05626282023193096,0.19829894014957003,0.10915025252289662,-0.08914868762667341,0.19829894014957003,P,N,N,0.0,False
C_context_s231303,C,context,231303,development,15,0,1lj9,T,0.0003153281069162833,0.00022567024296077216,C,0.40175438596491225,False,0.02134538369801489,0.6666666666666666,0.4,0.013692054210179862,0.017757480308768,0.5035087719298245,False,0.05079469758600147,0.3333333333333333,0.4,0.018347582379931743,0.026795025755183454,0.48245614035087714,False,0.03607004064200818,0.6666666666666666,0.4,0.014411305848121468,0.017907668795190283,0.05079469758600147,-0.00749697241906469,-0.05829167000506616,0.05079469758600147,C,W,W,0.0,True
C_context_s231303,C,context,231303,train,16,16,4zzf,A,0.08308726159270244,0.0688235692414096,P,0.8228070175438595,True,0.0,0.6666666666666666,0.6,0.2136450723763814,0.2882486107385471,0.7157894736842104,True,0.0,0.6666666666666666,0.6,0.26285348525590907,0.3283529145074343,0.8228070175438595,True,0.0,1.0,0.6,0.2252526556411017,0.3019982174167409,0.0,-0.5144970467742809,-0.5144970467742809,0.0,P,P,P,0.0,False
C_context_s231303,C,context,231303,train,16,35,4zzf,D,0.006356677028793611,0.006329939284573292,E,0.5923651294259064,False,0.1560124687842186,0.0,0.6,0.06454890417399509,0.07972877164984803,0.4431768746075299,False,0.13370023993004754,0.3333333333333333,0.4,0.11074332471575143,0.14394604093537255,0.5212813138947976,False,0.14485635435713307,0.0,0.4,0.08293561562904968,0.10626393845733736,0.13370023993004754,0.00011579646726789239,-0.13358444346277965,0.13370023993004754,E,W,W,0.0,False
C_context_s231303,C,context,231303,train,16,24,4zzf,L,0.15731989607251998,0.04788724526178524,M,0.6543859649122807,False,0.03151961100674083,1.0,1.0,0.3439291669692545,0.39663572213369785,0.5912280701754385,False,0.08253368684185025,0.6666666666666666,0.8,0.3972084856802228,0.4603444619986011,0.6263157894736843,False,0.024681987615086554,1.0,0.8,0.36467792803596255,0.4272735206486752,0.0015973545350521645,0.06994540636046043,0.06834805182540826,0.08253368684185025,M,F,D,0.08093633230679809,False
C_context_s231303,C,context,231303,train,16,105,4zzf,T,0.017686724000311325,0.01326262172721376,V,0.8807017543859648,True,0.0,0.6666666666666666,0.8,0.11440241993561968,0.1329914433349429,0.7473684210526316,True,0.0,0.6666666666666666,0.6,0.09551845538775165,0.1195451163339659,0.8614035087719297,True,0.0,0.6666666666666666,0.6,0.09470304639071479,0.12046046102439385,0.0,-0.2568472331398517,-0.2568472331398517,0.0,V,V,V,0.0,False
C_context_s231303,C,context,231303,train,17,0,1msc,A,0.03682047624393703,0.030129286573849647,D,0.46315789473684205,False,0.05136815385183113,0.3333333333333333,0.4,0.0885372777364666,0.19188662341064067,0.42280701754385963,False,0.057429998136983684,0.3333333333333333,0.4,0.08340412457270423,0.18677974700087407,0.4280701754385965,False,0.05439907599440741,0.3333333333333333,0.4,0.08368850385752741,0.18875121395966624,0.057429998136983684,-0.007825213689563792,-0.06525521182654748,0.057429998136983684,D,W,W,0.0,False
C_context_s231303,C,context,231303,train,17,113,1msc,D,0.1381376796425194,0.07812518390079733,E,0.8842105263157896,False,0.029348124355724092,0.6666666666666666,0.8,0.2461397431261326,0.371668776792616,0.8456140350877193,False,0.04206301551813163,0.6666666666666666,0.8,0.21108708944034807,0.3273898588332323,0.8842105263157896,False,0.03570556993692786,0.6666666666666666,0.8,0.22717878674746506,0.34837042834993726,0.04206301551813163,-0.04966260423249169,-0.09172561975062332,0.04206301551813163,E,T,T,0.0,False
C_context_s231303,C,context,231303,train,17,111,1msc,L,0.9811844086359078,0.04054391082433624,F,0.45438596491228067,True,0.0,0.6666666666666666,0.6,0.9698662267609752,0.990547529720764,0.4070175438596491,True,0.0,0.6666666666666666,0.6,0.8413949265227018,0.8619533536646982,0.38070175438596493,True,0.0,0.6666666666666666,0.6,0.9056305766418383,0.9260572756841008,0.0,0.17212741575913904,0.17212741575913904,0.0,F,F,F,0.0,False
C_context_s231303,C,context,231303,train,17,44,1msc,T,0.5566001108680677,0.39935539675130166,D,0.3736842105263158,False,0.7222524814756848,0.0,0.0,0.40303785958032184,0.7460563724465248,0.443859649122807,False,0.7736865784226785,0.0,0.2,0.3278486336175524,0.5590667610753067,0.4350877192982456,False,0.7479695299491816,0.0,0.2,0.3605999956890104,0.6492340901908277,0.7736865784226785,0.5730654358899316,-0.20062114253274688,0.7736865784226785,D,S,S,0.0,False
C_context_s231303,C,context,231303,train,18,61,2vzw,A,8.932244735999608e-05,8.506898836117978e-05,C,0.6421052631578947,True,0.0,0.3333333333333333,0.6,0.0068105937356773795,0.00945105535694274,0.6894736842105263,True,0.0,0.3333333333333333,0.6,0.007843613516458564,0.010185580983815563,0.7,True,0.0,0.3333333333333333,0.6,0.0062035049861977175,0.009147708220309893,0.0,-0.01324610698237036,-0.01324610698237036,0.0,C,C,C,0.0,True
C_context_s231303,C,context,231303,train,18,18,2vzw,D,8.00349908683157e-05,1.2535482968545419e-05,F,0.28771929824561404,False,0.0017006271269899564,0.3333333333333333,0.2,0.008215808414256644,0.008946227745162521,0.28947368421052627,False,0.002281886104451153,0.3333333333333333,0.4,0.00695211354826946,0.007905069858988584,0.4473684210526316,False,0.0019912566157205547,0.3333333333333333,0.4,0.007583960981263051,0.00824024901216219,0.002281886104451153,0.0029111081478402356,0.0006292220433890827,0.002281886104451153,F,W,W,0.0,True
C_context_s231303,C,context,231303,train,18,143,2vzw,L,0.00010650598571007652,0.00010441448080814389,P,0.5210526315789473,True,0.0,0.6666666666666666,0.6,0.006306149534811153,0.010320173724801172,0.09649122807017543,True,0.0,0.6666666666666666,0.4,0.00601284896771876,0.008341550197234406,0.26666666666666666,True,0.0,0.6666666666666666,0.6,0.005964948587305866,0.008826038599409175,0.0,-0.03960631606606008,-0.03960631606606008,0.0,P,P,P,0.0,True
C_context_s231303,C,context,231303,train,18,5,2vzw,T,8.033856697637441e-05,7.078721049158202e-05,F,0.8035087719298245,False,0.0030485175579273716,0.6666666666666666,0.6,0.006885204576530744,0.008963178396995923,0.7701754385964912,True,0.0,0.6666666666666666,0.6,0.0109746182789939,0.012226882576815003,0.7771929824561404,False,1.239068668336396e-05,0.6666666666666666,0.6,0.008691775739099763,0.010386520330368885,-0.0030237361845606436,-0.024391341110012427,-0.021367604925451783,0.0,F,F,C,0.0030237361845606436,True
C_context_s231303,C,context,231303,train,19,37,6kys,A,0.0003015652320313073,9.547714560610063e-05,Y,0.6561403508771929,False,0.00993275984805883,0.3333333333333333,0.4,0.015750704340636978,0.017365633649000754,0.5157894736842105,False,0.025048939418283456,0.3333333333333333,0.4,0.015021676461425177,0.016624109968235577,0.5385964912280702,False,0.017490849633171143,0.3333333333333333,0.4,0.01538619040103108,0.016876792417854745,0.025048939418283456,-0.0061550356627843306,-0.031203975081067786,0.025048939418283456,Y,P,P,0.0,False
C_context_s231303,C,context,231303,train,19,110,6kys,D,0.00013287425910739445,0.00012325294741843574,Q,0.8666666666666666,True,0.0,0.6666666666666666,0.8,0.007530879551706133,0.01152710974648001,0.7842105263157895,True,0.0,0.6666666666666666,0.8,0.009529097940114875,0.01279482897113978,0.8456140350877193,True,0.0,0.6666666666666666,0.8,0.008074335017786127,0.011675764759313454,0.0,-0.047808387963369586,-0.047808387963369586,0.0,Q,Q,Q,0.0,False
C_context_s231303,C,context,231303,train,19,75,6kys,L,0.0015118042149712008,0.0007615629351756968,T,0.9666666666666668,False,0.0030696396762564526,0.6666666666666666,0.8,0.029216202040061222,0.03888192658512694,0.9684210526315788,True,0.0,1.0,1.0,0.04216489276310407,0.05465756808207874,0.9789473684210527,False,0.00034640507245210783,1.0,1.0,0.03539888662430743,0.04655950177219792,-0.002376829531352237,-0.009426639091238254,-0.007049809559886017,0.0,T,T,F,0.002376829531352237,False
C_context_s231303,C,context,231303,train,19,50,6kys,T,4.285177408264591e-05,3.302814606517942e-05,C,0.2614035087719298,False,0.006078843288970903,0.3333333333333333,0.8,0.004836351190642964,0.0065461266473118215,0.23333333333333334,False,0.0011803818146601808,0.6666666666666666,0.6,0.005383193864989362,0.007139722204403392,0.28596491228070176,False,0.003517604107256031,0.3333333333333333,0.8,0.005071217586018697,0.0065953896925023976,0.0009563649255411588,0.003119851278061414,0.0021634863525202552,0.0011803818146601808,C,K,G,0.00022401688911902196,False
C_context_s231303,C,context,231303,train,20,65,1ji5,A,1.75757245698075e-05,2.3640045656260968e-06,C,0.06140350877192983,False,0.000606704485950002,0.3333333333333333,0.4,0.0039002205071228227,0.004192341180033836,0.39824561403508774,False,0.0009742191867297689,0.3333333333333333,0.6,0.002556950778049104,0.0027737572182443583,0.2631578947368421,False,0.0006422505607598036,0.3333333333333333,0.4,0.0032285856425859636,0.0034557673913580603,0.0006777966355696052,-0.0008681448044797896,-0.0015459414400493948,0.0009742191867297689,C,M,S,0.0002964225511601637,True
C_context_s231303,C,context,231303,train,20,11,1ji5,D,0.00047581187610297687,0.00015542984293780254,Q,0.8947368421052632,False,0.002756164016226241,0.6666666666666666,0.6,0.017899218786449154,0.021813112480867487,0.8701754385964912,False,0.002207740344725387,0.6666666666666666,0.6,0.017283570808245895,0.0212026766511241,0.8754385964912281,False,0.002244354174677856,0.6666666666666666,0.6,0.017591394797347528,0.02148326911142369,0.0011768987946163129,0.0006821367323986693,-0.0004947620622176435,0.002207740344725387,Q,K,W,0.001030841550109074,True
C_context_s231303,C,context,231303,train,20,34,1ji5,L,3.8963642645571076e-05,1.0966143502036966e-05,W,0.6894736842105263,True,0.0,0.6666666666666666,0.6,0.005626939233870159,0.006242086401642569,0.7210526315789473,True,0.0,0.6666666666666666,0.4,0.006549447548813989,0.007200461875631256,0.7245614035087719,True,0.0,0.6666666666666666,0.6,0.0059203569284711636,0.006654837868376666,0.0,-0.00996785035622342,-0.00996785035622342,0.0,W,W,W,0.0,True
C_context_s231303,C,context,231303,train,20,47,1ji5,T,4.069659079869153e-05,4.327576830002304e-06,H,0.3211935368442692,False,0.0005152071086305388,0.3333333333333333,0.4,0.006030672762527348,0.006379387964271457,0.44142171866849017,True,0.0,0.3333333333333333,0.6,0.005115540937025403,0.00539956321988222,0.3185608029357096,False,0.00013384406135356214,0.3333333333333333,0.4,0.0055731068497763755,0.0058831299666786225,-0.0002475189859234145,-0.001502486409767037,-0.0012549674238436226,0.0,H,H,D,0.0002475189859234145,True
C_context_s231303,C,context,231303,train,21,8,6qyy,A,0.0024808080546541546,0.002173608352871438,F,0.9140350877192982,True,0.0,1.0,0.8,0.04083934526075245,0.04980771079515856,0.8842105263157896,True,0.0,1.0,0.8,0.03675238080183728,0.04698429191651758,0.8807017543859648,True,0.0,1.0,0.8,0.0387341302231747,0.04723308970548699,0.0,-0.14211615137825778,-0.14211615137825778,0.0,F,F,F,0.0,False
C_context_s231303,C,context,231303,train,21,24,6qyy,D,0.00040907185438669925,5.681795813685859e-05,T,0.5333333333333333,True,0.0,0.6666666666666666,0.6,0.018768428177389832,0.020225524823516923,0.4280701754385965,True,0.0,0.6666666666666666,0.6,0.019860127488759892,0.021680932055946008,0.5,True,0.0,0.6666666666666666,0.6,0.019314277833074864,0.020777743361690682,0.0,0.0023602308209641487,0.0023602308209641487,0.0,T,T,T,0.0,False
C_context_s231303,C,context,231303,train,21,18,6qyy,L,0.0014387269428674876,0.0011160988472343006,R,0.9228070175438597,False,0.012061239255267475,1.0,1.0,0.03025678085118776,0.03793055421250113,0.9175438596491228,False,0.010184190623454326,0.6666666666666666,1.0,0.04147446932749294,0.04919386123542485,0.9175438596491228,False,0.0111227149393609,0.6666666666666666,1.0,0.03562201982697602,0.043236244817130454,0.010184190623454326,-0.09220001401587402,-0.10238420463932835,0.010184190623454326,R,K,K,0.0,True
C_context_s231303,C,context,231303,train,21,5,6qyy,T,0.0005344809876957799,0.0002769795835238967,E,0.8508771929824561,False,0.0033527288723789184,0.6666666666666666,0.8,0.018113353606445524,0.02311884486075764,0.8526315789473684,True,0.0,0.6666666666666666,0.8,0.016485286875741415,0.019465100130016972,0.8508771929824561,True,0.0,0.6666666666666666,0.8,0.016839513513982947,0.020670020571790647,-0.007661396192755576,-0.030483442013996387,-0.02282204582124081,0.0,E,E,Q,0.007661396192755576,False
C_context_s231303,C,context,231303,train,22,140,3nbc,A,0.00014508694041377788,0.00010255617241166489,H,0.8912280701754386,False,0.0006401278682477141,1.0,0.8,0.006650106653584381,0.01204520404201514,0.8929824561403509,False,0.005288472135323297,0.6666666666666666,0.8,0.006155667665149023,0.009341975637357086,0.8947368421052632,False,0.0026524126117032643,1.0,0.8,0.006379491526024571,0.010647195578341198,0.002895951414897957,-0.004503898584211463,-0.00739984999910942,0.005288472135323297,H,C,Y,0.0023925207204253396,True
C_context_s231303,C,context,231303,train,22,119,3nbc,D,9.565833890278246e-06,9.485819899197961e-06,C,0.3508771929824562,True,0.0,0.3333333333333333,0.4,0.0026241719009020134,0.003092868230345135,0.22280701754385965,True,0.0,0.3333333333333333,0.4,0.003770096779737112,0.0044503683116081045,0.27368421052631575,True,0.0,0.3333333333333333,0.4,0.002630298279337901,0.0033605881073895277,0.0,-0.00503763297632126,-0.00503763297632126,0.0,C,C,C,0.0,True
C_context_s231303,C,context,231303,train,22,77,3nbc,L,4.9748468605639534e-05,6.63791145921597e-06,C,0.6245614035087719,False,0.0030503594931246825,0.0,0.2,0.006565863016117802,0.00705325943132957,0.5578947368421052,False,0.00503873130942975,0.0,0.0,0.0073053079145563625,0.007547086623907237,0.6754385964912282,False,0.004044545401277216,0.0,0.0,0.006935585465337083,0.007214399644689407,0.00503873130942975,0.004387660756810879,-0.0006510705526188709,0.00503873130942975,C,M,M,0.0,True
C_context_s231303,C,context,231303,train,22,5,3nbc,T,0.0011592287318099301,0.0007977158203115004,E,0.8964912280701753,False,0.01776106677837827,0.3333333333333333,0.8,0.028527334765823947,0.03404744824226817,0.8964912280701753,False,0.009359729308666992,0.3333333333333333,1.0,0.027446115190319392,0.033902171527462194,0.9140350877192982,False,0.013560398043522631,0.3333333333333333,1.0,0.027971705915098642,0.03385835639494365,0.009359729308666992,-0.020394669306446345,-0.029754398615113337,0.009359729308666992,E,L,L,0.0,False
C_context_s231303,C,context,231303,train,23,2,3i07,A,0.004178737810199955,0.0031418773089597193,V,0.543859649122807,False,0.0017599965203101142,0.6666666666666666,0.8,0.05367509713211283,0.06464315748940451,0.6929824561403508,False,0.17493526108277493,0.6666666666666666,0.6,0.04450299115143029,0.06374973050415648,0.712280701754386,False,0.08834762880154251,0.6666666666666666,0.8,0.04409295294961233,0.06009531351500915,0.17493526108277493,-0.014301419863336828,-0.18923668094611176,0.17493526108277493,V,G,G,0.0,False
C_context_s231303,C,context,231303,train,23,137,3i07,D,0.00041137334715745066,0.0002992282499497321,F,0.7245614035087719,False,0.016376556131144582,0.3333333333333333,0.6,0.017771292281205397,0.020282340771159788,0.6403508771929824,False,0.024334516425645436,0.3333333333333333,0.6,0.027722704372116058,0.030807477380449172,0.6929824561403508,False,0.02035553627839501,0.3333333333333333,0.6,0.02255667993052456,0.02522001677928063,0.024334516425645436,-0.007498016256087037,-0.03183253268173247,0.024334516425645436,F,W,W,0.0,False
C_context_s231303,C,context,231303,train,23,69,3i07,L,0.0032190595647281907,0.0012884914772981716,M,0.863157894736842,True,0.0,0.6666666666666666,0.6,0.04868974551757027,0.05673675673430929,0.7719298245614035,True,0.0,0.6666666666666666,0.6,0.04510656312969558,0.05244520157773934,0.8771929824561402,True,0.0,0.6666666666666666,0.6,0.046462068284167636,0.053567558628349304,0.0,-0.028247702449985923,-0.028247702449985923,0.0,M,M,M,0.0,False
C_context_s231303,C,context,231303,train,23,120,3i07,T,0.002755980882349801,0.0013552374886543598,M,0.9368421052631579,True,0.0,1.0,0.8,0.04612708231741656,0.05249743691219411,0.8842105263157896,True,0.0,0.6666666666666666,1.0,0.02186811148177928,0.02641436916078563,0.9421052631578948,True,0.0,1.0,0.8,0.03182233244922859,0.03626036920894331,0.0,-0.045435609132353394,-0.045435609132353394,0.0,M,M,M,0.0,False
C_context_s231303,C,context,231303,train,24,85,1aa0,A,0.4289513593960241,0.40042882550184505,P,0.7543859649122807,True,0.0,0.6666666666666666,0.8,0.47667262440113073,0.6549437833860431,0.6421052631578947,False,0.2312789945991156,0.6666666666666666,0.6,0.6109057447795582,0.9843498064731838,0.7245614035087719,True,0.0,0.6666666666666666,0.6,0.5196666186613526,0.7891935747169969,0.0,-2.2343677511091418,-2.2343677511091418,0.2312789945991156,P,V,P,0.2312789945991156,False
C_context_s231303,C,context,231303,train,24,78,1aa0,D,0.22428789497912727,0.13732206780893066,E,0.7982456140350876,False,0.03819414876232763,0.6666666666666666,0.8,0.3304503515214014,0.4735904295687649,0.5035087719298245,False,0.23995409937586487,0.3333333333333333,0.4,0.21827057241392092,0.29976387294273626,0.8122807017543859,False,0.0652503388482133,0.6666666666666666,0.8,0.22141195967311275,0.357765792642786,0.09202428132934237,0.002360561869243938,-0.08966371946009843,0.23995409937586487,E,M,Q,0.1479298180465225,False
C_context_s231303,C,context,231303,train,24,75,1aa0,L,1.4458404473382338,1.1542297908662367,C,0.056140350877192984,False,0.7958741887860885,0.3333333333333333,0.4,0.6437678586482314,1.2024310572079522,0.13157894736842105,False,0.6476319408414568,0.0,0.4,0.3886590651382204,0.8785795521484452,0.08070175438596491,False,0.7217530648137727,0.0,0.4,0.512401158592854,1.032971877177786,0.6476319408414568,-0.07867316582783346,-0.7263051066692903,0.6476319408414568,C,R,R,0.0,False
C_context_s231303,C,context,231303,train,24,30,1aa0,T,0.08348616299142451,0.06081939373731791,M,0.6000000000000001,False,0.0951285700180673,0.3333333333333333,0.6,0.17645262497083264,0.28893972207265745,0.512280701754386,False,0.5656860401251187,0.6666666666666666,0.6,0.16858507275214502,0.2174662660876091,0.6140350877192983,False,0.330407305071593,0.6666666666666666,0.6,0.1531216313954871,0.2285356726397859,0.5656860401251187,0.0457472170294988,-0.5199388230956199,0.5656860401251187,M,P,P,0.0,False
C_context_s231303,C,context,231303,train,25,61,6o2k,A,0.05075238443833927,0.037182834122320686,R,0.9350877192982456,True,0.0,0.6666666666666666,0.8,0.18492556234237634,0.22528289868150062,0.8842105263157896,True,0.0,0.6666666666666666,0.8,0.1833095793289765,0.22539246126343623,0.8982456140350877,True,0.0,0.6666666666666666,0.8,0.18354268561034456,0.22402174022224278,0.0,-0.1735553784802687,-0.1735553784802687,0.0,R,R,R,0.0,False
C_context_s231303,C,context,231303,train,25,51,6o2k,D,0.11976962675856961,0.030119572646217493,H,0.7052631578947368,False,0.03822258660246214,0.3333333333333333,0.4,0.30806391061841015,0.3460774866392924,0.6859649122807018,False,0.029597627986273634,0.3333333333333333,0.4,0.2845543185979307,0.3102253722337832,0.6947368421052632,False,0.033910107294367886,0.3333333333333333,0.4,0.29630911460817044,0.32747836121819524,0.029597627986273634,-0.07263294197329584,-0.10223056995956947,0.029597627986273634,H,W,W,0.0,False
C_context_s231303,C,context,231303,train,25,63,6o2k,L,0.035114751025191966,0.035104866115945405,S,0.8614035087719297,True,0.0,0.6666666666666666,1.0,0.13121804205595894,0.18738930339054033,0.8508771929824561,True,0.0,0.6666666666666666,0.8,0.1402153852653683,0.19121383188949284,0.882456140350877,True,0.0,0.6666666666666666,1.0,0.1355895093342535,0.18839452422008116,0.0,-0.24407208882206521,-0.24407208882206521,0.0,S,S,S,0.0,False
C_context_s231303,C,context,231303,train,25,97,6o2k,T,0.007680700308736867,0.007631952381624789,N,0.8035087719298245,True,0.0,0.3333333333333333,0.8,0.07088758481923076,0.08763960468154149,0.8614035087719297,False,0.022339404816190678,0.3333333333333333,0.8,0.0694802772088557,0.08260612051639477,0.8245614035087718,False,0.004825606168791019,0.3333333333333333,0.8,0.06820598117375887,0.08376746351311355,0.0,-0.10692487950180651,-0.10692487950180651,0.022339404816190678,N,M,N,0.022339404816190678,False
C_context_s231303,C,context,231303,train,26,6,3fhk,A,0.0062253041782025795,0.004331673843263695,F,0.6649122807017543,False,0.014934435008447905,0.0,0.2,0.04753226288120919,0.07890059681778447,0.6771929824561403,False,0.013440834968213633,0.3333333333333333,0.2,0.04845775921196091,0.07830385417863389,0.6649122807017543,False,0.014187634988330769,0.0,0.4,0.04788138789083997,0.0785578101710379,0.013440834968213633,-0.012168616847625685,-0.025609451815839318,0.013440834968213633,F,W,W,0.0,False
C_context_s231303,C,context,231303,train,26,143,3fhk,D,2.638918622200358e-05,2.5592733684653367e-05,Q,0.5263157894736842,False,0.0005308916292124377,0.6666666666666666,0.6,0.004436565579082126,0.005137040609339543,0.5333333333333333,True,0.0,0.6666666666666666,0.6,0.0043253542814953375,0.0052961976666829075,0.5614035087719299,True,0.0,0.6666666666666666,0.6,0.0040472597655883385,0.0047403621971502125,-0.0024550574265312652,-0.014063647868727963,-0.011608590442196698,0.0,Q,Q,K,0.0024550574265312652,False
C_context_s231303,C,context,231303,train,26,14,3fhk,L,0.008061444779845104,0.007439290326874429,C,0.6789473684210526,False,0.05715631051749803,0.6666666666666666,0.6,0.045240586750551856,0.08978554883635285,0.5614035087719299,False,0.08222000478202307,0.3333333333333333,0.4,0.048192075833186514,0.08926022811122608,0.6350877192982456,False,0.06733707231239826,0.3333333333333333,0.6,0.046446456770110896,0.08935110738836909,0.07751783410729848,0.026833538089004377,-0.050684296018294106,0.08222000478202307,C,Q,A,0.004702170674724587,False
C_context_s231303,C,context,231303,train,26,23,3fhk,T,0.000658033140592513,0.0004764744725130539,D,0.9070175438596491,False,0.027758654789397208,0.3333333333333333,0.8,0.019869677651047447,0.025652156646031012,0.9052631578947368,False,0.03736257009421157,0.3333333333333333,0.8,0.025052738843409177,0.032110406713979626,0.9035087719298246,False,0.03256061244180439,0.3333333333333333,0.8,0.022425698264181605,0.028787544433544268,0.03736257009421157,-0.012883976123520963,-0.05024654621773253,0.03736257009421157,D,W,W,0.0,False
C_context_s231303,C,context,231303,development,27,68,1xko,A,0.0007475981380727393,0.00039633054303589833,F,-0.4352786728818512,False,0.04359051757320724,0.0,0.2,0.022922721760146605,0.027342240911687164,-0.3510311878079445,False,0.040564086417882936,0.0,0.0,0.0344242143574383,0.041176938729927524,-0.3475208759298651,False,0.04207730199554509,0.0,0.2,0.028029269705866448,0.033978397264846506,0.040564086417882936,0.02972867944883928,-0.010835406969043657,0.040564086417882936,F,S,S,0.0,True
C_context_s231303,C,context,231303,development,27,149,1xko,D,0.0038140766513162986,0.003113895646212493,Y,0.14210526315789473,False,0.026152355326102036,0.0,0.4,0.02713438304114027,0.061758211205606484,0.22280701754385965,False,0.030631722527577288,0.0,0.4,0.03783799024127493,0.07011118902890053,0.13859649122807016,False,0.02835627619136403,0.0,0.4,0.03238141522652624,0.06574477158180002,0.03056019705662602,0.02496711320440717,-0.00559308385221885,0.030631722527577288,Y,H,N,7.152547095126693e-05,True
C_context_s231303,C,context,231303,development,27,87,1xko,L,4.570800362288228e-05,2.6045686925224926e-05,E,-0.005263157894736842,False,0.014266800701691298,0.0,0.2,0.005746807737445916,0.006760769454942409,-0.14210526315789473,False,0.002467968496586176,0.0,0.2,0.004966054361505031,0.0054027252239968945,0.0017543859649122807,False,0.007462825205552512,0.0,0.0,0.004967678732137416,0.005690071029737906,0.0006588497094137252,-0.0009615399077086556,-0.0016203896171223808,0.002467968496586176,E,W,H,0.0018091187871724507,False
C_context_s231303,C,context,231303,development,27,47,1xko,T,0.0025571104284795613,0.0022967859925072595,F,0.30701754385964913,False,0.05161066789416967,0.6666666666666666,0.6,0.022716014620230388,0.05056787941450147,0.15263157894736842,False,0.0758127127345504,0.6666666666666666,0.6,0.026431671926582075,0.05800918224243694,0.20175438596491227,False,0.06371169031436003,0.6666666666666666,0.6,0.02448337241620264,0.05404978494780699,0.0758127127345504,0.06212057931098253,-0.01369213342356787,0.0758127127345504,F,V,V,0.0,True
C_context_s231303,C,context,231303,development,28,25,4lr3,A,0.24068273024863684,0.0788662057130011,M,0.15789473684210528,False,0.07965247325285629,0.3333333333333333,0.4,0.4558781746588797,0.49059426234785586,0.07543859649122807,False,0.19723465944987417,0.0,0.2,0.6352993694935446,0.688336745955849,0.13859649122807016,False,0.13844356635136523,0.0,0.4,0.5389273116900924,0.5871785806899237,0.19723465944987417,-0.8083650743262067,-1.005599733776081,0.19723465944987417,M,H,H,0.0,False
C_context_s231303,C,context,231303,development,28,120,4lr3,D,0.1441384387273744,0.1280486184983431,C,0.13684210526315788,False,0.772725125564591,0.3333333333333333,0.2,0.3252114130119862,0.3796556844396965,0.08421052631578947,False,0.7125310688830542,0.3333333333333333,0.2,0.33037455483957084,0.4104928547012143,0.08070175438596491,False,0.7151598716025918,0.3333333333333333,0.2,0.32231768078375983,0.3895279629868109,0.5204710391422247,-0.11402366997604707,-0.6344947091182718,0.7125310688830542,C,A,Y,0.19206002974082947,False
C_context_s231303,C,context,231303,development,28,10,4lr3,L,0.6930004552385615,0.1343775877944191,P,-0.13333333333333333,False,1.5991398458367576,0.3333333333333333,0.2,0.7973875049709674,0.8324664889583012,-0.06140350877192983,False,1.5831744051922834,0.3333333333333333,0.2,0.8015193489395148,0.8483876561597494,-0.12105263157894736,False,1.5911571255145205,0.3333333333333333,0.2,0.7994534269552411,0.838058970006091,1.5831744051922834,0.22686895518733108,-1.3563054500049523,1.5831744051922834,P,C,C,0.0,False
C_context_s231303,C,context,231303,development,28,3,4lr3,T,1.6679277459133877,1.283245023238485,V,-0.2719298245614035,False,4.287348223571769,0.0,0.2,0.952175579587274,1.2914827702735285,-0.28070175438596495,False,3.8676166636666194,0.3333333333333333,0.2,0.7323240818883068,1.118406256490638,-0.22456140350877193,False,4.0774824436191945,0.0,0.2,0.8408295659206512,1.1957375273513968,3.8676166636666194,3.0545090184664345,-0.8131076452001849,3.8676166636666194,V,F,F,0.0,False
C_context_s231303,C,context,231303,train,29,44,3lzq,A,0.04093198215817747,0.0022426191898882505,V,0.780701754385965,True,0.0,0.6666666666666666,0.8,0.196696118335592,0.20231653950722236,0.8,True,0.0,0.3333333333333333,0.6,0.2044766875154013,0.2104555540394749,0.8105263157894737,True,0.0,0.6666666666666666,0.8,0.20058640292549668,0.20633203781984435,0.0,0.03851216259963042,0.03851216259963042,0.0,V,V,V,0.0,False
C_context_s231303,C,context,231303,train,29,90,3lzq,D,0.012988568916875614,0.00499268421975476,E,0.8666666666666666,False,0.04712814400228926,0.3333333333333333,0.8,0.09747095998093348,0.11396740286974874,0.8280701754385964,False,0.07210363700901784,0.3333333333333333,0.6,0.1008023232373469,0.1159533094903677,0.856140350877193,False,0.05961589050565355,0.3333333333333333,0.6,0.09851676858371565,0.11483532645876109,0.07210363700901784,0.002686299039766471,-0.06941733796925137,0.07210363700901784,E,C,C,0.0,False
C_context_s231303,C,context,231303,train,29,49,3lzq,L,0.010470299334161248,0.007132253105157505,D,0.8635367220075434,False,0.00916856220103407,0.6666666666666666,1.0,0.09368250494201424,0.1023244806200415,0.8310663371353085,False,0.015894066621318675,0.6666666666666666,1.0,0.11600189697335488,0.1288259576432731,0.8477403185561859,False,0.012531314411176386,0.6666666666666666,1.0,0.10484220095768457,0.11517131571680077,0.015894066621318675,-0.21081117867295832,-0.226705245294277,0.015894066621318675,D,A,A,0.0,False
C_context_s231303,C,context,231303,train,29,74,3lzq,T,0.0021202629907386837,0.0020296464884886354,D,0.8157894736842105,False,0.009237534909426193,0.3333333333333333,0.8,0.0341525787696303,0.04604631354124544,0.8140350877192982,False,0.0343583788707601,0.3333333333333333,0.6,0.04094752176209071,0.055840903642431945,0.8105263157894737,False,0.021797956890093145,0.3333333333333333,0.8,0.03747307026178021,0.05078639646431926,0.0343583788707601,-0.06790741741787382,-0.10226579628863391,0.0343583788707601,D,W,W,0.0,False
C_context_s231303,C,context,231303,train,30,122,2zvy,A,0.0013648113357985305,0.0007466516938054844,Y,0.6456140350877193,True,0.0,0.6666666666666666,1.0,0.0268269087951418,0.036943353066533235,0.6087719298245614,True,0.0,1.0,1.0,0.021061718925098578,0.026299487833711905,0.6157894736842106,True,0.0,1.0,1.0,0.023886131810848983,0.03147829728423627,0.0,-0.06980583689609304,-0.06980583689609304,0.0,Y,Y,Y,0.0,False
C_context_s231303,C,context,231303,train,30,44,2zvy,D,0.0002893554282323346,0.00021706752782906666,Q,0.6350877192982456,False,0.0199101453448573,0.3333333333333333,0.6,0.013717468591483765,0.017010450559357168,0.5105263157894736,False,0.020417927417103465,0.3333333333333333,0.6,0.015905379785510126,0.01950337157114032,0.5736842105263157,False,0.01820394164134817,0.3333333333333333,0.6,0.01390944799285064,0.017475660087592135,0.01649773793783904,-0.02479887265954206,-0.0412966105973811,0.020417927417103465,Q,K,Y,0.003920189479264424,False
C_context_s231303,C,context,231303,train,30,17,2zvy,L,0.11843592655780127,0.05660121225420603,F,0.8508771929824561,False,0.012887588490883672,0.3333333333333333,0.4,0.2486658687950464,0.3441452114410446,0.8614035087719297,False,0.03642697544960355,0.3333333333333333,0.4,0.26833305185551987,0.36931801932900477,0.8508771929824561,False,0.02465728197024361,0.3333333333333333,0.4,0.2584994603252831,0.3566158395128133,0.03642697544960355,0.029727539021747462,-0.006699436427856087,0.03642697544960355,F,P,P,0.0,True
C_context_s231303,C,context,231303,train,30,146,2zvy,T,0.0009991929207785492,0.000434079134615105,Q,0.7035087719298245,False,0.03362126076089905,0.6666666666666666,0.6,0.02442796365449418,0.031610012982891185,0.4333333333333333,False,0.04117756899332148,0.6666666666666666,0.6,0.017346155846971106,0.021787151530059286,0.5614035087719299,False,0.037399414877110265,0.6666666666666666,0.6,0.01894402663662216,0.02524190895249378,0.04117756899332148,-0.018677430837803655,-0.05985499983112513,0.04117756899332148,Q,R,R,0.0,False
C_context_s231303,C,context,231303,train,31,39,4reu,A,0.00015256726868207829,2.0234928130707204e-05,F,0.5701754385964912,False,0.0050008938339840825,0.3333333333333333,0.6,0.011503579466903816,0.012351812364267776,0.4929824561403509,False,0.0020510009524794537,0.0,0.4,0.010205887232339146,0.010695974339159073,0.5421052631578946,False,0.0034775633142218668,0.3333333333333333,0.4,0.010854733349621481,0.011471331424730315,0.001954232794459651,0.002184733109657097,0.00023050031519744607,0.0020510009524794537,F,D,I,9.676815801980265e-05,False
C_context_s231303,C,context,231303,train,31,137,4reu,D,2.508486452087444e-05,1.625157372094853e-05,E,0.4350877192982456,False,0.0013895200970018284,0.0,0.4,0.003439311203067023,0.0050084792622985316,0.42105263157894735,False,0.001341053659742672,0.3333333333333333,0.4,0.003492317441813937,0.004663562901147946,0.45438596491228067,False,0.0013381118775159379,0.3333333333333333,0.4,0.0033868618940740293,0.004755485762429783,-0.0001598400302508518,-0.004477626250309327,-0.0043177862200584755,0.001341053659742672,E,R,K,0.0015008936899935238,True
C_context_s231303,C,context,231303,train,31,149,4reu,L,0.000519932409382534,0.0002483317078652068,F,0.7842105263157895,False,0.013422552067678561,0.0,0.6,0.018497389162832695,0.02280202643149363,0.7614035087719299,False,0.008530933550072999,0.0,0.6,0.01381216547168186,0.016590061775664883,0.7859649122807018,False,0.01097674280887578,0.0,0.6,0.01537587767862159,0.019329255406522087,0.008530933550072999,-0.0059266617358762486,-0.014457595285949247,0.008530933550072999,F,R,R,0.0,True
C_context_s231303,C,context,231303,train,31,62,4reu,T,4.786071415507968e-06,2.740712271431787e-06,E,0.5421052631578946,True,0.0,0.6666666666666666,0.8,0.0016012021307158706,0.0021877091706869922,0.26491228070175443,True,0.0,0.6666666666666666,0.4,0.0016416963874644598,0.002239379496446965,0.4912280701754386,True,0.0,0.6666666666666666,0.6,0.0015478008961767042,0.0021524016901417276,0.0,-0.0019106152312577673,-0.0019106152312577673,0.0,E,E,E,0.0,True
C_context_s231303,C,context,231303,train,32,114,6mvm,A,3.09225742165783e-05,1.7119086533654488e-06,F,0.4333333333333333,False,0.002217540315171178,0.3333333333333333,0.2,0.005404689219854629,0.005560806975302982,0.2982456140350877,False,0.004662190060701267,0.3333333333333333,0.2,0.006587561173591889,0.006846454798523595,0.4280701754385965,False,0.003426813545504252,0.3333333333333333,0.2,0.005989914706575545,0.006190568137357469,0.001969581955031101,0.001428514637284356,-0.0005410673177467448,0.004662190060701267,F,G,H,0.002692608105670166,True
C_context_s231303,C,context,231303,train,32,39,6mvm,D,0.00014940594865738157,0.00011285509614976625,C,0.19473684210526312,False,0.004441868479420404,0.0,0.0,0.008757425749464432,0.01222317261014429,0.20350877192982456,False,0.004267072311565031,0.0,0.0,0.008392220677300596,0.012581810151310931,0.19473684210526312,False,0.004354470395492718,0.0,0.0,0.008574823213382514,0.01238406310628219,0.004267072311565031,-0.005724837459983485,-0.009991909771548516,0.004267072311565031,C,K,K,0.0,True
C_context_s231303,C,context,231303,train,32,29,6mvm,L,5.212108922704045e-05,5.182159238991149e-05,F,0.9157894736842105,True,0.0,1.0,1.0,0.005464740332606906,0.00721949369603163,0.9210526315789472,False,0.0008350268738733339,1.0,1.0,0.005634799994713516,0.0070972655726499806,0.9192982456140351,True,0.0,1.0,1.0,0.005544312684695099,0.007124801321311709,0.0,-0.01585360285167634,-0.01585360285167634,0.0008350268738733339,F,Y,F,0.0008350268738733339,True
C_context_s231303,C,context,231303,train,32,88,6mvm,T,5.538016041611752e-06,3.490077927707514e-06,F,0.03859649122807017,False,0.0033708421411282607,0.3333333333333333,0.6,0.0020036206252487636,0.002353298969874366,0.13859649122807016,False,0.0044247351536796445,0.3333333333333333,0.4,0.0019349406460627918,0.0023143746858678366,0.04385964912280702,False,0.0038977886474039526,0.3333333333333333,0.4,0.001962064744442415,0.0022789458609060484,0.0044247351536796445,-0.000700866552796886,-0.0051256017064765305,0.0044247351536796445,F,R,R,0.0,True
C_context_s231303,C,context,231303,train,33,154,7ebl,A,0.10935580762923454,0.0645594238006286,P,0.7859649122807018,True,0.0,0.6666666666666666,0.8,0.28615843174872546,0.33068989647286556,0.03333333333333333,False,1.2405702745388352,0.0,0.2,0.4036129684650398,0.45762966700288693,0.4473684210526316,False,0.22891043953806545,0.3333333333333333,0.6,0.2435596490043345,0.3004172232403846,0.0,0.47489222492369976,0.47489222492369976,1.2405702745388352,P,Q,P,1.2405702745388352,False
C_context_s231303,C,context,231303,train,33,104,7ebl,D,0.4772930805177607,0.439026827284827,F,0.8596491228070176,True,0.0,0.6666666666666666,0.8,0.5090258801559949,0.690864010147989,0.3403508771929824,False,0.22195950545745813,0.3333333333333333,0.6,0.5035934872685484,0.6060449049295198,0.6947368421052632,True,0.0,0.3333333333333333,0.6,0.3230634410783246,0.491367097067939,0.0,-0.09146993815770621,-0.09146993815770621,0.22195950545745813,F,G,F,0.22195950545745813,False
C_context_s231303,C,context,231303,train,33,30,7ebl,L,0.11560007126029948,0.11136012415488553,P,0.819298245614035,True,0.0,0.3333333333333333,0.8,0.2824831661010907,0.3400001047945419,0.38245614035087716,False,0.19469906288340688,0.6666666666666666,0.4,0.41249661578453717,0.5297483218789755,0.7,True,0.0,0.3333333333333333,0.6,0.2490256333366048,0.33220516264317196,0.0,-1.1611927576991032,-1.1611927576991032,0.19469906288340688,P,E,P,0.19469906288340688,False
C_context_s231303,C,context,231303,train,33,108,7ebl,T,0.12595827232127385,0.10696439393791322,L,0.7491228070175439,True,0.0,0.3333333333333333,0.8,0.2728137499049537,0.3549060049101365,0.19824561403508772,False,0.32604859000512487,0.3333333333333333,0.4,0.40874326534579347,0.5481031590643753,0.6719298245614035,False,0.06342838478637125,0.6666666666666666,0.8,0.22641854195988242,0.3128323597722229,0.0,0.30623796297396577,0.30623796297396577,0.32604859000512487,L,P,L,0.32604859000512487,False
C_context_s231303,C,context,231303,train,34,94,4wfq,A,1.3437790284429343e-05,7.903045964941972e-06,H,0.6473684210526316,False,0.00037092587648534375,0.3333333333333333,0.6,0.0025145833943180187,0.0036657591689074915,0.6298245614035087,False,0.0016629817890716908,0.0,0.6,0.002439918512018984,0.0037905264786554232,0.6666666666666666,False,0.0010169538327785173,0.3333333333333333,0.6,0.0024266604586919887,0.00370624280785132,0.0016629817890716908,-0.00852525493894677,-0.010188236728018461,0.0016629817890716908,H,F,F,0.0,False
C_context_s231303,C,context,231303,train,34,75,4wfq,D,6.545498042681654e-05,2.6371012321292898e-06,T,0.2869679960329946,False,0.0008347748964020046,0.0,0.4,0.007925773097602985,0.008090425231520067,0.22729269410564407,False,0.0011539827895715449,0.0,0.2,0.006937858738894383,0.007081119704727039,0.32733658263090826,False,0.0009943788429867748,0.0,0.4,0.007431815918248686,0.00757238459840066,0.0011539827895715449,0.0020974880273471053,0.0009435052377755604,0.0011539827895715449,T,E,E,0.0,False
C_context_s231303,C,context,231303,train,34,189,4wfq,L,7.767658072767674e-05,2.017932255378111e-05,W,0.23157894736842102,True,0.0,0.3333333333333333,0.2,0.007582694651236832,0.008813431835991967,0.23508771929824557,True,0.0,0.3333333333333333,0.2,0.006017049948686145,0.007269313872474334,0.2771929824561403,True,0.0,0.3333333333333333,0.2,0.006794043854364641,0.008011719559408641,0.0,-0.0003011121184354343,-0.0003011121184354343,0.0,W,W,W,0.0,False
C_context_s231303,C,context,231303,train,34,122,4wfq,T,0.00016936739263565795,2.6287494276628454e-05,F,-0.16315789473684209,False,0.013400350426211655,0.0,0.0,0.012083627766365354,0.013014122814683206,-0.16140350877192983,False,0.01550159842778552,0.0,0.2,0.011023277718161162,0.01203283318911114,-0.17719298245614035,False,0.014450974426998588,0.0,0.2,0.011553452742263257,0.012501549187344826,0.01550159842778552,0.013579447714392234,-0.0019221507133932864,0.01550159842778552,F,P,P,0.0,False
C_context_s231303,C,context,231303,train,35,75,1s8a,A,0.002056776049141475,0.001152077180179842,E,0.6052631578947367,False,0.07384456609549983,0.3333333333333333,0.6,0.03789152567990883,0.04535169290270734,0.1824561403508772,False,0.05070227461882992,0.0,0.4,0.017370085574084884,0.024709540137669322,0.4350877192982456,False,0.05798564795390437,0.3333333333333333,0.6,0.018739939263212067,0.02667834985489719,0.042126729812308916,0.029429406367891597,-0.012697323444417319,0.05070227461882992,E,V,Y,0.008575544806521007,True
C_context_s231303,C,context,231303,train,35,70,1s8a,D,0.0021671477915612683,0.0021447736842566123,Y,0.8894736842105263,True,0.0,1.0,0.8,0.03698019096459379,0.04655263463608981,0.9192982456140351,True,0.0,1.0,0.8,0.02553117925778295,0.03013397801875882,0.9210526315789472,True,0.0,1.0,1.0,0.029656194776554363,0.037139056406970954,0.0,-0.055508901206180905,-0.055508901206180905,0.0,Y,Y,Y,0.0,True
C_context_s231303,C,context,231303,train,35,76,1s8a,L,0.0022242621203470473,0.001012719420310421,R,0.8473684210526315,True,0.0,0.3333333333333333,0.6,0.03985173407741954,0.047162083503032894,0.7456140350877193,False,0.017788534937775824,0.3333333333333333,0.4,0.020567579139757312,0.024484600669032963,0.8912280701754386,True,0.0,0.3333333333333333,0.6,0.028659170714961053,0.033524892270090756,0.0,-0.0397586993357128,-0.0397586993357128,0.017788534937775824,R,C,R,0.017788534937775824,True
C_context_s231303,C,context,231303,train,35,6,1s8a,T,0.2627903314910709,0.180990981896983,I,0.47543859649122805,False,0.06519369479264508,0.3333333333333333,0.2,0.28600585587377025,0.5126307945208431,0.3666666666666667,False,0.057355081127501095,0.0,0.0,0.33363397578958337,0.6221179169655873,0.45614035087719296,False,0.06081940504691194,0.3333333333333333,0.2,0.3098199158316768,0.5672249447451242,0.02975245119599529,0.07046711813766565,0.04071466694167036,0.057355081127501095,I,K,M,0.027602629931505807,False
C_context_s231303,C,context,231303,train,36,56,1qsm,A,0.08108592234705007,0.06776375848546047,H,0.4298245614035088,False,0.09726309749441486,0.6666666666666666,0.6,0.1927890173769125,0.28475589958251973,0.3666666666666667,False,0.09770556114640294,0.6666666666666666,0.6,0.18583286287005746,0.262891625939759,0.39473684210526316,False,0.09748432932040885,0.6666666666666666,0.6,0.18905264935937346,0.272478016999963,0.09770556114640294,-0.5113922618869998,-0.6090978230334028,0.09770556114640294,H,S,S,0.0,False
C_context_s231303,C,context,231303,train,36,26,1qsm,D,0.0076591644464114655,0.001715241564981352,E,0.5824561403508772,False,0.09223857115349654,0.3333333333333333,0.6,0.07936436586619418,0.08751665239490977,0.5263157894736842,False,0.08622440603219955,0.3333333333333333,0.6,0.05574845865033099,0.061252686390798027,0.5789473684210525,False,0.08923148859284805,0.3333333333333333,0.6,0.06728658150715533,0.07421361232779441,0.08622440603219955,-0.037965381693420786,-0.12418978772562034,0.08622440603219955,E,P,P,0.0,False
C_context_s231303,C,context,231303,train,36,45,1qsm,L,0.010077922623805942,0.003037560875246896,A,0.7771929824561404,True,0.0,0.6666666666666666,0.6,0.08817469444522652,0.10038885706992555,0.7649122807017543,True,0.0,0.6666666666666666,0.6,0.06176062132913287,0.07124666856745106,0.787719298245614,True,0.0,0.6666666666666666,0.6,0.07356827095642929,0.08525360701335316,0.0,-0.16643854309728745,-0.16643854309728745,0.0,A,A,A,0.0,False
C_context_s231303,C,context,231303,train,36,116,1qsm,T,0.005928130587027562,0.005927679263391435,D,0.8333333333333334,False,0.06653169416975069,1.0,0.6,0.0631073757955212,0.07699435425424102,0.7684210526315789,False,0.07343351035020551,0.6666666666666666,0.6,0.0487836504742636,0.0641684402635729,0.8017543859649122,False,0.0699826022599781,1.0,0.6,0.05446626177390958,0.06983834399640372,0.07343351035020551,-0.03919642036957299,-0.1126299307197785,0.07343351035020551,D,G,G,0.0,False
C_context_s231303,C,context,231303,train,37,25,4cl6,A,0.004431305909077229,0.0027261119670438884,V,0.5894736842105263,False,0.011337731136648946,0.3333333333333333,0.6,0.04325235560305337,0.06656805471904094,0.6543859649122807,False,0.01229450060167915,0.3333333333333333,0.6,0.044016846283905176,0.06819338362870354,0.6333333333333333,False,0.011816115869164048,0.3333333333333333,0.6,0.04363460094347926,0.0673764260129172,0.01229450060167915,-0.008422728682989572,-0.020717229284668723,0.01229450060167915,V,W,W,0.0,False
C_context_s231303,C,context,231303,train,37,83,4cl6,D,1.509607477569231e-05,1.493545066014564e-05,Q,-0.12456140350877193,False,0.0009055855647256278,0.3333333333333333,0.2,0.0031047665153352394,0.0038853667491875604,-0.02631578947368421,True,0.0,0.3333333333333333,0.2,0.0026345810673154206,0.003787113148896241,-0.08070175438596491,True,0.0,0.3333333333333333,0.2,0.0025905818501487632,0.0036089906157220123,-0.0009125091059615231,-0.009317367661076895,-0.008404858555115371,0.0,Q,Q,G,0.0009125091059615231,False
C_context_s231303,C,context,231303,train,37,12,4cl6,L,0.0002777068525174887,4.8595851529050056e-05,M,0.6625713669874952,False,0.0005026417683048068,0.6666666666666666,0.6,0.015136413081983414,0.016664538773020054,0.6046512209991844,False,0.0002696988842796899,0.6666666666666666,0.4,0.015016014872835314,0.0168032765756397,0.6046512209991844,False,0.00038617032629224834,0.6666666666666666,0.4,0.015076213977409367,0.01672206820633717,0.0002696988842796899,0.0008563646542364689,0.000586665769956779,0.0002696988842796899,M,K,K,0.0,False
C_context_s231303,C,context,231303,train,37,1,4cl6,T,0.0009428441618900652,0.00047793319516960123,W,0.7771929824561404,False,0.0009934327568066267,0.6666666666666666,0.6,0.0240597105383378,0.03070576756718622,0.7929824561403509,False,0.0006037529600646865,0.6666666666666666,0.6,0.023749094702680627,0.02902249696701446,0.7824561403508771,False,0.00041116159779153866,0.6666666666666666,0.6,0.023874746879019207,0.02971206926978271,-0.0002509092997946688,-0.04918534091088858,-0.04893443161109391,0.0006037529600646865,W,Y,I,0.0008546622598593553,True
C_context_s231303,C,context,231303,train,38,142,1rvv,A,4.692578333526516e-05,1.4835946782829638e-05,T,0.5333333333333333,False,0.005122714243919885,0.6666666666666666,0.8,0.006085918599588239,0.006850239655316094,0.5263157894736842,False,0.006010228912710719,0.6666666666666666,0.8,0.007399089507648265,0.00859530363879513,0.5280701754385965,False,0.005566471578315302,0.6666666666666666,0.8,0.006740812151714655,0.007660478385862812,0.006010228912710719,-0.003899218615459131,-0.00990944752816985,0.006010228912710719,T,M,M,0.0,False
C_context_s231303,C,context,231303,train,38,48,1rvv,D,3.59807067554629e-06,3.148851445066408e-06,C,0.5870996616087871,False,0.0014448426103364637,0.3333333333333333,0.4,0.001485601465733831,0.001896858106329066,0.22817027207516394,False,0.003610704547639211,0.0,0.2,0.0026035946476846363,0.0031908480521769824,0.41948226943049366,False,0.0012333802581313592,0.0,0.2,0.001685456519595346,0.002232574415159938,-0.0017630004616670664,-0.00020725511732794938,0.001555745344339117,0.003610704547639211,C,V,H,0.005373705009306277,True
C_context_s231303,C,context,231303,train,38,148,1rvv,L,0.0001835892671779807,6.433427598679976e-05,T,0.787719298245614,True,0.0,0.6666666666666666,0.6,0.010920393362474676,0.013549511695185945,0.7508771929824561,False,0.0011010276080573589,0.6666666666666666,0.6,0.010278772328110813,0.012436108964513649,0.7701754385964912,False,0.000507259932282858,0.6666666666666666,0.6,0.01047076319053406,0.012895823994514272,0.0,0.00038754967328985535,0.00038754967328985535,0.0011010276080573589,T,W,T,0.0011010276080573589,True
C_context_s231303,C,context,231303,train,38,116,1rvv,T,2.0537271924657514e-05,1.0078279576944846e-05,F,0.3526315789473684,False,0.0047195311178132235,0.0,0.4,0.0035221997104069305,0.0045318066954204385,-0.20175438596491227,False,0.004847115209333161,0.0,0.2,0.003359652580618927,0.003992682839670106,0.16315789473684209,False,0.0040207685240308405,0.0,0.2,0.0030556477926132835,0.003878439785245213,0.0033220059302484575,-0.0016243796282464432,-0.004946385558494901,0.004847115209333161,F,D,W,0.0015251092790847035,True
C_context_s231303,C,context,231303,train,39,101,2ja9,A,0.003101820583935205,0.001272017745045541,H,0.7070175438596492,False,0.02926145397381416,0.3333333333333333,0.6,0.0432540282550357,0.055693990554953096,0.7280701754385965,False,0.0228873462723143,0.3333333333333333,0.6,0.03932975346763838,0.051778361121742444,0.7245614035087719,False,0.025656411970860778,0.3333333333333333,0.6,0.04122891943178999,0.05371989817970174,0.017441441154239026,0.010898291864018805,-0.006543149290220221,0.0228873462723143,H,C,P,0.005445905118075273,False
C_context_s231303,C,context,231303,train,39,95,2ja9,D,6.701426491163478e-05,5.28424703134866e-05,E,0.7175438596491229,False,0.0035247925035230693,0.6666666666666666,0.6,0.0055311480343226815,0.008186224093660934,0.7508771929824561,True,0.0,0.3333333333333333,0.6,0.005126571454348697,0.007888160955233084,0.7771929824561404,False,7.214510846673822e-05,0.6666666666666666,0.6,0.004884478733353896,0.00792709560333123,-0.003380502286589593,-0.007916698748722445,-0.004536196462132852,0.0,E,E,N,0.003380502286589593,False
C_context_s231303,C,context,231303,train,39,51,2ja9,L,0.000618070995590342,0.00024392802149762996,W,0.8052631578947368,True,0.0,1.0,1.0,0.020662198896604093,0.024861033679039614,0.8368421052631579,True,0.0,1.0,1.0,0.015475078848640496,0.018195965685434714,0.8140350877192982,True,0.0,1.0,1.0,0.01785029614431266,0.02119336284170644,0.0,-0.04912780913368664,-0.04912780913368664,0.0,W,W,W,0.0,False
C_context_s231303,C,context,231303,train,39,78,2ja9,T,0.0013766480343252127,0.00018547913905510644,W,0.7719298245614035,False,0.00137116317223962,0.3333333333333333,0.6,0.03522188542561487,0.037103207871088624,0.7228070175438598,False,0.005828546169672558,0.0,0.6,0.034596535333917135,0.036227869922324,0.7473684210526316,False,0.0035534711627333293,0.0,0.6,0.034909210379766,0.036631799884366635,0.0046112436431838405,-0.041611383264472945,-0.046222626907656786,0.005828546169672558,W,H,Y,0.0012173025264887172,False
A_aa_only_s231301,A,aa_only,231301,development,0,49,5oi7,A,27.94917146915347,19.947041739926146,P,0.18596491228070175,False,16.39004622225399,0.3333333333333333,0.4,3.7956517472274274,5.286697595773137,-0.2,False,0.49381538488607823,0.3333333333333333,0.2,0.982972088536098,1.1176905383380864,0.16842105263157894,False,8.441930803570035,0.3333333333333333,0.2,1.9131596711156273,2.481298812921463,0.49381538488607823,-1.3158947534007908,-1.809710138286869,0.49381538488607823,P,I,I,0.0,True
A_aa_only_s231301,A,aa_only,231301,development,0,53,5oi7,D,86.89931367219626,0.007763570619173114,M,-0.41052631578947374,False,0.15312133287873309,0.0,0.2,9.321563715470548,9.321980136869863,-0.06315789473684211,False,0.08685377356097668,0.0,0.0,1.1161856261621497,1.1179125932780405,-0.3350877192982456,False,0.0748510519451413,0.0,0.0,4.102689044654199,4.103181567285322,-0.028514514774878208,-1.0820946215266236,-1.0535801067517454,0.08685377356097668,M,P,E,0.11536828833585488,False
A_aa_only_s231301,A,aa_only,231301,development,0,45,5oi7,L,81.80815659291395,1.131451928997775,F,-0.19122807017543858,False,4.747876199379745,0.3333333333333333,0.2,8.9820211903511,9.044786155178791,-0.6929824561403508,False,0.3346753968341467,0.0,0.0,1.1550360688654044,1.1653420864411788,-0.22280701754385965,False,2.2158357829305566,0.3333333333333333,0.2,3.9134925607428475,3.9431827212262522,-0.31620463351863215,-0.9478302924692859,-0.6316256589506537,0.3346753968341467,F,P,W,0.6508800303527789,False
A_aa_only_s231301,A,aa_only,231301,development,0,79,5oi7,T,7.348973905991075,7.294230418266168,I,-0.10175438596491228,False,9.29225519911563,0.0,0.2,1.3496775735103166,2.7108990955015413,-0.15964912280701754,False,2.3507332535413523,0.0,0.0,0.5673032046707986,0.8209346590500571,-0.15614035087719297,False,5.821494226328491,0.0,0.0,0.7230698113249207,1.5422071471252725,2.3507332535413523,-0.38797678799132207,-2.7387100415326744,2.3507332535413523,I,P,P,0.0,False
A_aa_only_s231301,A,aa_only,231301,development,1,42,1c5e,A,0.023910488071486564,0.019625263691812892,P,-0.18771929824561404,False,0.3186272738839095,0.0,0.2,0.1117395047685611,0.15463016546420225,-0.16666666666666666,False,0.2979508658506875,0.0,0.2,0.1043411035560307,0.14518452759779135,-0.16140350877192983,False,0.30487927963807676,0.0,0.2,0.10804030416229589,0.1498357405971324,0.28555259644916586,0.28924470875512187,0.00369211230595598,0.2979508658506875,P,G,R,0.012398269401521597,True
A_aa_only_s231301,A,aa_only,231301,development,1,35,1c5e,D,0.0015349445079923124,0.0011400655160381944,M,0.38070175438596493,False,0.022189232685623256,0.0,0.4,0.028833819724286773,0.0391783678576879,0.4666666666666667,False,0.023508813666736544,0.0,0.6,0.03252604192398808,0.041961022467591425,0.4456140350877193,False,0.0228490231761799,0.0,0.6,0.030582339860653448,0.04049904076272597,0.023508813666736544,0.015515747754407547,-0.007993065912328998,0.023508813666736544,M,K,K,0.0,True
A_aa_only_s231301,A,aa_only,231301,development,1,12,1c5e,L,0.00441419446062774,0.004320945809403469,F,0.2543859649122807,False,0.02617405995867264,0.0,0.2,0.04776568070830219,0.06643940442709989,0.21929824561403505,False,0.03301235372205058,0.3333333333333333,0.2,0.04864667330704571,0.06543359991849304,0.2368421052631579,False,0.02959320684036161,0.3333333333333333,0.2,0.047749955299565626,0.06522748255913158,0.03301235372205058,0.016575586161448982,-0.016436767560601598,0.03301235372205058,F,Q,Q,0.0,True
A_aa_only_s231301,A,aa_only,231301,development,1,38,1c5e,T,0.00771168656318335,0.007559947973445312,I,0.343859649122807,False,0.011946235009322154,0.0,0.4,0.061939087023587636,0.08781620900029419,0.28596491228070176,False,0.004908411841122576,0.0,0.4,0.058907120059025486,0.08227610252697627,0.3140350877192983,False,0.008427323425222365,0.0,0.4,0.06042310354130655,0.08496419017446234,0.004908411841122576,-0.0033928913685180445,-0.00830130320964062,0.004908411841122576,I,C,C,0.0,False
A_aa_only_s231301,A,aa_only,231301,development,2,75,4gn0,A,0.006385977155372996,0.00521337792796629,P,-0.19824561403508772,False,0.11822211849000475,0.0,0.0,0.0645418896306231,0.07991230916056047,-0.04035087719298246,False,0.06655048964248422,0.3333333333333333,0.2,0.05681437050469995,0.06791869985625776,-0.13333333333333333,False,0.08675302709370047,0.0,0.2,0.05952065509905193,0.07254015142468963,0.04848620585531549,-0.00242822754829497,-0.05091443340361046,0.06655048964248422,P,G,F,0.018064283787168733,False
A_aa_only_s231301,A,aa_only,231301,development,2,29,4gn0,D,0.02262750453978689,0.009367236432507366,M,0.2421052631578947,False,0.03492169123037314,0.0,0.2,0.13601892072441935,0.15042441470647938,0.419298245614035,False,0.004823184603599984,0.3333333333333333,0.4,0.10877154142344932,0.14790206062700856,0.36315789473684207,False,0.002653304165189496,0.3333333333333333,0.4,0.1214542031199083,0.13698405301220193,-0.04654577129887194,-0.1460843532726681,-0.09953858197379617,0.004823184603599984,M,C,K,0.051368955902471924,False
A_aa_only_s231301,A,aa_only,231301,development,2,23,4gn0,L,0.014375269216866817,0.012955903857397352,F,0.31228070175438594,True,0.0,0.3333333333333333,0.4,0.08167120715127696,0.11989691078950623,0.27368421052631575,False,0.048278952661775065,0.3333333333333333,0.4,0.09641177987610951,0.14700215757515203,0.24736842105263157,False,0.016077369968170885,0.3333333333333333,0.4,0.07503669400671424,0.12551315312683975,0.0,-0.1285120172836045,-0.1285120172836045,0.048278952661775065,F,C,F,0.048278952661775065,False
A_aa_only_s231301,A,aa_only,231301,development,2,45,4gn0,T,0.01832866682272538,0.007442763336311532,I,-0.40175438596491225,False,0.1342391644496086,0.0,0.0,0.10433553319178394,0.1353834067481144,-0.13508771929824562,False,0.15145293308987284,0.0,0.2,0.08529774061980087,0.11198648483484712,-0.3192982456140351,False,0.14284604876974072,0.0,0.0,0.0902480418771006,0.12054768209391464,0.15145293308987284,0.021489679200490386,-0.12996325388938246,0.15145293308987284,I,P,P,0.0,False
A_aa_only_s231301,A,aa_only,231301,train,3,54,1v70,A,0.002548786360378952,0.0014137808367860698,P,0.46140350877192987,False,0.004446086876960839,0.6666666666666666,0.6,0.04463292743861954,0.05048550643876866,0.39824561403508774,False,0.005984761673013463,0.6666666666666666,0.6,0.044878528153597386,0.050728600235790226,0.4070175438596491,False,0.005215424274987151,0.6666666666666666,0.6,0.044755727796108466,0.05060359256403163,0.005984761673013463,-0.005984162497940176,-0.011968924170953639,0.005984761673013463,P,I,I,0.0,True
A_aa_only_s231301,A,aa_only,231301,train,3,4,1v70,D,0.004292699336262847,0.0010129756427425252,M,-0.19122807017543858,False,0.006853490147922248,0.0,0.0,0.05726887194209715,0.06551869455554535,-0.2614035087719298,False,0.013421078347008474,0.0,0.0,0.05758428832414992,0.06593726117713447,-0.2421052631578947,False,0.008971524655069042,0.0,0.0,0.05742658013312353,0.0657150722167594,0.009466906150378242,-0.020890607715098285,-0.030357513865476526,0.013421078347008474,M,S,V,0.003954172196630232,True
A_aa_only_s231301,A,aa_only,231301,train,3,69,1v70,L,0.004693334855486243,0.0008160834431654604,F,0.41754385964912283,False,0.00420048595469584,0.0,0.6,0.062267579142927854,0.06850791819553594,0.16842105263157894,False,0.0035489971811324683,0.3333333333333333,0.4,0.061524312246524104,0.06778554022402766,0.28947368421052627,False,0.0033223898893010445,0.3333333333333333,0.4,0.061895945694725965,0.06813960054754407,0.0022674542459384522,0.001624269806242376,-0.0006431844396960762,0.0035489971811324683,F,W,C,0.001281542935194016,True
A_aa_only_s231301,A,aa_only,231301,train,3,100,1v70,T,0.003340769421584785,0.0016195604989116114,I,0.3245614035087719,False,0.006031617779090989,0.0,0.2,0.043712392173452845,0.057799389456851404,0.27368421052631575,False,0.005164812798655827,0.0,0.4,0.04269409323092465,0.05709250991336469,0.25789473684210523,False,0.005596403991505551,0.0,0.2,0.04320324270218875,0.05744194562408474,0.0036014896404767544,-0.0014598618045298661,-0.0050613514450066205,0.005164812798655827,I,C,Q,0.0015633231581790724,True
A_aa_only_s231301,A,aa_only,231301,train,4,30,1ub9,A,0.005493022899797819,0.0034052468125788287,P,-0.10350877192982455,False,0.04375619936373326,0.3333333333333333,0.2,0.06445078015413917,0.07411493034333783,-0.05263157894736842,False,0.04765877805329316,0.3333333333333333,0.2,0.07806328319399387,0.08969571640650974,-0.12456140350877193,False,0.04570748870851321,0.3333333333333333,0.2,0.07092813534257987,0.08150466533385396,0.04765877805329316,-0.08996664617299277,-0.13762542422628593,0.04765877805329316,P,H,H,0.0,False
A_aa_only_s231301,A,aa_only,231301,train,4,40,1ub9,D,0.0051788714116578136,0.004768286112648143,M,-0.1842105263157895,False,0.14589623046147954,0.0,0.0,0.058028857596451974,0.07196437599019263,-0.1105263157894737,False,0.19381712191442163,0.0,0.2,0.06322736298000058,0.08342150457975679,-0.13333333333333333,False,0.16985667618795058,0.0,0.2,0.0601470116098965,0.07689198837142863,0.19381712191442163,0.06672571258774157,-0.12709140932668006,0.19381712191442163,M,C,C,0.0,False
A_aa_only_s231301,A,aa_only,231301,train,4,12,1ub9,L,0.03548741670959852,0.027033491707525868,F,0.21403508771929824,False,0.06173176908618816,0.0,0.4,0.11694108215518861,0.1883810412690155,0.18596491228070175,False,0.05884705572705873,0.0,0.4,0.09889421399841129,0.16293212019453512,0.23508771929824557,False,0.060289412406623444,0.0,0.4,0.10611036062200399,0.1749350592297455,0.05884705572705873,0.0365390322533663,-0.02230802347369243,0.05884705572705873,F,P,P,0.0,True
A_aa_only_s231301,A,aa_only,231301,train,4,61,1ub9,T,0.002898859593353751,0.0021970546356712903,I,-0.12456140350877193,False,0.04190151409262488,0.0,0.2,0.03914559206861224,0.053841058620292294,0.2263157894736842,False,0.01714513129933737,0.0,0.4,0.03031491369298625,0.0453368555055488,0.04385964912280702,False,0.029523322695981125,0.0,0.2,0.0339305458864629,0.04906605674710292,0.01714513129933737,0.013508849596732875,-0.0036362817026044936,0.01714513129933737,I,H,H,0.0,True
A_aa_only_s231301,A,aa_only,231301,train,5,92,2wpq,A,0.10634968286070826,0.10452007039730075,P,0.612280701754386,True,0.0,0.6666666666666666,0.6,0.20853235444951643,0.32611299094134266,0.2421052631578947,True,0.0,0.3333333333333333,0.4,0.10894283829371124,0.12740867069803924,0.5105263157894736,True,0.0,0.3333333333333333,0.6,0.13103167869853988,0.19524372128546374,0.0,-0.14204471101550453,-0.14204471101550453,0.0,P,P,P,0.0,False
A_aa_only_s231301,A,aa_only,231301,train,5,68,2wpq,D,0.10064059013962405,0.08457330533424519,M,0.6245614035087719,True,0.0,0.3333333333333333,0.6,0.2733277010463824,0.3172390110620446,0.4807017543859649,False,0.11380099073605798,0.0,0.4,0.1470954452571241,0.18259841843912408,0.5736842105263157,True,0.0,0.3333333333333333,0.4,0.20998811626960337,0.24663710205567158,0.0,-0.13989409057958113,-0.13989409057958113,0.11380099073605798,M,R,M,0.11380099073605798,False
A_aa_only_s231301,A,aa_only,231301,train,5,97,2wpq,L,0.19114955373598153,0.19017171127378812,F,0.4263157894736842,False,0.5034602493264089,0.3333333333333333,0.2,0.30613955869000126,0.43720653441592283,-0.13684210526315788,False,0.20743812219734004,0.0,0.2,0.12048679970261554,0.15191351401994213,0.3736842105263158,False,0.35544918576187445,0.3333333333333333,0.2,0.1881600908422603,0.2518403655920625,0.20743812219734004,0.0004839742406055336,-0.2069541479567345,0.20743812219734004,F,S,S,0.0,False
A_aa_only_s231301,A,aa_only,231301,train,5,44,2wpq,T,0.9479208883966721,0.35003081474571196,I,0.11929824561403508,False,0.46876507801998457,0.3333333333333333,0.4,0.8024246540280261,0.9736122885402958,0.13508771929824562,False,0.38739922724799314,0.3333333333333333,0.4,0.5394120048898472,0.6133740293016818,0.09473684210526316,False,0.42808215263398885,0.3333333333333333,0.4,0.6709183294589366,0.784190107629979,0.38739922724799314,0.28112970255202185,-0.10626952469597128,0.38739922724799314,I,G,G,0.0,False
A_aa_only_s231301,A,aa_only,231301,train,6,36,3vub,A,0.002255654227739657,0.0017217526611202029,P,0.1736842105263158,False,0.024932648393241663,0.3333333333333333,0.4,0.04092856003860971,0.04749372829900446,-0.4070175438596491,False,1.8874716094832102,0.0,0.0,0.5829215525825937,0.6640670844333926,-0.4,False,0.9531236920579689,0.0,0.0,0.29419294079234054,0.34158201421139006,0.8736663880096767,1.17351520844821,0.2998488204385333,1.8874716094832102,P,D,H,1.0138052214735336,False
A_aa_only_s231301,A,aa_only,231301,train,6,88,3vub,D,0.0021538632583971463,0.0010033557267182726,M,-0.19824561403508772,False,0.00453820889371527,0.0,0.0,0.03501969960219663,0.04640973236722171,-0.12456140350877193,False,0.4667407963628998,0.0,0.4,0.6573012161900416,0.6980945542107296,-0.12631578947368421,False,0.234528898106941,0.0,0.4,0.3384273976683774,0.3604607465575833,-0.24865493108390935,-0.2664231933935395,-0.017768262309630134,0.4667407963628998,M,R,H,0.7153957274468091,False
A_aa_only_s231301,A,aa_only,231301,train,6,40,3vub,L,0.003639515822680636,0.0007765379946361829,F,0.47017543859649114,False,0.010785331410798168,0.3333333333333333,0.6,0.05350680169889107,0.06032839980208854,0.2982456140350877,False,0.039333891693829726,0.0,0.4,0.7508737879905283,0.7523241470834832,0.38421052631578945,False,0.02505961155231401,0.0,0.2,0.40219029484470964,0.40375485498966507,0.039333891693829726,-0.6953375121186423,-0.734671403812472,0.039333891693829726,F,G,G,0.0,False
A_aa_only_s231301,A,aa_only,231301,train,6,6,3vub,T,0.0030758993387165505,0.001845711761444576,I,-0.21403508771929824,False,0.024014758947867657,0.3333333333333333,0.2,0.041196413172865154,0.05546079100334353,0.04736842105263158,False,0.27941100801458196,0.3333333333333333,0.2,0.49168372874737815,0.5832589597860184,0.04035087719298246,False,0.1437580813750084,0.3333333333333333,0.2,0.2542857432180933,0.3003166692244637,-0.39850709232931586,-0.4603222725901204,-0.061815180260804514,0.27941100801458196,I,N,G,0.6779181003438979,False
A_aa_only_s231301,A,aa_only,231301,train,7,56,3nxa,A,0.016509493243064933,0.006141291464526274,P,-0.1,True,0.0,0.3333333333333333,0.2,0.10986022063539665,0.1284892728715706,-0.14035087719298248,True,0.0,0.3333333333333333,0.2,0.11464788479493253,0.13274923595338556,-0.09824561403508772,True,0.0,0.3333333333333333,0.2,0.11225405271516462,0.13020789086044762,0.0,-0.22455202164427812,-0.22455202164427812,0.0,P,P,P,0.0,False
A_aa_only_s231301,A,aa_only,231301,train,7,74,3nxa,D,0.006224242122976916,0.002660444757728969,M,-0.22807017543859648,False,0.08412986658174404,0.0,0.2,0.059697549072369356,0.07889386619362063,-0.30701754385964913,False,0.47999728429613375,0.0,0.2,0.12820769579856006,0.21957795972795813,-0.31578947368421056,False,0.2820635754389389,0.0,0.2,0.0895076940319835,0.12444203533677334,0.47999728429613375,0.3981151189259291,-0.08188216537020465,0.47999728429613375,M,G,G,0.0,False
A_aa_only_s231301,A,aa_only,231301,train,7,39,3nxa,L,0.02262406729864989,0.004917093164466965,F,-0.0035087719298245615,False,0.013007687444375082,0.3333333333333333,0.4,0.13306755477644774,0.15041298912876472,0.15789473684210528,False,0.00048539558885429823,0.3333333333333333,0.4,0.16863510841903376,0.28617589461005655,0.13333333333333333,False,0.00674654151661469,0.3333333333333333,0.4,0.14545367978326026,0.18171016394556358,0.00048539558885429823,-0.22490411510071395,-0.22538951068956825,0.00048539558885429823,F,Y,Y,0.0,False
A_aa_only_s231301,A,aa_only,231301,train,7,3,3nxa,T,0.011075560418239302,0.00691513190169407,I,0.09824561403508772,False,0.25289777495045573,0.0,0.4,0.09607253080734683,0.10524048849297167,-0.08070175438596491,False,0.23792529599971246,0.0,0.2,0.11269556275221733,0.12245385557645044,0.04912280701754386,False,0.2454115354750841,0.0,0.2,0.10355054274181473,0.11315092789743278,0.23792529599971246,0.16560386765843815,-0.07232142834127431,0.23792529599971246,I,N,N,0.0,False
A_aa_only_s231301,A,aa_only,231301,train,8,48,2v66,A,9.29071034132849,3.91764404593341,P,0.3701754385964912,False,6.977705589183148,0.6666666666666666,0.4,2.675917737730458,3.048066656313226,0.4070175438596491,False,6.476125488697564,0.3333333333333333,0.4,2.4027071852568156,3.132236324358936,0.4456140350877193,False,6.726915538940356,0.6666666666666666,0.4,2.0346502430329574,2.496135462039624,6.476125488697564,-1.6022343766383838,-8.078359865335948,6.476125488697564,P,C,C,0.0,False
A_aa_only_s231301,A,aa_only,231301,train,8,42,2v66,D,15.212203072443051,6.308187849670478,M,0.2631578947368421,False,4.093911305231909,0.0,0.2,3.192530323152985,3.900282434958147,0.28771929824561404,False,3.428215154926232,0.0,0.2,1.746395340583588,2.5295941747015434,0.31578947368421056,False,3.7610632300790705,0.0,0.2,1.9162804494841466,2.7306719922504463,3.428215154926232,-1.7046895452136046,-5.132904700139837,3.428215154926232,M,C,C,0.0,False
A_aa_only_s231301,A,aa_only,231301,train,8,60,2v66,L,44.828264573350054,11.066864352687126,F,0.3350877192982456,False,2.4804517977344256,0.0,0.4,5.810456111241434,6.695391293520496,0.32631578947368417,False,4.870537145506354,0.0,0.4,7.494083180695893,8.980744638777786,0.32280701754385965,False,3.675494471620391,0.0,0.4,6.652269645968663,7.760703687178887,4.870537145506354,5.8403257373263395,0.9697885918199849,4.870537145506354,F,V,V,0.0,False
A_aa_only_s231301,A,aa_only,231301,train,8,74,2v66,T,59.66344246366432,58.922508798245204,I,0.7035087719298245,True,0.0,0.6666666666666666,0.4,5.158614123838255,7.724211446074241,0.6807017543859648,False,0.36920141317741084,0.3333333333333333,0.4,8.656504648441345,9.57985160731092,0.6807017543859648,False,0.011366047235709331,0.3333333333333333,0.4,6.651273825087441,8.073249742450045,0.0,-12.650688208736064,-12.650688208736064,0.36920141317741084,I,L,I,0.36920141317741084,False
A_aa_only_s231301,A,aa_only,231301,train,9,61,3zk1,A,0.0028946695906676735,0.001814149913420527,P,-0.30350877192982456,False,0.01304146468965628,0.0,0.0,0.048737279378631794,0.053802133699953514,-0.39473684210526316,False,0.024714420404447518,0.0,0.0,0.0464242109644864,0.0521643985177297,-0.3140350877192983,False,0.0188779425470519,0.0,0.0,0.04758074517155911,0.052869392693745104,0.024714420404447518,0.013370221177793268,-0.01134419922665425,0.024714420404447518,P,F,F,0.0,True
A_aa_only_s231301,A,aa_only,231301,train,9,1,3zk1,D,0.0019151340213208867,0.001432142074377378,M,0.23508771929824557,False,0.011257554690324023,0.0,0.2,0.03802453140805127,0.04376224424456413,0.2631578947368421,False,0.013679434883452302,0.0,0.2,0.04380689325266527,0.05020883632691328,0.22807017543859648,False,0.012468494786888162,0.0,0.2,0.04091571233035826,0.046788180280940166,0.013679434883452302,-0.010885242560227049,-0.02456467744367935,0.013679434883452302,M,Y,Y,0.0,True
A_aa_only_s231301,A,aa_only,231301,train,9,78,3zk1,L,0.002752053170670409,0.0006288912652454815,F,0.28771929824561404,False,0.010273705632116797,0.0,0.4,0.04607778103842379,0.05246001497016951,0.07368421052631578,False,0.01693443516866358,0.0,0.4,0.04989535428213191,0.05721144402956553,0.29473684210526313,False,0.013604070400390189,0.0,0.4,0.04798656766027785,0.05470784506927851,0.01693443516866358,0.012194285578268571,-0.00474014959039501,0.01693443516866358,F,D,D,0.0,True
A_aa_only_s231301,A,aa_only,231301,train,9,4,3zk1,T,0.0034321989799659626,0.0011849382628470531,I,0.6105263157894737,False,0.011913170965159092,0.0,0.2,0.04860485648011381,0.058584972304900534,0.719298245614035,False,0.003025798993301465,0.3333333333333333,0.4,0.04620929667252087,0.05666524305768734,0.7052631578947368,False,0.00682735446330579,0.0,0.4,0.04717991519753,0.057311713050966336,0.0017415379614524884,-0.015549412407876356,-0.017290950369328845,0.003025798993301465,I,H,Y,0.0012842610318489767,True
A_aa_only_s231301,A,aa_only,231301,train,10,79,1qy7,A,0.0021007735757038425,0.0017525048564761175,P,-0.12982456140350876,False,0.02347993543807636,0.0,0.6,0.0386924929751364,0.045834196575306546,-0.04385964912280702,False,0.005398125051751745,0.0,0.6,0.038931725732260065,0.04572997903302147,-0.06842105263157894,False,0.010948317271771202,0.0,0.4,0.038812109353698235,0.04556945732915826,-0.0044201608268414905,0.0029013089832155003,0.007321469810056991,0.005398125051751745,P,D,W,0.009818285878593236,False
A_aa_only_s231301,A,aa_only,231301,train,10,70,1qy7,D,0.002275497647684643,0.0009446983353400788,M,0.14912280701754385,False,0.013952720766633453,0.3333333333333333,0.2,0.03684180120395476,0.04770217655080995,0.08771929824561404,False,0.011175747392555557,0.0,0.2,0.04034591512656094,0.050457803685752645,0.03508771929824562,False,0.009247544496344517,0.0,0.2,0.03843012384174143,0.048985166349566095,-0.0018142260588080994,-0.0014928875560822341,0.0003213385027258653,0.011175747392555557,M,G,E,0.012989973451363657,False
A_aa_only_s231301,A,aa_only,231301,train,10,55,1qy7,L,0.004673310379834683,0.0009799365040539694,F,-0.12280701754385966,False,0.014101645469442481,0.0,0.0,0.06077313449033803,0.06836161481295393,0.18070175438596495,False,0.021020849488278315,0.0,0.2,0.058711348148653364,0.06560899934053528,0.021052631578947368,False,0.014740642181320707,0.0,0.2,0.0597422413194957,0.06650673759345567,-0.0013487717426736712,-0.008427265153553076,-0.007078493410879405,0.021020849488278315,F,H,N,0.022369621230951986,False
A_aa_only_s231301,A,aa_only,231301,train,10,98,1qy7,T,0.003178558940389048,0.0020679949515744096,I,0.1280701754385965,False,0.028134379058181724,0.0,0.4,0.039191998805333486,0.05637870999223952,0.3649122807017544,False,0.02547020654015064,0.0,0.4,0.035761655304086204,0.051984606847755875,0.2596491228070175,False,0.022596762606287013,0.0,0.4,0.03688070925144187,0.05384728326065033,0.013760719162277613,0.0037895491254343883,-0.009971170036843224,0.02547020654015064,I,A,G,0.011709487377873029,False
A_aa_only_s231301,A,aa_only,231301,train,11,64,3mhx,A,0.002738228287565217,0.0015769784194461169,P,0.23859649122807017,False,0.006227875620266277,0.0,0.4,0.04717912453984717,0.05232808316349087,0.32631578947368417,False,0.028855333264405314,0.3333333333333333,0.6,0.03464573440949941,0.04170969757083215,0.3596491228070175,False,0.01559563051320656,0.3333333333333333,0.6,0.04087964805974718,0.04638112210992894,0.02071130870567639,0.021377798006261606,0.0006664893005852157,0.028855333264405314,P,C,S,0.008144024558728924,False
A_aa_only_s231301,A,aa_only,231301,train,11,19,3mhx,D,0.0022567966731067935,0.0016323557460268265,M,-0.06140350877192983,False,0.06541495266197073,0.0,0.2,0.030412638840800116,0.04750575410523228,-0.26842105263157895,False,0.08259989362573195,0.0,0.0,0.03103517814647879,0.04454107024338947,-0.1280701754385965,False,0.07400742314385134,0.0,0.2,0.028783099258831345,0.04453964358976808,0.08259989362573195,0.06140397918666157,-0.021195914439070374,0.08259989362573195,M,P,P,0.0,False
A_aa_only_s231301,A,aa_only,231301,train,11,3,3mhx,L,0.006439248827638026,0.0016687533152232223,F,-0.2912280701754386,False,0.09039931022386513,0.0,0.2,0.07073719863196347,0.08024493023012746,-0.2508771929824561,False,0.07107502707133934,0.0,0.2,0.061999659606043304,0.06979696225190511,-0.22982456140350876,False,0.08072587091418275,0.0,0.2,0.06623489443189007,0.07488180607668321,0.07105243160450037,0.047641890883276916,-0.02341054072122345,0.07107502707133934,F,C,V,2.2595466838970513e-05,False
A_aa_only_s231301,A,aa_only,231301,train,11,2,3mhx,T,0.0028757979978322507,0.0014435925824913202,I,0.27017543859649124,False,0.013328273145546465,0.3333333333333333,0.6,0.04065434142487781,0.053626467325680244,0.0456140350877193,False,0.024125579072741432,0.3333333333333333,0.4,0.04254348131087944,0.055385389508863236,0.10175438596491228,False,0.016660141452544908,0.3333333333333333,0.4,0.04137972832466934,0.05427563607752563,0.01698375676947006,0.01471722143078924,-0.0022665353386808196,0.024125579072741432,I,H,F,0.007141822303271372,False
A_aa_only_s231301,A,aa_only,231301,train,12,4,5b08,A,0.004290936894106436,0.0025967188636198298,P,-0.22280701754385965,False,0.03264656497487817,0.0,0.0,0.057714397750718405,0.06550524325660073,-0.02280701754385965,False,0.032351784614610746,0.0,0.0,0.0510142493835875,0.058489242545847,-0.07368421052631578,False,0.032499174794744456,0.0,0.0,0.05436432356715295,0.06183167523810972,0.032351784614610746,-0.004817646154971267,-0.03716943076958201,0.032351784614610746,P,D,D,0.0,True
A_aa_only_s231301,A,aa_only,231301,train,12,73,5b08,D,0.0035265374036881998,0.0010406664202677477,M,0.2789473684210526,False,0.08178404286321156,0.3333333333333333,0.6,0.051056208498707865,0.059384656298476626,0.2614035087719298,False,0.06764407408715911,0.3333333333333333,0.6,0.04830735653802137,0.05645028553462303,0.30526315789473685,False,0.07471405847518534,0.3333333333333333,0.6,0.049681782518364616,0.05785181174485199,0.06764407408715911,0.003335365171063309,-0.0643087089160958,0.06764407408715911,M,Y,Y,0.0,False
A_aa_only_s231301,A,aa_only,231301,train,12,32,5b08,L,0.009405167119760338,0.0015825171594023308,F,-0.0035087719298245615,False,0.027751019463726212,0.0,0.2,0.0884457458578874,0.09698024087287234,0.09649122807017543,False,0.0132273970592523,0.3333333333333333,0.2,0.08847763975086176,0.0961750232713036,0.021052631578947368,False,0.020489208261489256,0.0,0.0,0.0884616928043746,0.09652483751308537,0.0132273970592523,-0.040408872902571946,-0.053636269961824246,0.0132273970592523,F,D,D,0.0,True
A_aa_only_s231301,A,aa_only,231301,train,12,64,5b08,T,0.0027105027176730304,0.0025737158500668575,I,-0.12456140350877193,False,0.0636507520005341,0.0,0.0,0.04638926568962257,0.05206248858509388,-0.06140350877192983,False,0.06702537250580387,0.0,0.0,0.05023914739665216,0.05706987761148172,-0.08596491228070174,False,0.06533806225316899,0.0,0.0,0.04831420654313736,0.053533651612961246,0.06702537250580387,0.029963015354149136,-0.037062357151654735,0.06702537250580387,I,E,E,0.0,False
A_aa_only_s231301,A,aa_only,231301,development,13,2,1jke,A,0.0018870345116349368,0.0016517706943437215,P,0.3192982456140351,False,0.06545966313312993,0.3333333333333333,0.6,0.03430771468715572,0.04344001049303438,0.31052631578947365,False,0.05961743006649224,0.3333333333333333,0.6,0.03386305178763218,0.04272733931883275,0.31052631578947365,False,0.06253854659981109,0.3333333333333333,0.6,0.03408538323739395,0.043071901058191954,0.05961743006649224,0.02708247552944512,-0.03253495453704712,0.05961743006649224,P,M,M,0.0,True
A_aa_only_s231301,A,aa_only,231301,development,13,135,1jke,D,0.00524954960473211,0.0009438388478537106,M,0.08070175438596491,False,0.006676130333776398,0.0,0.2,0.0656179149080371,0.07245377564166074,-0.01754385964912281,False,0.013050870028143799,0.0,0.2,0.058812343551983906,0.0662926874892851,0.07894736842105264,False,0.009863500180960098,0.0,0.2,0.06221512923001051,0.06935107958491263,0.013050870028143799,-0.02025602036705426,-0.03330689039519806,0.013050870028143799,M,N,N,0.0,False
A_aa_only_s231301,A,aa_only,231301,development,13,142,1jke,L,0.005242952288948055,0.001418255883495999,F,-0.1824561403508772,True,0.0,0.3333333333333333,0.4,0.06432655321422502,0.07240823357152179,-0.08596491228070174,True,0.0,0.3333333333333333,0.4,0.06166116043185932,0.06930072596523472,-0.15263157894736842,True,0.0,0.3333333333333333,0.4,0.06299385682304218,0.07084625032939666,0.0,-0.012656002533474514,-0.012656002533474514,0.0,F,F,F,0.0,False
A_aa_only_s231301,A,aa_only,231301,development,13,19,1jke,T,0.008506538229279333,0.002693758777153126,I,0.13157894736842105,False,0.06961461511349025,0.0,0.0,0.07624158610709912,0.0922308962836171,0.10175438596491228,False,0.07258282877017672,0.0,0.0,0.07618876279320645,0.09318935908132932,0.12105263157894736,False,0.07109872194183348,0.0,0.0,0.07621517445015279,0.09268970595741793,0.07258282877017672,-0.030807075961742175,-0.10338990473191889,0.07258282877017672,I,D,D,0.0,False
A_aa_only_s231301,A,aa_only,231301,development,14,21,3qr7,A,0.0898118587062493,0.08797203698907138,P,-0.24736842105263157,False,0.9414040796558676,0.0,0.2,0.24392969121159314,0.29968626712989255,-0.25263157894736843,False,1.0745743204172467,0.0,0.2,0.2840839392662487,0.35487019746636345,-0.24035087719298245,False,0.9280369592723945,0.0,0.2,0.2552369226759711,0.31440445306624204,0.8699257898939732,0.39275293771661124,-0.47717285217736194,1.0745743204172467,P,K,N,0.20464853052327348,False
A_aa_only_s231301,A,aa_only,231301,development,14,105,3qr7,D,0.07695566465793036,0.04829003471672399,M,-0.11578947368421051,False,0.3693444743453278,0.0,0.0,0.20008966049285987,0.27740884026636636,-0.22456140350877193,False,0.4618350708205434,0.0,0.2,0.217180998853184,0.26403763540013464,-0.16315789473684209,False,0.4119890460941231,0.0,0.2,0.19760023082745964,0.261077291527732,0.3175131568828986,0.17917273540145429,-0.13834042148144432,0.4618350708205434,M,P,N,0.14432191393764482,False
A_aa_only_s231301,A,aa_only,231301,development,14,22,3qr7,L,0.06820814315234658,0.06340919864286826,F,0.012280701754385965,False,0.4966024072863511,0.0,0.2,0.2144099482212753,0.2611668875496022,0.15263157894736842,False,0.2761014333768781,0.0,0.2,0.2716513608297534,0.3815509705783648,0.12105263157894736,False,0.3863519203316146,0.0,0.2,0.23572034670848624,0.30955794505756856,0.2761014333768781,0.04231959549134379,-0.2337818378855343,0.2761014333768781,F,N,N,0.0,False
A_aa_only_s231301,A,aa_only,231301,development,14,29,3qr7,T,0.06908555567702147,0.06680092123024449,I,0.02631578947368421,False,0.6066076058080099,0.3333333333333333,0.2,0.19725343948391827,0.26284131272884304,0.02982456140350877,False,0.19637540399805475,0.3333333333333333,0.4,0.19748006394113538,0.23869645342115434,0.06491228070175438,False,0.4014915049030323,0.3333333333333333,0.4,0.1966800270385259,0.24127953279639475,0.19637540399805475,-0.2687728398676641,-0.46514824386571885,0.19637540399805475,I,D,D,0.0,False
A_aa_only_s231301,A,aa_only,231301,development,15,59,1lj9,A,0.007970087255552722,0.0043120739359732594,P,-0.4964912280701754,False,0.12517455756180476,0.0,0.0,0.07914520762857052,0.08927534517184867,-0.5070175438596491,False,0.16312814452055102,0.0,0.0,0.10084350464184282,0.11538816956806841,-0.5157894736842105,False,0.1441513510411779,0.0,0.0,0.08999435613520668,0.10199079753699944,0.16312814452055102,0.0014066378370503896,-0.16172150668350063,0.16312814452055102,P,F,F,0.0,True
A_aa_only_s231301,A,aa_only,231301,development,15,124,1lj9,D,0.0013777689428039483,0.0004996276023752726,M,0.4140350877192982,False,0.009777096049130574,0.3333333333333333,0.2,0.030290820671300553,0.037118310074731965,-0.2421052631578947,False,0.08209674566615655,0.3333333333333333,0.4,0.057745317492431975,0.06820582979431056,-0.04912280701754386,False,0.038413972855591144,0.0,0.4,0.043946167530267276,0.05179188521023398,0.05456404264258838,0.015089412223420806,-0.03947463041916757,0.08209674566615655,M,I,E,0.027532703023568167,True
A_aa_only_s231301,A,aa_only,231301,development,15,111,1lj9,L,0.008698723761214078,0.0016569472435670723,F,-0.29298245614035084,False,0.03545510042917993,0.0,0.2,0.08391529370530144,0.09326694892197385,-0.18070175438596495,False,0.07829074129818475,0.0,0.2,0.09981909258540685,0.11278957315856289,-0.18070175438596495,False,0.05687292086368234,0.0,0.2,0.08938588832837643,0.10077319359272727,0.07829074129818475,-0.01085794632848866,-0.08914868762667341,0.07829074129818475,F,N,N,0.0,True
A_aa_only_s231301,A,aa_only,231301,development,15,0,1lj9,T,0.0026269347242526015,0.0014168448634784357,I,0.39649122807017545,False,0.010570278722975418,0.6666666666666666,0.6,0.03822331555447136,0.05125363132747378,0.4263157894736842,False,0.05826751847434128,0.0,0.2,0.05936587239584356,0.06904727750441178,0.419298245614035,False,0.03441889859865835,0.3333333333333333,0.2,0.04801420708838069,0.05917148361433523,0.05826751847434128,-2.4151530724880743e-05,-0.05829167000506616,0.05826751847434128,I,W,W,0.0,True
A_aa_only_s231301,A,aa_only,231301,train,16,16,4zzf,A,0.0719134338641256,0.06432835156258533,P,0.42280701754385963,True,0.0,0.3333333333333333,0.4,0.19826910781732096,0.2681668023155096,0.43684210526315786,True,0.0,0.3333333333333333,0.6,0.23708317743569876,0.30105276060759373,0.4245614035087719,True,0.0,0.3333333333333333,0.4,0.20945019552930474,0.27753301346067644,0.0,-0.5144970467742809,-0.5144970467742809,0.0,P,P,P,0.0,False
A_aa_only_s231301,A,aa_only,231301,train,16,35,4zzf,D,0.011665274298800677,0.009834286189612148,M,-0.4298245614035088,False,0.237130045250579,0.3333333333333333,0.4,0.08762328393432883,0.1080058993703616,-0.37719298245614036,False,0.3560200332433292,0.3333333333333333,0.4,0.1116490752444443,0.14397791828978915,-0.4280701754385965,False,0.2965750392469541,0.3333333333333333,0.4,0.09661650196199288,0.11811398045326785,0.3560200332433292,0.22243558978054956,-0.13358444346277965,0.3560200332433292,M,W,W,0.0,False
A_aa_only_s231301,A,aa_only,231301,train,16,24,4zzf,L,0.13011985874829854,0.04987205945468172,F,0.14736842105263157,False,0.06468932261841798,0.6666666666666666,0.4,0.3129101254137097,0.36072130343008374,0.1824561403508772,True,0.0,0.3333333333333333,0.6,0.3547660200432649,0.42072098829669236,0.19298245614035087,True,0.0,0.6666666666666666,0.6,0.33157074428431005,0.3892392656653298,-0.08093633230679809,-0.012588280481389824,0.06834805182540826,0.0,F,F,D,0.08093633230679809,False
A_aa_only_s231301,A,aa_only,231301,train,16,105,4zzf,T,0.028076724555070588,0.016120695331281985,I,0.1280701754385965,False,0.040969129427461004,0.6666666666666666,0.4,0.13472399733241494,0.16756110692839968,0.39824561403508774,False,0.0640719190976956,0.6666666666666666,0.4,0.10903701359496089,0.14097954006100835,0.20350877192982456,False,0.052520524262578305,0.6666666666666666,0.4,0.11317555280040603,0.14999273611027017,0.0640719190976956,-0.1927753140421561,-0.2568472331398517,0.0640719190976956,I,V,V,0.0,False
A_aa_only_s231301,A,aa_only,231301,train,17,0,1msc,A,0.030502075143673136,0.02872487578582156,P,-0.03508771929824562,False,0.05280349565766951,0.0,0.2,0.0996886633510009,0.17464843298373203,0.12280701754385966,False,0.05532660348435381,0.0,0.2,0.1039648254209667,0.17219447672685353,0.0456140350877193,False,0.05406504957101166,0.0,0.2,0.10182674438598381,0.17277138705201725,0.05532660348435381,-0.009928608342193668,-0.06525521182654748,0.05532660348435381,P,W,W,0.0,False
A_aa_only_s231301,A,aa_only,231301,train,17,113,1msc,D,0.12900514532336482,0.08489867140929537,M,0.02280701754385965,False,0.27780964483830917,0.0,0.4,0.2326429122119488,0.3591728627323685,0.03684210526315789,False,0.31559600411235533,0.0,0.4,0.2008931276118084,0.31862090398311327,0.01754385964912281,False,0.29670282447533225,0.0,0.4,0.21655121490483187,0.33758446140666454,0.31559600411235533,0.223870384361732,-0.09172561975062332,0.31559600411235533,M,T,T,0.0,False
A_aa_only_s231301,A,aa_only,231301,train,17,111,1msc,L,0.8552073176446976,0.03898427204233781,F,0.4333333333333333,True,0.0,0.3333333333333333,0.4,0.9034506326315564,0.9247741981936443,0.4,True,0.0,0.3333333333333333,0.6,0.774979332393283,0.7963362874074912,0.43684210526315786,True,0.0,0.3333333333333333,0.6,0.8392149825124197,0.8603414913427788,0.0,0.17212741575913904,0.17212741575913904,0.0,F,F,F,0.0,False
A_aa_only_s231301,A,aa_only,231301,train,17,44,1msc,T,0.519877252288332,0.387500053484417,I,0.6912280701754386,False,0.21169787406157226,0.3333333333333333,0.6,0.3728702236766937,0.7210251398448823,0.6964912280701754,False,0.25572914231378885,0.0,0.6,0.3110585668821255,0.5319460564551485,0.687719298245614,False,0.23371350818768055,0.0,0.6,0.33717910635255116,0.62317650500923,0.25572914231378885,0.05510799978104197,-0.20062114253274688,0.25572914231378885,I,S,S,0.0,False
A_aa_only_s231301,A,aa_only,231301,train,18,61,2vzw,A,0.002638696109556832,0.001524854806599064,P,0.19824561403508772,False,0.020207049430856522,0.3333333333333333,0.2,0.04572693807313756,0.0513682402809054,0.27017543859649124,False,0.022355894208281213,0.6666666666666666,0.4,0.041771919950682114,0.047691509958891196,0.26842105263157895,False,0.021281471819568867,0.6666666666666666,0.4,0.043728587868793294,0.0494341423296988,0.022355894208281213,0.009109787225910854,-0.01324610698237036,0.022355894208281213,P,C,C,0.0,True
A_aa_only_s231301,A,aa_only,231301,train,18,18,2vzw,D,0.0020065829222668218,0.0009300760285693429,M,-0.13859649122807016,False,0.007692050177975196,0.3333333333333333,0.2,0.03444769880263779,0.04479489839554078,0.22280701754385965,False,0.00020491796557819963,0.6666666666666666,0.6,0.03407385935349744,0.04462636900661397,0.09473684210526316,False,0.003948484071776698,0.3333333333333333,0.4,0.03412880190021171,0.04467311283200653,0.00020491796557819963,0.0008341400089672824,0.0006292220433890827,0.00020491796557819963,M,W,W,0.0,True
A_aa_only_s231301,A,aa_only,231301,train,18,143,2vzw,L,0.005982691022383913,0.0014951346707624397,F,-0.2982456140350877,False,0.06105560396450874,0.0,0.0,0.06698922563831793,0.07734785725787052,-0.1,False,0.037631683514530584,0.0,0.0,0.0668404368626014,0.07561569859548613,-0.18947368421052632,False,0.04934364373951966,0.0,0.0,0.06691483125045966,0.07642033553243789,0.037631683514530584,-0.0019746325515294927,-0.03960631606606008,0.037631683514530584,F,P,P,0.0,True
A_aa_only_s231301,A,aa_only,231301,train,18,5,2vzw,T,0.003488783224592845,0.0011174686806623456,I,0.39122807017543854,False,0.010724872592305423,0.0,0.2,0.049988262305116556,0.059065922701612344,0.3385964912280702,False,0.010497755537751896,0.0,0.0,0.05412336981151328,0.062448401675049586,0.3649122807017544,False,0.009099445972748338,0.0,0.0,0.05205581605831492,0.06072277365611652,0.0074740193531912524,-0.01389358557226053,-0.021367604925451783,0.010497755537751896,I,F,C,0.0030237361845606436,True
A_aa_only_s231301,A,aa_only,231301,train,19,37,6kys,A,0.0019792319183558854,0.0014397490187591886,P,0.30000000000000004,True,0.0,0.3333333333333333,0.4,0.040783868651259596,0.044488559409761576,0.29298245614035084,True,0.0,0.6666666666666666,0.4,0.04065641293809788,0.04460799753264023,0.3385964912280702,True,0.0,0.6666666666666666,0.4,0.04072014079467874,0.044501861436300305,0.0,-0.031203975081067786,-0.031203975081067786,0.0,P,P,P,0.0,False
A_aa_only_s231301,A,aa_only,231301,train,19,110,6kys,D,0.0031220596651797545,0.0009436797703538839,M,0.13508771929824562,False,0.026608751529875324,0.3333333333333333,0.2,0.04667311747490059,0.05587539409417847,0.19298245614035087,False,0.022592059030833667,0.3333333333333333,0.2,0.05180067845428456,0.06015000229798072,0.1824561403508772,False,0.024600405280354495,0.3333333333333333,0.2,0.049236897964592574,0.057948889115963124,0.022592059030833667,-0.02521632893253592,-0.047808387963369586,0.022592059030833667,M,Q,Q,0.0,False
A_aa_only_s231301,A,aa_only,231301,train,19,75,6kys,L,0.0027143713475497643,0.0013525401437235022,F,0.37719298245614036,True,0.0,0.3333333333333333,0.4,0.04213291124113643,0.05209962905385953,0.3526315789473684,False,0.002376829531352237,0.3333333333333333,0.4,0.04079061292684309,0.04632645275640095,0.37719298245614036,True,0.0,0.3333333333333333,0.4,0.040700497970678,0.048460458208074875,0.0,-0.007049809559886017,-0.007049809559886017,0.002376829531352237,F,T,F,0.002376829531352237,False
A_aa_only_s231301,A,aa_only,231301,train,19,50,6kys,T,0.00288012011936872,0.0015910439430735458,I,0.24035087719298245,False,0.0029099843302021755,0.3333333333333333,0.4,0.040070049635852215,0.05366675059446696,0.16666666666666666,False,0.004478518222466421,0.0,0.2,0.040007807758029965,0.053402308477843774,0.25789473684210523,False,0.0035822428317747873,0.3333333333333333,0.4,0.04003892869694109,0.05350279241910997,0.004254501333347399,0.006417987685867654,0.0021634863525202552,0.004478518222466421,I,K,G,0.00022401688911902196,False
A_aa_only_s231301,A,aa_only,231301,train,20,65,1ji5,A,0.002577552776957698,0.0015944828362140975,P,0.26666666666666666,False,0.002651269692363442,0.0,0.8,0.0455716115621738,0.050769604853275134,0.042105263157894736,False,0.002687978675935454,0.0,0.2,0.046550227554197264,0.051788053704538935,0.1719298245614035,False,0.0025214129085693662,0.0,0.4,0.04606091955818553,0.051274606221367924,0.0023915561247752903,0.0008456146847258955,-0.0015459414400493948,0.002687978675935454,P,M,S,0.0002964225511601637,True
A_aa_only_s231301,A,aa_only,231301,train,20,11,1ji5,D,0.0019432133856843357,0.0013600481537954959,M,-0.13508771929824562,False,0.05834590510691892,0.0,0.2,0.03275753716276517,0.044081894080045335,-0.1087719298245614,False,0.057735153158062255,0.0,0.2,0.033116710417350155,0.044405166479425405,-0.10175438596491228,False,0.05780293112669263,0.0,0.2,0.032869807532494986,0.04423080671829547,0.05670431160795318,0.05620954954573554,-0.0004947620622176435,0.057735153158062255,M,K,W,0.001030841550109074,True
A_aa_only_s231301,A,aa_only,231301,train,20,34,1ji5,L,0.005124203646666185,0.0009508534328827598,F,-0.15263157894736842,False,0.003021816248524295,0.6666666666666666,0.4,0.06460147222612984,0.07158354312735704,0.007017543859649123,False,0.002249825656622677,0.6666666666666666,0.4,0.0658596534668155,0.07232735781258909,-0.08070175438596491,False,0.002635820952573486,0.6666666666666666,0.4,0.06523056284647268,0.07194864062321556,0.002249825656622677,-0.007718024699600742,-0.00996785035622342,0.002249825656622677,F,W,W,0.0,True
A_aa_only_s231301,A,aa_only,231301,train,20,47,1ji5,T,0.0034798389342389885,0.0015261985103008672,I,-0.008771929824561405,False,0.0029297388764713897,0.0,0.4,0.04671477633057359,0.05899015963903631,-0.03859649122807017,False,0.002071307552252419,0.0,0.4,0.04751614239700266,0.05959880350057517,-0.05263157894736842,False,0.002376763721400197,0.0,0.4,0.04711545936378812,0.05929260862698076,0.0018237885663290043,0.0005688211424853817,-0.0012549674238436226,0.002071307552252419,I,H,D,0.0002475189859234145,True
A_aa_only_s231301,A,aa_only,231301,train,21,8,6qyy,A,0.006143427519131684,0.005845963975666202,P,-0.41578947368421054,False,0.12851121975666002,0.0,0.2,0.05775731865738797,0.07838001989749482,-0.5052631578947369,False,0.159870018815697,0.0,0.2,0.06492876443913563,0.08589040952915913,-0.4280701754385965,False,0.14419061928617852,0.0,0.2,0.05952311134966499,0.08152971161766984,0.159870018815697,0.01775386743743923,-0.14211615137825778,0.159870018815697,P,F,F,0.0,False
A_aa_only_s231301,A,aa_only,231301,train,21,24,6qyy,D,0.0017419346945150443,0.0011019666503929554,M,-0.5385964912280702,False,0.03000125548023508,0.0,0.0,0.031311835995228916,0.041736491161992094,-0.36315789473684207,False,0.03224814522076075,0.0,0.0,0.03074901448840785,0.041204134955033465,-0.40350877192982454,False,0.031124700350497914,0.0,0.0,0.03074411674608447,0.04137638215887761,0.03224814522076075,0.0346083760417249,0.0023602308209641487,0.03224814522076075,M,T,T,0.0,False
A_aa_only_s231301,A,aa_only,231301,train,21,18,6qyy,L,0.008094069027207757,0.0014512165532808785,F,0.368421052631579,False,0.05487066341492569,0.3333333333333333,0.2,0.08251319603187016,0.08996704411731975,0.3385964912280702,False,0.04951968140305513,0.0,0.2,0.09640515097827794,0.10428408751255047,0.3385964912280702,False,0.05219517240899041,0.0,0.2,0.08941846912413187,0.09708043763083528,0.04951968140305513,-0.05286452323627322,-0.10238420463932835,0.04951968140305513,F,K,K,0.0,False
A_aa_only_s231301,A,aa_only,231301,train,21,5,6qyy,T,0.002940544059223178,0.0021137447509488746,I,-0.028070175438596492,False,0.039069468658077866,0.0,0.2,0.039253033593597796,0.054226783596514165,-0.05964912280701754,False,0.04984959712516479,0.0,0.4,0.04567040189711714,0.06257937059692578,-0.03859649122807017,False,0.04278316845543187,0.0,0.4,0.042359445155328405,0.058300300486531315,0.042188200932409214,0.019366155111168404,-0.02282204582124081,0.04984959712516479,I,E,Q,0.007661396192755576,False
A_aa_only_s231301,A,aa_only,231301,train,22,140,3nbc,A,0.002674819555221074,0.0016785754631806124,P,-0.14210526315789473,False,0.01300853021912976,0.3333333333333333,0.2,0.04532259109819755,0.051718657709003565,-0.0543859649122807,False,0.013114433737676068,0.3333333333333333,0.2,0.04541186723344844,0.05140428553761449,-0.1,False,0.012749594588320673,0.3333333333333333,0.2,0.045367229165822996,0.05153438766977746,0.010721913017250728,0.003322063018141308,-0.00739984999910942,0.013114433737676068,P,C,Y,0.0023925207204253396,True
A_aa_only_s231301,A,aa_only,231301,train,22,119,3nbc,D,0.002710470343961264,0.0008692980905161624,M,0.021052631578947368,False,0.0020862368317879354,0.0,0.0,0.042908883153085,0.05206217767209958,0.028070175438596492,False,0.004012284978508279,0.0,0.2,0.039525050067520114,0.04933938069456368,0.03508771929824562,False,0.0030492609051481073,0.0,0.0,0.04121696661030256,0.0506856011315845,0.004012284978508279,-0.001025347997812981,-0.00503763297632126,0.004012284978508279,M,C,C,0.0,True
A_aa_only_s231301,A,aa_only,231301,train,22,77,3nbc,L,0.004491660877954505,0.0007642337871841946,F,0.5929824561403508,False,0.006471367615832391,0.3333333333333333,0.4,0.06105265834319017,0.06701985435641072,0.4859649122807017,False,0.0031543386476023116,0.3333333333333333,0.4,0.06031321344475162,0.06651638302843083,0.5684210526315789,False,0.004812853131717351,0.3333333333333333,0.4,0.060682935893970905,0.06675881300806513,0.0031543386476023116,0.0025032680949834407,-0.0006510705526188709,0.0031543386476023116,F,M,M,0.0,True
A_aa_only_s231301,A,aa_only,231301,train,22,5,3nbc,T,0.0031792355329560503,0.0024009901147767354,I,-0.06666666666666667,False,0.07103290905176574,0.3333333333333333,0.2,0.04425744533576981,0.05638471009906897,-0.17719298245614035,False,0.06435869694607088,0.0,0.2,0.04510001456220587,0.05782282714376467,-0.07543859649122807,False,0.06769580299891831,0.3333333333333333,0.2,0.044670857201712315,0.05703904584273997,0.06435869694607088,0.034604298330957545,-0.029754398615113337,0.06435869694607088,I,L,L,0.0,True
A_aa_only_s231301,A,aa_only,231301,train,23,2,3i07,A,0.008134909454551214,0.0028713086585376454,P,0.3298245614035088,False,0.07653592235402373,0.6666666666666666,0.6,0.07839623717839406,0.09019373290063569,0.20175438596491227,False,0.21068884281546177,0.3333333333333333,0.2,0.0659256071969706,0.08946551605953236,0.2719298245614035,False,0.14361238258474274,0.3333333333333333,0.6,0.07111820103603907,0.08694571720830074,0.21068884281546177,0.021452161869350006,-0.18923668094611176,0.21068884281546177,P,G,G,0.0,False
A_aa_only_s231301,A,aa_only,231301,train,23,137,3i07,D,0.001980002517445016,0.001177924099631399,M,0.057894736842105256,False,0.027851930301261596,0.0,0.4,0.03274820709416942,0.04449721921024971,-0.02456140350877193,False,0.050255812689373236,0.0,0.4,0.03378285486355249,0.045374924883211515,0.005263157894736842,False,0.039053871495317416,0.0,0.4,0.03252575059946755,0.044443845516517574,0.050255812689373236,0.018423280007640763,-0.03183253268173247,0.050255812689373236,M,W,W,0.0,False
A_aa_only_s231301,A,aa_only,231301,train,23,69,3i07,L,0.002386620621209649,0.001901113916911788,F,0.3017543859649123,False,0.09140212566213951,0.3333333333333333,0.4,0.03730781604554474,0.04885305129886616,0.07368421052631578,False,0.07730714466919858,0.3333333333333333,0.4,0.036196802409775984,0.047959459020671946,0.2157894736842105,False,0.08435463516566905,0.3333333333333333,0.6,0.03675230922766037,0.04720242722737114,0.07730714466919858,0.04905944221921266,-0.028247702449985923,0.07730714466919858,F,M,M,0.0,False
A_aa_only_s231301,A,aa_only,231301,train,23,120,3i07,T,0.01103127136192805,0.004601233358131584,I,-0.2719298245614035,False,0.024558136033982658,0.3333333333333333,0.2,0.08857609965268894,0.10502985938259676,-0.24912280701754386,False,0.04389288501773814,0.3333333333333333,0.2,0.06127357174198569,0.07506888351959973,-0.28947368421052627,False,0.0342255105258604,0.3333333333333333,0.2,0.07329825767186995,0.0890015101125621,0.04389288501773814,-0.001542724114615257,-0.045435609132353394,0.04389288501773814,I,M,M,0.0,False
A_aa_only_s231301,A,aa_only,231301,train,24,85,1aa0,A,0.42774867455949617,0.38052189001240416,P,0.687719298245614,True,0.0,0.6666666666666666,0.8,0.4841907419132659,0.6540249800730062,0.7105263157894737,False,0.2312789945991156,0.6666666666666666,1.0,0.6243347756308694,0.9885127398877945,0.7456140350877193,True,0.0,0.6666666666666666,1.0,0.5218613514201279,0.7914111470434748,0.0,-2.2343677511091418,-2.2343677511091418,0.2312789945991156,P,V,P,0.2312789945991156,False
A_aa_only_s231301,A,aa_only,231301,train,24,78,1aa0,D,0.24576858749725758,0.13823508942151555,M,0.556140350877193,False,0.1476475704417659,0.0,0.4,0.35708155332545305,0.4957505294977077,0.5070175438596491,True,0.0,0.3333333333333333,0.6,0.20190952629337444,0.30116942282419445,0.5526315789473685,True,0.0,0.3333333333333333,0.4,0.232030544056833,0.37304025185722367,-0.1479298180465225,-0.23759353750662093,-0.08966371946009843,0.0,M,M,Q,0.1479298180465225,False
A_aa_only_s231301,A,aa_only,231301,train,24,75,1aa0,L,1.3092224683213396,1.1466632143185778,F,-0.03859649122807017,False,1.369757493549649,0.0,0.2,0.5504939962326759,1.1442125975190711,0.15438596491228068,False,0.9562313081303113,0.0,0.2,0.37539115346672,0.8492119414130148,0.028070175438596492,False,1.1629944008399802,0.0,0.2,0.43440366068192166,0.9865857061220286,0.9562313081303113,0.22992620146102105,-0.7263051066692903,0.9562313081303113,F,R,R,0.0,False
A_aa_only_s231301,A,aa_only,231301,train,24,30,1aa0,T,0.08819607845246775,0.0742086055906006,I,-0.37719298245614036,False,0.23359404040608744,0.0,0.0,0.19256609307126485,0.2969782457562637,-0.4807017543859649,False,0.5692450557687838,0.0,0.2,0.20214116608758464,0.2581081039706813,-0.512280701754386,False,0.40141954808743563,0.0,0.0,0.18006308157304166,0.253471141600119,0.5692450557687838,0.04930623267316392,-0.5199388230956199,0.5692450557687838,I,P,P,0.0,False
A_aa_only_s231301,A,aa_only,231301,train,25,61,6o2k,A,0.05132552166536236,0.04309535276787289,P,-0.1,False,0.23224629573924993,0.0,0.4,0.19573990891250562,0.22655136650517552,-0.05263157894736842,False,0.2879307444299184,0.3333333333333333,0.4,0.1883815917631429,0.22260559846937641,-0.03684210526315789,False,0.26008852008458416,0.3333333333333333,0.4,0.1897644684951747,0.22326677796634542,0.2879307444299184,0.1143753659496497,-0.1735553784802687,0.2879307444299184,P,R,R,0.0,False
A_aa_only_s231301,A,aa_only,231301,train,25,51,6o2k,D,0.09919467132924988,0.03287818252958069,M,0.21929824561403505,False,0.2817328620411417,0.0,0.4,0.28008055256896963,0.3149518555735938,0.3350877192982456,False,0.2995084756174471,0.0,0.6,0.2565709605484902,0.27923627714144383,0.30877192982456136,False,0.2906206688292944,0.0,0.6,0.2683257565587299,0.2963463477058673,0.2995084756174471,0.19727790565787762,-0.10223056995956947,0.2995084756174471,M,W,W,0.0,False
A_aa_only_s231301,A,aa_only,231301,train,25,63,6o2k,L,0.04382972977646145,0.040654297138252395,F,-0.2789473684210526,False,0.4125138640171421,0.0,0.0,0.16245601942684038,0.209355510499393,-0.22807017543859648,False,0.3838817781040216,0.0,0.0,0.16556521976958086,0.20720757365937242,-0.24035087719298245,False,0.3981978210605818,0.0,0.0,0.16113049350298886,0.20745146581722673,0.3838817781040216,0.13980968928195636,-0.24407208882206521,0.3838817781040216,F,S,S,0.0,False
A_aa_only_s231301,A,aa_only,231301,train,25,97,6o2k,T,0.009735506079206662,0.0085222114367938,I,0.1649122807017544,False,0.06589530789423692,0.0,0.4,0.07730712703783628,0.09866866817387707,0.11403508771929824,False,0.0622476278027182,0.3333333333333333,0.4,0.08803054417642954,0.10548199152429498,0.19473684210526312,False,0.05772737160917324,0.3333333333333333,0.4,0.08222248952859032,0.10097391011165636,0.03990822298652752,-0.067016656515279,-0.10692487950180651,0.0622476278027182,I,M,N,0.022339404816190678,False
A_aa_only_s231301,A,aa_only,231301,train,26,6,3fhk,A,0.008700997508048204,0.008639636110384378,P,-0.39824561403508774,False,0.22052007896118517,0.0,0.0,0.07583629821057641,0.09327913758203495,-0.39649122807017545,False,0.2185541456448219,0.0,0.0,0.07684013691405804,0.09246765410554234,-0.3877192982456141,False,0.21953711230300355,0.0,0.0,0.07633821756231725,0.09283621568153436,0.2185541456448219,0.19294469382898258,-0.025609451815839318,0.2185541456448219,P,W,W,0.0,False
A_aa_only_s231301,A,aa_only,231301,train,26,143,3fhk,D,0.0024518315333269284,0.0008079914438449814,M,0.29298245614035084,False,0.013454094535713473,0.0,0.4,0.04076794457733269,0.04951597250713075,0.5052631578947369,False,0.012161061862152184,0.0,0.2,0.044156064353284716,0.05218415837620096,0.3473684210526316,False,0.01254213238432661,0.0,0.2,0.042350181109858276,0.05082086722170881,0.009706004435620919,-0.0019025860065757794,-0.011608590442196698,0.012161061862152184,M,Q,K,0.0024550574265312652,False
A_aa_only_s231301,A,aa_only,231301,train,26,14,3fhk,L,0.009436478922736927,0.00794516335637005,F,0.09649122807017543,False,0.07309968372467834,0.0,0.2,0.07215840505261524,0.09714154066483055,0.04736842105263158,False,0.08022456556750462,0.0,0.0,0.07580103867391019,0.09959151499431368,0.07543859649122807,False,0.07431103930872919,0.0,0.2,0.07397972186326271,0.09821750470853462,0.07552239489278004,0.02483809887448593,-0.050684296018294106,0.08022456556750462,F,Q,A,0.004702170674724587,False
A_aa_only_s231301,A,aa_only,231301,train,26,23,3fhk,T,0.002173738478256096,0.001376929470691963,I,0.20175438596491227,False,0.049467437858361274,0.0,0.2,0.03622610114603675,0.046623368370979974,0.22456140350877193,False,0.059331770646042864,0.0,0.2,0.03308072801947607,0.043061709798520934,0.21929824561403505,False,0.05439960425220207,0.0,0.2,0.034449007074174774,0.04470113755893132,0.059331770646042864,0.009085224428310334,-0.05024654621773253,0.059331770646042864,I,W,W,0.0,False
A_aa_only_s231301,A,aa_only,231301,development,27,68,1xko,A,0.0017011330182189286,0.0013778104823767914,P,0.39473684210526316,False,0.0384785755710194,0.3333333333333333,0.6,0.033773757262957206,0.04124479383169382,0.4350877192982456,False,0.037690586781864724,0.0,0.6,0.029368066280700416,0.038481046628359286,0.38245614035087716,False,0.03808458117644206,0.3333333333333333,0.6,0.030846058112820544,0.039037472433338986,0.037690586781864724,0.026855179812821067,-0.010835406969043657,0.037690586781864724,P,S,S,0.0,False
A_aa_only_s231301,A,aa_only,231301,development,27,149,1xko,D,0.0023789856880555545,0.002028456115195676,M,0.015789473684210527,False,0.02781473596352302,0.0,0.2,0.036230993855178736,0.04877484687885298,0.012280701754385965,False,0.04968142346360427,0.0,0.0,0.03248224060171351,0.04908970067528619,0.03333333333333333,False,0.03871231697808801,0.0,0.2,0.03401520990841795,0.04849679836220298,0.049609897992653,0.04401681414043415,-0.00559308385221885,0.04968142346360427,M,H,N,7.152547095126693e-05,True
A_aa_only_s231301,A,aa_only,231301,development,27,87,1xko,L,0.0049612943897034655,0.000837114882652162,F,0.3578947368421052,False,0.005573050326017515,0.0,0.4,0.06421977504671987,0.07043645639655267,0.06666666666666667,False,0.002820140541827665,0.3333333333333333,0.4,0.06373762946541547,0.07027046070438588,0.32105263157894737,False,0.0032920360403363644,0.3333333333333333,0.6,0.0639787022560677,0.07031745306283546,0.0010110217546552142,-0.0006093678624671667,-0.0016203896171223808,0.002820140541827665,F,W,H,0.0018091187871724507,False
A_aa_only_s231301,A,aa_only,231301,development,27,47,1xko,T,0.004875457754788728,0.0042166955445603225,I,0.04035087719298246,False,0.008467149247488093,0.6666666666666666,0.4,0.049495946008430644,0.0698244781920261,0.012280701754385965,False,0.0059375319838713275,0.6666666666666666,0.4,0.051305058369125245,0.07302121557767301,-0.028070175438596492,False,0.00720234061567971,0.6666666666666666,0.4,0.050085691048240906,0.07116227417713078,0.0059375319838713275,-0.007754601439696543,-0.01369213342356787,0.0059375319838713275,I,V,V,0.0,True
A_aa_only_s231301,A,aa_only,231301,development,28,25,4lr3,A,0.2703116071988042,0.08161270066396754,P,0.02982456140350877,False,0.1561825507387331,0.0,0.2,0.4832162448008982,0.5199149999748076,0.3403508771929824,False,0.18245311165119293,0.0,0.6,0.6595824507285307,0.7168911590692004,0.16315789473684209,False,0.16931783119496302,0.0,0.2,0.566265381832111,0.6161621971164445,0.18245311165119293,-0.823146622124888,-1.005599733776081,0.18245311165119293,P,H,H,0.0,False
A_aa_only_s231301,A,aa_only,231301,development,28,120,4lr3,D,0.1490326154269208,0.11827741975622229,M,0.47543859649122805,False,0.8331935719507331,0.3333333333333333,0.8,0.32795825572777737,0.38604742639592976,0.4526315789473684,False,0.9568220863339199,0.3333333333333333,0.6,0.34743389867189406,0.4273569612530124,0.44912280701754387,False,0.8675396035210956,0.3333333333333333,0.6,0.32869478151731485,0.40155188529473473,0.7647620565930904,0.1302673474748186,-0.6344947091182718,0.9568220863339199,M,A,Y,0.19206002974082947,False
A_aa_only_s231301,A,aa_only,231301,development,28,10,4lr3,L,0.7455809306522565,0.12429263530050348,F,-0.007017543859649123,False,0.5989787928863084,0.0,0.2,0.8226087107286042,0.8634702835953629,0.042105263157894736,False,0.8123640789178515,0.0,0.2,0.8267405546971517,0.880370868780313,-0.02456140350877193,False,0.7056714359020799,0.0,0.2,0.8246746327128779,0.8696428581037752,0.8123640789178515,-0.5439413710871008,-1.3563054500049523,0.8123640789178515,F,C,C,0.0,False
A_aa_only_s231301,A,aa_only,231301,development,28,3,4lr3,T,1.598951233246023,1.2746881399595196,I,0.0894736842105263,False,1.8977977515978512,0.0,0.0,0.9198633541410219,1.2644964346513685,0.04385964912280702,False,1.222491063733727,0.0,0.0,0.6967555682320267,1.0903680546765033,0.12982456140350876,False,1.560144407665789,0.0,0.0,0.8052610522643713,1.168047493911767,1.222491063733727,0.4093834185335421,-0.8131076452001849,1.222491063733727,I,F,F,0.0,False
A_aa_only_s231301,A,aa_only,231301,train,29,44,3lzq,A,0.02985521779094814,0.0035980113864090514,P,0.24035087719298245,False,0.23087893595871734,0.3333333333333333,0.4,0.16204075538129006,0.17278662503489134,0.21228070175438596,False,0.25715912940082075,0.3333333333333333,0.4,0.16982132456109933,0.18049569493612064,0.2210526315789474,False,0.24401903267976904,0.3333333333333333,0.4,0.1659310399711947,0.17657322979285509,0.25715912940082075,0.29567129200045117,0.03851216259963042,0.25715912940082075,P,V,V,0.0,False
A_aa_only_s231301,A,aa_only,231301,train,29,90,3lzq,D,0.0072336470467168216,0.004907225427043305,M,0.30701754385964913,False,0.191331019928435,0.3333333333333333,0.2,0.07648669932191847,0.08505084977069201,0.2543859649122807,False,0.227033104467448,0.3333333333333333,0.2,0.08130700052921887,0.08952264135523626,0.2964912280701754,False,0.2091820621979415,0.3333333333333333,0.2,0.07889684992556867,0.08714503964389174,0.227033104467448,0.15761576649819664,-0.06941733796925137,0.227033104467448,M,C,C,0.0,False
A_aa_only_s231301,A,aa_only,231301,train,29,49,3lzq,L,0.028313457990061224,0.012012591921972621,F,-0.5456140350877193,False,0.32329096730528495,0.0,0.0,0.15225196954479148,0.16826603338184812,-0.6000000000000001,False,0.3771155274853907,0.0,0.0,0.17900319976529333,0.19715746775228482,-0.5508771929824561,False,0.3502032473953378,0.0,0.0,0.16471106281992745,0.1825472025416506,0.3771155274853907,0.1504102821911137,-0.226705245294277,0.3771155274853907,F,A,A,0.0,False
A_aa_only_s231301,A,aa_only,231301,train,29,74,3lzq,T,0.0073114133931908385,0.004339202220321286,I,-0.13859649122807016,False,0.04806763877821171,0.0,0.0,0.07322168432985846,0.08550680319828849,-0.0912280701754386,False,0.08324468738174223,0.0,0.2,0.08046166597438209,0.09381420079345663,-0.1280701754385965,False,0.06565616307997697,0.0,0.0,0.07684167515212026,0.08953369277826594,0.08324468738174223,-0.01902110890689168,-0.10226579628863391,0.08324468738174223,I,W,W,0.0,False
A_aa_only_s231301,A,aa_only,231301,train,30,122,2zvy,A,0.007278088094404785,0.0032252763231008347,P,-0.24736842105263157,False,0.06119236485911195,0.0,0.0,0.07065449518997755,0.08531171135550374,-0.2210526315789474,False,0.045459582643502805,0.0,0.0,0.06498694603122866,0.07573325292584414,-0.2210526315789474,False,0.053325973751307376,0.0,0.0,0.06782072061060311,0.08043290898895204,0.045459582643502805,-0.024346254252590238,-0.06980583689609304,0.045459582643502805,P,Y,Y,0.0,False
A_aa_only_s231301,A,aa_only,231301,train,30,44,2zvy,D,0.003509776202756664,0.0009492534632900207,M,0.3175438596491228,False,0.036906697837773006,0.0,0.6,0.05083760471391831,0.05924336420863238,0.07192982456140351,False,0.0394431266197387,0.0,0.4,0.05560017726094776,0.06421522521311286,0.20526315789473687,False,0.03621481748912364,0.0,0.6,0.053100892666445965,0.06154035997638985,0.035522937140474276,-0.005773673456906825,-0.0412966105973811,0.0394431266197387,M,K,Y,0.003920189479264424,False
A_aa_only_s231301,A,aa_only,231301,train,30,17,2zvy,L,0.09060104347846243,0.056630651639358244,F,0.49473684210526314,False,0.012887588490883672,0.3333333333333333,0.4,0.22435809830929773,0.30100007222335085,0.4052631578947368,False,0.03642697544960355,0.3333333333333333,0.4,0.24216074605526558,0.32621719179296055,0.4526315789473684,False,0.02465728197024361,0.3333333333333333,0.4,0.23282134882774164,0.3134778203666923,0.03642697544960355,0.029727539021747462,-0.006699436427856087,0.03642697544960355,F,P,P,0.0,True
A_aa_only_s231301,A,aa_only,231301,train,30,146,2zvy,T,0.00614780160034806,0.0016241645434775305,I,0.2070175438596491,False,0.05165773759484488,0.0,0.0,0.06725798879590832,0.07840791796973097,0.3385964912280702,False,0.0390776982600034,0.0,0.2,0.0514863496042015,0.06211594776821996,0.30000000000000004,False,0.04536771792742414,0.0,0.0,0.05929514645496591,0.07002366603531962,0.0390776982600034,-0.02077730157112173,-0.05985499983112513,0.0390776982600034,I,R,R,0.0,False
A_aa_only_s231301,A,aa_only,231301,train,31,39,4reu,A,0.002371169876456419,0.0016365039821667063,P,-0.03508771929824562,False,0.00911750845533503,0.0,0.2,0.04301199695836953,0.04869465962974193,-0.06842105263157894,False,0.010705643289677144,0.0,0.2,0.04451997760333872,0.04998728303636374,0.028070175438596492,False,0.009863191793496186,0.0,0.2,0.04372679168157232,0.04932600782234429,0.010608875131657342,0.010839375446854788,0.00023050031519744607,0.010705643289677144,P,D,I,9.676815801980265e-05,True
A_aa_only_s231301,A,aa_only,231301,train,31,137,4reu,D,0.0022246986026254454,0.0007211049943360807,M,0.1824561403508772,False,0.005323398474370772,0.0,0.4,0.038776198992286036,0.047166710746303325,0.015789473684210527,False,0.009198259447858015,0.0,0.2,0.03911839969867306,0.04751806823117348,0.15614035087719297,False,0.007233653960258081,0.0,0.4,0.03894658451727635,0.047334242453362506,0.007697365757864491,0.0033795795378060156,-0.0043177862200584755,0.009198259447858015,M,R,K,0.0015008936899935238,True
A_aa_only_s231301,A,aa_only,231301,train,31,149,4reu,L,0.002956246385369986,0.0008783814049291846,F,0.22982456140350876,False,0.013422552067678561,0.0,0.0,0.04558360429409682,0.05437137468714568,0.29473684210526313,False,0.008530933550072999,0.0,0.2,0.05440253499356175,0.060922103188864374,0.28421052631578947,False,0.01097674280887578,0.0,0.0,0.049993069643829276,0.05753184645204272,0.008530933550072999,-0.0059266617358762486,-0.014457595285949247,0.008530933550072999,F,R,R,0.0,True
A_aa_only_s231301,A,aa_only,231301,train,31,62,4reu,T,0.0035277646448943407,0.0015440795987249488,I,0.1087719298245614,False,0.0037102219555407573,0.3333333333333333,0.2,0.04701160887350029,0.05939498838196991,0.12631578947368421,False,0.0011977876343035182,0.6666666666666666,0.6,0.04682757431873041,0.05931950814612873,0.18596491228070175,False,0.0024540047949221377,0.3333333333333333,0.4,0.04691959159611534,0.05935500596293376,0.0011977876343035182,-0.0007128275969542491,-0.0019106152312577673,0.0011977876343035182,I,E,E,0.0,True
A_aa_only_s231301,A,aa_only,231301,train,32,114,6mvm,A,0.002678810377334216,0.0016388962706465054,P,-0.008771929824561405,False,0.005490287631781186,0.0,0.0,0.04650074157684543,0.05175722536355882,0.057894736842105256,False,0.007940837427066784,0.0,0.0,0.04583801965052897,0.05105097494489622,0.028070175438596492,False,0.006702510886992015,0.0,0.0,0.046169380613687194,0.05139971872666407,0.005248229321396618,0.004707162003649873,-0.0005410673177467448,0.007940837427066784,P,G,H,0.002692608105670166,True
A_aa_only_s231301,A,aa_only,231301,train,32,39,6mvm,D,0.0020895778872297077,0.000607008967631748,M,0.42105263157894735,False,0.01149014034175751,0.3333333333333333,0.4,0.039023194321110816,0.045711900936514414,0.4140350877192982,False,0.010302895537746475,0.3333333333333333,0.4,0.03889721974432246,0.045388119655299666,0.4122807017543859,False,0.010896517939751993,0.3333333333333333,0.4,0.038960207032716646,0.04554493075948878,0.010302895537746475,0.000310985766197959,-0.009991909771548516,0.010302895537746475,M,K,K,0.0,True
A_aa_only_s231301,A,aa_only,231301,train,32,29,6mvm,L,0.004580996569691306,0.0006858202967220427,F,0.32280701754385965,True,0.0,0.3333333333333333,0.4,0.062411347309357657,0.06768305969510617,0.39824561403508774,False,0.0008350268738733339,0.3333333333333333,0.4,0.061845807611140405,0.06698751699251967,0.3508771929824562,True,0.0,0.3333333333333333,0.4,0.06212857746024903,0.06733259731517485,0.0,-0.01585360285167634,-0.01585360285167634,0.0008350268738733339,F,Y,F,0.0008350268738733339,True
A_aa_only_s231301,A,aa_only,231301,train,32,88,6mvm,T,0.003795608790638524,0.0016930889724381052,I,-0.524561403508772,False,0.004779682739834153,0.0,0.2,0.048362973847665136,0.061608512322880546,-0.47017543859649114,False,0.007642415356206571,0.0,0.2,0.04902183339147164,0.06211148652435191,-0.5210526315789473,False,0.006211049048020362,0.0,0.2,0.04868131642619428,0.061858460986145454,0.007642415356206571,0.0025168136497300403,-0.0051256017064765305,0.007642415356206571,I,R,R,0.0,True
A_aa_only_s231301,A,aa_only,231301,train,33,154,7ebl,A,0.09342170128969098,0.05820501103343971,P,0.5070175438596491,True,0.0,0.6666666666666666,0.4,0.2581803491660523,0.30564963813113044,-0.06315789473684211,False,1.2405702745388352,0.0,0.2,0.39563270062860884,0.4528125551483239,0.24736842105263157,False,0.22891043953806545,0.3333333333333333,0.4,0.228413372706527,0.28300283362376716,0.0,0.47489222492369976,0.47489222492369976,1.2405702745388352,P,Q,P,1.2405702745388352,False
A_aa_only_s231301,A,aa_only,231301,train,33,104,7ebl,D,0.5066370037925205,0.45086689233744887,M,0.3736842105263158,False,0.5755651560195272,1.0,0.8,0.5355747698407951,0.7117843801268194,0.12280701754385966,False,1.1800866136352726,0.3333333333333333,0.4,0.47702091595480445,0.5830051886355926,0.28421052631578947,False,0.7668461320986708,0.6666666666666666,0.6,0.3268568655209801,0.49235748934168694,0.9581271081778144,0.8666571700201082,-0.09146993815770621,1.1800866136352726,M,G,F,0.22195950545745813,False
A_aa_only_s231301,A,aa_only,231301,train,33,30,7ebl,L,0.11428634572181719,0.1141967633268849,F,0.3385964912280702,False,0.5576719669566712,0.3333333333333333,0.4,0.2666031288263046,0.3380626357967073,-0.2070175438596491,False,1.0723989482653051,0.0,0.0,0.4406811980348276,0.5639799065577483,0.057894736842105256,False,0.7176859261692847,0.3333333333333333,0.4,0.26257151096860426,0.358362152788465,0.8776998853818982,-0.283492872317205,-1.1611927576991032,1.0723989482653051,F,E,P,0.19469906288340688,False
A_aa_only_s231301,A,aa_only,231301,train,33,108,7ebl,T,0.13553277238540157,0.1113261648132674,I,0.24736842105263157,False,0.01581031275230238,0.3333333333333333,0.6,0.2858247440830385,0.368147758903136,-0.03684210526315789,False,0.18338150768008,0.0,0.2,0.4058893398282293,0.5442858625452058,0.12982456140350876,True,0.0,0.3333333333333333,0.4,0.2318453962295546,0.31712197802712566,-0.14266708232504488,0.1635708806489209,0.30623796297396577,0.18338150768008,I,P,L,0.32604859000512487,False
A_aa_only_s231301,A,aa_only,231301,train,34,94,4wfq,A,0.003021811613053761,0.001666896766343222,P,-0.09473684210526316,False,0.009876399348800115,0.0,0.2,0.04913987075761959,0.054971007022372814,0.014035087719298246,False,0.010022338004320959,0.3333333333333333,0.4,0.049374028151421875,0.05524990835017124,-0.021052631578947368,False,0.009949368676560537,0.3333333333333333,0.4,0.049255817256747894,0.05510912164055858,0.010022338004320959,-0.00016589872369750236,-0.010188236728018461,0.010022338004320959,P,F,F,0.0,False
A_aa_only_s231301,A,aa_only,231301,train,34,75,4wfq,D,0.002130219520978711,0.0008263581262062459,M,0.28596491228070176,False,0.0009731119530172333,0.3333333333333333,0.2,0.03623396308051936,0.046154301218615704,0.05087719298245614,False,0.0022699562726596345,0.0,0.2,0.037264871837718115,0.04690645689198344,0.16140350877192983,False,0.001621534112838434,0.3333333333333333,0.2,0.03674941745911873,0.04652698141643681,0.0022699562726596345,0.003213461510435195,0.0009435052377755604,0.0022699562726596345,M,E,E,0.0,False
A_aa_only_s231301,A,aa_only,231301,train,34,189,4wfq,L,0.004071036295225355,0.0008909389167639768,F,0.04385964912280702,False,0.008735958775602001,0.6666666666666666,0.6,0.05639235212740624,0.06380467298893831,-0.02280701754385965,False,0.0056382902522121026,0.6666666666666666,0.6,0.057969653721150614,0.06538338589554209,0.06315789473684211,False,0.007187124513907052,0.6666666666666666,0.6,0.05718100292427843,0.06459055365176755,0.0056382902522121026,0.005337178133776668,-0.0003011121184354343,0.0056382902522121026,F,W,W,0.0,False
A_aa_only_s231301,A,aa_only,231301,train,34,122,4wfq,T,0.0030269590012097464,0.0017612275718575103,I,0.005263157894736842,False,0.010997455442155149,0.0,0.2,0.04005057057631366,0.05501780621952993,-0.14210526315789473,False,0.013563599834414644,0.0,0.2,0.0412968411496,0.05622495963797253,-0.10175438596491228,False,0.012280527638284897,0.0,0.2,0.040673705862956835,0.05561756055633849,0.013563599834414644,0.011641449121021358,-0.0019221507133932864,0.013563599834414644,I,P,P,0.0,False
A_aa_only_s231301,A,aa_only,231301,train,35,75,1s8a,A,0.009108030166405885,0.004487797059844547,P,-0.256140350877193,False,0.19445681818920346,0.0,0.2,0.08317565943151395,0.09543600036886439,0.2456140350877193,False,0.10416810528657827,0.6666666666666666,0.4,0.04680752128928649,0.056773047885394175,-0.05263157894736842,False,0.14502468933463036,0.0,0.2,0.063769841993594,0.07445582721186826,0.09559256048005726,0.08289523703563995,-0.012697323444417319,0.10416810528657827,P,V,Y,0.008575544806521007,False
A_aa_only_s231301,A,aa_only,231301,train,35,70,1s8a,D,0.004321164561933255,0.002807475443895508,M,0.057894736842105256,False,0.1082867190044231,0.3333333333333333,0.4,0.051746427497376915,0.06573556542643605,0.24736842105263157,False,0.03184981898093575,0.3333333333333333,0.6,0.04186521381137815,0.050056744535127526,0.1736842105263158,False,0.07006826899267943,0.3333333333333333,0.4,0.04680582065437753,0.05705373271834326,0.03184981898093575,-0.023659082225245154,-0.055508901206180905,0.03184981898093575,M,Y,Y,0.0,True
A_aa_only_s231301,A,aa_only,231301,train,35,76,1s8a,L,0.01086803040222698,0.0020373034035920078,F,0.1824561403508772,False,0.04436249061453412,0.3333333333333333,0.2,0.09397194793466278,0.10424984605373276,0.16842105263157894,False,0.021043498577889508,0.3333333333333333,0.4,0.07285189661762617,0.08011785819017553,0.23859649122807017,False,0.023808727127323903,0.3333333333333333,0.6,0.08341192227614448,0.09140837110566345,0.003254963640113684,-0.036503735695599115,-0.0397586993357128,0.021043498577889508,F,C,R,0.017788534937775824,True
A_aa_only_s231301,A,aa_only,231301,train,35,6,1s8a,T,0.23397289378571645,0.17533137711020855,I,0.4456140350877193,False,0.06519369479264508,0.3333333333333333,0.6,0.2552488545537102,0.48370744648570013,0.40350877192982454,False,0.057355081127501095,0.0,0.4,0.30631311586070425,0.5934275767666738,0.4280701754385965,False,0.06081940504691194,0.3333333333333333,0.6,0.28078098520720723,0.5384219648354017,0.02975245119599529,0.07046711813766565,0.04071466694167036,0.057355081127501095,I,K,M,0.027602629931505807,False
A_aa_only_s231301,A,aa_only,231301,train,36,56,1qsm,A,0.08360091821408037,0.06078241928927536,P,0.3368421052631579,False,0.053500833291118655,0.3333333333333333,0.6,0.19303158994032357,0.28913823374656,0.4052631578947368,False,0.04534269389910994,0.3333333333333333,0.6,0.18342422664402416,0.26051012358153774,0.37894736842105264,False,0.0494217635951143,0.3333333333333333,0.6,0.1882279082921739,0.27363940949972143,0.04534269389910994,-0.5637551291342928,-0.6090978230334028,0.04534269389910994,P,S,S,0.0,False
A_aa_only_s231301,A,aa_only,231301,train,36,26,1qsm,D,0.017455203349503196,0.0035388985927984765,M,-0.31228070175438594,False,0.04472943573885446,0.0,0.2,0.11796738853049483,0.13211814163657917,-0.24912280701754386,False,0.04165899057335265,0.0,0.2,0.092804535289785,0.10567375728122472,-0.29298245614035084,False,0.043194213156103556,0.0,0.2,0.10534213004283348,0.11879901262303022,0.04165899057335265,-0.08253079715226769,-0.12418978772562034,0.04165899057335265,M,P,P,0.0,False
A_aa_only_s231301,A,aa_only,231301,train,36,45,1qsm,L,0.030421302153050354,0.006462357325433629,F,-0.7210526315789473,False,0.2446599786542616,0.0,0.0,0.15673816229883109,0.17441703515726426,-0.7017543859649124,False,0.22628630002729505,0.0,0.0,0.12466021935536516,0.14272671807249426,-0.7175438596491229,False,0.23547313934077832,0.0,0.0,0.14069919082709817,0.1583896505719423,0.22628630002729505,0.0598477569300076,-0.16643854309728745,0.22628630002729505,F,A,A,0.0,False
A_aa_only_s231301,A,aa_only,231301,train,36,116,1qsm,T,0.013961517549336572,0.01214520467325063,I,-0.4403508771929824,False,0.30279551776872465,0.0,0.4,0.09604617016753339,0.11815886572465298,-0.431578947368421,False,0.25953704900629126,0.0,0.2,0.07660653003827549,0.10141218217381344,-0.42280701754385963,False,0.28116628338750793,0.0,0.4,0.0862231958583877,0.10944180534426516,0.25953704900629126,0.14690711828651276,-0.1126299307197785,0.25953704900629126,I,G,G,0.0,False
A_aa_only_s231301,A,aa_only,231301,train,37,25,4cl6,A,0.0027995689454693895,0.0027911194317457905,P,0.1649122807017544,False,0.017965655431493657,0.3333333333333333,0.2,0.046056524185661356,0.05291095298205646,0.21403508771929824,False,0.018832586322784145,0.3333333333333333,0.2,0.04724199877383575,0.05402230067675136,0.22280701754385965,False,0.0183991208771389,0.3333333333333333,0.2,0.04663605992653774,0.053457927385085605,0.018832586322784145,-0.0018846429618845778,-0.020717229284668723,0.018832586322784145,P,W,W,0.0,False
A_aa_only_s231301,A,aa_only,231301,train,37,83,4cl6,D,0.002673550088384876,0.0009485409875068158,M,-0.07543859649122807,False,0.006452382888659958,0.0,0.0,0.04153322887614278,0.05170638343942531,-0.32807017543859646,False,0.004714353880772168,0.0,0.2,0.04376032491302879,0.053501083653491745,-0.1105263157894737,False,0.005130575602353249,0.0,0.2,0.042646776894585785,0.052595281947306366,0.003801844774810645,-0.004603013780304727,-0.008404858555115371,0.004714353880772168,M,Q,G,0.0009125091059615231,False
A_aa_only_s231301,A,aa_only,231301,train,37,12,4cl6,L,0.00338478249910704,0.0006180156689130571,F,0.5385964912280702,False,0.009989537358517153,0.3333333333333333,0.4,0.05260006492575825,0.05817888361860375,0.3315789473684211,False,0.012154114438703928,0.3333333333333333,0.2,0.05272046313490635,0.05842717127959226,0.3877192982456141,False,0.01107182589861054,0.3333333333333333,0.2,0.0526602640303323,0.05829972134085079,0.012154114438703928,0.012740780208660707,0.000586665769956779,0.012154114438703928,F,K,K,0.0,False
A_aa_only_s231301,A,aa_only,231301,train,37,1,4cl6,T,0.006175777383970439,0.001389990252979862,I,0.31578947368421056,True,0.0,0.3333333333333333,0.2,0.06917938371357887,0.07858611444759461,0.31052631578947365,False,0.0008546622598593553,0.3333333333333333,0.2,0.06941724341688464,0.07859942010918618,0.28596491228070176,False,3.989986928556316e-05,0.3333333333333333,0.2,0.06929831356523175,0.07853060185037768,0.0,-0.04893443161109391,-0.04893443161109391,0.0008546622598593553,I,Y,I,0.0008546622598593553,True
A_aa_only_s231301,A,aa_only,231301,train,38,142,1rvv,A,0.002496344294082645,0.0015109426114108548,P,0.6157894736842106,False,0.009072452509763039,0.0,0.4,0.04503166256282427,0.04996342956686065,0.48245614035087714,False,0.01258006695167678,0.0,0.4,0.044401630334547935,0.04890751224205724,0.5684210526315789,False,0.01082625973071991,0.0,0.4,0.044716646448686094,0.04942089577300181,0.01258006695167678,0.00267061942350693,-0.00990944752816985,0.01258006695167678,P,M,M,0.0,False
A_aa_only_s231301,A,aa_only,231301,train,38,48,1rvv,D,0.0024652803507425546,0.0008635764788973273,M,0.05087719298245614,False,0.0055082727114201535,0.0,0.0,0.04009625805703906,0.049651589609422925,-0.16842105263157894,False,0.01058366689815294,0.0,0.0,0.039710715664376624,0.04896860534533528,-0.04385964912280702,False,0.006751576483930068,0.0,0.0,0.03990348686070784,0.049291956013535206,0.005209961888846662,0.006765707233185779,0.001555745344339117,0.01058366689815294,M,V,H,0.005373705009306277,True
A_aa_only_s231301,A,aa_only,231301,train,38,148,1rvv,L,0.0032023865848554624,0.0009997516419839227,F,0.21929824561403505,False,0.0021019846904349535,0.6666666666666666,0.6,0.047327513141956955,0.05658963319244491,0.2719298245614035,False,0.007227809705325251,0.3333333333333333,0.6,0.048097623292566484,0.056943888016660234,0.22807017543859648,False,0.004621643326134281,0.3333333333333333,0.6,0.047527955269404835,0.056742186453066584,0.006126782097267892,0.006514331770557748,0.00038754967328985535,0.007227809705325251,F,W,T,0.0011010276080573589,True
A_aa_only_s231301,A,aa_only,231301,train,38,116,1rvv,T,0.004052724968842648,0.001594662590769057,I,0.12631578947368421,False,0.00474897734832834,0.0,0.2,0.05128471245796232,0.0636610160839634,-0.6684210526315789,False,0.007796120213846049,0.0,0.0,0.050296440518601736,0.06338963328687024,-0.2964912280701754,False,0.0055099941415448425,0.0,0.0,0.05079057648828202,0.06350030070495426,0.006271010934761345,0.0013246253762664445,-0.004946385558494901,0.007796120213846049,I,D,W,0.0015251092790847035,True
A_aa_only_s231301,A,aa_only,231301,train,39,101,2ja9,A,0.0012758568861094724,0.0012669419846269173,P,0.5877192982456141,True,0.0,0.6666666666666666,0.6,0.02984709929236797,0.035719138932923236,0.6070175438596491,False,0.005445905118075273,0.6666666666666666,0.6,0.02991310337546948,0.035801097543371824,0.5771929824561403,False,0.002304964406834184,0.6666666666666666,0.6,0.029880101333918725,0.035682006164912926,0.0,-0.006543149290220221,-0.006543149290220221,0.005445905118075273,P,C,P,0.005445905118075273,False
A_aa_only_s231301,A,aa_only,231301,train,39,95,2ja9,D,0.002150538022564062,0.000779169656258141,M,0.20350877192982456,False,0.006690009571622274,0.0,0.2,0.0383925368856081,0.04637389376108138,0.11403508771929824,False,0.006078833024983882,0.0,0.0,0.03845409439595671,0.04674911107937024,0.1701754385964912,False,0.0046941701550082815,0.0,0.2,0.038423315640782406,0.04654276394090046,0.002698330738394289,-0.0018378657237385632,-0.004536196462132852,0.006078833024983882,M,E,N,0.003380502286589593,False
A_aa_only_s231301,A,aa_only,231301,train,39,51,2ja9,L,0.007466551031138432,0.0005961155570097061,F,0.4526315789473684,False,0.01937292301174208,0.6666666666666666,0.4,0.0828880900620151,0.08640920686557904,0.39473684210526316,False,0.01473052268034121,0.6666666666666666,0.4,0.07318445426848497,0.07722887374952145,0.41754385964912283,False,0.017051722846041645,0.6666666666666666,0.4,0.07803627216525001,0.0817924295580665,0.01473052268034121,-0.03439728645334543,-0.04912780913368664,0.01473052268034121,F,W,W,0.0,False
A_aa_only_s231301,A,aa_only,231301,train,39,78,2ja9,T,0.008576457644947804,0.0018934372858654468,I,0.06140350877192983,False,0.023794624002919013,0.0,0.2,0.08174974225697812,0.09260916609573701,0.15438596491228068,False,0.0184261833582222,0.0,0.2,0.0814482845622138,0.09201977298986655,0.12105263157894736,False,0.021064020172347847,0.0,0.2,0.08159901340959595,0.09230050703586871,0.017208880831733483,-0.029013746075923302,-0.046222626907656786,0.0184261833582222,I,H,Y,0.0012173025264887172,False
B_aa_only_s231301,B,aa_only,231301,development,0,49,5oi7,A,27.89749868600475,19.88703454506113,C,0.3333333333333333,False,6.453020308059199,0.3333333333333333,0.4,3.7907763158264585,5.281808278043113,-0.31578947368421056,False,1.3337125413186293,0.3333333333333333,0.2,0.9878214284939859,1.1222276122252883,0.29473684210526313,False,3.8933664246889146,0.3333333333333333,0.2,1.9120054102341861,2.4771129858176217,1.3337125413186293,-0.47599759696823973,-1.809710138286869,1.3337125413186293,C,I,I,0.0,False
B_aa_only_s231301,B,aa_only,231301,development,0,53,5oi7,D,88.03552756985198,0.008728494305063993,M,-0.23157894736842102,False,0.15312133287873309,0.0,0.2,9.382259806440393,9.38272495439635,-0.06315789473684211,False,0.08685377356097668,0.0,0.2,1.0554895351923044,1.0581811930922942,-0.15964912280701754,False,0.0748510519451413,0.0,0.0,4.163385135624044,4.164038347390691,-0.028514514774878208,-1.0820946215266236,-1.0535801067517454,0.08685377356097668,M,P,E,0.11536828833585488,False
B_aa_only_s231301,B,aa_only,231301,development,0,45,5oi7,L,82.55126467249046,1.1296815151529445,C,-0.24736842105263157,False,4.750609665594033,0.0,0.0,9.023390890199622,9.085772651375912,-0.6368421052631579,False,0.2302428165480137,0.0,0.0,1.1136663690168827,1.1265291559974016,-0.2964912280701754,False,2.164986225894634,0.0,0.0,3.9548622605913692,3.984440599783876,-0.42063721380476515,-1.0522628727554189,-0.6316256589506537,0.2302428165480137,C,P,W,0.6508800303527789,False
B_aa_only_s231301,B,aa_only,231301,development,0,79,5oi7,T,7.391491784105911,7.318494187377907,I,-0.1105263157894737,False,9.29225519911563,0.0,0.2,1.3536528653728528,2.718729810795091,-0.07543859649122807,False,2.3507332535413523,0.0,0.0,0.5462840548540565,0.8062863650769371,-0.1105263157894737,False,5.821494226328491,0.0,0.0,0.7215126205204235,1.545232609590337,2.3507332535413523,-0.38797678799132207,-2.7387100415326744,2.3507332535413523,I,P,P,0.0,False
B_aa_only_s231301,B,aa_only,231301,development,1,42,1c5e,A,0.024549803362975065,0.02006959273194336,C,-0.10350877192982455,False,0.02972787620246129,0.0,0.2,0.11410030546637243,0.15668376866470587,-0.1087719298245614,False,0.01968649220084022,0.0,0.2,0.10747137535860722,0.14741304922189274,-0.10175438596491228,False,0.021297393972429052,0.0,0.2,0.11040110486010724,0.151975119080679,0.007288222799318622,0.010980335105274602,0.00369211230595598,0.01968649220084022,C,G,R,0.012398269401521597,False
B_aa_only_s231301,B,aa_only,231301,development,1,35,1c5e,D,0.004119185473308443,0.0024525433398180675,M,0.31578947368421056,False,0.022189232685623256,0.0,0.4,0.05586736016277243,0.064180880901624,0.38421052631578945,False,0.023508813666736544,0.0,0.4,0.05279970623854275,0.06155524537583735,0.3368421052631579,False,0.0228490231761799,0.0,0.4,0.054260717505444096,0.06282080227707953,0.023508813666736544,0.015515747754407547,-0.007993065912328998,0.023508813666736544,M,K,K,0.0,True
B_aa_only_s231301,B,aa_only,231301,development,1,12,1c5e,L,0.005170166988894086,0.004164442108413891,C,0.4245614035087719,False,0.03477124501648969,0.0,0.4,0.05317960508149421,0.07190387325376907,0.3298245614035088,False,0.03257807486966964,0.0,0.4,0.05022783629463467,0.06481868446610536,0.356140350877193,False,0.033674659943079666,0.0,0.4,0.05113922990446898,0.0677684563343931,0.03257807486966964,0.016141307309068043,-0.016436767560601598,0.03257807486966964,C,Q,Q,0.0,False
B_aa_only_s231301,B,aa_only,231301,development,1,38,1c5e,T,0.00916085354198158,0.008590160165514076,I,0.29473684210526313,False,0.011946235009322154,0.0,0.4,0.05742787040052749,0.09571234790757972,0.26842105263157895,False,0.004908411841122576,0.0,0.6,0.056625643544363585,0.0894586854582992,0.2824561403508772,False,0.008427323425222365,0.0,0.6,0.057026756972445546,0.09252160169306418,0.004908411841122576,-0.0033928913685180445,-0.00830130320964062,0.004908411841122576,I,C,C,0.0,False
B_aa_only_s231301,B,aa_only,231301,development,2,75,4gn0,A,0.007468946425384673,0.00639504167811205,C,-0.30000000000000004,False,0.088604748173287,0.0,0.2,0.07078935922228617,0.08642306651227248,-0.11578947368421051,False,0.012685766837227774,0.3333333333333333,0.4,0.06171016765687373,0.07397646633895291,-0.21929824561403505,False,0.04501198053271338,0.0,0.4,0.06620667140356841,0.07895151736755694,-0.005378516949940959,-0.05629295035355142,-0.05091443340361046,0.012685766837227774,C,G,F,0.018064283787168733,False
B_aa_only_s231301,B,aa_only,231301,development,2,29,4gn0,D,0.010903699969691647,0.007938119161225696,M,0.23157894736842102,False,0.03492169123037314,0.0,0.2,0.09435057172359797,0.10442078322676787,0.46315789473684205,False,0.004823184603599984,0.6666666666666666,0.4,0.08987001434881875,0.13691836080849776,0.41578947368421054,False,0.002653304165189496,0.6666666666666666,0.4,0.08310456971294072,0.10648256894434628,-0.04654577129887194,-0.1460843532726681,-0.09953858197379617,0.004823184603599984,M,C,K,0.051368955902471924,False
B_aa_only_s231301,B,aa_only,231301,development,2,23,4gn0,L,0.012166809745640288,0.012153154989608877,C,0.4508771929824561,False,0.016124212725433296,0.6666666666666666,0.4,0.06607073401766428,0.11030326262463994,0.3596491228070175,True,0.0,0.6666666666666666,0.4,0.10329578506138244,0.15403896543203074,0.3350877192982456,True,0.0,0.6666666666666666,0.4,0.07395892162745964,0.12533357946711055,-0.048278952661775065,-0.17679096994537957,-0.1285120172836045,0.0,C,C,F,0.048278952661775065,False
B_aa_only_s231301,B,aa_only,231301,development,2,45,4gn0,T,0.013511431225472522,0.00886999024512613,I,-0.39649122807017545,False,0.1342391644496086,0.0,0.0,0.0762149129227117,0.11623868213926258,-0.07543859649122807,False,0.15145293308987284,0.0,0.4,0.07530117885032822,0.09924589718605545,-0.28070175438596495,False,0.14284604876974072,0.0,0.0,0.07359595560710959,0.10381480395824527,0.15145293308987284,0.021489679200490386,-0.12996325388938246,0.15145293308987284,I,P,P,0.0,False
B_aa_only_s231301,B,aa_only,231301,train,3,54,1v70,A,0.0030942314416519383,0.002056290378191503,C,0.4842105263157894,False,0.006333791199969269,0.6666666666666666,0.8,0.04829608948614527,0.05562581632346566,0.4298245614035088,False,0.003774175405765086,0.6666666666666666,0.6,0.04853191907094597,0.05590137212049105,0.4350877192982456,False,0.005053983302867177,0.6666666666666666,0.6,0.048414004278545614,0.055760491233116924,0.003774175405765086,-0.008194748765188553,-0.011968924170953639,0.003774175405765086,C,I,I,0.0,True
B_aa_only_s231301,B,aa_only,231301,train,3,4,1v70,D,0.0020771329365220667,0.0020653871062579084,M,-0.042105263157894736,False,0.006853490147922248,0.0,0.2,0.03512366310440585,0.04557557390227869,-0.09824561403508772,False,0.013421078347008474,0.0,0.2,0.035576614401341244,0.04577803284079756,-0.06666666666666667,False,0.008971524655069042,0.0,0.2,0.035350138752873544,0.04565786302707629,0.009466906150378242,-0.020890607715098285,-0.030357513865476526,0.013421078347008474,M,S,V,0.003954172196630232,True
B_aa_only_s231301,B,aa_only,231301,train,3,69,1v70,L,0.0029851199131981625,0.0025483985541945938,C,0.5280701754385965,True,0.0,0.3333333333333333,0.6,0.043203772561727194,0.0546362509072334,0.19298245614035087,False,0.001281542935194016,0.0,0.2,0.04315312682102312,0.05433856888130165,0.419298245614035,False,8.841978898389835e-05,0.3333333333333333,0.4,0.04317844969137516,0.05447749988699163,0.0,-0.0006431844396960762,-0.0006431844396960762,0.001281542935194016,C,W,C,0.001281542935194016,True
B_aa_only_s231301,B,aa_only,231301,train,3,100,1v70,T,0.0023646191654604415,0.0023367403048909045,I,0.30526315789473685,False,0.006031617779090989,0.0,0.4,0.03478030080472156,0.0486273499736562,0.2771929824561403,False,0.005164812798655827,0.0,0.6,0.03526383771180607,0.04849421618034264,0.2508771929824561,False,0.005596403991505551,0.0,0.4,0.035022069258263816,0.048554805595195386,0.0036014896404767544,-0.0014598618045298661,-0.0050613514450066205,0.005164812798655827,I,C,Q,0.0015633231581790724,True
B_aa_only_s231301,B,aa_only,231301,train,4,30,1ub9,A,0.006368461989584741,0.004413103278450203,C,-0.2631578947368421,False,0.08020781563407858,0.3333333333333333,0.2,0.06915702945688247,0.07980264400121553,-0.13684210526315788,False,0.1227381063202912,0.3333333333333333,0.2,0.08287464293498364,0.09417797201325179,-0.23333333333333334,False,0.10147296097718489,0.3333333333333333,0.2,0.07573949508356966,0.08656104465348662,0.1227381063202912,-0.014887317905994735,-0.13762542422628593,0.1227381063202912,C,H,H,0.0,True
B_aa_only_s231301,B,aa_only,231301,train,4,40,1ub9,D,0.011699079558479574,0.005144720610060011,M,0.012280701754385965,False,0.14589623046147954,0.3333333333333333,0.2,0.09009114073656488,0.10816228343780272,0.0543859649122807,False,0.19381712191442163,0.3333333333333333,0.4,0.0929825085247316,0.11075429693550576,0.07017543859649124,False,0.16985667618795058,0.3333333333333333,0.4,0.09061432745357974,0.10874817414920901,0.19381712191442163,0.06672571258774157,-0.12709140932668006,0.19381712191442163,M,C,C,0.0,False
B_aa_only_s231301,B,aa_only,231301,train,4,12,1ub9,L,0.045998565391187844,0.028225695331288415,C,0.28947368421052627,False,0.06811668358703954,0.0,0.4,0.15070807520449905,0.21447276142015761,0.25263157894736843,False,0.1082572683101573,0.0,0.4,0.13023660802570583,0.18708502211954625,0.28421052631578947,False,0.08818697594859842,0.0,0.4,0.1391042567518776,0.2002119230807735,0.1082572683101573,0.08594924483646488,-0.02230802347369243,0.1082572683101573,C,P,P,0.0,True
B_aa_only_s231301,B,aa_only,231301,train,4,61,1ub9,T,0.0030387347738441745,0.002944337814845692,I,-0.15087719298245614,False,0.04190151409262488,0.0,0.2,0.046019264458525916,0.05512472017021197,0.2175438596491228,False,0.01714513129933737,0.0,0.4,0.04488449664164536,0.0526182438997299,0.028070175438596492,False,0.029523322695981125,0.0,0.2,0.044981628056404176,0.053235703028469174,0.01714513129933737,0.013508849596732875,-0.0036362817026044936,0.01714513129933737,I,H,H,0.0,True
B_aa_only_s231301,B,aa_only,231301,train,5,92,2wpq,A,0.10628299980734113,0.10457720910410892,C,0.5982456140350877,False,0.26086181474564896,0.6666666666666666,0.8,0.2073878727982275,0.3260107357240573,0.3614035087719299,False,0.16766672729972676,0.3333333333333333,0.2,0.11121285567664514,0.12917844266768272,0.5649122807017544,False,0.21426427102268786,0.3333333333333333,0.4,0.1276093620200833,0.19573916193550916,0.16766672729972676,0.025622016284222227,-0.14204471101550453,0.16766672729972676,C,P,P,0.0,False
B_aa_only_s231301,B,aa_only,231301,train,5,68,2wpq,D,0.08248479763229925,0.0781207811577693,M,0.45964912280701753,True,0.0,0.3333333333333333,0.2,0.23376336890410493,0.28720166718231155,0.25263157894736843,False,0.11380099073605798,0.0,0.0,0.10860106048692848,0.1554503319166229,0.40175438596491225,True,0.0,0.3333333333333333,0.2,0.16893792605366495,0.2171710742594804,0.0,-0.13989409057958113,-0.13989409057958113,0.11380099073605798,M,R,M,0.11380099073605798,False
B_aa_only_s231301,B,aa_only,231301,train,5,97,2wpq,L,0.19734810447261197,0.19207150980633117,C,0.05087719298245614,False,0.5897455923767279,0.0,0.0,0.3083024897113042,0.4442387921744475,-0.40350877192982454,False,0.30228245967449574,0.0,0.0,0.12769813167873,0.1592793663985293,0.02280701754385965,False,0.4460140260256118,0.0,0.0,0.19518504497556227,0.2601325537472652,0.30228245967449574,0.09532831171776124,-0.2069541479567345,0.30228245967449574,C,S,S,0.0,False
B_aa_only_s231301,B,aa_only,231301,train,5,44,2wpq,T,1.0060891230545734,0.3508945045781147,I,0.15614035087719297,False,0.46876507801998457,0.3333333333333333,0.4,0.8362913023942107,1.003039940906928,0.14912280701754385,False,0.38739922724799314,0.3333333333333333,0.4,0.5732786532560318,0.6451219356691328,0.12982456140350876,False,0.42808215263398885,0.3333333333333333,0.4,0.7047849778251213,0.8148714918706648,0.38739922724799314,0.28112970255202185,-0.10626952469597128,0.38739922724799314,I,G,G,0.0,False
B_aa_only_s231301,B,aa_only,231301,train,6,36,3vub,A,0.0028134966712079464,0.00234548576189457,C,0.15964912280701754,False,0.00041934973562082756,0.3333333333333333,0.4,0.044502834162635334,0.05304240446291954,-0.356140350877193,False,1.370488502409339,0.0,0.0,0.5819008684550449,0.6637397510022427,-0.34912280701754383,False,0.6823754891922229,0.0,0.0,0.29317225666479174,0.3416721760266274,0.3566832809358054,0.6565321013743387,0.2998488204385333,1.370488502409339,C,D,H,1.0138052214735336,False
B_aa_only_s231301,B,aa_only,231301,train,6,88,3vub,D,0.002876219254127673,0.0021592137351217405,M,0.0456140350877193,False,0.00453820889371527,0.0,0.0,0.04495602965304925,0.053630394872009594,-0.23859649122807017,False,0.4667407963628998,0.0,0.2,0.6115428171614995,0.6569193476413527,-0.20877192982456141,False,0.234528898106941,0.0,0.2,0.2935608987684374,0.3199947486290159,-0.24865493108390935,-0.2664231933935395,-0.017768262309630134,0.4667407963628998,M,R,H,0.7153957274468091,False
B_aa_only_s231301,B,aa_only,231301,train,6,40,3vub,L,0.00246406968492735,0.0023167604436011096,C,0.3701754385964912,False,0.016329396988464376,0.3333333333333333,0.6,0.03623375941070669,0.04963939650043451,0.3192982456140351,False,0.01190840031010354,0.3333333333333333,0.6,0.7095040881420066,0.7117226412678039,0.44912280701754387,False,0.014118898649284006,0.3333333333333333,0.4,0.36082059499618796,0.3642924755783643,0.01190840031010354,-0.7227630035023684,-0.734671403812472,0.01190840031010354,C,G,G,0.0,False
B_aa_only_s231301,B,aa_only,231301,train,6,6,3vub,T,0.002603931608416777,0.0026026470549409693,I,-0.24736842105263157,False,0.024014758947867657,0.3333333333333333,0.4,0.040581278660581824,0.05102873316492167,0.06491228070175438,False,0.27941100801458196,0.3333333333333333,0.2,0.4695142068376947,0.564268937132812,0.056140350877192984,False,0.1437580813750084,0.3333333333333333,0.2,0.23202157674939072,0.281173127396785,-0.39850709232931586,-0.4603222725901204,-0.061815180260804514,0.27941100801458196,I,N,G,0.6779181003438979,False
B_aa_only_s231301,B,aa_only,231301,train,7,56,3nxa,A,0.017264161369940256,0.0071937143351822695,C,-0.11929824561403508,False,0.2289161425153966,0.3333333333333333,0.2,0.1107889618044117,0.13139315571954369,-0.10350877192982455,False,0.2916412504460274,0.3333333333333333,0.2,0.11557662596394758,0.13528948141258473,-0.10526315789473684,False,0.260278696480712,0.3333333333333333,0.2,0.11318279388417966,0.13293558956541002,0.2916412504460274,0.06708922880174928,-0.22455202164427812,0.2916412504460274,C,P,P,0.0,False
B_aa_only_s231301,B,aa_only,231301,train,7,74,3nxa,D,0.0039060312144490175,0.0039050341285280037,M,-0.2771929824561403,False,0.08412986658174404,0.0,0.4,0.05101237271696451,0.06249824969108349,-0.4122807017543859,False,0.47999728429613375,0.0,0.4,0.13554825485732402,0.2413257202354547,-0.40175438596491225,False,0.2820635754389389,0.0,0.4,0.0929573773365138,0.1390630293389615,0.47999728429613375,0.3981151189259291,-0.08188216537020465,0.47999728429613375,M,G,G,0.0,False
B_aa_only_s231301,B,aa_only,231301,train,7,39,3nxa,L,0.014710011403214417,0.006301514804831442,C,-0.057894736842105256,False,0.17309323503339558,0.6666666666666666,0.4,0.09894416205225987,0.12128483583372827,0.028070175438596492,False,0.1807288245771932,0.6666666666666666,0.4,0.14814764340393297,0.29146753264835656,-0.005263157894736842,False,0.17691102980529438,0.6666666666666666,0.4,0.1218142037131338,0.1748996732402126,0.1807288245771932,-0.04466068611237506,-0.22538951068956825,0.1807288245771932,C,Y,Y,0.0,False
B_aa_only_s231301,B,aa_only,231301,train,7,3,3nxa,T,0.017930620149116987,0.0077883587137375365,I,0.03333333333333333,False,0.25289777495045573,0.0,0.4,0.12364488818934681,0.13390526557651491,-0.12631578947368421,False,0.23792529599971246,0.0,0.2,0.14160494833504222,0.15409429288957777,-0.008771929824561405,False,0.2454115354750841,0.0,0.2,0.13262491826219455,0.1435469070627761,0.23792529599971246,0.16560386765843815,-0.07232142834127431,0.23792529599971246,I,N,N,0.0,False
B_aa_only_s231301,B,aa_only,231301,train,8,48,2v66,A,9.245286898666635,3.8653908004990787,C,0.5403508771929825,True,0.0,0.6666666666666666,0.6,2.6716854220162323,3.04060633733909,0.6052631578947367,True,0.0,0.3333333333333333,0.6,2.393236253634861,3.119777992628533,0.6350877192982456,True,0.0,0.6666666666666666,0.6,2.0252135930518556,2.483754353664773,0.0,-8.078359865335948,-8.078359865335948,0.0,C,C,C,0.0,False
B_aa_only_s231301,B,aa_only,231301,train,8,42,2v66,D,15.476324106934495,6.2063954953603115,M,0.6140350877192983,False,4.093911305231909,0.3333333333333333,0.6,3.233860533484469,3.9339959464817063,0.5175438596491229,False,3.428215154926232,0.3333333333333333,0.6,1.7335241412349414,2.5066125859573916,0.6508771929824562,False,3.7610632300790705,0.3333333333333333,0.6,1.9505119905313624,2.7442230285100284,3.428215154926232,-1.7046895452136046,-5.132904700139837,3.428215154926232,M,C,C,0.0,False
B_aa_only_s231301,B,aa_only,231301,train,8,60,2v66,L,45.147118820532015,10.903253497193385,C,0.7280701754385965,False,0.1828291656506531,0.3333333333333333,0.6,5.851825811089956,6.719160574099417,0.7052631578947368,False,0.22550156625708517,0.3333333333333333,0.6,7.5354528805444145,9.003421567981508,0.7070175438596492,False,0.20416536595386903,0.3333333333333333,0.6,6.693639345817185,7.784077445382482,0.22550156625708517,1.19529015807707,0.9697885918199849,0.22550156625708517,C,V,V,0.0,False
B_aa_only_s231301,B,aa_only,231301,train,8,74,2v66,T,59.60109572896636,58.796518215105166,I,0.763157894736842,True,0.0,0.6666666666666666,0.6,5.146534578198407,7.720174591870728,0.7596491228070175,False,0.36920141317741084,0.3333333333333333,0.6,8.626456168134936,9.552829668404481,0.7596491228070175,False,0.011366047235709331,0.3333333333333333,0.6,6.6251274332396335,8.05528937806373,0.0,-12.650688208736064,-12.650688208736064,0.36920141317741084,I,L,I,0.36920141317741084,False
B_aa_only_s231301,B,aa_only,231301,train,9,61,3zk1,A,0.0034675497988684374,0.0024816834423784444,C,-0.19473684210526312,False,0.020150909442941622,0.0,0.2,0.05205594534443515,0.05888590492527424,-0.28596491228070176,False,0.018444919870751447,0.0,0.0,0.04974287693028976,0.057593844016393676,-0.19824561403508772,False,0.019297914656846535,0.0,0.2,0.05089941113736247,0.05813412066798544,0.018444919870751447,0.007100720644097197,-0.01134419922665425,0.018444919870751447,C,F,F,0.0,True
B_aa_only_s231301,B,aa_only,231301,train,9,1,3zk1,D,0.0034264807160765782,0.0019273187322635227,M,0.29298245614035084,False,0.011257554690324023,0.3333333333333333,0.2,0.048180258139750194,0.0585361487977863,0.3543859649122807,False,0.013679434883452302,0.3333333333333333,0.2,0.048240624174770166,0.06265110234548343,0.30350877192982456,False,0.012468494786888162,0.3333333333333333,0.2,0.048191097315347896,0.060389766113807246,0.013679434883452302,-0.010885242560227049,-0.02456467744367935,0.013679434883452302,M,Y,Y,0.0,True
B_aa_only_s231301,B,aa_only,231301,train,9,78,3zk1,L,0.0022418914686176453,0.0022197254401269354,C,0.27017543859649124,False,0.005773741644141295,0.6666666666666666,0.4,0.036855625914655556,0.0473486163326622,0.0894736842105263,False,0.005344278475772901,0.3333333333333333,0.2,0.0399232349613175,0.05053329193686358,0.1824561403508772,False,0.005559010059957098,0.3333333333333333,0.2,0.038365845688036145,0.04876576251953706,0.005344278475772901,0.0006041288853778914,-0.00474014959039501,0.005344278475772901,C,D,D,0.0,True
B_aa_only_s231301,B,aa_only,231301,train,9,4,3zk1,T,0.001885420340949994,0.0017600280452173902,I,0.6614035087719298,False,0.011913170965159092,0.0,0.4,0.027006098011792587,0.0434214272099616,0.7333333333333334,False,0.003025798993301465,0.3333333333333333,0.6,0.02740137173575863,0.04209421581906884,0.7421052631578948,False,0.00682735446330579,0.0,0.6,0.0269658652760147,0.042328828836221084,0.0017415379614524884,-0.015549412407876356,-0.017290950369328845,0.003025798993301465,I,H,Y,0.0012842610318489767,True
B_aa_only_s231301,B,aa_only,231301,train,10,79,1qy7,A,0.0027860040576735763,0.0024905351572454474,C,-0.10350877192982455,False,0.037681111662854816,0.0,0.4,0.04353708013959806,0.05278261131919845,-0.01754385964912281,False,0.01888094667107143,0.0,0.4,0.04405842190315514,0.052542339555895504,-0.03859649122807017,False,0.024790316193820272,0.0,0.2,0.0437977510213766,0.052477842124863144,0.009062660792478194,0.016384130602535185,0.007321469810056991,0.01888094667107143,C,D,W,0.009818285878593236,False
B_aa_only_s231301,B,aa_only,231301,train,10,70,1qy7,D,0.002811486038328263,0.002225072892620883,M,0.08070175438596491,False,0.013952720766633453,0.3333333333333333,0.2,0.042870283429011294,0.05302344800489933,0.04035087719298246,False,0.011175747392555557,0.0,0.2,0.04075176198971427,0.0505560130034536,-0.031578947368421054,False,0.009247544496344517,0.0,0.2,0.04178195710014222,0.051696237451328904,-0.0018142260588080994,-0.0014928875560822341,0.0003213385027258653,0.011175747392555557,M,G,E,0.012989973451363657,False
B_aa_only_s231301,B,aa_only,231301,train,10,55,1qy7,L,0.003108016539501136,0.0027315232636018977,C,-0.07368421052631578,False,0.04501633681662376,0.0,0.0,0.04598972061916612,0.0557495877966926,0.28070175438596495,False,0.03475006406009895,0.3333333333333333,0.4,0.03987980257370248,0.05029975373178653,0.03508771929824562,False,0.037062595140821664,0.3333333333333333,0.2,0.042532195603335904,0.052471529810593505,0.012380442829146965,0.00530194941826756,-0.007078493410879405,0.03475006406009895,C,H,N,0.022369621230951986,False
B_aa_only_s231301,B,aa_only,231301,train,10,98,1qy7,T,0.0028726141015104852,0.0028643065294962225,I,0.08070175438596491,False,0.028134379058181724,0.0,0.2,0.0403531527101445,0.05359677323785906,0.3192982456140351,False,0.02547020654015064,0.0,0.4,0.03735021994033555,0.052655543687799074,0.20877192982456141,False,0.022596762606287013,0.0,0.2,0.03854829053680905,0.05274145391515499,0.013760719162277613,0.0037895491254343883,-0.009971170036843224,0.02547020654015064,I,A,G,0.011709487377873029,False
B_aa_only_s231301,B,aa_only,231301,train,11,64,3mhx,A,0.0032837019659809853,0.002220657272195975,C,0.3385964912280702,False,0.003891947858258471,0.0,0.2,0.050936337218503935,0.0573035947038315,0.2070175438596491,True,0.0,0.3333333333333333,0.4,0.03950484288368873,0.04851826405536632,0.2719298245614035,True,0.0,0.3333333333333333,0.4,0.04492312203094913,0.05225999296911558,-0.008144024558728924,-0.007477535258143708,0.0006664893005852157,0.0,C,C,S,0.008144024558728924,False
B_aa_only_s231301,B,aa_only,231301,train,11,19,3mhx,D,0.004466240610567181,0.0031912311276502056,M,-0.03508771929824562,False,0.06541495266197073,0.0,0.4,0.05683450717227119,0.06682993798117114,-0.13859649122807016,False,0.08259989362573195,0.0,0.2,0.07146706503551979,0.080406763056479,-0.04912280701754386,False,0.07400742314385134,0.0,0.4,0.06411895575108462,0.0730011789167193,0.08259989362573195,0.06140397918666157,-0.021195914439070374,0.08259989362573195,M,P,P,0.0,False
B_aa_only_s231301,B,aa_only,231301,train,11,3,3mhx,L,0.004395470457220208,0.0036282317601809364,C,-0.20877192982456141,False,0.022843934421611617,0.0,0.2,0.05486345333310627,0.06629834430225394,-0.1280701754385965,True,0.0,0.3333333333333333,0.2,0.05064041134198778,0.06098954176346785,-0.10175438596491228,False,0.011410669477386323,0.3333333333333333,0.2,0.052562928694713476,0.06332021658648243,-2.2595466838970513e-05,-0.02343313618806242,-0.02341054072122345,0.0,C,C,V,2.2595466838970513e-05,False
B_aa_only_s231301,B,aa_only,231301,train,11,2,3mhx,T,0.0021117090305619694,0.002109029004530956,I,0.27368421052631575,False,0.013328273145546465,0.3333333333333333,0.6,0.03581724768549892,0.04595333535840428,0.0035087719298245615,False,0.024125579072741432,0.3333333333333333,0.4,0.03863835485524343,0.04959550581716974,0.05964912280701754,False,0.016660141452544908,0.3333333333333333,0.4,0.03718890816350953,0.047538264599068715,0.01698375676947006,0.01471722143078924,-0.0022665353386808196,0.024125579072741432,I,H,F,0.007141822303271372,False
B_aa_only_s231301,B,aa_only,231301,train,12,4,5b08,A,0.00466192529215557,0.0030867776654096026,C,-0.14912280701754385,False,0.05367805024174371,0.0,0.0,0.06048523955612298,0.06827829297921537,0.021052631578947368,False,0.039764205542249076,0.0,0.2,0.053679993032005185,0.060609473650658524,-0.010526315789473684,False,0.046721127891996395,0.0,0.0,0.057064202618159504,0.06430325546259001,0.039764205542249076,0.0025947747726670634,-0.03716943076958201,0.039764205542249076,C,D,D,0.0,True
B_aa_only_s231301,B,aa_only,231301,train,12,73,5b08,D,0.0024433790310472935,0.0023259258619442147,M,0.19649122807017544,False,0.08178404286321156,0.0,0.4,0.03630086726915178,0.04943054754953958,0.18070175438596495,False,0.06764407408715911,0.0,0.4,0.037134610984337624,0.05003561417887197,0.21052631578947367,False,0.07471405847518534,0.0,0.4,0.036717739126744704,0.04963584300180237,0.06764407408715911,0.003335365171063309,-0.0643087089160958,0.06764407408715911,M,Y,Y,0.0,False
B_aa_only_s231301,B,aa_only,231301,train,12,32,5b08,L,0.005714335820644057,0.00349818171276814,C,-0.0824561403508772,False,0.0110060899563596,0.0,0.2,0.05797052920970721,0.07559322602352711,-0.028070175438596492,False,0.010674670472317516,0.0,0.0,0.05736981682704107,0.07456178434718408,-0.0894736842105263,False,0.010840380214338557,0.0,0.0,0.057597422550776954,0.07501027195837574,0.010674670472317516,-0.04296159948950673,-0.053636269961824246,0.010674670472317516,C,D,D,0.0,True
B_aa_only_s231301,B,aa_only,231301,train,12,64,5b08,T,0.003811413444189135,0.0032105841447282305,I,-0.07192982456140351,False,0.0636507520005341,0.0,0.0,0.05123548230145335,0.061736645877380925,-0.008771929824561405,False,0.06702537250580387,0.0,0.0,0.05549196204110839,0.07140884416791579,-0.03859649122807017,False,0.06533806225316899,0.0,0.0,0.05329657277265258,0.06585919271962003,0.06702537250580387,0.029963015354149136,-0.037062357151654735,0.06702537250580387,I,E,E,0.0,False
B_aa_only_s231301,B,aa_only,231301,development,13,2,1jke,A,0.002096400248405429,0.0019041464453920574,C,0.4456140350877193,False,0.030421629107938927,0.3333333333333333,0.8,0.03619837158178319,0.04578646359357129,0.4298245614035088,False,0.029306562674450365,0.3333333333333333,0.8,0.03552866434889033,0.04530346336197801,0.4298245614035088,False,0.029864095891194646,0.3333333333333333,0.8,0.03583234495426486,0.045533072187297324,0.029306562674450365,-0.003228391862596755,-0.03253495453704712,0.029306562674450365,C,M,M,0.0,False
B_aa_only_s231301,B,aa_only,231301,development,13,135,1jke,D,0.0020602098697521656,0.002035985518873607,M,0.12982456140350876,False,0.006676130333776398,0.0,0.2,0.03157654558417542,0.04538953480431547,0.0824561403508772,False,0.013050870028143799,0.0,0.2,0.03295341992866871,0.0450066114589254,0.15789473684210528,False,0.009863500180960098,0.0,0.2,0.03215436740993461,0.045059290965729165,0.013050870028143799,-0.02025602036705426,-0.03330689039519806,0.013050870028143799,M,N,N,0.0,False
B_aa_only_s231301,B,aa_only,231301,development,13,142,1jke,L,0.0038487738999835493,0.00342957161326804,C,-0.26666666666666666,False,0.0038423228904317097,0.3333333333333333,0.4,0.047655440387283345,0.06203848724770414,-0.15438596491228068,False,0.004543739229163249,0.6666666666666666,0.4,0.04563220700830125,0.05952727053702065,-0.22982456140350876,False,0.004193031059797479,0.3333333333333333,0.4,0.0466438236977923,0.06076639408746274,0.004543739229163249,-0.008112263304311265,-0.012656002533474514,0.004543739229163249,C,F,F,0.0,True
B_aa_only_s231301,B,aa_only,231301,development,13,19,1jke,T,0.0048277183876000085,0.0032249832422575142,I,0.22456140350877193,False,0.06961461511349025,0.0,0.0,0.05326624436496387,0.06948178457408825,0.18771929824561404,False,0.07258282877017672,0.0,0.0,0.05445073419363906,0.07101692137705118,0.2070175438596491,False,0.07109872194183348,0.0,0.0,0.05385848927930146,0.07022495929208931,0.07258282877017672,-0.030807075961742175,-0.10338990473191889,0.07258282877017672,I,D,D,0.0,False
B_aa_only_s231301,B,aa_only,231301,development,14,21,3qr7,A,0.08835760545611848,0.08664195652487673,C,-0.15263157894736842,False,0.8281005868735476,0.0,0.0,0.244576696371001,0.2972500722558676,-0.16666666666666666,False,0.9238046052906816,0.0,0.0,0.2830982593654435,0.35378685249090885,-0.1280701754385965,False,0.796000355317952,0.0,0.0,0.2565368501527646,0.3126326493756235,0.7191560747674082,0.24198322259004623,-0.47717285217736194,0.9238046052906816,C,K,N,0.20464853052327348,False
B_aa_only_s231301,B,aa_only,231301,development,14,105,3qr7,D,0.10585354225894157,0.052951074780378596,M,-0.19473684210526312,False,0.3693444743453278,0.0,0.2,0.2472396626226121,0.32535141348846414,-0.2719298245614035,False,0.4618350708205434,0.0,0.2,0.2317106398172464,0.29568377264703943,-0.24035087719298245,False,0.4119890460941231,0.0,0.2,0.21856128653032722,0.30243478834536847,0.3175131568828986,0.17917273540145429,-0.13834042148144432,0.4618350708205434,M,P,N,0.14432191393764482,False
B_aa_only_s231301,B,aa_only,231301,development,14,22,3qr7,L,0.07262622651776744,0.060384106469556394,C,0.2824561403508772,False,0.49207116858567,0.0,0.2,0.21834997648227647,0.26949253518004435,0.3701754385964912,False,0.49849917966056667,0.3333333333333333,0.4,0.2846963604216307,0.39242746544155566,0.356140350877193,False,0.49528517412311834,0.3333333333333333,0.4,0.23966037496948742,0.31975654688023303,0.49849917966056667,0.26471734177503237,-0.2337818378855343,0.49849917966056667,C,N,N,0.0,False
B_aa_only_s231301,B,aa_only,231301,development,14,29,3qr7,T,0.06683018027158245,0.06669584200871928,I,-0.02280701754385965,False,0.6066076058080099,0.3333333333333333,0.2,0.19867333993943803,0.25851533856153,0.03508771929824562,False,0.19637540399805475,0.3333333333333333,0.4,0.19099953045853046,0.2266649584408409,0.0543859649122807,False,0.4014915049030323,0.3333333333333333,0.4,0.19019949355592103,0.23299920278469285,0.19637540399805475,-0.2687728398676641,-0.46514824386571885,0.19637540399805475,I,D,D,0.0,False
B_aa_only_s231301,B,aa_only,231301,development,15,59,1lj9,A,0.008665203200337085,0.005183169219125841,C,-0.45614035087719296,False,0.11094469102372664,0.0,0.2,0.08290242030722729,0.09308707321823523,-0.4929824561403509,False,0.1923600872234022,0.0,0.2,0.10460071732049958,0.1189169069759709,-0.4859649122807017,False,0.15165238912356444,0.0,0.2,0.09375156881386344,0.10565548399802349,0.1923600872234022,0.030638580539901566,-0.16172150668350063,0.1923600872234022,C,F,F,0.0,True
B_aa_only_s231301,B,aa_only,231301,development,15,124,1lj9,D,0.002241215230051154,0.0012763275466648467,M,0.3017543859649123,False,0.009777096049130574,0.3333333333333333,0.4,0.04050195241468831,0.0473414747346463,-0.30526315789473685,False,0.08209674566615655,0.0,0.2,0.04298091240751906,0.05387954939426346,-0.11929824561403508,False,0.038413972855591144,0.0,0.2,0.03847103401200778,0.047324495029031875,0.05456404264258838,0.015089412223420806,-0.03947463041916757,0.08209674566615655,M,I,E,0.027532703023568167,True
B_aa_only_s231301,B,aa_only,231301,development,15,111,1lj9,L,0.005716601820086964,0.003906474263460908,C,-0.3719298245614035,False,0.01540044288607273,0.3333333333333333,0.2,0.061178646869392915,0.07560821264973114,-0.32280701754385965,False,0.04015134987384353,0.0,0.2,0.07356355498547187,0.09478109073306869,-0.29298245614035084,False,0.02777589637995813,0.3333333333333333,0.2,0.06365709249276327,0.08243275592835304,0.04015134987384353,-0.048997337752829884,-0.08914868762667341,0.04015134987384353,C,N,N,0.0,False
B_aa_only_s231301,B,aa_only,231301,development,15,0,1lj9,T,0.002067291978368361,0.0020652725512314714,I,0.46140350877192987,False,0.010570278722975418,0.6666666666666666,0.6,0.033874973304628936,0.045467482648243907,0.46140350877192987,False,0.05826751847434128,0.0,0.2,0.038938242803529165,0.05006572615025224,0.4719298245614035,False,0.03441889859865835,0.3333333333333333,0.2,0.034316959292391334,0.04572710686529187,0.05826751847434128,-2.4151530724880743e-05,-0.05829167000506616,0.05826751847434128,I,W,W,0.0,True
B_aa_only_s231301,B,aa_only,231301,train,16,16,4zzf,A,0.07508880709833335,0.06724502514980879,C,0.29473684210526313,False,0.7425628816468753,0.3333333333333333,0.4,0.20341516028510473,0.27402336962079227,0.31052631578947365,False,0.6492608032029583,0.3333333333333333,0.6,0.24207997869655754,0.3066393693931901,0.29473684210526313,False,0.6959118424249168,0.3333333333333333,0.2,0.21459624799708854,0.2833897127170779,0.6492608032029583,0.13476375642867744,-0.5144970467742809,0.6492608032029583,C,P,P,0.0,False
B_aa_only_s231301,B,aa_only,231301,train,16,35,4zzf,D,0.012326312640680756,0.012005686224559877,M,-0.5666666666666667,False,0.237130045250579,0.3333333333333333,0.2,0.0934493887897359,0.11102392823477629,-0.519298245614035,False,0.3560200332433292,0.3333333333333333,0.2,0.1362909622831657,0.17403842460519456,-0.5614035087719299,False,0.2965750392469541,0.3333333333333333,0.2,0.11234484753835865,0.13806265857013394,0.3560200332433292,0.22243558978054956,-0.13358444346277965,0.3560200332433292,M,W,W,0.0,False
B_aa_only_s231301,B,aa_only,231301,train,16,24,4zzf,L,0.15100768647120943,0.04560998278621485,C,0.2912280701754386,False,0.6862819937672291,0.3333333333333333,0.4,0.3381891603586461,0.38859707470747823,0.3666666666666667,False,0.6790060813170753,0.3333333333333333,0.4,0.3899430264247495,0.44922520054620807,0.3385964912280702,False,0.6502993762329432,0.3333333333333333,0.4,0.36046244730968424,0.4175520149674269,0.5980697490102772,0.6664178008356855,0.06834805182540826,0.6790060813170753,C,F,D,0.08093633230679809,False
B_aa_only_s231301,B,aa_only,231301,train,16,105,4zzf,T,0.022035315353642983,0.016686409013251514,I,0.2,False,0.040969129427461004,0.6666666666666666,0.4,0.1256194366883922,0.1484429700377993,0.4666666666666667,False,0.0640719190976956,0.6666666666666666,0.4,0.10496320388407898,0.12521416389756723,0.27543859649122804,False,0.052520524262578305,0.6666666666666666,0.4,0.10770907989248044,0.1318286552594239,0.0640719190976956,-0.1927753140421561,-0.2568472331398517,0.0640719190976956,I,V,V,0.0,False
B_aa_only_s231301,B,aa_only,231301,train,17,0,1msc,A,0.030743369930732633,0.028839828574003853,C,-0.13508771929824562,False,0.058561188371279105,0.0,0.2,0.10306013311953606,0.17533787363468462,-0.005263157894736842,False,0.06097649757471668,0.0,0.2,0.10764006286266566,0.1725874980548167,-0.06842105263157894,False,0.05976884297299789,0.0,0.2,0.10535009799110086,0.17331576071494748,0.06097649757471668,-0.004278714251830795,-0.06525521182654748,0.06097649757471668,C,W,W,0.0,False
B_aa_only_s231301,B,aa_only,231301,train,17,113,1msc,D,0.15859377785060302,0.08530905918990583,M,0.056140350877192984,False,0.27780964483830917,0.0,0.2,0.2837099332853686,0.3982383430191059,0.07192982456140351,False,0.31559600411235533,0.0,0.2,0.24379825701506116,0.35303070735039216,0.05964912280701754,False,0.29670282447533225,0.0,0.2,0.2611500702078979,0.37458414913807797,0.31559600411235533,0.223870384361732,-0.09172561975062332,0.31559600411235533,M,T,T,0.0,False
B_aa_only_s231301,B,aa_only,231301,train,17,111,1msc,L,0.9275600988850394,0.03487463821727377,C,0.6140350877192983,False,0.7053116536435473,0.6666666666666666,0.4,0.9448203324800781,0.9630992154939383,0.5789473684210525,False,0.5897099865081934,0.6666666666666666,0.6,0.8163490322418047,0.8345634277011839,0.5964912280701754,False,0.6475108200758704,0.6666666666666666,0.6,0.8805846823609413,0.8986301733490195,0.5897099865081934,0.7618374022673324,0.17212741575913904,0.5897099865081934,C,F,F,0.0,False
B_aa_only_s231301,B,aa_only,231301,train,17,44,1msc,T,0.5385946782392343,0.37855932721774505,I,0.6385964912280702,False,0.21169787406157226,0.3333333333333333,0.6,0.40490020497848045,0.7338900995648016,0.6526315789473683,False,0.25572914231378885,0.0,0.6,0.3239200717397313,0.542936540635604,0.6456140350877193,False,0.23371350818768055,0.0,0.6,0.35771016151476137,0.6353065476292185,0.25572914231378885,0.05510799978104197,-0.20062114253274688,0.25572914231378885,I,S,S,0.0,False
B_aa_only_s231301,B,aa_only,231301,train,18,61,2vzw,A,0.0030917198770488916,0.002074013487398691,C,0.3315789473684211,True,0.0,0.3333333333333333,0.2,0.049484150751794326,0.055603236210214346,0.3596491228070175,True,0.0,0.6666666666666666,0.4,0.04569991195844545,0.05247524185904912,0.37543859649122807,True,0.0,0.6666666666666666,0.4,0.04753386018918559,0.05394285638175171,0.0,-0.01324610698237036,-0.01324610698237036,0.0,C,C,C,0.0,True
B_aa_only_s231301,B,aa_only,231301,train,18,18,2vzw,D,0.002841155994221209,0.002063531098443017,M,0.08771929824561404,False,0.007692050177975196,0.3333333333333333,0.4,0.044875738313286145,0.053302495196953105,0.3403508771929824,False,0.00020491796557819963,0.6666666666666666,0.6,0.04329402657577554,0.05127583781536072,0.2982456140350877,False,0.003948484071776698,0.3333333333333333,0.6,0.04408488244453085,0.05226684333834147,0.00020491796557819963,0.0008341400089672824,0.0006292220433890827,0.00020491796557819963,M,W,W,0.0,True
B_aa_only_s231301,B,aa_only,231301,train,18,143,2vzw,L,0.0042066828375513675,0.0035503227358573315,C,-0.4964912280701754,False,0.06097944432621208,0.0,0.0,0.04943219222703134,0.06485894570181794,-0.09298245614035087,False,0.036576962578966726,0.0,0.0,0.04750996042782255,0.061465706994980204,-0.2543859649122807,False,0.0487782034525894,0.0,0.0,0.04843345711110165,0.06310477970509679,0.036576962578966726,-0.0030293534870933503,-0.03960631606606008,0.036576962578966726,C,P,P,0.0,True
B_aa_only_s231301,B,aa_only,231301,train,18,5,2vzw,T,0.0018289191285705126,0.0016729506598126373,I,0.41052631578947374,False,0.010724872592305423,0.0,0.4,0.031211828731359834,0.042765864057335644,0.3701754385964912,False,0.010497755537751896,0.0,0.2,0.03212364105287444,0.043500547135674646,0.38245614035087716,False,0.009099445972748338,0.0,0.2,0.03166773489211714,0.04305311321087188,0.0074740193531912524,-0.01389358557226053,-0.021367604925451783,0.010497755537751896,I,F,C,0.0030237361845606436,True
B_aa_only_s231301,B,aa_only,231301,train,19,37,6kys,A,0.0026379632849638213,0.0021647258608570945,C,0.2210526315789474,False,0.04787315597060235,0.3333333333333333,0.6,0.044102534617062955,0.051361106734218856,0.22982456140350876,False,0.05697098929553396,0.6666666666666666,0.4,0.04397507890390124,0.0512269567457973,0.26842105263157895,False,0.052422072633068154,0.6666666666666666,0.6,0.0440388067604821,0.051253733340913966,0.05697098929553396,0.025767014214466172,-0.031203975081067786,0.05697098929553396,C,P,P,0.0,False
B_aa_only_s231301,B,aa_only,231301,train,19,110,6kys,D,0.002306052995079939,0.0021094092094400174,M,0.08771929824561404,False,0.026608751529875324,0.3333333333333333,0.4,0.038599930546909446,0.048021380603642985,0.11754385964912278,False,0.022592059030833667,0.3333333333333333,0.2,0.03586772750337028,0.04639574891232613,0.13333333333333333,False,0.024600405280354495,0.3333333333333333,0.4,0.037233829025139865,0.04708865877330278,0.022592059030833667,-0.02521632893253592,-0.047808387963369586,0.022592059030833667,M,Q,Q,0.0,False
B_aa_only_s231301,B,aa_only,231301,train,19,75,6kys,L,0.0023348586339094436,0.002314907201538641,C,0.48947368421052634,False,0.028013822814130646,0.3333333333333333,0.4,0.04184606372470208,0.048320374935522215,0.5719298245614035,False,0.017594777921879495,0.3333333333333333,0.6,0.04561674968809631,0.05124999770808899,0.5526315789473685,False,0.021615885602328952,0.3333333333333333,0.6,0.04373140670639919,0.04897826735359725,0.015217948390527258,0.008168138830641242,-0.007049809559886017,0.017594777921879495,C,T,F,0.002376829531352237,False
B_aa_only_s231301,B,aa_only,231301,train,19,50,6kys,T,0.002301875852227541,0.002301783615871121,I,0.24035087719298245,False,0.0029099843302021755,0.3333333333333333,0.4,0.037701368059147145,0.04797786835852069,0.16666666666666666,False,0.004478518222466421,0.0,0.4,0.03884471147830848,0.04791121938847752,0.2596491228070175,False,0.0035822428317747873,0.3333333333333333,0.6,0.038273039768727805,0.047908932980560114,0.004254501333347399,0.006417987685867654,0.0021634863525202552,0.004478518222466421,I,K,G,0.00022401688911902196,False
B_aa_only_s231301,B,aa_only,231301,train,20,65,1ji5,A,0.0031850924241307644,0.0022922065578710356,C,0.27543859649122804,False,0.000606704485950002,0.0,0.6,0.04932882424083057,0.056436623075187306,0.02631578947368421,False,0.0009742191867297689,0.0,0.2,0.05030744023285403,0.057318045970004644,0.1719298245614035,False,0.0006422505607598036,0.0,0.4,0.0498181322368423,0.05687295499972332,0.0006777966355696052,-0.0008681448044797896,-0.0015459414400493948,0.0009742191867297689,C,M,S,0.0002964225511601637,True
B_aa_only_s231301,B,aa_only,231301,train,20,11,1ji5,D,0.004036746743800249,0.0027010433115046877,M,-0.1736842105263158,False,0.05834590510691892,0.0,0.0,0.052665847378030047,0.06353539756545361,-0.1701754385964912,False,0.057735153158062255,0.0,0.0,0.05206395291639035,0.06303735360477002,-0.16842105263157894,False,0.05780293112669263,0.0,0.0,0.0523649001472102,0.06327776474973522,0.05670431160795318,0.05620954954573554,-0.0004947620622176435,0.057735153158062255,M,K,W,0.001030841550109074,True
B_aa_only_s231301,B,aa_only,231301,train,20,34,1ji5,L,0.0033413168766563335,0.002801601628851336,C,-0.19122807017543858,False,0.010831686732557584,0.3333333333333333,0.2,0.045213299521773956,0.05780412508339118,-0.06491228070175438,False,0.009689177234337758,0.3333333333333333,0.2,0.04486640448777712,0.057457059922616384,-0.1280701754385965,False,0.010260431983447671,0.3333333333333333,0.2,0.04503985200477554,0.05762115085560264,0.009689177234337758,-0.0002786731218856614,-0.00996785035622342,0.009689177234337758,C,W,W,0.0,True
B_aa_only_s231301,B,aa_only,231301,train,20,47,1ji5,T,0.0022822775300766576,0.002218395980715508,I,-0.04736842105263158,False,0.0029297388764713897,0.0,0.2,0.035142835745306654,0.04777318840182909,-0.06842105263157894,False,0.002071307552252419,0.0,0.2,0.03474730163412919,0.04781813217191645,-0.0824561403508772,False,0.002376763721400197,0.0,0.2,0.034945068689717924,0.04779237312130982,0.0018237885663290043,0.0005688211424853817,-0.0012549674238436226,0.002071307552252419,I,H,D,0.0002475189859234145,True
B_aa_only_s231301,B,aa_only,231301,train,21,8,6qyy,A,0.007553138571385309,0.007304307470874044,C,-0.47719298245614034,False,0.18139128019856748,0.0,0.2,0.06342509092400962,0.08690879455719834,-0.4912280701754386,False,0.18554697193764436,0.0,0.2,0.06875499797567075,0.0930483689579237,-0.45789473684210524,False,0.18346912606810592,0.0,0.2,0.06523610315060847,0.08940004284623604,0.18554697193764436,0.043430820559386574,-0.14211615137825778,0.18554697193764436,C,F,F,0.0,False
B_aa_only_s231301,B,aa_only,231301,train,21,24,6qyy,D,0.003618170221090783,0.0023651163282294697,M,-0.5736842105263157,False,0.03000125548023508,0.0,0.0,0.05004361741961022,0.06015122792670805,-0.39824561403508774,False,0.03224814522076075,0.0,0.0,0.05088553226056108,0.06106401436661649,-0.4736842105263158,False,0.031124700350497914,0.0,0.0,0.05037414062486212,0.06054452345532353,0.03224814522076075,0.0346083760417249,0.0023602308209641487,0.03224814522076075,M,T,T,0.0,False
B_aa_only_s231301,B,aa_only,231301,train,21,18,6qyy,L,0.004622718767134497,0.003011981114007378,C,0.16842105263157894,False,0.12786345361326318,0.0,0.2,0.05914508140213777,0.06799057851742767,0.1701754385964912,False,0.13369143447811427,0.0,0.2,0.06730172961595154,0.07819451533025612,0.1701754385964912,False,0.13077744404568872,0.0,0.2,0.06286085103324415,0.07285974128599453,0.13369143447811427,0.03130722983878592,-0.10238420463932835,0.13369143447811427,C,K,K,0.0,True
B_aa_only_s231301,B,aa_only,231301,train,21,5,6qyy,T,0.0029686211922520084,0.002913069611543627,I,-0.07368421052631578,False,0.039069468658077866,0.0,0.0,0.04322892222384103,0.05448505476047545,-0.09824561403508772,False,0.04984959712516479,0.0,0.2,0.04212861144565665,0.05755656200724081,-0.08070175438596491,False,0.04278316845543187,0.0,0.2,0.04254583141540705,0.05577861334084282,0.042188200932409214,0.019366155111168404,-0.02282204582124081,0.04984959712516479,I,E,Q,0.007661396192755576,False
B_aa_only_s231301,B,aa_only,231301,train,22,140,3nbc,A,0.0033125499934394944,0.0024071067296642613,C,-0.1649122807017544,False,0.0006237747801644822,0.3333333333333333,0.2,0.049079803776854315,0.05755475647971672,-0.056140350877192984,True,0.0,0.3333333333333333,0.2,0.04916907991210521,0.05713043505033985,-0.12280701754385966,True,0.0,0.3333333333333333,0.2,0.04912444184447976,0.05731842068927205,-0.0023925207204253396,-0.00979237071953476,-0.00739984999910942,0.0,C,C,Y,0.0023925207204253396,True
B_aa_only_s231301,B,aa_only,231301,train,22,119,3nbc,D,0.002358137581773153,0.002041752819856536,M,0.19122807017543858,False,0.0020862368317879354,0.3333333333333333,0.2,0.03894758004613321,0.04856065878644104,0.19824561403508772,False,0.004012284978508279,0.3333333333333333,0.4,0.04065984244692906,0.049843273869862315,0.20175438596491227,False,0.0030492609051481073,0.3333333333333333,0.2,0.03980371124653114,0.04917166371343899,0.004012284978508279,-0.001025347997812981,-0.00503763297632126,0.004012284978508279,M,C,C,0.0,True
B_aa_only_s231301,B,aa_only,231301,train,22,77,3nbc,L,0.0028342864154987275,0.002446867560395886,C,0.7385964912280703,False,0.0030503594931246825,0.0,0.6,0.04213257111159805,0.05323801663753758,0.6947368421052632,False,0.00503873130942975,0.0,0.6,0.04232315656189635,0.0533147963151065,0.7929824561403509,False,0.004044545401277216,0.0,0.6,0.042227863836747204,0.05326416272209773,0.00503873130942975,0.004387660756810879,-0.0006510705526188709,0.00503873130942975,C,M,M,0.0,True
B_aa_only_s231301,B,aa_only,231301,train,22,5,3nbc,T,0.003047581243545297,0.0029785191429280537,I,-0.056140350877192984,False,0.07103290905176574,0.3333333333333333,0.2,0.04702493941426403,0.055204902350654485,-0.16315789473684209,False,0.06435869694607088,0.0,0.2,0.046372751370782866,0.05483688323986958,-0.056140350877192984,False,0.06769580299891831,0.3333333333333333,0.2,0.046698845392523454,0.054949320452827397,0.06435869694607088,0.034604298330957545,-0.029754398615113337,0.06435869694607088,I,L,L,0.0,True
B_aa_only_s231301,B,aa_only,231301,train,23,2,3i07,A,0.008521150457791593,0.0034690787338098605,C,0.3596491228070175,False,0.003527318754804165,0.6666666666666666,0.6,0.0761839359631391,0.09231007776939414,0.2,False,0.04883104087640691,0.3333333333333333,0.4,0.0654516321582915,0.09286186102346601,0.2789473684210526,False,0.026179179815605524,0.3333333333333333,0.6,0.06890589982078413,0.08979032006267451,0.04883104087640691,-0.14040564006970485,-0.18923668094611176,0.04883104087640691,C,G,G,0.0,False
B_aa_only_s231301,B,aa_only,231301,train,23,137,3i07,D,0.0031833713759645502,0.002135224148264345,M,0.08596491228070174,False,0.027851930301261596,0.3333333333333333,0.4,0.0515594713944519,0.05642137339665307,0.01754385964912281,False,0.050255812689373236,0.3333333333333333,0.4,0.05892298420396559,0.06543637289121387,0.05263157894736842,False,0.039053871495317416,0.3333333333333333,0.4,0.05524122779920874,0.06073267142203032,0.050255812689373236,0.018423280007640763,-0.03183253268173247,0.050255812689373236,M,W,W,0.0,False
B_aa_only_s231301,B,aa_only,231301,train,23,69,3i07,L,0.0030092182230966632,0.0026353573133825474,C,0.4859649122807017,False,0.06005462113116289,0.3333333333333333,0.4,0.04879451965256697,0.05485634168532079,0.2631578947368421,False,0.02725490633705674,0.3333333333333333,0.4,0.04802668450227427,0.0572903635866704,0.419298245614035,False,0.043654763734109814,0.3333333333333333,0.4,0.047875027012641805,0.05504912317437458,0.02725490633705674,-0.000992796112929184,-0.028247702449985923,0.02725490633705674,C,M,M,0.0,False
B_aa_only_s231301,B,aa_only,231301,train,23,120,3i07,T,0.007514966191618069,0.0055807164356235645,I,-0.26842105263157895,False,0.024558136033982658,0.3333333333333333,0.2,0.06506577494496239,0.08668890466269642,-0.25789473684210523,False,0.04389288501773814,0.3333333333333333,0.2,0.05170868042456195,0.06743616580539903,-0.28947368421052627,False,0.0342255105258604,0.3333333333333333,0.2,0.05747406793048933,0.07496176231912188,0.04389288501773814,-0.001542724114615257,-0.045435609132353394,0.04389288501773814,I,M,M,0.0,False
B_aa_only_s231301,B,aa_only,231301,train,24,85,1aa0,A,0.42317802365468826,0.3765891781915541,C,0.6087719298245614,False,1.3324621916520094,0.6666666666666666,0.6,0.48320482018508626,0.6505213475779932,0.6385964912280702,False,1.4363178881945,0.6666666666666666,0.8,0.621560716912243,0.9843850192705124,0.6666666666666666,False,1.268750542623697,0.6666666666666666,0.8,0.521952320533859,0.7873845901680643,1.2050388935953844,-1.0293288575137574,-2.2343677511091418,1.4363178881945,C,V,P,0.2312789945991156,False
B_aa_only_s231301,B,aa_only,231301,train,24,78,1aa0,D,0.2841689632700179,0.13314416048951608,M,0.4508771929824561,False,0.1476475704417659,0.0,0.4,0.4014984616125064,0.5330750071706776,0.3736842105263158,True,0.0,0.3333333333333333,0.2,0.1826122590073793,0.30744589086169016,0.4140350877192982,True,0.0,0.3333333333333333,0.2,0.25988087875205457,0.4003363519265032,-0.1479298180465225,-0.23759353750662093,-0.08966371946009843,0.0,M,M,Q,0.1479298180465225,False
B_aa_only_s231301,B,aa_only,231301,train,24,75,1aa0,L,1.3386346837250571,1.1410045789188485,C,-0.16140350877192983,False,0.7958741887860885,0.0,0.2,0.5715640023035182,1.1569938131749267,0.042105263157894736,False,0.6476319408414568,0.0,0.2,0.37385182746340845,0.8509566683987415,-0.05087719298245614,False,0.7217530648137727,0.0,0.2,0.45364407807710083,0.9947565673334721,0.6476319408414568,-0.07867316582783346,-0.7263051066692903,0.6476319408414568,C,R,R,0.0,False
B_aa_only_s231301,B,aa_only,231301,train,24,30,1aa0,T,0.1013747902637109,0.07751193764999909,I,-0.4350877192982456,False,0.23359404040608744,0.0,0.0,0.21061937424064503,0.3183940801329555,-0.5385964912280702,False,0.5692450557687838,0.0,0.2,0.19710765125754592,0.25725911310628885,-0.5596491228070175,False,0.40141954808743563,0.0,0.0,0.1832990637893481,0.2657408596737361,0.5692450557687838,0.04930623267316392,-0.5199388230956199,0.5692450557687838,I,P,P,0.0,False
B_aa_only_s231301,B,aa_only,231301,train,25,61,6o2k,A,0.053275319323097835,0.04477576479592022,C,-0.1701754385964912,False,0.11154412997346652,0.0,0.2,0.1983930229935229,0.23081446948382123,-0.0894736842105263,False,0.0798065050819724,0.3333333333333333,0.2,0.19003720642841118,0.226144845006297,-0.0912280701754386,False,0.09567531752771946,0.3333333333333333,0.2,0.19233494102737483,0.22719390880665694,0.0798065050819724,-0.0937488733982963,-0.1735553784802687,0.0798065050819724,C,R,R,0.0,False
B_aa_only_s231301,B,aa_only,231301,train,25,51,6o2k,D,0.134900301427183,0.033638896994257914,M,0.1824561403508772,False,0.2817328620411417,0.0,0.2,0.3276854029515402,0.3672877637863573,0.24736842105263157,False,0.2995084756174471,0.0,0.4,0.3030916970642573,0.33192028940351104,0.26491228070175443,False,0.2906206688292944,0.0,0.4,0.314846493074497,0.3489599731638602,0.2995084756174471,0.19727790565787762,-0.10223056995956947,0.2995084756174471,M,W,W,0.0,False
B_aa_only_s231301,B,aa_only,231301,train,25,63,6o2k,L,0.050171624087414025,0.04994718541452052,C,-0.6456140350877193,False,0.30128444098789875,0.0,0.0,0.17470009837130432,0.2239902321250059,-0.6280701754385966,False,0.31041999122276165,0.0,0.0,0.18395185023353394,0.22690439395584164,-0.6333333333333333,False,0.3058522161053302,0.0,0.0,0.17932597430241914,0.22468282206818582,0.31041999122276165,0.06634790240069643,-0.24407208882206521,0.31041999122276165,C,S,S,0.0,False
B_aa_only_s231301,B,aa_only,231301,train,25,97,6o2k,T,0.008636088176446163,0.00863419746299113,I,0.1280701754385965,False,0.06589530789423692,0.0,0.4,0.06792154295622328,0.09293055566629398,0.10526315789473684,False,0.0622476278027182,0.3333333333333333,0.4,0.06913950615253994,0.09178966258900177,0.1719298245614035,False,0.05772737160917324,0.3333333333333333,0.4,0.06785088279487743,0.0910794564267502,0.03990822298652752,-0.067016656515279,-0.10692487950180651,0.0622476278027182,I,M,N,0.022339404816190678,False
B_aa_only_s231301,B,aa_only,231301,train,26,6,3fhk,A,0.008979207045497322,0.008892603512273792,C,-0.40175438596491225,False,0.05769344707345031,0.0,0.0,0.07668873337610246,0.09475867794295846,-0.40175438596491225,False,0.05622797504409663,0.0,0.0,0.07769257207958409,0.09390731640912181,-0.3877192982456141,False,0.05696071105877347,0.0,0.0,0.0771906527278433,0.09429648042468647,0.05622797504409663,0.03061852322825731,-0.025609451815839318,0.05622797504409663,C,W,W,0.0,False
B_aa_only_s231301,B,aa_only,231301,train,26,143,3fhk,D,0.002416282809242861,0.0020101880439600795,M,0.22982456140350876,False,0.013454094535713473,0.0,0.4,0.038580790747356306,0.04915569966181807,0.30877192982456136,False,0.012161061862152184,0.0,0.2,0.03652995001408894,0.04738926966199489,0.22982456140350876,False,0.01254213238432661,0.0,0.2,0.037555370380722625,0.04823136355067049,0.009706004435620919,-0.0019025860065757794,-0.011608590442196698,0.012161061862152184,M,Q,K,0.0024550574265312652,False
B_aa_only_s231301,B,aa_only,231301,train,26,14,3fhk,L,0.009860392258504533,0.009852817958105947,C,-0.05087719298245614,False,0.05715631051749803,0.0,0.2,0.06848552011257833,0.09929950784623523,-0.05964912280701754,False,0.08222000478202307,0.0,0.0,0.07137956804752314,0.10074343455736927,-0.08596491228070174,False,0.06733707231239826,0.0,0.2,0.06984145029019581,0.09987001438285163,0.07751783410729848,0.026833538089004377,-0.050684296018294106,0.08222000478202307,C,Q,A,0.004702170674724587,False
B_aa_only_s231301,B,aa_only,231301,train,26,23,3fhk,T,0.0019374779631698472,0.0018738038542151913,I,0.22280701754385965,False,0.049467437858361274,0.0,0.2,0.03960313601334594,0.04401679183186625,0.25789473684210523,False,0.059331770646042864,0.0,0.2,0.040844279096257805,0.04452889568807832,0.2508771929824561,False,0.05439960425220207,0.0,0.2,0.040197882507381905,0.04409441338461415,0.059331770646042864,0.009085224428310334,-0.05024654621773253,0.059331770646042864,I,W,W,0.0,False
B_aa_only_s231301,B,aa_only,231301,development,27,68,1xko,A,0.0025201166544645778,0.0022475886775827998,C,0.2596491228070175,False,0.008431773831542033,0.3333333333333333,0.4,0.04090983742543649,0.050200763484877176,0.30877192982456136,False,0.01932247308772124,0.0,0.6,0.03826255394804844,0.049451543906189735,0.2456140350877193,False,0.013877123459631636,0.3333333333333333,0.4,0.03942088135603337,0.04915026138946211,0.01932247308772124,0.008487066118677583,-0.010835406969043657,0.01932247308772124,C,S,S,0.0,False
B_aa_only_s231301,B,aa_only,231301,development,27,149,1xko,D,0.003064403871653187,0.0013026160773679273,M,0.07543859649122807,False,0.02781473596352302,0.0,0.2,0.045941334334461195,0.055357058011180356,0.042105263157894736,False,0.04968142346360427,0.0,0.2,0.05489518057600049,0.0661175824334576,0.06315789473684211,False,0.03871231697808801,0.0,0.2,0.05033603426830325,0.060626038468721694,0.049609897992653,0.04401681414043415,-0.00559308385221885,0.04968142346360427,M,H,N,7.152547095126693e-05,True
B_aa_only_s231301,B,aa_only,231301,development,27,87,1xko,L,0.003098581860457282,0.002576455923893971,C,0.34912280701754383,False,0.010748752918889687,0.3333333333333333,0.4,0.04336550199500483,0.05566490690243973,-0.10175438596491228,False,0.0044192173203653345,0.3333333333333333,0.2,0.04453868758914817,0.05652810513321211,0.2771929824561403,False,0.006679425726041285,0.3333333333333333,0.4,0.04395209479207649,0.0560529432928673,0.002610098533192884,0.000989708916070503,-0.0016203896171223808,0.0044192173203653345,C,W,H,0.0018091187871724507,True
B_aa_only_s231301,B,aa_only,231301,development,27,47,1xko,T,0.005016813957495673,0.004905700264804379,I,0.028070175438596492,False,0.008467149247488093,0.6666666666666666,0.4,0.04870116460802846,0.07082947096721585,-0.021052631578947368,False,0.0059375319838713275,0.6666666666666666,0.4,0.05482163629620743,0.07788408868071824,-0.056140350877192984,False,0.00720234061567971,0.6666666666666666,0.4,0.05171725427851373,0.07417320297794279,0.0059375319838713275,-0.007754601439696543,-0.01369213342356787,0.0059375319838713275,I,V,V,0.0,True
B_aa_only_s231301,B,aa_only,231301,development,28,25,4lr3,A,0.2718106836616658,0.08438911850486144,C,-0.0912280701754386,False,0.8105212161571176,0.0,0.0,0.48533068004211277,0.5213546620695606,0.20877192982456141,False,0.8733631260452981,0.0,0.4,0.6583732042615845,0.7175425769057782,0.031578947368421054,False,0.8419421711012078,0.0,0.2,0.5683798170733255,0.617148765896276,0.8733631260452981,-0.13223660773078283,-1.005599733776081,0.8733631260452981,C,H,H,0.0,False
B_aa_only_s231301,B,aa_only,231301,development,28,120,4lr3,D,0.12942600440650015,0.11627553361490711,M,0.28771929824561404,False,0.8331935719507331,0.3333333333333333,0.4,0.3120693264955094,0.3597582582881179,0.3385964912280702,False,0.9568220863339199,0.3333333333333333,0.2,0.3101611028086308,0.38651454561975457,0.28070175438596495,False,0.8675396035210956,0.3333333333333333,0.2,0.3083920264786637,0.36717893716233746,0.7647620565930904,0.1302673474748186,-0.6344947091182718,0.9568220863339199,M,A,Y,0.19206002974082947,False
B_aa_only_s231301,B,aa_only,231301,development,28,10,4lr3,L,0.6853195315812319,0.1275365039951433,C,-0.1280701754385965,True,0.0,0.3333333333333333,0.2,0.7829076523218292,0.8278402814439703,0.03684210526315789,True,0.0,0.3333333333333333,0.2,0.7870394962903767,0.8423161309468,-0.07017543859649124,True,0.0,0.3333333333333333,0.2,0.784973574306103,0.8326882970496714,0.0,-1.3563054500049523,-1.3563054500049523,0.0,C,C,C,0.0,False
B_aa_only_s231301,B,aa_only,231301,development,28,3,4lr3,T,1.6459836342551828,1.2791735926368235,I,0.1105263157894737,False,1.8977977515978512,0.0,0.0,0.9359743940407036,1.2829589370884724,0.057894736842105256,False,1.222491063733727,0.0,0.0,0.7168841281413955,1.1104198445943314,0.14736842105263157,False,1.560144407665789,0.0,0.0,0.8253896121737399,1.187398844888725,1.222491063733727,0.4093834185335421,-0.8131076452001849,1.222491063733727,I,F,F,0.0,False
B_aa_only_s231301,B,aa_only,231301,train,29,44,3lzq,A,0.030500985763817424,0.0037643192200246503,C,0.2824561403508772,False,0.14680319356874122,0.3333333333333333,0.6,0.1635135056923212,0.17464531417652585,0.28421052631578947,False,0.1597365357718748,0.3333333333333333,0.6,0.1712940748721305,0.18206666102837027,0.27543859649122804,False,0.153269864670308,0.3333333333333333,0.6,0.16740379028222585,0.17828565856424972,0.1597365357718748,0.19824869837150522,0.03851216259963042,0.1597365357718748,C,V,V,0.0,False
B_aa_only_s231301,B,aa_only,231301,train,29,90,3lzq,D,0.01664216543616044,0.00477662008824622,M,0.4508771929824561,False,0.191331019928435,0.6666666666666666,0.6,0.1103624997853727,0.12900451711533376,0.39649122807017545,False,0.227033104467448,0.6666666666666666,0.6,0.1098943330465069,0.12959962682454712,0.4385964912280701,False,0.2091820621979415,0.6666666666666666,0.6,0.11012841641593982,0.12918744949947375,0.227033104467448,0.15761576649819664,-0.06941733796925137,0.227033104467448,M,C,C,0.0,False
B_aa_only_s231301,B,aa_only,231301,train,29,49,3lzq,L,0.023607893572449256,0.016159315477747394,C,-0.5087719298245614,False,0.08363866535447598,0.0,0.0,0.13676705602290404,0.1536486041994826,-0.5824561403508772,False,0.08998128458596188,0.0,0.0,0.15908644805424466,0.1788658448722412,-0.5175438596491229,False,0.08680997497021894,0.0,0.0,0.14792675203857436,0.1659266724570228,0.08998128458596188,-0.1367239607083151,-0.226705245294277,0.08998128458596188,C,A,A,0.0,False
B_aa_only_s231301,B,aa_only,231301,train,29,74,3lzq,T,0.005592359425834474,0.005257082157183127,I,-0.1,False,0.04806763877821171,0.0,0.0,0.05789560603461881,0.07478207957682424,-0.056140350877192984,False,0.08324468738174223,0.0,0.2,0.06335831478526614,0.08215908740121423,-0.0894736842105263,False,0.06565616307997697,0.0,0.0,0.060626960409942476,0.07830236806685613,0.08324468738174223,-0.01902110890689168,-0.10226579628863391,0.08324468738174223,I,W,W,0.0,False
B_aa_only_s231301,B,aa_only,231301,train,30,122,2zvy,A,0.008252282935753648,0.004384817741547189,C,-0.40175438596491225,False,0.08943393720574827,0.0,0.0,0.07412371584864172,0.09084207690136574,-0.38947368421052625,False,0.06283699678473148,0.0,0.0,0.06809123639249975,0.08127715737756447,-0.38947368421052625,False,0.07613546699523988,0.0,0.0,0.070947150711089,0.08597543617466111,0.06283699678473148,-0.006968840111361563,-0.06980583689609304,0.06283699678473148,C,Y,Y,0.0,False
B_aa_only_s231301,B,aa_only,231301,train,30,44,2zvy,D,0.0023937032741657084,0.0022918046891896903,M,0.09824561403508772,False,0.036906697837773006,0.0,0.2,0.0339523371226357,0.04892548695890219,-0.23333333333333334,False,0.0394431266197387,0.0,0.0,0.03724162615114696,0.04918956245401649,-0.07368421052631578,False,0.03621481748912364,0.0,0.2,0.035244695313534934,0.04875641900664526,0.035522937140474276,-0.005773673456906825,-0.0412966105973811,0.0394431266197387,M,K,Y,0.003920189479264424,False
B_aa_only_s231301,B,aa_only,231301,train,30,17,2zvy,L,0.10171844811091182,0.05078685702397826,C,0.5771929824561403,False,0.005793692003747353,0.3333333333333333,0.6,0.23927998194016625,0.31893329727532654,0.524561403508772,False,0.012895688289622675,0.3333333333333333,0.6,0.25916579105475884,0.34520112091740585,0.5526315789473685,False,0.009344690146685014,0.3333333333333333,0.6,0.24922288649746252,0.3319640417405943,0.012895688289622675,0.0061962518617665885,-0.006699436427856087,0.012895688289622675,C,P,P,0.0,False
B_aa_only_s231301,B,aa_only,231301,train,30,146,2zvy,T,0.0031778088348279553,0.002213670477538574,I,0.2421052631578947,False,0.05165773759484488,0.0,0.2,0.04314714073712371,0.05637205721656746,0.3736842105263158,False,0.0390776982600034,0.0,0.2,0.03342682289731475,0.04432411644464347,0.3368421052631579,False,0.04536771792742414,0.0,0.0,0.037482190842945864,0.04971353525945387,0.0390776982600034,-0.02077730157112173,-0.05985499983112513,0.0390776982600034,I,R,R,0.0,False
B_aa_only_s231301,B,aa_only,231301,train,31,39,4reu,A,0.0029640034676503423,0.002307005552111534,C,0.05087719298245614,False,0.003512134853350238,0.0,0.2,0.0467692096370263,0.05444266220208507,-0.02982456140350877,False,0.00509928712166112,0.0,0.2,0.04816303253617772,0.055704859337334045,0.09298245614035087,False,0.004257326908495777,0.0,0.2,0.04746612108660201,0.05506017878198588,0.005002518963641317,0.005233019278838763,0.00023050031519744607,0.00509928712166112,C,D,I,9.676815801980265e-05,True
B_aa_only_s231301,B,aa_only,231301,train,31,137,4reu,D,0.002260103320319288,0.001779621656011423,M,-0.1105263157894737,False,0.005323398474370772,0.0,0.0,0.039647611851900286,0.04754054396322457,-0.2070175438596491,False,0.009198259447858015,0.0,0.0,0.03956570712527853,0.047842761409159384,-0.1280701754385965,False,0.007233653960258081,0.0,0.0,0.03960665948858941,0.04768348113231953,0.007697365757864491,0.0033795795378060156,-0.0043177862200584755,0.009198259447858015,M,R,K,0.0015008936899935238,True
B_aa_only_s231301,B,aa_only,231301,train,31,149,4reu,L,0.0021314524160709405,0.002113695425394503,C,0.5,False,0.014080212667006917,0.0,0.2,0.03730306838082751,0.0461676555184573,0.5017543859649122,False,0.008933043472603132,0.0,0.2,0.038270836563831845,0.046963797368487145,0.512280701754386,False,0.011506628069805024,0.0,0.2,0.03776409344336412,0.046309439369190575,0.008933043472603132,-0.005524551813346115,-0.014457595285949247,0.008933043472603132,C,R,R,0.0,False
B_aa_only_s231301,B,aa_only,231301,train,31,62,4reu,T,0.00231319476447755,0.0022437864056997535,I,0.06842105263157894,False,0.0037102219555407573,0.3333333333333333,0.4,0.03561367959527298,0.04809568342873974,0.07543859649122807,False,0.0011977876343035182,0.6666666666666666,0.6,0.035541415370198025,0.04796884484041438,0.13684210526315788,False,0.0024540047949221377,0.3333333333333333,0.4,0.035577547482735505,0.04802952016170958,0.0011977876343035182,-0.0007128275969542491,-0.0019106152312577673,0.0011977876343035182,I,E,E,0.0,True
B_aa_only_s231301,B,aa_only,231301,train,32,114,6mvm,A,0.0032922226190585783,0.0023451251370826395,C,-0.12456140350877193,False,0.0014553886169867275,0.0,0.2,0.050257954255502196,0.057377893121467766,-0.06666666666666667,False,0.0033644165922291913,0.0,0.2,0.04959523232918574,0.05682102084473237,-0.11754385964912278,False,0.002396850962175989,0.0,0.2,0.04992659329234397,0.057095099523066836,0.0006718084865590251,0.00013074116881228032,-0.0005410673177467448,0.0033644165922291913,C,G,H,0.002692608105670166,True
B_aa_only_s231301,B,aa_only,231301,train,32,39,6mvm,D,0.0021009285521597686,0.0016084459348909104,M,0.431578947368421,False,0.01149014034175751,0.3333333333333333,0.4,0.036078881386892345,0.04583588716453264,0.4263157894736842,False,0.010302895537746475,0.3333333333333333,0.2,0.03633443042469415,0.04558783076891845,0.42105263157894735,False,0.010896517939751993,0.3333333333333333,0.2,0.03620665590579325,0.04570667899265415,0.010302895537746475,0.000310985766197959,-0.009991909771548516,0.010302895537746475,M,K,K,0.0,True
B_aa_only_s231301,B,aa_only,231301,train,32,29,6mvm,L,0.002683676898964202,0.002240925971098099,C,0.5350877192982456,False,0.018967441859756903,0.6666666666666666,0.6,0.04048838035364923,0.05180421699981771,0.5701754385964912,False,0.020726722723585417,0.6666666666666666,0.6,0.04004359069492683,0.05125066543698741,0.5526315789473685,False,0.019429568854734493,0.6666666666666666,0.6,0.040265985524288034,0.051523494284640606,0.019891695849712083,0.004038092998035744,-0.01585360285167634,0.020726722723585417,C,Y,F,0.0008350268738733339,True
B_aa_only_s231301,B,aa_only,231301,train,32,88,6mvm,T,0.002521265946464763,0.0024282238948659194,I,-0.5017543859649122,False,0.004779682739834153,0.0,0.2,0.03626290705996823,0.050212209137467385,-0.4666666666666667,False,0.007642415356206571,0.0,0.2,0.03627345465797872,0.050441416126671856,-0.4982456140350877,False,0.006211049048020362,0.0,0.2,0.036268180858973466,0.05032442374024027,0.007642415356206571,0.0025168136497300403,-0.0051256017064765305,0.007642415356206571,I,R,R,0.0,True
B_aa_only_s231301,B,aa_only,231301,train,33,154,7ebl,A,0.0940044010617082,0.058232785911041265,C,0.46491228070175433,False,0.3238883899385492,0.6666666666666666,0.6,0.2568543959289281,0.30660137159136813,-0.1456140350877193,False,1.0915577402077163,0.0,0.0,0.3991540857656006,0.45816587738093717,0.18947368421052632,False,0.3163483673417806,0.3333333333333333,0.4,0.23201037412911577,0.28778522247195965,-0.14901253433111883,0.32587969059258093,0.47489222492369976,1.0915577402077163,C,Q,P,1.2405702745388352,False
B_aa_only_s231301,B,aa_only,231301,train,33,104,7ebl,D,0.49182062376606994,0.4610341059431977,M,0.057894736842105256,False,0.5755651560195272,0.6666666666666666,0.6,0.5279514782922913,0.7012992398156938,-0.07543859649122807,False,1.1800866136352726,0.0,0.6,0.5170646237508828,0.6310034573656482,-0.008771929824561405,False,0.7668461320986708,0.3333333333333333,0.4,0.34568781771265644,0.5139483086004986,0.9581271081778144,0.8666571700201082,-0.09146993815770621,1.1800866136352726,M,G,F,0.22195950545745813,False
B_aa_only_s231301,B,aa_only,231301,train,33,30,7ebl,L,0.11174497867277074,0.10916083253481945,C,0.48947368421052634,False,0.7228724202818766,0.0,0.4,0.2610212427471407,0.33428278249525617,-0.1842105263157895,False,1.833221637841154,0.0,0.0,0.41606344006798757,0.5475661632355254,0.1456140350877193,False,1.180697497619812,0.0,0.2,0.24151540073295819,0.3435555749605202,1.6385225749577472,0.477329817258644,-1.1611927576991032,1.833221637841154,C,E,P,0.19469906288340688,False
B_aa_only_s231301,B,aa_only,231301,train,33,108,7ebl,T,0.12420842456060692,0.10995748085069298,I,0.27017543859649124,False,0.01581031275230238,0.3333333333333333,0.6,0.27616238483879624,0.3524321559685026,-0.028070175438596492,False,0.18338150768008,0.0,0.4,0.43911859613980897,0.5722561556758402,0.15438596491228068,True,0.0,0.3333333333333333,0.4,0.24505882095236578,0.3324442491705878,-0.14266708232504488,0.1635708806489209,0.30623796297396577,0.18338150768008,I,P,L,0.32604859000512487,False
B_aa_only_s231301,B,aa_only,231301,train,34,94,4wfq,A,0.003571851321297383,0.0023231889082641084,C,-0.19824561403508772,False,0.0030304702133054987,0.0,0.2,0.052617676688599534,0.05976496734122242,-0.07017543859649124,False,0.004339434730831211,0.3333333333333333,0.4,0.052699625159670645,0.05999127812230602,-0.12280701754385966,False,0.003684952472068355,0.3333333333333333,0.4,0.052658650924135096,0.059876837601350236,0.004339434730831211,-0.00584880199718725,-0.010188236728018461,0.004339434730831211,C,F,F,0.0,False
B_aa_only_s231301,B,aa_only,231301,train,34,75,4wfq,D,0.0025599321933700487,0.00195540818175736,M,0.48947368421052634,False,0.0009731119530172333,0.3333333333333333,0.6,0.04203907981176793,0.05059577248515975,0.27017543859649124,False,0.0022699562726596345,0.0,0.4,0.04155667748530004,0.05004653679123738,0.4298245614035088,False,0.001621534112838434,0.3333333333333333,0.6,0.04179787864853399,0.0503173569381353,0.0022699562726596345,0.003213461510435195,0.0009435052377755604,0.0022699562726596345,M,E,E,0.0,False
B_aa_only_s231301,B,aa_only,231301,train,34,189,4wfq,L,0.002949340167193535,0.00272366008570126,C,-0.13684210526315788,False,0.01515303146019055,0.0,0.4,0.041927085810128016,0.054307827862965896,-0.19122807017543858,False,0.011948246833819662,0.0,0.4,0.042956450737250254,0.05518034270844751,-0.13157894736842105,False,0.013550639147005106,0.0,0.4,0.04244176827368914,0.05473603102303019,0.011948246833819662,0.011647134715384228,-0.0003011121184354343,0.011948246833819662,C,W,W,0.0,False
B_aa_only_s231301,B,aa_only,231301,train,34,122,4wfq,T,0.0025221453445895907,0.002521748076678544,I,-0.08771929824561404,False,0.010997455442155149,0.0,0.0,0.038532127947530165,0.050220965189745115,-0.21052631578947367,False,0.013563599834414644,0.0,0.2,0.03855756813832411,0.050676982484591654,-0.1824561403508772,False,0.012280527638284897,0.0,0.2,0.03854484804292714,0.050441663807351614,0.013563599834414644,0.011641449121021358,-0.0019221507133932864,0.013563599834414644,I,P,P,0.0,False
B_aa_only_s231301,B,aa_only,231301,train,35,75,1s8a,A,0.009628428463448463,0.005206238805358914,C,-0.23333333333333334,False,0.06298306330779269,0.0,0.2,0.08513240285481863,0.09812455586370042,0.21228070175438596,False,0.0018338269900520787,0.6666666666666666,0.4,0.05012618725508985,0.061422664624939234,-0.06491228070175438,False,0.02812067274566188,0.0,0.2,0.06714740008018892,0.07796570871889848,-0.006741717816468928,-0.019439041260886247,-0.012697323444417319,0.0018338269900520787,C,V,Y,0.008575544806521007,True
B_aa_only_s231301,B,aa_only,231301,train,35,70,1s8a,D,0.003947971115347666,0.0034731699296379308,M,0.005263157894736842,False,0.1082867190044231,0.0,0.2,0.054471303481993354,0.06283288243704618,0.18070175438596495,False,0.03184981898093575,0.0,0.6,0.04223000308967867,0.05199169615376173,0.10175438596491228,False,0.07006826899267943,0.0,0.4,0.04732902967490342,0.056278424742954476,0.03184981898093575,-0.023659082225245154,-0.055508901206180905,0.03184981898093575,M,Y,Y,0.0,True
B_aa_only_s231301,B,aa_only,231301,train,35,76,1s8a,L,0.006875735175282272,0.004108738671566339,C,-0.021052631578947368,False,0.06074546461123165,0.3333333333333333,0.2,0.0633209500164488,0.08292005291413092,0.02456140350877193,True,0.0,0.6666666666666666,0.4,0.04737171305763345,0.0629337511687312,0.0543859649122807,False,0.021478464836727912,0.6666666666666666,0.6,0.05374469270424962,0.07162566308462133,-0.017788534937775824,-0.05754723427348862,-0.0397586993357128,0.0,C,C,R,0.017788534937775824,True
B_aa_only_s231301,B,aa_only,231301,train,35,6,1s8a,T,0.25202465543802494,0.17453618100225343,I,0.38947368421052625,False,0.06519369479264508,0.3333333333333333,0.4,0.28636465655312515,0.5020205727238924,0.3526315789473684,False,0.057355081127501095,0.0,0.2,0.3323301679798105,0.610999350689275,0.3701754385964912,False,0.06081940504691194,0.3333333333333333,0.4,0.30934741226646784,0.5563326809393309,0.02975245119599529,0.07046711813766565,0.04071466694167036,0.057355081127501095,I,K,M,0.027602629931505807,False
B_aa_only_s231301,B,aa_only,231301,train,36,56,1qsm,A,0.08570565327536706,0.06332992659077752,C,0.2,False,0.6157986032051914,0.3333333333333333,0.4,0.19944157623824418,0.29275527881725216,0.256140350877193,False,0.5659931510736136,0.3333333333333333,0.4,0.1921806934084882,0.2648300955771945,0.23333333333333334,False,0.5908958771394025,0.3333333333333333,0.4,0.1958111348233662,0.27760695502720845,0.5659931510736136,-0.04310467195978912,-0.6090978230334028,0.5659931510736136,C,S,S,0.0,False
B_aa_only_s231301,B,aa_only,231301,train,36,26,1qsm,D,0.008757219454240179,0.005477217929959715,M,-0.2508771929824561,False,0.04472943573885446,0.0,0.2,0.0662391962009784,0.09358001631887108,-0.21929824561403505,False,0.04165899057335265,0.0,0.2,0.04439353959325359,0.07461622638568596,-0.23859649122807017,False,0.043194213156103556,0.0,0.2,0.05429806491567115,0.08345377513108533,0.04165899057335265,-0.08253079715226769,-0.12418978772562034,0.04165899057335265,M,P,P,0.0,False
B_aa_only_s231301,B,aa_only,231301,train,36,45,1qsm,L,0.023033378660864034,0.010169946375088411,C,-0.7824561403508771,False,0.11325926857279167,0.0,0.0,0.12623242222897174,0.15176751516995998,-0.7824561403508771,False,0.11101622444506293,0.0,0.0,0.10447488079381873,0.12523748519156375,-0.7771929824561404,False,0.1121377465089273,0.0,0.0,0.11535365151139522,0.1380220108710555,0.11101622444506293,-0.05542231865222452,-0.16643854309728745,0.11101622444506293,C,A,A,0.0,False
B_aa_only_s231301,B,aa_only,231301,train,36,116,1qsm,T,0.013652733554724926,0.013611635057578234,I,-0.4912280701754386,False,0.30279551776872465,0.0,0.2,0.08838924418141993,0.11684491240411336,-0.48245614035087714,False,0.25953704900629126,0.0,0.0,0.07956528620337544,0.10440495799583151,-0.47017543859649114,False,0.28116628338750793,0.0,0.2,0.08300727716468485,0.11014126856058318,0.25953704900629126,0.14690711828651276,-0.1126299307197785,0.25953704900629126,I,G,G,0.0,False
B_aa_only_s231301,B,aa_only,231301,train,37,25,4cl6,A,0.0035575454948140657,0.0035383649924788704,C,0.1087719298245614,False,0.018929334554847466,0.3333333333333333,0.2,0.05178215796039335,0.05964516321391086,0.1649122807017544,False,0.019473425179979298,0.3333333333333333,0.2,0.053000661932809334,0.06051822392839918,0.1701754385964912,False,0.019201379867413382,0.3333333333333333,0.2,0.05239140994660133,0.060072968159569834,0.019473425179979298,-0.001243804104689425,-0.020717229284668723,0.019473425179979298,C,W,W,0.0,False
B_aa_only_s231301,B,aa_only,231301,train,37,83,4cl6,D,0.0025714919143583303,0.0022042766307360704,M,-0.14035087719298248,False,0.006452382888659958,0.0,0.0,0.04068079845421678,0.05070987984957498,-0.41578947368421054,False,0.004714353880772168,0.0,0.2,0.03964696629592651,0.04984811621431392,-0.21403508771929824,False,0.005130575602353249,0.0,0.2,0.040163882375071645,0.05026399272951055,0.003801844774810645,-0.004603013780304727,-0.008404858555115371,0.004714353880772168,M,Q,G,0.0009125091059615231,False
B_aa_only_s231301,B,aa_only,231301,train,37,12,4cl6,L,0.002339519934933598,0.002213398835165584,C,0.6578947368421053,False,0.0048828631347913876,0.0,0.6,0.03800667781640797,0.04836858417334125,0.5035087719298245,False,0.007053029029812627,0.0,0.4,0.03848732687628322,0.048519659814526855,0.5508771929824561,False,0.005967946082302007,0.0,0.4,0.03823548702759541,0.04844004282332368,0.007053029029812627,0.007639694799769406,0.000586665769956779,0.007053029029812627,C,K,K,0.0,False
B_aa_only_s231301,B,aa_only,231301,train,37,1,4cl6,T,0.002991475814337452,0.0019043248553784887,I,0.3719298245614035,True,0.0,0.3333333333333333,0.2,0.040883884584613395,0.054694385583325206,0.3719298245614035,False,0.0008546622598593553,0.3333333333333333,0.2,0.041425678902353553,0.0547009037580964,0.34210526315789475,False,3.989986928556316e-05,0.3333333333333333,0.2,0.04115478174348347,0.0546082837799554,0.0,-0.04893443161109391,-0.04893443161109391,0.0008546622598593553,I,Y,I,0.0008546622598593553,True
B_aa_only_s231301,B,aa_only,231301,train,38,142,1rvv,A,0.003063366153356182,0.002168258006341791,C,0.6000000000000001,False,0.009347952473310613,0.0,0.6,0.04876135155029044,0.05534768426371768,0.5052631578947369,False,0.011214301584775349,0.0,0.6,0.0477616929859432,0.05416548848207412,0.5614035087719299,False,0.01028112702904298,0.0,0.6,0.04826152226811681,0.05474407331428709,0.011214301584775349,0.0013048540566054992,-0.00990944752816985,0.011214301584775349,C,M,M,0.0,False
B_aa_only_s231301,B,aa_only,231301,train,38,48,1rvv,D,0.0024346020757019275,0.0020071547934771335,M,0.28771929824561404,False,0.0055082727114201535,0.0,0.2,0.040525516662514825,0.04934168699691902,-0.02982456140350877,False,0.01058366689815294,0.0,0.0,0.040776457387013305,0.049601247573050636,0.15438596491228068,False,0.006751576483930068,0.0,0.2,0.040650987024764065,0.049452376240054496,0.005209961888846662,0.006765707233185779,0.001555745344339117,0.01058366689815294,M,V,H,0.005373705009306277,True
B_aa_only_s231301,B,aa_only,231301,train,38,148,1rvv,L,0.0026948168223058207,0.0026638749940864695,C,0.3526315789473684,False,0.002609769655285213,0.3333333333333333,0.4,0.039777662265732115,0.05191162511717217,0.32807017543859646,False,0.010044830608816911,0.0,0.4,0.03896980119233156,0.051253845972794906,0.32807017543859646,False,0.006284046260305241,0.0,0.4,0.039373731729031844,0.05155643523823456,0.008943803000759552,0.009331352674049408,0.00038754967328985535,0.010044830608816911,C,W,T,0.0011010276080573589,True
B_aa_only_s231301,B,aa_only,231301,train,38,116,1rvv,T,0.0024840174082926885,0.002305222034870981,I,0.23333333333333334,False,0.00474897734832834,0.0,0.2,0.03408836631196845,0.04983991781988298,-0.6087719298245614,False,0.007796120213846049,0.0,0.0,0.036190589741339096,0.051060134391818,-0.19122807017543858,False,0.0055099941415448425,0.0,0.0,0.03496803080642908,0.05042202165004838,0.006271010934761345,0.0013246253762664445,-0.004946385558494901,0.007796120213846049,I,D,W,0.0015251092790847035,True
B_aa_only_s231301,B,aa_only,231301,train,39,101,2ja9,A,0.0016859287194991766,0.0016660501981835732,C,0.5631578947368421,False,0.0008359763044069046,0.6666666666666666,0.6,0.03323516031653283,0.041060062341637726,0.5877192982456141,True,0.0,0.6666666666666666,0.6,0.03346542101577104,0.04115695708116197,0.5649122807017544,True,0.0,0.6666666666666666,0.6,0.03328948912199864,0.04104058657089379,-0.005445905118075273,-0.011989054408295494,-0.006543149290220221,0.0,C,C,P,0.005445905118075273,False
B_aa_only_s231301,B,aa_only,231301,train,39,95,2ja9,D,0.00238841102441262,0.0018284214027054439,M,0.2982456140350877,False,0.006690009571622274,0.3333333333333333,0.4,0.039753984991847166,0.04887137223787173,0.25263157894736843,False,0.006078833024983882,0.0,0.4,0.04019038900329532,0.04918590800780823,0.2771929824561403,False,0.0046941701550082815,0.3333333333333333,0.4,0.039972186997571234,0.04901073817137731,0.002698330738394289,-0.0018378657237385632,-0.004536196462132852,0.006078833024983882,M,E,N,0.003380502286589593,False
B_aa_only_s231301,B,aa_only,231301,train,39,51,2ja9,L,0.0037392410365708266,0.0020154643106509228,C,0.3719298245614035,False,0.04452382515629112,0.3333333333333333,0.2,0.04900839751199602,0.061149333901284866,0.32105263157894737,False,0.03743793459610398,0.3333333333333333,0.2,0.04508858086802266,0.05516853266325835,0.3385964912280702,False,0.04098087987619755,0.3333333333333333,0.2,0.047016997367903976,0.058017071311177094,0.03743793459610398,-0.011689874537582662,-0.04912780913368664,0.03743793459610398,C,W,W,0.0,False
B_aa_only_s231301,B,aa_only,231301,train,39,78,2ja9,T,0.004674796065540815,0.0026006921646715246,I,0.14736842105263157,False,0.023794624002919013,0.0,0.4,0.05225248677176316,0.06837248032315937,0.22456140350877193,False,0.0184261833582222,0.0,0.4,0.050734646654472276,0.0676944679568152,0.2,False,0.021064020172347847,0.0,0.4,0.05149356671311772,0.06801473365969914,0.017208880831733483,-0.029013746075923302,-0.046222626907656786,0.0184261833582222,I,H,Y,0.0012173025264887172,False
C_aa_only_s231301,C,aa_only,231301,development,0,49,5oi7,A,28.154637652530376,19.9665770991951,V,0.3298245614035088,False,7.488877509458216,0.0,0.4,3.8153973460390094,5.3060943878271125,-0.12105263157894736,False,3.7097585032193834,0.0,0.2,0.9703487224895113,1.1087177938691464,0.28947368421052627,False,5.5993180063388,0.0,0.2,1.9432891954938925,2.499917677478542,3.7097585032193834,1.9000483649325144,-1.809710138286869,3.7097585032193834,V,I,I,0.0,False
C_aa_only_s231301,C,aa_only,231301,development,0,53,5oi7,D,87.64632928568565,0.005963253856931942,E,-0.22280701754385965,True,0.0,0.3333333333333333,0.2,9.36164334034515,9.361961828894927,0.03684210526315789,False,0.11536828833585488,0.3333333333333333,0.2,1.0761060012875465,1.0771660874668143,-0.20877192982456141,False,0.012547642893213862,0.0,0.2,4.142768669528802,4.143052725677552,0.0,-1.0535801067517454,-1.0535801067517454,0.11536828833585488,E,P,E,0.11536828833585488,False
C_aa_only_s231301,C,aa_only,231301,development,0,45,5oi7,L,83.00198686355785,1.1419773481302553,F,0.14210526315789473,False,4.747876199379745,0.3333333333333333,0.2,9.047652154864686,9.110542621795798,-0.3298245614035088,False,0.3346753968341467,0.0,0.0,1.0894051043518183,1.097889899993064,0.12280701754385966,False,2.2158357829305566,0.3333333333333333,0.2,3.979123525256434,4.008650039020252,-0.31620463351863215,-0.9478302924692859,-0.6316256589506537,0.3346753968341467,F,P,W,0.6508800303527789,False
C_aa_only_s231301,C,aa_only,231301,development,0,79,5oi7,T,7.281086563249757,7.202104730903684,C,0.23333333333333334,False,9.194246157404583,0.6666666666666666,0.6,1.3498506678347728,2.698348858700401,-0.2210526315789474,False,2.2846231552745815,0.0,0.0,0.5449572330053484,0.782205016300686,0.2596491228070175,False,5.739434656339582,0.3333333333333333,0.2,0.7205914433694888,1.520991354288963,2.2846231552745815,-0.4540868862580929,-2.7387100415326744,2.2846231552745815,C,P,P,0.0,False
C_aa_only_s231301,C,aa_only,231301,development,1,42,1c5e,A,0.025825336539627836,0.01619451003229445,V,-0.21929824561403505,False,0.2826839758751302,0.0,0.4,0.1045318302468383,0.16070263389138287,-0.2543859649122807,False,0.25480697883447423,0.0,0.2,0.10067001876304871,0.15271245000350364,-0.24035087719298245,False,0.2653356871255805,0.0,0.4,0.10245244088327621,0.15661879216907904,0.24240870943295262,0.2461008217389086,0.00369211230595598,0.25480697883447423,V,G,R,0.012398269401521597,True
C_aa_only_s231301,C,aa_only,231301,development,1,35,1c5e,D,0.0010552427416175663,0.0006468769523726752,E,0.11929824561403508,False,0.023763416111329663,0.3333333333333333,0.2,0.020708915723659065,0.03248450002104952,0.2421052631578947,False,0.01716070942541531,0.3333333333333333,0.2,0.017842235489254253,0.030024215986047348,0.1719298245614035,False,0.020462062768372487,0.3333333333333333,0.2,0.018829205117169012,0.031155809876155068,0.01716070942541531,0.009167643513086313,-0.007993065912328998,0.01716070942541531,E,K,K,0.0,False
C_aa_only_s231301,C,aa_only,231301,development,1,12,1c5e,L,0.007411695679185511,0.0042785588213776005,F,0.15438596491228068,False,0.02617405995867264,0.0,0.4,0.056730908293286225,0.08609120558562013,0.14210526315789473,False,0.03301235372205058,0.0,0.4,0.0438470816326929,0.07064205099022908,0.16666666666666666,False,0.02959320684036161,0.0,0.4,0.04996688074290272,0.0781520746697556,0.03301235372205058,0.016575586161448982,-0.016436767560601598,0.03301235372205058,F,Q,Q,0.0,True
C_aa_only_s231301,C,aa_only,231301,development,1,38,1c5e,T,0.007282722072745954,0.006075466667666685,C,0.28596491228070176,True,0.0,0.3333333333333333,0.2,0.03579456314511257,0.0853388661322961,0.23859649122807017,True,0.0,0.3333333333333333,0.4,0.034701778769832936,0.07818466465203401,0.2175438596491228,True,0.0,0.3333333333333333,0.4,0.03511457796674172,0.08170785602770554,0.0,-0.00830130320964062,-0.00830130320964062,0.0,C,C,C,0.0,True
C_aa_only_s231301,C,aa_only,231301,development,2,75,4gn0,A,0.0026852611802627518,0.0026828022834762114,V,-0.11929824561403508,False,0.16707565167823724,0.6666666666666666,0.4,0.04170765678248837,0.051819505789449126,-0.0824561403508772,False,0.10766231995901698,0.3333333333333333,0.4,0.035528806770429355,0.04342848863765263,-0.12456140350877193,False,0.1317357088460831,0.6666666666666666,0.4,0.03599845291610636,0.04525767889270206,0.08959803617184825,0.03868360276823779,-0.05091443340361046,0.10766231995901698,V,G,F,0.018064283787168733,False
C_aa_only_s231301,C,aa_only,231301,development,2,29,4gn0,D,0.017846867589002162,0.01221082027601667,E,0.2368421052631579,False,0.0803954478808162,0.0,0.4,0.12119036245611198,0.1335921688910026,0.27017543859649124,False,0.08668295712355167,0.0,0.4,0.1034739522478656,0.16625436686003175,0.3017543859649123,False,0.06632006875038687,0.0,0.4,0.10732284544551038,0.138769808623543,0.03531400122107975,-0.06422458075271642,-0.09953858197379617,0.08668295712355167,E,C,K,0.051368955902471924,False
C_aa_only_s231301,C,aa_only,231301,development,2,23,4gn0,L,0.01712516866565708,0.016343602835059912,F,0.5140350877192983,True,0.0,0.3333333333333333,0.4,0.061909156058169136,0.13086316771978693,0.11228070175438597,False,0.048278952661775065,0.3333333333333333,0.2,0.12707108114811447,0.18593160134356346,0.22807017543859648,False,0.016077369968170885,0.3333333333333333,0.2,0.09022428181553632,0.15365208867910857,0.0,-0.1285120172836045,-0.1285120172836045,0.048278952661775065,F,C,F,0.048278952661775065,False
C_aa_only_s231301,C,aa_only,231301,development,2,45,4gn0,T,0.006290971374582834,0.003010920289109665,C,-0.3456140350877193,False,0.1436927634648857,0.0,0.2,0.059509546977863585,0.07931564394608943,-0.04736842105263158,False,0.01622022778915344,0.3333333333333333,0.2,0.057355915183799185,0.06806878340109357,-0.19122807017543858,False,0.07995649562701956,0.0,0.2,0.05486946101458764,0.06752102767408094,0.01622022778915344,-0.11374302610022902,-0.12996325388938246,0.01622022778915344,C,P,P,0.0,False
C_aa_only_s231301,C,aa_only,231301,train,3,54,1v70,A,4.90744016629448e-05,4.804479818039987e-05,V,0.243859649122807,False,0.005472688256621949,0.3333333333333333,0.4,0.005849725581959489,0.007005312388676525,0.21403508771929824,False,0.004170062128837811,0.3333333333333333,0.2,0.005581845330701891,0.006522048804960242,0.2263157894736842,False,0.00482137519272988,0.3333333333333333,0.2,0.005713114790554248,0.006740973252754186,0.004170062128837811,-0.007798862042115828,-0.011968924170953639,0.004170062128837811,V,I,I,0.0,True
C_aa_only_s231301,C,aa_only,231301,train,3,4,1v70,D,0.00040285428078819707,0.00010738406604084433,E,-0.45614035087719296,False,0.029621079842208763,0.0,0.2,0.0172388079954215,0.020071230176254694,-0.4403508771929824,False,0.029549243155013852,0.0,0.2,0.017504663449546817,0.01985751297564757,-0.4298245614035088,False,0.02841940190621499,0.0,0.2,0.017346955258520435,0.019921028932631986,0.02559507095838362,-0.004762442907092906,-0.030357513865476526,0.029549243155013852,E,S,V,0.003954172196630232,True
C_aa_only_s231301,C,aa_only,231301,train,3,69,1v70,L,2.430292813307608e-05,1.2990566981517113e-05,F,0.07719298245614034,False,0.00420048595469584,0.0,0.4,0.0039476230692167685,0.004929800009440147,-0.16315789473684209,False,0.0035489971811324683,0.3333333333333333,0.2,0.0048026910061594805,0.006212626785579008,0.019298245614035085,False,0.0033223898893010445,0.3333333333333333,0.2,0.0043751570376881245,0.005508886744079496,0.0022674542459384522,0.001624269806242376,-0.0006431844396960762,0.0035489971811324683,F,W,C,0.001281542935194016,True
C_aa_only_s231301,C,aa_only,231301,train,3,100,1v70,T,8.936405813300468e-05,5.82684017703489e-05,C,0.3298245614035088,False,3.622594735713802e-06,0.3333333333333333,0.4,0.007369444131129055,0.009453256482980068,0.32280701754385965,True,0.0,0.3333333333333333,0.4,0.007828637030349793,0.010202960639975686,0.2824561403508772,True,0.0,0.3333333333333333,0.4,0.007578596798217904,0.009805472663826179,-0.0015633231581790724,-0.006624674603185693,-0.0050613514450066205,0.0,C,C,Q,0.0015633231581790724,True
C_aa_only_s231301,C,aa_only,231301,train,4,30,1ub9,A,0.0019087859266583734,0.0017393426164743688,V,-0.3543859649122807,False,0.09611211778794104,0.0,0.2,0.03526189824074773,0.04368965468687494,-0.15438596491228068,False,0.11000763033828781,0.0,0.2,0.048767029985194894,0.06113398140362401,-0.31578947368421056,False,0.10305987406311443,0.0,0.2,0.040964531826893254,0.05193181158889631,0.11000763033828781,-0.02761779388799812,-0.13762542422628593,0.11000763033828781,V,H,H,0.0,True
C_aa_only_s231301,C,aa_only,231301,train,4,40,1ub9,D,0.007288259823229085,0.003647038971208735,E,-0.08421052631578947,False,0.06338091447671751,0.3333333333333333,0.4,0.0679816595513049,0.08537130561979876,-0.14035087719298248,False,0.08852518948537957,0.3333333333333333,0.4,0.07216856406466944,0.0921980956825885,-0.08070175438596491,False,0.07595305198104854,0.3333333333333333,0.4,0.0700729289185465,0.08796444049768196,0.08852518948537957,-0.038566219841300486,-0.12709140932668006,0.08852518948537957,E,C,C,0.0,False
C_aa_only_s231301,C,aa_only,231301,train,4,12,1ub9,L,0.05129288604260397,0.026462629509662394,F,0.1,False,0.06173176908618816,0.0,0.4,0.15857409086658325,0.22647932806904028,0.04385964912280702,False,0.05884705572705873,0.0,0.4,0.13427533295806315,0.19556898797662955,0.04385964912280702,False,0.060289412406623444,0.0,0.4,0.14587915141068458,0.21060670988307947,0.05884705572705873,0.0365390322533663,-0.02230802347369243,0.05884705572705873,F,P,P,0.0,True
C_aa_only_s231301,C,aa_only,231301,train,4,61,1ub9,T,0.0007908181019408359,0.00036760263559059873,C,0.3385964912280702,False,0.028724363794313146,0.3333333333333333,0.2,0.023502661164453605,0.02812148825970695,0.28421052631578947,False,0.04325845099613623,0.3333333333333333,0.2,0.029873630746930613,0.03573387685277547,0.30701754385964913,False,0.03599140739522469,0.3333333333333333,0.2,0.0261082811009595,0.031051520460399728,0.04325845099613623,0.03962216929353174,-0.0036362817026044936,0.04325845099613623,C,H,H,0.0,True
C_aa_only_s231301,C,aa_only,231301,train,5,92,2wpq,A,0.11716197184882332,0.1170599856790884,V,0.38421052631578945,False,0.14688488102409103,0.3333333333333333,0.6,0.2259310599641513,0.3422893101585606,-0.007017543859649123,False,0.16288009108243884,0.0,0.2,0.11563932868858458,0.1476838672238208,0.28947368421052627,False,0.15488248605326493,0.0,0.4,0.1503924999567801,0.21520927682147967,0.16288009108243884,0.020835380066934306,-0.14204471101550453,0.16288009108243884,V,P,P,0.0,False
C_aa_only_s231301,C,aa_only,231301,train,5,68,2wpq,D,0.10477988031777527,0.09726694868370803,E,0.20877192982456141,False,0.21820504350824166,0.3333333333333333,0.2,0.2640016084720401,0.32369720468019997,0.24035087719298245,False,0.1146680668150033,0.0,0.4,0.1350327494366279,0.18908116838089128,0.2368421052631579,False,0.10953605979359349,0.3333333333333333,0.4,0.19917616562160012,0.25318818714427044,0.0008670760789453169,-0.13902701450063581,-0.13989409057958113,0.1146680668150033,E,R,M,0.11380099073605798,False
C_aa_only_s231301,C,aa_only,231301,train,5,97,2wpq,L,0.2127754478057981,0.20338555927387147,F,-0.03333333333333333,False,0.5034602493264089,0.3333333333333333,0.2,0.31460286281682026,0.46127589120373297,-0.20175438596491227,False,0.20743812219734004,0.0,0.2,0.10176988586273011,0.13719192985442022,-0.06842105263157894,False,0.35544918576187445,0.3333333333333333,0.2,0.19395209799408697,0.2685302063345919,0.20743812219734004,0.0004839742406055336,-0.2069541479567345,0.20743812219734004,F,S,S,0.0,False
C_aa_only_s231301,C,aa_only,231301,train,5,44,2wpq,T,1.0222995436761526,0.3494118486166963,C,0.09298245614035087,False,0.9707818035425149,0.0,0.4,0.8370714750034937,1.0110882966764834,-0.11754385964912278,False,0.604489163968438,0.0,0.2,0.5740588258653148,0.650399747822812,0.031578947368421054,False,0.7876354837554764,0.0,0.4,0.7055651504344042,0.8219121112488591,0.604489163968438,0.4982196392724667,-0.10626952469597128,0.604489163968438,C,G,G,0.0,False
C_aa_only_s231301,C,aa_only,231301,train,6,36,3vub,A,0.00020910418083997935,0.00011754149832304962,V,0.1649122807017544,False,0.006263278354010804,0.0,0.2,0.00969048560465233,0.014460435015585782,-0.1701754385964912,False,0.18553991921661983,0.0,0.0,0.5759312464373395,0.6465695267818672,-0.17719298245614035,False,0.0928231619050583,0.0,0.0,0.28720263464708634,0.3227824771836151,-0.8282653022569137,-0.5284164818183804,0.2998488204385333,0.18553991921661983,V,D,H,1.0138052214735336,False
C_aa_only_s231301,C,aa_only,231301,train,6,88,3vub,D,8.747991085899217e-05,4.952824131517851e-05,E,0.44912280701754387,False,0.0003331168557031,0.3333333333333333,0.4,0.006496677300002612,0.009353069595538792,0.07543859649122807,False,0.013486889450889383,0.0,0.4,0.634528738282484,0.6738229018750875,0.1789473684210526,False,0.005799398631929686,0.3333333333333333,0.4,0.31565491976081994,0.335036425439719,-0.7019088379959197,-0.7196771003055499,-0.017768262309630134,0.013486889450889383,E,R,H,0.7153957274468091,False
C_aa_only_s231301,C,aa_only,231301,train,6,40,3vub,L,0.000824357681508759,0.0006773623575515218,F,0.40350877192982454,False,0.010785331410798168,0.3333333333333333,0.6,0.015038757883485398,0.028711629725753272,0.11929824561403508,False,0.039333891693829726,0.0,0.2,0.685242823476942,0.6872414190469638,0.30701754385964913,False,0.02505961155231401,0.0,0.2,0.3365593303311234,0.3387697990399035,0.039333891693829726,-0.6953375121186423,-0.734671403812472,0.039333891693829726,F,G,G,0.0,False
C_aa_only_s231301,C,aa_only,231301,train,6,6,3vub,T,0.00019407023320879848,5.031557685554881e-05,C,-0.3315789473684211,False,0.008110693716298772,0.0,0.2,0.012221047706983987,0.013930909274300744,-0.2368421052631579,False,0.706014241468871,0.0,0.0,0.467499818660592,0.5624337355997638,-0.2456140350877193,False,0.3491076654863685,0.0,0.0,0.22955351293919313,0.2771633699577571,0.028096141124973245,-0.03371903913583127,-0.061815180260804514,0.706014241468871,C,N,G,0.6779181003438979,False
C_aa_only_s231301,C,aa_only,231301,train,7,56,3nxa,A,0.009329541364351615,0.0045479270051087565,V,0.028070175438596492,False,0.12108088564440156,0.3333333333333333,0.2,0.07386105832355058,0.09658955101019787,0.07368421052631578,False,0.13975359723385494,0.3333333333333333,0.2,0.07917248801531873,0.10047979743889865,0.05964912280701754,False,0.13041724143912825,0.3333333333333333,0.2,0.07589869861958827,0.09798486580358633,0.13975359723385494,-0.08479842441042318,-0.22455202164427812,0.13975359723385494,V,P,P,0.0,False
C_aa_only_s231301,C,aa_only,231301,train,7,74,3nxa,D,0.0016166794684909565,0.0012318165186616537,E,-0.1754385964912281,False,0.1003963431321373,0.0,0.2,0.02546745022822939,0.040207952801541096,0.056140350877192984,False,0.08198881455491414,0.0,0.2,0.10840857955601785,0.22128851116366458,0.03508771929824562,False,0.09119257884352572,0.0,0.2,0.064441564837345,0.11644355378845588,0.08198881455491414,0.00010664918470948415,-0.08188216537020465,0.08198881455491414,E,G,G,0.0,False
C_aa_only_s231301,C,aa_only,231301,train,7,39,3nxa,L,0.009734503409421938,0.005186809703140871,F,0.12105263157894736,False,0.013007687444375082,0.6666666666666666,0.4,0.06920670633389234,0.09866358704923482,0.27368421052631575,False,0.00048539558885429823,0.6666666666666666,0.4,0.11858903728443919,0.28665837282639245,0.2456140350877193,False,0.00674654151661469,0.6666666666666666,0.4,0.09289638323987955,0.16343803646738425,0.00048539558885429823,-0.22490411510071395,-0.22538951068956825,0.00048539558885429823,F,Y,Y,0.0,False
C_aa_only_s231301,C,aa_only,231301,train,7,3,3nxa,T,0.017641485698510803,0.005194694797426035,C,0.0912280701754386,False,0.22181214587937603,0.0,0.4,0.13031301687527452,0.13282125469408426,-0.21403508771929824,False,0.20166691316628182,0.3333333333333333,0.2,0.14827307702096992,0.15478919419759699,-0.02982456140350877,False,0.21173952952282893,0.0,0.2,0.13929304694812225,0.143417115685637,0.20166691316628182,0.12934548482500752,-0.07232142834127431,0.20166691316628182,C,N,N,0.0,False
C_aa_only_s231301,C,aa_only,231301,train,8,48,2v66,A,9.492379117902141,3.9667639786484945,V,0.5228070175438596,False,2.5900117025616574,0.3333333333333333,0.6,2.705395708817141,3.0809704831273765,0.32631578947368417,False,4.871878976826256,0.0,0.4,2.413795408617282,3.1393375674076824,0.46140350877192987,False,3.7309453396939576,0.3333333333333333,0.4,2.0546851744078793,2.5206734454090634,4.871878976826256,-3.206480888509691,-8.078359865335948,4.871878976826256,V,C,C,0.0,False
C_aa_only_s231301,C,aa_only,231301,train,8,42,2v66,D,15.539984041869262,6.395170475538491,E,0.19824561403508772,False,4.656290638036737,0.3333333333333333,0.4,3.226479700405644,3.942078644810281,0.5754385964912281,False,3.8167024994679988,0.3333333333333333,0.6,1.7440168090770942,2.5416949369255386,0.4456140350877193,False,4.236496568752367,0.3333333333333333,0.6,1.9472921012490032,2.7660700001678546,3.8167024994679988,-1.316202200671838,-5.132904700139837,3.8167024994679988,E,C,C,0.0,False
C_aa_only_s231301,C,aa_only,231301,train,8,60,2v66,L,45.66370364198558,11.135304320130388,F,0.3929824561403509,False,2.4804517977344256,0.0,0.2,5.876087075755021,6.757492407837805,0.4280701754385965,False,4.870537145506354,0.0,0.2,7.559714145209479,9.039471944152494,0.4263157894736842,False,3.675494471620391,0.0,0.2,6.717900610482249,7.821469212085524,4.870537145506354,5.8403257373263395,0.9697885918199849,4.870537145506354,F,V,V,0.0,False
C_aa_only_s231301,C,aa_only,231301,train,8,74,2v66,T,60.2709334432354,59.446762082766185,C,0.3526315789473684,False,0.5999816297614551,0.0,0.4,5.177754737520234,7.763435672641037,0.40350877192982454,False,0.9332912825447739,0.3333333333333333,0.4,8.645804309700658,9.581940991596696,0.3701754385964912,False,0.5934017968001175,0.3333333333333333,0.4,6.64316519830592,8.093276534749506,0.564089869367363,-12.0865983393687,-12.650688208736064,0.9332912825447739,C,L,I,0.36920141317741084,False
C_aa_only_s231301,C,aa_only,231301,train,9,61,3zk1,A,3.7146230353842676e-05,3.710777126432399e-05,V,0.2614035087719298,False,0.009680709066844623,0.6666666666666666,0.4,0.004660528445739986,0.006094770738415242,0.32631578947368417,False,0.009759113644192602,0.3333333333333333,0.2,0.006934378584826745,0.008167396537190142,0.4245614035087719,False,0.009719911355518612,0.6666666666666666,0.4,0.005123494919887647,0.006261146092218683,0.009759113644192602,-0.0015850855824616483,-0.01134419922665425,0.009759113644192602,V,F,F,0.0,True
C_aa_only_s231301,C,aa_only,231301,train,9,1,3zk1,D,0.0017057255383932635,0.0013780233264181396,E,0.5157894736842105,False,0.03385502745350946,0.3333333333333333,0.6,0.028560695842836305,0.041300430244650764,0.5421052631578946,False,0.028146669793776835,0.3333333333333333,0.4,0.031529039127234836,0.0451019894141267,0.5701754385964912,False,0.03100084862364315,0.3333333333333333,0.6,0.029955382910631958,0.04290758294803568,0.028146669793776835,0.003581992350097485,-0.02456467744367935,0.028146669793776835,E,Y,Y,0.0,True
C_aa_only_s231301,C,aa_only,231301,train,9,78,3zk1,L,0.0005722903330533012,0.00018996334903993533,F,0.5859649122807017,False,0.010273705632116797,0.3333333333333333,0.2,0.01955318347516245,0.0239225904335902,0.1719298245614035,False,0.01693443516866358,0.0,0.2,0.015872880156508264,0.01869885975009205,0.43684210526315786,False,0.013604070400390189,0.0,0.2,0.017644396853308392,0.021007520256288673,0.01693443516866358,0.012194285578268571,-0.00474014959039501,0.01693443516866358,F,D,D,0.0,True
C_aa_only_s231301,C,aa_only,231301,train,9,4,3zk1,T,0.0003095270721068448,0.0003094104644814558,C,0.42105263157894735,False,0.006085200048848161,0.3333333333333333,0.6,0.012606025776213156,0.01759338148585555,0.5842105263157895,False,0.004175575887365002,0.3333333333333333,0.8,0.014987719373987574,0.024656460546069476,0.5684210526315789,False,0.004488257452182093,0.6666666666666666,0.8,0.013238527925056934,0.02053757865093388,0.002891314855516025,-0.01439963551381282,-0.017290950369328845,0.004175575887365002,C,H,Y,0.0012842610318489767,True
C_aa_only_s231301,C,aa_only,231301,train,10,79,1qy7,A,0.0003268629624655524,0.00013049346574661418,V,-0.08070175438596491,False,0.01638160230213137,0.0,0.4,0.015378812623547438,0.018079351826477418,-0.14210526315789473,False,0.017499496024900307,0.0,0.2,0.014548964400987133,0.018895050530023317,-0.08771929824561404,False,0.013449836190372988,0.0,0.2,0.014143316784338588,0.017958733550576613,0.0076812101463070714,0.015002679956364062,0.007321469810056991,0.017499496024900307,V,D,W,0.009818285878593236,False
C_aa_only_s231301,C,aa_only,231301,train,10,70,1qy7,D,4.8421156049213024e-05,3.5464736210999e-05,E,0.04912280701754386,True,0.0,0.3333333333333333,0.2,0.006176767863328594,0.006958531170384525,0.1456140350877193,False,0.012989973451363657,0.3333333333333333,0.4,0.004506603947184367,0.005369314623794997,0.07543859649122807,False,0.0031782971424318407,0.3333333333333333,0.2,0.004416662489233056,0.0052371814792520135,0.0,0.0003213385027258653,0.0003213385027258653,0.012989973451363657,E,G,E,0.012989973451363657,False
C_aa_only_s231301,C,aa_only,231301,train,10,55,1qy7,L,0.00022517487905035328,0.0002015763665155815,F,0.32631578947368417,False,0.014101645469442481,0.0,0.2,0.01139989712760365,0.01500582816942648,0.5017543859649122,False,0.021020849488278315,0.3333333333333333,0.4,0.016059530054511516,0.025413097788055745,0.4508771929824561,False,0.014740642181320707,0.3333333333333333,0.4,0.012967890930295626,0.019228124383102667,-0.0013487717426736712,-0.008427265153553076,-0.007078493410879405,0.021020849488278315,F,H,N,0.022369621230951986,False
C_aa_only_s231301,C,aa_only,231301,train,10,98,1qy7,T,0.0005202102829369237,0.00033145902468227693,C,-0.16666666666666666,False,0.0207647734423988,0.3333333333333333,0.2,0.01899858577772618,0.022808118794344343,0.08421052631578947,False,0.01641743365102566,0.0,0.2,0.02490905193192167,0.03131707754708121,-0.057894736842105256,False,0.014385573353833059,0.0,0.2,0.021280420548112803,0.02663710915834763,0.00470794627315263,-0.005263223763690594,-0.009971170036843224,0.01641743365102566,C,A,G,0.011709487377873029,False
C_aa_only_s231301,C,aa_only,231301,train,11,64,3mhx,A,1.2829636248167111e-05,1.0864124099832176e-05,V,0.15263157894736842,False,0.006332503920865429,0.0,0.0,0.002842705675562975,0.0035818481609592432,0.005263157894736842,False,0.008238912864425962,0.0,0.2,0.01478151283636105,0.017276054905584676,0.14210526315789473,False,0.00533973446351646,0.0,0.2,0.0073083621269564554,0.008239585143856575,9.488830569703843e-05,0.0007613776062822541,0.0006664893005852157,0.008238912864425962,V,C,S,0.008144024558728924,False
C_aa_only_s231301,C,aa_only,231301,train,11,19,3mhx,D,0.0005563823128682546,0.0003286498015851194,E,0.09473684210526316,False,0.05306510584654761,0.0,0.2,0.020228005314874207,0.023587757690553265,0.27543859649122804,False,0.04077864729763775,0.3333333333333333,0.4,0.036734626187263864,0.04135101085331188,0.21052631578947367,False,0.04692187657209268,0.0,0.2,0.028012222184174294,0.03156853260869722,0.04077864729763775,0.019582732858567375,-0.021195914439070374,0.04077864729763775,E,P,P,0.0,False
C_aa_only_s231301,C,aa_only,231301,train,11,3,3mhx,L,0.0006953025556484941,0.0006834840230493676,F,-0.16140350877192983,False,0.09039931022386513,0.0,0.0,0.021526463618026008,0.026368590323498413,-0.16315789473684209,False,0.07107502707133934,0.0,0.0,0.01891424275177334,0.023654917919921855,-0.11228070175438597,False,0.08072587091418275,0.0,0.0,0.019742585630448985,0.024068264299974197,0.07105243160450037,0.047641890883276916,-0.02341054072122345,0.07107502707133934,F,C,V,2.2595466838970513e-05,False
C_aa_only_s231301,C,aa_only,231301,train,11,2,3mhx,T,0.00014094532621921095,5.5949593089870404e-05,C,0.5807017543859649,False,0.02002899402958791,0.6666666666666666,0.6,0.010420084305140716,0.011872039682346541,0.47719298245614034,False,0.018364952735402895,0.3333333333333333,0.4,0.011527880634926917,0.01566825618579024,0.519298245614035,False,0.01713018872589636,0.6666666666666666,0.4,0.010811773259118402,0.012938113318448291,0.011223130432131523,0.008956595093450703,-0.0022665353386808196,0.018364952735402895,C,H,F,0.007141822303271372,False
C_aa_only_s231301,C,aa_only,231301,train,12,4,5b08,A,0.0006179771020615656,0.0005459694780743851,V,0.2,False,0.0481062342232616,0.0,0.0,0.021288543582763587,0.02485914523996281,0.24736842105263157,False,0.031908861827863844,0.0,0.2,0.019232676984808555,0.022739802335363126,0.18596491228070175,False,0.04000754802556272,0.0,0.0,0.02014968409652793,0.023124223772072204,0.031908861827863844,-0.005260568941718169,-0.03716943076958201,0.031908861827863844,V,D,D,0.0,True
C_aa_only_s231301,C,aa_only,231301,train,12,73,5b08,D,0.0006186011522023284,0.0005229745649673285,E,0.30000000000000004,False,0.066518809607444,0.3333333333333333,0.4,0.017200107176957535,0.02487169379439865,0.2175438596491228,False,0.052682855069106194,0.0,0.4,0.015613461240243808,0.020900507026105665,0.2824561403508772,False,0.059600832338275095,0.0,0.4,0.016280925461925184,0.022758783467548744,0.052682855069106194,-0.011625853846989609,-0.0643087089160958,0.052682855069106194,E,Y,Y,0.0,False
C_aa_only_s231301,C,aa_only,231301,train,12,32,5b08,L,0.0011859878532934638,0.0006654736055051915,F,0.031578947368421054,False,0.027751019463726212,0.0,0.0,0.02669246744367353,0.0344381743606345,0.10350877192982455,False,0.0132273970592523,0.3333333333333333,0.2,0.026874676460872177,0.03298805343011923,0.015789473684210527,False,0.020489208261489256,0.0,0.0,0.026543927280211845,0.03356699134016037,0.0132273970592523,-0.040408872902571946,-0.053636269961824246,0.0132273970592523,F,D,D,0.0,True
C_aa_only_s231301,C,aa_only,231301,train,12,64,5b08,T,0.0023376923599266602,0.0010867820005003876,C,-0.13508771929824562,False,0.12433311663102337,0.0,0.2,0.04213447930526906,0.048349688312611286,-0.10701754385964912,False,0.1483183376992337,0.0,0.2,0.05344244436997386,0.06617272650886326,-0.12456140350877193,False,0.13632572716512853,0.0,0.2,0.047788461837621456,0.056924301292667435,0.1483183376992337,0.11125598054757896,-0.037062357151654735,0.1483183376992337,C,E,E,0.0,True
C_aa_only_s231301,C,aa_only,231301,development,13,2,1jke,A,0.0011151560605163287,0.000814590137418772,V,0.6736842105263158,False,0.00852128265243085,0.6666666666666666,0.6,0.026664813534293848,0.0333939524542443,0.6561403508771929,False,0.00893196548612385,0.6666666666666666,0.6,0.02587952784380037,0.03317519378634287,0.6561403508771929,False,0.00872662406927735,0.6666666666666666,0.6,0.026272170689047112,0.03326760306897295,0.00893196548612385,-0.02360298905092327,-0.03253495453704712,0.00893196548612385,V,M,M,0.0,True
C_aa_only_s231301,C,aa_only,231301,development,13,135,1jke,D,0.0007414631160980519,8.925885826625729e-05,E,0.02631578947368421,False,0.004394191769984165,0.0,0.2,0.025538290033434,0.027229820346415287,0.24035087719298245,False,0.0070874248570823445,0.3333333333333333,0.4,0.01897653734870288,0.020737189847216984,0.13333333333333333,False,0.005740808313533255,0.3333333333333333,0.4,0.022135504355407405,0.023941267915037562,0.0070874248570823445,-0.026219465538115716,-0.03330689039519806,0.0070874248570823445,E,N,N,0.0,False
C_aa_only_s231301,C,aa_only,231301,development,13,142,1jke,L,0.00032662511933799916,0.0003122850030920955,F,-0.0912280701754386,True,0.0,0.3333333333333333,0.2,0.011955957347322103,0.018072772873524393,-0.03859649122807017,True,0.0,0.3333333333333333,0.2,0.010907810653083945,0.0174085810086638,-0.07192982456140351,True,0.0,0.3333333333333333,0.2,0.011163727548994818,0.017642608583875355,0.0,-0.012656002533474514,-0.012656002533474514,0.0,F,F,F,0.0,False
C_aa_only_s231301,C,aa_only,231301,development,13,19,1jke,T,0.0023787399823463396,0.0015273969520853538,C,0.5350877192982456,False,0.08699369723756063,0.3333333333333333,0.4,0.037908015473668344,0.04877232803902577,0.5526315789473685,False,0.0863489368524024,0.0,0.4,0.036496914896732235,0.04919747250949287,0.5596491228070175,False,0.08667131704498152,0.3333333333333333,0.4,0.03720246518520029,0.04894435406329096,0.0863489368524024,-0.01704096787951649,-0.10338990473191889,0.0863489368524024,C,D,D,0.0,False
C_aa_only_s231301,C,aa_only,231301,development,14,21,3qr7,A,0.08013457183102606,0.080030164434478,V,0.21929824561403505,False,0.8221721297791857,0.0,0.0,0.22982795851351986,0.2830805041521335,-0.042105263157894736,False,0.9452221079696228,0.0,0.0,0.28302626646844387,0.35330280376429696,0.07894736842105264,False,0.8037448781102416,0.0,0.0,0.24716425727676522,0.3057065974414356,0.7405735774463493,0.2634007252689874,-0.47717285217736194,0.9452221079696228,V,K,N,0.20464853052327348,False
C_aa_only_s231301,C,aa_only,231301,development,14,105,3qr7,D,0.08878254992292235,0.04493883934824031,E,-0.08596491228070174,False,0.5735696918509574,0.0,0.4,0.2171559809469821,0.2979640077642304,-0.32631578947368417,False,0.7910915669037357,0.3333333333333333,0.2,0.2160626555373998,0.26716097468582706,-0.28596491228070176,False,0.6787299028885341,0.3333333333333333,0.2,0.1994059320097096,0.27368659362059683,0.6467696529660909,0.5084292314846466,-0.13834042148144432,0.7910915669037357,E,P,N,0.14432191393764482,False
C_aa_only_s231301,C,aa_only,231301,development,14,22,3qr7,L,0.08107531097428895,0.06287584967744,F,0.2175438596491228,False,0.4966024072863511,0.0,0.2,0.2277412395804996,0.2847372665709372,0.48245614035087714,False,0.2761014333768781,0.3333333333333333,0.2,0.29694052885319006,0.419484108207084,0.3473684210526316,False,0.3863519203316146,0.3333333333333333,0.2,0.24905163806771055,0.3427135716655178,0.2761014333768781,0.04231959549134379,-0.2337818378855343,0.2761014333768781,F,N,N,0.0,False
C_aa_only_s231301,C,aa_only,231301,development,14,29,3qr7,T,0.06766079918329267,0.0676602603584876,C,0.3315789473684211,False,0.7740866009860738,0.0,0.2,0.20004279447082413,0.26011689522845816,0.356140350877193,False,0.5738569191855198,0.3333333333333333,0.4,0.18918057322237616,0.2323187838796777,0.3456140350877193,False,0.6739717600857968,0.3333333333333333,0.4,0.1898691028958927,0.23664624428316977,0.5738569191855198,0.108708675319801,-0.46514824386571885,0.5738569191855198,C,D,D,0.0,False
C_aa_only_s231301,C,aa_only,231301,development,15,59,1lj9,A,0.0019081104588345086,0.0011349166373500526,V,0.2263157894736842,False,0.07665039541935506,0.3333333333333333,0.4,0.03402259445968221,0.043681923708034066,0.10526315789473684,False,0.13713490214832189,0.6666666666666666,0.4,0.057048575204441086,0.07085046532941172,0.15438596491228068,False,0.10689264878383849,0.6666666666666666,0.4,0.04553558483206164,0.056778638275644965,0.13713490214832189,-0.024586604535178747,-0.16172150668350063,0.13713490214832189,V,F,F,0.0,True
C_aa_only_s231301,C,aa_only,231301,development,15,124,1lj9,D,0.0003226568321185393,0.00021353425609548784,E,0.4070175438596491,True,0.0,0.3333333333333333,0.6,0.01145012059340732,0.017962651032588126,-0.1,False,0.027532703023568167,0.0,0.2,0.021084672083781217,0.028772346179113235,0.08421052631578947,False,0.006243403509731668,0.3333333333333333,0.2,0.011557804518441149,0.015580425592630114,0.0,-0.03947463041916757,-0.03947463041916757,0.027532703023568167,E,I,E,0.027532703023568167,True
C_aa_only_s231301,C,aa_only,231301,development,15,111,1lj9,L,0.0011261206452878227,0.0007918039512968141,F,0.06140350877192983,False,0.03545510042917993,0.3333333333333333,0.2,0.030521329616653266,0.03355772109795036,0.031578947368421054,False,0.07829074129818475,0.0,0.2,0.05461153168728936,0.06373936031728783,0.0894736842105263,False,0.05687292086368234,0.3333333333333333,0.2,0.03893391135625615,0.0451613120834335,0.07829074129818475,-0.01085794632848866,-0.08914868762667341,0.07829074129818475,F,N,N,0.0,True
C_aa_only_s231301,C,aa_only,231301,development,15,0,1lj9,T,0.000405790703930558,0.00025505475233549723,C,0.17719298245614035,False,0.02134538369801489,0.0,0.4,0.015098963574692717,0.02014424741534312,0.3596491228070175,False,0.05079469758600147,0.3333333333333333,0.4,0.018191744609887397,0.026164705885614776,0.30526315789473685,False,0.03607004064200818,0.3333333333333333,0.4,0.015143971218615201,0.018687565775543345,0.05079469758600147,-0.00749697241906469,-0.05829167000506616,0.05079469758600147,C,W,W,0.0,True
C_aa_only_s231301,C,aa_only,231301,train,16,16,4zzf,A,0.0892617583318454,0.07491749775505858,V,-0.2,False,0.6320383395869515,0.0,0.2,0.2211283534872972,0.2987670636664045,-0.10526315789473684,False,0.730332863706885,0.0,0.4,0.26866074672886336,0.3367854201825233,-0.13859649122807016,False,0.6811856016469182,0.0,0.0,0.23248141460607666,0.3116000049477803,0.730332863706885,0.21583581693260412,-0.5144970467742809,0.730332863706885,V,P,P,0.0,False
C_aa_only_s231301,C,aa_only,231301,train,16,35,4zzf,D,0.006805050854139366,0.006797704466869642,E,-0.3192982456140351,False,0.1560124687842186,0.0,0.0,0.06743935300898103,0.08249273212919649,-0.2175438596491228,False,0.13370023993004754,0.0,0.0,0.10845447045297212,0.1417423604554089,-0.22807017543859648,False,0.14485635435713307,0.0,0.0,0.08470563730027086,0.10583680150301793,0.13370023993004754,0.00011579646726789239,-0.13358444346277965,0.13370023993004754,E,W,W,0.0,False
C_aa_only_s231301,C,aa_only,231301,train,16,24,4zzf,L,0.17396318475059588,0.05222402688843051,F,0.3017543859649123,False,0.06468932261841798,0.3333333333333333,0.4,0.362357087271839,0.4170889410552573,0.39649122807017545,True,0.0,0.3333333333333333,0.6,0.4148345295013809,0.4800939674944686,0.3596491228070175,True,0.0,0.3333333333333333,0.6,0.38252814810106367,0.4474046297843274,-0.08093633230679809,-0.012588280481389824,0.06834805182540826,0.0,F,F,D,0.08093633230679809,False
C_aa_only_s231301,C,aa_only,231301,train,16,105,4zzf,T,0.01865902120161323,0.01478024445625467,C,0.2210526315789474,False,0.30121322291313357,0.0,0.2,0.11823648318566427,0.136598027810116,0.12280701754385966,False,0.26116978843509686,0.0,0.2,0.10017040757196707,0.12319925521239514,0.19824561403508772,False,0.2811915056741152,0.0,0.2,0.09989444239505134,0.12425933403030202,0.26116978843509686,0.004322555295245167,-0.2568472331398517,0.26116978843509686,C,V,V,0.0,False
C_aa_only_s231301,C,aa_only,231301,train,17,0,1msc,A,0.037224563264095345,0.03162473629629852,V,-0.6929824561403508,False,0.13729874597319958,0.0,0.2,0.086225602951904,0.19293668200758338,-0.6631578947368422,False,0.07663203548615716,0.0,0.2,0.08588434303811716,0.1886202336472711,-0.7105263157894737,False,0.10696539072967837,0.0,0.2,0.08316411018700214,0.19019601364657243,0.07663203548615716,0.01137682365960968,-0.06525521182654748,0.07663203548615716,V,W,W,0.0,False
C_aa_only_s231301,C,aa_only,231301,train,17,113,1msc,D,0.14707227315405658,0.08452474492672969,E,0.14210526315789473,False,0.029348124355724092,0.3333333333333333,0.2,0.2527327735547323,0.38350003018781703,0.13859649122807016,False,0.04206301551813163,0.3333333333333333,0.2,0.2188635510723758,0.3394199693397828,0.16140350877192983,False,0.03570556993692786,0.3333333333333333,0.2,0.2349552483794928,0.36033338738503684,0.04206301551813163,-0.04966260423249169,-0.09172561975062332,0.04206301551813163,E,T,T,0.0,False
C_aa_only_s231301,C,aa_only,231301,train,17,111,1msc,L,0.9820085004204016,0.042889358495020735,F,0.5736842105263157,True,0.0,0.6666666666666666,0.4,0.9690815971451427,0.9909634203240811,0.5368421052631579,True,0.0,0.6666666666666666,0.4,0.8406102969068692,0.8623815566996546,0.5684210526315789,True,0.0,0.6666666666666666,0.4,0.9048459470260058,0.9264789832806005,0.0,0.17212741575913904,0.17212741575913904,0.0,F,F,F,0.0,False
C_aa_only_s231301,C,aa_only,231301,train,17,44,1msc,T,0.5966211390959949,0.4277818541840154,C,0.4385964912280701,False,0.0808086997539057,0.3333333333333333,0.4,0.4170669730335956,0.7724125446262475,0.43684210526315786,False,0.03626920526479949,0.6666666666666666,0.4,0.33867005704347974,0.5839991380497809,0.47017543859649114,False,0.05853895250935259,0.6666666666666666,0.4,0.37114179548585363,0.6751037645663825,0.03626920526479949,-0.1643519372679474,-0.20062114253274688,0.03626920526479949,C,S,S,0.0,False
C_aa_only_s231301,C,aa_only,231301,train,18,61,2vzw,A,9.359806245977216e-05,9.310930509588559e-05,V,0.18771929824561404,False,0.0074633971645563235,0.0,0.2,0.007790522916399211,0.009674609163153422,0.356140350877193,False,0.004499044258691798,0.3333333333333333,0.2,0.006639040486995006,0.008825193125331938,0.2912280701754386,False,0.005981220711624061,0.3333333333333333,0.2,0.0061806323007196655,0.008537409448690138,0.004499044258691798,-0.008747062723678561,-0.01324610698237036,0.004499044258691798,V,C,C,0.0,True
C_aa_only_s231301,C,aa_only,231301,train,18,18,2vzw,D,6.70977901738841e-05,1.425273585437201e-05,E,0.4807017543859649,False,0.004702316924376226,0.0,0.6,0.007269460387092847,0.008191324079407682,0.07543859649122807,False,0.0040349434362416114,0.0,0.2,0.006017695363582453,0.0073040593009314324,0.3596491228070175,False,0.004368630180308919,0.0,0.4,0.006637612954099255,0.007540734701157487,0.0040349434362416114,0.004664165479630694,0.0006292220433890827,0.0040349434362416114,E,W,W,0.0,True
C_aa_only_s231301,C,aa_only,231301,train,18,143,2vzw,L,0.0002468542826902833,0.0002450094094073259,F,-0.23508771929824557,False,0.06105560396450874,0.0,0.2,0.007742074726850177,0.015711597076372704,0.15964912280701754,False,0.037631683514530584,0.0,0.2,0.006483282514240512,0.012123442493237158,-0.0017543859649122807,False,0.04934364373951966,0.0,0.2,0.006918686003400992,0.01366642985367018,0.037631683514530584,-0.0019746325515294927,-0.03960631606606008,0.037631683514530584,F,P,P,0.0,True
C_aa_only_s231301,C,aa_only,231301,train,18,5,2vzw,T,0.00011010201549796433,0.00010743747470962376,C,0.6631578947368422,True,0.0,0.6666666666666666,0.8,0.007136840983846738,0.010492950752670305,0.5421052631578946,False,0.0030237361845606436,0.6666666666666666,0.6,0.010896048148950175,0.013258178779447795,0.6228070175438596,True,0.0,0.6666666666666666,0.6,0.008849485805219265,0.011657737873800814,0.0,-0.021367604925451783,-0.021367604925451783,0.0030237361845606436,C,F,C,0.0030237361845606436,True
C_aa_only_s231301,C,aa_only,231301,train,19,37,6kys,A,0.00021076909900510013,0.00012149725099704825,V,0.031578947368421054,False,0.018893321724945594,0.0,0.4,0.012802647282787625,0.014517888930733013,-0.06666666666666667,False,0.029338310212490587,0.3333333333333333,0.2,0.011588154280505011,0.014128811248906551,-0.042105263157894736,False,0.02411581596871809,0.3333333333333333,0.4,0.01219540078164632,0.014179534313152718,0.029338310212490587,-0.0018656648685771993,-0.031203975081067786,0.029338310212490587,V,P,P,0.0,False
C_aa_only_s231301,C,aa_only,231301,train,19,110,6kys,D,0.00022159552688906463,0.00017812138221888696,E,0.13157894736842105,False,0.05685469576351154,0.3333333333333333,0.4,0.01019373551013305,0.014886085008794778,0.0912280701754386,False,0.05449503899314928,0.3333333333333333,0.4,0.013251349847694084,0.016706658428321565,0.14736842105263157,False,0.05567486737833041,0.3333333333333333,0.4,0.011468610718467382,0.015439770410391669,0.05449503899314928,0.006686651029779694,-0.047808387963369586,0.05449503899314928,E,Q,Q,0.0,False
C_aa_only_s231301,C,aa_only,231301,train,19,75,6kys,L,0.0019169524265892682,0.0010916563217733058,F,0.3508771929824562,True,0.0,0.3333333333333333,0.4,0.03286247082962315,0.043783015275209954,0.5035087719298245,False,0.002376829531352237,0.3333333333333333,0.4,0.044601273227672884,0.05906635080686381,0.443859649122807,True,0.0,0.3333333333333333,0.4,0.03823722185703306,0.05119622384102707,0.0,-0.007049809559886017,-0.007049809559886017,0.002376829531352237,F,T,F,0.002376829531352237,False
C_aa_only_s231301,C,aa_only,231301,train,19,50,6kys,T,0.0001539002253152776,2.935248380165482e-05,C,0.11228070175438597,False,0.006078843288970903,0.0,0.4,0.011160095945538408,0.012405652958038025,0.11578947368421051,False,0.0011803818146601808,0.3333333333333333,0.2,0.011508155926691417,0.013084672191753811,0.1842105263157895,False,0.003517604107256031,0.0,0.4,0.011334125936114913,0.012615066286670279,0.0009563649255411588,0.003119851278061414,0.0021634863525202552,0.0011803818146601808,C,K,G,0.00022401688911902196,False
C_aa_only_s231301,C,aa_only,231301,train,20,65,1ji5,A,4.921415320833538e-06,3.175837767300369e-06,V,0.20350877192982456,False,0.0004400359533587722,0.0,0.4,0.0018945278256364269,0.0022184263162957516,0.3350877192982456,False,0.0008980987871840956,0.3333333333333333,0.4,0.001151674961673922,0.001478456286639675,0.2912280701754386,False,0.0005208560946913521,0.0,0.4,0.0013627896611230705,0.0016915157645016373,0.0006016762360239319,-0.0009442652040254629,-0.0015459414400493948,0.0008980987871840956,V,M,S,0.0002964225511601637,True
C_aa_only_s231301,C,aa_only,231301,train,20,11,1ji5,D,0.0005047144785292002,0.00025092375282872797,E,0.5210526315789473,False,0.0007568293539464005,0.3333333333333333,0.4,0.016126901871641924,0.022465851386697995,0.5543859649122806,False,0.000525691794467778,0.3333333333333333,0.4,0.01561199108795973,0.021767419417162426,0.5263157894736842,False,0.00040366256840913134,0.3333333333333333,0.4,0.0158627218887622,0.022093340136390225,-0.0005051497556412959,-0.0009999118178589395,-0.0004947620622176435,0.000525691794467778,E,K,W,0.001030841550109074,True
C_aa_only_s231301,C,aa_only,231301,train,20,34,1ji5,L,2.4940309612256255e-05,2.3880455242324027e-05,F,0.3017543859649123,False,0.003021816248524295,0.6666666666666666,0.4,0.0038846863928061783,0.00499402739402341,0.4789473684210526,False,0.002249825656622677,0.6666666666666666,0.6,0.003394856828177604,0.004141384235693598,0.39649122807017545,False,0.002635820952573486,0.6666666666666666,0.4,0.003528410995653064,0.004464012390253728,0.002249825656622677,-0.007718024699600742,-0.00996785035622342,0.002249825656622677,F,W,W,0.0,True
C_aa_only_s231301,C,aa_only,231301,train,20,47,1ji5,T,1.4111729505534584e-05,5.910389666124213e-06,C,0.3368421052631579,False,0.0019303153462953276,0.3333333333333333,0.2,0.0029377894473707243,0.003756558199407349,0.32807017543859646,False,0.00177318978488894,0.3333333333333333,0.2,0.0021625812922398337,0.0029433550907030617,0.2824561403508772,False,0.0017279930726304266,0.3333333333333333,0.2,0.002550185369805279,0.0033275840591163023,0.0015256707989655255,0.0002707033751219029,-0.0012549674238436226,0.00177318978488894,C,H,D,0.0002475189859234145,True
C_aa_only_s231301,C,aa_only,231301,train,21,8,6qyy,A,0.0027806826323607966,0.0025426588994522698,V,0.019298245614035085,False,0.09229829545137858,0.3333333333333333,0.4,0.04330430416672124,0.052732178338854886,0.06842105263157894,False,0.10225489288671696,0.3333333333333333,0.4,0.03934080532404641,0.05083797677368519,0.042105263157894736,False,0.09727659416904777,0.3333333333333333,0.4,0.04132255474538383,0.05068915219011371,0.10225489288671696,-0.03986125849154082,-0.14211615137825778,0.10225489288671696,V,F,F,0.0,False
C_aa_only_s231301,C,aa_only,231301,train,21,24,6qyy,D,0.0002908454296451847,7.233686544546076e-05,E,0.02456140350877193,False,0.007595590666927554,0.0,0.4,0.014858026973139414,0.017054190970115957,0.3298245614035088,False,0.004528198544886786,0.0,0.4,0.015873734496002923,0.01820651589917411,0.20526315789473687,False,0.00606189460590717,0.3333333333333333,0.4,0.015327884840317897,0.017415757520696313,0.004528198544886786,0.006888429365850934,0.0023602308209641487,0.004528198544886786,E,T,T,0.0,False
C_aa_only_s231301,C,aa_only,231301,train,21,18,6qyy,L,0.0017724351363862807,0.0015204915291576135,F,-0.008771929824561405,False,0.05487066341492569,0.0,0.2,0.034000443763582446,0.04210029853084513,-0.019298245614035085,False,0.04951968140305513,0.0,0.2,0.042974181100643466,0.052156417115421065,-0.019298245614035085,False,0.05219517240899041,0.0,0.2,0.03783640854625059,0.04675847403605053,0.04951968140305513,-0.05286452323627322,-0.10238420463932835,0.04951968140305513,F,K,K,0.0,False
C_aa_only_s231301,C,aa_only,231301,train,21,5,6qyy,T,0.0006740371633528954,0.000338792604593887,C,0.4140350877192982,False,0.033598856782569075,0.0,0.2,0.021285465905930265,0.025962225701062214,0.4052631578947368,False,0.045255815988344605,0.0,0.2,0.018918754314699932,0.022288189873018806,0.43684210526315786,False,0.03775097194926738,0.0,0.2,0.019619859815232316,0.02357889905485161,0.03759441979558903,0.014772373974348219,-0.02282204582124081,0.045255815988344605,C,E,Q,0.007661396192755576,False
C_aa_only_s231301,C,aa_only,231301,train,22,140,3nbc,A,0.00013981520325853872,0.00013857907148673336,V,0.1719298245614035,False,0.006555338393991167,0.0,0.4,0.0059505145753168545,0.011824347899928297,0.16140350877192983,False,0.00738640944638802,0.0,0.4,0.004897887889869098,0.008851761455900935,0.15438596491228068,False,0.0066589865301073525,0.0,0.4,0.005403946785802105,0.010308612473918536,0.004993888725962681,-0.0024059612731467395,-0.00739984999910942,0.00738640944638802,V,C,Y,0.0023925207204253396,True
C_aa_only_s231301,C,aa_only,231301,train,22,119,3nbc,D,1.851778195302577e-05,1.0513079546667424e-05,E,0.24736842105263157,False,0.0008327529322618155,0.6666666666666666,0.6,0.003554513842393014,0.004303229247091743,0.1824561403508772,False,0.0037716894315156513,0.0,0.4,0.002321449744954071,0.0026655037097903043,0.24912280701754386,False,0.0023022211818887334,0.3333333333333333,0.6,0.0026022186980531646,0.0030690539939648904,0.0037716894315156513,-0.0012659435448056089,-0.00503763297632126,0.0037716894315156513,E,C,C,0.0,True
C_aa_only_s231301,C,aa_only,231301,train,22,77,3nbc,L,3.070249324532628e-05,9.741605855439626e-06,F,0.41052631578947374,False,0.006471367615832391,0.0,0.2,0.004578306170396063,0.005540983057664613,0.556140350877193,False,0.0031543386476023116,0.0,0.4,0.005317751068834623,0.005788743302850249,0.5052631578947369,False,0.004812853131717351,0.0,0.4,0.004948028619615343,0.005549782951783345,0.0031543386476023116,0.0025032680949834407,-0.0006510705526188709,0.0031543386476023116,F,M,M,0.0,True
C_aa_only_s231301,C,aa_only,231301,train,22,5,3nbc,T,0.001335488455015564,0.0009681240499467798,C,-0.20175438596491227,False,0.053148134899564436,0.0,0.0,0.030819418892054768,0.03654433547098051,-0.2543859649122807,False,0.052602796242011335,0.0,0.0,0.02994372714830148,0.036496598180896636,-0.18596491228070175,False,0.052875465570787886,0.0,0.0,0.030263790041329463,0.03641209114593693,0.052602796242011335,0.022848397626897998,-0.029754398615113337,0.052602796242011335,C,L,L,0.0,True
C_aa_only_s231301,C,aa_only,231301,train,23,2,3i07,A,0.0049259296547968165,0.0033358719065497457,V,0.12631578947368421,False,0.0017599965203101142,0.3333333333333333,0.4,0.05992062131805532,0.07018496744173083,0.1719298245614035,False,0.17493526108277493,0.3333333333333333,0.4,0.04680067881888905,0.06759414538788307,0.1701754385964912,False,0.08834762880154251,0.3333333333333333,0.4,0.04913838680985957,0.06509618118175997,0.17493526108277493,-0.014301419863336828,-0.18923668094611176,0.17493526108277493,V,G,G,0.0,False
C_aa_only_s231301,C,aa_only,231301,train,23,137,3i07,D,0.0005206130837217983,0.00038234756603860233,E,0.19649122807017544,False,0.040381247629900474,0.0,0.2,0.019906945995900732,0.022816947291909983,0.07543859649122807,False,0.06009908270624892,0.0,0.2,0.030053423195674535,0.033164683314693404,0.16315789473684209,False,0.050240165168074696,0.0,0.2,0.024887398754083037,0.027677913451665356,0.06009908270624892,0.028266550024516446,-0.03183253268173247,0.06009908270624892,E,W,W,0.0,False
C_aa_only_s231301,C,aa_only,231301,train,23,69,3i07,L,0.003595893165481013,0.0016952167430176821,F,0.4403508771929824,False,0.09140212566213951,0.0,0.4,0.05039889326394785,0.05996576661296855,0.10701754385964912,False,0.07730714466919858,0.0,0.2,0.04748831177360766,0.05517868955105852,0.356140350877193,False,0.08435463516566905,0.0,0.4,0.048843816928079715,0.05661267034683352,0.07730714466919858,0.04905944221921266,-0.028247702449985923,0.07730714466919858,F,M,M,0.0,False
C_aa_only_s231301,C,aa_only,231301,train,23,120,3i07,T,0.0030830342592263753,0.0019858537763684076,C,-0.40877192982456134,False,0.1408966651521233,0.0,0.2,0.048393288987656824,0.05552507775074588,-0.2263157894736842,False,0.10197339207409911,0.0,0.2,0.02664784834723054,0.033248653306251284,-0.3614035087719299,False,0.1214350286131112,0.0,0.2,0.035755528320148035,0.04101485204003162,0.10197339207409911,0.05653778294174572,-0.045435609132353394,0.10197339207409911,C,M,M,0.0,False
C_aa_only_s231301,C,aa_only,231301,train,24,85,1aa0,A,0.4523076040891447,0.41821490092757935,V,0.05087719298245614,False,0.4232409166881794,0.3333333333333333,0.4,0.4896237506543509,0.6725381803950945,0.05087719298245614,True,0.0,0.3333333333333333,0.4,0.6239351629118601,1.001081636923669,0.08070175438596491,False,0.09598096104453191,0.3333333333333333,0.4,0.5322759173255345,0.8069167068924412,-0.2312789945991156,-2.4656467457082574,-2.2343677511091418,0.0,V,V,P,0.2312789945991156,False
C_aa_only_s231301,C,aa_only,231301,train,24,78,1aa0,D,0.28751871763222164,0.15209278106405588,E,0.719298245614035,False,0.03819414876232763,0.6666666666666666,0.4,0.3891104028853259,0.5362077187361458,0.32105263157894737,False,0.23995409937586487,0.3333333333333333,0.2,0.19802962629591198,0.32406244040989013,0.5842105263157895,False,0.0652503388482133,0.3333333333333333,0.4,0.2538330891855294,0.40888973647336824,0.09202428132934237,0.002360561869243938,-0.08966371946009843,0.23995409937586487,E,M,Q,0.1479298180465225,False
C_aa_only_s231301,C,aa_only,231301,train,24,75,1aa0,L,1.3916640831617184,1.171874384150432,F,-0.03684210526315789,False,1.369757493549649,0.0,0.4,0.582827669347247,1.1796881296180437,0.2982456140350877,False,0.9562313081303113,0.0,0.4,0.3744553346735046,0.8711544295491823,0.1105263157894737,False,1.1629944008399802,0.0,0.4,0.4619047171831954,1.016585816489115,0.9562313081303113,0.22992620146102105,-0.7263051066692903,0.9562313081303113,F,R,R,0.0,False
C_aa_only_s231301,C,aa_only,231301,train,24,30,1aa0,T,0.09380365663307962,0.06646883763017863,C,-0.4508771929824561,False,0.24061807914570998,0.0,0.0,0.19138082328235342,0.30627382622920885,-0.20175438596491227,False,0.47536619953468673,0.0,0.2,0.16947832648946423,0.22558068972441633,-0.40877192982456134,False,0.35799213934019836,0.0,0.0,0.16073382653332013,0.24327933704894714,0.47536619953468673,-0.04457262356093317,-0.5199388230956199,0.47536619953468673,C,P,P,0.0,False
C_aa_only_s231301,C,aa_only,231301,train,25,61,6o2k,A,0.056894596830206944,0.04166816528745358,V,-0.30701754385964913,False,0.5129659137215026,0.3333333333333333,0.2,0.19510638364919602,0.2385258829355987,-0.3385964912280702,False,0.5240076439765741,0.0,0.2,0.19326755062999207,0.23813487610764353,-0.3385964912280702,False,0.5184867788490384,0.0,0.2,0.19372350691716425,0.2370866404931801,0.5240076439765741,0.35045226549630537,-0.1735553784802687,0.5240076439765741,V,R,R,0.0,False
C_aa_only_s231301,C,aa_only,231301,train,25,51,6o2k,D,0.12034320080442382,0.031777735266539396,E,-0.20350877192982456,False,0.8425921374725199,0.3333333333333333,0.2,0.3078796318601368,0.34690517552268346,-0.20350877192982456,False,0.68830238269216,0.3333333333333333,0.2,0.28437003983965736,0.31083633173652425,-0.1824561403508772,False,0.7654472600823401,0.3333333333333333,0.2,0.2961248358498971,0.3282050972547447,0.68830238269216,0.5860718127325906,-0.10223056995956947,0.68830238269216,E,W,W,0.0,False
C_aa_only_s231301,C,aa_only,231301,train,25,63,6o2k,L,0.03848353816201536,0.0383974199985972,F,-0.6157894736842106,False,0.4125138640171421,0.0,0.0,0.13742954601971144,0.19617221557095021,-0.5631578947368421,False,0.3838817781040216,0.0,0.0,0.14668129788194104,0.2004841776926147,-0.5631578947368421,False,0.3981978210605818,0.0,0.0,0.14205542195082624,0.19746513191987278,0.3838817781040216,0.13980968928195636,-0.24407208882206521,0.3838817781040216,F,S,S,0.0,False
C_aa_only_s231301,C,aa_only,231301,train,25,97,6o2k,T,0.009051585478187837,0.008901977751950845,C,-0.31228070175438594,False,0.08169032455040315,0.0,0.2,0.07651324613469898,0.0951398206756132,-0.30526315789473685,False,0.0773726741995544,0.0,0.2,0.0736279216668757,0.08892021134737213,-0.30000000000000004,False,0.07318740313567446,0.0,0.2,0.07238595171858879,0.09079618355301279,0.055033269383363725,-0.05189161011844279,-0.10692487950180651,0.0773726741995544,C,M,N,0.022339404816190678,False
C_aa_only_s231301,C,aa_only,231301,train,26,6,3fhk,A,0.006327077802731416,0.004686139160044846,V,-0.08596491228070174,False,0.03057400804403193,0.0,0.0,0.048934437632733266,0.07954293056413886,0.02280701754385965,False,0.03548972776629289,0.3333333333333333,0.2,0.049986635727387665,0.07899183665306753,-0.06315789473684211,False,0.03303186790516241,0.0,0.2,0.049460536680060466,0.07922325851939767,0.03548972776629289,0.009880275950453571,-0.025609451815839318,0.03548972776629289,V,W,W,0.0,False
C_aa_only_s231301,C,aa_only,231301,train,26,143,3fhk,D,2.391848244334806e-05,2.3702561454013016e-05,E,0.612280701754386,False,0.0063524701886428225,0.3333333333333333,0.4,0.0041027762616657,0.004890652558028229,0.5421052631578946,False,0.009830408910970562,0.3333333333333333,0.6,0.005004979361793284,0.006034807751785123,0.612280701754386,False,0.007825993735200473,0.3333333333333333,0.6,0.0039597843200225745,0.005041852765507656,0.0073753514844392964,-0.0042332389577574014,-0.011608590442196698,0.009830408910970562,E,Q,K,0.0024550574265312652,False
C_aa_only_s231301,C,aa_only,231301,train,26,14,3fhk,L,0.0088718309286358,0.008142106643613325,F,-0.43684210526315786,False,0.07309968372467834,0.0,0.2,0.04850374449392427,0.09419039722092587,-0.45789473684210524,False,0.08022456556750462,0.0,0.0,0.05061092021786697,0.09372505427324702,-0.46491228070175433,False,0.07431103930872919,0.0,0.2,0.04946824499573854,0.09379398810132078,0.07552239489278004,0.02483809887448593,-0.050684296018294106,0.08022456556750462,F,Q,A,0.004702170674724587,False
C_aa_only_s231301,C,aa_only,231301,train,26,23,3fhk,T,0.0010169222276228088,0.0006621274306937767,C,0.2982456140350877,False,0.06493993532493744,0.0,0.4,0.025434161732284633,0.031889218046587606,0.27368421052631575,False,0.07616244073003986,0.0,0.4,0.030967066627660647,0.03841785107745431,0.2614035087719298,False,0.07055118802748865,0.0,0.4,0.028005672839619574,0.03507982025416562,0.07616244073003986,0.02591589451230733,-0.05024654621773253,0.07616244073003986,C,W,W,0.0,False
C_aa_only_s231301,C,aa_only,231301,development,27,68,1xko,A,0.0006063873368081948,0.000390474360812877,V,-0.1701754385964912,False,0.03136045888441247,0.0,0.2,0.020328399890477515,0.024624933234593648,-0.08596491228070174,False,0.032910387502300256,0.0,0.4,0.03135080755802376,0.037974442371973095,-0.16666666666666666,False,0.03213542319335636,0.0,0.2,0.025039430462612373,0.030938407767732757,0.032910387502300256,0.0220749805332566,-0.010835406969043657,0.032910387502300256,V,S,S,0.0,True
C_aa_only_s231301,C,aa_only,231301,development,27,149,1xko,D,0.0036788706533169846,0.0032227410945824667,E,0.45789473684210524,False,0.017721838422359887,0.3333333333333333,0.2,0.023333359882545722,0.06065369447376627,0.2789473684210526,False,0.0238875400986073,0.3333333333333333,0.2,0.03353482668594999,0.068410140178671,0.3403508771929824,False,0.02076892652500796,0.3333333333333333,0.2,0.028131767822569927,0.06431917457067526,0.023816014627656035,0.018222930775437185,-0.00559308385221885,0.0238875400986073,E,H,N,7.152547095126693e-05,True
C_aa_only_s231301,C,aa_only,231301,development,27,87,1xko,L,2.2529179717943846e-05,2.0537724006549253e-05,F,0.5456140350877193,False,0.005573050326017515,0.3333333333333333,0.6,0.004042954260427635,0.004746491306001081,0.13508771929824562,False,0.002820140541827665,0.6666666666666666,0.6,0.003229879487641205,0.003897065574243892,0.4929824561403509,False,0.0032920360403363644,0.6666666666666666,0.8,0.0028649813753223443,0.003712995622535216,0.0010110217546552142,-0.0006093678624671667,-0.0016203896171223808,0.002820140541827665,F,W,H,0.0018091187871724507,False
C_aa_only_s231301,C,aa_only,231301,development,27,47,1xko,T,0.00270209903374208,0.0022442486147045636,C,0.02280701754385965,False,0.03888515805650558,0.0,0.2,0.02667406859122114,0.05198171826461761,-0.13157894736842105,False,0.03971631855439223,0.0,0.2,0.030746515877767017,0.059541668299096726,-0.1280701754385965,False,0.039300738305448904,0.0,0.2,0.02871029223449408,0.0555332879923127,0.03971631855439223,0.026024185130824357,-0.01369213342356787,0.03971631855439223,C,V,V,0.0,True
C_aa_only_s231301,C,aa_only,231301,development,28,25,4lr3,A,0.24037127223835392,0.07899253500245422,V,0.0912280701754386,False,0.14374316118934471,0.0,0.0,0.4552363161239647,0.4902767302639948,0.2070175438596491,False,0.18095269745894704,0.0,0.2,0.6351914470872381,0.6879382197610696,0.2070175438596491,False,0.16234792932414588,0.0,0.2,0.5386196319596523,0.5868123343994767,0.18095269745894704,-0.8246470363171339,-1.005599733776081,0.18095269745894704,V,H,H,0.0,False
C_aa_only_s231301,C,aa_only,231301,development,28,120,4lr3,D,0.14644777526214856,0.12814385859255528,E,0.15964912280701754,False,0.6474841350258407,0.0,0.0,0.3271397383332297,0.3826849556255753,0.30000000000000004,False,0.7171391470935937,0.0,0.2,0.3332274177155543,0.4152009221060185,0.2421052631578947,False,0.6548434154384863,0.0,0.2,0.32448441743920453,0.3934849592989665,0.5250791173527642,-0.10941559176550752,-0.6344947091182718,0.7171391470935937,E,A,Y,0.19206002974082947,False
C_aa_only_s231301,C,aa_only,231301,development,28,10,4lr3,L,0.6505983748102575,0.12846572773529663,F,-0.06140350877192983,False,0.5989787928863084,0.0,0.2,0.7699739776658643,0.806596785767373,-0.028070175438596492,False,0.8123640789178515,0.0,0.2,0.7741058216344117,0.8227807178202408,-0.0456140350877193,False,0.7056714359020799,0.0,0.2,0.772039899650138,0.8122469108835052,0.8123640789178515,-0.5439413710871008,-1.3563054500049523,0.8123640789178515,F,C,C,0.0,False
C_aa_only_s231301,C,aa_only,231301,development,28,3,4lr3,T,1.6550718797155066,1.2749936634833485,C,0.18947368421052632,False,2.1050827676052073,0.3333333333333333,0.4,0.9486692455482835,1.2864959695683102,0.3403508771929824,False,1.3971393598558746,0.3333333333333333,0.4,0.7281246879430509,1.1135677487090658,0.2508771929824561,False,1.751111063730541,0.3333333333333333,0.4,0.8366301719753952,1.1907815036442577,1.3971393598558746,0.5840317146556897,-0.8131076452001849,1.3971393598558746,C,F,F,0.0,False
C_aa_only_s231301,C,aa_only,231301,train,29,44,3lzq,A,0.040345178532328434,0.002430895017701568,V,0.6561403508771929,True,0.0,0.6666666666666666,0.6,0.19471590462678404,0.2008610926295295,0.7,True,0.0,0.6666666666666666,0.6,0.20249647380659333,0.2089926669713337,0.6824561403508772,True,0.0,0.6666666666666666,0.6,0.1986061892166887,0.20487241231759196,0.0,0.03851216259963042,0.03851216259963042,0.0,V,V,V,0.0,False
C_aa_only_s231301,C,aa_only,231301,train,29,90,3lzq,D,0.013095132501351175,0.005296014014617913,E,0.6526315789473683,False,0.04712814400228926,0.0,0.6,0.0980228096361035,0.11443396568043587,0.6140350877192983,False,0.07210363700901784,0.0,0.4,0.10176865777208238,0.11657244659771508,0.6333333333333333,False,0.05961589050565355,0.0,0.4,0.09948310311845113,0.11537944642410138,0.07210363700901784,0.002686299039766471,-0.06941733796925137,0.07210363700901784,E,C,C,0.0,False
C_aa_only_s231301,C,aa_only,231301,train,29,49,3lzq,L,0.011999389369421196,0.008149946252764986,F,-0.4,False,0.32329096730528495,0.0,0.0,0.10075201612943638,0.10954172433105659,-0.43684210526315786,False,0.3771155274853907,0.0,0.0,0.123071408160777,0.13591764117064895,-0.42105263157894735,False,0.3502032473953378,0.0,0.0,0.1119117121451067,0.12234261682223585,0.3771155274853907,0.1504102821911137,-0.226705245294277,0.3771155274853907,F,A,A,0.0,False
C_aa_only_s231301,C,aa_only,231301,train,29,74,3lzq,T,0.0023360890478110134,0.0022805241514675125,C,0.3192982456140351,False,0.06816140618016667,0.0,0.4,0.034882086616712805,0.048333105091758935,0.3701754385964912,False,0.1019631651012129,0.0,0.4,0.04167418674572204,0.05782199817738708,0.32631578947368417,False,0.08506228564068978,0.0,0.4,0.03820257810886272,0.05291275433369895,0.1019631651012129,-0.0003026311874210208,-0.10226579628863391,0.1019631651012129,C,W,W,0.0,False
C_aa_only_s231301,C,aa_only,231301,train,30,122,2zvy,A,0.0018652045795972186,0.0009050383860737658,V,-0.2614035087719298,False,0.08582547379445532,0.3333333333333333,0.2,0.03239562639029785,0.043188014304864936,-0.20877192982456141,False,0.04683871957623792,0.3333333333333333,0.2,0.025601075016602463,0.03255558337333198,-0.2508771929824561,False,0.06633209668534662,0.3333333333333333,0.2,0.028951676940769243,0.03775157342476344,0.04683871957623792,-0.022967117319855124,-0.06980583689609304,0.04683871957623792,V,Y,Y,0.0,False
C_aa_only_s231301,C,aa_only,231301,train,30,44,2zvy,D,0.00035083844615476213,0.0002401263157496348,E,0.27543859649122804,False,0.0349354029672162,0.3333333333333333,0.2,0.015077473980396314,0.018730681945801176,0.24736842105263157,False,0.032384625267928346,0.0,0.4,0.01748900938785365,0.02144054181911712,0.19122807017543858,False,0.03169991937794006,0.0,0.2,0.015357456529039873,0.0193855066966522,0.028464435788663922,-0.012832174808717178,-0.0412966105973811,0.032384625267928346,E,K,Y,0.003920189479264424,False
C_aa_only_s231301,C,aa_only,231301,train,30,17,2zvy,L,0.12497419415848103,0.06250341585495997,F,0.3298245614035088,False,0.012887588490883672,0.0,0.4,0.2509680925876497,0.35351689373844786,0.2368421052631579,False,0.03642697544960355,0.0,0.2,0.27114683138812956,0.3786995978024558,0.31228070175438594,False,0.02465728197024361,0.0,0.4,0.2610574619878896,0.36599560622921384,0.03642697544960355,0.029727539021747462,-0.006699436427856087,0.03642697544960355,F,P,P,0.0,True
C_aa_only_s231301,C,aa_only,231301,train,30,146,2zvy,T,0.0009087028865743951,0.0005008977443888623,C,0.1824561403508772,False,0.04265352115105514,0.0,0.6,0.022599633296977114,0.030144699145527976,0.07543859649122807,False,0.04833606171836102,0.3333333333333333,0.4,0.017951147322088794,0.021579602431471657,0.2070175438596491,False,0.04549479143470808,0.3333333333333333,0.4,0.01853595612532069,0.02423651346867397,0.04833606171836102,-0.01151893811276411,-0.05985499983112513,0.04833606171836102,C,R,R,0.0,False
C_aa_only_s231301,C,aa_only,231301,train,31,39,4reu,A,5.898489691688722e-05,2.795522480488118e-05,V,0.41578947368421054,False,0.003327208962388098,0.0,0.4,0.005677800316104106,0.007680162557972795,0.543859649122807,False,0.001304840050245254,0.0,0.2,0.004272736125266023,0.00582077224692601,0.5333333333333333,False,0.0022676404273067746,0.0,0.2,0.0049563888955268314,0.006673756065120081,0.0012080718922254513,0.0014385722074228974,0.00023050031519744607,0.001304840050245254,V,D,I,9.676815801980265e-05,False
C_aa_only_s231301,C,aa_only,231301,train,31,137,4reu,D,2.9062263917032855e-05,2.7363344886338837e-05,E,0.14385964912280702,False,0.0013895200970018284,0.0,0.4,0.003252615491361277,0.0053909427669965905,0.4842105263157894,False,0.001341053659742672,0.3333333333333333,0.6,0.002784488626661219,0.004767331548882968,0.3385964912280702,False,0.0013381118775159379,0.3333333333333333,0.4,0.0029690935318501437,0.005009257441653134,-0.0001598400302508518,-0.004477626250309327,-0.0043177862200584755,0.001341053659742672,E,R,K,0.0015008936899935238,True
C_aa_only_s231301,C,aa_only,231301,train,31,149,4reu,L,0.000683208414597073,0.0002813117628271056,F,0.42105263157894735,False,0.013422552067678561,0.0,0.0,0.021475971776099702,0.026138255768070544,0.431578947368421,False,0.008530933550072999,0.0,0.2,0.015531226936938109,0.01907811019792649,0.4333333333333333,False,0.01097674280887578,0.0,0.0,0.018048008326407124,0.02235240896815727,0.008530933550072999,-0.0059266617358762486,-0.014457595285949247,0.008530933550072999,F,R,R,0.0,True
C_aa_only_s231301,C,aa_only,231301,train,31,62,4reu,T,1.2435634349221536e-05,6.0588798985848265e-06,C,-0.01754385964912281,False,0.0023706872099224646,0.0,0.2,0.002841545921685767,0.003526419480042262,-0.15614035087719297,False,0.0034217519557622478,0.0,0.2,0.002727266815990244,0.003464331797286429,-0.06666666666666667,False,0.002896219582842356,0.0,0.0,0.002765285637488774,0.0034570220767118523,0.0034217519557622478,0.0015111367245044804,-0.0019106152312577673,0.0034217519557622478,C,E,E,0.0,True
C_aa_only_s231301,C,aa_only,231301,train,32,114,6mvm,A,4.407786133058803e-06,4.225072631352481e-06,V,0.015789473684210527,False,0.0010055392053445744,0.3333333333333333,0.2,0.001609184773514094,0.0020994728226530588,-0.028070175438596492,False,0.0044846106022543505,0.0,0.2,0.00247005406734833,0.003100992773709968,0.005263157894736842,False,0.002732023261367492,0.0,0.2,0.0019528386249159679,0.002537094057912145,0.0017920024965841844,0.0012509351788374395,-0.0005410673177467448,0.0044846106022543505,V,G,H,0.002692608105670166,True
C_aa_only_s231301,C,aa_only,231301,train,32,39,6mvm,D,0.0001154180506431832,0.00011293590306374104,E,0.5842105263157895,False,0.0009911665662819258,0.3333333333333333,0.4,0.008140303197528863,0.01074327932445132,0.5807017543859649,False,0.0020307710912956557,0.3333333333333333,0.4,0.007885536327070649,0.011231661526720808,0.5929824561403508,False,0.0015109688287887908,0.3333333333333333,0.4,0.00799027731180157,0.010967917167670229,0.0020307710912956557,-0.00796113868025286,-0.009991909771548516,0.0020307710912956557,E,K,K,0.0,True
C_aa_only_s231301,C,aa_only,231301,train,32,29,6mvm,L,6.710239858264395e-05,5.6736463640879114e-05,F,0.6491228070175438,True,0.0,0.6666666666666666,0.6,0.007409335915879088,0.008191605372736405,0.7157894736842104,False,0.0008350268738733339,0.6666666666666666,0.6,0.007670176041255498,0.008285924899080914,0.6964912280701754,True,0.0,0.6666666666666666,0.6,0.007539755978567292,0.008209514903952,0.0,-0.01585360285167634,-0.01585360285167634,0.0008350268738733339,F,Y,F,0.0008350268738733339,True
C_aa_only_s231301,C,aa_only,231301,train,32,88,6mvm,T,8.216119701950054e-06,6.750662330725644e-06,C,-0.2210526315789474,False,0.003542169171093741,0.0,0.2,0.0025405491882975802,0.0028663774528052046,-0.2543859649122807,False,0.005155464721227847,0.0,0.2,0.0025261768168340928,0.00307470623126986,-0.2368421052631579,False,0.004348816946160794,0.0,0.2,0.0025333630025658363,0.002929400993056753,0.005155464721227847,2.9863014751316252e-05,-0.0051256017064765305,0.005155464721227847,C,R,R,0.0,True
C_aa_only_s231301,C,aa_only,231301,train,33,154,7ebl,A,0.11795418109608088,0.06940611624752548,V,0.02456140350877193,False,0.5543714019899735,0.0,0.2,0.297942043119699,0.34344458227795777,-0.16666666666666666,False,1.383398929299604,0.0,0.2,0.4064732169812433,0.4611184191812538,-0.3192982456140351,False,0.5775104679134366,0.0,0.2,0.25022285031832725,0.3100844029396011,0.1428286547607689,0.6177208796844686,0.47489222492369976,1.383398929299604,V,Q,P,1.2405702745388352,False
C_aa_only_s231301,C,aa_only,231301,train,33,104,7ebl,D,0.5036452292156726,0.4651989064554501,E,-0.5403508771929825,False,1.4650393424527222,0.0,0.2,0.522966803612649,0.7096796666212669,-0.1649122807017544,False,0.8915752147021312,0.0,0.2,0.5056047550662144,0.6130812783799183,-0.41754385964912283,False,1.0673275258486976,0.0,0.2,0.33210098273430744,0.5088288631596988,0.6696157092446731,0.5781457710869669,-0.09146993815770621,0.8915752147021312,E,G,F,0.22195950545745813,False
C_aa_only_s231301,C,aa_only,231301,train,33,30,7ebl,L,0.12173616619007409,0.11609679269215417,F,0.4122807017543859,False,0.5576719669566712,0.3333333333333333,0.6,0.2886635815488185,0.34890710252167995,-0.2157894736842105,False,1.0723989482653051,0.0,0.0,0.4101119269775847,0.5297333542540743,0.12105263157894736,False,0.7176859261692847,0.3333333333333333,0.4,0.25148032858918357,0.33677943611435746,0.8776998853818982,-0.283492872317205,-1.1611927576991032,1.0723989482653051,F,E,P,0.19469906288340688,False
C_aa_only_s231301,C,aa_only,231301,train,33,108,7ebl,T,0.1280949801815219,0.11631818901695797,C,-0.03859649122807017,False,0.7578314429349335,0.0,0.2,0.2774174008050714,0.35790359062395827,-0.06491228070175438,False,0.09739500031801374,0.3333333333333333,0.6,0.4353453128896692,0.5727709673970293,0.0017543859649122807,False,0.32801731141028245,0.0,0.4,0.249512107833924,0.33579337889403355,-0.22865358968711114,0.07758437328685464,0.30623796297396577,0.09739500031801374,C,P,L,0.32604859000512487,False
C_aa_only_s231301,C,aa_only,231301,train,34,94,4wfq,A,2.9483644621081004e-05,1.2393533799005262e-05,V,0.41052631578947374,False,0.0008971870315248667,0.3333333333333333,0.4,0.005060197050109853,0.005429884402183991,0.5087719298245614,False,0.0014472841946073858,0.6666666666666666,0.6,0.005651739692791678,0.006051927306818142,0.45964912280701753,False,0.0011722356130661263,0.6666666666666666,0.6,0.005331613224996107,0.00573480858354375,0.0014472841946073858,-0.008740952533411075,-0.010188236728018461,0.0014472841946073858,V,F,F,0.0,False
C_aa_only_s231301,C,aa_only,231301,train,34,75,4wfq,D,1.8457448878782268e-05,2.6917534412196697e-06,E,0.38421052631578945,True,0.0,0.3333333333333333,0.4,0.003970603913457322,0.004296213318584433,0.46140350877192987,True,0.0,0.3333333333333333,0.2,0.002982689554748719,0.0033839185603058743,0.3929824561403509,True,0.0,0.3333333333333333,0.4,0.00347664673410302,0.0038074357522002804,0.0,0.0009435052377755604,0.0009435052377755604,0.0,E,E,E,0.0,False
C_aa_only_s231301,C,aa_only,231301,train,34,189,4wfq,L,0.00011220114185454817,2.6849183032469443e-05,F,0.3140350877192983,False,0.008735958775602001,0.3333333333333333,0.6,0.00957779256180304,0.010592504040808678,0.2912280701754386,False,0.0056382902522121026,0.3333333333333333,0.6,0.008150141980604464,0.00910092732096285,0.34210526315789475,False,0.007187124513907052,0.3333333333333333,0.6,0.00886396727120375,0.00982048409318486,0.0056382902522121026,0.005337178133776668,-0.0003011121184354343,0.0056382902522121026,F,W,W,0.0,False
C_aa_only_s231301,C,aa_only,231301,train,34,122,4wfq,T,0.00015743141222040693,2.548751482916498e-05,C,-0.021052631578947368,False,0.00848516379682121,0.0,0.0,0.011775662482627548,0.012547167497901943,-0.07543859649122807,False,0.009343253883307909,0.0,0.2,0.010715312434423358,0.011598519040884377,-0.042105263157894736,False,0.00891420884006456,0.0,0.2,0.011245487458525452,0.01204944092347724,0.009343253883307909,0.007421103169914622,-0.0019221507133932864,0.009343253883307909,C,P,P,0.0,False
C_aa_only_s231301,C,aa_only,231301,train,35,75,1s8a,A,0.002636444736167256,0.0013905561240314588,V,0.03508771929824562,False,0.08631686829283619,0.0,0.4,0.04382234120809811,0.0513463215446565,-0.01754385964912281,True,0.0,0.3333333333333333,0.2,0.018551420500777176,0.02522063528376351,-0.02456140350877193,False,0.03887066174315759,0.0,0.4,0.02403556371525391,0.031848520054218316,-0.008575544806521007,-0.021272868250938326,-0.012697323444417319,0.0,V,V,Y,0.008575544806521007,True
C_aa_only_s231301,C,aa_only,231301,train,35,70,1s8a,D,0.002711880096085991,0.0027105030712097204,E,-0.0894736842105263,False,0.12451298763178126,0.0,0.2,0.041143686235668324,0.052075715031922425,-0.07368421052631578,False,0.044852194054317396,0.0,0.2,0.029649199205565108,0.03474394449726136,-0.12631578947368421,False,0.08468259084304933,0.0,0.2,0.03396896952509578,0.04244076091517918,0.044852194054317396,-0.01065670715186351,-0.055508901206180905,0.044852194054317396,E,Y,Y,0.0,True
C_aa_only_s231301,C,aa_only,231301,train,35,76,1s8a,L,0.0021783337752233982,0.0013751224339496636,F,0.16140350877192983,False,0.04436249061453412,0.3333333333333333,0.2,0.03843635769397601,0.04667262340198372,0.3192982456140351,False,0.021043498577889508,0.3333333333333333,0.2,0.020237017820350714,0.024409575364875338,0.28596491228070176,False,0.023808727127323903,0.3333333333333333,0.4,0.027145820744170344,0.03315297994064978,0.003254963640113684,-0.036503735695599115,-0.0397586993357128,0.021043498577889508,F,C,R,0.017788534937775824,True
C_aa_only_s231301,C,aa_only,231301,train,35,6,1s8a,T,0.2737154469289675,0.1900649777370317,C,-0.12105263157894736,False,0.027969458487454246,0.0,0.2,0.28922390840304985,0.5231782171774428,-0.0894736842105263,False,0.026462939415239084,0.0,0.2,0.33685202831886296,0.6327314212478289,-0.13859649122807016,False,0.026761216038185515,0.0,0.2,0.3130379683609564,0.5778112754805029,-0.0011396905162667226,0.03957497642540364,0.04071466694167036,0.026462939415239084,C,K,M,0.027602629931505807,True
C_aa_only_s231301,C,aa_only,231301,train,36,56,1qsm,A,0.08313337051639062,0.06911888718164669,V,-0.14912280701754385,False,0.7283547885119555,0.0,0.2,0.1955882169745836,0.28832858081777224,-0.15964912280701754,False,0.6530725000078579,0.0,0.2,0.18811548093950556,0.2659428296593441,-0.16666666666666666,False,0.6907136442599067,0.0,0.2,0.19185184895704455,0.27581657793157904,0.6530725000078579,0.043974676974455174,-0.6090978230334028,0.6530725000078579,V,S,S,0.0,False
C_aa_only_s231301,C,aa_only,231301,train,36,26,1qsm,D,0.007970338156813209,0.001903834429497163,E,-0.6929824561403508,False,0.09223857115349654,0.0,0.0,0.08053850085966033,0.08927675037104121,-0.7070175438596492,False,0.08622440603219955,0.0,0.0,0.05734869615307811,0.06307193201890238,-0.7070175438596492,False,0.08923148859284805,0.0,0.0,0.06888681900990246,0.0760022079889448,0.08622440603219955,-0.037965381693420786,-0.12418978772562034,0.08622440603219955,E,P,P,0.0,False
C_aa_only_s231301,C,aa_only,231301,train,36,45,1qsm,L,0.011613256883419633,0.003664498850997965,F,-0.7315789473684211,False,0.2446599786542616,0.0,0.0,0.0940551094544019,0.10776482210545162,-0.7385964912280703,False,0.22628630002729505,0.0,0.0,0.06845984090035107,0.07882862361188048,-0.7210526315789473,False,0.23547313934077832,0.0,0.0,0.07982003400490079,0.09276193560877087,0.22628630002729505,0.0598477569300076,-0.16643854309728745,0.22628630002729505,F,A,A,0.0,False
C_aa_only_s231301,C,aa_only,231301,train,36,116,1qsm,T,0.0068171506912018745,0.006797387504356606,C,-0.16315789473684209,False,0.2255357763987365,0.0,0.2,0.06621314734875819,0.08256603836446239,-0.1824561403508772,False,0.19544206534143538,0.0,0.0,0.05312120894500353,0.07036842575921272,-0.1649122807017544,False,0.21048892087008594,0.0,0.2,0.058155851820563584,0.07575597437319535,0.19544206534143538,0.08281213462165687,-0.1126299307197785,0.19544206534143538,C,G,G,0.0,False
C_aa_only_s231301,C,aa_only,231301,train,37,25,4cl6,A,0.004096862606295111,0.0028307871577615057,V,0.09824561403508772,False,0.011337731136648946,0.3333333333333333,0.4,0.04217435454322226,0.06400673875690834,0.20175438596491227,False,0.01229450060167915,0.3333333333333333,0.4,0.04305082253935065,0.0656530703543225,0.1789473684210526,False,0.011816115869164048,0.3333333333333333,0.4,0.042598848802056666,0.0648255749607521,0.01229450060167915,-0.008422728682989572,-0.020717229284668723,0.01229450060167915,V,W,W,0.0,False
C_aa_only_s231301,C,aa_only,231301,train,37,83,4cl6,D,1.277245586606439e-05,1.0659491272772223e-05,E,0.13684210526315788,False,0.003964489548654804,0.3333333333333333,0.4,0.0024428192437086055,0.0035738572811549693,-0.05263157894736842,False,0.003720010952425676,0.3333333333333333,0.4,0.0038870714694126834,0.004767810606878965,0.0543859649122807,False,0.003389457468177426,0.3333333333333333,0.4,0.002947436950040625,0.004007230939167093,0.0028075018464641527,-0.005597356708651219,-0.008404858555115371,0.003720010952425676,E,Q,G,0.0009125091059615231,False
C_aa_only_s231301,C,aa_only,231301,train,37,12,4cl6,L,0.00023154292392468768,6.173857985663185e-05,F,0.19298245614035087,False,0.009989537358517153,0.0,0.2,0.013030899587827997,0.015216534557010268,0.10175438596491228,False,0.012154114438703928,0.0,0.2,0.012910501378679894,0.015443522590482966,0.11228070175438597,False,0.01107182589861054,0.0,0.2,0.012970700483253944,0.015317367396639994,0.012154114438703928,0.012740780208660707,0.000586665769956779,0.012154114438703928,F,K,K,0.0,False
C_aa_only_s231301,C,aa_only,231301,train,37,1,4cl6,T,0.001039324843117207,0.0005502259303807365,C,0.31052631578947365,False,0.023114656458039937,0.0,0.6,0.025265174727683012,0.0322385614306409,0.38245614035087716,False,0.012341700938111162,0.0,0.6,0.024895247409045827,0.030367820847497274,0.3192982456140351,False,0.017340747437431435,0.0,0.6,0.02508021106836442,0.031160824881870507,0.011487038678251807,-0.037447392932842105,-0.04893443161109391,0.012341700938111162,C,Y,I,0.0008546622598593553,False
C_aa_only_s231301,C,aa_only,231301,train,38,142,1rvv,A,1.5809138575420792e-05,1.4160377522637561e-05,V,0.3596491228070175,False,0.0046550280166781435,0.3333333333333333,0.6,0.0034630103580544614,0.003976070745776638,0.3543859649122807,False,0.005753695062558767,0.3333333333333333,0.6,0.004893062182932988,0.005838494842501486,0.3385964912280702,False,0.005204361539618455,0.3333333333333333,0.6,0.004165935560375941,0.004819646814006704,0.005753695062558767,-0.004155752465611083,-0.00990944752816985,0.005753695062558767,V,M,M,0.0,True
C_aa_only_s231301,C,aa_only,231301,train,38,48,1rvv,D,3.46049183438864e-06,3.4570891953892017e-06,E,0.5421052631578946,False,0.0005649861081158947,0.3333333333333333,0.6,0.0015214728182409564,0.001860239724978649,0.005263157894736842,False,0.0028716533998720123,0.0,0.0,0.002867880084471242,0.003456437785819974,0.28771929824561404,False,0.00042392643313747536,0.3333333333333333,0.4,0.0018260766097853431,0.0024079710414016886,-0.002502051609434265,-0.0009463062650951481,0.001555745344339117,0.0028716533998720123,E,V,H,0.005373705009306277,True
C_aa_only_s231301,C,aa_only,231301,train,38,148,1rvv,L,0.0004850083776814436,0.00013536599615760684,F,0.45964912280701753,False,0.0021019846904349535,0.6666666666666666,0.4,0.018772082502890995,0.022022905750183005,0.4473684210526316,False,0.007227809705325251,0.3333333333333333,0.6,0.01771036505901793,0.02067848841549334,0.42280701754385963,False,0.004621643326134281,0.3333333333333333,0.4,0.018241223780954465,0.021295148983640367,0.006126782097267892,0.006514331770557748,0.00038754967328985535,0.007227809705325251,F,W,T,0.0011010276080573589,True
C_aa_only_s231301,C,aa_only,231301,train,38,116,1rvv,T,1.4010248672727724e-05,7.684786437918498e-06,C,0.32807017543859646,False,0.006987108451633098,0.0,0.6,0.00291062379525692,0.0037430266727245913,-0.1842105263157895,False,0.004697358041767297,0.0,0.0,0.0025707976194465167,0.003111174961965611,0.11754385964912278,False,0.0050796786071578455,0.0,0.4,0.002199231034578716,0.0029407023369751022,0.003172248762682593,-0.0017741367958123075,-0.004946385558494901,0.004697358041767297,C,D,W,0.0015251092790847035,True
C_aa_only_s231301,C,aa_only,231301,train,39,101,2ja9,A,0.002680126411545232,0.0014084243066906285,V,0.1754385964912281,False,0.016947463294257836,0.0,0.4,0.038216425995340794,0.051769937333796645,0.24736842105263157,False,0.014965639897732516,0.0,0.4,0.034490843218740276,0.04797821341559392,0.21929824561403505,False,0.015538563443791724,0.0,0.4,0.03630226062552496,0.04985414240854905,0.009519734779657243,0.0029765854894370225,-0.006543149290220221,0.014965639897732516,V,C,P,0.005445905118075273,False
C_aa_only_s231301,C,aa_only,231301,train,39,95,2ja9,D,9.635673788787337e-05,8.706866638519674e-05,E,0.4385964912280701,False,0.0035247925035230693,0.0,0.6,0.006421782126586648,0.009816146794331947,0.5280701754385965,True,0.0,0.6666666666666666,0.6,0.006259282164038666,0.009518880370613032,0.5614035087719299,False,7.214510846673822e-05,0.3333333333333333,0.6,0.0060939640987540036,0.009576172581969364,-0.003380502286589593,-0.007916698748722445,-0.004536196462132852,0.0,E,E,N,0.003380502286589593,False
C_aa_only_s231301,C,aa_only,231301,train,39,51,2ja9,L,0.000621204995539347,0.0003233966133451115,F,0.5543859649122806,False,0.01937292301174208,0.6666666666666666,0.6,0.02068949364380607,0.02492398434318532,0.6175438596491227,False,0.01473052268034121,0.6666666666666666,0.6,0.016469447314389044,0.019405718577560023,0.5842105263157895,False,0.017051722846041645,0.6666666666666666,0.6,0.018305454462442892,0.021759365837673125,0.01473052268034121,-0.03439728645334543,-0.04912780913368664,0.01473052268034121,F,W,W,0.0,False
C_aa_only_s231301,C,aa_only,231301,train,39,78,2ja9,T,0.00142196855129528,0.00021885416533330872,C,0.519298245614035,False,0.002332271349083384,0.3333333333333333,0.8,0.03573252335395141,0.037708998280188775,0.6140350877192983,False,0.0031445361415952944,0.6666666666666666,0.8,0.035107173262253676,0.036760842775156,0.5649122807017544,False,0.0026920202371165797,0.6666666666666666,0.8,0.03541984830810254,0.03720214405741654,0.0019272336151065772,-0.04429539329255021,-0.046222626907656786,0.0031445361415952944,C,H,Y,0.0012173025264887172,False
A_aa_only_s231303,A,aa_only,231303,development,0,49,5oi7,A,27.9785436812444,19.959059234952317,P,0.14385964912280702,False,16.39004622225399,0.3333333333333333,0.4,3.799026615818504,5.28947480202377,-0.2,False,0.49381538488607823,0.3333333333333333,0.2,0.9825044480619473,1.117141667639541,0.09298245614035087,False,8.441930803570035,0.3333333333333333,0.2,1.9167290563278423,2.4841329650592203,0.49381538488607823,-1.3158947534007908,-1.809710138286869,0.49381538488607823,P,I,I,0.0,True
A_aa_only_s231303,A,aa_only,231303,development,0,53,5oi7,D,86.9347584918685,0.007824777138331521,M,-0.46140350877192987,False,0.15312133287873309,0.0,0.2,9.32346146636163,9.323881085249237,-0.07894736842105264,False,0.08685377356097668,0.0,0.0,1.1142878752710663,1.115997318289922,-0.3929824561403509,False,0.0748510519451413,0.0,0.0,4.104586795545282,4.105080036741852,-0.028514514774878208,-1.0820946215266236,-1.0535801067517454,0.08685377356097668,M,P,E,0.11536828833585488,False
A_aa_only_s231303,A,aa_only,231303,development,0,45,5oi7,L,81.8516457095299,1.1322286202792615,F,-0.2175438596491228,False,4.747876199379745,0.0,0.2,8.984398537979637,9.04718993442328,-0.6859649122807018,False,0.3346753968341467,0.0,0.0,1.1526587212368675,1.1629177227099659,-0.2508771929824561,False,2.2158357829305566,0.0,0.2,3.9158699083713846,3.945581358553663,-0.31620463351863215,-0.9478302924692859,-0.6316256589506537,0.3346753968341467,F,P,W,0.6508800303527789,False
A_aa_only_s231303,A,aa_only,231303,development,0,79,5oi7,T,7.329178605624736,7.272796023213227,I,-0.07543859649122807,False,9.29225519911563,0.0,0.2,1.3464886308935518,2.707245575418812,-0.18947368421052632,False,2.3507332535413523,0.0,0.0,0.5649611293284862,0.816734363766038,-0.12105263157894736,False,5.821494226328491,0.0,0.0,0.7200069372094073,1.5378770717207675,2.3507332535413523,-0.38797678799132207,-2.7387100415326744,2.3507332535413523,I,P,P,0.0,False
A_aa_only_s231303,A,aa_only,231303,development,1,42,1c5e,A,0.024484634126357926,0.019788620650038346,P,-0.18070175438596495,False,0.3186272738839095,0.0,0.2,0.11157213892474492,0.15647566624353426,-0.16666666666666666,False,0.2979508658506875,0.0,0.2,0.10417373771221453,0.14715690961887723,-0.15263157894736842,False,0.30487927963807676,0.0,0.2,0.10787293831847973,0.1517436215632114,0.28555259644916586,0.28924470875512187,0.00369211230595598,0.2979508658506875,P,G,R,0.012398269401521597,True
A_aa_only_s231303,A,aa_only,231303,development,1,35,1c5e,D,0.0014861263956835442,0.0011630684957633414,M,0.38245614035087716,False,0.022189232685623256,0.0,0.4,0.028380366133947964,0.038550309929798805,0.45964912280701753,False,0.023508813666736544,0.0,0.6,0.03176177530410217,0.04126151486131619,0.4385964912280701,False,0.0228490231761799,0.0,0.6,0.030013255167735488,0.039832848851281126,0.023508813666736544,0.015515747754407547,-0.007993065912328998,0.023508813666736544,M,K,K,0.0,True
A_aa_only_s231303,A,aa_only,231303,development,1,12,1c5e,L,0.004173848423189048,0.004120861867201339,F,0.3508771929824562,False,0.02617405995867264,0.0,0.2,0.046223309059595305,0.06460532813312729,0.3368421052631579,False,0.03301235372205058,0.3333333333333333,0.2,0.046958414192485386,0.06316767034820416,0.3508771929824562,False,0.02959320684036161,0.3333333333333333,0.2,0.045866017665430074,0.06315655747224873,0.03301235372205058,0.016575586161448982,-0.016436767560601598,0.03301235372205058,F,Q,Q,0.0,True
A_aa_only_s231303,A,aa_only,231303,development,1,38,1c5e,T,0.007401178123139567,0.0073230092469306314,I,0.38947368421052625,False,0.011946235009322154,0.0,0.4,0.05873557790547377,0.08603010009955565,0.31052631578947365,False,0.004908411841122576,0.0,0.4,0.05570361094091163,0.08038432431823639,0.34210526315789475,False,0.008427323425222365,0.0,0.4,0.05721959442319268,0.08312521077576442,0.004908411841122576,-0.0033928913685180445,-0.00830130320964062,0.004908411841122576,I,C,C,0.0,False
A_aa_only_s231303,A,aa_only,231303,development,2,75,4gn0,A,0.006147804921343771,0.005175774878224513,P,-0.22807017543859648,False,0.11822211849000475,0.0,0.0,0.06315166234624875,0.07840793914740886,-0.06666666666666667,False,0.06655048964248422,0.3333333333333333,0.2,0.05608159445369877,0.06667992681030939,-0.16315789473684209,False,0.08675302709370047,0.0,0.2,0.05832412176422664,0.07113099799900312,0.04848620585531549,-0.00242822754829497,-0.05091443340361046,0.06655048964248422,P,G,F,0.018064283787168733,False
A_aa_only_s231303,A,aa_only,231303,development,2,29,4gn0,D,0.022146671168693993,0.009319865921132422,M,0.30526315789473685,False,0.03492169123037314,0.0,0.2,0.1352108475503825,0.14881757681367477,0.46315789473684205,False,0.004823184603599984,0.3333333333333333,0.4,0.10789502878459242,0.14774350082795365,0.41754385964912283,False,0.002653304165189496,0.3333333333333333,0.4,0.12064612994587147,0.13601755527760165,-0.04654577129887194,-0.1460843532726681,-0.09953858197379617,0.004823184603599984,M,C,K,0.051368955902471924,False
A_aa_only_s231303,A,aa_only,231303,development,2,23,4gn0,L,0.014429521639406225,0.013183635101168194,F,0.4456140350877193,True,0.0,0.6666666666666666,0.4,0.08051038326416092,0.12012294385089896,0.30350877192982456,False,0.048278952661775065,0.6666666666666666,0.4,0.09599055492985532,0.14820480322861282,0.30000000000000004,False,0.016077369968170885,0.6666666666666666,0.4,0.074365277258762,0.12632573967031513,0.0,-0.1285120172836045,-0.1285120172836045,0.048278952661775065,F,C,F,0.048278952661775065,False
A_aa_only_s231303,A,aa_only,231303,development,2,45,4gn0,T,0.01704360924965808,0.006871146455298282,I,-0.3929824561403509,False,0.1342391644496086,0.0,0.0,0.10085862776361672,0.1305511748306314,-0.14912280701754385,False,0.15145293308987284,0.0,0.2,0.08377684003710226,0.1080141331318395,-0.30701754385964913,False,0.14284604876974072,0.0,0.0,0.08675409538187549,0.1159838564497685,0.15145293308987284,0.021489679200490386,-0.12996325388938246,0.15145293308987284,I,P,P,0.0,False
A_aa_only_s231303,A,aa_only,231303,train,3,54,1v70,A,0.0023104263808029937,0.0013725968116420496,P,0.4736842105263158,False,0.004446086876960839,0.6666666666666666,0.6,0.04202207413371511,0.0480668948529338,0.40175438596491225,False,0.005984761673013463,0.6666666666666666,0.6,0.04225790371851581,0.04835938893738262,0.41754385964912283,False,0.005215424274987151,0.6666666666666666,0.6,0.04213998892611546,0.048209577874689505,0.005984761673013463,-0.005984162497940176,-0.011968924170953639,0.005984761673013463,P,I,I,0.0,True
A_aa_only_s231303,A,aa_only,231303,train,3,4,1v70,D,0.0040226193087189365,0.0009566582622729149,M,-0.20526315789473687,False,0.006853490147922248,0.0,0.0,0.055371121051013786,0.06342412245131135,-0.2771929824561403,False,0.013421078347008474,0.0,0.0,0.05568653743306656,0.0638515924141817,-0.2543859649122807,False,0.008971524655069042,0.0,0.0,0.05552882924204017,0.06362454262173142,0.009466906150378242,-0.020890607715098285,-0.030357513865476526,0.013421078347008474,M,S,V,0.003954172196630232,True
A_aa_only_s231303,A,aa_only,231303,train,3,69,1v70,L,0.004370893855628299,0.0007840540247809616,F,0.4456140350877193,False,0.00420048595469584,0.3333333333333333,0.6,0.05989023151439087,0.06611273595630647,0.28070175438596495,False,0.0035489971811324683,0.0,0.4,0.05914696461798714,0.06533326962201724,0.38596491228070173,False,0.0033223898893010445,0.3333333333333333,0.4,0.05951859806618899,0.06571577429255368,0.0022674542459384522,0.001624269806242376,-0.0006431844396960762,0.0035489971811324683,F,W,C,0.001281542935194016,True
A_aa_only_s231303,A,aa_only,231303,train,3,100,1v70,T,0.0027657312166826328,0.001320929337658548,I,0.3508771929824562,False,0.006031617779090989,0.0,0.2,0.03994026788073175,0.05259021978165363,0.30877192982456136,False,0.005164812798655827,0.0,0.4,0.038921968938203565,0.05191972092927135,0.2912280701754386,False,0.005596403991505551,0.0,0.2,0.039431118409467655,0.05225044862211346,0.0036014896404767544,-0.0014598618045298661,-0.0050613514450066205,0.005164812798655827,I,C,Q,0.0015633231581790724,True
A_aa_only_s231303,A,aa_only,231303,train,4,30,1ub9,A,0.005145203840847507,0.00332819824663501,P,-0.10701754385964912,False,0.04375619936373326,0.3333333333333333,0.2,0.06213527099276033,0.07173007626405752,-0.07894736842105264,False,0.04765877805329316,0.3333333333333333,0.2,0.07481133016417872,0.08721303292853119,-0.14385964912280702,False,0.04570748870851321,0.3333333333333333,0.2,0.06767618231276472,0.07905375846325335,0.04765877805329316,-0.08996664617299277,-0.13762542422628593,0.04765877805329316,P,H,H,0.0,False
A_aa_only_s231303,A,aa_only,231303,train,4,40,1ub9,D,0.005378174734203423,0.004887080086585645,M,-0.23333333333333334,False,0.14589623046147954,0.0,0.0,0.058111358246092606,0.07333603980447419,-0.14912280701754385,False,0.19381712191442163,0.0,0.2,0.06321186771159315,0.08464533883732032,-0.18070175438596495,False,0.16985667618795058,0.0,0.2,0.06022951225953715,0.07819765033076065,0.19381712191442163,0.06672571258774157,-0.12709140932668006,0.19381712191442163,M,C,C,0.0,False
A_aa_only_s231303,A,aa_only,231303,train,4,12,1ub9,L,0.03619201994383761,0.02729527161924046,F,0.15614035087719297,False,0.06173176908618816,0.0,0.4,0.11835661629622093,0.1902420036265325,0.11578947368421051,False,0.05884705572705873,0.0,0.4,0.09981506644857503,0.16446266780385482,0.15789473684210528,False,0.060289412406623444,0.0,0.4,0.10752589476303628,0.17664971899177043,0.05884705572705873,0.0365390322533663,-0.02230802347369243,0.05884705572705873,F,P,P,0.0,True
A_aa_only_s231303,A,aa_only,231303,train,4,61,1ub9,T,0.002349773804786372,0.0018200975628636011,I,-0.04736842105263158,False,0.04190151409262488,0.0,0.2,0.03546057984168794,0.048474465492528866,0.30000000000000004,False,0.01714513129933737,0.0,0.4,0.027067959375317637,0.04027858654792922,0.11228070175438597,False,0.029523322695981125,0.0,0.2,0.03028335730539164,0.04377672970894744,0.01714513129933737,0.013508849596732875,-0.0036362817026044936,0.01714513129933737,I,H,H,0.0,True
A_aa_only_s231303,A,aa_only,231303,train,5,92,2wpq,A,0.10549929357022947,0.10392255801539388,P,0.6508771929824562,True,0.0,0.6666666666666666,0.6,0.2078470397866616,0.3248065479177251,0.31052631578947365,True,0.0,0.3333333333333333,0.4,0.10815111226868764,0.1275607643376377,0.5649122807017544,True,0.0,0.3333333333333333,0.6,0.13105738248084697,0.19420171387203805,0.0,-0.14204471101550453,-0.14204471101550453,0.0,P,P,P,0.0,False
A_aa_only_s231303,A,aa_only,231303,train,5,68,2wpq,D,0.10038059769909997,0.08479081707250909,M,0.6228070175438596,True,0.0,0.3333333333333333,0.6,0.2722325800276713,0.31682897231645335,0.49473684210526314,False,0.11380099073605798,0.0,0.4,0.14618568342037813,0.18189727151636112,0.5842105263157895,True,0.0,0.3333333333333333,0.4,0.20889299525089228,0.24611396013731396,0.0,-0.13989409057958113,-0.13989409057958113,0.11380099073605798,M,R,M,0.11380099073605798,False
A_aa_only_s231303,A,aa_only,231303,train,5,97,2wpq,L,0.19128326444236077,0.19015108863023963,F,0.3245614035087719,False,0.5034602493264089,0.0,0.2,0.30724380541694707,0.43735942249179993,-0.2982456140350877,False,0.20743812219734004,0.0,0.2,0.1208283914279434,0.15200097100626753,0.24736842105263157,False,0.35544918576187445,0.0,0.2,0.18866051153890157,0.2519994341605033,0.20743812219734004,0.0004839742406055336,-0.2069541479567345,0.20743812219734004,F,S,S,0.0,False
A_aa_only_s231303,A,aa_only,231303,train,5,44,2wpq,T,0.9526412966131158,0.34936221445753485,I,0.07368421052631578,False,0.46876507801998457,0.3333333333333333,0.4,0.8048795844910476,0.9760334505605409,0.1,False,0.38739922724799314,0.3333333333333333,0.4,0.5418669353528687,0.6156860847458868,0.05263157894736842,False,0.42808215263398885,0.3333333333333333,0.4,0.6733732599219582,0.7865972009719518,0.38739922724799314,0.28112970255202185,-0.10626952469597128,0.38739922724799314,I,G,G,0.0,False
A_aa_only_s231303,A,aa_only,231303,train,6,36,3vub,A,0.0021165493867087077,0.0017149289398847713,P,0.15087719298245614,False,0.024932648393241663,0.3333333333333333,0.4,0.039459699908846235,0.046005971207102106,-0.4526315789473684,False,1.8874716094832102,0.0,0.0,0.5835720910856451,0.6639912222787208,-0.4403508771929824,False,0.9531236920579689,0.0,0.0,0.294843479295392,0.3414064225082128,0.8736663880096767,1.17351520844821,0.2998488204385333,1.8874716094832102,P,D,H,1.0138052214735336,False
A_aa_only_s231303,A,aa_only,231303,train,6,88,3vub,D,0.0019805713505729864,0.0009552024873027844,M,-0.19649122807017544,False,0.00453820889371527,0.0,0.0,0.03358197722246735,0.04450361053412393,-0.12631578947368421,False,0.4667407963628998,0.0,0.4,0.6557864896479826,0.6963245130393391,-0.1280701754385965,False,0.234528898106941,0.0,0.4,0.3369126711263185,0.3586240570225816,-0.24865493108390935,-0.2664231933935395,-0.017768262309630134,0.4667407963628998,M,R,H,0.7153957274468091,False
A_aa_only_s231303,A,aa_only,231303,train,6,40,3vub,L,0.0034449443226362403,0.000830723249103792,F,0.443859649122807,False,0.010785331410798168,0.3333333333333333,0.6,0.051129454070354095,0.058693648060384185,0.3017543859649123,False,0.039333891693829726,0.3333333333333333,0.4,0.7484964403619913,0.7500332227688236,0.3929824561403509,False,0.02505961155231401,0.3333333333333333,0.2,0.39981294721617266,0.4014969534924916,0.039333891693829726,-0.6953375121186423,-0.734671403812472,0.039333891693829726,F,G,G,0.0,False
A_aa_only_s231303,A,aa_only,231303,train,6,6,3vub,T,0.0025564730247019797,0.0015580947463488509,I,-0.2157894736842105,False,0.024014758947867657,0.3333333333333333,0.2,0.03699851180070459,0.05056157656464026,0.07368421052631578,False,0.27941100801458196,0.3333333333333333,0.2,0.4879814381583883,0.5799058452995728,0.07017543859649124,False,0.1437580813750084,0.3333333333333333,0.2,0.2505834526291034,0.29661469329424767,-0.39850709232931586,-0.4603222725901204,-0.061815180260804514,0.27941100801458196,I,N,G,0.6779181003438979,False
A_aa_only_s231303,A,aa_only,231303,train,7,56,3nxa,A,0.015569594377301496,0.0058163476365818015,P,-0.06315789473684211,True,0.0,0.3333333333333333,0.2,0.10613692952270455,0.12477818069398791,-0.11228070175438597,True,0.0,0.3333333333333333,0.2,0.11092459368224043,0.12888145915382584,-0.05263157894736842,True,0.0,0.3333333333333333,0.2,0.10853076160247252,0.12640482919236254,0.0,-0.22455202164427812,-0.22455202164427812,0.0,P,P,P,0.0,False
A_aa_only_s231303,A,aa_only,231303,train,7,74,3nxa,D,0.005911051647130417,0.0025702349773330238,M,-0.22280701754385965,False,0.08412986658174404,0.0,0.2,0.05779979818128599,0.07688336391658743,-0.2631578947368421,False,0.47999728429613375,0.0,0.2,0.12672413724000564,0.2193299962298034,-0.29473684210526313,False,0.2820635754389389,0.0,0.2,0.08801651822987756,0.1235912955865901,0.47999728429613375,0.3981151189259291,-0.08188216537020465,0.47999728429613375,M,G,G,0.0,False
A_aa_only_s231303,A,aa_only,231303,train,7,39,3nxa,L,0.02198555125420083,0.004905621009837002,F,0.04736842105263158,False,0.013007687444375082,0.3333333333333333,0.4,0.13069020714791077,0.1482752550299639,0.21228070175438596,False,0.00048539558885429823,0.3333333333333333,0.4,0.166639386587116,0.2860577670121872,0.1842105263157895,False,0.00674654151661469,0.3333333333333333,0.4,0.1434579579513425,0.18073607101230613,0.00048539558885429823,-0.22490411510071395,-0.22538951068956825,0.00048539558885429823,F,Y,Y,0.0,False
A_aa_only_s231303,A,aa_only,231303,train,7,3,3nxa,T,0.011312706477099352,0.006691658666041852,I,0.0543859649122807,False,0.25289777495045573,0.0,0.4,0.09788406677505682,0.10636120757634972,-0.15087719298245614,False,0.23792529599971246,0.0,0.2,0.1149617982778888,0.12400807868503438,-0.007017543859649123,False,0.2454115354750841,0.0,0.2,0.10598176820504107,0.11451302952191862,0.23792529599971246,0.16560386765843815,-0.07232142834127431,0.23792529599971246,I,N,N,0.0,False
A_aa_only_s231303,A,aa_only,231303,train,8,48,2v66,A,9.317098109443705,3.929809257315575,P,0.2964912280701754,False,6.977705589183148,0.6666666666666666,0.4,2.679738425928442,3.052392194565388,0.3578947368421052,False,6.476125488697564,0.3333333333333333,0.4,2.4035893780374162,3.133578310424803,0.38070175438596493,False,6.726915538940356,0.6666666666666666,0.4,2.037918671453219,2.4996180601993916,6.476125488697564,-1.6022343766383838,-8.078359865335948,6.476125488697564,P,C,C,0.0,False
A_aa_only_s231303,A,aa_only,231303,train,8,42,2v66,D,15.230360463916305,6.315016015496756,M,0.2175438596491228,False,4.093911305231909,0.0,0.2,3.1945320784632316,3.902609442913332,0.3175438596491228,False,3.428215154926232,0.0,0.2,1.7456816367452395,2.5298636507253205,0.2964912280701754,False,3.7610632300790705,0.0,0.2,1.918088517540517,2.732458586380822,3.428215154926232,-1.7046895452136046,-5.132904700139837,3.428215154926232,M,C,C,0.0,False
A_aa_only_s231303,A,aa_only,231303,train,8,60,2v66,L,44.85234032012245,11.063307499564216,F,0.36315789473684207,False,2.4804517977344256,0.3333333333333333,0.4,5.812833458869972,6.697188986442181,0.32280701754385965,False,4.870537145506354,0.3333333333333333,0.4,7.496460528324429,8.98264609925385,0.31578947368421056,False,3.675494471620391,0.3333333333333333,0.4,6.6546469935972,7.762579335010392,4.870537145506354,5.8403257373263395,0.9697885918199849,4.870537145506354,F,V,V,0.0,False
A_aa_only_s231303,A,aa_only,231303,train,8,74,2v66,T,59.72566726331212,58.97873584222005,I,0.7140350877192982,True,0.0,0.6666666666666666,0.4,5.160219602946229,7.7282383026995305,0.6789473684210526,False,0.36920141317741084,0.3333333333333333,0.4,8.656303938978493,9.581054885407855,0.6789473684210526,False,0.011366047235709331,0.3333333333333333,0.4,6.651619823543359,8.075890152382192,0.0,-12.650688208736064,-12.650688208736064,0.36920141317741084,I,L,I,0.36920141317741084,False
A_aa_only_s231303,A,aa_only,231303,train,9,61,3zk1,A,0.0026477899543082993,0.0017594269371863781,P,-0.30526315789473685,False,0.01304146468965628,0.0,0.0,0.04651909436528174,0.05145668036619054,-0.36315789473684207,False,0.024714420404447518,0.0,0.0,0.044206025951136346,0.05003324959880568,-0.3017543859649123,False,0.0188779425470519,0.0,0.0,0.04536256015820906,0.050624437399102766,0.024714420404447518,0.013370221177793268,-0.01134419922665425,0.024714420404447518,P,F,F,0.0,True
A_aa_only_s231303,A,aa_only,231303,train,9,1,3zk1,D,0.0018163926499561748,0.0014132132823793816,M,0.24035087719298245,False,0.011257554690324023,0.0,0.2,0.037207940847916766,0.04261915825020685,0.2596491228070175,False,0.013679434883452302,0.0,0.2,0.04299030269253077,0.04923583506560074,0.243859649122807,False,0.012468494786888162,0.0,0.2,0.04009912177022376,0.045731643672314456,0.013679434883452302,-0.010885242560227049,-0.02456467744367935,0.013679434883452302,M,Y,Y,0.0,True
A_aa_only_s231303,A,aa_only,231303,train,9,78,3zk1,L,0.0025739065692239136,0.0006641786890119613,F,0.1736842105263158,False,0.010273705632116797,0.3333333333333333,0.4,0.04370043340988681,0.05073368278790644,-0.02631578947368421,False,0.01693443516866358,0.3333333333333333,0.4,0.04751800665359494,0.05516119775531767,0.1701754385964912,False,0.013604070400390189,0.3333333333333333,0.4,0.04560922003174087,0.052807946526327934,0.01693443516866358,0.012194285578268571,-0.00474014959039501,0.01693443516866358,F,D,D,0.0,True
A_aa_only_s231303,A,aa_only,231303,train,9,4,3zk1,T,0.002875787088928849,0.0009460848618176544,I,0.5473684210526315,False,0.011913170965159092,0.0,0.2,0.04483273218739272,0.05362636561364987,0.6912280701754386,False,0.003025798993301465,0.3333333333333333,0.4,0.04301516881571808,0.05203953197721963,0.6684210526315789,False,0.00682735446330579,0.0,0.4,0.04340779090480891,0.05248817072568246,0.0017415379614524884,-0.015549412407876356,-0.017290950369328845,0.003025798993301465,I,H,Y,0.0012842610318489767,True
A_aa_only_s231303,A,aa_only,231303,train,10,79,1qy7,A,0.001933938033410816,0.0016906990971795037,P,-0.10175438596491228,False,0.02347993543807636,0.0,0.6,0.03680242745520683,0.04397656231915833,-0.06315789473684211,False,0.005398125051751745,0.0,0.6,0.0370434191855848,0.04399873227890315,-0.06842105263157894,False,0.010948317271771202,0.0,0.4,0.03692204383376867,0.04376627011777983,-0.0044201608268414905,0.0029013089832155003,0.007321469810056991,0.005398125051751745,P,D,W,0.009818285878593236,False
A_aa_only_s231303,A,aa_only,231303,train,10,70,1qy7,D,0.0020983475663892154,0.0009024071642478476,M,0.12456140350877193,False,0.013952720766633453,0.3333333333333333,0.2,0.035044748089615246,0.04580772387260925,0.15263157894736842,False,0.011175747392555557,0.0,0.2,0.038448164235477575,0.04838073156497888,0.05964912280701754,False,0.009247544496344517,0.0,0.2,0.03663307072740191,0.04699280900981813,-0.0018142260588080994,-0.0014928875560822341,0.0003213385027258653,0.011175747392555557,M,G,E,0.012989973451363657,False
A_aa_only_s231303,A,aa_only,231303,train,10,55,1qy7,L,0.00441023122073791,0.0010001632975290143,F,-0.1842105263157895,False,0.014101645469442481,0.0,0.0,0.058395786861801045,0.06640957175541723,0.11754385964912278,False,0.021020849488278315,0.0,0.2,0.05633400052011638,0.0641216311203875,-0.03508771929824562,False,0.014740642181320707,0.0,0.2,0.05736489369095873,0.0647698074515644,-0.0013487717426736712,-0.008427265153553076,-0.007078493410879405,0.021020849488278315,F,H,N,0.022369621230951986,False
A_aa_only_s231303,A,aa_only,231303,train,10,98,1qy7,T,0.002638008481357973,0.00174709224059655,I,0.14385964912280702,False,0.028134379058181724,0.0,0.4,0.035990847072445924,0.051361546718902196,0.368421052631579,False,0.02547020654015064,0.0,0.4,0.03412079802096219,0.04712625737888102,0.2631578947368421,False,0.022596762606287013,0.0,0.4,0.035035558578651635,0.04887225263633314,0.013760719162277613,0.0037895491254343883,-0.009971170036843224,0.02547020654015064,I,A,G,0.011709487377873029,False
A_aa_only_s231303,A,aa_only,231303,train,11,64,3mhx,A,0.0025005568025548053,0.0015388575256707112,P,0.15438596491228068,False,0.006227875620266277,0.0,0.4,0.04466232186607377,0.050005567715553485,0.3368421052631579,False,0.028855333264405314,0.3333333333333333,0.6,0.03219884464293008,0.04007825304418428,0.32807017543859646,False,0.01559563051320656,0.3333333333333333,0.6,0.03836284538597377,0.0443357247993379,0.02071130870567639,0.021377798006261606,0.0006664893005852157,0.028855333264405314,P,C,S,0.008144024558728924,False
A_aa_only_s231303,A,aa_only,231303,train,11,19,3mhx,D,0.002116946807148145,0.0015837495174375507,M,-0.07192982456140351,False,0.06541495266197073,0.0,0.2,0.028888955959481887,0.046010290231079234,-0.2508771929824561,False,0.08259989362573195,0.0,0.0,0.030743163358114767,0.04360334027254619,-0.11578947368421051,False,0.07400742314385134,0.0,0.2,0.027791205586618507,0.04327270606713534,0.08259989362573195,0.06140397918666157,-0.021195914439070374,0.08259989362573195,M,P,P,0.0,False
A_aa_only_s231303,A,aa_only,231303,train,11,3,3mhx,L,0.006123980992625712,0.0016762346696001006,F,-0.30701754385964913,False,0.09039931022386513,0.0,0.2,0.06849946743323225,0.07825586874238706,-0.2456140350877193,False,0.07107502707133934,0.3333333333333333,0.2,0.05991147685318936,0.06779568192266301,-0.23333333333333334,False,0.08072587091418275,0.3333333333333333,0.2,0.06414671167903613,0.07288326445544512,0.07105243160450037,0.047641890883276916,-0.02341054072122345,0.07107502707133934,F,C,V,2.2595466838970513e-05,False
A_aa_only_s231303,A,aa_only,231303,train,11,2,3mhx,T,0.002373873076908356,0.0011927422148886994,I,0.3140350877192983,False,0.013328273145546465,0.3333333333333333,0.6,0.03685466135588691,0.04872240836523125,0.09824561403508772,False,0.024125579072741432,0.3333333333333333,0.4,0.038568173607175016,0.050449846107305844,0.16140350877192983,False,0.016660141452544908,0.3333333333333333,0.4,0.037580048255678435,0.04933259583438952,0.01698375676947006,0.01471722143078924,-0.0022665353386808196,0.024125579072741432,I,H,F,0.007141822303271372,False
A_aa_only_s231303,A,aa_only,231303,train,12,4,5b08,A,0.003987761195735021,0.00253652912494106,P,-0.31578947368421056,False,0.03264656497487817,0.0,0.0,0.05495266053161755,0.0631487228353434,-0.12456140350877193,False,0.032351784614610746,0.0,0.0,0.04825251216448663,0.056479600751261794,-0.1736842105263158,False,0.032499174794744456,0.0,0.0,0.05160258634805209,0.05963258435857757,0.032351784614610746,-0.004817646154971267,-0.03716943076958201,0.032351784614610746,P,D,D,0.0,True
A_aa_only_s231303,A,aa_only,231303,train,12,73,5b08,D,0.0033267647924464057,0.0010265304127722787,M,0.28070175438596495,False,0.08178404286321156,0.3333333333333333,0.6,0.049546203229042594,0.05767811363460499,0.2596491228070175,False,0.06764407408715911,0.3333333333333333,0.6,0.0467973512683561,0.05476558837049024,0.30526315789473685,False,0.07471405847518534,0.3333333333333333,0.6,0.048171777248699345,0.05615392491049624,0.06764407408715911,0.003335365171063309,-0.0643087089160958,0.06764407408715911,M,Y,Y,0.0,False
A_aa_only_s231303,A,aa_only,231303,train,12,32,5b08,L,0.008997481291983694,0.001589712118217643,F,-0.04385964912280702,False,0.027751019463726212,0.0,0.2,0.08606839822935043,0.09485505411934408,0.056140350877192984,False,0.0132273970592523,0.0,0.2,0.08610029212232478,0.093962764716847,-0.008771929824561405,False,0.020489208261489256,0.0,0.0,0.08608434517583763,0.09435509720750697,0.0132273970592523,-0.040408872902571946,-0.053636269961824246,0.0132273970592523,F,D,D,0.0,True
A_aa_only_s231303,A,aa_only,231303,train,12,64,5b08,T,0.002486639763888089,0.0024190929581716313,I,-0.1842105263157895,False,0.0636507520005341,0.0,0.0,0.043957826724156546,0.0498662186644234,-0.13157894736842105,False,0.06702537250580387,0.0,0.0,0.048362177822677606,0.05667005532770475,-0.15087719298245614,False,0.06533806225316899,0.0,0.0,0.04616000227341707,0.052260716587636306,0.06702537250580387,0.029963015354149136,-0.037062357151654735,0.06702537250580387,I,E,E,0.0,False
A_aa_only_s231303,A,aa_only,231303,development,13,2,1jke,A,0.0018328762716283888,0.0016822626978497258,P,0.29473684210526313,False,0.06545966313312993,0.3333333333333333,0.6,0.032595859984124884,0.04281210426536389,0.2824561403508772,False,0.05961743006649224,0.3333333333333333,0.6,0.032305401021295525,0.04211690743027413,0.2824561403508772,False,0.06253854659981109,0.3333333333333333,0.6,0.03241748806390249,0.0424524878408228,0.05961743006649224,0.02708247552944512,-0.03253495453704712,0.05961743006649224,P,M,M,0.0,True
A_aa_only_s231303,A,aa_only,231303,development,13,135,1jke,D,0.004982290347323253,0.0009220310449757659,M,0.02631578947368421,False,0.006676130333776398,0.0,0.2,0.06372016401695374,0.07058534088125702,-0.06666666666666667,False,0.013050870028143799,0.0,0.2,0.05691459266090054,0.06443998056871943,0.02456140350877193,False,0.009863500180960098,0.0,0.2,0.06031737833892715,0.06748953957066915,0.013050870028143799,-0.02025602036705426,-0.03330689039519806,0.013050870028143799,M,N,N,0.0,False
A_aa_only_s231303,A,aa_only,231303,development,13,142,1jke,L,0.004904826521618104,0.0013685283256234047,F,-0.13157894736842105,True,0.0,0.3333333333333333,0.4,0.06203456080948177,0.07003446666904878,-0.02280701754385965,True,0.0,0.6666666666666666,0.4,0.05936916802711607,0.0669213672897153,-0.09649122807017543,True,0.0,0.3333333333333333,0.4,0.060701864418298924,0.06846946540158444,0.0,-0.012656002533474514,-0.012656002533474514,0.0,F,F,F,0.0,False
A_aa_only_s231303,A,aa_only,231303,development,13,19,1jke,T,0.007783960432305094,0.0024892616779981724,I,0.1456140350877193,False,0.06961461511349025,0.0,0.0,0.07325585260430156,0.08822675576209914,0.11403508771929824,False,0.07258282877017672,0.0,0.0,0.07282921221492694,0.0891612672947207,0.13684210526315788,False,0.07109872194183348,0.0,0.0,0.07304253240961424,0.0886726009643978,0.07258282877017672,-0.030807075961742175,-0.10338990473191889,0.07258282877017672,I,D,D,0.0,False
A_aa_only_s231303,A,aa_only,231303,development,14,21,3qr7,A,0.08954259517357148,0.0879563810989997,P,-0.29298245614035084,False,0.9414040796558676,0.0,0.2,0.2432647558340135,0.2992366875461154,-0.30350877192982456,False,1.0745743204172467,0.0,0.2,0.28505428417938566,0.3557536846644598,-0.28771929824561404,False,0.9280369592723945,0.0,0.2,0.2551155395041423,0.314689437212001,0.8699257898939732,0.39275293771661124,-0.47717285217736194,1.0745743204172467,P,K,N,0.20464853052327348,False
A_aa_only_s231303,A,aa_only,231303,development,14,105,3qr7,D,0.07722118388382085,0.04790933883656579,M,-0.0824561403508772,False,0.3693444743453278,0.0,0.0,0.20017333304040122,0.2778869984073038,-0.2210526315789474,False,0.4618350708205434,0.0,0.2,0.21760346361342495,0.26410695492323827,-0.16140350877192983,False,0.4119890460941231,0.0,0.2,0.19709847743187414,0.26136644224147654,0.3175131568828986,0.17917273540145429,-0.13834042148144432,0.4618350708205434,M,P,N,0.14432191393764482,False
A_aa_only_s231303,A,aa_only,231303,development,14,22,3qr7,L,0.06864576829198327,0.06351179327052123,F,0.0543859649122807,False,0.4966024072863511,0.0,0.2,0.21541581924663053,0.2620033745812891,0.22807017543859648,False,0.2761014333768781,0.0,0.2,0.27202608454575516,0.3824922804382797,0.1701754385964912,False,0.3863519203316146,0.0,0.2,0.23672621773384148,0.31049079638674426,0.2761014333768781,0.04231959549134379,-0.2337818378855343,0.2761014333768781,F,N,N,0.0,False
A_aa_only_s231303,A,aa_only,231303,development,14,29,3qr7,T,0.06892269147302521,0.06695834536183316,I,0.08070175438596491,False,0.6066076058080099,0.3333333333333333,0.2,0.19688862137609134,0.26253131522358475,0.06842105263157894,False,0.19637540399805475,0.3333333333333333,0.4,0.1963710030239877,0.23861826380834072,0.11228070175438597,False,0.4014915049030323,0.3333333333333333,0.4,0.19557096612137825,0.24107202309265002,0.19637540399805475,-0.2687728398676641,-0.46514824386571885,0.19637540399805475,I,D,D,0.0,False
A_aa_only_s231303,A,aa_only,231303,development,15,59,1lj9,A,0.007543398376669145,0.004246838947132735,P,-0.5157894736842105,False,0.12517455756180476,0.0,0.0,0.07662840495479713,0.08685273960370592,-0.519298245614035,False,0.16312814452055102,0.0,0.0,0.0983267019680694,0.1126081464297477,-0.531578947368421,False,0.1441513510411779,0.0,0.0,0.08747755346143327,0.0993572384168789,0.16312814452055102,0.0014066378370503896,-0.16172150668350063,0.16312814452055102,P,F,F,0.0,True
A_aa_only_s231303,A,aa_only,231303,development,15,124,1lj9,D,0.001240993672728337,0.00047172468495872263,M,0.4140350877192982,False,0.009777096049130574,0.3333333333333333,0.2,0.028680117624891432,0.03522774010248652,-0.2368421052631579,False,0.08209674566615655,0.3333333333333333,0.4,0.056235312222766703,0.06626415948753879,-0.0543859649122807,False,0.038413972855591144,0.0,0.4,0.042436162260602005,0.049834361096757374,0.05456404264258838,0.015089412223420806,-0.03947463041916757,0.08209674566615655,M,I,E,0.027532703023568167,True
A_aa_only_s231303,A,aa_only,231303,development,15,111,1lj9,L,0.008338475323294738,0.0016900386728773862,F,-0.3368421052631579,False,0.03545510042917993,0.0,0.2,0.08153794607676447,0.09131525241324549,-0.14912280701754385,False,0.07829074129818475,0.0,0.2,0.09783840524086203,0.11116083431370619,-0.15964912280701754,False,0.05687292086368234,0.0,0.2,0.08700854069983946,0.09895824353701833,0.07829074129818475,-0.01085794632848866,-0.08914868762667341,0.07829074129818475,F,N,N,0.0,True
A_aa_only_s231303,A,aa_only,231303,development,15,0,1lj9,T,0.002146792887010515,0.0011665118246215436,I,0.34912280701754383,False,0.010570278722975418,0.6666666666666666,0.6,0.035489334771062954,0.04633349638232059,0.368421052631579,False,0.05826751847434128,0.0,0.2,0.05559374810312248,0.06435823285588432,0.3649122807017544,False,0.03441889859865835,0.3333333333333333,0.2,0.044242082795659596,0.05429936792708539,0.05826751847434128,-2.4151530724880743e-05,-0.05829167000506616,0.05826751847434128,I,W,W,0.0,True
A_aa_only_s231303,A,aa_only,231303,train,16,16,4zzf,A,0.07162417707732568,0.06349567283045181,P,0.46842105263157896,True,0.0,0.3333333333333333,0.4,0.19840857358961658,0.26762693638220664,0.46842105263157896,True,0.0,0.3333333333333333,0.6,0.23830190392273864,0.3017460688648883,0.4666666666666667,True,0.0,0.3333333333333333,0.4,0.20958966130160037,0.27764889315490604,0.0,-0.5144970467742809,-0.5144970467742809,0.0,P,P,P,0.0,False
A_aa_only_s231303,A,aa_only,231303,train,16,35,4zzf,D,0.011340941896495232,0.009668762027929772,M,-0.41754385964912283,False,0.237130045250579,0.3333333333333333,0.4,0.08588671777036172,0.10649385849191131,-0.3526315789473684,False,0.3560200332433292,0.3333333333333333,0.4,0.11159070275475293,0.1431503019546642,-0.4070175438596491,False,0.2965750392469541,0.3333333333333333,0.4,0.09576581948966537,0.11691847661805804,0.3560200332433292,0.22243558978054956,-0.13358444346277965,0.3560200332433292,M,W,W,0.0,False
A_aa_only_s231303,A,aa_only,231303,train,16,24,4zzf,L,0.13137786387791686,0.04977750070849891,F,0.06842105263157894,False,0.06468932261841798,0.6666666666666666,0.4,0.31401538130219064,0.3624608446134794,0.10350877192982455,True,0.0,0.3333333333333333,0.6,0.3562423960175875,0.42269517436088905,0.11754385964912278,True,0.0,0.6666666666666666,0.6,0.3326760001727909,0.39111218175583945,-0.08093633230679809,-0.012588280481389824,0.06834805182540826,0.0,F,F,D,0.08093633230679809,False
A_aa_only_s231303,A,aa_only,231303,train,16,105,4zzf,T,0.026953505820132683,0.015745742640063416,I,0.11578947368421051,False,0.040969129427461004,0.6666666666666666,0.4,0.13310262480737975,0.16417522900892412,0.3736842105263158,False,0.0640719190976956,0.6666666666666666,0.4,0.1074533753481944,0.13856602717445615,0.19649122807017544,False,0.052520524262578305,0.6666666666666666,0.4,0.11174420491548802,0.14696553372789664,0.0640719190976956,-0.1927753140421561,-0.2568472331398517,0.0640719190976956,I,V,V,0.0,False
A_aa_only_s231303,A,aa_only,231303,train,17,0,1msc,A,0.030667990692338453,0.02862289970332812,P,-0.010526315789473684,False,0.05280349565766951,0.0,0.2,0.09776500978811069,0.17512278747307117,0.14210526315789473,False,0.05532660348435381,0.0,0.2,0.10204117185807648,0.17231489376404951,0.06315789473684211,False,0.05406504957101166,0.0,0.2,0.0999030908230936,0.1730712349209163,0.05532660348435381,-0.009928608342193668,-0.06525521182654748,0.05532660348435381,P,W,W,0.0,False
A_aa_only_s231303,A,aa_only,231303,train,17,113,1msc,D,0.12954337276411437,0.0846361835153199,M,0.007017543859649123,False,0.27780964483830917,0.0,0.4,0.23407067204805804,0.35992134246820423,0.014035087719298246,False,0.31559600411235533,0.0,0.4,0.20202964895801376,0.3192268394229049,0.0,False,0.29670282447533225,0.0,0.4,0.21797897474094113,0.33826857610493904,0.31559600411235533,0.223870384361732,-0.09172561975062332,0.31559600411235533,M,T,T,0.0,False
A_aa_only_s231303,A,aa_only,231303,train,17,111,1msc,L,0.8595751036596844,0.039050773837604004,F,0.443859649122807,True,0.0,0.3333333333333333,0.4,0.9058279802600935,0.9271327324928639,0.4263157894736842,True,0.0,0.3333333333333333,0.6,0.7773566800218199,0.798649465695952,0.4526315789473684,True,0.0,0.3333333333333333,0.6,0.8415923301409566,0.8626796148864604,0.0,0.17212741575913904,0.17212741575913904,0.0,F,F,F,0.0,False
A_aa_only_s231303,A,aa_only,231303,train,17,44,1msc,T,0.5276118533801637,0.3926925135893314,I,0.7017543859649124,False,0.21169787406157226,0.3333333333333333,0.6,0.3756405191781353,0.7263689512776298,0.7052631578947368,False,0.25572914231378885,0.0,0.6,0.3141599425836197,0.5370551689288647,0.6982456140350877,False,0.23371350818768055,0.0,0.6,0.3402804820540453,0.6284481527452749,0.25572914231378885,0.05510799978104197,-0.20062114253274688,0.25572914231378885,I,S,S,0.0,False
A_aa_only_s231303,A,aa_only,231303,train,18,61,2vzw,A,0.002417473387928609,0.0014988729919585084,P,0.19298245614035087,False,0.020207049430856522,0.3333333333333333,0.2,0.04321013539936416,0.049167808451553024,0.2771929824561403,False,0.022355894208281213,0.6666666666666666,0.4,0.039553734937332066,0.04564710351965287,0.2771929824561403,False,0.021281471819568867,0.6666666666666666,0.4,0.0412117851950199,0.047304461056503454,0.022355894208281213,0.009109787225910854,-0.01324610698237036,0.022355894208281213,P,C,C,0.0,True
A_aa_only_s231303,A,aa_only,231303,train,18,18,2vzw,D,0.0018355503223553692,0.0008799730079988112,M,-0.12631578947368421,False,0.007692050177975196,0.3333333333333333,0.2,0.03306399409805064,0.04284332296117295,0.243859649122807,False,0.00020491796557819963,0.6666666666666666,0.6,0.03238175527018323,0.04258669431126296,0.1105263157894737,False,0.003948484071776698,0.3333333333333333,0.4,0.03272287468411693,0.04267584294385642,0.00020491796557819963,0.0008341400089672824,0.0006292220433890827,0.00020491796557819963,M,W,W,0.0,True
A_aa_only_s231303,A,aa_only,231303,train,18,143,2vzw,L,0.005607405080548127,0.0014327103005973114,F,-0.24035087719298245,False,0.06105560396450874,0.0,0.0,0.06461187800978095,0.07488260866548473,-0.05964912280701754,False,0.037631683514530584,0.0,0.0,0.06446308923406441,0.07322340043088241,-0.13333333333333333,False,0.04934364373951966,0.0,0.0,0.06453748362192269,0.07398912731112234,0.037631683514530584,-0.0019746325515294927,-0.03960631606606008,0.037631683514530584,F,P,P,0.0,True
A_aa_only_s231303,A,aa_only,231303,train,18,5,2vzw,T,0.002948725174512812,0.000903945541421893,I,0.45964912280701753,False,0.010724872592305423,0.0,0.2,0.046216138012395463,0.054302165467988585,0.41754385964912283,False,0.010497755537751896,0.0,0.0,0.050351245518792186,0.05779155200699547,0.4385964912280701,False,0.009099445972748338,0.0,0.0,0.04828369176559383,0.05601121781622326,0.0074740193531912524,-0.01389358557226053,-0.021367604925451783,0.010497755537751896,I,F,C,0.0030237361845606436,True
A_aa_only_s231303,A,aa_only,231303,train,19,37,6kys,A,0.0017463490133914094,0.0013398858623516268,P,0.32807017543859646,True,0.0,0.3333333333333333,0.4,0.03856568363790955,0.041789340906401115,0.3315789473684211,True,0.0,0.6666666666666666,0.4,0.03843822792474783,0.04171704289946705,0.37719298245614036,True,0.0,0.6666666666666666,0.4,0.038501955781328694,0.041703636903936844,0.0,-0.031203975081067786,-0.031203975081067786,0.0,P,P,P,0.0,False
A_aa_only_s231303,A,aa_only,231303,train,19,110,6kys,D,0.002898423464586456,0.0008935900118712398,M,0.12631578947368421,False,0.026608751529875324,0.3333333333333333,0.2,0.04477536658381723,0.05383700831757329,0.1842105263157895,False,0.022592059030833667,0.3333333333333333,0.2,0.049902927563201194,0.05814831666214446,0.16666666666666666,False,0.024600405280354495,0.3333333333333333,0.2,0.04733914707350921,0.05592725298612933,0.022592059030833667,-0.02521632893253592,-0.047808387963369586,0.022592059030833667,M,Q,Q,0.0,False
A_aa_only_s231303,A,aa_only,231303,train,19,75,6kys,L,0.0025723027561721226,0.0013802822764531436,F,0.31578947368421056,True,0.0,0.3333333333333333,0.4,0.04063109657321655,0.050717874129069355,0.2964912280701754,False,0.002376829531352237,0.3333333333333333,0.4,0.040641139673009474,0.045767557956649246,0.3245614035087719,True,0.0,0.3333333333333333,0.4,0.040551024716844374,0.04745151506759136,0.0,-0.007049809559886017,-0.007049809559886017,0.002376829531352237,F,T,F,0.002376829531352237,False
A_aa_only_s231303,A,aa_only,231303,train,19,50,6kys,T,0.002376029029426161,0.0013245315692893003,I,0.2263157894736842,False,0.0029099843302021755,0.3333333333333333,0.4,0.0361458460156333,0.04874452819985194,0.14035087719298248,False,0.004478518222466421,0.0,0.2,0.03610691699303699,0.04869466492808629,0.23508771929824557,False,0.0035822428317747873,0.3333333333333333,0.4,0.036126381504335156,0.04868454757434846,0.004254501333347399,0.006417987685867654,0.0021634863525202552,0.004478518222466421,I,K,G,0.00022401688911902196,False
A_aa_only_s231303,A,aa_only,231303,train,20,65,1ji5,A,0.002347135910533673,0.0015469189527390005,P,0.28070175438596495,False,0.002651269692363442,0.0,0.8,0.0430548088884004,0.04844724874060108,0.012280701754385965,False,0.002687978675935454,0.0,0.2,0.04403342488042386,0.04942364287771289,0.16666666666666666,False,0.0025214129085693662,0.0,0.4,0.04354411688441213,0.04893080618939438,0.0023915561247752903,0.0008456146847258955,-0.0015459414400493948,0.002687978675935454,P,M,S,0.0002964225511601637,True
A_aa_only_s231303,A,aa_only,231303,train,20,11,1ji5,D,0.0017868847701559569,0.0012917749475191021,M,-0.08771929824561404,False,0.05834590510691892,0.0,0.2,0.03153132026434437,0.04227155982638867,-0.056140350877192984,False,0.057735153158062255,0.0,0.2,0.0321086180191586,0.04256725452926194,-0.04912280701754386,False,0.05780293112669263,0.0,0.2,0.03181996914175148,0.04240608599285915,0.05670431160795318,0.05620954954573554,-0.0004947620622176435,0.057735153158062255,M,K,W,0.001030841550109074,True
A_aa_only_s231303,A,aa_only,231303,train,20,34,1ji5,L,0.004794484313521358,0.000922642631584597,F,-0.15087719298245614,False,0.003021816248524295,0.3333333333333333,0.4,0.06222412459759288,0.06924221482247198,0.02982456140350877,False,0.002249825656622677,0.3333333333333333,0.4,0.06348230583827852,0.0699574433038576,-0.07719298245614034,False,0.002635820952573486,0.3333333333333333,0.4,0.06285321521793569,0.06959271379740331,0.002249825656622677,-0.007718024699600742,-0.00996785035622342,0.002249825656622677,F,W,W,0.0,True
A_aa_only_s231303,A,aa_only,231303,train,20,47,1ji5,T,0.0029226802870556405,0.0012643094649593342,I,0.03684210526315789,False,0.0029297388764713897,0.0,0.4,0.042942652037852504,0.05406181912455074,-0.015789473684210527,False,0.002071307552252419,0.0,0.4,0.043744018104281565,0.054668649493817084,-0.021052631578947368,False,0.002376763721400197,0.0,0.4,0.04334333507106704,0.0543631864738397,0.0018237885663290043,0.0005688211424853817,-0.0012549674238436226,0.002071307552252419,I,H,D,0.0002475189859234145,True
A_aa_only_s231303,A,aa_only,231303,train,21,8,6qyy,A,0.005923153893590159,0.005722044862803255,P,-0.3298245614035088,False,0.12851121975666002,0.0,0.2,0.05725484482980526,0.0769620289077033,-0.40350877192982454,False,0.159870018815697,0.0,0.2,0.06267876544663671,0.0839850018825997,-0.3315789473684211,False,0.14419061928617852,0.0,0.2,0.057945574154817554,0.07984432421754505,0.159870018815697,0.01775386743743923,-0.14211615137825778,0.159870018815697,P,F,F,0.0,False
A_aa_only_s231303,A,aa_only,231303,train,21,24,6qyy,D,0.0015919187654436708,0.0010443663096297794,M,-0.5298245614035089,False,0.03000125548023508,0.0,0.0,0.029602164380757877,0.039898856693440114,-0.36315789473684207,False,0.03224814522076075,0.0,0.0,0.029644367075242102,0.039394353562035744,-0.39824561403508774,False,0.031124700350497914,0.0,0.0,0.029388959441847905,0.039548251713708314,0.03224814522076075,0.0346083760417249,0.0023602308209641487,0.03224814522076075,M,T,T,0.0,False
A_aa_only_s231303,A,aa_only,231303,train,21,18,6qyy,L,0.007603091683661187,0.001342112665150389,F,0.4350877192982456,False,0.05487066341492569,0.3333333333333333,0.2,0.08036490199476022,0.08719570908973209,0.4052631578947368,False,0.04951968140305513,0.0,0.2,0.09417544817928371,0.10155460687608901,0.4052631578947368,False,0.05219517240899041,0.0,0.2,0.08727017508702195,0.09433030442830695,0.04951968140305513,-0.05286452323627322,-0.10238420463932835,0.04951968140305513,F,K,K,0.0,False
A_aa_only_s231303,A,aa_only,231303,train,21,5,6qyy,T,0.0024000567851612128,0.0017611193042069793,I,0.01754385964912281,False,0.039069468658077866,0.0,0.2,0.03577181925448816,0.04899037441336015,-0.019298245614035085,False,0.04984959712516479,0.0,0.4,0.04198464237794939,0.05728087018829012,0.0035087719298245615,False,0.04278316845543187,0.0,0.4,0.03887823081621878,0.05302020022971474,0.042188200932409214,0.019366155111168404,-0.02282204582124081,0.04984959712516479,I,E,Q,0.007661396192755576,False
A_aa_only_s231303,A,aa_only,231303,train,22,140,3nbc,A,0.002459696542556195,0.0016475893363261575,P,-0.19298245614035087,False,0.01300853021912976,0.3333333333333333,0.2,0.04280578842442415,0.0495953278299095,-0.09298245614035087,False,0.013114433737676068,0.3333333333333333,0.2,0.042895064559675046,0.04922417129052516,-0.15438596491228068,False,0.012749594588320673,0.3333333333333333,0.2,0.0428504264920496,0.04938158401640891,0.010721913017250728,0.003322063018141308,-0.00739984999910942,0.013114433737676068,P,C,Y,0.0023925207204253396,True
A_aa_only_s231303,A,aa_only,231303,train,22,119,3nbc,D,0.0024994810241971534,0.0008175680547857622,M,0.04385964912280702,False,0.0020862368317879354,0.0,0.0,0.04101113226200164,0.04999480997260769,0.07719298245614034,False,0.004012284978508279,0.0,0.2,0.03762729917643676,0.047258016282476584,0.07368421052631578,False,0.0030492609051481073,0.0,0.0,0.0393192157192192,0.04861078388592282,0.004012284978508279,-0.001025347997812981,-0.00503763297632126,0.004012284978508279,M,C,C,0.0,True
A_aa_only_s231303,A,aa_only,231303,train,22,77,3nbc,L,0.004182349590311482,0.0007395575028503853,F,0.556140350877193,False,0.006471367615832391,0.3333333333333333,0.4,0.0586753107146532,0.06467108774646892,0.47719298245614034,False,0.0031543386476023116,0.3333333333333333,0.4,0.05793586581621464,0.06415602993849212,0.543859649122807,False,0.004812853131717351,0.3333333333333333,0.4,0.05830558826543392,0.06440393585462138,0.0031543386476023116,0.0025032680949834407,-0.0006510705526188709,0.0031543386476023116,F,M,M,0.0,True
A_aa_only_s231303,A,aa_only,231303,train,22,5,3nbc,T,0.002764408532609114,0.0021680650546505482,I,-0.028070175438596492,False,0.07103290905176574,0.3333333333333333,0.2,0.04200075350904092,0.05257764289704431,-0.15438596491228068,False,0.06435869694607088,0.0,0.2,0.04301589398414979,0.05412491687656311,-0.042105263157894736,False,0.06769580299891831,0.3333333333333333,0.2,0.042508323746595356,0.053282763577683474,0.06435869694607088,0.034604298330957545,-0.029754398615113337,0.06435869694607088,I,L,L,0.0,True
A_aa_only_s231303,A,aa_only,231303,train,23,2,3i07,A,0.007745442404542889,0.0029172997546562016,P,0.41578947368421054,False,0.07653592235402373,0.6666666666666666,0.6,0.07687754251516367,0.08800819509876844,0.2614035087719298,False,0.21068884281546177,0.3333333333333333,0.2,0.06464559776519999,0.08818371879016619,0.34210526315789475,False,0.14361238258474274,0.3333333333333333,0.6,0.06959950637280869,0.08515262217802792,0.21068884281546177,0.021452161869350006,-0.18923668094611176,0.21068884281546177,P,G,G,0.0,False
A_aa_only_s231303,A,aa_only,231303,train,23,137,3i07,D,0.0018494422174416749,0.001151254705397331,M,0.04035087719298246,False,0.027851930301261596,0.0,0.4,0.03138225694786116,0.04300514175586072,-0.028070175438596492,False,0.050255812689373236,0.0,0.4,0.03316208363029174,0.04422461297055766,-0.0035087719298245615,False,0.039053871495317416,0.0,0.4,0.030913773906665745,0.04310964563080603,0.050255812689373236,0.018423280007640763,-0.03183253268173247,0.050255812689373236,M,W,W,0.0,False
A_aa_only_s231303,A,aa_only,231303,train,23,69,3i07,L,0.002176511373602207,0.0017901188730556552,F,0.368421052631579,False,0.09140212566213951,0.6666666666666666,0.4,0.03551437190569764,0.0466530960773474,0.16842105263157894,False,0.07730714466919858,0.6666666666666666,0.4,0.03425992051959577,0.0454421552587286,0.2824561403508772,False,0.08435463516566905,0.6666666666666666,0.6,0.03479977605864805,0.044782300017450975,0.07730714466919858,0.04905944221921266,-0.028247702449985923,0.07730714466919858,F,M,M,0.0,False
A_aa_only_s231303,A,aa_only,231303,train,23,120,3i07,T,0.01007489137689567,0.004190373333253833,I,-0.26491228070175443,False,0.024558136033982658,0.3333333333333333,0.2,0.08483331915303848,0.10037375840774156,-0.2263157894736842,False,0.04389288501773814,0.3333333333333333,0.2,0.05778378125259929,0.07048421309482442,-0.27543859649122804,False,0.0342255105258604,0.3333333333333333,0.2,0.06988801815173035,0.08431739038394745,0.04389288501773814,-0.001542724114615257,-0.045435609132353394,0.04389288501773814,I,M,M,0.0,False
A_aa_only_s231303,A,aa_only,231303,train,24,85,1aa0,A,0.4264356451724944,0.38053198099757796,P,0.6614035087719298,True,0.0,0.6666666666666666,0.8,0.48329665608671146,0.6530204018041813,0.6964912280701754,False,0.2312789945991156,0.6666666666666666,1.0,0.623184943135424,0.9871006469487238,0.7263157894736841,True,0.0,0.6666666666666666,1.0,0.5209127394998144,0.7901140513332395,0.0,-2.2343677511091418,-2.2343677511091418,0.2312789945991156,P,V,P,0.2312789945991156,False
A_aa_only_s231303,A,aa_only,231303,train,24,78,1aa0,D,0.24774280948098962,0.13896107759189152,M,0.5684210526315789,False,0.1476475704417659,0.0,0.4,0.35876407870662935,0.49773769144097335,0.49473684210526314,True,0.0,0.3333333333333333,0.6,0.20165895740730752,0.3023989471481952,0.5631578947368421,True,0.0,0.3333333333333333,0.4,0.23376685944994266,0.3748562277642005,-0.1479298180465225,-0.23759353750662093,-0.08966371946009843,0.0,M,M,Q,0.1479298180465225,False
A_aa_only_s231303,A,aa_only,231303,train,24,75,1aa0,L,1.3129110949682314,1.1484291608327954,F,0.0456140350877193,False,1.369757493549649,0.0,0.2,0.5508446718273257,1.1458233262454693,0.256140350877193,False,0.9562313081303113,0.0,0.2,0.37548431229138335,0.8503822852908204,0.12456140350877193,False,1.1629944008399802,0.0,0.2,0.43494763570812134,0.9880233922821543,0.9562313081303113,0.22992620146102105,-0.7263051066692903,0.9562313081303113,F,R,R,0.0,False
A_aa_only_s231303,A,aa_only,231303,train,24,30,1aa0,T,0.08837856554402017,0.07355658600936349,I,-0.3877192982456141,False,0.23359404040608744,0.0,0.0,0.1919051540652548,0.2972853268226001,-0.443859649122807,False,0.5692450557687838,0.0,0.2,0.19949172437078425,0.25465609033204495,-0.5017543859649122,False,0.40141954808743563,0.0,0.0,0.17812024978296695,0.25190043404840556,0.5692450557687838,0.04930623267316392,-0.5199388230956199,0.5692450557687838,I,P,P,0.0,False
A_aa_only_s231303,A,aa_only,231303,train,25,61,6o2k,A,0.051744393682490154,0.04294855771659506,P,-0.10350877192982455,False,0.23224629573924993,0.0,0.4,0.19608526481328828,0.22747394066681606,-0.07192982456140351,False,0.2879307444299184,0.3333333333333333,0.4,0.18955122421788265,0.22425313287635534,-0.0543859649122807,False,0.26008852008458416,0.3333333333333333,0.4,0.19093410094991442,0.22455644662203042,0.2879307444299184,0.1143753659496497,-0.1735553784802687,0.2879307444299184,P,R,R,0.0,False
A_aa_only_s231303,A,aa_only,231303,train,25,51,6o2k,D,0.10014028115258986,0.032842773729486,M,0.19473684210526312,False,0.2817328620411417,0.0,0.4,0.28149337771627236,0.31644949226154534,0.31578947368421056,False,0.2995084756174471,0.0,0.6,0.25798378569579294,0.2807860155690393,0.28596491228070176,False,0.2906206688292944,0.0,0.6,0.26973858170603265,0.2978722993900886,0.2995084756174471,0.19727790565787762,-0.10223056995956947,0.2995084756174471,M,W,W,0.0,False
A_aa_only_s231303,A,aa_only,231303,train,25,63,6o2k,L,0.04359225131056189,0.04067909861491772,F,-0.2824561403508772,False,0.4125138640171421,0.0,0.0,0.16129763423239446,0.2087875746076904,-0.27368421052631575,False,0.3838817781040216,0.0,0.0,0.16472517886545418,0.20687614887447311,-0.2614035087719298,False,0.3981978210605818,0.0,0.0,0.16020509737506847,0.20699940249293153,0.3838817781040216,0.13980968928195636,-0.24407208882206521,0.3838817781040216,F,S,S,0.0,False
A_aa_only_s231303,A,aa_only,231303,train,25,97,6o2k,T,0.009587261167698159,0.008604095430729519,I,0.19649122807017544,False,0.06589530789423692,0.0,0.4,0.07715206963511649,0.09791456054999256,0.16315789473684209,False,0.0622476278027182,0.3333333333333333,0.4,0.0857179523500824,0.10379890878689718,0.23859649122807017,False,0.05772737160917324,0.3333333333333333,0.4,0.08142491033635255,0.09972707522128677,0.03990822298652752,-0.067016656515279,-0.10692487950180651,0.0622476278027182,I,M,N,0.022339404816190678,False
A_aa_only_s231303,A,aa_only,231303,train,26,6,3fhk,A,0.008829156710307054,0.00871036433488298,P,-0.39122807017543854,False,0.22052007896118517,0.0,0.0,0.0747546020176035,0.09396359247233502,-0.39649122807017545,False,0.2185541456448219,0.0,0.0,0.07575844072108513,0.09311946154864367,-0.38245614035087716,False,0.21953711230300355,0.0,0.0,0.07525652136934434,0.09350468477494242,0.2185541456448219,0.19294469382898258,-0.025609451815839318,0.2185541456448219,P,W,W,0.0,False
A_aa_only_s231303,A,aa_only,231303,train,26,143,3fhk,D,0.0022576943566876557,0.0007641387635698413,M,0.3192982456140351,False,0.013454094535713473,0.0,0.4,0.03897089146299317,0.04751520132218379,0.5526315789473685,False,0.012161061862152184,0.0,0.2,0.04225831346220135,0.05012036928945982,0.38421052631578945,False,0.01254213238432661,0.0,0.2,0.04047965395111101,0.048786519377658225,0.009706004435620919,-0.0019025860065757794,-0.011608590442196698,0.012161061862152184,M,Q,K,0.0024550574265312652,False
A_aa_only_s231303,A,aa_only,231303,train,26,14,3fhk,L,0.009252564358723866,0.007939211716958734,F,-0.0017543859649122807,False,0.07309968372467834,0.0,0.2,0.07030433875677186,0.09619025085071702,-0.031578947368421054,False,0.08022456556750462,0.0,0.0,0.07394697237806681,0.09842305605522504,-0.021052631578947368,False,0.07431103930872919,0.0,0.2,0.07212565556741934,0.0971546962393387,0.07552239489278004,0.02483809887448593,-0.050684296018294106,0.08022456556750462,F,Q,A,0.004702170674724587,False
A_aa_only_s231303,A,aa_only,231303,train,26,23,3fhk,T,0.00186025566571989,0.0012476486076553178,I,0.1649122807017544,False,0.049467437858361274,0.0,0.2,0.03251963536441943,0.04313068125731252,0.18771929824561404,False,0.059331770646042864,0.0,0.2,0.029635543100568474,0.04028724748415385,0.18070175438596495,False,0.05439960425220207,0.0,0.2,0.03090244330051371,0.04154306226475259,0.059331770646042864,0.009085224428310334,-0.05024654621773253,0.059331770646042864,I,W,W,0.0,False
A_aa_only_s231303,A,aa_only,231303,development,27,68,1xko,A,0.0015640902791083512,0.0013416231556734762,P,0.4473684210526316,False,0.0384785755710194,0.3333333333333333,0.6,0.031307621135582754,0.03954858125278771,0.4929824561403509,False,0.037690586781864724,0.0,0.6,0.02823010955975148,0.03756586210465608,0.4385964912280701,False,0.03808458117644206,0.3333333333333333,0.6,0.02890115222180539,0.03769090616388056,0.037690586781864724,0.026855179812821067,-0.010835406969043657,0.037690586781864724,P,S,S,0.0,False
A_aa_only_s231303,A,aa_only,231303,development,27,149,1xko,D,0.0023661586727299357,0.002083088676888239,M,0.007017543859649123,False,0.02781473596352302,0.0,0.2,0.03542305816763697,0.04864317704190317,0.008771929824561405,False,0.04968142346360427,0.0,0.0,0.03215274820344045,0.0495196621993429,0.031578947368421054,False,0.03871231697808801,0.0,0.2,0.03320727422087619,0.048648998547711986,0.049609897992653,0.04401681414043415,-0.00559308385221885,0.04968142346360427,M,H,N,7.152547095126693e-05,True
A_aa_only_s231303,A,aa_only,231303,development,27,87,1xko,L,0.0046377158311681965,0.000813230002194976,F,0.3526315789473684,False,0.005573050326017515,0.0,0.4,0.06184242741818289,0.06810077702323371,-0.005263157894736842,False,0.002820140541827665,0.0,0.4,0.0613602818368785,0.0679134561040503,0.31228070175438594,False,0.0032920360403363644,0.0,0.6,0.06160135462753071,0.06796988202263925,0.0010110217546552142,-0.0006093678624671667,-0.0016203896171223808,0.002820140541827665,F,W,H,0.0018091187871724507,False
A_aa_only_s231303,A,aa_only,231303,development,27,47,1xko,T,0.004409584478348221,0.003917212433223382,I,0.07017543859649124,False,0.008467149247488093,0.6666666666666666,0.4,0.04568778640754863,0.06640470223070216,0.02456140350877193,False,0.0059375319838713275,0.6666666666666666,0.4,0.04813302025465139,0.06993499708693166,-0.005263157894736842,False,0.00720234061567971,0.6666666666666666,0.4,0.04656060565637202,0.06790092469469729,0.0059375319838713275,-0.007754601439696543,-0.01369213342356787,0.0059375319838713275,I,V,V,0.0,True
A_aa_only_s231303,A,aa_only,231303,development,28,25,4lr3,A,0.26689895748882864,0.08085422183582848,P,0.010526315789473684,False,0.1561825507387331,0.0,0.2,0.47965790330980695,0.5166226451568191,0.3385964912280702,False,0.18245311165119293,0.0,0.6,0.6569868820852299,0.7136190947594185,0.13508771929824562,False,0.16931783119496302,0.0,0.2,0.5627070403410197,0.6128696170697416,0.18245311165119293,-0.823146622124888,-1.005599733776081,0.18245311165119293,P,H,H,0.0,False
A_aa_only_s231303,A,aa_only,231303,development,28,120,4lr3,D,0.148493250254,0.1184000763190555,M,0.47719298245614034,False,0.8331935719507331,0.3333333333333333,0.8,0.3279661557603598,0.3853482194768778,0.4508771929824561,False,0.9568220863339199,0.3333333333333333,0.6,0.3465127754182468,0.42620992065788993,0.4526315789473684,False,0.8675396035210956,0.3333333333333333,0.6,0.32845217165882645,0.4006054119269902,0.7647620565930904,0.1302673474748186,-0.6344947091182718,0.9568220863339199,M,A,Y,0.19206002974082947,False
A_aa_only_s231303,A,aa_only,231303,development,28,10,4lr3,L,0.7432901278751132,0.12574391917818425,F,-0.09649122807017543,False,0.5989787928863084,0.3333333333333333,0.2,0.8211014717044984,0.8621427537682569,0.02456140350877193,False,0.8123640789178515,0.3333333333333333,0.2,0.8252333156730458,0.8787127898430527,-0.08421052631578947,False,0.7056714359020799,0.3333333333333333,0.2,0.8231673936887721,0.8681445441173433,0.8123640789178515,-0.5439413710871008,-1.3563054500049523,0.8123640789178515,F,C,C,0.0,False
A_aa_only_s231303,A,aa_only,231303,development,28,3,4lr3,T,1.6027380342843942,1.274503066869541,I,0.06491228070175438,False,1.8977977515978512,0.0,0.0,0.9222377450041982,1.265992904515817,0.02982456140350877,False,1.222491063733727,0.0,0.0,0.6992888537062353,1.092001827417016,0.1105263157894737,False,1.560144407665789,0.0,0.0,0.8077943377385799,1.1696200651340953,1.222491063733727,0.4093834185335421,-0.8131076452001849,1.222491063733727,I,F,F,0.0,False
A_aa_only_s231303,A,aa_only,231303,train,29,44,3lzq,A,0.030970938861965447,0.0037107510634148974,P,0.22456140350877193,False,0.23087893595871734,0.3333333333333333,0.4,0.16510659526060897,0.175985621179588,0.19122807017543858,False,0.25715912940082075,0.3333333333333333,0.4,0.17288716444041827,0.1837307523445633,0.19824561403508772,False,0.24401903267976904,0.3333333333333333,0.4,0.16899687985051362,0.17979185951622542,0.25715912940082075,0.29567129200045117,0.03851216259963042,0.25715912940082075,P,V,V,0.0,False
A_aa_only_s231303,A,aa_only,231303,train,29,90,3lzq,D,0.007507270743778473,0.004994179254536081,M,0.2912280701754386,False,0.191331019928435,0.3333333333333333,0.2,0.0781017195876477,0.08664450786852258,0.2421052631578947,False,0.227033104467448,0.3333333333333333,0.2,0.08292202079494808,0.09098163051341089,0.28070175438596495,False,0.2091820621979415,0.3333333333333333,0.2,0.08051187019129788,0.08867213018134035,0.227033104467448,0.15761576649819664,-0.06941733796925137,0.227033104467448,M,C,C,0.0,False
A_aa_only_s231303,A,aa_only,231303,train,29,49,3lzq,L,0.02776560045453742,0.012066137585086558,F,-0.6035087719298246,False,0.32329096730528495,0.0,0.0,0.150620262101573,0.16663013069231333,-0.6350877192982456,False,0.3771155274853907,0.0,0.0,0.17713658865240384,0.19546041877751938,-0.5964912280701754,False,0.3502032473953378,0.0,0.0,0.1629298069308317,0.18087677157975682,0.3771155274853907,0.1504102821911137,-0.226705245294277,0.3771155274853907,F,A,A,0.0,False
A_aa_only_s231303,A,aa_only,231303,train,29,74,3lzq,T,0.00667609662552552,0.004070904368151416,I,-0.16842105263157894,False,0.04806763877821171,0.0,0.0,0.0701662470701883,0.08170738415544533,-0.12280701754385966,False,0.08324468738174223,0.0,0.2,0.07740622871471195,0.09012478337448442,-0.15789473684210528,False,0.06565616307997697,0.0,0.0,0.07378623789245012,0.08578642032729669,0.08324468738174223,-0.01902110890689168,-0.10226579628863391,0.08324468738174223,I,W,W,0.0,False
A_aa_only_s231303,A,aa_only,231303,train,30,122,2zvy,A,0.006763630496457722,0.003091772495006866,P,-0.19649122807017544,False,0.06119236485911195,0.0,0.0,0.06784970049621156,0.0822412943505738,-0.15263157894736842,False,0.045459582643502805,0.0,0.0,0.06192659115170445,0.07269660807303956,-0.15964912280701754,False,0.053325973751307376,0.0,0.0,0.06476036573107889,0.07737479992057578,0.045459582643502805,-0.024346254252590238,-0.06980583689609304,0.045459582643502805,P,Y,Y,0.0,False
A_aa_only_s231303,A,aa_only,231303,train,30,44,2zvy,D,0.003278537188714717,0.0009064714844210322,M,0.3456140350877193,False,0.036906697837773006,0.0,0.6,0.04922690166750918,0.057258511932416795,0.14035087719298248,False,0.0394431266197387,0.0,0.4,0.053702426369864394,0.06204262784045626,0.2508771929824561,False,0.03621481748912364,0.0,0.6,0.05130928468239868,0.059451178786395394,0.035522937140474276,-0.005773673456906825,-0.0412966105973811,0.0394431266197387,M,K,Y,0.003920189479264424,False
A_aa_only_s231303,A,aa_only,231303,train,30,17,2zvy,L,0.09150852739133279,0.056656143104914604,F,0.4912280701754386,False,0.012887588490883672,0.6666666666666666,0.4,0.22438238416299108,0.30250376425977377,0.4070175438596491,False,0.03642697544960355,0.6666666666666666,0.4,0.2423246483387647,0.3277988727867381,0.4508771929824561,False,0.02465728197024361,0.6666666666666666,0.4,0.23287826058723346,0.315022710622223,0.03642697544960355,0.029727539021747462,-0.006699436427856087,0.03642697544960355,F,P,P,0.0,True
A_aa_only_s231303,A,aa_only,231303,train,30,146,2zvy,T,0.005424668715904077,0.0013566421203413386,I,0.23333333333333334,False,0.05165773759484488,0.0,0.0,0.06378108336774108,0.07365235037596612,0.34912280701754383,False,0.0390776982600034,0.0,0.2,0.04806173075435723,0.05759801793494552,0.3140350877192983,False,0.04536771792742414,0.0,0.0,0.05581824102679868,0.06535531894382446,0.0390776982600034,-0.02077730157112173,-0.05985499983112513,0.0390776982600034,I,R,R,0.0,False
A_aa_only_s231303,A,aa_only,231303,train,31,39,4reu,A,0.002173175589946289,0.0015953077899091039,P,-0.08421052631578947,False,0.00911750845533503,0.0,0.2,0.04071542074645587,0.04661733143312999,-0.11929824561403508,False,0.010705643289677144,0.0,0.2,0.04230179258998867,0.047843279963462146,-0.015789473684210527,False,0.009863191793496186,0.0,0.2,0.041508606668222266,0.047214228687835674,0.010608875131657342,0.010839375446854788,0.00023050031519744607,0.010705643289677144,P,D,I,9.676815801980265e-05,True
A_aa_only_s231303,A,aa_only,231303,train,31,137,4reu,D,0.0020315271450706903,0.0006715072107175906,M,0.24912280701754386,False,0.005323398474370772,0.0,0.4,0.03697771622154015,0.04507246548693215,0.0894736842105263,False,0.009198259447858015,0.0,0.2,0.03732134658433355,0.04541491825096879,0.2263157894736842,False,0.007233653960258081,0.0,0.4,0.03714953140293684,0.0452351497788632,0.007697365757864491,0.0033795795378060156,-0.0043177862200584755,0.009198259447858015,M,R,K,0.0015008936899935238,True
A_aa_only_s231303,A,aa_only,231303,train,31,149,4reu,L,0.0026774160972021822,0.0008106354821519482,F,0.38596491228070173,False,0.013422552067678561,0.0,0.0,0.04320625666555984,0.051743754185429786,0.431578947368421,False,0.008530933550072999,0.0,0.2,0.05202518736502477,0.05834732302173375,0.42280701754385963,False,0.01097674280887578,0.0,0.0,0.0476157220152923,0.054926787048956996,0.008530933550072999,-0.0059266617358762486,-0.014457595285949247,0.008530933550072999,F,R,R,0.0,True
A_aa_only_s231303,A,aa_only,231303,train,31,62,4reu,T,0.002969896712265733,0.00128383565101033,I,0.14912280701754385,False,0.0037102219555407573,0.3333333333333333,0.2,0.0432394845807792,0.05449675873174232,0.12982456140350876,False,0.0011977876343035182,0.6666666666666666,0.6,0.04305545002600932,0.05443293811053751,0.21052631578947367,False,0.0024540047949221377,0.3333333333333333,0.4,0.043147467303394256,0.054462400964969286,0.0011977876343035182,-0.0007128275969542491,-0.0019106152312577673,0.0011977876343035182,I,E,E,0.0,True
A_aa_only_s231303,A,aa_only,231303,train,32,114,6mvm,A,0.0024433055438447186,0.0015917246277233146,P,-0.007017543859649123,False,0.005490287631781186,0.0,0.0,0.043983938903072034,0.049429804206012375,0.03333333333333333,False,0.007940837427066784,0.0,0.0,0.04342292034626344,0.0487688405820042,0.014035087719298246,False,0.006702510886992015,0.0,0.0,0.04367810540953301,0.04909457763215498,0.005248229321396618,0.004707162003649873,-0.0005410673177467448,0.007940837427066784,P,G,H,0.002692608105670166,True
A_aa_only_s231303,A,aa_only,231303,train,32,39,6mvm,D,0.0019045734791380904,0.0005645456391219168,M,0.45438596491228067,False,0.01149014034175751,0.3333333333333333,0.4,0.037410953061232856,0.04364141930709965,0.45438596491228067,False,0.010302895537746475,0.3333333333333333,0.4,0.03722275628348787,0.043308345508828255,0.4526315789473684,False,0.010896517939751993,0.3333333333333333,0.4,0.0372984099383885,0.04346957793992186,0.010302895537746475,0.000310985766197959,-0.009991909771548516,0.010302895537746475,M,K,K,0.0,True
A_aa_only_s231303,A,aa_only,231303,train,32,29,6mvm,L,0.004259841576157476,0.0006557604584807009,F,0.45438596491228067,True,0.0,0.3333333333333333,0.4,0.060033999680820675,0.06526746184859249,0.5175438596491229,False,0.0008350268738733339,0.3333333333333333,0.4,0.05946845998260343,0.06458945064776112,0.47543859649122805,True,0.0,0.3333333333333333,0.4,0.05975122983171205,0.06492561910000401,0.0,-0.01585360285167634,-0.01585360285167634,0.0008350268738733339,F,Y,F,0.0008350268738733339,True
A_aa_only_s231303,A,aa_only,231303,train,32,88,6mvm,T,0.003204327709611175,0.001408573793307276,I,-0.519298245614035,False,0.004779682739834153,0.0,0.2,0.04459084955494405,0.056606781480765846,-0.4280701754385965,False,0.007642415356206571,0.0,0.2,0.045227534712002304,0.05710537303719854,-0.5052631578947369,False,0.006211049048020362,0.0,0.2,0.044909192133473184,0.056854393768531464,0.007642415356206571,0.0025168136497300403,-0.0051256017064765305,0.007642415356206571,I,R,R,0.0,True
A_aa_only_s231303,A,aa_only,231303,train,33,154,7ebl,A,0.09433438624454493,0.05795761881631785,P,0.5210526315789473,True,0.0,0.6666666666666666,0.4,0.2606390769168876,0.30713903406201065,-0.0894736842105263,False,1.2405702745388352,0.0,0.2,0.3972701379811212,0.45436360651102353,0.22982456140350876,False,0.22891043953806545,0.3333333333333333,0.4,0.2308738646764205,0.28504470654159464,0.0,0.47489222492369976,0.47489222492369976,1.2405702745388352,P,Q,P,1.2405702745388352,False
A_aa_only_s231303,A,aa_only,231303,train,33,104,7ebl,D,0.505079992690313,0.45020261395299793,M,0.40175438596491225,False,0.5755651560195272,1.0,0.8,0.5337903926700439,0.7106898006094593,0.11929824561403508,False,1.1800866136352726,0.3333333333333333,0.4,0.4789751149933729,0.5844250420040373,0.30526315789473685,False,0.7668461320986708,0.6666666666666666,0.6,0.3260727194269961,0.49240855154276564,0.9581271081778144,0.8666571700201082,-0.09146993815770621,1.1800866136352726,M,G,F,0.22195950545745813,False
A_aa_only_s231303,A,aa_only,231303,train,33,30,7ebl,L,0.11377205427924957,0.11363181787398008,F,0.42280701754385963,False,0.5576719669566712,0.0,0.4,0.2669441812118418,0.3373011329350223,-0.19298245614035087,False,1.0723989482653051,0.0,0.0,0.43868995517825604,0.5617190572198973,0.08771929824561404,False,0.7176859261692847,0.0,0.4,0.2610077071366066,0.3562215166879469,0.8776998853818982,-0.283492872317205,-1.1611927576991032,1.0723989482653051,F,E,P,0.19469906288340688,False
A_aa_only_s231303,A,aa_only,231303,train,33,108,7ebl,T,0.13384720036364267,0.1107104106904699,I,0.28947368421052627,False,0.01581031275230238,0.3333333333333333,0.6,0.28333486177002937,0.3658513364245683,-0.04912280701754386,False,0.18338150768008,0.0,0.2,0.406651532887582,0.5456987683884924,0.1701754385964912,True,0.0,0.3333333333333333,0.4,0.23200634598766157,0.3170072329837707,-0.14266708232504488,0.1635708806489209,0.30623796297396577,0.18338150768008,I,P,L,0.32604859000512487,False
A_aa_only_s231303,A,aa_only,231303,train,34,94,4wfq,A,0.002764075307122662,0.00162546311642602,P,-0.15263157894736842,False,0.009876399348800115,0.0,0.2,0.046561429689252705,0.052574473911991375,-0.015789473684210527,False,0.010022338004320959,0.3333333333333333,0.4,0.04672649186320951,0.05282753408329047,-0.06315789473684211,False,0.009949368676560537,0.3333333333333333,0.4,0.04664396077623111,0.05269957426144712,0.010022338004320959,-0.00016589872369750236,-0.010188236728018461,0.010022338004320959,P,F,F,0.0,False
A_aa_only_s231303,A,aa_only,231303,train,34,75,4wfq,D,0.0019507389214107297,0.0007803279216039811,M,0.23859649122807017,False,0.0009731119530172333,0.3333333333333333,0.2,0.03449614102494384,0.04416717017662247,0.0035087719298245615,False,0.0022699562726596345,0.0,0.2,0.03550537466492125,0.044908340149781054,0.11403508771929824,False,0.001621534112838434,0.3333333333333333,0.2,0.03500075784493254,0.04453415945502883,0.0022699562726596345,0.003213461510435195,0.0009435052377755604,0.0022699562726596345,M,E,E,0.0,False
A_aa_only_s231303,A,aa_only,231303,train,34,189,4wfq,L,0.003787393377565417,0.00086977266655255,F,-0.07719298245614034,False,0.008735958775602001,0.3333333333333333,0.6,0.05401500449886925,0.06154180187129247,-0.13508771929824562,False,0.0056382902522121026,0.3333333333333333,0.6,0.05559230609261363,0.0630999245003609,-0.05964912280701754,False,0.007187124513907052,0.3333333333333333,0.6,0.05480365529574145,0.06231713105242274,0.0056382902522121026,0.005337178133776668,-0.0003011121184354343,0.0056382902522121026,F,W,W,0.0,False
A_aa_only_s231303,A,aa_only,231303,train,34,122,4wfq,T,0.002482364346728457,0.0014519406055853326,I,0.015789473684210527,False,0.010997455442155149,0.0,0.2,0.035852669204153094,0.04982333134916268,-0.10526315789473684,False,0.013563599834414644,0.0,0.2,0.03709893977743944,0.051035287394624436,-0.07894736842105264,False,0.012280527638284897,0.0,0.2,0.036475804490796265,0.05042512222669837,0.013563599834414644,0.011641449121021358,-0.0019221507133932864,0.013563599834414644,I,P,P,0.0,False
A_aa_only_s231303,A,aa_only,231303,train,35,75,1s8a,A,0.008692270478788934,0.004479422353339209,P,-0.2614035087719298,False,0.19445681818920346,0.0,0.2,0.08107137344578624,0.09323234674075803,0.22807017543859648,False,0.10416810528657827,0.6666666666666666,0.4,0.04458933627593644,0.05557089480857728,-0.0543859649122807,False,0.14502468933463036,0.0,0.2,0.06164847863576078,0.07258280136374909,0.09559256048005726,0.08289523703563995,-0.012697323444417319,0.10416810528657827,P,V,Y,0.008575544806521007,False
A_aa_only_s231303,A,aa_only,231303,train,35,70,1s8a,D,0.004122705259462116,0.002753083074406876,M,0.0543859649122807,False,0.1082867190044231,0.3333333333333333,0.4,0.05019081145874708,0.06420829587726275,0.24035087719298245,False,0.03184981898093575,0.3333333333333333,0.6,0.04027094302047555,0.048271703525464255,0.1719298245614035,False,0.07006826899267943,0.3333333333333333,0.4,0.04521154986347493,0.05539078090944587,0.03184981898093575,-0.023659082225245154,-0.055508901206180905,0.03184981898093575,M,Y,Y,0.0,True
A_aa_only_s231303,A,aa_only,231303,train,35,76,1s8a,L,0.010297761242181751,0.0019081904369428113,F,0.30000000000000004,False,0.04436249061453412,0.3333333333333333,0.2,0.0915946003061258,0.10147788548339856,0.27368421052631575,False,0.021043498577889508,0.6666666666666666,0.4,0.07047454898908918,0.07763862367148569,0.3543859649122807,False,0.023808727127323903,0.6666666666666666,0.6,0.08103457464760751,0.08874005899524086,0.003254963640113684,-0.036503735695599115,-0.0397586993357128,0.021043498577889508,F,C,R,0.017788534937775824,True
A_aa_only_s231303,A,aa_only,231303,train,35,6,1s8a,T,0.23639242156391263,0.1760548804467423,I,0.4333333333333333,False,0.06519369479264508,0.3333333333333333,0.6,0.256709383081832,0.48620203780312626,0.39122807017543854,False,0.057355081127501095,0.0,0.4,0.30777364438882604,0.595993746786862,0.4140350877192982,False,0.06081940504691194,0.3333333333333333,0.6,0.28224151373532896,0.5409566570227698,0.02975245119599529,0.07046711813766565,0.04071466694167036,0.057355081127501095,I,K,M,0.027602629931505807,False
A_aa_only_s231303,A,aa_only,231303,train,36,56,1qsm,A,0.08227931335717636,0.06037765392435655,P,0.3649122807017544,False,0.053500833291118655,0.3333333333333333,0.6,0.19187710847865366,0.28684370893777045,0.4403508771929824,False,0.04534269389910994,0.3333333333333333,0.6,0.18226974518235425,0.258537299866559,0.4122807017543859,False,0.0494217635951143,0.3333333333333333,0.6,0.18707342683050399,0.2714879913915452,0.04534269389910994,-0.5637551291342928,-0.6090978230334028,0.04534269389910994,P,S,S,0.0,False
A_aa_only_s231303,A,aa_only,231303,train,36,26,1qsm,D,0.01687782145713867,0.0034056606753943928,M,-0.32105263157894737,False,0.04472943573885446,0.0,0.2,0.11606963763941147,0.1299146699073614,-0.2508771929824561,False,0.04165899057335265,0.0,0.2,0.09055227008846715,0.10343235013433373,-0.3017543859649123,False,0.043194213156103556,0.0,0.2,0.10319110522251428,0.11657687803426003,0.04165899057335265,-0.08253079715226769,-0.12418978772562034,0.04165899057335265,M,P,P,0.0,False
A_aa_only_s231303,A,aa_only,231303,train,36,45,1qsm,L,0.029663805277858297,0.006435172599817274,F,-0.7982456140350876,False,0.2446599786542616,0.0,0.0,0.15450043110009987,0.1722318358430238,-0.7894736842105263,False,0.22628630002729505,0.0,0.0,0.12250217060074242,0.14064718672079582,-0.7929824561403509,False,0.23547313934077832,0.0,0.0,0.13846145962836695,0.1562494496344564,0.22628630002729505,0.0598477569300076,-0.16643854309728745,0.22628630002729505,F,A,A,0.0,False
A_aa_only_s231303,A,aa_only,231303,train,36,116,1qsm,T,0.012904149826706296,0.011372107136503695,I,-0.41754385964912283,False,0.30279551776872465,0.0,0.4,0.09232750464839234,0.11359643404044995,-0.4122807017543859,False,0.25953704900629126,0.0,0.2,0.07323755595090778,0.09690437098880997,-0.39649122807017545,False,0.28116628338750793,0.0,0.4,0.08250453033924664,0.10488964728436254,0.25953704900629126,0.14690711828651276,-0.1126299307197785,0.25953704900629126,I,G,G,0.0,False
A_aa_only_s231303,A,aa_only,231303,train,37,25,4cl6,A,0.0027321750572218088,0.002696502573622892,P,0.20877192982456141,False,0.017965655431493657,0.3333333333333333,0.2,0.04572443431436002,0.052270211949271915,0.243859649122807,False,0.018832586322784145,0.3333333333333333,0.2,0.0469364181897056,0.05345128682340002,0.25263157894736843,False,0.0183991208771389,0.3333333333333333,0.2,0.046330426252032805,0.05285232826015632,0.018832586322784145,-0.0018846429618845778,-0.020717229284668723,0.018832586322784145,P,W,W,0.0,False
A_aa_only_s231303,A,aa_only,231303,train,37,83,4cl6,D,0.00246964364796822,0.0008986725328640893,M,-0.07368421052631578,False,0.006452382888659958,0.0,0.0,0.03963547798505942,0.04969550933402554,-0.31578947368421056,False,0.004714353880772168,0.0,0.2,0.04186257402194543,0.05144924226181541,-0.1087719298245614,False,0.005130575602353249,0.0,0.2,0.04074902600350242,0.050563225287918956,0.003801844774810645,-0.004603013780304727,-0.008404858555115371,0.004714353880772168,M,Q,G,0.0009125091059615231,False
A_aa_only_s231303,A,aa_only,231303,train,37,12,4cl6,L,0.0031296214949157897,0.000607300162199181,F,0.5526315789473685,False,0.009989537358517153,0.3333333333333333,0.4,0.050222717297221275,0.055943020073247654,0.38070175438596493,False,0.012154114438703928,0.3333333333333333,0.2,0.050343115506369364,0.05617084190581711,0.431578947368421,False,0.01107182589861054,0.3333333333333333,0.2,0.05028291640179533,0.05605347067454406,0.012154114438703928,0.012740780208660707,0.000586665769956779,0.012154114438703928,F,K,K,0.0,False
A_aa_only_s231303,A,aa_only,231303,train,37,1,4cl6,T,0.005513567625878755,0.0011967519730337695,I,0.2614035087719298,True,0.0,0.3333333333333333,0.2,0.06570247828541162,0.07425340144315784,0.25789473684210523,False,0.0008546622598593553,0.3333333333333333,0.2,0.0659403379887174,0.07425773059105684,0.22807017543859648,False,3.989986928556316e-05,0.3333333333333333,0.2,0.06582140813706451,0.07418976616389567,0.0,-0.04893443161109391,-0.04893443161109391,0.0008546622598593553,I,Y,I,0.0008546622598593553,True
A_aa_only_s231303,A,aa_only,231303,train,38,142,1rvv,A,0.002263109654103028,0.0014607888208613496,P,0.6052631578947367,False,0.009072452509763039,0.0,0.4,0.042813477549474226,0.047572152086099995,0.47719298245614034,False,0.01258006695167678,0.0,0.4,0.04218344532119788,0.046555380561184585,0.5578947368421052,False,0.01082625973071991,0.0,0.4,0.042498461435336046,0.047048240899750675,0.01258006695167678,0.00267061942350693,-0.00990944752816985,0.01258006695167678,P,M,M,0.0,False
A_aa_only_s231303,A,aa_only,231303,train,38,48,1rvv,D,0.0022717178329829772,0.0008183133905775491,M,0.03333333333333333,False,0.0055082727114201535,0.0,0.0,0.03829920494269954,0.04766254119308975,-0.22280701754385965,False,0.01058366689815294,0.0,0.0,0.037913662550037114,0.04699168535630906,-0.0824561403508772,False,0.006751576483930068,0.0,0.0,0.03810643374636833,0.047308168008707296,0.005209961888846662,0.006765707233185779,0.001555745344339117,0.01058366689815294,M,V,H,0.005373705009306277,True
A_aa_only_s231303,A,aa_only,231303,train,38,148,1rvv,L,0.0029716504755184234,0.0009865122392679504,F,0.15964912280701754,False,0.0021019846904349535,0.3333333333333333,0.6,0.04515278522916079,0.054512846885100615,0.20350877192982456,False,0.007227809705325251,0.0,0.6,0.04572027566402951,0.05482696136546024,0.1649122807017544,False,0.004621643326134281,0.0,0.6,0.04535322735660866,0.05464432563280397,0.006126782097267892,0.006514331770557748,0.00038754967328985535,0.007227809705325251,F,W,T,0.0011010276080573589,True
A_aa_only_s231303,A,aa_only,231303,train,38,116,1rvv,T,0.0034436646019256932,0.0013182752986242226,I,0.09473684210526316,False,0.00474897734832834,0.0,0.2,0.04751258816524123,0.058682745350960644,-0.6719298245614035,False,0.007796120213846049,0.0,0.0,0.04652431622588065,0.05841855243827062,-0.3245614035087719,False,0.0055099941415448425,0.0,0.0,0.04701845219556094,0.05852348961340803,0.006271010934761345,0.0013246253762664445,-0.004946385558494901,0.007796120213846049,I,D,W,0.0015251092790847035,True
A_aa_only_s231303,A,aa_only,231303,train,39,101,2ja9,A,0.001358449915777346,0.0013218277735484666,P,0.5368421052631579,True,0.0,0.6666666666666666,0.6,0.029935759318147175,0.03685715555733168,0.5543859649122806,False,0.005445905118075273,0.6666666666666666,0.6,0.030001763401248688,0.036651749988213675,0.524561403508772,False,0.002304964406834184,0.6666666666666666,0.6,0.029968761359697924,0.036678579235448434,0.0,-0.006543149290220221,-0.006543149290220221,0.005445905118075273,P,C,P,0.005445905118075273,False
A_aa_only_s231303,A,aa_only,231303,train,39,95,2ja9,D,0.0019616277573390995,0.0007272129208814137,M,0.256140350877193,False,0.006690009571622274,0.0,0.2,0.03678183383919898,0.04429026707233881,0.13684210526315788,False,0.006078833024983882,0.0,0.0,0.036843391349547595,0.04469885425805473,0.21403508771929824,False,0.0046941701550082815,0.0,0.2,0.03681261259437328,0.044475024848578355,0.002698330738394289,-0.0018378657237385632,-0.004536196462132852,0.006078833024983882,M,E,N,0.003380502286589593,False
A_aa_only_s231303,A,aa_only,231303,train,39,51,2ja9,L,0.007071174871153184,0.0005891952239633283,F,0.4666666666666667,False,0.01937292301174208,0.3333333333333333,0.4,0.08051074243347812,0.0840902781012953,0.4052631578947368,False,0.01473052268034121,0.3333333333333333,0.4,0.07080710663994798,0.07492454529941495,0.4280701754385965,False,0.017051722846041645,0.3333333333333333,0.4,0.07565892453671304,0.0794796057292116,0.01473052268034121,-0.03439728645334543,-0.04912780913368664,0.01473052268034121,F,W,W,0.0,False
A_aa_only_s231303,A,aa_only,231303,train,39,78,2ja9,T,0.007722903308751193,0.0015962663235215388,I,0.042105263157894736,False,0.023794624002919013,0.0,0.2,0.07827283682881088,0.08788005068700855,0.14912280701754385,False,0.0184261833582222,0.0,0.2,0.07797137913404657,0.08723551172470337,0.1087719298245614,False,0.021064020172347847,0.0,0.2,0.07812210798142871,0.08754315720467415,0.017208880831733483,-0.029013746075923302,-0.046222626907656786,0.0184261833582222,I,H,Y,0.0012173025264887172,False
B_aa_only_s231303,B,aa_only,231303,development,0,49,5oi7,A,27.852731860214302,19.881142651715734,C,0.32631578947368417,False,6.453020308059199,0.3333333333333333,0.4,3.7863231506639075,5.277568745190753,-0.34210526315789475,False,1.3337125413186293,0.3333333333333333,0.2,0.9900599859228918,1.123677363390315,0.2964912280701754,False,3.8933664246889146,0.3333333333333333,0.2,1.9061605981782344,2.4729200013927954,1.3337125413186293,-0.47599759696823973,-1.809710138286869,1.3337125413186293,C,I,I,0.0,False
B_aa_only_s231303,B,aa_only,231303,development,0,53,5oi7,D,87.95714486753964,0.008466611904750952,M,-0.26491228070175443,False,0.15312133287873309,0.0,0.2,9.37809566253378,9.378547055250063,-0.07017543859649124,False,0.08685377356097668,0.0,0.2,1.0596536790989166,1.0620803669101144,-0.20175438596491227,False,0.0748510519451413,0.0,0.0,4.159220991717432,4.159826635998774,-0.028514514774878208,-1.0820946215266236,-1.0535801067517454,0.08685377356097668,M,P,E,0.11536828833585488,False
B_aa_only_s231303,B,aa_only,231303,development,0,45,5oi7,L,82.84244494394522,1.1296358413537,C,-0.27543859649122804,False,4.750609665594033,0.0,0.0,9.039513764721613,9.101782514647624,-0.6385964912280702,False,0.2302428165480137,0.0,0.0,1.0975434944948892,1.1106539432819076,-0.3175438596491228,False,2.164986225894634,0.0,0.0,3.970985135113363,4.000449868469945,-0.42063721380476515,-1.0522628727554189,-0.6316256589506537,0.2302428165480137,C,P,W,0.6508800303527789,False
B_aa_only_s231303,B,aa_only,231303,development,0,79,5oi7,T,7.402985202281633,7.322226073119303,I,-0.11228070175438597,False,9.29225519911563,0.0,0.2,1.3549185432720152,2.720842737513808,-0.07894736842105264,False,2.3507332535413523,0.0,0.0,0.5378816803667843,0.7992460159693034,-0.10175438596491228,False,5.821494226328491,0.0,0.0,0.7208374798732059,1.5452633343854816,2.3507332535413523,-0.38797678799132207,-2.7387100415326744,2.3507332535413523,I,P,P,0.0,False
B_aa_only_s231303,B,aa_only,231303,development,1,42,1c5e,A,0.023602427594353947,0.019995424472791946,C,-0.09473684210526316,False,0.02972787620246129,0.0,0.2,0.1133780342231641,0.15363081590082747,-0.08771929824561404,False,0.01968649220084022,0.0,0.2,0.10611716037819319,0.14413578436706032,-0.0824561403508772,False,0.021297393972429052,0.0,0.2,0.1096788336168989,0.14881198729397366,0.007288222799318622,0.010980335105274602,0.00369211230595598,0.01968649220084022,C,G,R,0.012398269401521597,False
B_aa_only_s231303,B,aa_only,231303,development,1,35,1c5e,D,0.0033914014307148133,0.00204741762657344,M,0.36315789473684207,False,0.022189232685623256,0.0,0.4,0.0512759469390983,0.058235740149111294,0.4385964912280701,False,0.023508813666736544,0.0,0.4,0.04835392440529561,0.05572904598823155,0.3929824561403509,False,0.0228490231761799,0.0,0.4,0.04981493567219696,0.05692890605113143,0.023508813666736544,0.015515747754407547,-0.007993065912328998,0.023508813666736544,M,K,K,0.0,True
B_aa_only_s231303,B,aa_only,231303,development,1,12,1c5e,L,0.0065687967889623495,0.004280510042180544,C,0.37543859649122807,False,0.03477124501648969,0.0,0.4,0.06152054762008267,0.08104811403704808,0.26842105263157895,False,0.03257807486966964,0.0,0.4,0.055434313182549516,0.07160487387553964,0.2982456140350877,False,0.033674659943079666,0.0,0.4,0.057940394767766204,0.07586024405041406,0.03257807486966964,0.016141307309068043,-0.016436767560601598,0.03257807486966964,C,Q,Q,0.0,False
B_aa_only_s231303,B,aa_only,231303,development,1,38,1c5e,T,0.010307129670962742,0.008871475848844457,I,0.28947368421052627,False,0.011946235009322154,0.0,0.4,0.06359539382672731,0.10152403494228715,0.2508771929824561,False,0.004908411841122576,0.0,0.6,0.06276406935052015,0.09520114452940348,0.2719298245614035,False,0.008427323425222365,0.0,0.6,0.06310075240237822,0.09830353809620145,0.004908411841122576,-0.0033928913685180445,-0.00830130320964062,0.004908411841122576,I,C,C,0.0,False
B_aa_only_s231303,B,aa_only,231303,development,2,75,4gn0,A,0.007966268049030875,0.006394420669841192,C,-0.2771929824561403,False,0.088604748173287,0.0,0.2,0.07344219003854341,0.0892539525681125,-0.07719298245614034,False,0.012685766837227774,0.3333333333333333,0.4,0.06444918254515404,0.07709199783324851,-0.18771929824561404,False,0.04501198053271338,0.0,0.4,0.06894568629184873,0.08195933250963203,-0.005378516949940959,-0.05629295035355142,-0.05091443340361046,0.012685766837227774,C,G,F,0.018064283787168733,False
B_aa_only_s231303,B,aa_only,231303,development,2,29,4gn0,D,0.01147030551199664,0.008033849819245837,M,0.23157894736842102,False,0.03492169123037314,0.0,0.2,0.09766637409306078,0.10709951219308443,0.4456140350877193,False,0.004823184603599984,0.6666666666666666,0.4,0.08956432697737342,0.13874581514983642,0.40350877192982454,False,0.002653304165189496,0.6666666666666666,0.4,0.08626666699682482,0.10896661005873891,-0.04654577129887194,-0.1460843532726681,-0.09953858197379617,0.004823184603599984,M,C,K,0.051368955902471924,False
B_aa_only_s231303,B,aa_only,231303,development,2,23,4gn0,L,0.012888465209700349,0.01249570777510418,C,0.47017543859649114,False,0.016124212725433296,0.6666666666666666,0.4,0.06419713404297954,0.11352737647677916,0.39122807017543854,True,0.0,0.6666666666666666,0.4,0.10792687787379884,0.16266290686216756,0.3666666666666667,True,0.0,0.6666666666666666,0.4,0.07673505603127424,0.13204144452711983,-0.048278952661775065,-0.17679096994537957,-0.1285120172836045,0.0,C,C,F,0.048278952661775065,False
B_aa_only_s231303,B,aa_only,231303,development,2,45,4gn0,T,0.012073215862108804,0.009143452489973489,I,-0.3719298245614035,False,0.1342391644496086,0.0,0.0,0.07252206957253848,0.10987818647078593,-0.07368421052631578,False,0.15145293308987284,0.0,0.4,0.07451842489295897,0.09562925478453774,-0.26491228070175443,False,0.14284604876974072,0.0,0.0,0.07016560354592648,0.09851907922020745,0.15145293308987284,0.021489679200490386,-0.12996325388938246,0.15145293308987284,I,P,P,0.0,False
B_aa_only_s231303,B,aa_only,231303,train,3,54,1v70,A,0.0036197318921153956,0.002091458509284969,C,0.45789473684210524,False,0.006333791199969269,0.6666666666666666,0.8,0.05245497856826653,0.06016420773279904,0.39824561403508774,False,0.003774175405765086,0.6666666666666666,0.6,0.05270057928324437,0.060389354452189827,0.4070175438596491,False,0.005053983302867177,0.6666666666666666,0.6,0.05257777892575546,0.060273858105231164,0.003774175405765086,-0.008194748765188553,-0.011968924170953639,0.003774175405765086,C,I,I,0.0,True
B_aa_only_s231303,B,aa_only,231303,train,3,4,1v70,D,0.0017514636023518663,0.0017509205440747776,M,-0.08421052631578947,False,0.006853490147922248,0.0,0.2,0.03283476112206705,0.041850491064644224,-0.14210526315789473,False,0.013421078347008474,0.0,0.2,0.03328771241900244,0.042145161198038614,-0.1105263157894737,False,0.008971524655069042,0.0,0.2,0.03306123677053474,0.04197736235081856,0.009466906150378242,-0.020890607715098285,-0.030357513865476526,0.013421078347008474,M,S,V,0.003954172196630232,True
B_aa_only_s231303,B,aa_only,231303,train,3,69,1v70,L,0.002620397591617962,0.002597596921041399,C,0.5280701754385965,True,0.0,0.3333333333333333,0.6,0.03985589876720231,0.05118981921845361,0.21403508771929824,False,0.001281542935194016,0.0,0.2,0.039795065589082516,0.05111751509512363,0.4333333333333333,False,8.841978898389835e-05,0.3333333333333333,0.4,0.03982548217814242,0.05114290736615574,0.0,-0.0006431844396960762,-0.0006431844396960762,0.001281542935194016,C,W,C,0.001281542935194016,True
B_aa_only_s231303,B,aa_only,231303,train,3,100,1v70,T,0.002574242187976896,0.0024981900170876568,I,0.29473684210526313,False,0.006031617779090989,0.0,0.4,0.04282458503417593,0.05073699033227036,0.27543859649122804,False,0.005164812798655827,0.0,0.6,0.043526447935786944,0.05088246145345875,0.24736842105263157,False,0.005596403991505551,0.0,0.4,0.043175516484981434,0.05080402147422878,0.0036014896404767544,-0.0014598618045298661,-0.0050613514450066205,0.005164812798655827,I,C,Q,0.0015633231581790724,True
B_aa_only_s231303,B,aa_only,231303,train,4,30,1ub9,A,0.007063976195712896,0.0044532278410191264,C,-0.22982456140350876,False,0.08020781563407858,0.3333333333333333,0.2,0.07308288642530276,0.08404746394575446,-0.11403508771929824,False,0.1227381063202912,0.3333333333333333,0.2,0.08735318212813076,0.09893699624960052,-0.20350877192982456,False,0.10147296097718489,0.3333333333333333,0.2,0.08021803427671675,0.09110483500753018,0.1227381063202912,-0.014887317905994735,-0.13762542422628593,0.1227381063202912,C,H,H,0.0,True
B_aa_only_s231303,B,aa_only,231303,train,4,40,1ub9,D,0.010931608726662063,0.005034159499157913,M,0.0017543859649122807,False,0.14589623046147954,0.3333333333333333,0.2,0.08662240628003628,0.10455433384925783,0.04912280701754386,False,0.19381712191442163,0.3333333333333333,0.4,0.09052133147287997,0.10779761281358977,0.057894736842105256,False,0.16985667618795058,0.3333333333333333,0.4,0.08762684178049723,0.10544825974947691,0.19381712191442163,0.06672571258774157,-0.12709140932668006,0.19381712191442163,M,C,C,0.0,False
B_aa_only_s231303,B,aa_only,231303,train,4,12,1ub9,L,0.050172294692545874,0.027840637833788522,C,0.25263157894736843,False,0.06811668358703954,0.0,0.4,0.1623815786740768,0.22399172907173576,0.22807017543859648,False,0.1082572683101573,0.0,0.4,0.13932091298843047,0.19569274205820933,0.256140350877193,False,0.08818697594859842,0.0,0.4,0.15077776022145536,0.2093301237060148,0.1082572683101573,0.08594924483646488,-0.02230802347369243,0.1082572683101573,C,P,P,0.0,True
B_aa_only_s231303,B,aa_only,231303,train,4,61,1ub9,T,0.0037008625882133253,0.0031383834359320537,I,-0.13859649122807016,False,0.04190151409262488,0.0,0.2,0.05354980233254071,0.06083471532121545,0.24912280701754386,False,0.01714513129933737,0.0,0.4,0.05335553950302308,0.060321271475421136,0.04736842105263158,False,0.029523322695981125,0.0,0.2,0.0534526709177819,0.060000767368259,0.01714513129933737,0.013508849596732875,-0.0036362817026044936,0.01714513129933737,I,H,H,0.0,True
B_aa_only_s231303,B,aa_only,231303,train,5,92,2wpq,A,0.10682435183204285,0.1045033030931687,C,0.5807017543859649,False,0.26086181474564896,0.6666666666666666,0.8,0.20911628769922055,0.3268399483417577,0.368421052631579,False,0.16766672729972676,0.3333333333333333,0.2,0.11026905534020892,0.12757849604063784,0.5631578947368421,False,0.21426427102268786,0.3333333333333333,0.4,0.12923775522937758,0.19590583663724256,0.16766672729972676,0.025622016284222227,-0.14204471101550453,0.16766672729972676,C,P,P,0.0,False
B_aa_only_s231303,B,aa_only,231303,train,5,68,2wpq,D,0.0842415854415028,0.07931005632516858,M,0.46842105263157896,True,0.0,0.3333333333333333,0.2,0.2376662035481559,0.29024401017334156,0.2771929824561403,False,0.11380099073605798,0.0,0.0,0.10969669429827889,0.15819565376651895,0.4122807017543859,True,0.0,0.3333333333333333,0.2,0.17284076069771592,0.22016402746232763,0.0,-0.13989409057958113,-0.13989409057958113,0.11380099073605798,M,R,M,0.11380099073605798,False
B_aa_only_s231303,B,aa_only,231303,train,5,97,2wpq,L,0.19994929035869058,0.19207041183540108,C,0.03508771929824562,False,0.5897455923767279,0.0,0.0,0.3093949940357083,0.4471568968032256,-0.4140350877192982,False,0.30228245967449574,0.0,0.0,0.1286623119949992,0.1592522323205762,0.0017543859649122807,False,0.4460140260256118,0.0,0.0,0.19591556120526943,0.26261229394584334,0.30228245967449574,0.09532831171776124,-0.2069541479567345,0.30228245967449574,C,S,S,0.0,False
B_aa_only_s231303,B,aa_only,231303,train,5,44,2wpq,T,1.0295078136527704,0.3514514769756393,I,0.1701754385964912,False,0.46876507801998457,0.3333333333333333,0.4,0.8494368654030626,1.0146466447255273,0.16140350877192983,False,0.38739922724799314,0.3333333333333333,0.4,0.5864242162648837,0.6574449092065578,0.14210526315789473,False,0.42808215263398885,0.3333333333333333,0.4,0.7179305408339731,0.8268921585930579,0.38739922724799314,0.28112970255202185,-0.10626952469597128,0.38739922724799314,I,G,G,0.0,False
B_aa_only_s231303,B,aa_only,231303,train,6,36,3vub,A,0.0031640867315042517,0.002351289190942019,C,0.16666666666666666,False,0.00041934973562082756,0.3333333333333333,0.4,0.0481594403995951,0.05625021539073652,-0.3614035087719299,False,1.370488502409339,0.0,0.0,0.5818460947275149,0.6644451801041942,-0.356140350877193,False,0.6823754891922229,0.0,0.0,0.2931174829372618,0.3426129610106816,0.3566832809358054,0.6565321013743387,0.2998488204385333,1.370488502409339,C,D,H,1.0138052214735336,False
B_aa_only_s231303,B,aa_only,231303,train,6,88,3vub,D,0.002365572594656662,0.0018542332002696742,M,0.02456140350877193,False,0.00453820889371527,0.0,0.0,0.04107890956053808,0.04863715241105982,-0.23859649122807017,False,0.4667407963628998,0.0,0.2,0.6162807520434188,0.6609092032989563,-0.21403508771929824,False,0.234528898106941,0.0,0.2,0.29829883365035664,0.3236823885698323,-0.24865493108390935,-0.2664231933935395,-0.017768262309630134,0.4667407963628998,M,R,H,0.7153957274468091,False
B_aa_only_s231303,B,aa_only,231303,train,6,40,3vub,L,0.0024588930548423435,0.0024430066710524776,C,0.3666666666666667,False,0.016329396988464376,0.3333333333333333,0.6,0.037616899184189985,0.04958722673070499,0.3017543859649123,False,0.01190840031010354,0.3333333333333333,0.6,0.6933812136200131,0.695774640509855,0.4385964912280701,False,0.014118898649284006,0.3333333333333333,0.4,0.34469772047419445,0.34854416590967363,0.01190840031010354,-0.7227630035023684,-0.734671403812472,0.01190840031010354,C,G,G,0.0,False
B_aa_only_s231303,B,aa_only,231303,train,6,6,3vub,T,0.0029973786502910296,0.0027683341978784522,I,-0.2543859649122807,False,0.024014758947867657,0.3333333333333333,0.4,0.04651996005931077,0.054748320981478776,0.10526315789473684,False,0.27941100801458196,0.3333333333333333,0.2,0.4615466774888387,0.5572545356072606,0.09824561403508772,False,0.1437580813750084,0.3333333333333333,0.2,0.22599692219214818,0.2744478877892139,-0.39850709232931586,-0.4603222725901204,-0.061815180260804514,0.27941100801458196,I,N,G,0.6779181003438979,False
B_aa_only_s231303,B,aa_only,231303,train,7,56,3nxa,A,0.018863542846459136,0.007365771441810454,C,-0.1456140350877193,False,0.2289161425153966,0.3333333333333333,0.2,0.11699545425665671,0.13734461345993565,-0.13157894736842105,False,0.2916412504460274,0.3333333333333333,0.2,0.12178311841619258,0.14116999692471732,-0.13508771929824562,False,0.260278696480712,0.3333333333333333,0.2,0.11938928633642466,0.13886836874098393,0.2916412504460274,0.06708922880174928,-0.22455202164427812,0.2916412504460274,C,P,P,0.0,False
B_aa_only_s231303,B,aa_only,231303,train,7,74,3nxa,D,0.0036605919961417914,0.0036505709600615443,M,-0.2789473684210526,False,0.08412986658174404,0.0,0.4,0.04879717834813152,0.060502826348376414,-0.38421052631578945,False,0.47999728429613375,0.0,0.4,0.13343077274528964,0.2389270642819734,-0.3929824561403509,False,0.2820635754389389,0.0,0.4,0.09083989522447942,0.13652774780020327,0.47999728429613375,0.3981151189259291,-0.08188216537020465,0.47999728429613375,M,G,G,0.0,False
B_aa_only_s231303,B,aa_only,231303,train,7,39,3nxa,L,0.012070728518249479,0.006359150854892386,C,-0.057894736842105256,False,0.17309323503339558,0.6666666666666666,0.4,0.08928125616589115,0.10986686724508658,0.01754385964912281,False,0.1807288245771932,0.6666666666666666,0.4,0.1417652627304672,0.29260799883743777,-0.014035087719298246,False,0.17691102980529438,0.6666666666666666,0.4,0.1152731625943887,0.17205613460384164,0.1807288245771932,-0.04466068611237506,-0.22538951068956825,0.1807288245771932,C,Y,Y,0.0,False
B_aa_only_s231303,B,aa_only,231303,train,7,3,3nxa,T,0.021212196974722885,0.008053898123071054,I,0.02631578947368421,False,0.25289777495045573,0.0,0.4,0.135126643810784,0.145644076346149,-0.13157894736842105,False,0.23792529599971246,0.0,0.2,0.15308670395647941,0.1664756823982688,-0.015789473684210527,False,0.2454115354750841,0.0,0.2,0.14410667388363174,0.1556632705698662,0.23792529599971246,0.16560386765843815,-0.07232142834127431,0.23792529599971246,I,N,N,0.0,False
B_aa_only_s231303,B,aa_only,231303,train,8,48,2v66,A,9.208991118539563,3.8609451651997144,C,0.5508771929824561,True,0.0,0.6666666666666666,0.6,2.6655403182306796,3.034631957674532,0.6017543859649123,True,0.0,0.3333333333333333,0.6,2.3939319122864826,3.1211971238327147,0.6403508771929824,True,0.0,0.6666666666666666,0.6,2.022179732024119,2.4809909674465405,0.0,-8.078359865335948,-8.078359865335948,0.0,C,C,C,0.0,False
B_aa_only_s231303,B,aa_only,231303,train,8,42,2v66,D,15.474272539308659,6.229683356984772,M,0.5771929824561403,False,4.093911305231909,0.3333333333333333,0.6,3.232257325492373,3.933735189270963,0.5017543859649122,False,3.428215154926232,0.3333333333333333,0.6,1.7358046477854228,2.510725541862571,0.6157894736842106,False,3.7610632300790705,0.3333333333333333,0.6,1.9493317037670481,2.7459155652773424,3.428215154926232,-1.7046895452136046,-5.132904700139837,3.428215154926232,M,C,C,0.0,False
B_aa_only_s231303,B,aa_only,231303,train,8,60,2v66,L,45.3246785490866,10.891856772111595,C,0.7403508771929824,False,0.1828291656506531,0.3333333333333333,0.6,5.86794868561195,6.73236054806088,0.7140350877192982,False,0.22550156625708517,0.3333333333333333,0.6,7.551575755066407,9.01607816290578,0.7157894736842104,False,0.20416536595386903,0.3333333333333333,0.6,6.7097622203391785,7.797093964702842,0.22550156625708517,1.19529015807707,0.9697885918199849,0.22550156625708517,C,V,V,0.0,False
B_aa_only_s231303,B,aa_only,231303,train,8,74,2v66,T,59.59981284289223,58.76992230240769,I,0.7789473684210525,True,0.0,0.6666666666666666,0.6,5.142777259998452,7.7200915048263665,0.7771929824561404,False,0.36920141317741084,0.3333333333333333,0.6,8.61567030713285,9.543580175095272,0.7789473684210525,False,0.011366047235709331,0.3333333333333333,0.6,6.615847269285572,8.049765801796386,0.0,-12.650688208736064,-12.650688208736064,0.36920141317741084,I,L,I,0.36920141317741084,False
B_aa_only_s231303,B,aa_only,231303,train,9,61,3zk1,A,0.003981688961191765,0.002516747524029528,C,-0.19824561403508772,False,0.020150909442941622,0.0,0.2,0.0560032799639694,0.06310062567987551,-0.28771929824561404,False,0.018444919870751447,0.0,0.0,0.05335204995029619,0.061401777406230526,-0.20175438596491227,False,0.019297914656846535,0.0,0.2,0.0546776649571328,0.06215472039219029,0.018444919870751447,0.007100720644097197,-0.01134419922665425,0.018444919870751447,C,F,F,0.0,True
B_aa_only_s231303,B,aa_only,231303,train,9,1,3zk1,D,0.0029568561543157792,0.0017628171618692715,M,0.2789473684210526,False,0.011257554690324023,0.3333333333333333,0.2,0.04403989812112815,0.054376981842649004,0.32631578947368417,False,0.013679434883452302,0.3333333333333333,0.2,0.044158378961741546,0.05866011187206374,0.28596491228070176,False,0.012468494786888162,0.3333333333333333,0.2,0.04409913854143485,0.05630306936810229,0.013679434883452302,-0.010885242560227049,-0.02456467744367935,0.013679434883452302,M,Y,Y,0.0,True
B_aa_only_s231303,B,aa_only,231303,train,9,78,3zk1,L,0.002430062879554494,0.0022997653727401357,C,0.2771929824561403,False,0.005773741644141295,0.6666666666666666,0.4,0.0388803730108645,0.04929566795930951,0.15438596491228068,False,0.005344278475772901,0.3333333333333333,0.2,0.0401315892563465,0.05107499959888849,0.22982456140350876,False,0.005559010059957098,0.3333333333333333,0.2,0.0391214268100501,0.04999706285978606,0.005344278475772901,0.0006041288853778914,-0.00474014959039501,0.005344278475772901,C,D,D,0.0,True
B_aa_only_s231303,B,aa_only,231303,train,9,4,3zk1,T,0.0018758209643502544,0.0018679643624842656,I,0.6473684210526316,False,0.011913170965159092,0.0,0.4,0.03073980424502535,0.043310748831557444,0.7070175438596492,False,0.003025798993301465,0.3333333333333333,0.6,0.03212181411571689,0.04280315318084369,0.7245614035087719,False,0.00682735446330579,0.0,0.6,0.03111720661018899,0.042626558865881306,0.0017415379614524884,-0.015549412407876356,-0.017290950369328845,0.003025798993301465,I,H,Y,0.0012842610318489767,True
B_aa_only_s231303,B,aa_only,231303,train,10,79,1qy7,A,0.003102850915750612,0.002523714494537012,C,-0.07894736842105264,False,0.037681111662854816,0.0,0.4,0.0462459416551134,0.05570323972401078,0.03684210526315789,False,0.01888094667107143,0.0,0.4,0.046702851768791465,0.05546226774633749,0.0,False,0.024790316193820272,0.0,0.2,0.04644218088701293,0.055407853160903846,0.009062660792478194,0.016384130602535185,0.007321469810056991,0.01888094667107143,C,D,W,0.009818285878593236,False
B_aa_only_s231303,B,aa_only,231303,train,10,70,1qy7,D,0.002274855007197067,0.0018727793249921248,M,0.11578947368421051,False,0.013952720766633453,0.3333333333333333,0.2,0.0392866249424066,0.04769544010906144,0.0894736842105263,False,0.011175747392555557,0.0,0.2,0.03710997228466845,0.04544967448571501,0.014035087719298246,False,0.009247544496344517,0.0,0.2,0.03819829861353753,0.04646575815678277,-0.0018142260588080994,-0.0014928875560822341,0.0003213385027258653,0.011175747392555557,M,G,E,0.012989973451363657,False
B_aa_only_s231303,B,aa_only,231303,train,10,55,1qy7,L,0.0028396204187615837,0.0028288583440618117,C,-0.08070175438596491,False,0.04501633681662376,0.0,0.0,0.04243543080299171,0.053288088901381925,0.2508771929824561,False,0.03475006406009895,0.3333333333333333,0.4,0.037930823514662725,0.048269449264627215,0.008771929824561405,False,0.037062595140821664,0.3333333333333333,0.2,0.039923850178940457,0.05018964667847594,0.012380442829146965,0.00530194941826756,-0.007078493410879405,0.03475006406009895,C,H,N,0.022369621230951986,False
B_aa_only_s231303,B,aa_only,231303,train,10,98,1qy7,T,0.0033061235490455597,0.003021083838680586,I,0.08771929824561404,False,0.028134379058181724,0.0,0.2,0.04708010955065101,0.05749890041596935,0.3192982456140351,False,0.02547020654015064,0.0,0.4,0.046792663256553714,0.057930520007295906,0.21052631578947367,False,0.022596762606287013,0.0,0.2,0.04531042748873801,0.05735926358035772,0.013760719162277613,0.0037895491254343883,-0.009971170036843224,0.02547020654015064,I,A,G,0.011709487377873029,False
B_aa_only_s231303,B,aa_only,231303,train,11,64,3mhx,A,0.003809370651637587,0.0022506678194173756,C,0.3508771929824562,False,0.003891947858258471,0.0,0.2,0.05499106856477862,0.06172009925168289,0.19473684210526312,True,0.0,0.3333333333333333,0.4,0.04290871540468147,0.05167846324158544,0.2719298245614035,True,0.0,0.3333333333333333,0.4,0.04869159208467862,0.05614500882530105,-0.008144024558728924,-0.007477535258143708,0.0006664893005852157,0.0,C,C,S,0.008144024558728924,False
B_aa_only_s231303,B,aa_only,231303,train,11,19,3mhx,D,0.0037771613352661185,0.0027821922205160127,M,-0.005263157894736842,False,0.06541495266197073,0.0,0.4,0.05295738707976001,0.06145861481733963,-0.11403508771929824,False,0.08259989362573195,0.0,0.2,0.06752628423738688,0.07499434616839146,-0.015789473684210527,False,0.07400742314385134,0.0,0.4,0.06024183565857344,0.067558009825499,0.08259989362573195,0.06140397918666157,-0.021195914439070374,0.08259989362573195,M,P,P,0.0,False
B_aa_only_s231303,B,aa_only,231303,train,11,3,3mhx,L,0.0038077345967483436,0.003673726203822307,C,-0.24035087719298245,False,0.022843934421611617,0.0,0.2,0.05205680656929532,0.06170684400249573,-0.15263157894736842,True,0.0,0.3333333333333333,0.2,0.048551838300439173,0.05900078512145539,-0.12982456140350876,False,0.011410669477386323,0.3333333333333333,0.2,0.05019140502746622,0.05996887624875335,-2.2595466838970513e-05,-0.02343313618806242,-0.02341054072122345,0.0,C,C,V,2.2595466838970513e-05,False
B_aa_only_s231303,B,aa_only,231303,train,11,2,3mhx,T,0.0024223019842082613,0.0022694395541990042,I,0.27543859649122804,False,0.013328273145546465,0.3333333333333333,0.6,0.04254420452600543,0.049216887185276774,-0.019298245614035085,False,0.024125579072741432,0.3333333333333333,0.4,0.04419796465487621,0.05310659859819601,0.04736842105263158,False,0.016660141452544908,0.3333333333333333,0.4,0.04337108459044081,0.0509458672182417,0.01698375676947006,0.01471722143078924,-0.0022665353386808196,0.024125579072741432,I,H,F,0.007141822303271372,False
B_aa_only_s231303,B,aa_only,231303,train,12,4,5b08,A,0.005312674288682716,0.0031444519783114617,C,-0.14210526315789473,False,0.05367805024174371,0.0,0.0,0.06452734709699881,0.07288809428625992,0.021052631578947368,False,0.039764205542249076,0.0,0.2,0.05782719872986791,0.06517929314555473,-0.005263157894736842,False,0.046721127891996395,0.0,0.0,0.061177272913433375,0.06890354955096892,0.039764205542249076,0.0025947747726670634,-0.03716943076958201,0.039764205542249076,C,D,D,0.0,True
B_aa_only_s231303,B,aa_only,231303,train,12,73,5b08,D,0.0019883958221187763,0.0019438610550633793,M,0.21929824561403505,False,0.08178404286321156,0.0,0.4,0.03287091386812581,0.044591432160436116,0.20350877192982456,False,0.06764407408715911,0.0,0.4,0.033704657583311655,0.04490840641815913,0.23508771929824557,False,0.07471405847518534,0.0,0.4,0.03328778572571873,0.044641084736105216,0.06764407408715911,0.003335365171063309,-0.0643087089160958,0.06764407408715911,M,Y,Y,0.0,False
B_aa_only_s231303,B,aa_only,231303,train,12,32,5b08,L,0.004563265403051539,0.0036051665779248667,C,-0.021052631578947368,False,0.0110060899563596,0.0,0.2,0.053219880913307226,0.06755194596050908,0.03333333333333333,False,0.010674670472317516,0.0,0.0,0.053238790622550165,0.06633463129239073,-0.028070175438596492,False,0.010840380214338557,0.0,0.0,0.053229335767928695,0.06686865859506941,0.010674670472317516,-0.04296159948950673,-0.053636269961824246,0.010674670472317516,C,D,D,0.0,True
B_aa_only_s231303,B,aa_only,231303,train,12,64,5b08,T,0.004856488731521722,0.00337326430731311,I,-0.09649122807017543,False,0.0636507520005341,0.0,0.0,0.05759644948494431,0.06968851219190808,-0.031578947368421054,False,0.06702537250580387,0.0,0.0,0.06215970823133841,0.08038290493522018,-0.06315789473684211,False,0.06533806225316899,0.0,0.0,0.05938329436702875,0.07443833084882966,0.06702537250580387,0.029963015354149136,-0.037062357151654735,0.06702537250580387,I,E,E,0.0,False
B_aa_only_s231303,B,aa_only,231303,development,13,2,1jke,A,0.0023346062334266234,0.0019043920004060886,C,0.4526315789473684,False,0.030421629107938927,0.3333333333333333,0.8,0.039574704526728476,0.048317763125238146,0.4385964912280701,False,0.029306562674450365,0.3333333333333333,0.8,0.03872934230458533,0.04775161239870888,0.4385964912280701,False,0.029864095891194646,0.3333333333333333,0.8,0.0391520234156569,0.048023640036626215,0.029306562674450365,-0.003228391862596755,-0.03253495453704712,0.029306562674450365,C,M,M,0.0,False
B_aa_only_s231303,B,aa_only,231303,development,13,135,1jke,D,0.0018083187623469878,0.0017257639506701753,M,0.14736842105263157,False,0.006676130333776398,0.0,0.2,0.02915061821764373,0.042524331415637655,0.09298245614035087,False,0.013050870028143799,0.0,0.2,0.02986774289174169,0.04146073789726412,0.1719298245614035,False,0.009863500180960098,0.0,0.2,0.02943149365119811,0.04184606319138196,0.013050870028143799,-0.02025602036705426,-0.03330689039519806,0.013050870028143799,M,N,N,0.0,False
B_aa_only_s231303,B,aa_only,231303,development,13,142,1jke,L,0.00350655928628999,0.003487623250597463,C,-0.26491228070175443,False,0.0038423228904317097,0.3333333333333333,0.4,0.04809556457909294,0.059216207969524606,-0.15614035087719297,False,0.004543739229163249,0.6666666666666666,0.4,0.046251145952899926,0.05729339482844373,-0.23157894736842102,False,0.004193031059797479,0.3333333333333333,0.4,0.04717335526599643,0.05823200082631708,0.004543739229163249,-0.008112263304311265,-0.012656002533474514,0.004543739229163249,C,F,F,0.0,True
B_aa_only_s231303,B,aa_only,231303,development,13,19,1jke,T,0.004047424693178551,0.003369689822269744,I,0.22456140350877193,False,0.06961461511349025,0.0,0.0,0.04904481494158382,0.06361937356795139,0.18070175438596495,False,0.07258282877017672,0.0,0.0,0.050229304770259005,0.06538645348683218,0.20175438596491227,False,0.07109872194183348,0.0,0.0,0.04963705985592141,0.06447783068016923,0.07258282877017672,-0.030807075961742175,-0.10338990473191889,0.07258282877017672,I,D,D,0.0,False
B_aa_only_s231303,B,aa_only,231303,development,14,21,3qr7,A,0.0887551258926829,0.08642258004054061,C,-0.15438596491228068,False,0.8281005868735476,0.0,0.0,0.24497222053948606,0.29791798517827506,-0.1649122807017544,False,0.9238046052906816,0.0,0.0,0.2810773119487307,0.35182757841608947,-0.13157894736842105,False,0.796000355317952,0.0,0.0,0.2562693448991485,0.3118440117162049,0.7191560747674082,0.24198322259004623,-0.47717285217736194,0.9238046052906816,C,K,N,0.20464853052327348,False
B_aa_only_s231303,B,aa_only,231303,development,14,105,3qr7,D,0.10229378872857178,0.05128953202568849,M,-0.16842105263157894,False,0.3693444743453278,0.0,0.2,0.242295294062941,0.31983400183309435,-0.24912280701754386,False,0.4618350708205434,0.0,0.2,0.22924208443582286,0.29072821977855845,-0.2157894736842105,False,0.4119890460941231,0.0,0.2,0.21461532503377959,0.29704196104378044,0.3175131568828986,0.17917273540145429,-0.13834042148144432,0.4618350708205434,M,P,N,0.14432191393764482,False
B_aa_only_s231303,B,aa_only,231303,development,14,22,3qr7,L,0.07674219005485822,0.06067232057811756,C,0.32105263157894737,False,0.49207116858567,0.0,0.2,0.22235536472873352,0.27702380774016194,0.39824561403508774,False,0.49849917966056667,0.3333333333333333,0.4,0.29262977887191954,0.40247552388288443,0.3877192982456141,False,0.49528517412311834,0.3333333333333333,0.4,0.2444272641087263,0.3290833433756189,0.49849917966056667,0.26471734177503237,-0.2337818378855343,0.49849917966056667,C,N,N,0.0,False
B_aa_only_s231303,B,aa_only,231303,development,14,29,3qr7,T,0.06711241121322044,0.0671066012102746,I,-0.01754385964912281,False,0.6066076058080099,0.3333333333333333,0.2,0.20077346890175327,0.2590606323107014,0.04912280701754386,False,0.19637540399805475,0.3333333333333333,0.4,0.19042217222650737,0.2250033738173435,0.06666666666666667,False,0.4014915049030323,0.3333333333333333,0.4,0.1892394254527009,0.23249623952060167,0.19637540399805475,-0.2687728398676641,-0.46514824386571885,0.19637540399805475,I,D,D,0.0,False
B_aa_only_s231303,B,aa_only,231303,development,15,59,1lj9,A,0.009552909109996883,0.005212101386988163,C,-0.45438596491228067,False,0.11094469102372664,0.0,0.2,0.08695715165350197,0.09773898459671496,-0.4842105263157894,False,0.1923600872234022,0.0,0.2,0.10865544866677426,0.12408896230076163,-0.4807017543859649,False,0.15165238912356444,0.0,0.2,0.09780630016013811,0.11061353512911772,0.1923600872234022,0.030638580539901566,-0.16172150668350063,0.1923600872234022,C,F,F,0.0,True
B_aa_only_s231303,B,aa_only,231303,development,15,124,1lj9,D,0.0017737644123636083,0.001050235251334023,M,0.2982456140350877,False,0.009777096049130574,0.3333333333333333,0.4,0.03691829392808362,0.042116082585677506,-0.30526315789473685,False,0.08209674566615655,0.0,0.2,0.04071907632333131,0.05005894558994612,-0.12631578947368421,False,0.038413972855591144,0.0,0.2,0.03584266273799869,0.04251268653276625,0.05456404264258838,0.015089412223420806,-0.03947463041916757,0.08209674566615655,M,I,E,0.027532703023568167,True
B_aa_only_s231303,B,aa_only,231303,development,15,111,1lj9,L,0.004740418497328616,0.004042258400283731,C,-0.3526315789473684,False,0.01540044288607273,0.3333333333333333,0.2,0.05692260163436886,0.06885069714482647,-0.30526315789473685,False,0.04015134987384353,0.0,0.2,0.06952843217334637,0.08787502759219029,-0.28070175438596495,False,0.02777589637995813,0.3333333333333333,0.2,0.059631731428973066,0.07534155722742432,0.04015134987384353,-0.048997337752829884,-0.08914868762667341,0.04015134987384353,C,N,N,0.0,False
B_aa_only_s231303,B,aa_only,231303,development,15,0,1lj9,T,0.0024280523086785168,0.0021902173495557415,I,0.44912280701754387,False,0.010570278722975418,0.6666666666666666,0.6,0.041453841162104425,0.04927527076210253,0.45438596491228067,False,0.05826751847434128,0.0,0.2,0.03861675138519538,0.04728536327463977,0.46140350877192987,False,0.03441889859865835,0.3333333333333333,0.2,0.035691335220531605,0.046217018401842,0.05826751847434128,-2.4151530724880743e-05,-0.05829167000506616,0.05826751847434128,I,W,W,0.0,True
B_aa_only_s231303,B,aa_only,231303,train,16,16,4zzf,A,0.074349603291771,0.067676496892166,C,0.28947368421052627,False,0.7425628816468753,0.3333333333333333,0.4,0.20050441333738958,0.2726712366418046,0.32807017543859646,False,0.6492608032029583,0.3333333333333333,0.6,0.2375532235612472,0.30305263558293094,0.3017543859649123,False,0.6959118424249168,0.3333333333333333,0.2,0.2116855010493734,0.2807965916932406,0.6492608032029583,0.13476375642867744,-0.5144970467742809,0.6492608032029583,C,P,P,0.0,False
B_aa_only_s231303,B,aa_only,231303,train,16,35,4zzf,D,0.011766527015308854,0.011577687193762393,M,-0.5140350877192983,False,0.237130045250579,0.3333333333333333,0.2,0.09136027299871312,0.10847362359259902,-0.45964912280701753,False,0.3560200332433292,0.3333333333333333,0.2,0.13347978852180417,0.1702787151757229,-0.5087719298245614,False,0.2965750392469541,0.3333333333333333,0.2,0.10972942312610498,0.13466305610740428,0.3560200332433292,0.22243558978054956,-0.13358444346277965,0.3560200332433292,M,W,W,0.0,False
B_aa_only_s231303,B,aa_only,231303,train,16,24,4zzf,L,0.16155470899389754,0.045428471767085615,C,0.36315789473684207,False,0.6862819937672291,0.3333333333333333,0.4,0.3511062316086684,0.40193868810292144,0.419298245614035,False,0.6790060813170753,0.3333333333333333,0.4,0.406065900946743,0.46296780547952354,0.40175438596491225,False,0.6502993762329432,0.3333333333333333,0.4,0.37491999374154955,0.43115096024139254,0.5980697490102772,0.6664178008356855,0.06834805182540826,0.6790060813170753,C,F,D,0.08093633230679809,False
B_aa_only_s231303,B,aa_only,231303,train,16,105,4zzf,T,0.02027329463348985,0.016776300932044453,I,0.2070175438596491,False,0.040969129427461004,0.6666666666666666,0.4,0.12226272436953338,0.14238432018129613,0.487719298245614,False,0.0640719190976956,0.6666666666666666,0.4,0.10453405942405732,0.1208638052067526,0.29473684210526313,False,0.052520524262578305,0.6666666666666666,0.4,0.10727993543245877,0.12634286790981106,0.0640719190976956,-0.1927753140421561,-0.2568472331398517,0.0640719190976956,I,V,V,0.0,False
B_aa_only_s231303,B,aa_only,231303,train,17,0,1msc,A,0.030214099617760604,0.028863276319197495,C,-0.1105263157894737,False,0.058561188371279105,0.0,0.2,0.10442476548213393,0.17382203432752882,0.028070175438596492,False,0.06097649757471668,0.0,0.2,0.10900469522526351,0.17192132555461637,-0.03333333333333333,False,0.05976884297299789,0.0,0.2,0.10671473035369872,0.17221778829009632,0.06097649757471668,-0.004278714251830795,-0.06525521182654748,0.06097649757471668,C,W,W,0.0,False
B_aa_only_s231303,B,aa_only,231303,train,17,113,1msc,D,0.1556885469546945,0.08464105152322689,M,0.03684210526315789,False,0.27780964483830917,0.0,0.2,0.2781749115669732,0.3945738802235831,0.04912280701754386,False,0.31559600411235533,0.0,0.2,0.23921240279608255,0.34957448984998907,0.03684210526315789,False,0.29670282447533225,0.0,0.2,0.256565144664962,0.3710074003956316,0.31559600411235533,0.223870384361732,-0.09172561975062332,0.31559600411235533,M,T,T,0.0,False
B_aa_only_s231303,B,aa_only,231303,train,17,111,1msc,L,0.9582092701818432,0.03479742309841667,C,0.6719298245614035,False,0.7053116536435473,0.6666666666666666,0.4,0.9609432070020717,0.9788816425808807,0.6298245614035087,False,0.5897099865081934,0.6666666666666666,0.6,0.8324719067637981,0.8502822593553419,0.6508771929824562,False,0.6475108200758704,0.6666666666666666,0.6,0.8967075568829348,0.9143865030503943,0.5897099865081934,0.7618374022673324,0.17212741575913904,0.5897099865081934,C,F,F,0.0,False
B_aa_only_s231303,B,aa_only,231303,train,17,44,1msc,T,0.5488032804104173,0.37737000221270184,I,0.6298245614035087,False,0.21169787406157226,0.3333333333333333,0.6,0.4173953411242769,0.7408125811636957,0.6456140350877193,False,0.25572914231378885,0.0,0.6,0.3299101919911493,0.5491030482879384,0.6385964912280702,False,0.23371350818768055,0.0,0.6,0.36797689084438867,0.6419390514581759,0.25572914231378885,0.05510799978104197,-0.20062114253274688,0.25572914231378885,I,S,S,0.0,False
B_aa_only_s231303,B,aa_only,231303,train,18,61,2vzw,A,0.003598465592088316,0.0020947667941473556,C,0.3192982456140351,True,0.0,0.3333333333333333,0.2,0.053538882098069,0.05998721190460777,0.34912280701754383,True,0.0,0.6666666666666666,0.4,0.04954218168938046,0.0565697759108433,0.3666666666666667,True,0.0,0.6666666666666666,0.4,0.05154053189372474,0.05819320305122125,0.0,-0.01324610698237036,-0.01324610698237036,0.0,C,C,C,0.0,True
B_aa_only_s231303,B,aa_only,231303,train,18,18,2vzw,D,0.002314158391499907,0.001751435422930038,M,0.03333333333333333,False,0.007692050177975196,0.3333333333333333,0.4,0.041292079826681455,0.04810570019758476,0.32105263157894737,False,0.00020491796557819963,0.6666666666666666,0.6,0.03971036808917085,0.04609607585577512,0.24736842105263157,False,0.003948484071776698,0.3333333333333333,0.6,0.04050122395792616,0.047075922125978345,0.00020491796557819963,0.0008341400089672824,0.0006292220433890827,0.00020491796557819963,M,W,W,0.0,True
B_aa_only_s231303,B,aa_only,231303,train,18,143,2vzw,L,0.0036859262241217185,0.003595739838819458,C,-0.5543859649122806,False,0.06097944432621208,0.0,0.0,0.04668581635781216,0.060711829359044345,-0.15789473684210528,False,0.036576962578966726,0.0,0.0,0.043910057653464875,0.05710758945133,-0.31052631578947365,False,0.0487782034525894,0.0,0.0,0.045190537715183866,0.05885114045784007,0.036576962578966726,-0.0030293534870933503,-0.03960631606606008,0.036576962578966726,C,P,P,0.0,True
B_aa_only_s231303,B,aa_only,231303,train,18,5,2vzw,T,0.001814165195934791,0.0018118787509742585,I,0.419298245614035,False,0.010724872592305423,0.0,0.4,0.034179083241246626,0.042593018159491715,0.38596491228070173,False,0.010497755537751896,0.0,0.2,0.03233081810010302,0.04179650838890976,0.39473684210526316,False,0.009099445972748338,0.0,0.2,0.03322547100198907,0.04211316714557177,0.0074740193531912524,-0.01389358557226053,-0.021367604925451783,0.010497755537751896,I,F,C,0.0030237361845606436,True
B_aa_only_s231303,B,aa_only,231303,train,19,37,6kys,A,0.003054286118655058,0.002234605471801156,C,0.19122807017543858,False,0.04787315597060235,0.3333333333333333,0.6,0.04779611578769788,0.05526559615760114,0.20175438596491227,False,0.05697098929553396,0.6666666666666666,0.4,0.0478622561248705,0.05540777256722387,0.2421052631578947,False,0.052422072633068154,0.6666666666666666,0.6,0.04782918595628419,0.055299337066006884,0.05697098929553396,0.025767014214466172,-0.031203975081067786,0.05697098929553396,C,P,P,0.0,False
B_aa_only_s231303,B,aa_only,231303,train,19,110,6kys,D,0.0018905266225226064,0.0017933301016708255,M,0.07192982456140351,False,0.026608751529875324,0.3333333333333333,0.4,0.035989925598751436,0.043480186551147715,0.11403508771929824,False,0.022592059030833667,0.3333333333333333,0.2,0.03325772255521226,0.04221953778643576,0.12105263157894736,False,0.024600405280354495,0.3333333333333333,0.4,0.034623824076981856,0.04271464064781783,0.022592059030833667,-0.02521632893253592,-0.047808387963369586,0.022592059030833667,M,Q,Q,0.0,False
B_aa_only_s231303,B,aa_only,231303,train,19,75,6kys,L,0.002741493627895207,0.0023175629406620587,C,0.42280701754385963,False,0.028013822814130646,0.3333333333333333,0.4,0.04661020482687432,0.052359274516509555,0.5105263157894736,False,0.017594777921879495,0.3333333333333333,0.6,0.050935679975169165,0.05902679898820109,0.487719298245614,False,0.021615885602328952,0.3333333333333333,0.6,0.04848736635189885,0.055054414326287375,0.015217948390527258,0.008168138830641242,-0.007049809559886017,0.017594777921879495,C,T,F,0.002376829531352237,False
B_aa_only_s231303,B,aa_only,231303,train,19,50,6kys,T,0.002660732054448715,0.002456112258965793,I,0.25263157894736843,False,0.0029099843302021755,0.3333333333333333,0.4,0.0441657013014464,0.05158228430816839,0.16666666666666666,False,0.004478518222466421,0.0,0.4,0.04492107973228282,0.05162749838731038,0.26491228070175443,False,0.0035822428317747873,0.3333333333333333,0.6,0.0445433905168646,0.05157180221464869,0.004254501333347399,0.006417987685867654,0.0021634863525202552,0.004478518222466421,I,K,G,0.00022401688911902196,False
B_aa_only_s231303,B,aa_only,231303,train,20,65,1ji5,A,0.0036764715716520488,0.0023253768478065126,C,0.26666666666666666,False,0.000606704485950002,0.0,0.6,0.05338355558710525,0.06063391436854501,0.031578947368421054,False,0.0009742191867297689,0.0,0.2,0.054362171579128704,0.06160733814374829,0.16666666666666666,False,0.0006422505607598036,0.0,0.4,0.05387286358311697,0.061116899821820836,0.0006777966355696052,-0.0008681448044797896,-0.0015459414400493948,0.0009742191867297689,C,M,S,0.0002964225511601637,True
B_aa_only_s231303,B,aa_only,231303,train,20,11,1ji5,D,0.0033712936593841523,0.0023226263715453257,M,-0.14035087719298248,False,0.05834590510691892,0.0,0.0,0.04799294900627711,0.05806284232953251,-0.13333333333333333,False,0.057735153158062255,0.0,0.0,0.04739105454463741,0.057625887199752354,-0.13157894736842105,False,0.05780293112669263,0.0,0.0,0.04769200177545726,0.05783482024306524,0.05670431160795318,0.05620954954573554,-0.0004947620622176435,0.057735153158062255,M,K,W,0.001030841550109074,True
B_aa_only_s231303,B,aa_only,231303,train,20,34,1ji5,L,0.0029191544909192182,0.002868618062197655,C,-0.16666666666666666,False,0.010831686732557584,0.3333333333333333,0.2,0.04226510871295431,0.054029200354245646,-0.06491228070175438,False,0.009689177234337758,0.3333333333333333,0.2,0.04141776030106141,0.053308115096765495,-0.11403508771929824,False,0.010260431983447671,0.3333333333333333,0.2,0.04179746715153894,0.05365944961667975,0.009689177234337758,-0.0002786731218856614,-0.00996785035622342,0.009689177234337758,C,W,W,0.0,True
B_aa_only_s231303,B,aa_only,231303,train,20,47,1ji5,T,0.002414332901428107,0.0023782339560858064,I,-0.04385964912280702,False,0.0029297388764713897,0.0,0.2,0.040902014310192636,0.049135861663637356,-0.06491228070175438,False,0.002071307552252419,0.0,0.2,0.04042633327279958,0.04890430900450649,-0.07543859649122807,False,0.002376763721400197,0.0,0.2,0.0406641737914961,0.04901701185956683,0.0018237885663290043,0.0005688211424853817,-0.0012549674238436226,0.002071307552252419,I,H,D,0.0002475189859234145,True
B_aa_only_s231303,B,aa_only,231303,train,21,8,6qyy,A,0.007874592101793596,0.007361550317009666,C,-0.4929824561403509,False,0.18139128019856748,0.0,0.2,0.06464440688165253,0.08873889847070221,-0.5070175438596491,False,0.18554697193764436,0.0,0.2,0.07111919244460407,0.09601225896098367,-0.47719298245614034,False,0.18346912606810592,0.0,0.2,0.06723404751032509,0.09183284749284172,0.18554697193764436,0.043430820559386574,-0.14211615137825778,0.18554697193764436,C,F,F,0.0,False
B_aa_only_s231303,B,aa_only,231303,train,21,24,6qyy,D,0.0029941610626551974,0.002018575982134495,M,-0.6052631578947367,False,0.03000125548023508,0.0,0.0,0.04645995893300553,0.054718927828085205,-0.419298245614035,False,0.03224814522076075,0.0,0.0,0.04712100534350933,0.055658893617769704,-0.49473684210526314,False,0.031124700350497914,0.0,0.0,0.04679048213825743,0.055119724557624185,0.03224814522076075,0.0346083760417249,0.0023602308209641487,0.03224814522076075,M,T,T,0.0,False
B_aa_only_s231303,B,aa_only,231303,train,21,18,6qyy,L,0.0037651527053344045,0.0031886187398147705,C,0.14385964912280702,False,0.12786345361326318,0.0,0.2,0.05437852483976341,0.0613608401615754,0.14736842105263157,False,0.13369143447811427,0.0,0.2,0.06027904093138922,0.06918072997924753,0.14736842105263157,False,0.13077744404568872,0.0,0.2,0.05732878288557632,0.06492730131251381,0.13369143447811427,0.03130722983878592,-0.10238420463932835,0.13369143447811427,C,K,K,0.0,True
B_aa_only_s231303,B,aa_only,231303,train,21,5,6qyy,T,0.0035467905617960586,0.0030865110190681716,I,-0.09649122807017543,False,0.039069468658077866,0.0,0.0,0.05042097282909241,0.059554937341886764,-0.12105263157894736,False,0.04984959712516479,0.0,0.2,0.04894100719927724,0.06029398926615781,-0.10350877192982455,False,0.04278316845543187,0.0,0.2,0.04962409800771122,0.05967949435749578,0.042188200932409214,0.019366155111168404,-0.02282204582124081,0.04984959712516479,I,E,Q,0.007661396192755576,False
B_aa_only_s231303,B,aa_only,231303,train,22,140,3nbc,A,0.003805556306938284,0.0024390246570831203,C,-0.18596491228070175,False,0.0006237747801644822,0.3333333333333333,0.2,0.05313453512312899,0.06168919116780738,-0.07192982456140351,True,0.0,0.3333333333333333,0.2,0.05322381125837988,0.061334868730086395,-0.14210526315789473,True,0.0,0.3333333333333333,0.2,0.05317917319075444,0.0614893833406197,-0.0023925207204253396,-0.00979237071953476,-0.00739984999910942,0.0,C,C,Y,0.0023925207204253396,True
B_aa_only_s231303,B,aa_only,231303,train,22,119,3nbc,D,0.001894838604154266,0.001709250733854286,M,0.15964912280701754,False,0.0020862368317879354,0.3333333333333333,0.2,0.035266209302729896,0.043529743901776705,0.18771929824561404,False,0.004012284978508279,0.3333333333333333,0.4,0.03697847170352575,0.04467277853742286,0.18070175438596495,False,0.0030492609051481073,0.3333333333333333,0.2,0.036122340503127834,0.044066490893102134,0.004012284978508279,-0.001025347997812981,-0.00503763297632126,0.004012284978508279,M,C,C,0.0,True
B_aa_only_s231303,B,aa_only,231303,train,22,77,3nbc,L,0.002512173949360745,0.0024994997514682475,C,0.712280701754386,False,0.0030503594931246825,0.0,0.6,0.03853295672209113,0.050121591648318045,0.6894736842105263,False,0.00503873130942975,0.0,0.6,0.039142478943666695,0.050490120533100626,0.7771929824561404,False,0.004044545401277216,0.0,0.6,0.038837717832878905,0.050293212067633764,0.00503873130942975,0.004387660756810879,-0.0006510705526188709,0.00503873130942975,C,M,M,0.0,True
B_aa_only_s231303,B,aa_only,231303,train,22,5,3nbc,T,0.0035799416610109948,0.0030821522728661076,I,-0.028070175438596492,False,0.07103290905176574,0.3333333333333333,0.2,0.0491827547100508,0.05983261369028596,-0.14035087719298248,False,0.06435869694607088,0.0,0.2,0.049008642532390685,0.05879443247703457,-0.02982456140350877,False,0.06769580299891831,0.3333333333333333,0.2,0.04885626108987959,0.05924912480684512,0.06435869694607088,0.034604298330957545,-0.029754398615113337,0.06435869694607088,I,L,L,0.0,True
B_aa_only_s231303,B,aa_only,231303,train,23,2,3i07,A,0.009471105737286984,0.0033942840357109073,C,0.3649122807017544,False,0.003527318754804165,0.6666666666666666,0.6,0.08014943012057656,0.09731960612994169,0.2175438596491228,False,0.04883104087640691,0.3333333333333333,0.4,0.06963845256823294,0.09612872201134634,0.29473684210526313,False,0.026179179815605524,0.3333333333333333,0.6,0.07269078124701207,0.09405308181076161,0.04883104087640691,-0.14040564006970485,-0.18923668094611176,0.04883104087640691,C,G,G,0.0,False
B_aa_only_s231303,B,aa_only,231303,train,23,137,3i07,D,0.0026914408016573753,0.0018955826466878576,M,0.0824561403508772,False,0.027851930301261596,0.3333333333333333,0.4,0.04797581290784721,0.05187909792640361,0.021052631578947368,False,0.050255812689373236,0.3333333333333333,0.4,0.0553393257173609,0.06096829466758711,0.04912280701754386,False,0.039053871495317416,0.3333333333333333,0.4,0.05165756931260405,0.056214758913123344,0.050255812689373236,0.018423280007640763,-0.03183253268173247,0.050255812689373236,M,W,W,0.0,False
B_aa_only_s231303,B,aa_only,231303,train,23,69,3i07,L,0.0038909223814850174,0.002633627250727446,C,0.5140350877192983,False,0.06005462113116289,0.3333333333333333,0.4,0.05586034412343162,0.0623772585281288,0.31228070175438594,False,0.02725490633705674,0.3333333333333333,0.4,0.05651890363461623,0.0640415411002449,0.45614035087719296,False,0.043654763734109814,0.3333333333333333,0.4,0.05567828031518851,0.06229626517506788,0.02725490633705674,-0.000992796112929184,-0.028247702449985923,0.02725490633705674,C,M,M,0.0,False
B_aa_only_s231303,B,aa_only,231303,train,23,120,3i07,T,0.006686488915943862,0.005787732095991368,I,-0.26842105263157895,False,0.024558136033982658,0.3333333333333333,0.2,0.06014141751438434,0.08177095398699873,-0.25789473684210523,False,0.04389288501773814,0.3333333333333333,0.2,0.05165575779497024,0.06840261002124061,-0.28947368421052627,False,0.0342255105258604,0.3333333333333333,0.2,0.05513172634330981,0.07259936275025936,0.04389288501773814,-0.001542724114615257,-0.045435609132353394,0.04389288501773814,I,M,M,0.0,False
B_aa_only_s231303,B,aa_only,231303,train,24,85,1aa0,A,0.4268546259407627,0.37725018777374886,C,0.6491228070175438,False,1.3324621916520094,0.6666666666666666,0.6,0.48565227385568205,0.6533411252483367,0.6754385964912282,False,1.4363178881945,0.6666666666666666,0.8,0.6245044827744506,0.988076875283931,0.7052631578947368,False,1.268750542623697,0.6666666666666666,0.8,0.5242641426588609,0.7908563817979172,1.2050388935953844,-1.0293288575137574,-2.2343677511091418,1.4363178881945,C,V,P,0.2312789945991156,False
B_aa_only_s231303,B,aa_only,231303,train,24,78,1aa0,D,0.28266073274053866,0.13485512155752985,M,0.4719298245614035,False,0.1476475704417659,0.0,0.4,0.3983413389636461,0.5316584737785515,0.39122807017543854,True,0.0,0.3333333333333333,0.2,0.1823914607572876,0.30896749920294553,0.4350877192982456,True,0.0,0.3333333333333333,0.2,0.257823422977854,0.39998006111189244,-0.1479298180465225,-0.23759353750662093,-0.08966371946009843,0.0,M,M,Q,0.1479298180465225,False
B_aa_only_s231303,B,aa_only,231303,train,24,75,1aa0,L,1.35667034033869,1.1444452447834101,C,-0.14385964912280702,False,0.7958741887860885,0.0,0.2,0.5804997109066538,1.164761924317021,0.04912280701754386,False,0.6476319408414568,0.0,0.2,0.37414519715022765,0.8552403426678852,-0.04736842105263158,False,0.7217530648137727,0.0,0.2,0.4596661001756851,1.001105814925219,0.6476319408414568,-0.07867316582783346,-0.7263051066692903,0.6476319408414568,C,R,R,0.0,False
B_aa_only_s231303,B,aa_only,231303,train,24,30,1aa0,T,0.10668228294835572,0.07829781995278935,I,-0.46315789473684205,False,0.23359404040608744,0.0,0.0,0.21705001059583834,0.32662253894726206,-0.5526315789473685,False,0.5692450557687838,0.0,0.2,0.19445630390770693,0.2569048824011342,-0.5807017543859649,False,0.40141954808743563,0.0,0.0,0.18387347707194876,0.2705196564117141,0.5692450557687838,0.04930623267316392,-0.5199388230956199,0.5692450557687838,I,P,P,0.0,False
B_aa_only_s231303,B,aa_only,231303,train,25,61,6o2k,A,0.05197575912741713,0.04469677135795858,C,-0.20526315789473687,False,0.11154412997346652,0.0,0.2,0.19653958715404557,0.22798192719471674,-0.11578947368421051,False,0.0798065050819724,0.3333333333333333,0.2,0.18711505970024692,0.22226969869146873,-0.11754385964912278,False,0.09567531752771946,0.3333333333333333,0.2,0.1904815051878975,0.22382684405080702,0.0798065050819724,-0.0937488733982963,-0.1735553784802687,0.0798065050819724,C,R,R,0.0,False
B_aa_only_s231303,B,aa_only,231303,train,25,51,6o2k,D,0.13207206526042414,0.033443514929331605,M,0.1736842105263158,False,0.2817328620411417,0.0,0.2,0.3243833823915705,0.3634172055096238,0.2614035087719298,False,0.2995084756174471,0.0,0.4,0.300212597732069,0.3279879735401236,0.26491228070175443,False,0.2906206688292944,0.0,0.4,0.3119673937423087,0.34505283786945695,0.2995084756174471,0.19727790565787762,-0.10223056995956947,0.2995084756174471,M,W,W,0.0,False
B_aa_only_s231303,B,aa_only,231303,train,25,63,6o2k,L,0.050329249910880385,0.0503279466669187,C,-0.6105263157894737,False,0.30128444098789875,0.0,0.0,0.1742943590524308,0.22434181489610977,-0.5789473684210525,False,0.31041999122276165,0.0,0.0,0.18354611091466042,0.22903560165163817,-0.5877192982456141,False,0.3058522161053302,0.0,0.0,0.17892023498354562,0.22593590873959649,0.31041999122276165,0.06634790240069643,-0.24407208882206521,0.31041999122276165,C,S,S,0.0,False
B_aa_only_s231303,B,aa_only,231303,train,25,97,6o2k,T,0.009000535182499152,0.008764117946963794,I,0.15614035087719297,False,0.06589530789423692,0.0,0.4,0.06919339969541281,0.09487115042255549,0.14210526315789473,False,0.0622476278027182,0.3333333333333333,0.4,0.06776816326837748,0.09029436975438433,0.20350877192982456,False,0.05772737160917324,0.3333333333333333,0.4,0.06783882342972332,0.09133212146659093,0.03990822298652752,-0.067016656515279,-0.10692487950180651,0.0622476278027182,I,M,N,0.022339404816190678,False
B_aa_only_s231303,B,aa_only,231303,train,26,6,3fhk,A,0.00892446124347784,0.008918556064649618,C,-0.443859649122807,False,0.05769344707345031,0.0,0.0,0.07826114321689331,0.09446936669353638,-0.4421052631578948,False,0.05622797504409663,0.0,0.0,0.07926498192037494,0.0937075661339617,-0.4280701754385965,False,0.05696071105877347,0.0,0.0,0.07876306256863415,0.09405166270336467,0.05622797504409663,0.03061852322825731,-0.025609451815839318,0.05622797504409663,C,W,W,0.0,False
B_aa_only_s231303,B,aa_only,231303,train,26,143,3fhk,D,0.0019275579220756698,0.0016719529952356883,M,0.2596491228070175,False,0.013454094535713473,0.0,0.4,0.034997132260751615,0.04390396248717956,0.368421052631579,False,0.012161061862152184,0.0,0.2,0.03302248743621623,0.042277426569560156,0.26666666666666666,False,0.01254213238432661,0.0,0.2,0.033971711894117934,0.04304324506234388,0.009706004435620919,-0.0019025860065757794,-0.011608590442196698,0.012161061862152184,M,Q,K,0.0024550574265312652,False
B_aa_only_s231303,B,aa_only,231303,train,26,14,3fhk,L,0.010174125652860076,0.00981785930258027,C,-0.0824561403508772,False,0.05715631051749803,0.0,0.2,0.06678418550050116,0.10086687093818304,-0.08596491228070174,False,0.08222000478202307,0.0,0.0,0.06913845056700833,0.10177365612634648,-0.11228070175438597,False,0.06733707231239826,0.0,0.2,0.06793129988203617,0.10116919099935119,0.07751783410729848,0.026833538089004377,-0.050684296018294106,0.08222000478202307,C,Q,A,0.004702170674724587,False
B_aa_only_s231303,B,aa_only,231303,train,26,23,3fhk,T,0.002493569697516527,0.0020104299985184318,I,0.21052631578947367,False,0.049467437858361274,0.0,0.2,0.04613973333936048,0.04993565557311255,0.24912280701754386,False,0.059331770646042864,0.0,0.2,0.04743252651711228,0.05186980321991716,0.2421052631578947,False,0.05439960425220207,0.0,0.2,0.04678612992823638,0.050756183134108526,0.059331770646042864,0.009085224428310334,-0.05024654621773253,0.059331770646042864,I,W,W,0.0,False
B_aa_only_s231303,B,aa_only,231303,development,27,68,1xko,A,0.0028072016848459617,0.0022603684367826214,C,0.28070175438596495,False,0.008431773831542033,0.3333333333333333,0.4,0.04391884785990138,0.05298303204655205,0.32631578947368417,False,0.01932247308772124,0.0,0.6,0.040159401129970664,0.050375217495290024,0.2614035087719298,False,0.013877123459631636,0.3333333333333333,0.4,0.04135743704905745,0.05104306398854915,0.01932247308772124,0.008487066118677583,-0.010835406969043657,0.01932247308772124,C,S,S,0.0,False
B_aa_only_s231303,B,aa_only,231303,development,27,149,1xko,D,0.002850067594950937,0.0014205083935628084,M,0.07719298245614034,False,0.02781473596352302,0.0,0.2,0.04372855365963974,0.05338602434112262,0.057894736842105256,False,0.04968142346360427,0.0,0.2,0.05251795352732384,0.06389873888374219,0.0824561403508772,False,0.03871231697808801,0.0,0.2,0.048123253593481796,0.05851585651858478,0.049609897992653,0.04401681414043415,-0.00559308385221885,0.04968142346360427,M,H,N,7.152547095126693e-05,True
B_aa_only_s231303,B,aa_only,231303,development,27,87,1xko,L,0.002683155733118919,0.00263790050418099,C,0.38245614035087716,False,0.010748752918889687,0.3333333333333333,0.4,0.04069746313921011,0.051799186606730795,-0.07192982456140351,False,0.0044192173203653345,0.3333333333333333,0.2,0.041375705792484445,0.05282623802109598,0.31052631578947365,False,0.006679425726041285,0.3333333333333333,0.4,0.04103658446584728,0.05226673669628914,0.002610098533192884,0.000989708916070503,-0.0016203896171223808,0.0044192173203653345,C,W,H,0.0018091187871724507,True
B_aa_only_s231303,B,aa_only,231303,development,27,47,1xko,T,0.005686144830949864,0.005083840898993352,I,0.04385964912280702,False,0.008467149247488093,0.6666666666666666,0.4,0.05474421883966431,0.07540653042641508,-0.0017543859649122807,False,0.0059375319838713275,0.6666666666666666,0.4,0.06110227901691298,0.08336903155159109,-0.03684210526315789,False,0.00720234061567971,0.6666666666666666,0.4,0.057923248928288644,0.07923737472207354,0.0059375319838713275,-0.007754601439696543,-0.01369213342356787,0.0059375319838713275,I,V,V,0.0,True
B_aa_only_s231303,B,aa_only,231303,development,28,25,4lr3,A,0.2784271665410477,0.08500473776569155,C,-0.1,False,0.8105212161571176,0.0,0.0,0.49074685196147116,0.5276619813299492,0.2,False,0.8733631260452981,0.0,0.4,0.6642755772060278,0.7241304153022099,0.02631578947368421,False,0.8419421711012078,0.0,0.2,0.5737959889926839,0.6236422011326451,0.8733631260452981,-0.13223660773078283,-1.005599733776081,0.8733631260452981,C,H,H,0.0,False
B_aa_only_s231303,B,aa_only,231303,development,28,120,4lr3,D,0.13063964460645758,0.1165167831334223,M,0.3245614035087719,False,0.8331935719507331,0.3333333333333333,0.4,0.31305164118684903,0.36144106657442454,0.3666666666666667,False,0.9568220863339199,0.3333333333333333,0.2,0.3133551388198718,0.3896278466344199,0.3175438596491228,False,0.8675396035210956,0.3333333333333333,0.2,0.3099006497912343,0.3696422249206756,0.7647620565930904,0.1302673474748186,-0.6344947091182718,0.9568220863339199,M,A,Y,0.19206002974082947,False
B_aa_only_s231303,B,aa_only,231303,development,28,10,4lr3,L,0.6619731235624654,0.1280128456599031,C,-0.1842105263157895,True,0.0,0.3333333333333333,0.2,0.7690233117986264,0.8136173078066035,-0.02982456140350877,True,0.0,0.3333333333333333,0.2,0.7731551557671738,0.827648181495406,-0.12982456140350876,True,0.0,0.3333333333333333,0.2,0.7710892337829001,0.8181987044562168,0.0,-1.3563054500049523,-1.3563054500049523,0.0,C,C,C,0.0,False
B_aa_only_s231303,B,aa_only,231303,development,28,3,4lr3,T,1.6637837131230295,1.2798184824073398,I,0.08596491228070174,False,1.8977977515978512,0.0,0.0,0.9417018769145521,1.2898774023615691,0.03508771929824562,False,1.222491063733727,0.0,0.0,0.7243305120149843,1.118146526929351,0.12105263157894736,False,1.560144407665789,0.0,0.0,0.8328359960473288,1.1947492492086518,1.222491063733727,0.4093834185335421,-0.8131076452001849,1.222491063733727,I,F,F,0.0,False
B_aa_only_s231303,B,aa_only,231303,train,29,44,3lzq,A,0.028305940424876733,0.0037706461960116057,C,0.27017543859649124,False,0.14680319356874122,0.3333333333333333,0.6,0.15663746112876423,0.16824369356643576,0.26491228070175443,False,0.1597365357718748,0.3333333333333333,0.6,0.16441803030857352,0.175643099053698,0.2614035087719298,False,0.153269864670308,0.3333333333333333,0.6,0.1605277457186689,0.17187020676604112,0.1597365357718748,0.19824869837150522,0.03851216259963042,0.1597365357718748,C,V,V,0.0,False
B_aa_only_s231303,B,aa_only,231303,train,29,90,3lzq,D,0.015905850051919423,0.004930157372574407,M,0.45438596491228067,False,0.191331019928435,0.6666666666666666,0.6,0.10699413415800232,0.12611839696063148,0.39824561403508774,False,0.227033104467448,0.6666666666666666,0.6,0.10817878530686392,0.12713435012515548,0.4421052631578948,False,0.2091820621979415,0.6666666666666666,0.6,0.1069737730943448,0.12650999672120955,0.227033104467448,0.15761576649819664,-0.06941733796925137,0.227033104467448,M,C,C,0.0,False
B_aa_only_s231303,B,aa_only,231303,train,29,49,3lzq,L,0.021064520216463926,0.016138969093487453,C,-0.4859649122807017,False,0.08363866535447598,0.0,0.0,0.1273097916700201,0.14513621262959817,-0.5473684210526315,False,0.08998128458596188,0.0,0.0,0.14962918370136072,0.16876690901178548,-0.4859649122807017,False,0.08680997497021894,0.0,0.0,0.13846948768569042,0.15653949505614642,0.08998128458596188,-0.1367239607083151,-0.226705245294277,0.08998128458596188,C,A,A,0.0,False
B_aa_only_s231303,B,aa_only,231303,train,29,74,3lzq,T,0.005473800919446261,0.005455227018691192,I,-0.12631578947368421,False,0.04806763877821171,0.0,0.0,0.05575313259932013,0.07398513985555655,-0.0824561403508772,False,0.08324468738174223,0.0,0.2,0.06084792085322952,0.08055877031250612,-0.11578947368421051,False,0.06565616307997697,0.0,0.0,0.05829801203449495,0.07708295211987332,0.08324468738174223,-0.01902110890689168,-0.10226579628863391,0.08324468738174223,I,W,W,0.0,False
B_aa_only_s231303,B,aa_only,231303,train,30,122,2zvy,A,0.009227732750485556,0.00445775961836058,C,-0.4140350877192982,False,0.08943393720574827,0.0,0.0,0.07847654631962453,0.09606108863887373,-0.4052631578947368,False,0.06283699678473148,0.0,0.0,0.07280899716087566,0.08648137072976315,-0.40350877192982454,False,0.07613546699523988,0.0,0.0,0.0756427717402501,0.09119224812860935,0.06283699678473148,-0.006968840111361563,-0.06980583689609304,0.06283699678473148,C,Y,Y,0.0,False
B_aa_only_s231303,B,aa_only,231303,train,30,44,2zvy,D,0.0019438274775763422,0.0019086585570247394,M,0.13859649122807016,False,0.036906697837773006,0.0,0.2,0.031011019227781336,0.044088858882674,-0.18070175438596495,False,0.0394431266197387,0.0,0.0,0.03409387182311568,0.044870005066486605,-0.02280701754385965,False,0.03621481748912364,0.0,0.2,0.03184873785605742,0.04414864263124461,0.035522937140474276,-0.005773673456906825,-0.0412966105973811,0.0394431266197387,M,K,Y,0.003920189479264424,False
B_aa_only_s231303,B,aa_only,231303,train,30,17,2zvy,L,0.10901677546260408,0.05054800745501445,C,0.5473684210526315,False,0.005793692003747353,0.3333333333333333,0.6,0.25191875845488765,0.33017688511251675,0.5087719298245614,False,0.012895688289622675,0.3333333333333333,0.6,0.2720974972553675,0.3565049118266851,0.5228070175438596,False,0.009344690146685014,0.3333333333333333,0.6,0.26200812785512756,0.3432422727776354,0.012895688289622675,0.0061962518617665885,-0.006699436427856087,0.012895688289622675,C,P,P,0.0,False
B_aa_only_s231303,B,aa_only,231303,train,30,146,2zvy,T,0.0026098695173171127,0.002319175739592543,I,0.2263157894736842,False,0.05165773759484488,0.0,0.2,0.03960139030568294,0.051086882047323194,0.38245614035087716,False,0.0390776982600034,0.0,0.2,0.03376100313867808,0.042842544893404146,0.32807017543859646,False,0.04536771792742414,0.0,0.0,0.03597632576599286,0.04607487500156739,0.0390776982600034,-0.02077730157112173,-0.05985499983112513,0.0390776982600034,I,R,R,0.0,False
B_aa_only_s231303,B,aa_only,231303,train,31,39,4reu,A,0.0033949062499339113,0.002338135201709178,C,0.05964912280701754,False,0.003512134853350238,0.0,0.2,0.05082394098330098,0.05826582403033455,-0.02456140350877193,False,0.00509928712166112,0.0,0.2,0.052217763882452396,0.059612736843718414,0.1,False,0.004257326908495777,0.0,0.2,0.051520852432876685,0.05892705829030632,0.005002518963641317,0.005233019278838763,0.00023050031519744607,0.00509928712166112,C,D,I,9.676815801980265e-05,True
B_aa_only_s231303,B,aa_only,231303,train,31,137,4reu,D,0.0017894501661297288,0.001474183576570788,M,-0.056140350877192984,False,0.005323398474370772,0.0,0.0,0.03596624110849698,0.04230189317429811,-0.16315789473684209,False,0.009198259447858015,0.0,0.0,0.035884336381875215,0.04264154666181659,-0.07719298245614034,False,0.007233653960258081,0.0,0.0,0.0359252887451861,0.04246261458071745,0.007697365757864491,0.0033795795378060156,-0.0043177862200584755,0.009198259447858015,M,R,K,0.0015008936899935238,True
B_aa_only_s231303,B,aa_only,231303,train,31,149,4reu,L,0.002321721749556288,0.00217989818127526,C,0.47017543859649114,False,0.014080212667006917,0.0,0.2,0.03916621104451373,0.0481842479401338,0.4666666666666667,False,0.008933043472603132,0.0,0.2,0.03781888572215223,0.0459632852731123,0.48245614035087714,False,0.011506628069805024,0.0,0.2,0.03849254838333299,0.046831736102198936,0.008933043472603132,-0.005524551813346115,-0.014457595285949247,0.008933043472603132,C,R,R,0.0,False
B_aa_only_s231303,B,aa_only,231303,train,31,62,4reu,T,0.0024328475597126015,0.002400702455304624,I,0.06315789473684211,False,0.0037102219555407573,0.3333333333333333,0.4,0.04096163945967637,0.04932390454650363,0.06140350877192983,False,0.0011977876343035182,0.6666666666666666,0.6,0.04098924545953105,0.04920049247403324,0.1280701754385965,False,0.0024540047949221377,0.3333333333333333,0.4,0.0409754424596037,0.049259520874277894,0.0011977876343035182,-0.0007128275969542491,-0.0019106152312577673,0.0011977876343035182,I,E,E,0.0,True
B_aa_only_s231303,B,aa_only,231303,train,32,114,6mvm,A,0.0037948578305570376,0.002377260519099198,C,-0.09473684210526316,False,0.0014553886169867275,0.0,0.2,0.05431268560177688,0.06160241740838616,-0.019298245614035085,False,0.0033644165922291913,0.0,0.2,0.05364996367546041,0.06094162802083813,-0.07894736842105264,False,0.002396850962175989,0.0,0.2,0.05398132463861864,0.061268220174038705,0.0006718084865590251,0.00013074116881228032,-0.0005410673177467448,0.0033644165922291913,C,G,H,0.002692608105670166,True
B_aa_only_s231303,B,aa_only,231303,train,32,39,6mvm,D,0.001639448099168435,0.001314446328994814,M,0.4456140350877193,False,0.01149014034175751,0.3333333333333333,0.4,0.03133475392082914,0.040490098779435386,0.443859649122807,False,0.010302895537746475,0.3333333333333333,0.2,0.0315289413595761,0.04018632567621998,0.4385964912280701,False,0.010896517939751993,0.3333333333333333,0.2,0.031431847640202626,0.04033243739983612,0.010302895537746475,0.000310985766197959,-0.009991909771548516,0.010302895537746475,M,K,K,0.0,True
B_aa_only_s231303,B,aa_only,231303,train,32,29,6mvm,L,0.0023476372648857297,0.0023234429376618403,C,0.4859649122807017,False,0.018967441859756903,0.6666666666666666,0.6,0.03779124063953408,0.048452422693666515,0.524561403508772,False,0.020726722723585417,0.6666666666666666,0.6,0.037519280525446154,0.048015062023762545,0.5070175438596491,False,0.019429568854734493,0.6666666666666666,0.6,0.037655260582490115,0.048229227476355364,0.019891695849712083,0.004038092998035744,-0.01585360285167634,0.020726722723585417,C,Y,F,0.0008350268738733339,True
B_aa_only_s231303,B,aa_only,231303,train,32,88,6mvm,T,0.0026049057751363017,0.002585939729185263,I,-0.5052631578947369,False,0.004779682739834153,0.0,0.2,0.041501355985705084,0.051038277548682044,-0.46842105263157896,False,0.007642415356206571,0.0,0.2,0.041329541287672175,0.0511111294411637,-0.4964912280701754,False,0.006211049048020362,0.0,0.2,0.041415448636688626,0.05107223399330294,0.007642415356206571,0.0025168136497300403,-0.0051256017064765305,0.007642415356206571,I,R,R,0.0,True
B_aa_only_s231303,B,aa_only,231303,train,33,154,7ebl,A,0.09167180108713091,0.05845389158012028,C,0.4333333333333333,False,0.3238883899385492,0.6666666666666666,0.6,0.25208386743907074,0.3027735145073474,-0.12280701754385966,False,1.0915577402077163,0.0,0.0,0.3955200658637226,0.4551803161627038,0.21228070175438596,False,0.3163483673417806,0.3333333333333333,0.4,0.2265016871740779,0.2833559754069326,-0.14901253433111883,0.32587969059258093,0.47489222492369976,1.0915577402077163,C,Q,P,1.2405702745388352,False
B_aa_only_s231303,B,aa_only,231303,train,33,104,7ebl,D,0.4899731080980003,0.4577079615334595,M,0.11403508771929824,False,0.5755651560195272,0.6666666666666666,0.6,0.5263384039668741,0.6999807912350169,-0.04385964912280702,False,1.1800866136352726,0.0,0.6,0.5147398974163548,0.6267147767972268,0.04912280701754386,False,0.7668461320986708,0.3333333333333333,0.4,0.3427831320573418,0.5104136853607832,0.9581271081778144,0.8666571700201082,-0.09146993815770621,1.1800866136352726,M,G,F,0.22195950545745813,False
B_aa_only_s231303,B,aa_only,231303,train,33,30,7ebl,L,0.11298256830609645,0.10849927863553682,C,0.43684210526315786,False,0.7228724202818766,0.0,0.4,0.26503771274850135,0.3361287971984793,-0.19473684210526312,False,1.833221637841154,0.0,0.0,0.4065881315278701,0.5403937854334225,0.11929824561403508,False,1.180697497619812,0.0,0.2,0.24009528841847122,0.33874414830430866,1.6385225749577472,0.477329817258644,-1.1611927576991032,1.833221637841154,C,E,P,0.19469906288340688,False
B_aa_only_s231303,B,aa_only,231303,train,33,108,7ebl,T,0.1207694614031692,0.1096652581557984,I,0.30350877192982456,False,0.01581031275230238,0.3333333333333333,0.6,0.27406451489741973,0.3475190086932932,-0.03333333333333333,False,0.18338150768008,0.0,0.4,0.4517731078512221,0.5829982368375848,0.1736842105263158,True,0.0,0.3333333333333333,0.4,0.2499828119412736,0.3391233041996635,-0.14266708232504488,0.1635708806489209,0.30623796297396577,0.18338150768008,I,P,L,0.32604859000512487,False
B_aa_only_s231303,B,aa_only,231303,train,34,94,4wfq,A,0.004139056145539455,0.002357164178574605,C,-0.2,False,0.0030304702133054987,0.0,0.2,0.05696192188726658,0.06433549677696952,-0.08070175438596491,False,0.004339434730831211,0.3333333333333333,0.4,0.05719381488552319,0.06460588100435603,-0.1280701754385965,False,0.003684952472068355,0.3333333333333333,0.4,0.057077868386394885,0.06446953775280287,0.004339434730831211,-0.00584880199718725,-0.010188236728018461,0.004339434730831211,C,F,F,0.0,False
B_aa_only_s231303,B,aa_only,231303,train,34,75,4wfq,D,0.002053251071551592,0.0016361551609802723,M,0.46140350877192987,False,0.0009731119530172333,0.3333333333333333,0.6,0.038357709068364616,0.04531281354707068,0.2508771929824561,False,0.0022699562726596345,0.0,0.4,0.037875306741896736,0.044798048539739545,0.39649122807017545,False,0.001621534112838434,0.3333333333333333,0.6,0.03811650790513068,0.045051087694045484,0.0022699562726596345,0.003213461510435195,0.0009435052377755604,0.0022699562726596345,M,E,E,0.0,False
B_aa_only_s231303,B,aa_only,231303,train,34,189,4wfq,L,0.002778216157912563,0.0027770056689283315,C,-0.11228070175438597,False,0.01515303146019055,0.0,0.4,0.041091593926055,0.05270878634452289,-0.15964912280701754,False,0.011948246833819662,0.0,0.4,0.04181440292318515,0.05315895143611061,-0.11228070175438597,False,0.013550639147005106,0.0,0.4,0.0414424321230741,0.052924219745747444,0.011948246833819662,0.011647134715384228,-0.0003011121184354343,0.011948246833819662,C,W,W,0.0,False
B_aa_only_s231303,B,aa_only,231303,train,34,122,4wfq,T,0.002899366887633673,0.0026852970653835186,I,-0.09473684210526316,False,0.010997455442155149,0.0,0.0,0.04619872361666,0.05384576944973182,-0.19298245614035087,False,0.013563599834414644,0.0,0.2,0.046059776392649195,0.0539398708397413,-0.1789473684210526,False,0.012280527638284897,0.0,0.2,0.0461292500046546,0.053885515450890036,0.013563599834414644,0.011641449121021358,-0.0019221507133932864,0.013563599834414644,I,P,P,0.0,False
B_aa_only_s231303,B,aa_only,231303,train,35,75,1s8a,A,0.010585098214794315,0.005201120880236193,C,-0.2543859649122807,False,0.06298306330779269,0.0,0.2,0.08985016362319452,0.10288390649073506,0.2421052631578947,False,0.0018338269900520787,0.6666666666666666,0.4,0.0541409595202451,0.06449446889551774,-0.04912280701754386,False,0.02812067274566188,0.0,0.2,0.07159189312324099,0.08216071449273443,-0.006741717816468928,-0.019439041260886247,-0.012697323444417319,0.0018338269900520787,C,V,Y,0.008575544806521007,True
B_aa_only_s231303,B,aa_only,231303,train,35,70,1s8a,D,0.003551433900508624,0.0032407654548423283,M,-0.010526315789473684,False,0.1082867190044231,0.0,0.2,0.05119724455886809,0.05959390824999334,0.1736842105263158,False,0.03184981898093575,0.0,0.6,0.03819717493083264,0.047652064269900214,0.09298245614035087,False,0.07006826899267943,0.0,0.4,0.0438868546747817,0.05246697879855175,0.03184981898093575,-0.023659082225245154,-0.055508901206180905,0.03184981898093575,M,Y,Y,0.0,True
B_aa_only_s231303,B,aa_only,231303,train,35,76,1s8a,L,0.005620280989838856,0.004289536294206227,C,0.015789473684210527,False,0.06074546461123165,0.3333333333333333,0.2,0.056937514832305414,0.07496853333125075,0.06315789473684211,True,0.0,0.6666666666666666,0.4,0.04486918992037155,0.05747495482345966,0.08596491228070174,False,0.021478464836727912,0.6666666666666666,0.6,0.048810932771059676,0.06460545810909056,-0.017788534937775824,-0.05754723427348862,-0.0397586993357128,0.0,C,C,R,0.017788534937775824,True
B_aa_only_s231303,B,aa_only,231303,train,35,6,1s8a,T,0.2590494435330023,0.17357019142719354,I,0.38421052631578945,False,0.06519369479264508,0.3333333333333333,0.4,0.2990191682645383,0.5089690005619225,0.3473684210526316,False,0.057355081127501095,0.0,0.2,0.34498467969122365,0.6175900730839955,0.3649122807017544,False,0.06081940504691194,0.3333333333333333,0.4,0.32200192397788097,0.5630871085748828,0.02975245119599529,0.07046711813766565,0.04071466694167036,0.057355081127501095,I,K,M,0.027602629931505807,False
B_aa_only_s231303,B,aa_only,231303,train,36,56,1qsm,A,0.08799217372477734,0.0635120582959002,C,0.19298245614035087,False,0.6157986032051914,0.3333333333333333,0.4,0.20125467435460334,0.2966347480063274,0.25263157894736843,False,0.5659931510736136,0.3333333333333333,0.4,0.1939863728889844,0.2679196569885183,0.22456140350877193,False,0.5908958771394025,0.3333333333333333,0.4,0.1976168143038624,0.2811260629022028,0.5659931510736136,-0.04310467195978912,-0.6090978230334028,0.5659931510736136,C,S,S,0.0,False
B_aa_only_s231303,B,aa_only,231303,train,36,26,1qsm,D,0.008752561491310451,0.004978248023033111,M,-0.2771929824561403,False,0.04472943573885446,0.0,0.2,0.06937411180616582,0.09355512541443388,-0.243859649122807,False,0.04165899057335265,0.0,0.2,0.045491849235551315,0.0730347661187419,-0.26491228070175443,False,0.043194213156103556,0.0,0.2,0.057432980520858566,0.08273724380927001,0.04165899057335265,-0.08253079715226769,-0.12418978772562034,0.04165899057335265,M,P,P,0.0,False
B_aa_only_s231303,B,aa_only,231303,train,36,45,1qsm,L,0.019576798038492257,0.01011063712008115,C,-0.7578947368421053,False,0.11325926857279167,0.0,0.0,0.11677515787608779,0.13991711131413576,-0.763157894736842,False,0.11101622444506293,0.0,0.0,0.09679988323331323,0.11551744493049593,-0.7578947368421053,False,0.1121377465089273,0.0,0.0,0.10589638715851128,0.12708938337558093,0.11101622444506293,-0.05542231865222452,-0.16643854309728745,0.11101622444506293,C,A,A,0.0,False
B_aa_only_s231303,B,aa_only,231303,train,36,116,1qsm,T,0.014066947199261288,0.014009338761729898,I,-0.4789473684210526,False,0.30279551776872465,0.0,0.2,0.09110784302558532,0.11860416181256578,-0.4736842105263158,False,0.25953704900629126,0.0,0.0,0.0848117310169885,0.10796583857584315,-0.45614035087719296,False,0.28116628338750793,0.0,0.2,0.0868932418438735,0.11276665901337829,0.25953704900629126,0.14690711828651276,-0.1126299307197785,0.25953704900629126,I,G,G,0.0,False
B_aa_only_s231303,B,aa_only,231303,train,37,25,4cl6,A,0.0035583251369223187,0.0035520926769735694,C,0.09298245614035087,False,0.018929334554847466,0.3333333333333333,0.2,0.05062522496629953,0.0596516985250405,0.15087719298245614,False,0.019473425179979298,0.3333333333333333,0.2,0.05180711254682877,0.06042003638031431,0.15614035087719297,False,0.019201379867413382,0.3333333333333333,0.2,0.05120802075571111,0.06002677743249371,0.019473425179979298,-0.001243804104689425,-0.020717229284668723,0.019473425179979298,C,W,W,0.0,False
B_aa_only_s231303,B,aa_only,231303,train,37,83,4cl6,D,0.0020835449085163174,0.001858583361260563,M,-0.12982456140350876,False,0.006452382888659958,0.0,0.0,0.03699942771081347,0.04564586408992952,-0.4263157894736842,False,0.004714353880772168,0.0,0.2,0.035965595552523204,0.04489206558029703,-0.21228070175438596,False,0.005130575602353249,0.0,0.2,0.03648251163166833,0.04525181646261567,0.003801844774810645,-0.004603013780304727,-0.008404858555115371,0.004714353880772168,M,Q,G,0.0009125091059615231,False
B_aa_only_s231303,B,aa_only,231303,train,37,12,4cl6,L,0.0023097723478992336,0.002285835699232198,C,0.6929824561403508,False,0.0048828631347913876,0.0,0.6,0.036517828321979424,0.04806009101010145,0.5385964912280702,False,0.007053029029812627,0.0,0.4,0.03638271746599203,0.048205112894452,0.5877192982456141,False,0.005967946082302007,0.0,0.4,0.03645027289398573,0.04812849172302177,0.007053029029812627,0.007639694799769406,0.000586665769956779,0.007053029029812627,C,K,K,0.0,False
B_aa_only_s231303,B,aa_only,231303,train,37,1,4cl6,T,0.0023817425173380743,0.0020218383974274427,I,0.37543859649122807,True,0.0,0.3333333333333333,0.2,0.03757192124594031,0.04880309946446101,0.3736842105263158,False,0.0008546622598593553,0.3333333333333333,0.2,0.03687696216363151,0.04883430892891957,0.34210526315789475,False,3.989986928556316e-05,0.3333333333333333,0.2,0.03721622928093699,0.0487185635789764,0.0,-0.04893443161109391,-0.04893443161109391,0.0008546622598593553,I,Y,I,0.0008546622598593553,True
B_aa_only_s231303,B,aa_only,231303,train,38,142,1rvv,A,0.0035587271461275855,0.002204899084152955,C,0.5701754385964912,False,0.009347952473310613,0.0,0.6,0.05281608289656512,0.05965506806741222,0.46491228070175433,False,0.011214301584775349,0.0,0.6,0.05181642433221787,0.05846396861204334,0.524561403508772,False,0.01028112702904298,0.0,0.6,0.05231625361439149,0.05904796187092221,0.011214301584775349,0.0013048540566054992,-0.00990944752816985,0.011214301584775349,C,M,M,0.0,False
B_aa_only_s231303,B,aa_only,231303,train,38,48,1rvv,D,0.0019541497462694834,0.0016815480397847382,M,0.26491228070175443,False,0.0055082727114201535,0.0,0.2,0.03684414591911151,0.044205765984422024,-0.0543859649122807,False,0.01058366689815294,0.0,0.0,0.03709508664361,0.044405195712283095,0.1280701754385965,False,0.006751576483930068,0.0,0.2,0.03696961628136076,0.04428408488151513,0.005209961888846662,0.006765707233185779,0.001555745344339117,0.01058366689815294,M,V,H,0.005373705009306277,True
B_aa_only_s231303,B,aa_only,231303,train,38,148,1rvv,L,0.0027980727520522555,0.0026865520431097224,C,0.30877192982456136,False,0.002609769655285213,0.3333333333333333,0.4,0.04405743043688888,0.05289681230520659,0.28070175438596495,False,0.010044830608816911,0.0,0.4,0.043286701045654415,0.051941257382778806,0.28771929824561404,False,0.006284046260305241,0.0,0.4,0.043672065741271644,0.052394300502039685,0.008943803000759552,0.009331352674049408,0.00038754967328985535,0.010044830608816911,C,W,T,0.0011010276080573589,True
B_aa_only_s231303,B,aa_only,231303,train,38,116,1rvv,T,0.002457888154294423,0.002457492016889758,I,0.24736842105263157,False,0.00474897734832834,0.0,0.2,0.03891778507916064,0.04957709303997586,-0.6210526315789473,False,0.007796120213846049,0.0,0.0,0.04132488540975488,0.051349662442146414,-0.19122807017543858,False,0.0055099941415448425,0.0,0.0,0.04012133524445776,0.05043947754175045,0.006271010934761345,0.0013246253762664445,-0.004946385558494901,0.007796120213846049,I,D,W,0.0015251092790847035,True
B_aa_only_s231303,B,aa_only,231303,train,39,101,2ja9,A,0.0017087747681651501,0.0017029304086097854,C,0.5842105263157895,False,0.0008359763044069046,0.6666666666666666,0.6,0.033456160020765326,0.04133732899166503,0.6070175438596491,True,0.0,0.6666666666666666,0.6,0.03424448104026749,0.04197311922073456,0.5842105263157895,True,0.0,0.6666666666666666,0.6,0.03378084432866692,0.04158938062636554,-0.005445905118075273,-0.011989054408295494,-0.006543149290220221,0.0,C,C,P,0.005445905118075273,False
B_aa_only_s231303,B,aa_only,231303,train,39,95,2ja9,D,0.0018846151622288166,0.0015043668804377098,M,0.2982456140350877,False,0.006690009571622274,0.3333333333333333,0.4,0.03527683596920209,0.043412154544883126,0.23859649122807017,False,0.006078833024983882,0.0,0.4,0.03576696157187158,0.04381621802876762,0.2719298245614035,False,0.0046941701550082815,0.3333333333333333,0.4,0.03549503797492617,0.04359424541045942,0.002698330738394289,-0.0018378657237385632,-0.004536196462132852,0.006078833024983882,M,E,N,0.003380502286589593,False
B_aa_only_s231303,B,aa_only,231303,train,39,51,2ja9,L,0.0027649281765893484,0.0021199959593521307,C,0.41578947368421054,False,0.04452382515629112,0.3333333333333333,0.2,0.044280310653727645,0.052582584346809624,0.3614035087719299,False,0.03743793459610398,0.3333333333333333,0.2,0.04042347765396501,0.0488168218096038,0.38245614035087716,False,0.04098087987619755,0.3333333333333333,0.2,0.042351894153846326,0.05048347928998429,0.03743793459610398,-0.011689874537582662,-0.04912780913368664,0.03743793459610398,C,W,W,0.0,False
B_aa_only_s231303,B,aa_only,231303,train,39,78,2ja9,T,0.0037637503938904916,0.002768884318374835,I,0.12456140350877193,False,0.023794624002919013,0.0,0.4,0.04343005106762871,0.06134941233533123,0.2,False,0.0184261833582222,0.0,0.4,0.04158831855340444,0.060656091250758756,0.17719298245614035,False,0.021064020172347847,0.0,0.4,0.042509184810516576,0.06098189375467685,0.017208880831733483,-0.029013746075923302,-0.046222626907656786,0.0184261833582222,I,H,Y,0.0012173025264887172,False
C_aa_only_s231303,C,aa_only,231303,development,0,49,5oi7,A,28.163072754640673,19.96664820821333,V,0.39473684210526316,False,7.488877509458216,0.0,0.6,3.8164219535605035,5.306889178665847,-0.23333333333333334,False,3.7097585032193834,0.0,0.2,0.9700072413172399,1.1086427542995947,0.34912280701754383,False,5.5993180063388,0.0,0.4,1.9444688959676695,2.5007444392289107,3.7097585032193834,1.9000483649325144,-1.809710138286869,3.7097585032193834,V,I,I,0.0,False
C_aa_only_s231303,C,aa_only,231303,development,0,53,5oi7,D,87.67627663359309,0.005952865034086675,E,-0.19824561403508772,True,0.0,0.3333333333333333,0.2,9.363243229167926,9.363561108552295,-0.01754385964912281,False,0.11536828833585488,0.3333333333333333,0.4,1.074506112464772,1.0755682432828801,-0.21929824561403505,False,0.012547642893213862,0.0,0.2,4.144368558351577,4.1446519389066845,0.0,-1.0535801067517454,-1.0535801067517454,0.11536828833585488,E,P,E,0.11536828833585488,False
C_aa_only_s231303,C,aa_only,231303,development,0,45,5oi7,L,83.01238358004247,1.1417829901657965,F,0.15087719298245614,False,4.747876199379745,0.3333333333333333,0.2,9.048237430012358,9.111113191045453,-0.2824561403508772,False,0.3346753968341467,0.0,0.0,1.0888198292041442,1.09732723392202,0.14385964912280702,False,2.2158357829305566,0.3333333333333333,0.2,3.979708800404108,4.009221359126914,-0.31620463351863215,-0.9478302924692859,-0.6316256589506537,0.3346753968341467,F,P,W,0.6508800303527789,False
C_aa_only_s231303,C,aa_only,231303,development,0,79,5oi7,T,7.279665840131725,7.201045499373038,C,0.2368421052631579,False,9.194246157404583,0.6666666666666666,0.4,1.349643552347712,2.6980855879922943,-0.2421052631578947,False,2.2846231552745815,0.0,0.2,0.545295652215698,0.7825003554476575,0.24912280701754386,False,5.739434656339582,0.3333333333333333,0.4,0.7204554041772642,1.5208337836981511,2.2846231552745815,-0.4540868862580929,-2.7387100415326744,2.2846231552745815,C,P,P,0.0,False
C_aa_only_s231303,C,aa_only,231303,development,1,42,1c5e,A,0.026131998725614853,0.01621226055305484,V,-0.22456140350877193,False,0.2826839758751302,0.0,0.2,0.10538724486799039,0.16165394744829106,-0.2631578947368421,False,0.25480697883447423,0.0,0.2,0.10185066302809387,0.15371999230178798,-0.2508771929824561,False,0.2653356871255805,0.0,0.2,0.1033078555044283,0.15759806146361466,0.24240870943295262,0.2461008217389086,0.00369211230595598,0.25480697883447423,V,G,R,0.012398269401521597,True
C_aa_only_s231303,C,aa_only,231303,development,1,35,1c5e,D,0.0011255754944365644,0.0006499887543591675,E,0.06666666666666667,False,0.023763416111329663,0.3333333333333333,0.4,0.02214954888859839,0.033549597530172615,0.19298245614035087,False,0.01716070942541531,0.3333333333333333,0.4,0.018624906988424866,0.0309348342972988,0.12456140350877193,False,0.020462062768372487,0.3333333333333333,0.4,0.020071765995570524,0.03214974462046125,0.01716070942541531,0.009167643513086313,-0.007993065912328998,0.01716070942541531,E,K,K,0.0,False
C_aa_only_s231303,C,aa_only,231303,development,1,12,1c5e,L,0.0074806699621779455,0.00428166967134323,F,0.14210526315789473,False,0.02617405995867264,0.3333333333333333,0.4,0.057282097083746195,0.08649086635118153,0.13508771929824562,False,0.03301235372205058,0.3333333333333333,0.4,0.0442161772530245,0.07100815940592803,0.16315789473684209,False,0.02959320684036161,0.3333333333333333,0.4,0.05053158537673528,0.07853765710625096,0.03301235372205058,0.016575586161448982,-0.016436767560601598,0.03301235372205058,F,Q,Q,0.0,True
C_aa_only_s231303,C,aa_only,231303,development,1,38,1c5e,T,0.007225154607056637,0.006062228331822929,C,0.28070175438596495,True,0.0,0.3333333333333333,0.2,0.035345611759258565,0.08500090944840906,0.2368421052631579,True,0.0,0.3333333333333333,0.2,0.034482096270225894,0.07785175336512339,0.2,True,0.0,0.3333333333333333,0.2,0.03480540439733778,0.08137208895829141,0.0,-0.00830130320964062,-0.00830130320964062,0.0,C,C,C,0.0,True
C_aa_only_s231303,C,aa_only,231303,development,2,75,4gn0,A,0.00268623879337083,0.0026862273488422656,V,-0.10175438596491228,False,0.16707565167823724,0.6666666666666666,0.4,0.04197157669693602,0.051828937798982816,-0.05263157894736842,False,0.10766231995901698,0.3333333333333333,0.4,0.03527978847058259,0.04340558087857555,-0.09473684210526316,False,0.1317357088460831,0.6666666666666666,0.4,0.03594463033392315,0.045252090762050855,0.08959803617184825,0.03868360276823779,-0.05091443340361046,0.10766231995901698,V,G,F,0.018064283787168733,False
C_aa_only_s231303,C,aa_only,231303,development,2,29,4gn0,D,0.017591040647702144,0.012192652557928388,E,0.16666666666666666,False,0.0803954478808162,0.0,0.2,0.12017435059929704,0.13263122048636264,0.21228070175438596,False,0.08668295712355167,0.0,0.2,0.10294951345277117,0.16633955505799786,0.2421052631578947,False,0.06632006875038687,0.0,0.2,0.10650047924553956,0.13835936127778295,0.03531400122107975,-0.06422458075271642,-0.09953858197379617,0.08668295712355167,E,C,K,0.051368955902471924,False
C_aa_only_s231303,C,aa_only,231303,development,2,23,4gn0,L,0.01712366071291217,0.01630902784727534,F,0.5263157894736842,True,0.0,0.3333333333333333,0.4,0.06210617929419034,0.13085740603004542,0.1280701754385965,False,0.048278952661775065,0.3333333333333333,0.2,0.1275122485261038,0.18615853342037905,0.2614035087719298,False,0.016077369968170885,0.3333333333333333,0.2,0.09051370376352273,0.15378696294745686,0.0,-0.1285120172836045,-0.1285120172836045,0.048278952661775065,F,C,F,0.048278952661775065,False
C_aa_only_s231303,C,aa_only,231303,development,2,45,4gn0,T,0.006364495923310511,0.003010278451547723,C,-0.3526315789473684,False,0.1436927634648857,0.0,0.2,0.06006181035067414,0.07977779091520716,-0.04736842105263158,False,0.01622022778915344,0.3333333333333333,0.2,0.05753558355757059,0.06829773922531805,-0.19298245614035087,False,0.07995649562701956,0.0,0.2,0.055217688309239725,0.06790774924351507,0.01622022778915344,-0.11374302610022902,-0.12996325388938246,0.01622022778915344,C,P,P,0.0,False
C_aa_only_s231303,C,aa_only,231303,train,3,54,1v70,A,4.789346535782093e-05,4.769417981617985e-05,V,0.2771929824561403,False,0.005472688256621949,0.3333333333333333,0.4,0.005443107582693956,0.0069205104839036935,0.2508771929824561,False,0.004170062128837811,0.3333333333333333,0.2,0.0051805686629892425,0.006467097609648771,0.2631578947368421,False,0.00482137519272988,0.3333333333333333,0.2,0.0053118381228416,0.006670334900213496,0.004170062128837811,-0.007798862042115828,-0.011968924170953639,0.004170062128837811,V,I,I,0.0,True
C_aa_only_s231303,C,aa_only,231303,train,3,4,1v70,D,0.0003541558944236893,0.00011112780394148543,E,-0.45964912280701753,False,0.029621079842208763,0.0,0.2,0.016153455141280023,0.018819030113788788,-0.4280701754385965,False,0.029549243155013852,0.0,0.2,0.015904774626772266,0.018542598395088136,-0.419298245614035,False,0.02841940190621499,0.0,0.2,0.015953086583189603,0.01863469257552331,0.02559507095838362,-0.004762442907092906,-0.030357513865476526,0.029549243155013852,E,S,V,0.003954172196630232,True
C_aa_only_s231303,C,aa_only,231303,train,3,69,1v70,L,2.9201228766589595e-05,1.360930887755311e-05,F,0.05964912280701754,False,0.00420048595469584,0.0,0.4,0.0045464140602632834,0.005403816129976074,-0.18070175438596495,False,0.0035489971811324683,0.3333333333333333,0.2,0.005401481997205995,0.006669374706145691,-0.008771929824561405,False,0.0033223898893010445,0.3333333333333333,0.2,0.004973948028734639,0.0059782018344057795,0.0022674542459384522,0.001624269806242376,-0.0006431844396960762,0.0035489971811324683,F,W,C,0.001281542935194016,True
C_aa_only_s231303,C,aa_only,231303,train,3,100,1v70,T,7.939780422436707e-05,5.5068526886072195e-05,C,0.4052631578947368,False,3.622594735713802e-06,0.3333333333333333,0.6,0.0069165448459045445,0.008910544552627919,0.38596491228070173,True,0.0,0.3333333333333333,0.6,0.007286680138811219,0.009641430725269254,0.3614035087719299,True,0.0,0.3333333333333333,0.6,0.0070622116724625384,0.009251624587679731,-0.0015633231581790724,-0.006624674603185693,-0.0050613514450066205,0.0,C,C,Q,0.0015633231581790724,True
C_aa_only_s231303,C,aa_only,231303,train,4,30,1ub9,A,0.0018745103176334484,0.0017409707683770567,V,-0.443859649122807,False,0.09611211778794104,0.0,0.2,0.034736141604297076,0.04329561545507176,-0.24736842105263157,False,0.11000763033828781,0.0,0.2,0.047740243726444344,0.06051762697743329,-0.40350877192982454,False,0.10305987406311443,0.0,0.2,0.04010788225975299,0.05140316134979171,0.11000763033828781,-0.02761779388799812,-0.13762542422628593,0.11000763033828781,V,H,H,0.0,True
C_aa_only_s231303,C,aa_only,231303,train,4,40,1ub9,D,0.007478368949503935,0.003641505776651161,E,-0.012280701754385965,False,0.06338091447671751,0.3333333333333333,0.4,0.06922701249024771,0.08647756327223804,-0.07017543859649124,False,0.08852518948537957,0.3333333333333333,0.4,0.0731218156801057,0.09306825992114226,-0.007017543859649123,False,0.07595305198104854,0.3333333333333333,0.4,0.07102618053398276,0.08895731242474918,0.08852518948537957,-0.038566219841300486,-0.12709140932668006,0.08852518948537957,E,C,C,0.0,False
C_aa_only_s231303,C,aa_only,231303,train,4,12,1ub9,L,0.051498946523381765,0.026483896584436215,F,0.07719298245614034,False,0.06173176908618816,0.0,0.4,0.15917288185762976,0.22693379326002058,0.007017543859649123,False,0.05884705572705873,0.0,0.4,0.13479760581852296,0.1960072591590731,0.01754385964912281,False,0.060289412406623444,0.0,0.4,0.14640142427114436,0.21105455403897116,0.05884705572705873,0.0365390322533663,-0.02230802347369243,0.05884705572705873,F,P,P,0.0,True
C_aa_only_s231303,C,aa_only,231303,train,4,61,1ub9,T,0.0007556158550390175,0.0003584777142940476,C,0.38421052631578945,False,0.028724363794313146,0.3333333333333333,0.6,0.02295621093881489,0.027488467673535705,0.30350877192982456,False,0.04325845099613623,0.3333333333333333,0.4,0.029331448766367285,0.03512621262598532,0.3298245614035088,False,0.03599140739522469,0.3333333333333333,0.6,0.025566099120396174,0.03041490142528852,0.04325845099613623,0.03962216929353174,-0.0036362817026044936,0.04325845099613623,C,H,H,0.0,True
C_aa_only_s231303,C,aa_only,231303,train,5,92,2wpq,A,0.11711434596369436,0.1170397358893068,V,0.4298245614035088,False,0.14688488102409103,0.3333333333333333,0.4,0.22585821313319399,0.3422197334516149,0.10526315789473684,False,0.16288009108243884,0.0,0.4,0.11611763629944016,0.14827829796088432,0.37719298245614036,False,0.15488248605326493,0.0,0.4,0.1504679758225223,0.2153582698469149,0.16288009108243884,0.020835380066934306,-0.14204471101550453,0.16288009108243884,V,P,P,0.0,False
C_aa_only_s231303,C,aa_only,231303,train,5,68,2wpq,D,0.1044549148273655,0.09721677121695028,E,0.12456140350877193,False,0.21820504350824166,0.3333333333333333,0.2,0.26320217450967165,0.3231948558182285,0.15964912280701754,False,0.1146680668150033,0.0,0.2,0.13421728295220534,0.18869111849340764,0.15438596491228068,False,0.10953605979359349,0.3333333333333333,0.2,0.19837673165923167,0.2527213887766573,0.0008670760789453169,-0.13902701450063581,-0.13989409057958113,0.1146680668150033,E,R,M,0.11380099073605798,False
C_aa_only_s231303,C,aa_only,231303,train,5,97,2wpq,L,0.2129824191605277,0.2034787600756655,F,-0.08771929824561404,False,0.5034602493264089,0.3333333333333333,0.2,0.31456843915233845,0.46150018327247466,-0.2070175438596491,False,0.20743812219734004,0.0,0.2,0.10180029088868384,0.1373879799720786,-0.11754385964912278,False,0.35544918576187445,0.3333333333333333,0.2,0.19396054776432758,0.26877290247210067,0.20743812219734004,0.0004839742406055336,-0.2069541479567345,0.20743812219734004,F,S,S,0.0,False
C_aa_only_s231303,C,aa_only,231303,train,5,44,2wpq,T,1.0211969321224954,0.3493651623538492,C,0.04736842105263158,False,0.9707818035425149,0.0,0.2,0.8364850624827208,1.010542889798595,-0.1456140350877193,False,0.604489163968438,0.0,0.0,0.5734724133445419,0.6498287916844583,-0.02631578947368421,False,0.7876354837554764,0.0,0.2,0.7049787379136314,0.8213507327005809,0.604489163968438,0.4982196392724667,-0.10626952469597128,0.604489163968438,C,G,G,0.0,False
C_aa_only_s231303,C,aa_only,231303,train,6,36,3vub,A,0.0002408864026315829,0.00011922667134006836,V,0.03859649122807017,False,0.006263278354010804,0.0,0.0,0.011029947021246956,0.01552051554013535,-0.16666666666666666,False,0.18553991921661983,0.0,0.2,0.5760941950480539,0.6466399357542714,-0.1754385964912281,False,0.0928231619050583,0.0,0.2,0.2873655832578008,0.32287760136368554,-0.8282653022569137,-0.5284164818183804,0.2998488204385333,0.18553991921661983,V,D,H,1.0138052214735336,False
C_aa_only_s231303,C,aa_only,231303,train,6,88,3vub,D,0.00010853132245654148,4.8307802038597e-05,E,0.512280701754386,False,0.0003331168557031,0.3333333333333333,0.4,0.007937605411971539,0.010417836745531267,0.07192982456140351,False,0.013486889450889383,0.0,0.2,0.6334101073488352,0.6728272947611013,0.18771929824561404,False,0.005799398631929686,0.3333333333333333,0.2,0.31453628882717105,0.33405024295652314,-0.7019088379959197,-0.7196771003055499,-0.017768262309630134,0.013486889450889383,E,R,H,0.7153957274468091,False
C_aa_only_s231303,C,aa_only,231303,train,6,40,3vub,L,0.0008307281506982096,0.000669198337378901,F,0.37719298245614036,False,0.010785331410798168,0.6666666666666666,0.6,0.015325812624235678,0.028822355051213455,0.0543859649122807,False,0.039333891693829726,0.0,0.2,0.6846575483292682,0.686645506586721,0.2456140350877193,False,0.02505961155231401,0.0,0.2,0.33597405518344947,0.338169785473446,0.039333891693829726,-0.6953375121186423,-0.734671403812472,0.039333891693829726,F,G,G,0.0,False
C_aa_only_s231303,C,aa_only,231303,train,6,6,3vub,T,0.00017987471827910124,5.114534463179103e-05,C,-0.2456140350877193,False,0.008110693716298772,0.0,0.2,0.01163463518621116,0.013411738078232115,-0.21403508771929824,False,0.706014241468871,0.0,0.2,0.46774322461759976,0.5626884997908029,-0.2210526315789474,False,0.3491076654863685,0.0,0.2,0.2297969188962009,0.277409005471948,0.028096141124973245,-0.03371903913583127,-0.061815180260804514,0.706014241468871,C,N,G,0.6779181003438979,False
C_aa_only_s231303,C,aa_only,231303,train,7,56,3nxa,A,0.009120591899414042,0.004538911638718992,V,0.005263157894736842,False,0.12108088564440156,0.3333333333333333,0.2,0.07285885069690068,0.09550179003251218,0.10526315789473684,False,0.13975359723385494,0.3333333333333333,0.2,0.07811409825632118,0.0994230210952422,0.04912280701754386,False,0.13041724143912825,0.3333333333333333,0.2,0.07474139804065555,0.09690682591669932,0.13975359723385494,-0.08479842441042318,-0.22455202164427812,0.13975359723385494,V,P,P,0.0,False
C_aa_only_s231303,C,aa_only,231303,train,7,74,3nxa,D,0.0015587753433703832,0.0012341257445959302,E,-0.1649122807017544,False,0.1003963431321373,0.0,0.2,0.025016870784822093,0.039481329047669905,0.09298245614035087,False,0.08198881455491414,0.0,0.2,0.10874768997774541,0.2218022125529563,0.06315789473684211,False,0.09119257884352572,0.0,0.2,0.06478067525907256,0.11680735129478144,0.08198881455491414,0.00010664918470948415,-0.08188216537020465,0.08198881455491414,E,G,G,0.0,False
C_aa_only_s231303,C,aa_only,231303,train,7,39,3nxa,L,0.009668655375087936,0.005199557042457828,F,0.09824561403508772,False,0.013007687444375082,0.3333333333333333,0.4,0.06874387642958017,0.09832932103440935,0.2614035087719298,False,0.00048539558885429823,0.3333333333333333,0.4,0.1183128278440873,0.28679863564241515,0.22807017543859648,False,0.00674654151661469,0.3333333333333333,0.4,0.09254080875675412,0.16346034716280555,0.00048539558885429823,-0.22490411510071395,-0.22538951068956825,0.00048539558885429823,F,Y,Y,0.0,False
C_aa_only_s231303,C,aa_only,231303,train,7,3,3nxa,T,0.017501106108334132,0.005197568970882066,C,0.19473684210526312,False,0.22181214587937603,0.0,0.4,0.12983222141997453,0.13229174618370615,-0.13684210526315788,False,0.20166691316628182,0.3333333333333333,0.2,0.14779228156566993,0.15422731885595006,0.07368421052631578,False,0.21173952952282893,0.0,0.2,0.13881225149282225,0.14286869810100392,0.20166691316628182,0.12934548482500752,-0.07232142834127431,0.20166691316628182,C,N,N,0.0,False
C_aa_only_s231303,C,aa_only,231303,train,8,48,2v66,A,9.499310099733686,3.966823682050597,V,0.5491228070175439,False,2.5900117025616574,0.3333333333333333,0.8,2.7065492812505365,3.0820950828508984,0.40877192982456134,False,4.871878976826256,0.0,0.6,2.4135040298392565,3.1388945051719563,0.5298245614035089,False,3.7309453396939576,0.3333333333333333,0.6,2.055217357182349,2.52108494215029,4.871878976826256,-3.206480888509691,-8.078359865335948,4.871878976826256,V,C,C,0.0,False
C_aa_only_s231303,C,aa_only,231303,train,8,42,2v66,D,15.549223185751657,6.394730806489579,E,0.2210526315789474,False,4.656290638036737,0.3333333333333333,0.6,3.2277245693815853,3.943250332625569,0.5701754385964912,False,3.8167024994679988,0.3333333333333333,0.8,1.743625298342147,2.541387591767902,0.45614035087719296,False,4.236496568752367,0.3333333333333333,0.8,1.94834685210553,2.7667637570579204,3.8167024994679988,-1.316202200671838,-5.132904700139837,3.8167024994679988,E,C,C,0.0,False
C_aa_only_s231303,C,aa_only,231303,train,8,60,2v66,L,45.67101638703273,11.135738467168535,F,0.3473684210526316,False,2.4804517977344256,0.0,0.2,5.876672350902695,6.758033470398969,0.3701754385964912,False,4.870537145506354,0.0,0.2,7.560299420357152,9.039972820713684,0.3736842105263158,False,3.675494471620391,0.0,0.2,6.718485885629923,7.8219923800261,4.870537145506354,5.8403257373263395,0.9697885918199849,4.870537145506354,F,V,V,0.0,False
C_aa_only_s231303,C,aa_only,231303,train,8,74,2v66,T,60.27002086896178,59.44701816558763,C,0.356140350877193,False,0.5999816297614551,0.0,0.2,5.177756925069825,7.763376898551415,0.38596491228070173,False,0.9332912825447739,0.3333333333333333,0.2,8.646261683765681,9.582329038805812,0.3596491228070175,False,0.5934017968001175,0.3333333333333333,0.2,6.643556896324016,8.093478059619375,0.564089869367363,-12.0865983393687,-12.650688208736064,0.9332912825447739,C,L,I,0.36920141317741084,False
C_aa_only_s231303,C,aa_only,231303,train,9,61,3zk1,A,3.808013335513837e-05,3.647991344484119e-05,V,0.3245614035087719,False,0.009680709066844623,0.6666666666666666,0.6,0.004739130961887409,0.006170910253369301,0.34210526315789475,False,0.009759113644192602,0.3333333333333333,0.4,0.007538460467503527,0.008935828359381205,0.47017543859649114,False,0.009719911355518612,0.6666666666666666,0.6,0.005456265564569887,0.00680001713417408,0.009759113644192602,-0.0015850855824616483,-0.01134419922665425,0.009759113644192602,V,F,F,0.0,True
C_aa_only_s231303,C,aa_only,231303,train,9,1,3zk1,D,0.001757417338106706,0.0013692313563069553,E,0.4964912280701754,False,0.03385502745350946,0.3333333333333333,0.4,0.028545091227278024,0.041921561732677685,0.5087719298245614,False,0.028146669793776835,0.3333333333333333,0.4,0.03107415959900468,0.04558604141579079,0.5403508771929825,False,0.03100084862364315,0.3333333333333333,0.4,0.029528213971491583,0.04346096450522447,0.028146669793776835,0.003581992350097485,-0.02456467744367935,0.028146669793776835,E,Y,Y,0.0,True
C_aa_only_s231303,C,aa_only,231303,train,9,78,3zk1,L,0.0005928408482225776,0.00018728333251888529,F,0.5701754385964912,False,0.010273705632116797,0.0,0.2,0.020138458622836367,0.024348323314400473,0.19298245614035087,False,0.01693443516866358,0.0,0.2,0.01642179654439466,0.01916384095612796,0.4350877192982456,False,0.013604070400390189,0.0,0.2,0.01822967200098231,0.021456791163221366,0.01693443516866358,0.012194285578268571,-0.00474014959039501,0.01693443516866358,F,D,D,0.0,True
C_aa_only_s231303,C,aa_only,231303,train,9,4,3zk1,T,0.00030979584305735084,0.00030882491897296865,C,0.3315789473684211,False,0.006085200048848161,0.3333333333333333,0.4,0.01280824792903458,0.01760101823921988,0.5263157894736842,False,0.004175575887365002,0.3333333333333333,0.4,0.015300559212430898,0.024553843729532,0.487719298245614,False,0.004488257452182093,0.6666666666666666,0.4,0.013545373183206302,0.020479297349658917,0.002891314855516025,-0.01439963551381282,-0.017290950369328845,0.004175575887365002,C,H,Y,0.0012842610318489767,True
C_aa_only_s231303,C,aa_only,231303,train,10,79,1qy7,A,0.00036897882977153686,0.0001295249318732324,V,-0.0456140350877193,False,0.01638160230213137,0.0,0.2,0.016365105957093257,0.01920882166535826,-0.028070175438596492,False,0.017499496024900307,0.0,0.0,0.015730198291255985,0.019940203210934915,-0.0017543859649122807,False,0.013449836190372988,0.0,0.0,0.015272565520637105,0.019075335624156673,0.0076812101463070714,0.015002679956364062,0.007321469810056991,0.017499496024900307,V,D,W,0.009818285878593236,False
C_aa_only_s231303,C,aa_only,231303,train,10,70,1qy7,D,6.249529339195661e-05,3.5461620966875743e-05,E,0.02982456140350877,True,0.0,0.3333333333333333,0.2,0.006963137895576186,0.00790539647278722,0.13157894736842105,False,0.012989973451363657,0.3333333333333333,0.2,0.004524116552195242,0.005645161690634931,0.06140350877192983,False,0.0031782971424318407,0.3333333333333333,0.2,0.005011385091789696,0.005998691024719377,0.0,0.0003213385027258653,0.0003213385027258653,0.012989973451363657,E,G,E,0.012989973451363657,False
C_aa_only_s231303,C,aa_only,231303,train,10,55,1qy7,L,0.0002264734252042838,0.00019684603130256441,F,0.39649122807017545,False,0.014101645469442481,0.3333333333333333,0.2,0.011324331179379074,0.015049034028942981,0.519298245614035,False,0.021020849488278315,0.3333333333333333,0.4,0.01586290359866983,0.025395499545882844,0.487719298245614,False,0.014740642181320707,0.3333333333333333,0.4,0.012868938360743978,0.019233381641532994,-0.0013487717426736712,-0.008427265153553076,-0.007078493410879405,0.021020849488278315,F,H,N,0.022369621230951986,False
C_aa_only_s231303,C,aa_only,231303,train,10,98,1qy7,T,0.0005017617902630766,0.0003302879706882955,C,-0.07368421052631578,False,0.0207647734423988,0.3333333333333333,0.2,0.01874589851115179,0.022400039961193743,0.14035087719298248,False,0.01641743365102566,0.0,0.2,0.024570960890237224,0.03086152615363302,0.007017543859649123,False,0.014385573353833059,0.0,0.2,0.020876230369458598,0.026194437638505277,0.00470794627315263,-0.005263223763690594,-0.009971170036843224,0.01641743365102566,C,A,G,0.011709487377873029,False
C_aa_only_s231303,C,aa_only,231303,train,11,64,3mhx,A,1.0711311506999101e-05,1.0707813892001604e-05,V,0.2210526315789474,False,0.006332503920865429,0.0,0.2,0.0027592771147090973,0.0032728140043392475,-0.056140350877192984,False,0.008238912864425962,0.0,0.0,0.015799736574333274,0.018434014656180414,0.0894736842105263,False,0.00533973446351646,0.0,0.0,0.008027940263221973,0.009354518298342622,9.488830569703843e-05,0.0007613776062822541,0.0006664893005852157,0.008238912864425962,V,C,S,0.008144024558728924,False
C_aa_only_s231303,C,aa_only,231303,train,11,19,3mhx,D,0.0006099525263988443,0.00033137313810818855,E,0.1105263157894737,False,0.05306510584654761,0.0,0.4,0.021475620075643048,0.024697216976794053,0.3192982456140351,False,0.04077864729763775,0.3333333333333333,0.6,0.03820664239859338,0.042663263459456396,0.24736842105263157,False,0.04692187657209268,0.0,0.4,0.029484238395503806,0.03284023953995784,0.04077864729763775,0.019582732858567375,-0.021195914439070374,0.04077864729763775,E,P,P,0.0,False
C_aa_only_s231303,C,aa_only,231303,train,11,3,3mhx,L,0.0006867546914309463,0.0006786177404934673,F,-0.13157894736842105,False,0.09039931022386513,0.0,0.0,0.02134972662651368,0.02620600487351985,-0.14736842105263157,False,0.07107502707133934,0.0,0.0,0.01902870309578303,0.023806900321691964,-0.0912280701754386,False,0.08072587091418275,0.0,0.0,0.019820687214671152,0.024054398659476124,0.07105243160450037,0.047641890883276916,-0.02341054072122345,0.07107502707133934,F,C,V,2.2595466838970513e-05,False
C_aa_only_s231303,C,aa_only,231303,train,11,2,3mhx,T,0.00012882121846446952,5.528310152624428e-05,C,0.524561403508772,False,0.02002899402958791,0.6666666666666666,0.4,0.009810842678486406,0.01134994354454988,0.5754385964912281,False,0.018364952735402895,0.3333333333333333,0.8,0.011083443098522132,0.015129656553781498,0.5912280701754385,False,0.01713018872589636,0.6666666666666666,0.6,0.010235614337330255,0.01237088720058319,0.011223130432131523,0.008956595093450703,-0.0022665353386808196,0.018364952735402895,C,H,F,0.007141822303271372,False
C_aa_only_s231303,C,aa_only,231303,train,12,4,5b08,A,0.0005939231165095519,0.0005445777920050114,V,0.26491228070175443,False,0.0481062342232616,0.0,0.2,0.020868207481277583,0.024370537878954414,0.27368421052631575,False,0.031908861827863844,0.0,0.2,0.018827560690088764,0.02257396258920558,0.24035087719298245,False,0.04000754802556272,0.0,0.2,0.019729347995041925,0.022780371389610744,0.031908861827863844,-0.005260568941718169,-0.03716943076958201,0.031908861827863844,V,D,D,0.0,True
C_aa_only_s231303,C,aa_only,231303,train,12,73,5b08,D,0.0005911275183444074,0.0005242315437316286,E,0.31578947368421056,False,0.066518809607444,0.3333333333333333,0.4,0.01721739528114739,0.024313114122720015,0.22807017543859648,False,0.052682855069106194,0.0,0.4,0.015436619724588228,0.020476325512124315,0.29298245614035084,False,0.059600832338275095,0.0,0.4,0.01621334650092866,0.022258700866378076,0.052682855069106194,-0.011625853846989609,-0.0643087089160958,0.052682855069106194,E,Y,Y,0.0,False
C_aa_only_s231303,C,aa_only,231303,train,12,32,5b08,L,0.0011566915447333063,0.0006625405989874172,F,0.06842105263157894,False,0.027751019463726212,0.0,0.0,0.026491338809073856,0.03401016825499848,0.15263157894736842,False,0.0132273970592523,0.3333333333333333,0.2,0.026577755111079876,0.03255612833603793,0.056140350877192984,False,0.020489208261489256,0.0,0.0,0.026356314488984765,0.03313517262536002,0.0132273970592523,-0.040408872902571946,-0.053636269961824246,0.0132273970592523,F,D,D,0.0,True
C_aa_only_s231303,C,aa_only,231303,train,12,64,5b08,T,0.0023041350500059626,0.0010983556137912757,C,-0.1824561403508772,False,0.12433311663102337,0.0,0.2,0.04173914784243611,0.04800140675028142,-0.18070175438596495,False,0.1483183376992337,0.0,0.2,0.053047112907140904,0.06585542242038402,-0.1789473684210526,False,0.13632572716512853,0.0,0.2,0.047393130374788504,0.056591968396347836,0.1483183376992337,0.11125598054757896,-0.037062357151654735,0.1483183376992337,C,E,E,0.0,True
C_aa_only_s231303,C,aa_only,231303,development,13,2,1jke,A,0.0011676037144481843,0.0008142409763151918,V,0.7263157894736841,False,0.00852128265243085,0.6666666666666666,0.4,0.027389376028635424,0.03417021677496624,0.7105263157894737,False,0.00893196548612385,0.6666666666666666,0.4,0.026604090338141952,0.03398691254332934,0.7105263157894737,False,0.00872662406927735,0.6666666666666666,0.4,0.026996733183388688,0.034061937872850445,0.00893196548612385,-0.02360298905092327,-0.03253495453704712,0.00893196548612385,V,M,M,0.0,True
C_aa_only_s231303,C,aa_only,231303,development,13,135,1jke,D,0.0006621334521813617,8.908639965885975e-05,E,0.0543859649122807,False,0.004394191769984165,0.0,0.4,0.02393840121065945,0.02573195391301177,0.28596491228070176,False,0.0070874248570823445,0.3333333333333333,0.6,0.017706694198159928,0.01928301357215787,0.15964912280701754,False,0.005740808313533255,0.3333333333333333,0.6,0.02066150933091196,0.022459324617038572,0.0070874248570823445,-0.026219465538115716,-0.03330689039519806,0.0070874248570823445,E,N,N,0.0,False
C_aa_only_s231303,C,aa_only,231303,development,13,142,1jke,L,0.0003407222272442086,0.00032160688364682547,F,-0.14912280701754385,True,0.0,0.3333333333333333,0.2,0.012144675759369061,0.018458662661314566,-0.11228070175438597,True,0.0,0.3333333333333333,0.2,0.011346240151026078,0.017874907897759307,-0.13859649122807016,True,0.0,0.3333333333333333,0.2,0.011465649719342502,0.018070335121574833,0.0,-0.012656002533474514,-0.012656002533474514,0.0,F,F,F,0.0,False
C_aa_only_s231303,C,aa_only,231303,development,13,19,1jke,T,0.002417254435645678,0.0015279230676797724,C,0.41754385964912283,False,0.08699369723756063,0.3333333333333333,0.4,0.03825446560112125,0.049165581819456565,0.4421052631578948,False,0.0863489368524024,0.0,0.4,0.03684336502418514,0.049580793439977865,0.4403508771929824,False,0.08667131704498152,0.3333333333333333,0.4,0.0375489153126532,0.04933293939884566,0.0863489368524024,-0.01704096787951649,-0.10338990473191889,0.0863489368524024,C,D,D,0.0,False
C_aa_only_s231303,C,aa_only,231303,development,14,21,3qr7,A,0.08009189475221258,0.08001521170183304,V,0.26491228070175443,False,0.8221721297791857,0.0,0.2,0.22987522766059312,0.2830051143569893,-0.0017543859649122807,False,0.9452221079696228,0.0,0.2,0.28351556650415616,0.3538089555516728,0.12456140350877193,False,0.8037448781102416,0.0,0.2,0.24766860105180497,0.3059642758889334,0.7405735774463493,0.2634007252689874,-0.47717285217736194,0.9452221079696228,V,K,N,0.20464853052327348,False
C_aa_only_s231303,C,aa_only,231303,development,14,105,3qr7,D,0.08948819869752438,0.044971930563787205,E,-0.06666666666666667,False,0.5735696918509574,0.0,0.4,0.21826307752406982,0.2991457816809797,-0.28421052631578947,False,0.7910915669037357,0.3333333333333333,0.4,0.21638253275710484,0.2679567540284686,-0.24912280701754386,False,0.6787299028885341,0.3333333333333333,0.4,0.20006230409602616,0.2747182078642454,0.6467696529660909,0.5084292314846466,-0.13834042148144432,0.7910915669037357,E,P,N,0.14432191393764482,False
C_aa_only_s231303,C,aa_only,231303,development,14,22,3qr7,L,0.08117105425157183,0.06281333687643241,F,0.23333333333333334,False,0.4966024072863511,0.0,0.2,0.22785808754761586,0.2849053426167572,0.4789473684210526,False,0.2761014333768781,0.0,0.2,0.29719871859870706,0.4197160339587112,0.3403508771929824,False,0.3863519203316146,0.0,0.2,0.2491684860348268,0.3429253270090242,0.2761014333768781,0.04231959549134379,-0.2337818378855343,0.2761014333768781,F,N,N,0.0,False
C_aa_only_s231303,C,aa_only,231303,development,14,29,3qr7,T,0.06764475820279177,0.06764285953076997,C,0.3298245614035088,False,0.7740866009860738,0.0,0.4,0.19996260850855915,0.260086059224234,0.30701754385964913,False,0.5738569191855198,0.3333333333333333,0.2,0.18924509891742816,0.2324362295990074,0.32105263157894737,False,0.6739717600857968,0.3333333333333333,0.2,0.18987616489746317,0.23668695820960278,0.5738569191855198,0.108708675319801,-0.46514824386571885,0.5738569191855198,C,D,D,0.0,False
C_aa_only_s231303,C,aa_only,231303,development,15,59,1lj9,A,0.0018316029179698753,0.0011375304523243838,V,0.32280701754385965,False,0.07665039541935506,0.3333333333333333,0.4,0.03289280474521357,0.04279723026049554,0.18596491228070175,False,0.13713490214832189,0.6666666666666666,0.4,0.05591878548997244,0.06976332603905415,0.24736842105263157,False,0.10689264878383849,0.6666666666666666,0.4,0.044405795117592996,0.05575954272878157,0.13713490214832189,-0.024586604535178747,-0.16172150668350063,0.13713490214832189,V,F,F,0.0,True
C_aa_only_s231303,C,aa_only,231303,development,15,124,1lj9,D,0.00035446442184754477,0.00020935676373661405,E,0.38421052631578945,True,0.0,0.3333333333333333,0.6,0.01256548639985604,0.018827225548326148,-0.04035087719298246,False,0.027532703023568167,0.0,0.2,0.020315801297581183,0.027968121454863628,0.13508771929824562,False,0.006243403509731668,0.3333333333333333,0.2,0.011868766544995302,0.015356998829316282,0.0,-0.03947463041916757,-0.03947463041916757,0.027532703023568167,E,I,E,0.027532703023568167,True
C_aa_only_s231303,C,aa_only,231303,development,15,111,1lj9,L,0.0011050305541839309,0.0007917740401300369,F,0.07894736842105264,False,0.03545510042917993,0.0,0.2,0.030264581007040815,0.03324199985235441,0.0543859649122807,False,0.07829074129818475,0.0,0.2,0.05417167754765569,0.06342943357864296,0.1,False,0.05687292086368234,0.0,0.2,0.03862313544538629,0.0448251331149228,0.07829074129818475,-0.01085794632848866,-0.08914868762667341,0.07829074129818475,F,N,N,0.0,True
C_aa_only_s231303,C,aa_only,231303,development,15,0,1lj9,T,0.00039107884258690584,0.00025573863954358696,C,0.10526315789473684,False,0.02134538369801489,0.0,0.2,0.014809255384458361,0.019775713453296845,0.28596491228070176,False,0.05079469758600147,0.3333333333333333,0.2,0.018183801802333078,0.026440969718459995,0.22982456140350876,False,0.03607004064200818,0.3333333333333333,0.2,0.015082912709838423,0.01868517344659476,0.05079469758600147,-0.00749697241906469,-0.05829167000506616,0.05079469758600147,C,W,W,0.0,True
C_aa_only_s231303,C,aa_only,231303,train,16,16,4zzf,A,0.08958443620420312,0.07488805423567035,V,-0.15964912280701754,False,0.6320383395869515,0.0,0.2,0.22162562780405873,0.2993065923166463,-0.07017543859649124,False,0.730332863706885,0.0,0.2,0.26976728890546064,0.3376642324255034,-0.09649122807017543,False,0.6811856016469182,0.0,0.0,0.23330020611275384,0.31233357060301475,0.730332863706885,0.21583581693260412,-0.5144970467742809,0.730332863706885,V,P,P,0.0,False
C_aa_only_s231303,C,aa_only,231303,train,16,35,4zzf,D,0.0068102660313188665,0.006809032747441933,E,-0.32280701754385965,False,0.1560124687842186,0.0,0.0,0.06757132806879519,0.08252433599441358,-0.2263157894736842,False,0.13370023993004754,0.0,0.0,0.10932155970348924,0.1424985793859315,-0.23508771929824557,False,0.14485635435713307,0.0,0.0,0.0849788942856925,0.10635558438910364,0.13370023993004754,0.00011579646726789239,-0.13358444346277965,0.13370023993004754,E,W,W,0.0,False
C_aa_only_s231303,C,aa_only,231303,train,16,24,4zzf,L,0.17436115774396063,0.05221323900453362,F,0.34210526315789475,False,0.06468932261841798,0.3333333333333333,0.4,0.3628187946138384,0.4175657525994686,0.4473684210526316,True,0.0,0.3333333333333333,0.6,0.41537546903789024,0.48057071160048986,0.40175438596491225,True,0.0,0.3333333333333333,0.6,0.3830327288777855,0.4478826686320247,-0.08093633230679809,-0.012588280481389824,0.06834805182540826,0.0,F,F,D,0.08093633230679809,False
C_aa_only_s231303,C,aa_only,231303,train,16,105,4zzf,T,0.01872277025980064,0.014763377940490156,C,0.18771929824561404,False,0.30121322291313357,0.0,0.2,0.11835454083664387,0.13683117429811323,0.13333333333333333,False,0.26116978843509686,0.0,0.0,0.100019121700937,0.12331781429142714,0.19298245614035087,False,0.2811915056741152,0.0,0.0,0.09992088720458715,0.12444625362424895,0.26116978843509686,0.004322555295245167,-0.2568472331398517,0.26116978843509686,C,V,V,0.0,False
C_aa_only_s231303,C,aa_only,231303,train,17,0,1msc,A,0.03744289528985061,0.03162225826063886,V,-0.7140350877192982,False,0.13729874597319958,0.0,0.0,0.08708746415115483,0.19350166740845054,-0.7157894736842104,False,0.07663203548615716,0.0,0.0,0.08569767545811895,0.18903906480432275,-0.7315789473684211,False,0.10696539072967837,0.0,0.0,0.08365300318612093,0.19069026551031834,0.07663203548615716,0.01137682365960968,-0.06525521182654748,0.07663203548615716,V,W,W,0.0,False
C_aa_only_s231303,C,aa_only,231303,train,17,113,1msc,D,0.14780355376268678,0.08445321737801137,E,0.10526315789473684,False,0.029348124355724092,0.3333333333333333,0.2,0.2540071356846023,0.3844522776141231,0.11228070175438597,False,0.04206301551813163,0.3333333333333333,0.2,0.21971793926729424,0.3402460351711643,0.12631578947368421,False,0.03570556993692786,0.3333333333333333,0.2,0.23580963657441123,0.361229172133466,0.04206301551813163,-0.04966260423249169,-0.09172561975062332,0.04206301551813163,E,T,T,0.0,False
C_aa_only_s231303,C,aa_only,231303,train,17,111,1msc,L,0.9831423277715432,0.04288848454940954,F,0.556140350877193,True,0.0,0.3333333333333333,0.4,0.9696668722928167,0.9915353386398001,0.5070175438596491,True,0.0,0.3333333333333333,0.4,0.8411955720545431,0.862954463147547,0.5456140350877193,True,0.0,0.3333333333333333,0.4,0.9054312221736798,0.9270514808798387,0.0,0.17212741575913904,0.17212741575913904,0.0,F,F,F,0.0,False
C_aa_only_s231303,C,aa_only,231303,train,17,44,1msc,T,0.5961627734800086,0.4278522122085057,C,0.47017543859649114,False,0.0808086997539057,0.3333333333333333,0.6,0.41648877286626873,0.7721157772510601,0.4473684210526316,False,0.03626920526479949,0.6666666666666666,0.4,0.33843014386473713,0.5837159205478737,0.487719298245614,False,0.05853895250935259,0.6666666666666666,0.4,0.37064575628970325,0.6748114932725959,0.03626920526479949,-0.1643519372679474,-0.20062114253274688,0.03626920526479949,C,S,S,0.0,False
C_aa_only_s231303,C,aa_only,231303,train,18,61,2vzw,A,9.311633679559098e-05,9.253569883005641e-05,V,0.22456140350877193,False,0.0074633971645563235,0.0,0.4,0.0075054085102467,0.009649680657700076,0.343859649122807,False,0.004499044258691798,0.3333333333333333,0.4,0.007152831620097298,0.009538324369099514,0.30701754385964913,False,0.005981220711624061,0.3333333333333333,0.4,0.006242892472949706,0.00889911772581242,0.004499044258691798,-0.008747062723678561,-0.01324610698237036,0.004499044258691798,V,C,C,0.0,True
C_aa_only_s231303,C,aa_only,231303,train,18,18,2vzw,D,9.273108037102401e-05,1.4065724964448607e-05,E,0.6017543859649123,False,0.004702316924376226,0.0,0.6,0.008869349209867396,0.009629697833837986,0.12105263157894736,False,0.0040349434362416114,0.0,0.0,0.007605654343880212,0.008691231995311726,0.4508771929824561,False,0.004368630180308919,0.0,0.4,0.008237501776873803,0.008987404552717895,0.0040349434362416114,0.004664165479630694,0.0006292220433890827,0.0040349434362416114,E,W,W,0.0,True
C_aa_only_s231303,C,aa_only,231303,train,18,143,2vzw,L,0.0002502236517171733,0.00024962614439644524,F,-0.20175438596491227,False,0.06105560396450874,0.3333333333333333,0.2,0.00802055576987276,0.015818459208063636,0.1824561403508772,False,0.037631683514530584,0.3333333333333333,0.2,0.0066857136218421535,0.012190003543684711,0.031578947368421054,False,0.04934364373951966,0.3333333333333333,0.2,0.007147270960010832,0.013757367252234027,0.037631683514530584,-0.0019746325515294927,-0.03960631606606008,0.037631683514530584,F,P,P,0.0,True
C_aa_only_s231303,C,aa_only,231303,train,18,5,2vzw,T,0.00011283864419527664,0.00010765747430177416,C,0.6017543859649123,True,0.0,0.6666666666666666,0.4,0.007481983620184594,0.010622553562833969,0.4807017543859649,False,0.0030237361845606436,0.6666666666666666,0.4,0.011450826926000815,0.013606975754677222,0.5684210526315789,True,0.0,0.6666666666666666,0.4,0.009225393366467256,0.011914546109826974,0.0,-0.021367604925451783,-0.021367604925451783,0.0030237361845606436,C,F,C,0.0030237361845606436,True
C_aa_only_s231303,C,aa_only,231303,train,19,37,6kys,A,0.0002387845489184594,0.0001197676654000259,V,0.008771929824561405,False,0.018893321724945594,0.0,0.4,0.013776300816894486,0.01545265507666755,-0.0824561403508772,False,0.029338310212490587,0.3333333333333333,0.2,0.012651000999430312,0.014882975559800768,-0.05263157894736842,False,0.02411581596871809,0.3333333333333333,0.4,0.0132136509081624,0.01503352072529101,0.029338310212490587,-0.0018656648685771993,-0.031203975081067786,0.029338310212490587,V,P,P,0.0,False
C_aa_only_s231303,C,aa_only,231303,train,19,110,6kys,D,0.00020228737869598367,0.00017735130000909232,E,0.1719298245614035,False,0.05685469576351154,0.3333333333333333,0.4,0.009358722080083866,0.014222776757580907,0.13508771929824562,False,0.05449503899314928,0.3333333333333333,0.2,0.012104452575413715,0.01562287474266495,0.19298245614035087,False,0.05567486737833041,0.3333333333333333,0.4,0.010513981248707893,0.014533180172325013,0.05449503899314928,0.006686651029779694,-0.047808387963369586,0.05449503899314928,E,Q,Q,0.0,False
C_aa_only_s231303,C,aa_only,231303,train,19,75,6kys,L,0.001954491934691409,0.0010952257522768207,F,0.30526315789473685,True,0.0,0.3333333333333333,0.4,0.03316054201967626,0.044209636219849274,0.4508771929824561,False,0.002376829531352237,0.3333333333333333,0.4,0.04500994890552667,0.05953944338236309,0.39824561403508774,True,0.0,0.3333333333333333,0.4,0.03864589753488684,0.05165151353012493,0.0,-0.007049809559886017,-0.007049809559886017,0.002376829531352237,F,T,F,0.002376829531352237,False
C_aa_only_s231303,C,aa_only,231303,train,19,50,6kys,T,0.0001401783886116742,2.9587511175026125e-05,C,0.11403508771929824,False,0.006078843288970903,0.0,0.2,0.010516219731284054,0.011839695461103474,0.11403508771929824,False,0.0011803818146601808,0.3333333333333333,0.2,0.010864279712437063,0.012569364302887154,0.1842105263157895,False,0.003517604107256031,0.0,0.2,0.01069024972186056,0.012069346103737458,0.0009563649255411588,0.003119851278061414,0.0021634863525202552,0.0011803818146601808,C,K,G,0.00022401688911902196,False
C_aa_only_s231303,C,aa_only,231303,train,20,65,1ji5,A,1.1151722342098898e-05,3.410468118460743e-06,V,0.15614035087719297,False,0.0004400359533587722,0.0,0.2,0.0030311699216891605,0.003339419461837476,0.32105263157894737,False,0.0008980987871840956,0.3333333333333333,0.4,0.0017535479606109548,0.002106608533516604,0.2508771929824561,False,0.0005208560946913521,0.0,0.2,0.0023575707601978515,0.002665025769702901,0.0006016762360239319,-0.0009442652040254629,-0.0015459414400493948,0.0008980987871840956,V,M,S,0.0002964225511601637,True
C_aa_only_s231303,C,aa_only,231303,train,20,11,1ji5,D,0.0005532336861993276,0.0002459082646878073,E,0.5210526315789473,False,0.0007568293539464005,0.3333333333333333,0.4,0.017539634085714264,0.023520920181815327,0.5350877192982456,False,0.000525691794467778,0.3333333333333333,0.4,0.016998210208970542,0.022808499218734648,0.5140350877192983,False,0.00040366256840913134,0.3333333333333333,0.4,0.017268922147342405,0.023142576055432434,-0.0005051497556412959,-0.0009999118178589395,-0.0004947620622176435,0.000525691794467778,E,K,W,0.001030841550109074,True
C_aa_only_s231303,C,aa_only,231303,train,20,34,1ji5,L,2.681339434343636e-05,2.4205920473879e-05,F,0.36315789473684207,False,0.003021816248524295,0.6666666666666666,0.4,0.004039948954730117,0.005178165152197867,0.543859649122807,False,0.002249825656622677,0.6666666666666666,0.6,0.003283468852000305,0.004198173310089101,0.46140350877192987,False,0.002635820952573486,0.6666666666666666,0.4,0.0035877681808113237,0.004593554926511205,0.002249825656622677,-0.007718024699600742,-0.00996785035622342,0.002249825656622677,F,W,W,0.0,True
C_aa_only_s231303,C,aa_only,231303,train,20,47,1ji5,T,1.1540240114120147e-05,6.612186716829322e-06,C,0.38421052631578945,False,0.0019303153462953276,0.3333333333333333,0.4,0.0024803944933608673,0.0033970928915942446,0.3614035087719299,False,0.00177318978488894,0.3333333333333333,0.6,0.0017968077960265887,0.002715219792973181,0.31578947368421056,False,0.0017279930726304266,0.3333333333333333,0.4,0.0021178809289017437,0.003023509656321699,0.0015256707989655255,0.0002707033751219029,-0.0012549674238436226,0.00177318978488894,C,H,D,0.0002475189859234145,True
C_aa_only_s231303,C,aa_only,231303,train,21,8,6qyy,A,0.0028274005955237825,0.002542158029659017,V,-0.005263157894736842,False,0.09229829545137858,0.3333333333333333,0.4,0.04372701265928802,0.05317330717120934,0.05263157894736842,False,0.10225489288671696,0.3333333333333333,0.4,0.039763513816613194,0.0507619763798031,0.02280701754385965,False,0.09727659416904777,0.3333333333333333,0.4,0.04174526323795061,0.05088111941678336,0.10225489288671696,-0.03986125849154082,-0.14211615137825778,0.10225489288671696,V,F,F,0.0,False
C_aa_only_s231303,C,aa_only,231303,train,21,24,6qyy,D,0.00034023008989197186,7.186265570750042e-05,E,0.021052631578947368,False,0.007595590666927554,0.0,0.2,0.016381924007407414,0.018445327047574185,0.32280701754385965,False,0.004528198544886786,0.0,0.2,0.017473623318777474,0.019573462124716313,0.2,False,0.00606189460590717,0.3333333333333333,0.2,0.016927773663092446,0.01881017116677825,0.004528198544886786,0.006888429365850934,0.0023602308209641487,0.004528198544886786,E,T,T,0.0,False
C_aa_only_s231303,C,aa_only,231303,train,21,18,6qyy,L,0.0017452031241742122,0.0015114968005645435,F,0.012280701754385965,False,0.05487066341492569,0.0,0.2,0.03373945003422243,0.04177562835163838,0.005263157894736842,False,0.04951968140305513,0.0,0.2,0.042499673146500286,0.05171290709541029,0.005263157894736842,False,0.05219517240899041,0.0,0.2,0.03744203449440784,0.046364915022507606,0.04951968140305513,-0.05286452323627322,-0.10238420463932835,0.04951968140305513,F,K,K,0.0,False
C_aa_only_s231303,C,aa_only,231303,train,21,5,6qyy,T,0.0006434757356826821,0.000331394941455961,C,0.4982456140350877,False,0.033598856782569075,0.0,0.6,0.020730088925684856,0.025366823523702807,0.4789473684210526,False,0.045255815988344605,0.0,0.6,0.018557351285569748,0.021865841596871022,0.5105263157894736,False,0.03775097194926738,0.0,0.6,0.019130158881914418,0.023051238085309733,0.03759441979558903,0.014772373974348219,-0.02282204582124081,0.045255815988344605,C,E,Q,0.007661396192755576,False
C_aa_only_s231303,C,aa_only,231303,train,22,140,3nbc,A,0.00014553689803143858,0.00013891696778980397,V,0.09824561403508772,False,0.006555338393991167,0.0,0.4,0.005864824171954364,0.012063867457471447,0.10350877192982455,False,0.00738640944638802,0.0,0.4,0.004878884760753853,0.009081264673387743,0.07719298245614034,False,0.0066589865301073525,0.0,0.4,0.005309625548451867,0.010544485863324595,0.004993888725962681,-0.0024059612731467395,-0.00739984999910942,0.00738640944638802,V,C,Y,0.0023925207204253396,True
C_aa_only_s231303,C,aa_only,231303,train,22,119,3nbc,D,1.2091686375999252e-05,1.0580337117373073e-05,E,0.19473684210526312,False,0.0008327529322618155,0.6666666666666666,0.6,0.0029570508464072825,0.003477310221421041,0.13684210526315788,False,0.0037716894315156513,0.0,0.4,0.0030137151576386436,0.003452127674888438,0.19649122807017544,False,0.0023022211818887334,0.3333333333333333,0.6,0.0025630164389400536,0.0029346519994321264,0.0037716894315156513,-0.0012659435448056089,-0.00503763297632126,0.0037716894315156513,E,C,C,0.0,True
C_aa_only_s231303,C,aa_only,231303,train,22,77,3nbc,L,3.6899859053540956e-05,1.0237287025219622e-05,F,0.3385964912280702,False,0.006471367615832391,0.0,0.2,0.005163581318069981,0.006074525417968136,0.5491228070175439,False,0.0031543386476023116,0.0,0.4,0.005903026216508542,0.006333611472347011,0.45789473684210524,False,0.004812853131717351,0.0,0.4,0.0055333037672892615,0.006099288183402094,0.0031543386476023116,0.0025032680949834407,-0.0006510705526188709,0.0031543386476023116,F,M,M,0.0,True
C_aa_only_s231303,C,aa_only,231303,train,22,5,3nbc,T,0.0013170912810127843,0.0009739943315665904,C,-0.13684210526315788,False,0.053148134899564436,0.0,0.2,0.03066483975564443,0.03629175224500443,-0.18596491228070175,False,0.052602796242011335,0.0,0.4,0.029882811328478816,0.036294855458100926,-0.12280701754385966,False,0.052875465570787886,0.0,0.4,0.030109210904919127,0.03618423996150719,0.052602796242011335,0.022848397626897998,-0.029754398615113337,0.052602796242011335,C,L,L,0.0,True
C_aa_only_s231303,C,aa_only,231303,train,23,2,3i07,A,0.004813207916918519,0.0033375402293192706,V,0.2070175438596491,False,0.0017599965203101142,0.3333333333333333,0.4,0.05894328472203173,0.0693772867509138,0.18771929824561404,False,0.17493526108277493,0.3333333333333333,0.4,0.04658882786901961,0.06719971543842969,0.2157894736842105,False,0.08834762880154251,0.3333333333333333,0.4,0.04825996103377115,0.06445594284201571,0.17493526108277493,-0.014301419863336828,-0.18923668094611176,0.17493526108277493,V,G,G,0.0,False
C_aa_only_s231303,C,aa_only,231303,train,23,137,3i07,D,0.0005612384713172747,0.00038278828916809963,E,0.2719298245614035,False,0.040381247629900474,0.0,0.2,0.020579521590807084,0.023690472163240536,0.15263157894736842,False,0.06009908270624892,0.0,0.2,0.030865812464704552,0.034194881788270966,0.23859649122807017,False,0.050240165168074696,0.0,0.2,0.025699788023113054,0.02865443154924867,0.06009908270624892,0.028266550024516446,-0.03183253268173247,0.06009908270624892,E,W,W,0.0,False
C_aa_only_s231303,C,aa_only,231303,train,23,69,3i07,L,0.0036481753030115647,0.0016961241474862253,F,0.4122807017543859,False,0.09140212566213951,0.0,0.4,0.05085290813882006,0.060400126680426464,0.06140350877192983,False,0.07730714466919858,0.0,0.2,0.047951348443785645,0.055648287992033946,0.3350877192982456,False,0.08435463516566905,0.0,0.4,0.04930685359825769,0.05707151303847345,0.07730714466919858,0.04905944221921266,-0.028247702449985923,0.07730714466919858,F,M,M,0.0,False
C_aa_only_s231303,C,aa_only,231303,train,23,120,3i07,T,0.0031377670022757083,0.0019975167986498003,C,-0.4807017543859649,False,0.1408966651521233,0.0,0.2,0.048902272832339694,0.05601577458426964,-0.30000000000000004,False,0.10197339207409911,0.0,0.2,0.026737421569832026,0.03335172932828332,-0.4403508771929824,False,0.1214350286131112,0.0,0.2,0.036100382566629896,0.04138860846470007,0.10197339207409911,0.05653778294174572,-0.045435609132353394,0.10197339207409911,C,M,M,0.0,False
C_aa_only_s231303,C,aa_only,231303,train,24,85,1aa0,A,0.451715766196249,0.4181604922376346,V,0.07719298245614034,False,0.4232409166881794,0.3333333333333333,0.2,0.4891139824920728,0.672098033173918,0.08771929824561404,True,0.0,0.3333333333333333,0.2,0.6232361233616929,1.00033003759953,0.11403508771929824,False,0.09598096104453191,0.3333333333333333,0.2,0.531916364178758,0.8062670296401474,-0.2312789945991156,-2.4656467457082574,-2.2343677511091418,0.0,V,V,P,0.2312789945991156,False
C_aa_only_s231303,C,aa_only,231303,train,24,78,1aa0,D,0.2885682763382656,0.15196225353304607,E,0.6578947368421053,False,0.03819414876232763,0.6666666666666666,0.6,0.39003650008163215,0.537185513894656,0.3017543859649123,False,0.23995409937586487,0.3333333333333333,0.2,0.1978081732402706,0.3243669422235245,0.519298245614035,False,0.0652503388482133,0.3333333333333333,0.4,0.254526754108901,0.4096514614984247,0.09202428132934237,0.002360561869243938,-0.08966371946009843,0.23995409937586487,E,M,Q,0.1479298180465225,False
C_aa_only_s231303,C,aa_only,231303,train,24,75,1aa0,L,1.3918767881844027,1.17153797234941,F,-0.012280701754385965,False,1.369757493549649,0.0,0.4,0.5832194002480763,1.1797782792475893,0.2982456140350877,False,0.9562313081303113,0.3333333333333333,0.4,0.3744205037269558,0.8710920511577686,0.12105263157894736,False,1.1629944008399802,0.3333333333333333,0.4,0.4620243209399371,1.0166113984860325,0.9562313081303113,0.22992620146102105,-0.7263051066692903,0.9562313081303113,F,R,R,0.0,False
C_aa_only_s231303,C,aa_only,231303,train,24,30,1aa0,T,0.09357458391482845,0.06645225759926868,C,-0.38596491228070173,False,0.24061807914570998,0.0,0.2,0.1911748429396509,0.3058996304587968,-0.12456140350877193,False,0.47536619953468673,0.0,0.6,0.16959161593582586,0.22558444677375422,-0.3385964912280702,False,0.35799213934019836,0.0,0.2,0.16061689283397826,0.24304556568818184,0.47536619953468673,-0.04457262356093317,-0.5199388230956199,0.47536619953468673,C,P,P,0.0,False
C_aa_only_s231303,C,aa_only,231303,train,25,61,6o2k,A,0.05723721464035021,0.04164806019830823,V,-0.28070175438596495,False,0.5129659137215026,0.3333333333333333,0.2,0.19545810528299765,0.23924300332580306,-0.2912280701754386,False,0.5240076439765741,0.0,0.2,0.19394878180364197,0.23902512534370252,-0.29298245614035084,False,0.5184867788490384,0.0,0.2,0.19407522855096587,0.2378944717070976,0.5240076439765741,0.35045226549630537,-0.1735553784802687,0.5240076439765741,V,R,R,0.0,False
C_aa_only_s231303,C,aa_only,231303,train,25,51,6o2k,D,0.12135891104297916,0.031838633616555014,E,-0.18596491228070175,False,0.8425921374725199,0.3333333333333333,0.2,0.30909575690665253,0.3483660589709898,-0.19473684210526312,False,0.68830238269216,0.3333333333333333,0.2,0.28558616488617306,0.31226928889222,-0.1649122807017544,False,0.7654472600823401,0.3333333333333333,0.2,0.2973409608964128,0.32965570344253287,0.68830238269216,0.5860718127325906,-0.10223056995956947,0.68830238269216,E,W,W,0.0,False
C_aa_only_s231303,C,aa_only,231303,train,25,63,6o2k,L,0.03852709807119014,0.03842977466895353,F,-0.6052631578947367,False,0.4125138640171421,0.0,0.0,0.1374589166648951,0.19628320883659442,-0.531578947368421,False,0.3838817781040216,0.0,0.0,0.14671066852712472,0.20064445342096138,-0.5368421052631579,False,0.3981978210605818,0.0,0.0,0.14208479259600992,0.19760162922019742,0.3838817781040216,0.13980968928195636,-0.24407208882206521,0.3838817781040216,F,S,S,0.0,False
C_aa_only_s231303,C,aa_only,231303,train,25,97,6o2k,T,0.009047278259952586,0.008913007002736853,C,-0.26491228070175443,False,0.08169032455040315,0.0,0.0,0.07654862457484742,0.09511718172839535,-0.2982456140350877,False,0.0773726741995544,0.0,0.0,0.0738995211049049,0.08906942863396528,-0.2631578947368421,False,0.07318740313567446,0.0,0.0,0.07262522506980806,0.09085743175015801,0.055033269383363725,-0.05189161011844279,-0.10692487950180651,0.0773726741995544,C,M,N,0.022339404816190678,False
C_aa_only_s231303,C,aa_only,231303,train,26,6,3fhk,A,0.0064519164901440515,0.004690468431591682,V,-0.19122807017543858,False,0.03057400804403193,0.0,0.0,0.049024738334108045,0.08032382268134436,-0.06315789473684211,False,0.03548972776629289,0.3333333333333333,0.2,0.050164522541925625,0.07975593495960727,-0.15438596491228068,False,0.03303186790516241,0.0,0.2,0.049588151220804684,0.07999620919684716,0.03548972776629289,0.009880275950453571,-0.025609451815839318,0.03548972776629289,V,W,W,0.0,False
C_aa_only_s231303,C,aa_only,231303,train,26,143,3fhk,D,2.443195732332517e-05,2.3143242340495123e-05,E,0.5473684210526315,False,0.0063524701886428225,0.3333333333333333,0.6,0.004191941438161313,0.004942869341114042,0.4842105263157894,False,0.009830408910970562,0.3333333333333333,0.6,0.004122401218023674,0.005069668380892348,0.5421052631578946,False,0.007825993735200473,0.3333333333333333,0.6,0.0036392411211378576,0.004507586182720489,0.0073753514844392964,-0.0042332389577574014,-0.011608590442196698,0.009830408910970562,E,Q,K,0.0024550574265312652,False
C_aa_only_s231303,C,aa_only,231303,train,26,14,3fhk,L,0.008905313089091841,0.008143625702771135,F,-0.4789473684210526,False,0.07309968372467834,0.0,0.2,0.048597715275631136,0.09436796643507711,-0.4982456140350877,False,0.08022456556750462,0.0,0.0,0.05064215724969274,0.09389153371551245,-0.5035087719298245,False,0.07431103930872919,0.0,0.2,0.049562215777445406,0.09396632607824348,0.07552239489278004,0.02483809887448593,-0.050684296018294106,0.08022456556750462,F,Q,A,0.004702170674724587,False
C_aa_only_s231303,C,aa_only,231303,train,26,23,3fhk,T,0.0009982505345587846,0.0006672972624072898,C,0.1842105263157895,False,0.06493993532493744,0.0,0.2,0.025079762187644336,0.03159510301547986,0.16140350877192983,False,0.07616244073003986,0.0,0.2,0.030521054241576556,0.03810070334968943,0.14736842105263157,False,0.07055118802748865,0.0,0.2,0.027635782800778497,0.03477246180094739,0.07616244073003986,0.02591589451230733,-0.05024654621773253,0.07616244073003986,C,W,W,0.0,False
C_aa_only_s231303,C,aa_only,231303,development,27,68,1xko,A,0.0006540015260512369,0.0003930147410794558,V,-0.243859649122807,False,0.03136045888441247,0.0,0.0,0.021216395581969593,0.025573453541734188,-0.13684210526315788,False,0.032910387502300256,0.0,0.2,0.03251354973221752,0.03912911256851692,-0.24035087719298245,False,0.03213542319335636,0.0,0.0,0.026118605080645663,0.032023534444103906,0.032910387502300256,0.0220749805332566,-0.010835406969043657,0.032910387502300256,V,S,S,0.0,True
C_aa_only_s231303,C,aa_only,231303,development,27,149,1xko,D,0.0037384781958608717,0.0032114507341939585,E,0.48947368421052634,False,0.017721838422359887,0.3333333333333333,0.4,0.02424364717353346,0.061143096060478255,0.3350877192982456,False,0.0238875400986073,0.3333333333333333,0.4,0.0347504677694644,0.06909844868660218,0.38421052631578945,False,0.02076892652500796,0.3333333333333333,0.4,0.029347408906084345,0.06491597765219079,0.023816014627656035,0.018222930775437185,-0.00559308385221885,0.0238875400986073,E,H,N,7.152547095126693e-05,True
C_aa_only_s231303,C,aa_only,231303,development,27,87,1xko,L,2.4632709563250957e-05,2.064683860613945e-05,F,0.5614035087719299,False,0.005573050326017515,0.3333333333333333,0.6,0.004298160085178257,0.0049631350539,0.1754385964912281,False,0.002820140541827665,0.3333333333333333,0.6,0.003662888009132388,0.004287932160070199,0.5228070175438596,False,0.0032920360403363644,0.6666666666666666,0.8,0.0032733907096438018,0.004054346121796082,0.0010110217546552142,-0.0006093678624671667,-0.0016203896171223808,0.002820140541827665,F,W,H,0.0018091187871724507,False
C_aa_only_s231303,C,aa_only,231303,development,27,47,1xko,T,0.002671675684129551,0.0022409652932493577,C,0.04385964912280702,False,0.03888515805650558,0.0,0.2,0.026367819206558542,0.051688254798644064,-0.12631578947368421,False,0.03971631855439223,0.0,0.2,0.030419156513595065,0.05921874887971706,-0.11403508771929824,False,0.039300738305448904,0.0,0.2,0.028382932870322126,0.0552228157372525,0.03971631855439223,0.026024185130824357,-0.01369213342356787,0.03971631855439223,C,V,V,0.0,True
C_aa_only_s231303,C,aa_only,231303,development,28,25,4lr3,A,0.2392134203949073,0.07900646003322936,V,-0.0017543859649122807,False,0.14374316118934471,0.0,0.0,0.45423363254246213,0.48909449025204454,0.14210526315789473,False,0.18095269745894704,0.0,0.2,0.634053073311328,0.6866580602675617,0.12631578947368421,False,0.16234792932414588,0.0,0.2,0.5374812581837421,0.5855680478328972,0.18095269745894704,-0.8246470363171339,-1.005599733776081,0.18095269745894704,V,H,H,0.0,False
C_aa_only_s231303,C,aa_only,231303,development,28,120,4lr3,D,0.1460407294608685,0.12816715736261883,E,0.11578947368421051,False,0.6474841350258407,0.0,0.0,0.32667799336150927,0.3821527567097593,0.24035087719298245,False,0.7171391470935937,0.0,0.0,0.3326047825168463,0.4142977146209895,0.19122807017543858,False,0.6548434154384863,0.0,0.0,0.3238617822404965,0.3927496474920286,0.5250791173527642,-0.10941559176550752,-0.6344947091182718,0.7171391470935937,E,A,Y,0.19206002974082947,False
C_aa_only_s231303,C,aa_only,231303,development,28,10,4lr3,L,0.6496316329440269,0.12834446829466276,F,-0.056140350877192984,False,0.5989787928863084,0.0,0.2,0.7693751866748177,0.8059972909036525,-0.02631578947368421,False,0.8123640789178515,0.3333333333333333,0.2,0.7735070306433652,0.8221846820623625,-0.04035087719298246,False,0.7056714359020799,0.3333333333333333,0.2,0.7714411086590914,0.8116473644430074,0.8123640789178515,-0.5439413710871008,-1.3563054500049523,0.8123640789178515,F,C,C,0.0,False
C_aa_only_s231303,C,aa_only,231303,development,28,3,4lr3,T,1.6543491082553679,1.275064383049949,C,0.09824561403508772,False,2.1050827676052073,0.3333333333333333,0.2,0.9484761709039976,1.2862150318882795,0.2631578947368421,False,1.3971393598558746,0.3333333333333333,0.2,0.7278547316643994,1.1132391462204025,0.16842105263157894,False,1.751111063730541,0.3333333333333333,0.2,0.8363602156967438,1.190476096588036,1.3971393598558746,0.5840317146556897,-0.8131076452001849,1.3971393598558746,C,F,F,0.0,False
C_aa_only_s231303,C,aa_only,231303,train,29,44,3lzq,A,0.04092033789714689,0.0024349176611803305,V,0.5666666666666667,True,0.0,0.6666666666666666,0.4,0.19617701250647732,0.20228776012687197,0.6228070175438596,True,0.0,0.6666666666666666,0.4,0.2039575816862866,0.21041629975444343,0.5964912280701754,True,0.0,0.6666666666666666,0.4,0.200067297096382,0.20629790883215254,0.0,0.03851216259963042,0.03851216259963042,0.0,V,V,V,0.0,False
C_aa_only_s231303,C,aa_only,231303,train,29,90,3lzq,D,0.013361152627513738,0.005276893755843283,E,0.6280701754385966,False,0.04712814400228926,0.0,0.8,0.09891282201012873,0.11559045214685225,0.6000000000000001,False,0.07210363700901784,0.0,0.6,0.10251885647198394,0.11765623539148286,0.6105263157894737,False,0.05961589050565355,0.0,0.6,0.10023330181835269,0.11650044605310664,0.07210363700901784,0.002686299039766471,-0.06941733796925137,0.07210363700901784,E,C,C,0.0,False
C_aa_only_s231303,C,aa_only,231303,train,29,49,3lzq,L,0.011920972248309007,0.008143812067384501,F,-0.3456140350877193,False,0.32329096730528495,0.0,0.0,0.10040779373324087,0.10918320497360849,-0.3719298245614035,False,0.3771155274853907,0.0,0.0,0.12272718576458147,0.13548831796949087,-0.3666666666666667,False,0.3502032473953378,0.0,0.0,0.11156748974891117,0.12194362177974141,0.3771155274853907,0.1504102821911137,-0.226705245294277,0.3771155274853907,F,A,A,0.0,False
C_aa_only_s231303,C,aa_only,231303,train,29,74,3lzq,T,0.002342451292231681,0.002276872672543841,C,0.21403508771929824,False,0.06816140618016667,0.0,0.4,0.0352787734786293,0.04839887697283565,0.26842105263157895,False,0.1019631651012129,0.0,0.4,0.041919756462929135,0.057934327504555995,0.22280701754385965,False,0.08506228564068978,0.0,0.4,0.038599264970779215,0.05300417067060299,0.1019631651012129,-0.0003026311874210208,-0.10226579628863391,0.1019631651012129,C,W,W,0.0,False
C_aa_only_s231303,C,aa_only,231303,train,30,122,2zvy,A,0.00177833803362377,0.0009065863844830528,V,-0.38245614035087716,False,0.08582547379445532,0.3333333333333333,0.2,0.03109638689895249,0.04217034542926783,-0.3333333333333333,False,0.04683871957623792,0.3333333333333333,0.2,0.024604894249582576,0.031502510292330976,-0.38070175438596493,False,0.06633209668534662,0.3333333333333333,0.2,0.027652437449423882,0.03671537955719382,0.04683871957623792,-0.022967117319855124,-0.06980583689609304,0.04683871957623792,V,Y,Y,0.0,False
C_aa_only_s231303,C,aa_only,231303,train,30,44,2zvy,D,0.0003207078121969963,0.00024110404416832513,E,0.27368421052631575,False,0.0349354029672162,0.3333333333333333,0.2,0.014422668041658551,0.01790831684433231,0.21929824561403505,False,0.032384625267928346,0.0,0.2,0.016316930633072404,0.020342589399083844,0.18947368421052632,False,0.03169991937794006,0.0,0.2,0.014531871532419898,0.018379189532954615,0.028464435788663922,-0.012832174808717178,-0.0412966105973811,0.032384625267928346,E,K,Y,0.003920189479264424,False
C_aa_only_s231303,C,aa_only,231303,train,30,17,2zvy,L,0.12527777644831,0.06251408644288262,F,0.28070175438596495,False,0.012887588490883672,0.0,0.4,0.2515668835786962,0.35394600781518926,0.1842105263157895,False,0.03642697544960355,0.0,0.2,0.27174562237917604,0.37913364661675697,0.2614035087719298,False,0.02465728197024361,0.0,0.4,0.2616562529789361,0.36642740513585137,0.03642697544960355,0.029727539021747462,-0.006699436427856087,0.03642697544960355,F,P,P,0.0,True
C_aa_only_s231303,C,aa_only,231303,train,30,146,2zvy,T,0.000938434271234637,0.0005042094405984147,C,0.15789473684210528,False,0.04265352115105514,0.0,0.6,0.022980068404287915,0.03063387457104695,0.04912280701754386,False,0.04833606171836102,0.3333333333333333,0.2,0.018006914968405528,0.02186236861619957,0.1701754385964912,False,0.04549479143470808,0.3333333333333333,0.4,0.018696346876965367,0.02466609490074262,0.04833606171836102,-0.01151893811276411,-0.05985499983112513,0.04833606171836102,C,R,R,0.0,False
C_aa_only_s231303,C,aa_only,231303,train,31,39,4reu,A,7.788485757748301e-05,2.8442355689744144e-05,V,0.4964912280701754,False,0.003327208962388098,0.0,0.2,0.007031536239523968,0.008825239802831593,0.5473684210526315,False,0.001304840050245254,0.0,0.0,0.0057338440049593,0.00701123567007012,0.5894736842105263,False,0.0022676404273067746,0.0,0.0,0.006382690122241634,0.00785028778977973,0.0012080718922254513,0.0014385722074228974,0.00023050031519744607,0.001304840050245254,V,D,I,9.676815801980265e-05,False
C_aa_only_s231303,C,aa_only,231303,train,31,137,4reu,D,3.569055073032818e-05,2.7261314453526974e-05,E,0.09649122807017543,False,0.0013895200970018284,0.0,0.2,0.003563131654465752,0.005974156905399136,0.4385964912280701,False,0.001341053659742672,0.3333333333333333,0.4,0.003350198465958037,0.005305115575082787,0.29298245614035084,False,0.0013381118775159379,0.3333333333333333,0.2,0.0034107118632188405,0.005578100403131025,-0.0001598400302508518,-0.004477626250309327,-0.0043177862200584755,0.001341053659742672,E,R,K,0.0015008936899935238,True
C_aa_only_s231303,C,aa_only,231303,train,31,149,4reu,L,0.0007075591056020196,0.0002818534634076995,F,0.419298245614035,False,0.013422552067678561,0.0,0.0,0.02190406143671659,0.026599983188002576,0.4298245614035088,False,0.008530933550072999,0.0,0.2,0.015738459134954336,0.019425786958238597,0.4298245614035088,False,0.01097674280887578,0.0,0.0,0.018343834128368444,0.02277057283630682,0.008530933550072999,-0.0059266617358762486,-0.014457595285949247,0.008530933550072999,F,R,R,0.0,True
C_aa_only_s231303,C,aa_only,231303,train,31,62,4reu,T,1.0639151742229929e-05,7.099683591996459e-06,C,0.0824561403508772,False,0.0023706872099224646,0.0,0.6,0.0026929894415750953,0.003261771258416189,-0.1280701754385965,False,0.0034217519557622478,0.0,0.2,0.002511967978761267,0.003232952563866036,0.005263157894736842,False,0.002896219582842356,0.0,0.4,0.002602478710168181,0.0032059248392057485,0.0034217519557622478,0.0015111367245044804,-0.0019106152312577673,0.0034217519557622478,C,E,E,0.0,True
C_aa_only_s231303,C,aa_only,231303,train,32,114,6mvm,A,8.211839356981475e-06,4.6451884955365355e-06,V,-0.11578947368421051,False,0.0010055392053445744,0.3333333333333333,0.2,0.002421338759925156,0.0028656307084098387,-0.1456140350877193,False,0.0044846106022543505,0.0,0.2,0.0037180631491178424,0.004123200686739429,-0.12456140350877193,False,0.002732023261367492,0.0,0.2,0.0030576347844033618,0.003468600111128116,0.0017920024965841844,0.0012509351788374395,-0.0005410673177467448,0.0044846106022543505,V,G,H,0.002692608105670166,True
C_aa_only_s231303,C,aa_only,231303,train,32,39,6mvm,D,0.0001212307037564358,0.00011114771573737666,E,0.4859649122807017,False,0.0009911665662819258,0.3333333333333333,0.4,0.007868010697730757,0.011010481540624633,0.4789473684210526,False,0.0020307710912956557,0.3333333333333333,0.2,0.007533073174903082,0.01152472522437964,0.4929824561403509,False,0.0015109688287887908,0.3333333333333333,0.2,0.00770054193631692,0.011248825226521104,0.0020307710912956557,-0.00796113868025286,-0.009991909771548516,0.0020307710912956557,E,K,K,0.0,True
C_aa_only_s231303,C,aa_only,231303,train,32,29,6mvm,L,6.978720975593568e-05,5.5310003946369345e-05,F,0.6228070175438596,True,0.0,0.6666666666666666,0.6,0.007610030952421935,0.008353873937038772,0.7035087719298245,False,0.0008350268738733339,0.6666666666666666,0.6,0.007870871077798346,0.008488213489502586,0.6842105263157895,True,0.0,0.6666666666666666,0.6,0.007740451015110139,0.008392565099535313,0.0,-0.01585360285167634,-0.01585360285167634,0.0008350268738733339,F,Y,F,0.0008350268738733339,True
C_aa_only_s231303,C,aa_only,231303,train,32,88,6mvm,T,7.99218122004071e-06,7.671049837427706e-06,C,-0.25789473684210523,False,0.003542169171093741,0.0,0.2,0.0024045592378621923,0.0028270446087815294,-0.26666666666666666,False,0.005155464721227847,0.0,0.4,0.0023864296321733803,0.0031588422863797257,-0.2789473684210526,False,0.004348816946160794,0.0,0.2,0.002328841868884998,0.002954937229108719,0.005155464721227847,2.9863014751316252e-05,-0.0051256017064765305,0.005155464721227847,C,R,R,0.0,True
C_aa_only_s231303,C,aa_only,231303,train,33,154,7ebl,A,0.11858096230664435,0.06938689254790525,V,0.04736842105263158,False,0.5543714019899735,0.0,0.2,0.29892351013746815,0.3443558657938679,-0.14210526315789473,False,1.383398929299604,0.0,0.2,0.4073312408128763,0.46186407601975243,-0.20877192982456141,False,0.5775104679134366,0.0,0.2,0.2513986166465912,0.31114279946090867,0.1428286547607689,0.6177208796844686,0.47489222492369976,1.383398929299604,V,Q,P,1.2405702745388352,False
C_aa_only_s231303,C,aa_only,231303,train,33,104,7ebl,D,0.5032360286527949,0.46541455013356786,E,-0.6052631578947367,False,1.4650393424527222,0.0,0.0,0.5227865054166687,0.709391308554591,-0.16315789473684209,False,0.8915752147021312,0.0,0.2,0.5067196318079293,0.6142807150627538,-0.45438596491228067,False,1.0673275258486976,0.0,0.0,0.3324968344587454,0.5093508449016053,0.6696157092446731,0.5781457710869669,-0.09146993815770621,0.8915752147021312,E,G,F,0.22195950545745813,False
C_aa_only_s231303,C,aa_only,231303,train,33,30,7ebl,L,0.12184316042986168,0.11611554101834005,F,0.39824561403508774,False,0.5576719669566712,0.6666666666666666,0.6,0.28882286404038543,0.3490603965359887,-0.19298245614035087,False,1.0723989482653051,0.0,0.0,0.40991427493339333,0.5295559666917496,0.11578947368421051,False,0.7176859261692847,0.3333333333333333,0.4,0.25143146797266724,0.33671936881352516,0.8776998853818982,-0.283492872317205,-1.1611927576991032,1.0723989482653051,F,E,P,0.19469906288340688,False
C_aa_only_s231303,C,aa_only,231303,train,33,108,7ebl,T,0.1282367040501308,0.11631975022426466,C,-0.1105263157894737,False,0.7578314429349335,0.0,0.0,0.27748645756979434,0.35810152757302055,-0.11578947368421051,False,0.09739500031801374,0.3333333333333333,0.2,0.43473307041913706,0.5722751645517987,-0.07017543859649124,False,0.32801731141028245,0.0,0.0,0.2492105903428912,0.33547607467345,-0.22865358968711114,0.07758437328685464,0.30623796297396577,0.09739500031801374,C,P,L,0.32604859000512487,False
C_aa_only_s231303,C,aa_only,231303,train,34,94,4wfq,A,1.9884360387870525e-05,1.2739907998697665e-05,V,0.28596491228070176,False,0.0008971870315248667,0.3333333333333333,0.4,0.004093082846733157,0.004459188310429436,0.37719298245614036,False,0.0014472841946073858,0.6666666666666666,0.4,0.004635915196505666,0.005047190109079018,0.3175438596491228,False,0.0011722356130661263,0.6666666666666666,0.4,0.004364499021619411,0.004744738065306537,0.0014472841946073858,-0.008740952533411075,-0.010188236728018461,0.0014472841946073858,V,F,F,0.0,False
C_aa_only_s231303,C,aa_only,231303,train,34,75,4wfq,D,3.393322020157583e-05,2.9028308771637904e-06,E,0.36315789473684207,True,0.0,0.3333333333333333,0.6,0.005570492736231871,0.005825222759824368,0.47719298245614034,True,0.0,0.3333333333333333,0.4,0.004582578377523269,0.004868847422095951,0.4,True,0.0,0.3333333333333333,0.6,0.00507653555687757,0.00532558333583877,0.0,0.0009435052377755604,0.0009435052377755604,0.0,E,E,E,0.0,False
C_aa_only_s231303,C,aa_only,231303,train,34,189,4wfq,L,0.00012467704476572795,2.8168278487917296e-05,F,0.3315789473684211,False,0.008735958775602001,0.3333333333333333,0.6,0.010176583552849556,0.011165887549394717,0.3245614035087719,False,0.0056382902522121026,0.3333333333333333,0.6,0.008748932971650978,0.009665289244036552,0.36315789473684207,False,0.007187124513907052,0.3333333333333333,0.6,0.009462758262250267,0.010391117760607234,0.0056382902522121026,0.005337178133776668,-0.0003011121184354343,0.0056382902522121026,F,W,W,0.0,False
C_aa_only_s231303,C,aa_only,231303,train,34,122,4wfq,T,0.00014263576683609466,2.5069297413658246e-05,C,0.0456140350877193,False,0.00848516379682121,0.0,0.2,0.011163420012095382,0.011943021679461804,-0.028070175438596492,False,0.009343253883307909,0.0,0.2,0.01011063465810473,0.01102027643514424,0.019298245614035085,False,0.00891420884006456,0.0,0.2,0.010633244987993286,0.011456510300210571,0.009343253883307909,0.007421103169914622,-0.0019221507133932864,0.009343253883307909,C,P,P,0.0,False
C_aa_only_s231303,C,aa_only,231303,train,35,75,1s8a,A,0.0025406418851664095,0.0013957643170871149,V,-0.008771929824561405,False,0.08631686829283619,0.0,0.4,0.042621243781536367,0.05040478038010293,0.056140350877192984,True,0.0,0.3333333333333333,0.2,0.01848565667516523,0.025615790395565927,0.019298245614035085,False,0.03887066174315759,0.0,0.4,0.022938200912730675,0.031248535019741296,-0.008575544806521007,-0.021272868250938326,-0.012697323444417319,0.0,V,V,Y,0.008575544806521007,True
C_aa_only_s231303,C,aa_only,231303,train,35,70,1s8a,D,0.002722327238481736,0.002714635735781972,E,-0.06140350877192983,False,0.12451298763178126,0.0,0.0,0.041318850797803675,0.05217592585169655,-0.07192982456140351,False,0.044852194054317396,0.0,0.2,0.029759042082885465,0.03504971692624678,-0.11929824561403508,False,0.08468259084304933,0.0,0.2,0.03417726806907857,0.04262759959167182,0.044852194054317396,-0.01065670715186351,-0.055508901206180905,0.044852194054317396,E,Y,Y,0.0,True
C_aa_only_s231303,C,aa_only,231303,train,35,76,1s8a,L,0.002151731230844741,0.0013813518890865106,F,0.13684210526315788,False,0.04436249061453412,0.3333333333333333,0.2,0.03826716348549344,0.04638675706324749,0.2964912280701754,False,0.021043498577889508,0.3333333333333333,0.2,0.020204152926392546,0.02436874830349694,0.24736842105263157,False,0.023808727127323903,0.3333333333333333,0.4,0.027001634973156587,0.03293665236402488,0.003254963640113684,-0.036503735695599115,-0.0397586993357128,0.021043498577889508,F,C,R,0.017788534937775824,True
C_aa_only_s231303,C,aa_only,231303,train,35,6,1s8a,T,0.27331860506741945,0.19004017008933322,C,-0.05263157894736842,False,0.027969458487454246,0.0,0.2,0.28858003218879547,0.5227988189231297,-0.019298245614035085,False,0.026462939415239084,0.0,0.2,0.3362081521046086,0.6323667700312754,-0.06842105263157894,False,0.026761216038185515,0.0,0.2,0.312394092146702,0.5774398577725448,-0.0011396905162667226,0.03957497642540364,0.04071466694167036,0.026462939415239084,C,K,M,0.027602629931505807,True
C_aa_only_s231303,C,aa_only,231303,train,36,56,1qsm,A,0.08279146109456383,0.06912078295800166,V,-0.2157894736842105,False,0.7283547885119555,0.0,0.0,0.19568880307992997,0.28773505364234614,-0.22807017543859648,False,0.6530725000078579,0.0,0.0,0.18826444421144325,0.2655511965179224,-0.23508771929824557,False,0.6907136442599067,0.0,0.0,0.19195243506239093,0.27531755231625543,0.6530725000078579,0.043974676974455174,-0.6090978230334028,0.6530725000078579,V,S,S,0.0,False
C_aa_only_s231303,C,aa_only,231303,train,36,26,1qsm,D,0.007737834195061552,0.0019179943485082029,E,-0.7105263157894737,False,0.09223857115349654,0.0,0.0,0.07921282832064178,0.08796496004126615,-0.719298245614035,False,0.08622440603219955,0.0,0.0,0.056136582606993106,0.06185843340148359,-0.7210526315789473,False,0.08923148859284805,0.0,0.0,0.06767470546381744,0.07472805514305432,0.08622440603219955,-0.037965381693420786,-0.12418978772562034,0.08622440603219955,E,P,P,0.0,False
C_aa_only_s231303,C,aa_only,231303,train,36,45,1qsm,L,0.011519158831614154,0.00367441960913588,F,-0.6894736842105263,False,0.2446599786542616,0.0,0.0,0.09351416991789256,0.107327344286599,-0.6947368421052632,False,0.22628630002729505,0.0,0.0,0.06811561850415554,0.07848396492957357,-0.6824561403508772,False,0.23547313934077832,0.0,0.0,0.07943430961999942,0.09236134525462761,0.22628630002729505,0.0598477569300076,-0.16643854309728745,0.22628630002729505,F,A,A,0.0,False
C_aa_only_s231303,C,aa_only,231303,train,36,116,1qsm,T,0.006800712885397841,0.006786259929183329,C,-0.10701754385964912,False,0.2255357763987365,0.0,0.2,0.06627675247739859,0.0824664349017092,-0.12982456140350876,False,0.19544206534143538,0.0,0.0,0.052960818193358856,0.07014479112744201,-0.10701754385964912,False,0.21048892087008594,0.0,0.2,0.05811112234572966,0.07559786332676031,0.19544206534143538,0.08281213462165687,-0.1126299307197785,0.19544206534143538,C,G,G,0.0,False
C_aa_only_s231303,C,aa_only,231303,train,37,25,4cl6,A,0.004199988842914944,0.002827800411495698,V,0.10701754385964912,False,0.011337731136648946,0.3333333333333333,0.4,0.04217096139806118,0.06480732090524144,0.21403508771929824,False,0.01229450060167915,0.3333333333333333,0.4,0.042995877974858494,0.0664505817605175,0.19298245614035087,False,0.011816115869164048,0.3333333333333333,0.4,0.042583419686459845,0.06562465521420137,0.01229450060167915,-0.008422728682989572,-0.020717229284668723,0.01229450060167915,V,W,W,0.0,False
C_aa_only_s231303,C,aa_only,231303,train,37,83,4cl6,D,1.1073781432183793e-05,1.1052382183260071e-05,E,0.09649122807017543,False,0.003964489548654804,0.3333333333333333,0.4,0.0025566594787855106,0.003327729170498073,-0.06842105263157894,False,0.003720010952425676,0.3333333333333333,0.4,0.0028591648443041925,0.0037501481075924905,0.015789473684210527,False,0.003389457468177426,0.3333333333333333,0.4,0.0022309733161665958,0.0032976293008438132,0.0028075018464641527,-0.005597356708651219,-0.008404858555115371,0.003720010952425676,E,Q,G,0.0009125091059615231,False
C_aa_only_s231303,C,aa_only,231303,train,37,12,4cl6,L,0.0002450922133082066,5.969199888048594e-05,F,0.13508771929824562,False,0.009989537358517153,0.0,0.2,0.013616174735501915,0.015655421211459197,0.07719298245614034,False,0.012154114438703928,0.0,0.2,0.013495776526353814,0.015859754106825195,0.07543859649122807,False,0.01107182589861054,0.0,0.2,0.013555975630927863,0.01574519272090722,0.012154114438703928,0.012740780208660707,0.000586665769956779,0.012154114438703928,F,K,K,0.0,False
C_aa_only_s231303,C,aa_only,231303,train,37,1,4cl6,T,0.001070446184710868,0.0005524533025523535,C,0.1719298245614035,False,0.023114656458039937,0.0,0.2,0.025686246210970973,0.03271767388905984,0.2543859649122807,False,0.012341700938111162,0.0,0.2,0.025316318892333788,0.030869923912003504,0.1789473684210526,False,0.017340747437431435,0.0,0.2,0.02550128255165238,0.031653301688276195,0.011487038678251807,-0.037447392932842105,-0.04893443161109391,0.012341700938111162,C,Y,I,0.0008546622598593553,False
C_aa_only_s231303,C,aa_only,231303,train,38,142,1rvv,A,2.1898853618326987e-05,1.4363011753109046e-05,V,0.30877192982456136,False,0.0046550280166781435,0.3333333333333333,0.4,0.004350740328510906,0.004679621097730775,0.2719298245614035,False,0.005753695062558767,0.3333333333333333,0.4,0.005756590733153862,0.006585427029292989,0.256140350877193,False,0.005204361539618455,0.3333333333333333,0.4,0.005053665530832385,0.005560014972941277,0.005753695062558767,-0.004155752465611083,-0.00990944752816985,0.005753695062558767,V,M,M,0.0,True
C_aa_only_s231303,C,aa_only,231303,train,38,48,1rvv,D,5.9372454346706815e-06,3.187548660707858e-06,E,0.5859649122807017,False,0.0005649861081158947,0.3333333333333333,0.8,0.0019476152522001757,0.002436646349938924,0.012280701754385965,False,0.0028716533998720123,0.0,0.0,0.0035992740502748264,0.004184742499426095,0.30526315789473685,False,0.00042392643313747536,0.3333333333333333,0.6,0.0026618069185090714,0.0031335690747133042,-0.002502051609434265,-0.0009463062650951481,0.001555745344339117,0.0028716533998720123,E,V,H,0.005373705009306277,True
C_aa_only_s231303,C,aa_only,231303,train,38,148,1rvv,L,0.0005103543993912928,0.00013848167076626166,F,0.41754385964912283,False,0.0021019846904349535,0.6666666666666666,0.4,0.01937087349393751,0.022591024753014034,0.3877192982456141,False,0.007227809705325251,0.3333333333333333,0.6,0.018309156050064446,0.0212425353089998,0.3701754385964912,False,0.004621643326134281,0.3333333333333333,0.4,0.01884001477200098,0.021862732964855268,0.006126782097267892,0.006514331770557748,0.00038754967328985535,0.007227809705325251,F,W,T,0.0011010276080573589,True
C_aa_only_s231303,C,aa_only,231303,train,38,116,1rvv,T,1.871611218638277e-05,8.737315279633927e-06,C,0.16315789473684209,False,0.006987108451633098,0.0,0.2,0.003464668268936375,0.004326212221607115,-0.23859649122807017,False,0.004697358041767297,0.0,0.2,0.0028008152461536156,0.0035001053431826827,-0.028070175438596492,False,0.0050796786071578455,0.0,0.2,0.002646153732075411,0.0035051855694421476,0.003172248762682593,-0.0017741367958123075,-0.004946385558494901,0.004697358041767297,C,D,W,0.0015251092790847035,True
C_aa_only_s231303,C,aa_only,231303,train,39,101,2ja9,A,0.0027881263274413376,0.0014100804474831724,V,0.1719298245614035,False,0.016947463294257836,0.0,0.2,0.039207159421515335,0.05280271136448712,0.2368421052631579,False,0.014965639897732516,0.0,0.2,0.03537882868188367,0.048993059127701355,0.20877192982456141,False,0.015538563443791724,0.0,0.2,0.0372929940516995,0.05087868820350054,0.009519734779657243,0.0029765854894370225,-0.006543149290220221,0.014965639897732516,V,C,P,0.005445905118075273,False
C_aa_only_s231303,C,aa_only,231303,train,39,95,2ja9,D,0.00010706070645746422,8.546124034949654e-05,E,0.4052631578947368,False,0.0035247925035230693,0.0,0.6,0.006554082760715923,0.010347014374082227,0.5456140350877193,True,0.0,0.6666666666666666,0.8,0.006191878789455745,0.010011189110922941,0.5456140350877193,False,7.214510846673822e-05,0.3333333333333333,0.6,0.006080641133428125,0.010092694266486388,-0.003380502286589593,-0.007916698748722445,-0.004536196462132852,0.0,E,E,N,0.003380502286589593,False
C_aa_only_s231303,C,aa_only,231303,train,39,51,2ja9,L,0.0005974471488901199,0.0003194965531049677,F,0.6017543859649123,False,0.01937292301174208,0.6666666666666666,0.6,0.020332517268993842,0.024442732025903323,0.6614035087719298,False,0.01473052268034121,0.6666666666666666,0.6,0.01621705118568496,0.01910842610891969,0.6298245614035087,False,0.017051722846041645,0.6666666666666666,0.6,0.017948478087630663,0.021351020953513565,0.01473052268034121,-0.03439728645334543,-0.04912780913368664,0.01473052268034121,F,W,W,0.0,False
C_aa_only_s231303,C,aa_only,231303,train,39,78,2ja9,T,0.0014625621528967158,0.00021436628777121293,C,0.4508771929824561,False,0.002332271349083384,0.3333333333333333,0.6,0.03622489665612595,0.0382434589557053,0.5894736842105263,False,0.0031445361415952944,0.6666666666666666,0.8,0.03559954656442821,0.03730344294804219,0.519298245614035,False,0.0026920202371165797,0.6666666666666666,0.6,0.03591222161027708,0.037741091271829175,0.0019272336151065772,-0.04429539329255021,-0.046222626907656786,0.0031445361415952944,C,H,Y,0.0012173025264887172,False
