job,step,parent,position_zero,candidate_index,raw_nmse,label_nmse
single_free_hidden_raw_s231301,0,3,36,0,1.0,1.0
single_free_hidden_raw_s231301,0,3,36,1,1.0,1.0
single_free_hidden_raw_s231301,0,3,36,2,0.9999999999999999,0.9999999999999999
single_free_hidden_raw_s231301,0,3,36,3,1.0,1.0
single_free_hidden_raw_s231301,0,3,36,4,0.9999999999999998,0.9999999999999998
single_free_hidden_raw_s231301,0,3,36,5,1.0,1.0
single_free_hidden_raw_s231301,0,3,36,6,1.0,1.0
single_free_hidden_raw_s231301,0,3,36,7,1.0000000000000002,1.0000000000000002
single_free_hidden_raw_s231301,0,3,36,8,1.0,1.0
single_free_hidden_raw_s231301,0,3,36,9,1.0,1.0
single_free_hidden_raw_s231301,0,3,36,10,1.0,1.0
single_free_hidden_raw_s231301,0,3,36,11,1.0,1.0
single_free_hidden_raw_s231301,0,3,36,12,0.9999999999999999,0.9999999999999999
single_free_hidden_raw_s231301,0,3,36,13,1.0,1.0
single_free_hidden_raw_s231301,0,3,36,14,1.0000000000000002,1.0000000000000002
single_free_hidden_raw_s231301,0,3,36,15,1.0,1.0
single_free_hidden_raw_s231301,0,3,36,16,1.0,1.0
single_free_hidden_raw_s231301,0,3,36,17,1.0,1.0
single_free_hidden_raw_s231301,0,3,36,18,1.0,1.0
single_free_hidden_raw_s231301,512,3,36,0,0.64503994327892,0.64503994327892
single_free_hidden_raw_s231301,512,3,36,1,0.6584285053156315,0.6584285053156315
single_free_hidden_raw_s231301,512,3,36,2,0.6282824627444057,0.6282824627444057
single_free_hidden_raw_s231301,512,3,36,3,0.5960492390008851,0.5960492390008851
single_free_hidden_raw_s231301,512,3,36,4,0.6123759095180933,0.6123759095180933
single_free_hidden_raw_s231301,512,3,36,5,0.6039199706405484,0.6039199706405484
single_free_hidden_raw_s231301,512,3,36,6,0.6764576917496828,0.6764576917496828
single_free_hidden_raw_s231301,512,3,36,7,0.6702899876426789,0.6702899876426789
single_free_hidden_raw_s231301,512,3,36,8,0.6156816449350746,0.6156816449350746
single_free_hidden_raw_s231301,512,3,36,9,0.6883809127498782,0.6883809127498782
single_free_hidden_raw_s231301,512,3,36,10,0.6957235933171273,0.6957235933171273
single_free_hidden_raw_s231301,512,3,36,11,0.7099162861963345,0.7099162861963345
single_free_hidden_raw_s231301,512,3,36,12,0.6622529228336242,0.6622529228336242
single_free_hidden_raw_s231301,512,3,36,13,0.6303449385585678,0.6303449385585678
single_free_hidden_raw_s231301,512,3,36,14,0.7417714876441028,0.7417714876441028
single_free_hidden_raw_s231301,512,3,36,15,0.683644309671812,0.683644309671812
single_free_hidden_raw_s231301,512,3,36,16,0.7125841104605556,0.7125841104605556
single_free_hidden_raw_s231301,512,3,36,17,0.5930458837705547,0.5930458837705547
single_free_hidden_raw_s231301,512,3,36,18,0.5660043750763503,0.5660043750763503
single_free_hidden_raw_s231301,1024,3,36,0,0.32675828857354317,0.32675828857354317
single_free_hidden_raw_s231301,1024,3,36,1,0.36793737785766206,0.36793737785766206
single_free_hidden_raw_s231301,1024,3,36,2,0.32754417349575576,0.32754417349575576
single_free_hidden_raw_s231301,1024,3,36,3,0.2988695085113083,0.2988695085113083
single_free_hidden_raw_s231301,1024,3,36,4,0.3016228808737064,0.3016228808737064
single_free_hidden_raw_s231301,1024,3,36,5,0.31531011629582795,0.31531011629582795
single_free_hidden_raw_s231301,1024,3,36,6,0.35711442151309497,0.35711442151309497
single_free_hidden_raw_s231301,1024,3,36,7,0.3528155668425957,0.3528155668425957
single_free_hidden_raw_s231301,1024,3,36,8,0.34545892805495065,0.34545892805495065
single_free_hidden_raw_s231301,1024,3,36,9,0.381587388191455,0.381587388191455
single_free_hidden_raw_s231301,1024,3,36,10,0.4032856281893611,0.4032856281893611
single_free_hidden_raw_s231301,1024,3,36,11,0.3794896787750583,0.3794896787750583
single_free_hidden_raw_s231301,1024,3,36,12,0.33793136042451904,0.33793136042451904
single_free_hidden_raw_s231301,1024,3,36,13,0.31583581687805934,0.31583581687805934
single_free_hidden_raw_s231301,1024,3,36,14,0.4372048758573519,0.4372048758573519
single_free_hidden_raw_s231301,1024,3,36,15,0.35837186459650844,0.35837186459650844
single_free_hidden_raw_s231301,1024,3,36,16,0.40835498293084144,0.40835498293084144
single_free_hidden_raw_s231301,1024,3,36,17,0.28991605789866726,0.28991605789866726
single_free_hidden_raw_s231301,1024,3,36,18,0.2900112495810237,0.2900112495810237
single_free_hidden_raw_s231301,2048,3,36,0,0.19849485644644255,0.19849485644644255
single_free_hidden_raw_s231301,2048,3,36,1,0.23297811325081902,0.23297811325081902
single_free_hidden_raw_s231301,2048,3,36,2,0.20779334445396275,0.20779334445396275
single_free_hidden_raw_s231301,2048,3,36,3,0.18275879601155884,0.18275879601155884
single_free_hidden_raw_s231301,2048,3,36,4,0.18807900852409992,0.18807900852409992
single_free_hidden_raw_s231301,2048,3,36,5,0.2063798540021193,0.2063798540021193
single_free_hidden_raw_s231301,2048,3,36,6,0.19036716307399265,0.19036716307399265
single_free_hidden_raw_s231301,2048,3,36,7,0.18416635886447338,0.18416635886447338
single_free_hidden_raw_s231301,2048,3,36,8,0.2135452839887374,0.2135452839887374
single_free_hidden_raw_s231301,2048,3,36,9,0.2385190534949824,0.2385190534949824
single_free_hidden_raw_s231301,2048,3,36,10,0.25238811816045637,0.25238811816045637
single_free_hidden_raw_s231301,2048,3,36,11,0.1925137198670531,0.1925137198670531
single_free_hidden_raw_s231301,2048,3,36,12,0.21961373734459252,0.21961373734459252
single_free_hidden_raw_s231301,2048,3,36,13,0.19608998252508242,0.19608998252508242
single_free_hidden_raw_s231301,2048,3,36,14,0.22441300897094663,0.22441300897094663
single_free_hidden_raw_s231301,2048,3,36,15,0.2081516630173316,0.2081516630173316
single_free_hidden_raw_s231301,2048,3,36,16,0.2139241865129925,0.2139241865129925
single_free_hidden_raw_s231301,2048,3,36,17,0.18033096936101856,0.18033096936101856
single_free_hidden_raw_s231301,2048,3,36,18,0.19532298539335527,0.19532298539335527
single_free_hidden_raw_s231301,4096,3,36,0,0.18633856127634402,0.18633856127634402
single_free_hidden_raw_s231301,4096,3,36,1,0.21015090046837642,0.21015090046837642
single_free_hidden_raw_s231301,4096,3,36,2,0.19226881903944631,0.19226881903944631
single_free_hidden_raw_s231301,4096,3,36,3,0.1685282315143606,0.1685282315143606
single_free_hidden_raw_s231301,4096,3,36,4,0.1702866434469092,0.1702866434469092
single_free_hidden_raw_s231301,4096,3,36,5,0.19248430809269754,0.19248430809269754
single_free_hidden_raw_s231301,4096,3,36,6,0.16535326368329317,0.16535326368329317
single_free_hidden_raw_s231301,4096,3,36,7,0.1608819833403966,0.1608819833403966
single_free_hidden_raw_s231301,4096,3,36,8,0.19090489788906692,0.19090489788906692
single_free_hidden_raw_s231301,4096,3,36,9,0.21721746295655936,0.21721746295655936
single_free_hidden_raw_s231301,4096,3,36,10,0.22832516682645637,0.22832516682645637
single_free_hidden_raw_s231301,4096,3,36,11,0.1616093159278388,0.1616093159278388
single_free_hidden_raw_s231301,4096,3,36,12,0.20205960845943913,0.20205960845943913
single_free_hidden_raw_s231301,4096,3,36,13,0.185752148873754,0.185752148873754
single_free_hidden_raw_s231301,4096,3,36,14,0.17905862413628887,0.17905862413628887
single_free_hidden_raw_s231301,4096,3,36,15,0.19104558105021283,0.19104558105021283
single_free_hidden_raw_s231301,4096,3,36,16,0.17942121257424903,0.17942121257424903
single_free_hidden_raw_s231301,4096,3,36,17,0.1614301340344778,0.1614301340344778
single_free_hidden_raw_s231301,4096,3,36,18,0.1842121064076689,0.1842121064076689
single_free_hidden_raw_s231301,8192,3,36,0,0.18365049401424355,0.18365049401424355
single_free_hidden_raw_s231301,8192,3,36,1,0.20344033985280924,0.20344033985280924
single_free_hidden_raw_s231301,8192,3,36,2,0.18589482442848523,0.18589482442848523
single_free_hidden_raw_s231301,8192,3,36,3,0.1645636912553589,0.1645636912553589
single_free_hidden_raw_s231301,8192,3,36,4,0.16441341075521973,0.16441341075521973
single_free_hidden_raw_s231301,8192,3,36,5,0.18797843086792584,0.18797843086792584
single_free_hidden_raw_s231301,8192,3,36,6,0.1570052734352343,0.1570052734352343
single_free_hidden_raw_s231301,8192,3,36,7,0.15420768119132325,0.15420768119132325
single_free_hidden_raw_s231301,8192,3,36,8,0.18406164558879926,0.18406164558879926
single_free_hidden_raw_s231301,8192,3,36,9,0.20978558434308806,0.20978558434308806
single_free_hidden_raw_s231301,8192,3,36,10,0.22126846228070154,0.22126846228070154
single_free_hidden_raw_s231301,8192,3,36,11,0.15242896762772143,0.15242896762772143
single_free_hidden_raw_s231301,8192,3,36,12,0.19581075888534774,0.19581075888534774
single_free_hidden_raw_s231301,8192,3,36,13,0.1836354558282112,0.1836354558282112
single_free_hidden_raw_s231301,8192,3,36,14,0.16650304456863993,0.16650304456863993
single_free_hidden_raw_s231301,8192,3,36,15,0.18638834923285957,0.18638834923285957
single_free_hidden_raw_s231301,8192,3,36,16,0.17032720394853465,0.17032720394853465
single_free_hidden_raw_s231301,8192,3,36,17,0.15503691561134686,0.15503691561134686
single_free_hidden_raw_s231301,8192,3,36,18,0.18027872639052647,0.18027872639052647
single_free_hidden_raw_s231303,0,3,36,0,1.0,1.0
single_free_hidden_raw_s231303,0,3,36,1,1.0,1.0
single_free_hidden_raw_s231303,0,3,36,2,0.9999999999999999,0.9999999999999999
single_free_hidden_raw_s231303,0,3,36,3,1.0,1.0
single_free_hidden_raw_s231303,0,3,36,4,0.9999999999999998,0.9999999999999998
single_free_hidden_raw_s231303,0,3,36,5,1.0,1.0
single_free_hidden_raw_s231303,0,3,36,6,1.0,1.0
single_free_hidden_raw_s231303,0,3,36,7,1.0000000000000002,1.0000000000000002
single_free_hidden_raw_s231303,0,3,36,8,1.0,1.0
single_free_hidden_raw_s231303,0,3,36,9,1.0,1.0
single_free_hidden_raw_s231303,0,3,36,10,1.0,1.0
single_free_hidden_raw_s231303,0,3,36,11,1.0,1.0
single_free_hidden_raw_s231303,0,3,36,12,0.9999999999999999,0.9999999999999999
single_free_hidden_raw_s231303,0,3,36,13,1.0,1.0
single_free_hidden_raw_s231303,0,3,36,14,1.0000000000000002,1.0000000000000002
single_free_hidden_raw_s231303,0,3,36,15,1.0,1.0
single_free_hidden_raw_s231303,0,3,36,16,1.0,1.0
single_free_hidden_raw_s231303,0,3,36,17,1.0,1.0
single_free_hidden_raw_s231303,0,3,36,18,1.0,1.0
single_free_hidden_raw_s231303,512,3,36,0,0.5529695303246543,0.5529695303246543
single_free_hidden_raw_s231303,512,3,36,1,0.5816154892453405,0.5816154892453405
single_free_hidden_raw_s231303,512,3,36,2,0.5410171596171719,0.5410171596171719
single_free_hidden_raw_s231303,512,3,36,3,0.5028613999107505,0.5028613999107505
single_free_hidden_raw_s231303,512,3,36,4,0.5197211489637977,0.5197211489637977
single_free_hidden_raw_s231303,512,3,36,5,0.5100738699805604,0.5100738699805604
single_free_hidden_raw_s231303,512,3,36,6,0.585839552141815,0.585839552141815
single_free_hidden_raw_s231303,512,3,36,7,0.585472544048067,0.585472544048067
single_free_hidden_raw_s231303,512,3,36,8,0.541298105271527,0.541298105271527
single_free_hidden_raw_s231303,512,3,36,9,0.5997633984615652,0.5997633984615652
single_free_hidden_raw_s231303,512,3,36,10,0.61607850105888,0.61607850105888
single_free_hidden_raw_s231303,512,3,36,11,0.6253694778058183,0.6253694778058183
single_free_hidden_raw_s231303,512,3,36,12,0.5683528559238359,0.5683528559238359
single_free_hidden_raw_s231303,512,3,36,13,0.5340599271537962,0.5340599271537962
single_free_hidden_raw_s231303,512,3,36,14,0.6746069570169717,0.6746069570169717
single_free_hidden_raw_s231303,512,3,36,15,0.6005362307627143,0.6005362307627143
single_free_hidden_raw_s231303,512,3,36,16,0.632628529558512,0.632628529558512
single_free_hidden_raw_s231303,512,3,36,17,0.5025961488970273,0.5025961488970273
single_free_hidden_raw_s231303,512,3,36,18,0.48051011987322784,0.48051011987322784
single_free_hidden_raw_s231303,1024,3,36,0,0.25403363840882753,0.25403363840882753
single_free_hidden_raw_s231303,1024,3,36,1,0.30192557738524445,0.30192557738524445
single_free_hidden_raw_s231303,1024,3,36,2,0.2621956477514404,0.2621956477514404
single_free_hidden_raw_s231303,1024,3,36,3,0.23508901541331456,0.23508901541331456
single_free_hidden_raw_s231303,1024,3,36,4,0.24040739403661435,0.24040739403661435
single_free_hidden_raw_s231303,1024,3,36,5,0.25621935426894393,0.25621935426894393
single_free_hidden_raw_s231303,1024,3,36,6,0.26671315406970797,0.26671315406970797
single_free_hidden_raw_s231303,1024,3,36,7,0.2638691880278232,0.2638691880278232
single_free_hidden_raw_s231303,1024,3,36,8,0.2818677874749375,0.2818677874749375
single_free_hidden_raw_s231303,1024,3,36,9,0.3029665717698803,0.3029665717698803
single_free_hidden_raw_s231303,1024,3,36,10,0.3288586979110445,0.3288586979110445
single_free_hidden_raw_s231303,1024,3,36,11,0.2854178185083714,0.2854178185083714
single_free_hidden_raw_s231303,1024,3,36,12,0.2731312072777884,0.2731312072777884
single_free_hidden_raw_s231303,1024,3,36,13,0.24472173698040137,0.24472173698040137
single_free_hidden_raw_s231303,1024,3,36,14,0.34693986647052344,0.34693986647052344
single_free_hidden_raw_s231303,1024,3,36,15,0.2789797358378715,0.2789797358378715
single_free_hidden_raw_s231303,1024,3,36,16,0.310721685673866,0.310721685673866
single_free_hidden_raw_s231303,1024,3,36,17,0.23304398566448553,0.23304398566448553
single_free_hidden_raw_s231303,1024,3,36,18,0.23548961228936918,0.23548961228936918
single_free_hidden_raw_s231303,2048,3,36,0,0.19309148509634183,0.19309148509634183
single_free_hidden_raw_s231303,2048,3,36,1,0.22510306463776045,0.22510306463776045
single_free_hidden_raw_s231303,2048,3,36,2,0.20312442157656949,0.20312442157656949
single_free_hidden_raw_s231303,2048,3,36,3,0.17744951288771924,0.17744951288771924
single_free_hidden_raw_s231303,2048,3,36,4,0.1818664385411809,0.1818664385411809
single_free_hidden_raw_s231303,2048,3,36,5,0.20178787370666065,0.20178787370666065
single_free_hidden_raw_s231303,2048,3,36,6,0.18023942261724532,0.18023942261724532
single_free_hidden_raw_s231303,2048,3,36,7,0.17500657526348037,0.17500657526348037
single_free_hidden_raw_s231303,2048,3,36,8,0.20638605390847925,0.20638605390847925
single_free_hidden_raw_s231303,2048,3,36,9,0.22925048568900683,0.22925048568900683
single_free_hidden_raw_s231303,2048,3,36,10,0.2450261485008519,0.2450261485008519
single_free_hidden_raw_s231303,2048,3,36,11,0.1808839903306241,0.1808839903306241
single_free_hidden_raw_s231303,2048,3,36,12,0.21426209365913884,0.21426209365913884
single_free_hidden_raw_s231303,2048,3,36,13,0.19158556170278032,0.19158556170278032
single_free_hidden_raw_s231303,2048,3,36,14,0.2073941779366983,0.2073941779366983
single_free_hidden_raw_s231303,2048,3,36,15,0.20192321222286916,0.20192321222286916
single_free_hidden_raw_s231303,2048,3,36,16,0.19951625022764918,0.19951625022764918
single_free_hidden_raw_s231303,2048,3,36,17,0.1741320980670598,0.1741320980670598
single_free_hidden_raw_s231303,2048,3,36,18,0.192142579677216,0.192142579677216
single_free_hidden_raw_s231303,4096,3,36,0,0.1850163373044801,0.1850163373044801
single_free_hidden_raw_s231303,4096,3,36,1,0.20871864647937105,0.20871864647937105
single_free_hidden_raw_s231303,4096,3,36,2,0.19131135418000786,0.19131135418000786
single_free_hidden_raw_s231303,4096,3,36,3,0.16764055806958758,0.16764055806958758
single_free_hidden_raw_s231303,4096,3,36,4,0.16937644039355748,0.16937644039355748
single_free_hidden_raw_s231303,4096,3,36,5,0.1913109558438272,0.1913109558438272
single_free_hidden_raw_s231303,4096,3,36,6,0.16344648622802213,0.16344648622802213
single_free_hidden_raw_s231303,4096,3,36,7,0.15925342939909823,0.15925342939909823
single_free_hidden_raw_s231303,4096,3,36,8,0.19020312416661714,0.19020312416661714
single_free_hidden_raw_s231303,4096,3,36,9,0.21424446955326706,0.21424446955326706
single_free_hidden_raw_s231303,4096,3,36,10,0.22757290534789273,0.22757290534789273
single_free_hidden_raw_s231303,4096,3,36,11,0.15982633166769314,0.15982633166769314
single_free_hidden_raw_s231303,4096,3,36,12,0.20124282653107106,0.20124282653107106
single_free_hidden_raw_s231303,4096,3,36,13,0.1852141762321862,0.1852141762321862
single_free_hidden_raw_s231303,4096,3,36,14,0.17639229855704364,0.17639229855704364
single_free_hidden_raw_s231303,4096,3,36,15,0.18968519406929954,0.18968519406929954
single_free_hidden_raw_s231303,4096,3,36,16,0.1770513192740523,0.1770513192740523
single_free_hidden_raw_s231303,4096,3,36,17,0.16018298506148124,0.16018298506148124
single_free_hidden_raw_s231303,4096,3,36,18,0.18417546816508187,0.18417546816508187
single_free_hidden_raw_s231303,8192,3,36,0,0.18266529823999628,0.18266529823999628
single_free_hidden_raw_s231303,8192,3,36,1,0.2038459369882373,0.2038459369882373
single_free_hidden_raw_s231303,8192,3,36,2,0.1863713204065283,0.1863713204065283
single_free_hidden_raw_s231303,8192,3,36,3,0.16424789170407073,0.16424789170407073
single_free_hidden_raw_s231303,8192,3,36,4,0.16514630403129138,0.16514630403129138
single_free_hidden_raw_s231303,8192,3,36,5,0.18786225575870252,0.18786225575870252
single_free_hidden_raw_s231303,8192,3,36,6,0.15683463689915855,0.15683463689915855
single_free_hidden_raw_s231303,8192,3,36,7,0.15396667952900778,0.15396667952900778
single_free_hidden_raw_s231303,8192,3,36,8,0.1837977147018475,0.1837977147018475
single_free_hidden_raw_s231303,8192,3,36,9,0.20888040697179705,0.20888040697179705
single_free_hidden_raw_s231303,8192,3,36,10,0.22116399200973702,0.22116399200973702
single_free_hidden_raw_s231303,8192,3,36,11,0.15179134894731525,0.15179134894731525
single_free_hidden_raw_s231303,8192,3,36,12,0.1958593978714047,0.1958593978714047
single_free_hidden_raw_s231303,8192,3,36,13,0.18341192362004358,0.18341192362004358
single_free_hidden_raw_s231303,8192,3,36,14,0.16584767256736038,0.16584767256736038
single_free_hidden_raw_s231303,8192,3,36,15,0.18559273738865847,0.18559273738865847
single_free_hidden_raw_s231303,8192,3,36,16,0.16938111682224047,0.16938111682224047
single_free_hidden_raw_s231303,8192,3,36,17,0.15557119115491624,0.15557119115491624
single_free_hidden_raw_s231303,8192,3,36,18,0.18066346175508724,0.18066346175508724
single_free_hidden_r32_s231301,0,3,36,0,1.0,1.0
single_free_hidden_r32_s231301,0,3,36,1,1.0,1.0
single_free_hidden_r32_s231301,0,3,36,2,0.9999999999999999,1.0
single_free_hidden_r32_s231301,0,3,36,3,1.0,1.0
single_free_hidden_r32_s231301,0,3,36,4,0.9999999999999998,1.0
single_free_hidden_r32_s231301,0,3,36,5,1.0,1.0
single_free_hidden_r32_s231301,0,3,36,6,1.0,1.0
single_free_hidden_r32_s231301,0,3,36,7,1.0000000000000002,1.0
single_free_hidden_r32_s231301,0,3,36,8,1.0,1.0
single_free_hidden_r32_s231301,0,3,36,9,1.0,1.0
single_free_hidden_r32_s231301,0,3,36,10,1.0,1.0
single_free_hidden_r32_s231301,0,3,36,11,1.0,1.0
single_free_hidden_r32_s231301,0,3,36,12,0.9999999999999999,1.0
single_free_hidden_r32_s231301,0,3,36,13,1.0,1.0
single_free_hidden_r32_s231301,0,3,36,14,1.0000000000000002,1.0
single_free_hidden_r32_s231301,0,3,36,15,1.0,1.0
single_free_hidden_r32_s231301,0,3,36,16,1.0,1.0
single_free_hidden_r32_s231301,0,3,36,17,1.0,1.0
single_free_hidden_r32_s231301,0,3,36,18,1.0,1.0
single_free_hidden_r32_s231301,512,3,36,0,0.6438974134548858,0.6217457183951368
single_free_hidden_r32_s231301,512,3,36,1,0.6572642873369949,0.6350468662606634
single_free_hidden_r32_s231301,512,3,36,2,0.628224285523829,0.6082069937319915
single_free_hidden_r32_s231301,512,3,36,3,0.5954414920701718,0.5738688370464756
single_free_hidden_r32_s231301,512,3,36,4,0.611461101613943,0.5889834955773672
single_free_hidden_r32_s231301,512,3,36,5,0.6026255396557535,0.5810995819118235
single_free_hidden_r32_s231301,512,3,36,6,0.6767831589897665,0.6629919006858951
single_free_hidden_r32_s231301,512,3,36,7,0.669873594804094,0.6551327900122694
single_free_hidden_r32_s231301,512,3,36,8,0.6153989016450229,0.5956819561651122
single_free_hidden_r32_s231301,512,3,36,9,0.6871042577328891,0.6653024284139918
single_free_hidden_r32_s231301,512,3,36,10,0.6942673864850077,0.6716635196288567
single_free_hidden_r32_s231301,512,3,36,11,0.7102728134640268,0.6990866955959602
single_free_hidden_r32_s231301,512,3,36,12,0.661668246105731,0.6431244712243659
single_free_hidden_r32_s231301,512,3,36,13,0.6293067186484697,0.6032458426958183
single_free_hidden_r32_s231301,512,3,36,14,0.7418702332163848,0.7311359319452273
single_free_hidden_r32_s231301,512,3,36,15,0.682850042774624,0.6629544123739786
single_free_hidden_r32_s231301,512,3,36,16,0.7121826410610129,0.6973318957718683
single_free_hidden_r32_s231301,512,3,36,17,0.5921062257039388,0.5711574016104343
single_free_hidden_r32_s231301,512,3,36,18,0.5655505273978131,0.540398366969042
single_free_hidden_r32_s231301,1024,3,36,0,0.3320357869025911,0.2945826325948369
single_free_hidden_r32_s231301,1024,3,36,1,0.3712252285166548,0.3334851842506754
single_free_hidden_r32_s231301,1024,3,36,2,0.3319595420333779,0.29968171987064085
single_free_hidden_r32_s231301,1024,3,36,3,0.3037001292891806,0.2706423479134408
single_free_hidden_r32_s231301,1024,3,36,4,0.30579288333565213,0.26930790464816023
single_free_hidden_r32_s231301,1024,3,36,5,0.3199533678816932,0.28697968777816485
single_free_hidden_r32_s231301,1024,3,36,6,0.3606412292542915,0.3353726945524657
single_free_hidden_r32_s231301,1024,3,36,7,0.35550991577651087,0.32837308465567483
single_free_hidden_r32_s231301,1024,3,36,8,0.3492620068013849,0.31923815033371566
single_free_hidden_r32_s231301,1024,3,36,9,0.3845931736493218,0.34610883613005194
single_free_hidden_r32_s231301,1024,3,36,10,0.40662651638618863,0.36774303591944213
single_free_hidden_r32_s231301,1024,3,36,11,0.3829535340978669,0.3602078516079524
single_free_hidden_r32_s231301,1024,3,36,12,0.3420154808014391,0.3090016661645929
single_free_hidden_r32_s231301,1024,3,36,13,0.321024780799423,0.2788841616018737
single_free_hidden_r32_s231301,1024,3,36,14,0.4394358840236532,0.4165768795387812
single_free_hidden_r32_s231301,1024,3,36,15,0.362461228143304,0.3255270686362466
single_free_hidden_r32_s231301,1024,3,36,16,0.410226786379196,0.380513426582986
single_free_hidden_r32_s231301,1024,3,36,17,0.2936763219468199,0.260429993894829
single_free_hidden_r32_s231301,1024,3,36,18,0.29489085548453714,0.2587826828055891
single_free_hidden_r32_s231301,2048,3,36,0,0.2038239525095375,0.1617835594769582
single_free_hidden_r32_s231301,2048,3,36,1,0.23749461507418632,0.19385644561713106
single_free_hidden_r32_s231301,2048,3,36,2,0.21177500672295776,0.1757683504132359
single_free_hidden_r32_s231301,2048,3,36,3,0.18747511833176628,0.15229262410128647
single_free_hidden_r32_s231301,2048,3,36,4,0.19233880751325222,0.1520277146041013
single_free_hidden_r32_s231301,2048,3,36,5,0.21087267925129596,0.17541716079756423
single_free_hidden_r32_s231301,2048,3,36,6,0.19460167625408115,0.16386031293367403
single_free_hidden_r32_s231301,2048,3,36,7,0.18948459035425846,0.15658201680673778
single_free_hidden_r32_s231301,2048,3,36,8,0.21759417777436144,0.1841538906937497
single_free_hidden_r32_s231301,2048,3,36,9,0.24208817240202873,0.19747918061853545
single_free_hidden_r32_s231301,2048,3,36,10,0.2552603726711443,0.20924966431546269
single_free_hidden_r32_s231301,2048,3,36,11,0.1957404059027471,0.1669384490503802
single_free_hidden_r32_s231301,2048,3,36,12,0.22349176377432323,0.18642721707153398
single_free_hidden_r32_s231301,2048,3,36,13,0.20156213419565225,0.15554366357695087
single_free_hidden_r32_s231301,2048,3,36,14,0.22809829535720366,0.19753858921951364
single_free_hidden_r32_s231301,2048,3,36,15,0.2126553546235988,0.1692708585187041
single_free_hidden_r32_s231301,2048,3,36,16,0.21921907340099953,0.18101101319007074
single_free_hidden_r32_s231301,2048,3,36,17,0.18412500967424905,0.14793506305326146
single_free_hidden_r32_s231301,2048,3,36,18,0.20044485515685126,0.16289306389638883
single_free_hidden_r32_s231301,4096,3,36,0,0.19181005046908003,0.14838606162847004
single_free_hidden_r32_s231301,4096,3,36,1,0.215527726978376,0.16995010181572615
single_free_hidden_r32_s231301,4096,3,36,2,0.19653960491849856,0.1583120117726436
single_free_hidden_r32_s231301,4096,3,36,3,0.17365891855282525,0.13705213699744856
single_free_hidden_r32_s231301,4096,3,36,4,0.17517517811470104,0.13286242582942973
single_free_hidden_r32_s231301,4096,3,36,5,0.1965866848088563,0.15967218163139546
single_free_hidden_r32_s231301,4096,3,36,6,0.17063132180688093,0.1380986750965253
single_free_hidden_r32_s231301,4096,3,36,7,0.16681409845781467,0.13230206946080947
single_free_hidden_r32_s231301,4096,3,36,8,0.19544620990006603,0.15997201471370695
single_free_hidden_r32_s231301,4096,3,36,9,0.2201682763100987,0.17245329038222643
single_free_hidden_r32_s231301,4096,3,36,10,0.23043492274821503,0.18100427442900754
single_free_hidden_r32_s231301,4096,3,36,11,0.1672158535488985,0.13681311432162155
single_free_hidden_r32_s231301,4096,3,36,12,0.20619645757894856,0.1667952243223167
single_free_hidden_r32_s231301,4096,3,36,13,0.19078181078470602,0.142962111016101
single_free_hidden_r32_s231301,4096,3,36,14,0.1854388848241813,0.15284608363827837
single_free_hidden_r32_s231301,4096,3,36,15,0.19580898629052146,0.1507646555335714
single_free_hidden_r32_s231301,4096,3,36,16,0.18651558253787984,0.14661247772179348
single_free_hidden_r32_s231301,4096,3,36,17,0.16540783451054172,0.1276796442333187
single_free_hidden_r32_s231301,4096,3,36,18,0.18951754172932636,0.15064610060560393
single_free_hidden_r32_s231301,8192,3,36,0,0.18901842208851177,0.14497389535697397
single_free_hidden_r32_s231301,8192,3,36,1,0.2085788492141856,0.1622906677378953
single_free_hidden_r32_s231301,8192,3,36,2,0.1908064890294177,0.15132104271661354
single_free_hidden_r32_s231301,8192,3,36,3,0.16908271714028825,0.1317566864089935
single_free_hidden_r32_s231301,8192,3,36,4,0.16948727589525467,0.12635719413239424
single_free_hidden_r32_s231301,8192,3,36,5,0.19208269796373162,0.15452932896607338
single_free_hidden_r32_s231301,8192,3,36,6,0.16242226619381317,0.12901337633355572
single_free_hidden_r32_s231301,8192,3,36,7,0.1606099946642658,0.12525673310924823
single_free_hidden_r32_s231301,8192,3,36,8,0.18791832053422908,0.15169972253288935
single_free_hidden_r32_s231301,8192,3,36,9,0.21377872512770457,0.16478694746524836
single_free_hidden_r32_s231301,8192,3,36,10,0.22338236582792567,0.1725548551462077
single_free_hidden_r32_s231301,8192,3,36,11,0.15865763233550542,0.1277893437954944
single_free_hidden_r32_s231301,8192,3,36,12,0.20034541249746188,0.16000871869879407
single_free_hidden_r32_s231301,8192,3,36,13,0.1886555776945402,0.1400071591998444
single_free_hidden_r32_s231301,8192,3,36,14,0.17268262324499498,0.13951120565684222
single_free_hidden_r32_s231301,8192,3,36,15,0.19166255770772608,0.14593583222048997
single_free_hidden_r32_s231301,8192,3,36,16,0.1776809384832626,0.13732172510104695
single_free_hidden_r32_s231301,8192,3,36,17,0.15936615456368186,0.12106398640586932
single_free_hidden_r32_s231301,8192,3,36,18,0.18521206710340474,0.14552333830237293
single_free_hidden_r32_s231303,0,3,36,0,1.0,1.0
single_free_hidden_r32_s231303,0,3,36,1,1.0,1.0
single_free_hidden_r32_s231303,0,3,36,2,0.9999999999999999,1.0
single_free_hidden_r32_s231303,0,3,36,3,1.0,1.0
single_free_hidden_r32_s231303,0,3,36,4,0.9999999999999998,1.0
single_free_hidden_r32_s231303,0,3,36,5,1.0,1.0
single_free_hidden_r32_s231303,0,3,36,6,1.0,1.0
single_free_hidden_r32_s231303,0,3,36,7,1.0000000000000002,1.0
single_free_hidden_r32_s231303,0,3,36,8,1.0,1.0
single_free_hidden_r32_s231303,0,3,36,9,1.0,1.0
single_free_hidden_r32_s231303,0,3,36,10,1.0,1.0
single_free_hidden_r32_s231303,0,3,36,11,1.0,1.0
single_free_hidden_r32_s231303,0,3,36,12,0.9999999999999999,1.0
single_free_hidden_r32_s231303,0,3,36,13,1.0,1.0
single_free_hidden_r32_s231303,0,3,36,14,1.0000000000000002,1.0
single_free_hidden_r32_s231303,0,3,36,15,1.0,1.0
single_free_hidden_r32_s231303,0,3,36,16,1.0,1.0
single_free_hidden_r32_s231303,0,3,36,17,1.0,1.0
single_free_hidden_r32_s231303,0,3,36,18,1.0,1.0
single_free_hidden_r32_s231303,512,3,36,0,0.5526664518231951,0.5254440719191016
single_free_hidden_r32_s231303,512,3,36,1,0.5805110916500541,0.5538769712261793
single_free_hidden_r32_s231303,512,3,36,2,0.54149794604766,0.5175077403603734
single_free_hidden_r32_s231303,512,3,36,3,0.5031609180828759,0.4773270238795082
single_free_hidden_r32_s231303,512,3,36,4,0.518983685788998,0.4916974523088636
single_free_hidden_r32_s231303,512,3,36,5,0.5102835952439114,0.48437690098144487
single_free_hidden_r32_s231303,512,3,36,6,0.5865283230523992,0.5691779384862394
single_free_hidden_r32_s231303,512,3,36,7,0.5857492508769063,0.5676626871390336
single_free_hidden_r32_s231303,512,3,36,8,0.5416938565328919,0.5187690459064499
single_free_hidden_r32_s231303,512,3,36,9,0.5993515391090821,0.5720470677466888
single_free_hidden_r32_s231303,512,3,36,10,0.6154350232653556,0.5875905494929623
single_free_hidden_r32_s231303,512,3,36,11,0.6262842794942313,0.6120910939258583
single_free_hidden_r32_s231303,512,3,36,12,0.5684318523865546,0.545383280572106
single_free_hidden_r32_s231303,512,3,36,13,0.5340390543011149,0.5021649342549317
single_free_hidden_r32_s231303,512,3,36,14,0.675145339614784,0.6616764442007892
single_free_hidden_r32_s231303,512,3,36,15,0.6001694863539014,0.5756593747034741
single_free_hidden_r32_s231303,512,3,36,16,0.6324734809740369,0.6135774222267544
single_free_hidden_r32_s231303,512,3,36,17,0.5017498273780798,0.4765976368730742
single_free_hidden_r32_s231303,512,3,36,18,0.48040928598380767,0.4511363437900194
single_free_hidden_r32_s231303,1024,3,36,0,0.2605788594482657,0.22121481408051796
single_free_hidden_r32_s231303,1024,3,36,1,0.3058503938202782,0.26577519278862893
single_free_hidden_r32_s231303,1024,3,36,2,0.2672131762778456,0.233976348417468
single_free_hidden_r32_s231303,1024,3,36,3,0.24070397147031666,0.20698065906880928
single_free_hidden_r32_s231303,1024,3,36,4,0.2452037263694627,0.2074839621424489
single_free_hidden_r32_s231303,1024,3,36,5,0.2615093125624106,0.2278997574745688
single_free_hidden_r32_s231303,1024,3,36,6,0.2708940188490051,0.24311047078008025
single_free_hidden_r32_s231303,1024,3,36,7,0.2680049313125887,0.2382316905448079
single_free_hidden_r32_s231303,1024,3,36,8,0.2862381369001972,0.25522262184601485
single_free_hidden_r32_s231303,1024,3,36,9,0.30760558326796694,0.266629136430567
single_free_hidden_r32_s231303,1024,3,36,10,0.3336372206375439,0.29251399752193713
single_free_hidden_r32_s231303,1024,3,36,11,0.2893112406098382,0.2638454266444938
single_free_hidden_r32_s231303,1024,3,36,12,0.27788474462582025,0.24343150556335316
single_free_hidden_r32_s231303,1024,3,36,13,0.2515821480620064,0.20795698476905294
single_free_hidden_r32_s231303,1024,3,36,14,0.3501433033470179,0.32419940697599814
single_free_hidden_r32_s231303,1024,3,36,15,0.28375654225061786,0.24396542970377696
single_free_hidden_r32_s231303,1024,3,36,16,0.3137688021191907,0.2796060906363649
single_free_hidden_r32_s231303,1024,3,36,17,0.23726677289192197,0.2032237829568744
single_free_hidden_r32_s231303,1024,3,36,18,0.24107465422317992,0.20483385704689197
single_free_hidden_r32_s231303,2048,3,36,0,0.19832305254555843,0.15582910522667204
single_free_hidden_r32_s231303,2048,3,36,1,0.22919528888742624,0.18495564090504088
single_free_hidden_r32_s231303,2048,3,36,2,0.20697436595331606,0.17033337916355712
single_free_hidden_r32_s231303,2048,3,36,3,0.18193493847855138,0.14625914166325005
single_free_hidden_r32_s231303,2048,3,36,4,0.18585570829593834,0.14490018525616025
single_free_hidden_r32_s231303,2048,3,36,5,0.20633277532795039,0.1704467276571716
single_free_hidden_r32_s231303,2048,3,36,6,0.1841455439978405,0.15278202111234612
single_free_hidden_r32_s231303,2048,3,36,7,0.18058486498377918,0.14712686790426402
single_free_hidden_r32_s231303,2048,3,36,8,0.21045605198177658,0.17653839606860786
single_free_hidden_r32_s231303,2048,3,36,9,0.23352254027056957,0.1879459542529476
single_free_hidden_r32_s231303,2048,3,36,10,0.24784097885443637,0.20107088623421748
single_free_hidden_r32_s231303,2048,3,36,11,0.1853550116958599,0.15607804321765942
single_free_hidden_r32_s231303,2048,3,36,12,0.21797321076862064,0.180395688643561
single_free_hidden_r32_s231303,2048,3,36,13,0.19690325229201786,0.15022441650081872
single_free_hidden_r32_s231303,2048,3,36,14,0.2121145890935306,0.18089650023581227
single_free_hidden_r32_s231303,2048,3,36,15,0.20652411018351607,0.16255755565850377
single_free_hidden_r32_s231303,2048,3,36,16,0.20484885830192237,0.16569249894019147
single_free_hidden_r32_s231303,2048,3,36,17,0.17774856455764212,0.14121544191216218
single_free_hidden_r32_s231303,2048,3,36,18,0.19661555070449704,0.15870009093567283
single_free_hidden_r32_s231303,4096,3,36,0,0.19044592266623234,0.14677024325564064
single_free_hidden_r32_s231303,4096,3,36,1,0.21346332128989443,0.16755035736666674
single_free_hidden_r32_s231303,4096,3,36,2,0.1956210704869538,0.15698871250637517
single_free_hidden_r32_s231303,4096,3,36,3,0.17270638772033906,0.13594360672567338
single_free_hidden_r32_s231303,4096,3,36,4,0.17370731351915158,0.13124222040749436
single_free_hidden_r32_s231303,4096,3,36,5,0.19559981333169615,0.15843282418918228
single_free_hidden_r32_s231303,4096,3,36,6,0.1685723929297486,0.13594040448306324
single_free_hidden_r32_s231303,4096,3,36,7,0.16559097400260675,0.13085674213496012
single_free_hidden_r32_s231303,4096,3,36,8,0.19396564761213844,0.15814356400075258
single_free_hidden_r32_s231303,4096,3,36,9,0.21891559935789537,0.17093061582374947
single_free_hidden_r32_s231303,4096,3,36,10,0.22932117435499488,0.17949584885703862
single_free_hidden_r32_s231303,4096,3,36,11,0.16507956943832397,0.13453138373522827
single_free_hidden_r32_s231303,4096,3,36,12,0.2050808134780385,0.16546512038957575
single_free_hidden_r32_s231303,4096,3,36,13,0.19058831862761175,0.14258403664275834
single_free_hidden_r32_s231303,4096,3,36,14,0.18227675929874979,0.14952370861262373
single_free_hidden_r32_s231303,4096,3,36,15,0.19492303774477465,0.14980626547495698
single_free_hidden_r32_s231303,4096,3,36,16,0.18398640555500004,0.14380937903128113
single_free_hidden_r32_s231303,4096,3,36,17,0.164104733853516,0.12644174003347428
single_free_hidden_r32_s231303,4096,3,36,18,0.18909693125635915,0.15000760689885145
single_free_hidden_r32_s231303,8192,3,36,0,0.1880828469524485,0.14383198642200345
single_free_hidden_r32_s231303,8192,3,36,1,0.20819001502991555,0.16176178107601977
single_free_hidden_r32_s231303,8192,3,36,2,0.1904263439777388,0.15069240497013506
single_free_hidden_r32_s231303,8192,3,36,3,0.1693978473553914,0.1321127604851595
single_free_hidden_r32_s231303,8192,3,36,4,0.16918643473012024,0.12612435445466366
single_free_hidden_r32_s231303,8192,3,36,5,0.19170751612067768,0.15397997587948942
single_free_hidden_r32_s231303,8192,3,36,6,0.16249094146914664,0.12908577072774727
single_free_hidden_r32_s231303,8192,3,36,7,0.16018874690921225,0.12488592880883974
single_free_hidden_r32_s231303,8192,3,36,8,0.18813304332958766,0.15158824539546636
single_free_hidden_r32_s231303,8192,3,36,9,0.21385022396227676,0.16452795704345133
single_free_hidden_r32_s231303,8192,3,36,10,0.22382773884039306,0.17303631553981047
single_free_hidden_r32_s231303,8192,3,36,11,0.15787744859331881,0.12688545973677395
single_free_hidden_r32_s231303,8192,3,36,12,0.19997743267919812,0.1594762139165624
single_free_hidden_r32_s231303,8192,3,36,13,0.18902878705489887,0.14036499387689727
single_free_hidden_r32_s231303,8192,3,36,14,0.17235013275349712,0.13911821725551557
single_free_hidden_r32_s231303,8192,3,36,15,0.19102661930916184,0.14538661800561403
single_free_hidden_r32_s231303,8192,3,36,16,0.17709128738822313,0.1366742747055194
single_free_hidden_r32_s231303,8192,3,36,17,0.1596136832583104,0.1215293420595113
single_free_hidden_r32_s231303,8192,3,36,18,0.18556228342738634,0.14579519731345136
single_pair_raw_s231301,0,3,36,0,1.0,1.0
single_pair_raw_s231301,0,3,36,1,1.0,1.0
single_pair_raw_s231301,0,3,36,2,1.0,1.0
single_pair_raw_s231301,0,3,36,3,1.0,1.0
single_pair_raw_s231301,0,3,36,4,1.0,1.0
single_pair_raw_s231301,0,3,36,5,1.0,1.0
single_pair_raw_s231301,0,3,36,6,1.0,1.0
single_pair_raw_s231301,0,3,36,7,1.0,1.0
single_pair_raw_s231301,0,3,36,8,1.0,1.0
single_pair_raw_s231301,0,3,36,9,1.0,1.0
single_pair_raw_s231301,0,3,36,10,1.0,1.0
single_pair_raw_s231301,0,3,36,11,1.0,1.0
single_pair_raw_s231301,0,3,36,12,1.0,1.0
single_pair_raw_s231301,0,3,36,13,1.0,1.0
single_pair_raw_s231301,0,3,36,14,1.0,1.0
single_pair_raw_s231301,0,3,36,15,1.0,1.0
single_pair_raw_s231301,0,3,36,16,1.0,1.0
single_pair_raw_s231301,0,3,36,17,1.0,1.0
single_pair_raw_s231301,0,3,36,18,1.0,1.0
single_pair_raw_s231301,512,3,36,0,0.677799625682108,0.677799625682108
single_pair_raw_s231301,512,3,36,1,0.7153695623148215,0.7153695623148215
single_pair_raw_s231301,512,3,36,2,0.6709706495694016,0.6709706495694016
single_pair_raw_s231301,512,3,36,3,0.6171839562064508,0.6171839562064508
single_pair_raw_s231301,512,3,36,4,0.6728491974909969,0.6728491974909969
single_pair_raw_s231301,512,3,36,5,0.6293736650165012,0.6293736650165012
single_pair_raw_s231301,512,3,36,6,0.6892599324702293,0.6892599324702293
single_pair_raw_s231301,512,3,36,7,0.693845200797285,0.693845200797285
single_pair_raw_s231301,512,3,36,8,0.6348282046906443,0.6348282046906443
single_pair_raw_s231301,512,3,36,9,0.6939582040568602,0.6939582040568602
single_pair_raw_s231301,512,3,36,10,0.7223961017590972,0.7223961017590972
single_pair_raw_s231301,512,3,36,11,0.7116819436345725,0.7116819436345725
single_pair_raw_s231301,512,3,36,12,0.6994644968193415,0.6994644968193415
single_pair_raw_s231301,512,3,36,13,0.6760317129736179,0.6760317129736179
single_pair_raw_s231301,512,3,36,14,0.7291793816538024,0.7291793816538024
single_pair_raw_s231301,512,3,36,15,0.720388438534978,0.720388438534978
single_pair_raw_s231301,512,3,36,16,0.7412546150172863,0.7412546150172863
single_pair_raw_s231301,512,3,36,17,0.6694164140695011,0.6694164140695011
single_pair_raw_s231301,512,3,36,18,0.6574790948045108,0.6574790948045108
single_pair_raw_s231301,1024,3,36,0,0.61108969428918,0.61108969428918
single_pair_raw_s231301,1024,3,36,1,0.6378271572447277,0.6378271572447277
single_pair_raw_s231301,1024,3,36,2,0.598868667428325,0.598868667428325
single_pair_raw_s231301,1024,3,36,3,0.5513354902513119,0.5513354902513119
single_pair_raw_s231301,1024,3,36,4,0.5934820807396396,0.5934820807396396
single_pair_raw_s231301,1024,3,36,5,0.563230210429392,0.563230210429392
single_pair_raw_s231301,1024,3,36,6,0.6047263176455427,0.6047263176455427
single_pair_raw_s231301,1024,3,36,7,0.616208660712443,0.616208660712443
single_pair_raw_s231301,1024,3,36,8,0.5713451454920757,0.5713451454920757
single_pair_raw_s231301,1024,3,36,9,0.62376562648377,0.62376562648377
single_pair_raw_s231301,1024,3,36,10,0.6552306656482377,0.6552306656482377
single_pair_raw_s231301,1024,3,36,11,0.6278520945396675,0.6278520945396675
single_pair_raw_s231301,1024,3,36,12,0.6274236484115924,0.6274236484115924
single_pair_raw_s231301,1024,3,36,13,0.6077431298184437,0.6077431298184437
single_pair_raw_s231301,1024,3,36,14,0.6492111076360176,0.6492111076360176
single_pair_raw_s231301,1024,3,36,15,0.6504938005253886,0.6504938005253886
single_pair_raw_s231301,1024,3,36,16,0.6598713353447239,0.6598713353447239
single_pair_raw_s231301,1024,3,36,17,0.5844907767660347,0.5844907767660347
single_pair_raw_s231301,1024,3,36,18,0.5807200342631834,0.5807200342631834
single_pair_raw_s231301,2048,3,36,0,0.5654741959251224,0.5654741959251224
single_pair_raw_s231301,2048,3,36,1,0.5884836700175812,0.5884836700175812
single_pair_raw_s231301,2048,3,36,2,0.5511496836208637,0.5511496836208637
single_pair_raw_s231301,2048,3,36,3,0.5087884101642075,0.5087884101642075
single_pair_raw_s231301,2048,3,36,4,0.5416428658668562,0.5416428658668562
single_pair_raw_s231301,2048,3,36,5,0.5219684324791638,0.5219684324791638
single_pair_raw_s231301,2048,3,36,6,0.5480861887379282,0.5480861887379282
single_pair_raw_s231301,2048,3,36,7,0.561972927409145,0.561972927409145
single_pair_raw_s231301,2048,3,36,8,0.5246398611695771,0.5246398611695771
single_pair_raw_s231301,2048,3,36,9,0.5740042566076842,0.5740042566076842
single_pair_raw_s231301,2048,3,36,10,0.6023035953277215,0.6023035953277215
single_pair_raw_s231301,2048,3,36,11,0.5680955873130705,0.5680955873130705
single_pair_raw_s231301,2048,3,36,12,0.5745076242360475,0.5745076242360475
single_pair_raw_s231301,2048,3,36,13,0.5616936312661779,0.5616936312661779
single_pair_raw_s231301,2048,3,36,14,0.5861590794824598,0.5861590794824598
single_pair_raw_s231301,2048,3,36,15,0.601062431110911,0.601062431110911
single_pair_raw_s231301,2048,3,36,16,0.6027195690408416,0.6027195690408416
single_pair_raw_s231301,2048,3,36,17,0.5283573266231736,0.5283573266231736
single_pair_raw_s231301,2048,3,36,18,0.5319329140211453,0.5319329140211453
single_pair_raw_s231301,4096,3,36,0,0.5274077978249762,0.5274077978249762
single_pair_raw_s231301,4096,3,36,1,0.5454024738128844,0.5454024738128844
single_pair_raw_s231301,4096,3,36,2,0.5110958182824237,0.5110958182824237
single_pair_raw_s231301,4096,3,36,3,0.473106462492068,0.473106462492068
single_pair_raw_s231301,4096,3,36,4,0.49919520097313047,0.49919520097313047
single_pair_raw_s231301,4096,3,36,5,0.4845074539425514,0.4845074539425514
single_pair_raw_s231301,4096,3,36,6,0.5042246935902772,0.5042246935902772
single_pair_raw_s231301,4096,3,36,7,0.5220074614121274,0.5220074614121274
single_pair_raw_s231301,4096,3,36,8,0.48633830672855394,0.48633830672855394
single_pair_raw_s231301,4096,3,36,9,0.5353295900549387,0.5353295900549387
single_pair_raw_s231301,4096,3,36,10,0.5598805738459303,0.5598805738459303
single_pair_raw_s231301,4096,3,36,11,0.5227123690085744,0.5227123690085744
single_pair_raw_s231301,4096,3,36,12,0.530723675695172,0.530723675695172
single_pair_raw_s231301,4096,3,36,13,0.5241364507371693,0.5241364507371693
single_pair_raw_s231301,4096,3,36,14,0.5358693287472863,0.5358693287472863
single_pair_raw_s231301,4096,3,36,15,0.5599641681866623,0.5599641681866623
single_pair_raw_s231301,4096,3,36,16,0.5626441674058814,0.5626441674058814
single_pair_raw_s231301,4096,3,36,17,0.48334894659188177,0.48334894659188177
single_pair_raw_s231301,4096,3,36,18,0.49204054581431633,0.49204054581431633
single_pair_raw_s231301,8192,3,36,0,0.5060136961708073,0.5060136961708073
single_pair_raw_s231301,8192,3,36,1,0.5239596906311148,0.5239596906311148
single_pair_raw_s231301,8192,3,36,2,0.4883979725280009,0.4883979725280009
single_pair_raw_s231301,8192,3,36,3,0.4506140308680725,0.4506140308680725
single_pair_raw_s231301,8192,3,36,4,0.47486876481199236,0.47486876481199236
single_pair_raw_s231301,8192,3,36,5,0.46397882187349115,0.46397882187349115
single_pair_raw_s231301,8192,3,36,6,0.4779711258482536,0.4779711258482536
single_pair_raw_s231301,8192,3,36,7,0.49424987995508873,0.49424987995508873
single_pair_raw_s231301,8192,3,36,8,0.46265583178801756,0.46265583178801756
single_pair_raw_s231301,8192,3,36,9,0.5116184716362394,0.5116184716362394
single_pair_raw_s231301,8192,3,36,10,0.5335433118988444,0.5335433118988444
single_pair_raw_s231301,8192,3,36,11,0.49535607763336037,0.49535607763336037
single_pair_raw_s231301,8192,3,36,12,0.5045241477162735,0.5045241477162735
single_pair_raw_s231301,8192,3,36,13,0.5012935040465747,0.5012935040465747
single_pair_raw_s231301,8192,3,36,14,0.5045577693526833,0.5045577693526833
single_pair_raw_s231301,8192,3,36,15,0.5363621722402973,0.5363621722402973
single_pair_raw_s231301,8192,3,36,16,0.5373629265753614,0.5373629265753614
single_pair_raw_s231301,8192,3,36,17,0.4585794946588875,0.4585794946588875
single_pair_raw_s231301,8192,3,36,18,0.4691819304244932,0.4691819304244932
single_pair_raw_s231303,0,3,36,0,1.0,1.0
single_pair_raw_s231303,0,3,36,1,1.0,1.0
single_pair_raw_s231303,0,3,36,2,1.0,1.0
single_pair_raw_s231303,0,3,36,3,1.0,1.0
single_pair_raw_s231303,0,3,36,4,1.0,1.0
single_pair_raw_s231303,0,3,36,5,1.0,1.0
single_pair_raw_s231303,0,3,36,6,1.0,1.0
single_pair_raw_s231303,0,3,36,7,1.0,1.0
single_pair_raw_s231303,0,3,36,8,1.0,1.0
single_pair_raw_s231303,0,3,36,9,1.0,1.0
single_pair_raw_s231303,0,3,36,10,1.0,1.0
single_pair_raw_s231303,0,3,36,11,1.0,1.0
single_pair_raw_s231303,0,3,36,12,1.0,1.0
single_pair_raw_s231303,0,3,36,13,1.0,1.0
single_pair_raw_s231303,0,3,36,14,1.0,1.0
single_pair_raw_s231303,0,3,36,15,1.0,1.0
single_pair_raw_s231303,0,3,36,16,1.0,1.0
single_pair_raw_s231303,0,3,36,17,1.0,1.0
single_pair_raw_s231303,0,3,36,18,1.0,1.0
single_pair_raw_s231303,512,3,36,0,0.6857211736964243,0.6857211736964243
single_pair_raw_s231303,512,3,36,1,0.7219427425418595,0.7219427425418595
single_pair_raw_s231303,512,3,36,2,0.6773332796109273,0.6773332796109273
single_pair_raw_s231303,512,3,36,3,0.6261399290699898,0.6261399290699898
single_pair_raw_s231303,512,3,36,4,0.6822500912719521,0.6822500912719521
single_pair_raw_s231303,512,3,36,5,0.642895737927101,0.642895737927101
single_pair_raw_s231303,512,3,36,6,0.6918771959901854,0.6918771959901854
single_pair_raw_s231303,512,3,36,7,0.6971152912512139,0.6971152912512139
single_pair_raw_s231303,512,3,36,8,0.6407144866340283,0.6407144866340283
single_pair_raw_s231303,512,3,36,9,0.7047591624231837,0.7047591624231837
single_pair_raw_s231303,512,3,36,10,0.7313427077667297,0.7313427077667297
single_pair_raw_s231303,512,3,36,11,0.7142016636818035,0.7142016636818035
single_pair_raw_s231303,512,3,36,12,0.7122023770599787,0.7122023770599787
single_pair_raw_s231303,512,3,36,13,0.6847612386163978,0.6847612386163978
single_pair_raw_s231303,512,3,36,14,0.7315168593539093,0.7315168593539093
single_pair_raw_s231303,512,3,36,15,0.7257991894578725,0.7257991894578725
single_pair_raw_s231303,512,3,36,16,0.7510362936534738,0.7510362936534738
single_pair_raw_s231303,512,3,36,17,0.6838299085181679,0.6838299085181679
single_pair_raw_s231303,512,3,36,18,0.6695302265165439,0.6695302265165439
single_pair_raw_s231303,1024,3,36,0,0.6179521012771695,0.6179521012771695
single_pair_raw_s231303,1024,3,36,1,0.648427657830623,0.648427657830623
single_pair_raw_s231303,1024,3,36,2,0.6055347189707059,0.6055347189707059
single_pair_raw_s231303,1024,3,36,3,0.5609835050858504,0.5609835050858504
single_pair_raw_s231303,1024,3,36,4,0.6013963538148854,0.6013963538148854
single_pair_raw_s231303,1024,3,36,5,0.5782927646729363,0.5782927646729363
single_pair_raw_s231303,1024,3,36,6,0.6104086130356712,0.6104086130356712
single_pair_raw_s231303,1024,3,36,7,0.6239406301282947,0.6239406301282947
single_pair_raw_s231303,1024,3,36,8,0.5774229773962156,0.5774229773962156
single_pair_raw_s231303,1024,3,36,9,0.63466426832538,0.63466426832538
single_pair_raw_s231303,1024,3,36,10,0.6633667043322461,0.6633667043322461
single_pair_raw_s231303,1024,3,36,11,0.6353519082618777,0.6353519082618777
single_pair_raw_s231303,1024,3,36,12,0.6430905322951789,0.6430905322951789
single_pair_raw_s231303,1024,3,36,13,0.6181786417222497,0.6181786417222497
single_pair_raw_s231303,1024,3,36,14,0.6527835122836755,0.6527835122836755
single_pair_raw_s231303,1024,3,36,15,0.6574531747076159,0.6574531747076159
single_pair_raw_s231303,1024,3,36,16,0.6750442742051241,0.6750442742051241
single_pair_raw_s231303,1024,3,36,17,0.5967593166165764,0.5967593166165764
single_pair_raw_s231303,1024,3,36,18,0.5917356723020468,0.5917356723020468
single_pair_raw_s231303,2048,3,36,0,0.5649526450737554,0.5649526450737554
single_pair_raw_s231303,2048,3,36,1,0.5898861883967202,0.5898861883967202
single_pair_raw_s231303,2048,3,36,2,0.5475949190214456,0.5475949190214456
single_pair_raw_s231303,2048,3,36,3,0.508545177832607,0.508545177832607
single_pair_raw_s231303,2048,3,36,4,0.5389647275985974,0.5389647275985974
single_pair_raw_s231303,2048,3,36,5,0.5249472715614691,0.5249472715614691
single_pair_raw_s231303,2048,3,36,6,0.5455511092119697,0.5455511092119697
single_pair_raw_s231303,2048,3,36,7,0.5607877648578795,0.5607877648578795
single_pair_raw_s231303,2048,3,36,8,0.5234382161230838,0.5234382161230838
single_pair_raw_s231303,2048,3,36,9,0.5770450532689504,0.5770450532689504
single_pair_raw_s231303,2048,3,36,10,0.6035656850601303,0.6035656850601303
single_pair_raw_s231303,2048,3,36,11,0.566410468591882,0.566410468591882
single_pair_raw_s231303,2048,3,36,12,0.5822177700987407,0.5822177700987407
single_pair_raw_s231303,2048,3,36,13,0.5651648648716335,0.5651648648716335
single_pair_raw_s231303,2048,3,36,14,0.583727971289193,0.583727971289193
single_pair_raw_s231303,2048,3,36,15,0.600230324239675,0.600230324239675
single_pair_raw_s231303,2048,3,36,16,0.6070584266460383,0.6070584266460383
single_pair_raw_s231303,2048,3,36,17,0.5296028807113161,0.5296028807113161
single_pair_raw_s231303,2048,3,36,18,0.5327413267209571,0.5327413267209571
single_pair_raw_s231303,4096,3,36,0,0.5308082578239054,0.5308082578239054
single_pair_raw_s231303,4096,3,36,1,0.5530366395545361,0.5530366395545361
single_pair_raw_s231303,4096,3,36,2,0.5097736575609052,0.5097736575609052
single_pair_raw_s231303,4096,3,36,3,0.4751037662085701,0.4751037662085701
single_pair_raw_s231303,4096,3,36,4,0.5002048607130668,0.5002048607130668
single_pair_raw_s231303,4096,3,36,5,0.4911040894208349,0.4911040894208349
single_pair_raw_s231303,4096,3,36,6,0.5026601352883047,0.5026601352883047
single_pair_raw_s231303,4096,3,36,7,0.5205462511962989,0.5205462511962989
single_pair_raw_s231303,4096,3,36,8,0.48775794342706663,0.48775794342706663
single_pair_raw_s231303,4096,3,36,9,0.5379252721646035,0.5379252721646035
single_pair_raw_s231303,4096,3,36,10,0.5620038480464746,0.5620038480464746
single_pair_raw_s231303,4096,3,36,11,0.5220389981980004,0.5220389981980004
single_pair_raw_s231303,4096,3,36,12,0.5376199880750321,0.5376199880750321
single_pair_raw_s231303,4096,3,36,13,0.5293472843061815,0.5293472843061815
single_pair_raw_s231303,4096,3,36,14,0.5365794776400794,0.5365794776400794
single_pair_raw_s231303,4096,3,36,15,0.5620952030811979,0.5620952030811979
single_pair_raw_s231303,4096,3,36,16,0.5651780879953863,0.5651780879953863
single_pair_raw_s231303,4096,3,36,17,0.4869574222600421,0.4869574222600421
single_pair_raw_s231303,4096,3,36,18,0.4944806914221387,0.4944806914221387
single_pair_raw_s231303,8192,3,36,0,0.50616207026604,0.50616207026604
single_pair_raw_s231303,8192,3,36,1,0.5266569818773207,0.5266569818773207
single_pair_raw_s231303,8192,3,36,2,0.48585132195738034,0.48585132195738034
single_pair_raw_s231303,8192,3,36,3,0.4508901939353009,0.4508901939353009
single_pair_raw_s231303,8192,3,36,4,0.47248499782590536,0.47248499782590536
single_pair_raw_s231303,8192,3,36,5,0.46763119871630554,0.46763119871630554
single_pair_raw_s231303,8192,3,36,6,0.4747727309486553,0.4747727309486553
single_pair_raw_s231303,8192,3,36,7,0.49415372812541997,0.49415372812541997
single_pair_raw_s231303,8192,3,36,8,0.4628167577463817,0.4628167577463817
single_pair_raw_s231303,8192,3,36,9,0.5118464238312493,0.5118464238312493
single_pair_raw_s231303,8192,3,36,10,0.534312008953967,0.534312008953967
single_pair_raw_s231303,8192,3,36,11,0.49352244749903024,0.49352244749903024
single_pair_raw_s231303,8192,3,36,12,0.5048416817102502,0.5048416817102502
single_pair_raw_s231303,8192,3,36,13,0.5048461938383942,0.5048461938383942
single_pair_raw_s231303,8192,3,36,14,0.5052797261368714,0.5052797261368714
single_pair_raw_s231303,8192,3,36,15,0.5358863553659747,0.5358863553659747
single_pair_raw_s231303,8192,3,36,16,0.5379041700036684,0.5379041700036684
single_pair_raw_s231303,8192,3,36,17,0.4577988287333144,0.4577988287333144
single_pair_raw_s231303,8192,3,36,18,0.4674472033736167,0.4674472033736167
single_pair_r32_s231301,0,3,36,0,1.0,1.0
single_pair_r32_s231301,0,3,36,1,1.0,1.0
single_pair_r32_s231301,0,3,36,2,1.0,1.0000000000000002
single_pair_r32_s231301,0,3,36,3,1.0,0.9999999999999998
single_pair_r32_s231301,0,3,36,4,1.0,1.0
single_pair_r32_s231301,0,3,36,5,1.0,1.0
single_pair_r32_s231301,0,3,36,6,1.0,1.0
single_pair_r32_s231301,0,3,36,7,1.0,1.0000000000000002
single_pair_r32_s231301,0,3,36,8,1.0,1.0
single_pair_r32_s231301,0,3,36,9,1.0,1.0
single_pair_r32_s231301,0,3,36,10,1.0,1.0
single_pair_r32_s231301,0,3,36,11,1.0,0.9999999999999999
single_pair_r32_s231301,0,3,36,12,1.0,1.0
single_pair_r32_s231301,0,3,36,13,1.0,1.0
single_pair_r32_s231301,0,3,36,14,1.0,1.0
single_pair_r32_s231301,0,3,36,15,1.0,1.0
single_pair_r32_s231301,0,3,36,16,1.0,1.0000000000000002
single_pair_r32_s231301,0,3,36,17,1.0,1.0
single_pair_r32_s231301,0,3,36,18,1.0,1.0
single_pair_r32_s231301,512,3,36,0,0.6856936185227611,0.6689681557973488
single_pair_r32_s231301,512,3,36,1,0.7220881608610574,0.7073368835149451
single_pair_r32_s231301,512,3,36,2,0.6763212888728458,0.6617115359500373
single_pair_r32_s231301,512,3,36,3,0.6254682886582553,0.6086656026665674
single_pair_r32_s231301,512,3,36,4,0.6802188676123598,0.6643874903444665
single_pair_r32_s231301,512,3,36,5,0.6388755969581901,0.6234946273056953
single_pair_r32_s231301,512,3,36,6,0.6923763041859257,0.6815679962409609
single_pair_r32_s231301,512,3,36,7,0.694392806905751,0.6829711593455615
single_pair_r32_s231301,512,3,36,8,0.6402553950816647,0.6244647616674189
single_pair_r32_s231301,512,3,36,9,0.7034969153388573,0.6862909061465677
single_pair_r32_s231301,512,3,36,10,0.7312298349115116,0.714517989633185
single_pair_r32_s231301,512,3,36,11,0.7174016706456,0.7079345631971896
single_pair_r32_s231301,512,3,36,12,0.7077731347104885,0.6950440840044447
single_pair_r32_s231301,512,3,36,13,0.6839156709398355,0.6654215091574488
single_pair_r32_s231301,512,3,36,14,0.7303983863891327,0.7201608763536311
single_pair_r32_s231301,512,3,36,15,0.7253265047661505,0.7113914498831083
single_pair_r32_s231301,512,3,36,16,0.7403062249465249,0.7289940288423904
single_pair_r32_s231301,512,3,36,17,0.6752661062253112,0.6607063540839663
single_pair_r32_s231301,512,3,36,18,0.6623576063746895,0.6456762071667919
single_pair_r32_s231301,1024,3,36,0,0.619389705865422,0.6019360242882608
single_pair_r32_s231301,1024,3,36,1,0.6479070143596344,0.6313598592271509
single_pair_r32_s231301,1024,3,36,2,0.6057160384430806,0.5899757162058453
single_pair_r32_s231301,1024,3,36,3,0.5589434102868015,0.54144424207342
single_pair_r32_s231301,1024,3,36,4,0.5992413466247823,0.581858632380328
single_pair_r32_s231301,1024,3,36,5,0.5723154320857395,0.5561445581646338
single_pair_r32_s231301,1024,3,36,6,0.6092689500013387,0.596860118636743
single_pair_r32_s231301,1024,3,36,7,0.6177652607915333,0.6051284324090209
single_pair_r32_s231301,1024,3,36,8,0.5765086464381817,0.5601153877348088
single_pair_r32_s231301,1024,3,36,9,0.6331821254138013,0.6146367680205153
single_pair_r32_s231301,1024,3,36,10,0.6637854772068726,0.6454366544825534
single_pair_r32_s231301,1024,3,36,11,0.6326266257971845,0.6213026009817717
single_pair_r32_s231301,1024,3,36,12,0.6357349700291933,0.6216854640619929
single_pair_r32_s231301,1024,3,36,13,0.6174261795260185,0.5980808042895532
single_pair_r32_s231301,1024,3,36,14,0.6507353347351581,0.6382146072431036
single_pair_r32_s231301,1024,3,36,15,0.656611289842193,0.641187138763739
single_pair_r32_s231301,1024,3,36,16,0.6630787884005153,0.6497863637353053
single_pair_r32_s231301,1024,3,36,17,0.5906162467942716,0.5747105314626999
single_pair_r32_s231301,1024,3,36,18,0.5864672799686604,0.5684284792697235
single_pair_r32_s231301,2048,3,36,0,0.5714866713943121,0.5535870686126217
single_pair_r32_s231301,2048,3,36,1,0.5951951812153455,0.5779350112687571
single_pair_r32_s231301,2048,3,36,2,0.5555477635698118,0.5392512565080995
single_pair_r32_s231301,2048,3,36,3,0.5149355812853288,0.4976173304226186
single_pair_r32_s231301,2048,3,36,4,0.5436917318939317,0.5257311703055448
single_pair_r32_s231301,2048,3,36,5,0.5270670085484401,0.510827946947338
single_pair_r32_s231301,2048,3,36,6,0.5485604892929755,0.5358612050342643
single_pair_r32_s231301,2048,3,36,7,0.5624868126960878,0.549419395985231
single_pair_r32_s231301,2048,3,36,8,0.5291413932037878,0.5128602515656387
single_pair_r32_s231301,2048,3,36,9,0.5823702087506626,0.5636672176080995
single_pair_r32_s231301,2048,3,36,10,0.6108189232950461,0.5919470162033296
single_pair_r32_s231301,2048,3,36,11,0.5703197799762538,0.5582765412421395
single_pair_r32_s231301,2048,3,36,12,0.5781231555962661,0.5633933311804328
single_pair_r32_s231301,2048,3,36,13,0.5700979723262563,0.5509888043133574
single_pair_r32_s231301,2048,3,36,14,0.5894276489917679,0.5758857472632587
single_pair_r32_s231301,2048,3,36,15,0.6064405742269398,0.5903764855500572
single_pair_r32_s231301,2048,3,36,16,0.6062086913363164,0.591898838183186
single_pair_r32_s231301,2048,3,36,17,0.5322181086487213,0.5156655611683203
single_pair_r32_s231301,2048,3,36,18,0.5354329882934695,0.5169741820753647
single_pair_r32_s231301,4096,3,36,0,0.5351267139923418,0.5173481635812315
single_pair_r32_s231301,4096,3,36,1,0.5543740976209207,0.5368782375826867
single_pair_r32_s231301,4096,3,36,2,0.5156162946243944,0.4994853101919157
single_pair_r32_s231301,4096,3,36,3,0.4798805161992609,0.4628540737519649
single_pair_r32_s231301,4096,3,36,4,0.5022447472845141,0.48390612168042163
single_pair_r32_s231301,4096,3,36,5,0.4894203385328536,0.4732555872785536
single_pair_r32_s231301,4096,3,36,6,0.5040659848007497,0.49122383684935983
single_pair_r32_s231301,4096,3,36,7,0.5195734878669749,0.506669075467475
single_pair_r32_s231301,4096,3,36,8,0.49296202106622855,0.47673226186657075
single_pair_r32_s231301,4096,3,36,9,0.5425693954422302,0.5238888047342547
single_pair_r32_s231301,4096,3,36,10,0.5676684508553284,0.5487405656214311
single_pair_r32_s231301,4096,3,36,11,0.5245458864377149,0.5121127749320902
single_pair_r32_s231301,4096,3,36,12,0.5342439036623033,0.5191098149957512
single_pair_r32_s231301,4096,3,36,13,0.5319047686633839,0.5127672076159168
single_pair_r32_s231301,4096,3,36,14,0.5401301782447517,0.5260796005052515
single_pair_r32_s231301,4096,3,36,15,0.566396783865054,0.5499947694481194
single_pair_r32_s231301,4096,3,36,16,0.563233002951803,0.5485139314292448
single_pair_r32_s231301,4096,3,36,17,0.4875674639465747,0.4706473428938074
single_pair_r32_s231301,4096,3,36,18,0.49490399458906675,0.47611806237067467
single_pair_r32_s231301,8192,3,36,0,0.5139218583351244,0.49591224830084013
single_pair_r32_s231301,8192,3,36,1,0.5317085432873713,0.5138795254711069
single_pair_r32_s231301,8192,3,36,2,0.4942936163609324,0.47815180176454203
single_pair_r32_s231301,8192,3,36,3,0.45959835821666867,0.4424020404408174
single_pair_r32_s231301,8192,3,36,4,0.47837985189908083,0.45987528176192327
single_pair_r32_s231301,8192,3,36,5,0.46879643547481953,0.4526292060831259
single_pair_r32_s231301,8192,3,36,6,0.48029830868941126,0.46722421857730206
single_pair_r32_s231301,8192,3,36,7,0.4961692962162717,0.482925714741324
single_pair_r32_s231301,8192,3,36,8,0.47175897571648656,0.45555095202821416
single_pair_r32_s231301,8192,3,36,9,0.5189801191864652,0.5003878585952957
single_pair_r32_s231301,8192,3,36,10,0.5423759173350585,0.523880059094417
single_pair_r32_s231301,8192,3,36,11,0.49932204561620525,0.4867845556373957
single_pair_r32_s231301,8192,3,36,12,0.5066962631389323,0.4911067617978192
single_pair_r32_s231301,8192,3,36,13,0.5103192449259566,0.49096482957559145
single_pair_r32_s231301,8192,3,36,14,0.5090686913244638,0.4948733098757054
single_pair_r32_s231301,8192,3,36,15,0.5424557133529968,0.5258025835374751
single_pair_r32_s231301,8192,3,36,16,0.539666312475144,0.5244665234552708
single_pair_r32_s231301,8192,3,36,17,0.46175017129803575,0.4445570040093093
single_pair_r32_s231301,8192,3,36,18,0.47347590891580366,0.45438922557613287
single_pair_r32_s231303,0,3,36,0,1.0,1.0
single_pair_r32_s231303,0,3,36,1,1.0,1.0
single_pair_r32_s231303,0,3,36,2,1.0,1.0000000000000002
single_pair_r32_s231303,0,3,36,3,1.0,0.9999999999999998
single_pair_r32_s231303,0,3,36,4,1.0,1.0
single_pair_r32_s231303,0,3,36,5,1.0,1.0
single_pair_r32_s231303,0,3,36,6,1.0,1.0
single_pair_r32_s231303,0,3,36,7,1.0,1.0000000000000002
single_pair_r32_s231303,0,3,36,8,1.0,1.0
single_pair_r32_s231303,0,3,36,9,1.0,1.0
single_pair_r32_s231303,0,3,36,10,1.0,1.0
single_pair_r32_s231303,0,3,36,11,1.0,0.9999999999999999
single_pair_r32_s231303,0,3,36,12,1.0,1.0
single_pair_r32_s231303,0,3,36,13,1.0,1.0
single_pair_r32_s231303,0,3,36,14,1.0,1.0
single_pair_r32_s231303,0,3,36,15,1.0,1.0
single_pair_r32_s231303,0,3,36,16,1.0,1.0000000000000002
single_pair_r32_s231303,0,3,36,17,1.0,1.0
single_pair_r32_s231303,0,3,36,18,1.0,1.0
single_pair_r32_s231303,512,3,36,0,0.6893035598743337,0.6727912363416105
single_pair_r32_s231303,512,3,36,1,0.7252949574754591,0.7109114232727618
single_pair_r32_s231303,512,3,36,2,0.6776035431566074,0.663316545011375
single_pair_r32_s231303,512,3,36,3,0.6266054316580458,0.6101643280051212
single_pair_r32_s231303,512,3,36,4,0.6884055957274824,0.6732191095482752
single_pair_r32_s231303,512,3,36,5,0.6416694478583735,0.626424428348318
single_pair_r32_s231303,512,3,36,6,0.7009149422554658,0.6906156985676123
single_pair_r32_s231303,512,3,36,7,0.7066039060682677,0.6959106194682559
single_pair_r32_s231303,512,3,36,8,0.6426559193061883,0.6272206533349969
single_pair_r32_s231303,512,3,36,9,0.7115701155035208,0.6953892811143739
single_pair_r32_s231303,512,3,36,10,0.735277992849149,0.7191346174057187
single_pair_r32_s231303,512,3,36,11,0.7238117903731296,0.7146630977921304
single_pair_r32_s231303,512,3,36,12,0.7125490746392263,0.7003380412750941
single_pair_r32_s231303,512,3,36,13,0.6868410912036861,0.6686605919237968
single_pair_r32_s231303,512,3,36,14,0.7417083951316694,0.7321660439951767
single_pair_r32_s231303,512,3,36,15,0.7294671766193771,0.7156176598306541
single_pair_r32_s231303,512,3,36,16,0.7565659102320309,0.7459733281093338
single_pair_r32_s231303,512,3,36,17,0.6846339669038097,0.6706622917300821
single_pair_r32_s231303,512,3,36,18,0.6707798156100577,0.6547768365935066
single_pair_r32_s231303,1024,3,36,0,0.6241363284459742,0.6065202999147712
single_pair_r32_s231303,1024,3,36,1,0.652048871599798,0.6357793619744853
single_pair_r32_s231303,1024,3,36,2,0.6068558103374356,0.5914972474716497
single_pair_r32_s231303,1024,3,36,3,0.5623592594833907,0.5453164457150547
single_pair_r32_s231303,1024,3,36,4,0.6057790679027617,0.5886268453541639
single_pair_r32_s231303,1024,3,36,5,0.5765488556556888,0.5607101842974634
single_pair_r32_s231303,1024,3,36,6,0.6193083172638336,0.6075939529425242
single_pair_r32_s231303,1024,3,36,7,0.6291746079446225,0.616802432595261
single_pair_r32_s231303,1024,3,36,8,0.5798643060335716,0.5637957763097409
single_pair_r32_s231303,1024,3,36,9,0.6384609259682934,0.6206777623791417
single_pair_r32_s231303,1024,3,36,10,0.6666414075080175,0.6488294627875143
single_pair_r32_s231303,1024,3,36,11,0.6405214784680193,0.6297153029257829
single_pair_r32_s231303,1024,3,36,12,0.6424193357168786,0.6291193804204975
single_pair_r32_s231303,1024,3,36,13,0.620667696747389,0.6014450746216943
single_pair_r32_s231303,1024,3,36,14,0.6616995424675597,0.6499887772868882
single_pair_r32_s231303,1024,3,36,15,0.6605900820300337,0.6452069735713818
single_pair_r32_s231303,1024,3,36,16,0.6779981849826044,0.6650145414956194
single_pair_r32_s231303,1024,3,36,17,0.5972835601791608,0.5812204770876106
single_pair_r32_s231303,1024,3,36,18,0.5950346246452296,0.5773805695388532
single_pair_r32_s231303,2048,3,36,0,0.5708905930388328,0.5526881359657301
single_pair_r32_s231303,2048,3,36,1,0.5948182689668531,0.5772426976624251
single_pair_r32_s231303,2048,3,36,2,0.5510900514726136,0.535058095086062
single_pair_r32_s231303,2048,3,36,3,0.5121949338611077,0.49499819134150647
single_pair_r32_s231303,2048,3,36,4,0.5441064027911459,0.5260049421344397
single_pair_r32_s231303,2048,3,36,5,0.5245782600284007,0.508500524374098
single_pair_r32_s231303,2048,3,36,6,0.5542019435622638,0.5416747336758001
single_pair_r32_s231303,2048,3,36,7,0.5683120725925714,0.5553017465827189
single_pair_r32_s231303,2048,3,36,8,0.525912823294629,0.5094345394841698
single_pair_r32_s231303,2048,3,36,9,0.5816077994907257,0.5633032105251706
single_pair_r32_s231303,2048,3,36,10,0.6086334354339228,0.5902969788923622
single_pair_r32_s231303,2048,3,36,11,0.5738000973392722,0.5619672345816976
single_pair_r32_s231303,2048,3,36,12,0.5790463982211109,0.5645050909953018
single_pair_r32_s231303,2048,3,36,13,0.5697757080123542,0.5505007071609878
single_pair_r32_s231303,2048,3,36,14,0.5930330935918434,0.5801023466434925
single_pair_r32_s231303,2048,3,36,15,0.6025903261998845,0.5862231058198881
single_pair_r32_s231303,2048,3,36,16,0.6145861170420011,0.6001538107460365
single_pair_r32_s231303,2048,3,36,17,0.5322715857619162,0.5153957852068044
single_pair_r32_s231303,2048,3,36,18,0.5352595951512662,0.5165976826999517
single_pair_r32_s231303,4096,3,36,0,0.538123840042486,0.5203064884942982
single_pair_r32_s231303,4096,3,36,1,0.5594946001143392,0.541672141969284
single_pair_r32_s231303,4096,3,36,2,0.5165552394449301,0.5005407079446423
single_pair_r32_s231303,4096,3,36,3,0.47918173366981776,0.4623816716579655
single_pair_r32_s231303,4096,3,36,4,0.505656486317372,0.48763489899774437
single_pair_r32_s231303,4096,3,36,5,0.49351130444362096,0.4777359264946379
single_pair_r32_s231303,4096,3,36,6,0.5129156858171935,0.5003646265182383
single_pair_r32_s231303,4096,3,36,7,0.5281017113261065,0.5152382056203563
single_pair_r32_s231303,4096,3,36,8,0.48962602865757826,0.4734065045883347
single_pair_r32_s231303,4096,3,36,9,0.5435801183854287,0.5253727986179045
single_pair_r32_s231303,4096,3,36,10,0.5698018108041364,0.5515270212133614
single_pair_r32_s231303,4096,3,36,11,0.5311467419573069,0.5189369354649244
single_pair_r32_s231303,4096,3,36,12,0.5370298584849131,0.5221200725039583
single_pair_r32_s231303,4096,3,36,13,0.5355301536453514,0.5164538813579294
single_pair_r32_s231303,4096,3,36,14,0.5453412763322155,0.5320469194527897
single_pair_r32_s231303,4096,3,36,15,0.5673976783002969,0.5511953571551079
single_pair_r32_s231303,4096,3,36,16,0.5732040305915158,0.5584408547489389
single_pair_r32_s231303,4096,3,36,17,0.49183471492898045,0.4748453731174034
single_pair_r32_s231303,4096,3,36,18,0.49953805199916984,0.48113070806447833
single_pair_r32_s231303,8192,3,36,0,0.5136239288583793,0.4956504515414661
single_pair_r32_s231303,8192,3,36,1,0.5312460553028323,0.5131788938786782
single_pair_r32_s231303,8192,3,36,2,0.4915765901948076,0.4752622420637742
single_pair_r32_s231303,8192,3,36,3,0.4562915193632675,0.4393296732019741
single_pair_r32_s231303,8192,3,36,4,0.4778109805629101,0.4595545795129525
single_pair_r32_s231303,8192,3,36,5,0.4693709099121634,0.4536403044833015
single_pair_r32_s231303,8192,3,36,6,0.48511464980383795,0.4724760860022939
single_pair_r32_s231303,8192,3,36,7,0.5008033201533476,0.48776602094033744
single_pair_r32_s231303,8192,3,36,8,0.46536878518295516,0.4490180502151029
single_pair_r32_s231303,8192,3,36,9,0.5171753736904636,0.4985688300026652
single_pair_r32_s231303,8192,3,36,10,0.5421796874330238,0.5240101171615084
single_pair_r32_s231303,8192,3,36,11,0.5021396097088929,0.48979710351768563
single_pair_r32_s231303,8192,3,36,12,0.5089890293961912,0.49364826278045076
single_pair_r32_s231303,8192,3,36,13,0.5104147521158038,0.49134727727426647
single_pair_r32_s231303,8192,3,36,14,0.5134399733960124,0.4998329229370927
single_pair_r32_s231303,8192,3,36,15,0.5420958133308502,0.5257021984248265
single_pair_r32_s231303,8192,3,36,16,0.5460383549121428,0.5306740613573098
single_pair_r32_s231303,8192,3,36,17,0.4622091187078592,0.4448449751594907
single_pair_r32_s231303,8192,3,36,18,0.47165332890155914,0.45283303582711987
single_channel_raw_s231301,0,3,36,0,1.0,1.0
single_channel_raw_s231301,0,3,36,1,1.0,1.0
single_channel_raw_s231301,0,3,36,2,0.9999999999999999,0.9999999999999999
single_channel_raw_s231301,0,3,36,3,1.0,1.0
single_channel_raw_s231301,0,3,36,4,0.9999999999999998,0.9999999999999998
single_channel_raw_s231301,0,3,36,5,1.0,1.0
single_channel_raw_s231301,0,3,36,6,1.0,1.0
single_channel_raw_s231301,0,3,36,7,1.0000000000000002,1.0000000000000002
single_channel_raw_s231301,0,3,36,8,1.0,1.0
single_channel_raw_s231301,0,3,36,9,1.0,1.0
single_channel_raw_s231301,0,3,36,10,1.0,1.0
single_channel_raw_s231301,0,3,36,11,1.0,1.0
single_channel_raw_s231301,0,3,36,12,0.9999999999999999,0.9999999999999999
single_channel_raw_s231301,0,3,36,13,1.0,1.0
single_channel_raw_s231301,0,3,36,14,1.0000000000000002,1.0000000000000002
single_channel_raw_s231301,0,3,36,15,1.0,1.0
single_channel_raw_s231301,0,3,36,16,1.0,1.0
single_channel_raw_s231301,0,3,36,17,1.0,1.0
single_channel_raw_s231301,0,3,36,18,1.0,1.0
single_channel_raw_s231301,512,3,36,0,0.9817522567431213,0.9817522567431213
single_channel_raw_s231301,512,3,36,1,0.9880775304403318,0.9880775304403318
single_channel_raw_s231301,512,3,36,2,0.9915032846305889,0.9915032846305889
single_channel_raw_s231301,512,3,36,3,0.9862045299490045,0.9862045299490045
single_channel_raw_s231301,512,3,36,4,0.9988583321995833,0.9988583321995833
single_channel_raw_s231301,512,3,36,5,0.9898807239058756,0.9898807239058756
single_channel_raw_s231301,512,3,36,6,0.9900766227770311,0.9900766227770311
single_channel_raw_s231301,512,3,36,7,0.9931258791285578,0.9931258791285578
single_channel_raw_s231301,512,3,36,8,0.9894038790338361,0.9894038790338361
single_channel_raw_s231301,512,3,36,9,0.9975346622968552,0.9975346622968552
single_channel_raw_s231301,512,3,36,10,0.9996007366065273,0.9996007366065273
single_channel_raw_s231301,512,3,36,11,0.9929275307955323,0.9929275307955323
single_channel_raw_s231301,512,3,36,12,0.99454335238432,0.99454335238432
single_channel_raw_s231301,512,3,36,13,0.9890281878039737,0.9890281878039737
single_channel_raw_s231301,512,3,36,14,0.997627657459792,0.997627657459792
single_channel_raw_s231301,512,3,36,15,0.9849872564619353,0.9849872564619353
single_channel_raw_s231301,512,3,36,16,0.9959923789622233,0.9959923789622233
single_channel_raw_s231301,512,3,36,17,0.9992650346038882,0.9992650346038882
single_channel_raw_s231301,512,3,36,18,0.9921727629121014,0.9921727629121014
single_channel_raw_s231301,1024,3,36,0,0.8820365027202322,0.8820365027202322
single_channel_raw_s231301,1024,3,36,1,0.8867185337982857,0.8867185337982857
single_channel_raw_s231301,1024,3,36,2,0.8589231245629249,0.8589231245629249
single_channel_raw_s231301,1024,3,36,3,0.8266914779558612,0.8266914779558612
single_channel_raw_s231301,1024,3,36,4,0.8284228736389183,0.8284228736389183
single_channel_raw_s231301,1024,3,36,5,0.852072171930919,0.852072171930919
single_channel_raw_s231301,1024,3,36,6,0.8748179000769833,0.8748179000769833
single_channel_raw_s231301,1024,3,36,7,0.8674477803102953,0.8674477803102953
single_channel_raw_s231301,1024,3,36,8,0.81519095453575,0.81519095453575
single_channel_raw_s231301,1024,3,36,9,0.9191826692206069,0.9191826692206069
single_channel_raw_s231301,1024,3,36,10,0.911295927332785,0.911295927332785
single_channel_raw_s231301,1024,3,36,11,0.9015699528603627,0.9015699528603627
single_channel_raw_s231301,1024,3,36,12,0.8734772998209632,0.8734772998209632
single_channel_raw_s231301,1024,3,36,13,0.8760990107891742,0.8760990107891742
single_channel_raw_s231301,1024,3,36,14,0.9044480011484437,0.9044480011484437
single_channel_raw_s231301,1024,3,36,15,0.8952566191416172,0.8952566191416172
single_channel_raw_s231301,1024,3,36,16,0.8861801646309355,0.8861801646309355
single_channel_raw_s231301,1024,3,36,17,0.7981192451846066,0.7981192451846066
single_channel_raw_s231301,1024,3,36,18,0.7958623952655886,0.7958623952655886
single_channel_raw_s231301,2048,3,36,0,0.7798633836150521,0.7798633836150521
single_channel_raw_s231301,2048,3,36,1,0.7789573958984023,0.7789573958984023
single_channel_raw_s231301,2048,3,36,2,0.7776211228018584,0.7776211228018584
single_channel_raw_s231301,2048,3,36,3,0.7450611772196755,0.7450611772196755
single_channel_raw_s231301,2048,3,36,4,0.7385184923007316,0.7385184923007316
single_channel_raw_s231301,2048,3,36,5,0.7365676071818082,0.7365676071818082
single_channel_raw_s231301,2048,3,36,6,0.7974169172819787,0.7974169172819787
single_channel_raw_s231301,2048,3,36,7,0.7929111845649972,0.7929111845649972
single_channel_raw_s231301,2048,3,36,8,0.7377823832163799,0.7377823832163799
single_channel_raw_s231301,2048,3,36,9,0.8334954925230955,0.8334954925230955
single_channel_raw_s231301,2048,3,36,10,0.8346872198086771,0.8346872198086771
single_channel_raw_s231301,2048,3,36,11,0.8194640405330333,0.8194640405330333
single_channel_raw_s231301,2048,3,36,12,0.7902261803516203,0.7902261803516203
single_channel_raw_s231301,2048,3,36,13,0.7964358743824521,0.7964358743824521
single_channel_raw_s231301,2048,3,36,14,0.8163199504955838,0.8163199504955838
single_channel_raw_s231301,2048,3,36,15,0.8043463384689156,0.8043463384689156
single_channel_raw_s231301,2048,3,36,16,0.8183673371515563,0.8183673371515563
single_channel_raw_s231301,2048,3,36,17,0.697053991871186,0.697053991871186
single_channel_raw_s231301,2048,3,36,18,0.7045025810529826,0.7045025810529826
single_channel_raw_s231301,4096,3,36,0,0.7219988416348175,0.7219988416348175
single_channel_raw_s231301,4096,3,36,1,0.7220068758206843,0.7220068758206843
single_channel_raw_s231301,4096,3,36,2,0.71521181625116,0.71521181625116
single_channel_raw_s231301,4096,3,36,3,0.6717298935484032,0.6717298935484032
single_channel_raw_s231301,4096,3,36,4,0.6844301959565461,0.6844301959565461
single_channel_raw_s231301,4096,3,36,5,0.669311305804736,0.669311305804736
single_channel_raw_s231301,4096,3,36,6,0.7352110874156058,0.7352110874156058
single_channel_raw_s231301,4096,3,36,7,0.7313205056776287,0.7313205056776287
single_channel_raw_s231301,4096,3,36,8,0.672732224310959,0.672732224310959
single_channel_raw_s231301,4096,3,36,9,0.77476712869224,0.77476712869224
single_channel_raw_s231301,4096,3,36,10,0.7817569253157585,0.7817569253157585
single_channel_raw_s231301,4096,3,36,11,0.7577458243641517,0.7577458243641517
single_channel_raw_s231301,4096,3,36,12,0.7191627687242488,0.7191627687242488
single_channel_raw_s231301,4096,3,36,13,0.7328885306063451,0.7328885306063451
single_channel_raw_s231301,4096,3,36,14,0.7450945025870707,0.7450945025870707
single_channel_raw_s231301,4096,3,36,15,0.7490823166680299,0.7490823166680299
single_channel_raw_s231301,4096,3,36,16,0.7582844797337349,0.7582844797337349
single_channel_raw_s231301,4096,3,36,17,0.6502008414610395,0.6502008414610395
single_channel_raw_s231301,4096,3,36,18,0.6565535213090825,0.6565535213090825
single_channel_raw_s231301,8192,3,36,0,0.6972974966482618,0.6972974966482618
single_channel_raw_s231301,8192,3,36,1,0.698016158404646,0.698016158404646
single_channel_raw_s231301,8192,3,36,2,0.6900454819723811,0.6900454819723811
single_channel_raw_s231301,8192,3,36,3,0.6488018863762163,0.6488018863762163
single_channel_raw_s231301,8192,3,36,4,0.657567057950589,0.657567057950589
single_channel_raw_s231301,8192,3,36,5,0.6466325922499041,0.6466325922499041
single_channel_raw_s231301,8192,3,36,6,0.7062390302304029,0.7062390302304029
single_channel_raw_s231301,8192,3,36,7,0.7123202171239156,0.7123202171239156
single_channel_raw_s231301,8192,3,36,8,0.6568547011505426,0.6568547011505426
single_channel_raw_s231301,8192,3,36,9,0.7509001259174637,0.7509001259174637
single_channel_raw_s231301,8192,3,36,10,0.7571276664937888,0.7571276664937888
single_channel_raw_s231301,8192,3,36,11,0.7308592919697073,0.7308592919697073
single_channel_raw_s231301,8192,3,36,12,0.6933341593588545,0.6933341593588545
single_channel_raw_s231301,8192,3,36,13,0.7077780987594945,0.7077780987594945
single_channel_raw_s231301,8192,3,36,14,0.7199812428877053,0.7199812428877053
single_channel_raw_s231301,8192,3,36,15,0.7255646088500025,0.7255646088500025
single_channel_raw_s231301,8192,3,36,16,0.7347014822742595,0.7347014822742595
single_channel_raw_s231301,8192,3,36,17,0.6249499435222883,0.6249499435222883
single_channel_raw_s231301,8192,3,36,18,0.631471799310196,0.631471799310196
single_channel_raw_s231303,0,3,36,0,1.0,1.0
single_channel_raw_s231303,0,3,36,1,1.0,1.0
single_channel_raw_s231303,0,3,36,2,0.9999999999999999,0.9999999999999999
single_channel_raw_s231303,0,3,36,3,1.0,1.0
single_channel_raw_s231303,0,3,36,4,0.9999999999999998,0.9999999999999998
single_channel_raw_s231303,0,3,36,5,1.0,1.0
single_channel_raw_s231303,0,3,36,6,1.0,1.0
single_channel_raw_s231303,0,3,36,7,1.0000000000000002,1.0000000000000002
single_channel_raw_s231303,0,3,36,8,1.0,1.0
single_channel_raw_s231303,0,3,36,9,1.0,1.0
single_channel_raw_s231303,0,3,36,10,1.0,1.0
single_channel_raw_s231303,0,3,36,11,1.0,1.0
single_channel_raw_s231303,0,3,36,12,0.9999999999999999,0.9999999999999999
single_channel_raw_s231303,0,3,36,13,1.0,1.0
single_channel_raw_s231303,0,3,36,14,1.0000000000000002,1.0000000000000002
single_channel_raw_s231303,0,3,36,15,1.0,1.0
single_channel_raw_s231303,0,3,36,16,1.0,1.0
single_channel_raw_s231303,0,3,36,17,1.0,1.0
single_channel_raw_s231303,0,3,36,18,1.0,1.0
single_channel_raw_s231303,512,3,36,0,0.8909282501606944,0.8909282501606944
single_channel_raw_s231303,512,3,36,1,0.909990108838592,0.909990108838592
single_channel_raw_s231303,512,3,36,2,0.8700744909122041,0.8700744909122041
single_channel_raw_s231303,512,3,36,3,0.8384146984338001,0.8384146984338001
single_channel_raw_s231303,512,3,36,4,0.864733957949205,0.864733957949205
single_channel_raw_s231303,512,3,36,5,0.8692808382385102,0.8692808382385102
single_channel_raw_s231303,512,3,36,6,0.8922769913916666,0.8922769913916666
single_channel_raw_s231303,512,3,36,7,0.869970702538914,0.869970702538914
single_channel_raw_s231303,512,3,36,8,0.8294388883621566,0.8294388883621566
single_channel_raw_s231303,512,3,36,9,0.9128556304776227,0.9128556304776227
single_channel_raw_s231303,512,3,36,10,0.9214138270872954,0.9214138270872954
single_channel_raw_s231303,512,3,36,11,0.9226661124130713,0.9226661124130713
single_channel_raw_s231303,512,3,36,12,0.8866804552243409,0.8866804552243409
single_channel_raw_s231303,512,3,36,13,0.8897046750817501,0.8897046750817501
single_channel_raw_s231303,512,3,36,14,0.9311328359770109,0.9311328359770109
single_channel_raw_s231303,512,3,36,15,0.8945105088330519,0.8945105088330519
single_channel_raw_s231303,512,3,36,16,0.8841048868368,0.8841048868368
single_channel_raw_s231303,512,3,36,17,0.8384841156791186,0.8384841156791186
single_channel_raw_s231303,512,3,36,18,0.8368101360998144,0.8368101360998144
single_channel_raw_s231303,1024,3,36,0,0.8334391330822472,0.8334391330822472
single_channel_raw_s231303,1024,3,36,1,0.842943730602684,0.842943730602684
single_channel_raw_s231303,1024,3,36,2,0.8208190903575379,0.8208190903575379
single_channel_raw_s231303,1024,3,36,3,0.7872811248081324,0.7872811248081324
single_channel_raw_s231303,1024,3,36,4,0.7937198897751735,0.7937198897751735
single_channel_raw_s231303,1024,3,36,5,0.8019849249580533,0.8019849249580533
single_channel_raw_s231303,1024,3,36,6,0.8381598302726246,0.8381598302726246
single_channel_raw_s231303,1024,3,36,7,0.8175189198664045,0.8175189198664045
single_channel_raw_s231303,1024,3,36,8,0.7826691267088193,0.7826691267088193
single_channel_raw_s231303,1024,3,36,9,0.8576159883694648,0.8576159883694648
single_channel_raw_s231303,1024,3,36,10,0.8624928746945673,0.8624928746945673
single_channel_raw_s231303,1024,3,36,11,0.8679468622220322,0.8679468622220322
single_channel_raw_s231303,1024,3,36,12,0.8330367110908713,0.8330367110908713
single_channel_raw_s231303,1024,3,36,13,0.8382884504442587,0.8382884504442587
single_channel_raw_s231303,1024,3,36,14,0.8655671490055261,0.8655671490055261
single_channel_raw_s231303,1024,3,36,15,0.848305337888042,0.848305337888042
single_channel_raw_s231303,1024,3,36,16,0.8316948521822143,0.8316948521822143
single_channel_raw_s231303,1024,3,36,17,0.7619316752967493,0.7619316752967493
single_channel_raw_s231303,1024,3,36,18,0.7657701750213696,0.7657701750213696
single_channel_raw_s231303,2048,3,36,0,0.7594280010035067,0.7594280010035067
single_channel_raw_s231303,2048,3,36,1,0.7580409023441176,0.7580409023441176
single_channel_raw_s231303,2048,3,36,2,0.75198279097368,0.75198279097368
single_channel_raw_s231303,2048,3,36,3,0.716789191274706,0.716789191274706
single_channel_raw_s231303,2048,3,36,4,0.7300014326206472,0.7300014326206472
single_channel_raw_s231303,2048,3,36,5,0.7172373000866307,0.7172373000866307
single_channel_raw_s231303,2048,3,36,6,0.7767981275100522,0.7767981275100522
single_channel_raw_s231303,2048,3,36,7,0.7567099283879387,0.7567099283879387
single_channel_raw_s231303,2048,3,36,8,0.7144105220735288,0.7144105220735288
single_channel_raw_s231303,2048,3,36,9,0.797148812389618,0.797148812389618
single_channel_raw_s231303,2048,3,36,10,0.810591703691989,0.810591703691989
single_channel_raw_s231303,2048,3,36,11,0.8070969393633453,0.8070969393633453
single_channel_raw_s231303,2048,3,36,12,0.7582075186357654,0.7582075186357654
single_channel_raw_s231303,2048,3,36,13,0.7743078796742434,0.7743078796742434
single_channel_raw_s231303,2048,3,36,14,0.8032849976712384,0.8032849976712384
single_channel_raw_s231303,2048,3,36,15,0.779713471240071,0.779713471240071
single_channel_raw_s231303,2048,3,36,16,0.7762219026941947,0.7762219026941947
single_channel_raw_s231303,2048,3,36,17,0.6907297709389049,0.6907297709389049
single_channel_raw_s231303,2048,3,36,18,0.6923473565752385,0.6923473565752385
single_channel_raw_s231303,4096,3,36,0,0.7409684874128262,0.7409684874128262
single_channel_raw_s231303,4096,3,36,1,0.7481209722080182,0.7481209722080182
single_channel_raw_s231303,4096,3,36,2,0.7296024170509091,0.7296024170509091
single_channel_raw_s231303,4096,3,36,3,0.6893860576534555,0.6893860576534555
single_channel_raw_s231303,4096,3,36,4,0.7113016930025727,0.7113016930025727
single_channel_raw_s231303,4096,3,36,5,0.7012149680666091,0.7012149680666091
single_channel_raw_s231303,4096,3,36,6,0.7555163364078229,0.7555163364078229
single_channel_raw_s231303,4096,3,36,7,0.7361374659139015,0.7361374659139015
single_channel_raw_s231303,4096,3,36,8,0.6937281472932234,0.6937281472932234
single_channel_raw_s231303,4096,3,36,9,0.7715555929272222,0.7715555929272222
single_channel_raw_s231303,4096,3,36,10,0.7864654078551669,0.7864654078551669
single_channel_raw_s231303,4096,3,36,11,0.7736403056430782,0.7736403056430782
single_channel_raw_s231303,4096,3,36,12,0.7441599115390265,0.7441599115390265
single_channel_raw_s231303,4096,3,36,13,0.7485059755306029,0.7485059755306029
single_channel_raw_s231303,4096,3,36,14,0.7771884983358345,0.7771884983358345
single_channel_raw_s231303,4096,3,36,15,0.7603076823164242,0.7603076823164242
single_channel_raw_s231303,4096,3,36,16,0.7531211873646878,0.7531211873646878
single_channel_raw_s231303,4096,3,36,17,0.6777812866268275,0.6777812866268275
single_channel_raw_s231303,4096,3,36,18,0.6787119088089135,0.6787119088089135
single_channel_raw_s231303,8192,3,36,0,0.6993067790410664,0.6993067790410664
single_channel_raw_s231303,8192,3,36,1,0.6965884370459906,0.6965884370459906
single_channel_raw_s231303,8192,3,36,2,0.688229354180012,0.688229354180012
single_channel_raw_s231303,8192,3,36,3,0.6440331754864811,0.6440331754864811
single_channel_raw_s231303,8192,3,36,4,0.6619391309557373,0.6619391309557373
single_channel_raw_s231303,8192,3,36,5,0.642959604227285,0.642959604227285
single_channel_raw_s231303,8192,3,36,6,0.7100755796863144,0.7100755796863144
single_channel_raw_s231303,8192,3,36,7,0.6932816824707227,0.6932816824707227
single_channel_raw_s231303,8192,3,36,8,0.6491265730009793,0.6491265730009793
single_channel_raw_s231303,8192,3,36,9,0.7329784524777725,0.7329784524777725
single_channel_raw_s231303,8192,3,36,10,0.7493624987037758,0.7493624987037758
single_channel_raw_s231303,8192,3,36,11,0.7259865801423466,0.7259865801423466
single_channel_raw_s231303,8192,3,36,12,0.6901583020065564,0.6901583020065564
single_channel_raw_s231303,8192,3,36,13,0.7087528813008138,0.7087528813008138
single_channel_raw_s231303,8192,3,36,14,0.7315626654295336,0.7315626654295336
single_channel_raw_s231303,8192,3,36,15,0.7248174245876977,0.7248174245876977
single_channel_raw_s231303,8192,3,36,16,0.7083383508729747,0.7083383508729747
single_channel_raw_s231303,8192,3,36,17,0.6256524292665937,0.6256524292665937
single_channel_raw_s231303,8192,3,36,18,0.6348776527381246,0.6348776527381246
single_channel_r32_s231301,0,3,36,0,1.0,1.0
single_channel_r32_s231301,0,3,36,1,1.0,1.0
single_channel_r32_s231301,0,3,36,2,0.9999999999999999,1.0
single_channel_r32_s231301,0,3,36,3,1.0,1.0
single_channel_r32_s231301,0,3,36,4,0.9999999999999998,1.0
single_channel_r32_s231301,0,3,36,5,1.0,1.0
single_channel_r32_s231301,0,3,36,6,1.0,1.0
single_channel_r32_s231301,0,3,36,7,1.0000000000000002,1.0
single_channel_r32_s231301,0,3,36,8,1.0,1.0
single_channel_r32_s231301,0,3,36,9,1.0,1.0
single_channel_r32_s231301,0,3,36,10,1.0,1.0
single_channel_r32_s231301,0,3,36,11,1.0,1.0
single_channel_r32_s231301,0,3,36,12,0.9999999999999999,1.0
single_channel_r32_s231301,0,3,36,13,1.0,1.0
single_channel_r32_s231301,0,3,36,14,1.0000000000000002,1.0
single_channel_r32_s231301,0,3,36,15,1.0,1.0
single_channel_r32_s231301,0,3,36,16,1.0,1.0
single_channel_r32_s231301,0,3,36,17,1.0,1.0
single_channel_r32_s231301,0,3,36,18,1.0,1.0
single_channel_r32_s231301,512,3,36,0,0.9255380442529962,0.9205867664520238
single_channel_r32_s231301,512,3,36,1,0.9389269915867857,0.9347453586731689
single_channel_r32_s231301,512,3,36,2,0.8953579588470942,0.889348510684245
single_channel_r32_s231301,512,3,36,3,0.8569143168958674,0.8488107866915956
single_channel_r32_s231301,512,3,36,4,0.8992814853616528,0.8931254350409082
single_channel_r32_s231301,512,3,36,5,0.8942361658632232,0.8882299570731684
single_channel_r32_s231301,512,3,36,6,0.9165675832465974,0.9127426831472173
single_channel_r32_s231301,512,3,36,7,0.885228922607164,0.8797329477579094
single_channel_r32_s231301,512,3,36,8,0.8469849706739555,0.838703346526864
single_channel_r32_s231301,512,3,36,9,0.9284325204100716,0.9231514909710276
single_channel_r32_s231301,512,3,36,10,0.9448643963284303,0.9405019245727152
single_channel_r32_s231301,512,3,36,11,0.9456819007333898,0.9433789912262396
single_channel_r32_s231301,512,3,36,12,0.9023601227746941,0.89664325288854
single_channel_r32_s231301,512,3,36,13,0.9138632090545675,0.9073386715258392
single_channel_r32_s231301,512,3,36,14,0.9542401507955861,0.9522056539283444
single_channel_r32_s231301,512,3,36,15,0.9342553311996818,0.9298525151851997
single_channel_r32_s231301,512,3,36,16,0.9005255570291899,0.8951194368708917
single_channel_r32_s231301,512,3,36,17,0.8779650125317119,0.8713576213389698
single_channel_r32_s231301,512,3,36,18,0.8776225551218763,0.870083824027564
single_channel_r32_s231301,1024,3,36,0,0.8279277130923645,0.816691179198654
single_channel_r32_s231301,1024,3,36,1,0.833612535243345,0.8225617950874347
single_channel_r32_s231301,1024,3,36,2,0.8123537001694789,0.8017231163642952
single_channel_r32_s231301,1024,3,36,3,0.7785380294798439,0.7662875540241357
single_channel_r32_s231301,1024,3,36,4,0.7683732584080338,0.7542930718234886
single_channel_r32_s231301,1024,3,36,5,0.8073308563256494,0.7965620361355621
single_channel_r32_s231301,1024,3,36,6,0.8258292331136388,0.817802729948455
single_channel_r32_s231301,1024,3,36,7,0.813454980464219,0.8047235210835003
single_channel_r32_s231301,1024,3,36,8,0.7710314840420365,0.7590048567164956
single_channel_r32_s231301,1024,3,36,9,0.8465808466019648,0.8354840933502627
single_channel_r32_s231301,1024,3,36,10,0.8528989487301362,0.8414279335932917
single_channel_r32_s231301,1024,3,36,11,0.8489409058036651,0.8427000039343545
single_channel_r32_s231301,1024,3,36,12,0.827920448280606,0.8180851032352039
single_channel_r32_s231301,1024,3,36,13,0.8275875731032954,0.8148701808668598
single_channel_r32_s231301,1024,3,36,14,0.8434802927876439,0.8366376058705681
single_channel_r32_s231301,1024,3,36,15,0.8423083880828323,0.831970736950137
single_channel_r32_s231301,1024,3,36,16,0.8278950764951042,0.8187422356737167
single_channel_r32_s231301,1024,3,36,17,0.7279342043117546,0.7134294775200324
single_channel_r32_s231301,1024,3,36,18,0.7352991355282409,0.7193029373010873
single_channel_r32_s231301,2048,3,36,0,0.7608007661475314,0.7453257794486908
single_channel_r32_s231301,2048,3,36,1,0.7532590957867877,0.7370146802671915
single_channel_r32_s231301,2048,3,36,2,0.7577056352172995,0.7440718694164216
single_channel_r32_s231301,2048,3,36,3,0.7198142656863573,0.7043579901556455
single_channel_r32_s231301,2048,3,36,4,0.7229054960427531,0.7061825865596617
single_channel_r32_s231301,2048,3,36,5,0.7169498569845236,0.7010894010441242
single_channel_r32_s231301,2048,3,36,6,0.7747263966478803,0.7645732345030947
single_channel_r32_s231301,2048,3,36,7,0.7675329138222863,0.7566905817787799
single_channel_r32_s231301,2048,3,36,8,0.7149151202511573,0.6999445279354136
single_channel_r32_s231301,2048,3,36,9,0.791549670430189,0.7766575892693657
single_channel_r32_s231301,2048,3,36,10,0.8054520170072975,0.7904475207826288
single_channel_r32_s231301,2048,3,36,11,0.7980607870629555,0.7897978077233478
single_channel_r32_s231301,2048,3,36,12,0.7641660259515535,0.7506901793766942
single_channel_r32_s231301,2048,3,36,13,0.7707999689259847,0.7540525538317491
single_channel_r32_s231301,2048,3,36,14,0.7834389208695725,0.7742122566051004
single_channel_r32_s231301,2048,3,36,15,0.783281770073089,0.7692375114899493
single_channel_r32_s231301,2048,3,36,16,0.7885602324471989,0.7773618797336612
single_channel_r32_s231301,2048,3,36,17,0.6822562485436229,0.66536083695413
single_channel_r32_s231301,2048,3,36,18,0.6867302321322439,0.6678220572655477
single_channel_r32_s231301,4096,3,36,0,0.7260988168991379,0.7086807510070047
single_channel_r32_s231301,4096,3,36,1,0.7210678411682441,0.7028697672492655
single_channel_r32_s231301,4096,3,36,2,0.7204541282327557,0.7048133755421332
single_channel_r32_s231301,4096,3,36,3,0.670445085216008,0.6522882966462287
single_channel_r32_s231301,4096,3,36,4,0.6871871122430803,0.6684943851046539
single_channel_r32_s231301,4096,3,36,5,0.6709229153963373,0.6526430260774055
single_channel_r32_s231301,4096,3,36,6,0.7372275458689189,0.7254731223522916
single_channel_r32_s231301,4096,3,36,7,0.725208279738345,0.7124696972699776
single_channel_r32_s231301,4096,3,36,8,0.6715746910293835,0.6544454461638487
single_channel_r32_s231301,4096,3,36,9,0.7569508085478671,0.739583808236802
single_channel_r32_s231301,4096,3,36,10,0.7732243589529221,0.7559356742001726
single_channel_r32_s231301,4096,3,36,11,0.755461758231751,0.7455675196322545
single_channel_r32_s231301,4096,3,36,12,0.7182654720701916,0.7023070893730929
single_channel_r32_s231301,4096,3,36,13,0.7342459344995116,0.715023184910896
single_channel_r32_s231301,4096,3,36,14,0.741405116254198,0.7303351477114659
single_channel_r32_s231301,4096,3,36,15,0.7506183440863672,0.7346826456078425
single_channel_r32_s231301,4096,3,36,16,0.7466119574552933,0.73328377345292
single_channel_r32_s231301,4096,3,36,17,0.647836023525965,0.6292280315758167
single_channel_r32_s231301,4096,3,36,18,0.6528926842654109,0.6322084935906012
single_channel_r32_s231301,8192,3,36,0,0.6993552947757894,0.6803893491901492
single_channel_r32_s231301,8192,3,36,1,0.6965321696631929,0.6769916107835628
single_channel_r32_s231301,8192,3,36,2,0.6886209113031196,0.6714661150981961
single_channel_r32_s231301,8192,3,36,3,0.6317533203264508,0.6117074763808815
single_channel_r32_s231301,8192,3,36,4,0.6518629131951039,0.6312769885877758
single_channel_r32_s231301,8192,3,36,5,0.6376493018317102,0.6177737433669234
single_channel_r32_s231301,8192,3,36,6,0.7055203501897243,0.6925804570685509
single_channel_r32_s231301,8192,3,36,7,0.696628422934194,0.6826295325491621
single_channel_r32_s231301,8192,3,36,8,0.6372114274963443,0.6184278936492591
single_channel_r32_s231301,8192,3,36,9,0.7308156386987394,0.7119375592897189
single_channel_r32_s231301,8192,3,36,10,0.7442693932891029,0.7252466033381592
single_channel_r32_s231301,8192,3,36,11,0.7199049433618996,0.7086665394367605
single_channel_r32_s231301,8192,3,36,12,0.6865417018953327,0.6689837896656723
single_channel_r32_s231301,8192,3,36,13,0.703327587567205,0.682057520922501
single_channel_r32_s231301,8192,3,36,14,0.711147388935536,0.6988287619021941
single_channel_r32_s231301,8192,3,36,15,0.7252797103583882,0.7078775937793933
single_channel_r32_s231301,8192,3,36,16,0.7155195238059664,0.7006094502381129
single_channel_r32_s231301,8192,3,36,17,0.6160937202486095,0.5960209205589777
single_channel_r32_s231301,8192,3,36,18,0.6253865869915425,0.603263318988403
single_channel_r32_s231303,0,3,36,0,1.0,1.0
single_channel_r32_s231303,0,3,36,1,1.0,1.0
single_channel_r32_s231303,0,3,36,2,0.9999999999999999,1.0
single_channel_r32_s231303,0,3,36,3,1.0,1.0
single_channel_r32_s231303,0,3,36,4,0.9999999999999998,1.0
single_channel_r32_s231303,0,3,36,5,1.0,1.0
single_channel_r32_s231303,0,3,36,6,1.0,1.0
single_channel_r32_s231303,0,3,36,7,1.0000000000000002,1.0
single_channel_r32_s231303,0,3,36,8,1.0,1.0
single_channel_r32_s231303,0,3,36,9,1.0,1.0
single_channel_r32_s231303,0,3,36,10,1.0,1.0
single_channel_r32_s231303,0,3,36,11,1.0,1.0
single_channel_r32_s231303,0,3,36,12,0.9999999999999999,1.0
single_channel_r32_s231303,0,3,36,13,1.0,1.0
single_channel_r32_s231303,0,3,36,14,1.0000000000000002,1.0
single_channel_r32_s231303,0,3,36,15,1.0,1.0
single_channel_r32_s231303,0,3,36,16,1.0,1.0
single_channel_r32_s231303,0,3,36,17,1.0,1.0
single_channel_r32_s231303,0,3,36,18,1.0,1.0
single_channel_r32_s231303,512,3,36,0,0.9997604034897349,0.999743354498401
single_channel_r32_s231303,512,3,36,1,1.0000273057950344,1.000027993139708
single_channel_r32_s231303,512,3,36,2,0.9997614549493292,0.9997482397099946
single_channel_r32_s231303,512,3,36,3,0.9995478116937805,0.9995216731012936
single_channel_r32_s231303,512,3,36,4,1.0000090151159,1.0000089427675622
single_channel_r32_s231303,512,3,36,5,0.9995553651808556,0.9995295332597239
single_channel_r32_s231303,512,3,36,6,0.9997312693858115,0.9997186914922235
single_channel_r32_s231303,512,3,36,7,0.9998111505244702,0.999801016996267
single_channel_r32_s231303,512,3,36,8,0.9997206215309447,0.9997053560633459
single_channel_r32_s231303,512,3,36,9,0.9999361141417855,0.999931625058704
single_channel_r32_s231303,512,3,36,10,0.9999986130202841,0.9999987652904092
single_channel_r32_s231303,512,3,36,11,0.9997876334783606,0.9997791402683448
single_channel_r32_s231303,512,3,36,12,0.9996757559104648,0.9996576386383443
single_channel_r32_s231303,512,3,36,13,0.9997558055623578,0.9997371965073265
single_channel_r32_s231303,512,3,36,14,0.9999641949355809,0.9999625669097711
single_channel_r32_s231303,512,3,36,15,0.9999485104464617,0.9999457409753796
single_channel_r32_s231303,512,3,36,16,1.0000137745069835,1.000015033094707
single_channel_r32_s231303,512,3,36,17,0.9999415350277008,0.9999387247300949
single_channel_r32_s231303,512,3,36,18,0.9997669967635066,0.9997526040407083
single_channel_r32_s231303,1024,3,36,0,0.9712909785841177,0.9693179852112517
single_channel_r32_s231303,1024,3,36,1,0.9796446788730463,0.9782164876478704
single_channel_r32_s231303,1024,3,36,2,0.977204081656179,0.9758663445469812
single_channel_r32_s231303,1024,3,36,3,0.9435580675236189,0.9403404881343788
single_channel_r32_s231303,1024,3,36,4,0.9895281825737157,0.9888589067930917
single_channel_r32_s231303,1024,3,36,5,0.9673635779491113,0.9655130057490814
single_channel_r32_s231303,1024,3,36,6,0.9773739481710473,0.9763125123188022
single_channel_r32_s231303,1024,3,36,7,0.9570735097176796,0.9550403597570515
single_channel_r32_s231303,1024,3,36,8,0.9326012488689368,0.928951107895996
single_channel_r32_s231303,1024,3,36,9,0.979451788672149,0.9779388218608625
single_channel_r32_s231303,1024,3,36,10,0.9929781346760256,0.9924325997056374
single_channel_r32_s231303,1024,3,36,11,0.9869330770471786,0.9864108313988295
single_channel_r32_s231303,1024,3,36,12,0.9700381507747383,0.9682717476432403
single_channel_r32_s231303,1024,3,36,13,0.9726538552036206,0.9705573901896412
single_channel_r32_s231303,1024,3,36,14,0.9905124936064212,0.990080263106363
single_channel_r32_s231303,1024,3,36,15,0.9751794163703534,0.9734713016865891
single_channel_r32_s231303,1024,3,36,16,0.9778820698396072,0.9766818718450005
single_channel_r32_s231303,1024,3,36,17,0.9919307772322055,0.9914758586889445
single_channel_r32_s231303,1024,3,36,18,0.9807981652339883,0.9795883213628177
single_channel_r32_s231303,2048,3,36,0,0.8376047700228595,0.8269318956367364
single_channel_r32_s231303,2048,3,36,1,0.8482752237082317,0.8380873916811759
single_channel_r32_s231303,2048,3,36,2,0.8292727227662053,0.8195698488321195
single_channel_r32_s231303,2048,3,36,3,0.7901118526003742,0.7784643179760946
single_channel_r32_s231303,2048,3,36,4,0.7766340763629258,0.7630123888686148
single_channel_r32_s231303,2048,3,36,5,0.7996414834887828,0.788285566750966
single_channel_r32_s231303,2048,3,36,6,0.8416619009303241,0.8344208399078666
single_channel_r32_s231303,2048,3,36,7,0.8284317226357847,0.8203604639326624
single_channel_r32_s231303,2048,3,36,8,0.7800868884716443,0.7684434555220434
single_channel_r32_s231303,2048,3,36,9,0.8567544449483243,0.8461737573785458
single_channel_r32_s231303,2048,3,36,10,0.8638863797448979,0.8532023975734144
single_channel_r32_s231303,2048,3,36,11,0.8711100452900872,0.8657545433639835
single_channel_r32_s231303,2048,3,36,12,0.8419347396204715,0.8328163464078084
single_channel_r32_s231303,2048,3,36,13,0.8370535728191957,0.825028771698218
single_channel_r32_s231303,2048,3,36,14,0.888394389978877,0.8834782490798128
single_channel_r32_s231303,2048,3,36,15,0.8703538828553911,0.8617489472595407
single_channel_r32_s231303,2048,3,36,16,0.8557876482823482,0.8480941428188294
single_channel_r32_s231303,2048,3,36,17,0.7299331827000513,0.7154756878956363
single_channel_r32_s231303,2048,3,36,18,0.7456869769149382,0.7302103224138514
single_channel_r32_s231303,4096,3,36,0,0.7649279807534078,0.7496203465379496
single_channel_r32_s231303,4096,3,36,1,0.7601713456879438,0.7443084942954972
single_channel_r32_s231303,4096,3,36,2,0.7555641300569425,0.7419118378089831
single_channel_r32_s231303,4096,3,36,3,0.7036568036456897,0.6873169063283251
single_channel_r32_s231303,4096,3,36,4,0.7143867685769545,0.6971009156369227
single_channel_r32_s231303,4096,3,36,5,0.7025445040624138,0.6859209613372774
single_channel_r32_s231303,4096,3,36,6,0.7778872439347742,0.7678840407706139
single_channel_r32_s231303,4096,3,36,7,0.7614475692845973,0.7502770002688399
single_channel_r32_s231303,4096,3,36,8,0.6986632461022626,0.6827909276993078
single_channel_r32_s231303,4096,3,36,9,0.7872042958304192,0.7719736020034355
single_channel_r32_s231303,4096,3,36,10,0.8011704910247435,0.7860043493316581
single_channel_r32_s231303,4096,3,36,11,0.8061026878076857,0.798181484609425
single_channel_r32_s231303,4096,3,36,12,0.7574033170167747,0.7435159841946627
single_channel_r32_s231303,4096,3,36,13,0.764014140759855,0.7468073629768244
single_channel_r32_s231303,4096,3,36,14,0.8108246139872958,0.8026188601728408
single_channel_r32_s231303,4096,3,36,15,0.8076729613565841,0.7951241703330265
single_channel_r32_s231303,4096,3,36,16,0.7990489169478422,0.7884029803334522
single_channel_r32_s231303,4096,3,36,17,0.663025378021726,0.6451589229312228
single_channel_r32_s231303,4096,3,36,18,0.6813203271067999,0.662042587353446
single_channel_r32_s231303,8192,3,36,0,0.7356288498028054,0.7187161668304815
single_channel_r32_s231303,8192,3,36,1,0.7309678395785678,0.7134060407378627
single_channel_r32_s231303,8192,3,36,2,0.7200937325465745,0.7045030406259927
single_channel_r32_s231303,8192,3,36,3,0.6652276480853282,0.6468097199198484
single_channel_r32_s231303,8192,3,36,4,0.6843331779127292,0.6653539059512003
single_channel_r32_s231303,8192,3,36,5,0.6682079842034503,0.6498486991805803
single_channel_r32_s231303,8192,3,36,6,0.744439672490395,0.7329613481069641
single_channel_r32_s231303,8192,3,36,7,0.7335463707342247,0.7211717828998396
single_channel_r32_s231303,8192,3,36,8,0.6674910581782345,0.6500392471541794
single_channel_r32_s231303,8192,3,36,9,0.7582024702549073,0.7412366445628847
single_channel_r32_s231303,8192,3,36,10,0.7736111773154521,0.7565411055105185
single_channel_r32_s231303,8192,3,36,11,0.7654837197610639,0.7558696290584359
single_channel_r32_s231303,8192,3,36,12,0.7214146700916201,0.705720712269546
single_channel_r32_s231303,8192,3,36,13,0.7304556732862466,0.7108964236184403
single_channel_r32_s231303,8192,3,36,14,0.792760736829828,0.7838780101362247
single_channel_r32_s231303,8192,3,36,15,0.7898038211840467,0.7763495560192107
single_channel_r32_s231303,8192,3,36,16,0.7607916463033267,0.7481614953547526
single_channel_r32_s231303,8192,3,36,17,0.6374698356215337,0.6183601203290195
single_channel_r32_s231303,8192,3,36,18,0.6549406523242974,0.6341192499297611
