parent_index,pdb_id,position,arm,noise,reference,includes_wt,spearman,top1_match,top1_regret,normalized_regret,exact_task_range,low_task_range,task_mae,top3_recall,top5_recall
7,1a8r,39,baseline,225001,exact,False,1.0,True,0.0,0.0,0.061793394621272535,False,3.522307867470361e-05,1.0,1.0
7,1a8r,39,baseline,225001,exact,True,1.0,True,0.0,0.0,0.06606796512706514,False,3.346192474096843e-05,1.0,1.0
7,1a8r,39,baseline,225001,baseline,False,1.0,True,0.0,0.0,0.06184427740211185,False,0.0,1.0,1.0
7,1a8r,39,baseline,225001,baseline,True,1.0,True,0.0,0.0,0.06608698695442428,False,0.0,1.0,1.0
7,1a8r,39,baseline,225011,exact,False,0.9982456140350877,True,0.0,0.0,0.047548417372821006,False,7.324993578905481e-05,1.0,1.0
7,1a8r,39,baseline,225011,exact,True,0.9984962406015038,True,0.0,0.0,0.05541926740437014,False,6.958743899960207e-05,1.0,1.0
7,1a8r,39,baseline,225011,baseline,False,1.0,True,0.0,0.0,0.04737774008918,False,0.0,1.0,1.0
7,1a8r,39,baseline,225011,baseline,True,1.0,True,0.0,0.0,0.05541411833664134,False,0.0,1.0,1.0
7,1a8r,39,channel_k0,225001,exact,False,0.40350877192982454,False,0.024339447070462705,0.39388428519969654,0.061793394621272535,False,0.031591530237400134,0.3333333333333333,0.6
7,1a8r,39,channel_k0,225001,exact,True,0.312781954887218,False,0.028614017576255313,0.433099725732788,0.06606796512706514,False,0.030011953725530126,0.0,0.6
7,1a8r,39,channel_k0,225001,baseline,False,0.40350877192982454,False,0.024314817584213277,0.3931619643013725,0.06184427740211185,False,0.03159686633589467,0.3333333333333333,0.6
7,1a8r,39,channel_k0,225001,baseline,True,0.312781954887218,False,0.028557527136525707,0.43212027741891,0.06608698695442428,False,0.03001702301909993,0.0,0.6
7,1a8r,39,channel_k0,225011,exact,False,-0.02456140350877193,False,0.009587897385750055,0.20164493195583333,0.047548417372821006,False,0.027144313716238676,0.0,0.0
7,1a8r,39,channel_k0,225011,exact,True,-0.09022556390977443,False,0.017458747417299192,0.3150302816150627,0.05541926740437014,False,0.025787098030426742,0.0,0.0
7,1a8r,39,channel_k0,225011,baseline,False,-0.03333333333333333,False,0.009500938209302479,0.20053590972086652,0.04737774008918,False,0.027201778733578364,0.0,0.0
7,1a8r,39,channel_k0,225011,baseline,True,-0.09774436090225563,False,0.01753731645676382,0.316477406537887,0.05541411833664134,False,0.025841689796899447,0.0,0.0
7,1a8r,39,channel_k4,225001,exact,False,0.9491228070175438,False,0.005283505836849556,0.08550276075997766,0.061793394621272535,False,0.01020575156759914,0.6666666666666666,0.8
7,1a8r,39,channel_k4,225001,exact,True,0.956390977443609,True,0.0,0.0,0.06606796512706514,False,0.009695463989219184,0.3333333333333333,1.0
7,1a8r,39,channel_k4,225001,baseline,False,0.9491228070175438,False,0.005370321943369838,0.08683619841577214,0.06184427740211185,False,0.010214441450670532,0.6666666666666666,0.8
7,1a8r,39,channel_k4,225001,baseline,True,0.956390977443609,True,0.0,0.0,0.06608698695442428,False,0.009703719378137004,0.3333333333333333,1.0
7,1a8r,39,channel_k4,225011,exact,False,0.9245614035087718,False,0.004721466948631958,0.09929808833828359,0.047548417372821006,False,0.01040874738297086,0.6666666666666666,1.0
7,1a8r,39,channel_k4,225011,exact,True,0.9353383458646616,True,0.0,0.0,0.05541926740437014,False,0.009888310013822316,0.3333333333333333,0.8
7,1a8r,39,channel_k4,225011,baseline,False,0.9210526315789472,False,0.0045807068029364295,0.0966847889813672,0.04737774008918,False,0.01046621240031055,0.6666666666666666,1.0
7,1a8r,39,channel_k4,225011,baseline,True,0.932330827067669,True,0.0,0.0,0.05541411833664134,False,0.009942901780295022,0.3333333333333333,0.8
7,1a8r,39,channel_k8,225001,exact,False,0.9771929824561404,False,0.005283505836849556,0.08550276075997766,0.061793394621272535,False,0.005876813981396734,0.6666666666666666,0.8
7,1a8r,39,channel_k8,225001,exact,True,0.9804511278195487,True,0.0,0.0,0.06606796512706514,False,0.005582973282326898,0.6666666666666666,1.0
7,1a8r,39,channel_k8,225001,baseline,False,0.9771929824561404,False,0.005370321943369838,0.08683619841577214,0.06184427740211185,False,0.005885503864468125,0.6666666666666666,0.8
7,1a8r,39,channel_k8,225001,baseline,True,0.9804511278195487,True,0.0,0.0,0.06608698695442428,False,0.005591228671244719,0.6666666666666666,1.0
7,1a8r,39,channel_k8,225011,exact,False,0.956140350877193,False,0.004721466948631958,0.09929808833828359,0.047548417372821006,False,0.0057314423702920945,0.6666666666666666,1.0
7,1a8r,39,channel_k8,225011,exact,True,0.9624060150375938,True,0.0,0.0,0.05541926740437014,False,0.00544487025177749,0.3333333333333333,0.8
7,1a8r,39,channel_k8,225011,baseline,False,0.9543859649122807,False,0.0045807068029364295,0.0966847889813672,0.04737774008918,False,0.0057889073876317846,0.6666666666666666,1.0
7,1a8r,39,channel_k8,225011,baseline,True,0.9609022556390976,True,0.0,0.0,0.05541411833664134,False,0.005499462018250195,0.3333333333333333,0.8
7,1a8r,39,channel_k16,225001,exact,False,0.9824561403508772,True,0.0,0.0,0.061793394621272535,False,0.0035837951971528503,1.0,0.8
7,1a8r,39,channel_k16,225001,exact,True,0.9849624060150375,True,0.0,0.0,0.06606796512706514,False,0.0034046054372952076,0.6666666666666666,1.0
7,1a8r,39,channel_k16,225001,baseline,False,0.9824561403508772,True,0.0,0.0,0.06184427740211185,False,0.003596131481285549,1.0,0.8
7,1a8r,39,channel_k16,225001,baseline,True,0.9849624060150375,True,0.0,0.0,0.06608698695442428,False,0.0034163249072212713,0.6666666666666666,1.0
7,1a8r,39,channel_k16,225011,exact,False,0.9859649122807018,True,0.0,0.0,0.047548417372821006,False,0.0023553829325344993,1.0,1.0
7,1a8r,39,channel_k16,225011,exact,True,0.9879699248120299,True,0.0,0.0,0.05541926740437014,False,0.0022376137859077745,0.6666666666666666,0.8
7,1a8r,39,channel_k16,225011,baseline,False,0.987719298245614,True,0.0,0.0,0.04737774008918,False,0.002400829580493798,1.0,1.0
7,1a8r,39,channel_k16,225011,baseline,True,0.9894736842105262,True,0.0,0.0,0.05541411833664134,False,0.0022807881014691085,0.6666666666666666,0.8
7,1a8r,39,channel_k32,225001,exact,False,0.987719298245614,True,0.0,0.0,0.061793394621272535,False,0.0016930352703534916,1.0,0.8
7,1a8r,39,channel_k32,225001,exact,True,0.9894736842105262,True,0.0,0.0,0.06606796512706514,False,0.0016083835068358171,1.0,1.0
7,1a8r,39,channel_k32,225001,baseline,False,0.987719298245614,True,0.0,0.0,0.06184427740211185,False,0.0017053715544861903,1.0,0.8
7,1a8r,39,channel_k32,225001,baseline,True,0.9894736842105262,True,0.0,0.0,0.06608698695442428,False,0.0016201029767618808,1.0,1.0
7,1a8r,39,channel_k32,225011,exact,False,0.9894736842105263,True,0.0,0.0,0.047548417372821006,False,0.0008402476138663978,1.0,1.0
7,1a8r,39,channel_k32,225011,exact,True,0.9909774436090225,True,0.0,0.0,0.05541926740437014,False,0.000798235233173078,0.6666666666666666,1.0
7,1a8r,39,channel_k32,225011,baseline,False,0.9912280701754386,True,0.0,0.0,0.04737774008918,False,0.0008608976599724898,1.0,1.0
7,1a8r,39,channel_k32,225011,baseline,True,0.9924812030075187,True,0.0,0.0,0.05541411833664134,False,0.0008178527769738652,0.6666666666666666,1.0
7,1a8r,39,channel_k64,225001,exact,False,0.9982456140350877,True,0.0,0.0,0.061793394621272535,False,0.00026187958202427374,1.0,1.0
7,1a8r,39,channel_k64,225001,exact,True,0.9984962406015038,True,0.0,0.0,0.06606796512706514,False,0.00024878560292306007,1.0,1.0
7,1a8r,39,channel_k64,225001,baseline,False,0.9982456140350877,True,0.0,0.0,0.06184427740211185,False,0.0002659922714790512,1.0,1.0
7,1a8r,39,channel_k64,225001,baseline,True,0.9984962406015038,True,0.0,0.0,0.06608698695442428,False,0.00025269265790509867,1.0,1.0
7,1a8r,39,channel_k64,225011,exact,False,0.9982456140350877,True,0.0,0.0,0.047548417372821006,False,0.00022092406814221946,1.0,1.0
7,1a8r,39,channel_k64,225011,exact,True,0.9984962406015038,True,0.0,0.0,0.05541926740437014,False,0.0002098778647351085,1.0,1.0
7,1a8r,39,channel_k64,225011,baseline,False,1.0,True,0.0,0.0,0.04737774008918,False,0.0001850104555703067,1.0,1.0
7,1a8r,39,channel_k64,225011,baseline,True,1.0,True,0.0,0.0,0.05541411833664134,False,0.00017575993279179137,1.0,1.0
7,1a8r,39,channel_kfull,225001,exact,False,1.0,True,0.0,0.0,0.061793394621272535,False,3.522307867470361e-05,1.0,1.0
7,1a8r,39,channel_kfull,225001,exact,True,1.0,True,0.0,0.0,0.06606796512706514,False,3.346192474096843e-05,1.0,1.0
7,1a8r,39,channel_kfull,225001,baseline,False,1.0,True,0.0,0.0,0.06184427740211185,False,0.0,1.0,1.0
7,1a8r,39,channel_kfull,225001,baseline,True,1.0,True,0.0,0.0,0.06608698695442428,False,0.0,1.0,1.0
7,1a8r,39,channel_kfull,225011,exact,False,0.9982456140350877,True,0.0,0.0,0.047548417372821006,False,7.324993578905481e-05,1.0,1.0
7,1a8r,39,channel_kfull,225011,exact,True,0.9984962406015038,True,0.0,0.0,0.05541926740437014,False,6.958743899960207e-05,1.0,1.0
7,1a8r,39,channel_kfull,225011,baseline,False,1.0,True,0.0,0.0,0.04737774008918,False,0.0,1.0,1.0
7,1a8r,39,channel_kfull,225011,baseline,True,1.0,True,0.0,0.0,0.05541411833664134,False,0.0,1.0,1.0
7,1a8r,39,shared_k0,225001,exact,False,0.40350877192982454,False,0.024339447070462705,0.39388428519969654,0.061793394621272535,False,0.031591530237400134,0.3333333333333333,0.6
7,1a8r,39,shared_k0,225001,exact,True,0.312781954887218,False,0.028614017576255313,0.433099725732788,0.06606796512706514,False,0.030011953725530126,0.0,0.6
7,1a8r,39,shared_k0,225001,baseline,False,0.40350877192982454,False,0.024314817584213277,0.3931619643013725,0.06184427740211185,False,0.03159686633589467,0.3333333333333333,0.6
7,1a8r,39,shared_k0,225001,baseline,True,0.312781954887218,False,0.028557527136525707,0.43212027741891,0.06608698695442428,False,0.03001702301909993,0.0,0.6
7,1a8r,39,shared_k0,225011,exact,False,-0.02456140350877193,False,0.009587897385750055,0.20164493195583333,0.047548417372821006,False,0.027144313716238676,0.0,0.0
7,1a8r,39,shared_k0,225011,exact,True,-0.09022556390977443,False,0.017458747417299192,0.3150302816150627,0.05541926740437014,False,0.025787098030426742,0.0,0.0
7,1a8r,39,shared_k0,225011,baseline,False,-0.03333333333333333,False,0.009500938209302479,0.20053590972086652,0.04737774008918,False,0.027201778733578364,0.0,0.0
7,1a8r,39,shared_k0,225011,baseline,True,-0.09774436090225563,False,0.01753731645676382,0.316477406537887,0.05541411833664134,False,0.025841689796899447,0.0,0.0
7,1a8r,39,shared_k4,225001,exact,False,0.6701754385964912,False,0.012320098923213119,0.19937566140721283,0.061793394621272535,False,0.026448817953981848,0.3333333333333333,0.6
7,1a8r,39,shared_k4,225001,exact,True,0.6045112781954887,False,0.016594669429005726,0.2511757308869744,0.06606796512706514,False,0.025126377056282755,0.0,0.6
7,1a8r,39,shared_k4,225001,baseline,False,0.6701754385964912,False,0.01232790928062033,0.19933791449230126,0.06184427740211185,False,0.026454154052476378,0.3333333333333333,0.6
7,1a8r,39,shared_k4,225001,baseline,True,0.6045112781954887,False,0.01657061883293276,0.25073951161308644,0.06608698695442428,False,0.02513144634985256,0.0,0.6
7,1a8r,39,shared_k4,225011,exact,False,0.6807017543859648,False,0.009587897385750055,0.20164493195583333,0.047548417372821006,False,0.02304618743516575,0.3333333333333333,0.6
7,1a8r,39,shared_k4,225011,exact,True,0.6481203007518795,False,0.017458747417299192,0.3150302816150627,0.05541926740437014,False,0.021893878063407462,0.0,0.4
7,1a8r,39,shared_k4,225011,baseline,False,0.6719298245614035,False,0.009500938209302479,0.20053590972086652,0.04737774008918,False,0.02310365245250544,0.3333333333333333,0.6
7,1a8r,39,shared_k4,225011,baseline,True,0.6390977443609022,False,0.01753731645676382,0.316477406537887,0.05541411833664134,False,0.02194846982988017,0.0,0.4
7,1a8r,39,shared_k8,225001,exact,False,0.7666666666666666,False,0.012320098923213119,0.19937566140721283,0.061793394621272535,False,0.02028318739745365,0.6666666666666666,0.6
7,1a8r,39,shared_k8,225001,exact,True,0.7699248120300751,False,0.016594669429005726,0.2511757308869744,0.06606796512706514,False,0.019269028027580966,0.3333333333333333,0.8
7,1a8r,39,shared_k8,225001,baseline,False,0.7666666666666666,False,0.01232790928062033,0.19933791449230126,0.06184427740211185,False,0.02028852349594818,0.6666666666666666,0.6
7,1a8r,39,shared_k8,225001,baseline,True,0.7699248120300751,False,0.01657061883293276,0.25073951161308644,0.06608698695442428,False,0.01927409732115077,0.3333333333333333,0.8
7,1a8r,39,shared_k8,225011,exact,False,0.8333333333333334,True,0.0,0.0,0.047548417372821006,False,0.017802330435598774,0.3333333333333333,0.8
7,1a8r,39,shared_k8,225011,exact,True,0.8390977443609022,False,0.007870850031549137,0.1420237112504391,0.05541926740437014,False,0.016912213913818835,0.3333333333333333,0.6
7,1a8r,39,shared_k8,225011,baseline,False,0.8245614035087718,True,0.0,0.0,0.04737774008918,False,0.017859795452938466,0.3333333333333333,0.8
7,1a8r,39,shared_k8,225011,baseline,True,0.831578947368421,False,0.00803637824746134,0.145024020749374,0.05541411833664134,False,0.01696680568029154,0.3333333333333333,0.6
7,1a8r,39,shared_k16,225001,exact,False,0.8947368421052632,False,0.005283505836849556,0.08550276075997766,0.061793394621272535,False,0.013598723863471641,0.6666666666666666,0.8
7,1a8r,39,shared_k16,225001,exact,True,0.8992481203007519,False,0.009558076342642163,0.1446703606545109,0.06606796512706514,False,0.01291878767029806,0.3333333333333333,1.0
7,1a8r,39,shared_k16,225001,baseline,False,0.8947368421052632,False,0.005370321943369838,0.08683619841577214,0.06184427740211185,False,0.013604059961966172,0.6666666666666666,0.8
7,1a8r,39,shared_k16,225001,baseline,True,0.8992481203007519,False,0.009613031495682267,0.14546027801678604,0.06608698695442428,False,0.012923856963867863,0.3333333333333333,1.0
7,1a8r,39,shared_k16,225011,exact,False,0.9087719298245613,False,0.004721466948631958,0.09929808833828359,0.047548417372821006,False,0.013075530430099177,0.6666666666666666,0.8
7,1a8r,39,shared_k16,225011,exact,True,0.9218045112781955,True,0.0,0.0,0.05541926740437014,False,0.012421753908594218,0.3333333333333333,0.6
7,1a8r,39,shared_k16,225011,baseline,False,0.9052631578947368,False,0.0045807068029364295,0.0966847889813672,0.04737774008918,False,0.013132995447438867,0.6666666666666666,0.8
7,1a8r,39,shared_k16,225011,baseline,True,0.918796992481203,True,0.0,0.0,0.05541411833664134,False,0.012476345675066924,0.3333333333333333,0.6
7,1a8r,39,shared_k32,225001,exact,False,0.9789473684210527,False,0.005283505836849556,0.08550276075997766,0.061793394621272535,False,0.007248564414127058,1.0,0.8
7,1a8r,39,shared_k32,225001,exact,True,0.9819548872180449,True,0.0,0.0,0.06606796512706514,False,0.006886136193420706,0.6666666666666666,1.0
7,1a8r,39,shared_k32,225001,baseline,False,0.9789473684210527,False,0.005370321943369838,0.08683619841577214,0.06184427740211185,False,0.007253900512621589,1.0,0.8
7,1a8r,39,shared_k32,225001,baseline,True,0.9819548872180449,True,0.0,0.0,0.06608698695442428,False,0.00689120548699051,0.6666666666666666,1.0
7,1a8r,39,shared_k32,225011,exact,False,0.9614035087719298,False,0.001195080009037064,0.025133959762879084,0.047548417372821006,False,0.006451984273431297,0.6666666666666666,1.0
7,1a8r,39,shared_k32,225011,exact,True,0.9669172932330825,True,0.0,0.0,0.05541926740437014,False,0.006129385059759731,0.3333333333333333,0.8
7,1a8r,39,shared_k32,225011,baseline,False,0.9543859649122807,False,0.0012472754639741845,0.026326191617126838,0.04737774008918,False,0.006509449290770987,0.6666666666666666,1.0
7,1a8r,39,shared_k32,225011,baseline,True,0.9609022556390976,True,0.0,0.0,0.05541411833664134,False,0.006183976826232437,0.3333333333333333,0.8
7,1a8r,39,shared_k64,225001,exact,False,0.9859649122807018,True,0.0,0.0,0.061793394621272535,False,0.0033093270921016123,1.0,0.8
7,1a8r,39,shared_k64,225001,exact,True,0.9879699248120299,True,0.0,0.0,0.06606796512706514,False,0.003143860737496532,0.6666666666666666,1.0
7,1a8r,39,shared_k64,225001,baseline,False,0.9859649122807018,True,0.0,0.0,0.06184427740211185,False,0.0033146631905961424,1.0,0.8
7,1a8r,39,shared_k64,225001,baseline,True,0.9879699248120299,True,0.0,0.0,0.06608698695442428,False,0.0031489300310663356,0.6666666666666666,1.0
7,1a8r,39,shared_k64,225011,exact,False,0.987719298245614,True,0.0,0.0,0.047548417372821006,False,0.0021634910538870992,1.0,1.0
7,1a8r,39,shared_k64,225011,exact,True,0.9894736842105262,True,0.0,0.0,0.05541926740437014,False,0.002055316501192744,0.6666666666666666,0.8
7,1a8r,39,shared_k64,225011,baseline,False,0.9859649122807018,True,0.0,0.0,0.04737774008918,False,0.0022209560712267897,1.0,1.0
7,1a8r,39,shared_k64,225011,baseline,True,0.9879699248120299,True,0.0,0.0,0.05541411833664134,False,0.0021099082676654503,0.6666666666666666,0.8
7,1a8r,39,shared_kfull,225001,exact,False,1.0,True,0.0,0.0,0.061793394621272535,False,3.522307867470361e-05,1.0,1.0
7,1a8r,39,shared_kfull,225001,exact,True,1.0,True,0.0,0.0,0.06606796512706514,False,3.346192474096843e-05,1.0,1.0
7,1a8r,39,shared_kfull,225001,baseline,False,1.0,True,0.0,0.0,0.06184427740211185,False,0.0,1.0,1.0
7,1a8r,39,shared_kfull,225001,baseline,True,1.0,True,0.0,0.0,0.06608698695442428,False,0.0,1.0,1.0
7,1a8r,39,shared_kfull,225011,exact,False,0.9982456140350877,True,0.0,0.0,0.047548417372821006,False,7.324993578905481e-05,1.0,1.0
7,1a8r,39,shared_kfull,225011,exact,True,0.9984962406015038,True,0.0,0.0,0.05541926740437014,False,6.958743899960207e-05,1.0,1.0
7,1a8r,39,shared_kfull,225011,baseline,False,1.0,True,0.0,0.0,0.04737774008918,False,0.0,1.0,1.0
7,1a8r,39,shared_kfull,225011,baseline,True,1.0,True,0.0,0.0,0.05541411833664134,False,0.0,1.0,1.0
7,1a8r,219,baseline,225001,exact,False,1.0,True,0.0,0.0,0.050098180412135374,False,5.5824659942483344e-05,1.0,1.0
7,1a8r,219,baseline,225001,exact,True,1.0,True,0.0,0.0,0.050098180412135374,False,5.303342694535917e-05,1.0,1.0
7,1a8r,219,baseline,225001,baseline,False,1.0,True,0.0,0.0,0.04999091929448163,False,0.0,1.0,1.0
7,1a8r,219,baseline,225001,baseline,True,1.0,True,0.0,0.0,0.04999091929448163,False,0.0,1.0,1.0
7,1a8r,219,baseline,225011,exact,False,0.9982456140350877,True,0.0,0.0,0.047557021815741896,False,0.00010410549200238089,1.0,1.0
7,1a8r,219,baseline,225011,exact,True,0.9984962406015038,True,0.0,0.0,0.047557021815741896,False,9.890021740226185e-05,1.0,1.0
7,1a8r,219,baseline,225011,baseline,False,1.0,True,0.0,0.0,0.04742824498728204,False,0.0,1.0,1.0
7,1a8r,219,baseline,225011,baseline,True,1.0,True,0.0,0.0,0.04742824498728204,False,0.0,1.0,1.0
7,1a8r,219,channel_k0,225001,exact,False,0.6631578947368422,False,0.0013782921487526245,0.027511820537473218,0.050098180412135374,False,0.006541961193000475,0.6666666666666666,0.4
7,1a8r,219,channel_k0,225001,exact,True,0.6887218045112782,False,0.0013782921487526245,0.027511820537473218,0.050098180412135374,False,0.0062148631333504515,0.6666666666666666,0.4
7,1a8r,219,channel_k0,225001,baseline,False,0.6631578947368422,False,0.0013362202587058336,0.02672925958481695,0.04999091929448163,False,0.006546846103819235,0.6666666666666666,0.4
7,1a8r,219,channel_k0,225001,baseline,True,0.6887218045112782,False,0.0013362202587058336,0.02672925958481695,0.04999091929448163,False,0.006219503798628273,0.6666666666666666,0.4
7,1a8r,219,channel_k0,225011,exact,False,0.47719298245614034,False,0.0008998390502604203,0.018921265796391053,0.047557021815741896,False,0.006089638784566154,0.3333333333333333,0.4
7,1a8r,219,channel_k0,225011,exact,True,0.47518796992481205,False,0.0008998390502604203,0.018921265796391053,0.047557021815741896,False,0.005785156845337846,0.3333333333333333,0.4
7,1a8r,219,channel_k0,225011,baseline,False,0.4666666666666667,False,0.000884929682077984,0.01865828436863475,0.04742824498728204,False,0.006147479459109689,0.3333333333333333,0.4
7,1a8r,219,channel_k0,225011,baseline,True,0.4646616541353384,False,0.000884929682077984,0.01865828436863475,0.04742824498728204,False,0.005840105486154204,0.3333333333333333,0.4
7,1a8r,219,channel_k4,225001,exact,False,0.975438596491228,False,0.0013782921487526245,0.027511820537473218,0.050098180412135374,False,0.0019587120579850144,0.6666666666666666,0.8
7,1a8r,219,channel_k4,225001,exact,True,0.9789473684210527,False,0.0013782921487526245,0.027511820537473218,0.050098180412135374,False,0.0018607764550857635,0.6666666666666666,0.8
7,1a8r,219,channel_k4,225001,baseline,False,0.975438596491228,False,0.0013362202587058336,0.02672925958481695,0.04999091929448163,False,0.0019664447424325333,0.6666666666666666,0.8
7,1a8r,219,channel_k4,225001,baseline,True,0.9789473684210527,False,0.0013362202587058336,0.02672925958481695,0.04999091929448163,False,0.0018681225053109069,0.6666666666666666,0.8
7,1a8r,219,channel_k4,225011,exact,False,0.8771929824561402,True,0.0,0.0,0.047557021815741896,False,0.0018222182308677414,0.6666666666666666,0.6
7,1a8r,219,channel_k4,225011,exact,True,0.8917293233082706,True,0.0,0.0,0.047557021815741896,False,0.0017311073193243542,0.6666666666666666,0.6
7,1a8r,219,channel_k4,225011,baseline,False,0.8754385964912281,True,0.0,0.0,0.04742824498728204,False,0.00182049578695698,0.6666666666666666,0.6
7,1a8r,219,channel_k4,225011,baseline,True,0.8902255639097743,True,0.0,0.0,0.04742824498728204,False,0.001729470997609131,0.6666666666666666,0.6
7,1a8r,219,channel_k8,225001,exact,False,0.9929824561403509,False,0.00019877835086934414,0.003967775860002965,0.050098180412135374,False,0.0010418321025015334,1.0,1.0
7,1a8r,219,channel_k8,225001,exact,True,0.9924812030075187,False,0.00019877835086934414,0.003967775860002965,0.050098180412135374,False,0.0009897404973764567,1.0,1.0
7,1a8r,219,channel_k8,225001,baseline,False,0.9929824561403509,False,0.00013885632864113484,0.002777631029811105,0.04999091929448163,False,0.0010376619513195841,1.0,1.0
7,1a8r,219,channel_k8,225001,baseline,True,0.9924812030075187,False,0.00013885632864113484,0.002777631029811105,0.04999091929448163,False,0.000985778853753605,1.0,1.0
7,1a8r,219,channel_k8,225011,exact,False,0.943859649122807,True,0.0,0.0,0.047557021815741896,False,0.0009370454514208704,0.6666666666666666,0.8
7,1a8r,219,channel_k8,225011,exact,True,0.9503759398496241,True,0.0,0.0,0.047557021815741896,False,0.0008901931788498268,0.6666666666666666,0.8
7,1a8r,219,channel_k8,225011,baseline,False,0.9403508771929823,True,0.0,0.0,0.04742824498728204,False,0.0009469287842923551,0.6666666666666666,0.8
7,1a8r,219,channel_k8,225011,baseline,True,0.9473684210526315,True,0.0,0.0,0.04742824498728204,False,0.0008995823450777373,0.6666666666666666,0.8
7,1a8r,219,channel_k16,225001,exact,False,0.9947368421052631,False,0.00019877835086934414,0.003967775860002965,0.050098180412135374,False,0.000596906470050124,1.0,1.0
7,1a8r,219,channel_k16,225001,exact,True,0.9954887218045112,False,0.00019877835086934414,0.003967775860002965,0.050098180412135374,False,0.0005670611465476178,1.0,1.0
7,1a8r,219,channel_k16,225001,baseline,False,0.9947368421052631,False,0.00013885632864113484,0.002777631029811105,0.04999091929448163,False,0.0005926536957289087,1.0,1.0
7,1a8r,219,channel_k16,225001,baseline,True,0.9954887218045112,False,0.00013885632864113484,0.002777631029811105,0.04999091929448163,False,0.0005630210109424632,1.0,1.0
7,1a8r,219,channel_k16,225011,exact,False,0.9736842105263157,True,0.0,0.0,0.047557021815741896,False,0.00039318644888003407,0.6666666666666666,0.8
7,1a8r,219,channel_k16,225011,exact,True,0.9759398496240601,True,0.0,0.0,0.047557021815741896,False,0.00037352712643603234,0.6666666666666666,0.8
7,1a8r,219,channel_k16,225011,baseline,False,0.9701754385964911,True,0.0,0.0,0.04742824498728204,False,0.0004290860857527612,0.6666666666666666,0.8
7,1a8r,219,channel_k16,225011,baseline,True,0.9729323308270676,True,0.0,0.0,0.04742824498728204,False,0.0004076317814651231,0.6666666666666666,0.8
7,1a8r,219,channel_k32,225001,exact,False,0.9964912280701754,False,0.00019877835086934414,0.003967775860002965,0.050098180412135374,False,0.00034824764034449123,1.0,1.0
7,1a8r,219,channel_k32,225001,exact,True,0.9969924812030074,False,0.00019877835086934414,0.003967775860002965,0.050098180412135374,False,0.00033083525832726667,1.0,1.0
7,1a8r,219,channel_k32,225001,baseline,False,0.9964912280701754,False,0.00013885632864113484,0.002777631029811105,0.04999091929448163,False,0.0003425357617393359,1.0,1.0
7,1a8r,219,channel_k32,225001,baseline,True,0.9969924812030074,False,0.00013885632864113484,0.002777631029811105,0.04999091929448163,False,0.0003254089736523691,1.0,1.0
7,1a8r,219,channel_k32,225011,exact,False,0.9912280701754386,True,0.0,0.0,0.047557021815741896,False,0.00023648454795461906,0.6666666666666666,1.0
7,1a8r,219,channel_k32,225011,exact,True,0.9924812030075187,True,0.0,0.0,0.047557021815741896,False,0.00022466032055688812,0.6666666666666666,1.0
7,1a8r,219,channel_k32,225011,baseline,False,0.9894736842105263,True,0.0,0.0,0.04742824498728204,False,0.00022806070763537497,0.6666666666666666,1.0
7,1a8r,219,channel_k32,225011,baseline,True,0.9909774436090225,True,0.0,0.0,0.04742824498728204,False,0.00021665767225360623,0.6666666666666666,1.0
7,1a8r,219,channel_k64,225001,exact,False,0.9982456140350877,False,0.00019877835086934414,0.003967775860002965,0.050098180412135374,False,0.00015518619197088963,1.0,1.0
7,1a8r,219,channel_k64,225001,exact,True,0.9984962406015038,False,0.00019877835086934414,0.003967775860002965,0.050098180412135374,False,0.00014742688237234515,1.0,1.0
7,1a8r,219,channel_k64,225001,baseline,False,0.9982456140350877,False,0.00013885632864113484,0.002777631029811105,0.04999091929448163,False,0.00013759715316404968,1.0,1.0
7,1a8r,219,channel_k64,225001,baseline,True,0.9984962406015038,False,0.00013885632864113484,0.002777631029811105,0.04999091929448163,False,0.0001307172955058472,1.0,1.0
7,1a8r,219,channel_k64,225011,exact,False,0.9947368421052631,True,0.0,0.0,0.047557021815741896,False,0.0001391044636662789,1.0,1.0
7,1a8r,219,channel_k64,225011,exact,True,0.9954887218045112,True,0.0,0.0,0.047557021815741896,False,0.00013214924048296495,1.0,1.0
7,1a8r,219,channel_k64,225011,baseline,False,0.9964912280701754,True,0.0,0.0,0.04742824498728204,False,0.00010577783436270454,1.0,1.0
7,1a8r,219,channel_k64,225011,baseline,True,0.9969924812030074,True,0.0,0.0,0.04742824498728204,False,0.00010048894264456931,1.0,1.0
7,1a8r,219,channel_kfull,225001,exact,False,1.0,True,0.0,0.0,0.050098180412135374,False,5.5824659942483344e-05,1.0,1.0
7,1a8r,219,channel_kfull,225001,exact,True,1.0,True,0.0,0.0,0.050098180412135374,False,5.303342694535917e-05,1.0,1.0
7,1a8r,219,channel_kfull,225001,baseline,False,1.0,True,0.0,0.0,0.04999091929448163,False,0.0,1.0,1.0
7,1a8r,219,channel_kfull,225001,baseline,True,1.0,True,0.0,0.0,0.04999091929448163,False,0.0,1.0,1.0
7,1a8r,219,channel_kfull,225011,exact,False,0.9982456140350877,True,0.0,0.0,0.047557021815741896,False,0.00010410549200238089,1.0,1.0
7,1a8r,219,channel_kfull,225011,exact,True,0.9984962406015038,True,0.0,0.0,0.047557021815741896,False,9.890021740226185e-05,1.0,1.0
7,1a8r,219,channel_kfull,225011,baseline,False,1.0,True,0.0,0.0,0.04742824498728204,False,0.0,1.0,1.0
7,1a8r,219,channel_kfull,225011,baseline,True,1.0,True,0.0,0.0,0.04742824498728204,False,0.0,1.0,1.0
7,1a8r,219,shared_k0,225001,exact,False,0.6631578947368422,False,0.0013782921487526245,0.027511820537473218,0.050098180412135374,False,0.006541961193000475,0.6666666666666666,0.4
7,1a8r,219,shared_k0,225001,exact,True,0.6887218045112782,False,0.0013782921487526245,0.027511820537473218,0.050098180412135374,False,0.0062148631333504515,0.6666666666666666,0.4
7,1a8r,219,shared_k0,225001,baseline,False,0.6631578947368422,False,0.0013362202587058336,0.02672925958481695,0.04999091929448163,False,0.006546846103819235,0.6666666666666666,0.4
7,1a8r,219,shared_k0,225001,baseline,True,0.6887218045112782,False,0.0013362202587058336,0.02672925958481695,0.04999091929448163,False,0.006219503798628273,0.6666666666666666,0.4
7,1a8r,219,shared_k0,225011,exact,False,0.47719298245614034,False,0.0008998390502604203,0.018921265796391053,0.047557021815741896,False,0.006089638784566154,0.3333333333333333,0.4
7,1a8r,219,shared_k0,225011,exact,True,0.47518796992481205,False,0.0008998390502604203,0.018921265796391053,0.047557021815741896,False,0.005785156845337846,0.3333333333333333,0.4
7,1a8r,219,shared_k0,225011,baseline,False,0.4666666666666667,False,0.000884929682077984,0.01865828436863475,0.04742824498728204,False,0.006147479459109689,0.3333333333333333,0.4
7,1a8r,219,shared_k0,225011,baseline,True,0.4646616541353384,False,0.000884929682077984,0.01865828436863475,0.04742824498728204,False,0.005840105486154204,0.3333333333333333,0.4
7,1a8r,219,shared_k4,225001,exact,False,0.7175438596491229,False,0.0013782921487526245,0.027511820537473218,0.050098180412135374,False,0.005732908563947609,0.6666666666666666,0.4
7,1a8r,219,shared_k4,225001,exact,True,0.7578947368421052,False,0.0013782921487526245,0.027511820537473218,0.050098180412135374,False,0.0054462631357502286,0.6666666666666666,0.4
7,1a8r,219,shared_k4,225001,baseline,False,0.7175438596491229,False,0.0013362202587058336,0.02672925958481695,0.04999091929448163,False,0.005733914117206719,0.6666666666666666,0.4
7,1a8r,219,shared_k4,225001,baseline,True,0.7578947368421052,False,0.0013362202587058336,0.02672925958481695,0.04999091929448163,False,0.0054472184113463825,0.6666666666666666,0.4
7,1a8r,219,shared_k4,225011,exact,False,0.5140350877192983,False,0.0008998390502604203,0.018921265796391053,0.047557021815741896,False,0.005656903236542277,0.3333333333333333,0.4
7,1a8r,219,shared_k4,225011,exact,True,0.5413533834586466,False,0.0008998390502604203,0.018921265796391053,0.047557021815741896,False,0.005374058074715163,0.3333333333333333,0.4
7,1a8r,219,shared_k4,225011,baseline,False,0.5052631578947369,False,0.000884929682077984,0.01865828436863475,0.04742824498728204,False,0.0057252641065126805,0.3333333333333333,0.4
7,1a8r,219,shared_k4,225011,baseline,True,0.5338345864661653,False,0.000884929682077984,0.01865828436863475,0.04742824498728204,False,0.005439000901187046,0.3333333333333333,0.4
7,1a8r,219,shared_k8,225001,exact,False,0.8035087719298245,False,0.0013782921487526245,0.027511820537473218,0.050098180412135374,False,0.0040202963394964245,0.6666666666666666,0.4
7,1a8r,219,shared_k8,225001,exact,True,0.831578947368421,False,0.0013782921487526245,0.027511820537473218,0.050098180412135374,False,0.003819281522521603,0.6666666666666666,0.4
7,1a8r,219,shared_k8,225001,baseline,False,0.8035087719298245,False,0.0013362202587058336,0.02672925958481695,0.04999091929448163,False,0.004020721561880962,0.6666666666666666,0.4
7,1a8r,219,shared_k8,225001,baseline,True,0.831578947368421,False,0.0013362202587058336,0.02672925958481695,0.04999091929448163,False,0.003819685483786914,0.6666666666666666,0.4
7,1a8r,219,shared_k8,225011,exact,False,0.6456140350877193,False,0.0008998390502604203,0.018921265796391053,0.047557021815741896,False,0.004092750689026016,0.3333333333333333,0.4
7,1a8r,219,shared_k8,225011,exact,True,0.6842105263157895,False,0.0008998390502604203,0.018921265796391053,0.047557021815741896,False,0.0038881131545747153,0.3333333333333333,0.4
7,1a8r,219,shared_k8,225011,baseline,False,0.6421052631578947,False,0.000884929682077984,0.01865828436863475,0.04742824498728204,False,0.004151154241692861,0.3333333333333333,0.4
7,1a8r,219,shared_k8,225011,baseline,True,0.6812030075187969,False,0.000884929682077984,0.01865828436863475,0.04742824498728204,False,0.003943596529608217,0.3333333333333333,0.4
7,1a8r,219,shared_k16,225001,exact,False,0.9350877192982456,False,0.0013782921487526245,0.027511820537473218,0.050098180412135374,False,0.0025975880543941047,0.6666666666666666,0.6
7,1a8r,219,shared_k16,225001,exact,True,0.9413533834586465,False,0.0013782921487526245,0.027511820537473218,0.050098180412135374,False,0.0024677086516743997,0.6666666666666666,0.6
7,1a8r,219,shared_k16,225001,baseline,False,0.9350877192982456,False,0.0013362202587058336,0.02672925958481695,0.04999091929448163,False,0.002584873427983163,0.6666666666666666,0.6
7,1a8r,219,shared_k16,225001,baseline,True,0.9413533834586465,False,0.0013362202587058336,0.02672925958481695,0.04999091929448163,False,0.0024556297565840046,0.6666666666666666,0.6
7,1a8r,219,shared_k16,225011,exact,False,0.7964912280701755,True,0.0,0.0,0.047557021815741896,False,0.0020888181213545094,0.3333333333333333,0.6
7,1a8r,219,shared_k16,225011,exact,True,0.8225563909774435,True,0.0,0.0,0.047557021815741896,False,0.001984377215286784,0.3333333333333333,0.6
7,1a8r,219,shared_k16,225011,baseline,False,0.7947368421052632,True,0.0,0.0,0.04742824498728204,False,0.002129466012088948,0.3333333333333333,0.6
7,1a8r,219,shared_k16,225011,baseline,True,0.8210526315789473,True,0.0,0.0,0.04742824498728204,False,0.0020229927114845,0.3333333333333333,0.6
7,1a8r,219,shared_k32,225001,exact,False,0.9894736842105263,False,0.0013782921487526245,0.027511820537473218,0.050098180412135374,False,0.0014179556112572057,1.0,0.8
7,1a8r,219,shared_k32,225001,exact,True,0.9894736842105262,False,0.0013782921487526245,0.027511820537473218,0.050098180412135374,False,0.0013470578306943454,1.0,0.8
7,1a8r,219,shared_k32,225001,baseline,False,0.9894736842105263,False,0.0013362202587058336,0.02672925958481695,0.04999091929448163,False,0.0014132926205478106,1.0,0.8
7,1a8r,219,shared_k32,225001,baseline,True,0.9894736842105262,False,0.0013362202587058336,0.02672925958481695,0.04999091929448163,False,0.0013426279895204201,1.0,0.8
7,1a8r,219,shared_k32,225011,exact,False,0.9421052631578948,True,0.0,0.0,0.047557021815741896,False,0.001124716129937034,0.6666666666666666,0.6
7,1a8r,219,shared_k32,225011,exact,True,0.9503759398496241,True,0.0,0.0,0.047557021815741896,False,0.0010684803234401823,0.6666666666666666,0.6
7,1a8r,219,shared_k32,225011,baseline,False,0.9385964912280702,True,0.0,0.0,0.04742824498728204,False,0.0011382629848847887,0.6666666666666666,0.6
7,1a8r,219,shared_k32,225011,baseline,True,0.9473684210526315,True,0.0,0.0,0.04742824498728204,False,0.0010813498356405493,0.6666666666666666,0.6
7,1a8r,219,shared_k64,225001,exact,False,0.9947368421052631,False,0.00019877835086934414,0.003967775860002965,0.050098180412135374,False,0.0005777709424035333,1.0,1.0
7,1a8r,219,shared_k64,225001,exact,True,0.9954887218045112,False,0.00019877835086934414,0.003967775860002965,0.050098180412135374,False,0.0005488823952833566,1.0,1.0
7,1a8r,219,shared_k64,225001,baseline,False,0.9947368421052631,False,0.00013885632864113484,0.002777631029811105,0.04999091929448163,False,0.0005721416869376439,1.0,1.0
7,1a8r,219,shared_k64,225001,baseline,True,0.9954887218045112,False,0.00013885632864113484,0.002777631029811105,0.04999091929448163,False,0.0005435346025907617,1.0,1.0
7,1a8r,219,shared_k64,225011,exact,False,0.9859649122807018,True,0.0,0.0,0.047557021815741896,False,0.0004861846495743715,0.6666666666666666,1.0
7,1a8r,219,shared_k64,225011,exact,True,0.9879699248120299,True,0.0,0.0,0.047557021815741896,False,0.00046187541709565293,0.6666666666666666,1.0
7,1a8r,219,shared_k64,225011,baseline,False,0.9824561403508772,True,0.0,0.0,0.04742824498728204,False,0.0004964434295212445,0.6666666666666666,1.0
7,1a8r,219,shared_k64,225011,baseline,True,0.9849624060150375,True,0.0,0.0,0.04742824498728204,False,0.0004716212580451823,0.6666666666666666,1.0
7,1a8r,219,shared_kfull,225001,exact,False,1.0,True,0.0,0.0,0.050098180412135374,False,5.5824659942483344e-05,1.0,1.0
7,1a8r,219,shared_kfull,225001,exact,True,1.0,True,0.0,0.0,0.050098180412135374,False,5.303342694535917e-05,1.0,1.0
7,1a8r,219,shared_kfull,225001,baseline,False,1.0,True,0.0,0.0,0.04999091929448163,False,0.0,1.0,1.0
7,1a8r,219,shared_kfull,225001,baseline,True,1.0,True,0.0,0.0,0.04999091929448163,False,0.0,1.0,1.0
7,1a8r,219,shared_kfull,225011,exact,False,0.9982456140350877,True,0.0,0.0,0.047557021815741896,False,0.00010410549200238089,1.0,1.0
7,1a8r,219,shared_kfull,225011,exact,True,0.9984962406015038,True,0.0,0.0,0.047557021815741896,False,9.890021740226185e-05,1.0,1.0
7,1a8r,219,shared_kfull,225011,baseline,False,1.0,True,0.0,0.0,0.04742824498728204,False,0.0,1.0,1.0
7,1a8r,219,shared_kfull,225011,baseline,True,1.0,True,0.0,0.0,0.04742824498728204,False,0.0,1.0,1.0
7,1a8r,77,baseline,225001,exact,False,1.0,True,0.0,0.0,0.1161202340550786,False,3.346662492765887e-05,1.0,1.0
7,1a8r,77,baseline,225001,exact,True,1.0,True,0.0,0.0,0.1161202340550786,False,3.1793293681275925e-05,1.0,1.0
7,1a8r,77,baseline,225001,baseline,False,1.0,True,0.0,0.0,0.11606298912842145,False,0.0,1.0,1.0
7,1a8r,77,baseline,225001,baseline,True,1.0,True,0.0,0.0,0.11606298912842145,False,0.0,1.0,1.0
7,1a8r,77,baseline,225011,exact,False,1.0,True,0.0,0.0,0.11416672567337455,False,9.410832870848651e-05,1.0,1.0
7,1a8r,77,baseline,225011,exact,True,1.0,True,0.0,0.0,0.11416672567337455,False,8.940291227306218e-05,1.0,1.0
7,1a8r,77,baseline,225011,baseline,False,1.0,True,0.0,0.0,0.11417620606637247,False,0.0,1.0,1.0
7,1a8r,77,baseline,225011,baseline,True,1.0,True,0.0,0.0,0.11417620606637247,False,0.0,1.0,1.0
7,1a8r,77,channel_k0,225001,exact,False,0.5228070175438596,False,0.0083955796645801,0.07230074700502133,0.1161202340550786,False,0.02132221283493334,0.3333333333333333,0.4
7,1a8r,77,channel_k0,225001,exact,True,0.5609022556390978,False,0.0083955796645801,0.07230074700502133,0.1161202340550786,False,0.020256102193186677,0.3333333333333333,0.4
7,1a8r,77,channel_k0,225001,baseline,False,0.5228070175438596,False,0.008365526243593602,0.07207746678260465,0.11606298912842145,False,0.02132390003050184,0.3333333333333333,0.4
7,1a8r,77,channel_k0,225001,baseline,True,0.5609022556390978,False,0.008365526243593602,0.07207746678260465,0.11606298912842145,False,0.020257705028976745,0.3333333333333333,0.4
7,1a8r,77,channel_k0,225011,exact,False,0.2982456140350877,False,0.017336624707445236,0.15185356858744006,0.11416672567337455,False,0.021774515292275313,0.0,0.2
7,1a8r,77,channel_k0,225011,exact,True,0.3142857142857143,False,0.017336624707445236,0.15185356858744006,0.11416672567337455,False,0.020685789527661546,0.0,0.2
7,1a8r,77,channel_k0,225011,baseline,False,0.2982456140350877,False,0.017364061790788643,0.1520812644684886,0.11417620606637247,False,0.021783893877167497,0.0,0.2
7,1a8r,77,channel_k0,225011,baseline,True,0.3142857142857143,False,0.017364061790788643,0.1520812644684886,0.11417620606637247,False,0.020694699183309122,0.0,0.2
7,1a8r,77,channel_k4,225001,exact,False,0.9456140350877192,False,0.0083955796645801,0.07230074700502133,0.1161202340550786,False,0.007584420908151646,0.6666666666666666,1.0
7,1a8r,77,channel_k4,225001,exact,True,0.9533834586466164,False,0.0083955796645801,0.07230074700502133,0.1161202340550786,False,0.0072051998627440635,0.6666666666666666,1.0
7,1a8r,77,channel_k4,225001,baseline,False,0.9456140350877192,False,0.008365526243593602,0.07207746678260465,0.11606298912842145,False,0.007586108103720141,0.6666666666666666,1.0
7,1a8r,77,channel_k4,225001,baseline,True,0.9533834586466164,False,0.008365526243593602,0.07207746678260465,0.11606298912842145,False,0.007206802698534134,0.6666666666666666,1.0
7,1a8r,77,channel_k4,225011,exact,False,0.9368421052631579,True,0.0,0.0,0.11416672567337455,False,0.008626072397103706,0.6666666666666666,0.6
7,1a8r,77,channel_k4,225011,exact,True,0.9398496240601503,True,0.0,0.0,0.11416672567337455,False,0.00819476877724852,0.6666666666666666,0.6
7,1a8r,77,channel_k4,225011,baseline,False,0.9368421052631579,True,0.0,0.0,0.11417620606637247,False,0.008636813849635242,0.6666666666666666,0.6
7,1a8r,77,channel_k4,225011,baseline,True,0.9398496240601503,True,0.0,0.0,0.11417620606637247,False,0.00820497315715348,0.6666666666666666,0.6
7,1a8r,77,channel_k8,225001,exact,False,0.9684210526315788,True,0.0,0.0,0.1161202340550786,False,0.004036791734127486,0.6666666666666666,1.0
7,1a8r,77,channel_k8,225001,exact,True,0.9729323308270676,True,0.0,0.0,0.1161202340550786,False,0.0038349521474211113,0.6666666666666666,1.0
7,1a8r,77,channel_k8,225001,baseline,False,0.9684210526315788,True,0.0,0.0,0.11606298912842145,False,0.0040410966084184485,0.6666666666666666,1.0
7,1a8r,77,channel_k8,225001,baseline,True,0.9729323308270676,True,0.0,0.0,0.11606298912842145,False,0.0038390417779975263,0.6666666666666666,1.0
7,1a8r,77,channel_k8,225011,exact,False,0.975438596491228,True,0.0,0.0,0.11416672567337455,False,0.0047555191910187075,0.6666666666666666,0.8
7,1a8r,77,channel_k8,225011,exact,True,0.9759398496240601,True,0.0,0.0,0.11416672567337455,False,0.0045177432314677714,0.6666666666666666,0.8
7,1a8r,77,channel_k8,225011,baseline,False,0.975438596491228,True,0.0,0.0,0.11417620606637247,False,0.004766260643550244,0.6666666666666666,0.8
7,1a8r,77,channel_k8,225011,baseline,True,0.9759398496240601,True,0.0,0.0,0.11417620606637247,False,0.004527947611372732,0.6666666666666666,0.8
7,1a8r,77,channel_k16,225001,exact,False,0.987719298245614,True,0.0,0.0,0.1161202340550786,False,0.0025826108181139975,0.6666666666666666,1.0
7,1a8r,77,channel_k16,225001,exact,True,0.9894736842105262,True,0.0,0.0,0.1161202340550786,False,0.0024534802772082976,0.6666666666666666,1.0
7,1a8r,77,channel_k16,225001,baseline,False,0.987719298245614,True,0.0,0.0,0.11606298912842145,False,0.0025940552325230785,0.6666666666666666,1.0
7,1a8r,77,channel_k16,225001,baseline,True,0.9894736842105262,True,0.0,0.0,0.11606298912842145,False,0.0024643524708969243,0.6666666666666666,1.0
7,1a8r,77,channel_k16,225011,exact,False,0.987719298245614,True,0.0,0.0,0.11416672567337455,False,0.00256476681221208,1.0,0.8
7,1a8r,77,channel_k16,225011,exact,True,0.9894736842105262,True,0.0,0.0,0.11416672567337455,False,0.002436528471601476,1.0,0.8
7,1a8r,77,channel_k16,225011,baseline,False,0.987719298245614,True,0.0,0.0,0.11417620606637247,False,0.0025720328971300653,1.0,0.8
7,1a8r,77,channel_k16,225011,baseline,True,0.9894736842105262,True,0.0,0.0,0.11417620606637247,False,0.0024434312522735617,1.0,0.8
7,1a8r,77,channel_k32,225001,exact,False,0.9894736842105263,True,0.0,0.0,0.1161202340550786,False,0.001586273404379291,0.6666666666666666,1.0
7,1a8r,77,channel_k32,225001,exact,True,0.9909774436090225,True,0.0,0.0,0.1161202340550786,False,0.0015069597341603263,0.6666666666666666,1.0
7,1a8r,77,channel_k32,225001,baseline,False,0.9894736842105263,True,0.0,0.0,0.11606298912842145,False,0.0016017780826106242,0.6666666666666666,1.0
7,1a8r,77,channel_k32,225001,baseline,True,0.9909774436090225,True,0.0,0.0,0.11606298912842145,False,0.0015216891784800928,0.6666666666666666,1.0
7,1a8r,77,channel_k32,225011,exact,False,0.9982456140350877,True,0.0,0.0,0.11416672567337455,False,0.0007881818136502251,1.0,0.8
7,1a8r,77,channel_k32,225011,exact,True,0.9984962406015038,True,0.0,0.0,0.11416672567337455,False,0.0007487727229677138,1.0,0.8
7,1a8r,77,channel_k32,225011,baseline,False,0.9982456140350877,True,0.0,0.0,0.11417620606637247,False,0.0008264417798107534,1.0,0.8
7,1a8r,77,channel_k32,225011,baseline,True,0.9984962406015038,True,0.0,0.0,0.11417620606637247,False,0.0007851196908202157,1.0,0.8
7,1a8r,77,channel_k64,225001,exact,False,0.9964912280701754,True,0.0,0.0,0.1161202340550786,False,0.0005303066492826256,1.0,1.0
7,1a8r,77,channel_k64,225001,exact,True,0.9969924812030074,True,0.0,0.0,0.1161202340550786,False,0.0005037913168184944,1.0,1.0
7,1a8r,77,channel_k64,225001,baseline,False,0.9964912280701754,True,0.0,0.0,0.11606298912842145,False,0.0005478071724886692,1.0,1.0
7,1a8r,77,channel_k64,225001,baseline,True,0.9969924812030074,True,0.0,0.0,0.11606298912842145,False,0.0005204168138642357,1.0,1.0
7,1a8r,77,channel_k64,225011,exact,False,1.0,True,0.0,0.0,0.11416672567337455,False,0.0002184437090006515,1.0,1.0
7,1a8r,77,channel_k64,225011,exact,True,1.0,True,0.0,0.0,0.11416672567337455,False,0.00020752152355061894,1.0,1.0
7,1a8r,77,channel_k64,225011,baseline,False,1.0,True,0.0,0.0,0.11417620606637247,False,0.0002744367891459306,1.0,1.0
7,1a8r,77,channel_k64,225011,baseline,True,1.0,True,0.0,0.0,0.11417620606637247,False,0.00026071494968863405,1.0,1.0
7,1a8r,77,channel_kfull,225001,exact,False,1.0,True,0.0,0.0,0.1161202340550786,False,3.346662492765887e-05,1.0,1.0
7,1a8r,77,channel_kfull,225001,exact,True,1.0,True,0.0,0.0,0.1161202340550786,False,3.1793293681275925e-05,1.0,1.0
7,1a8r,77,channel_kfull,225001,baseline,False,1.0,True,0.0,0.0,0.11606298912842145,False,0.0,1.0,1.0
7,1a8r,77,channel_kfull,225001,baseline,True,1.0,True,0.0,0.0,0.11606298912842145,False,0.0,1.0,1.0
7,1a8r,77,channel_kfull,225011,exact,False,1.0,True,0.0,0.0,0.11416672567337455,False,9.410832870848651e-05,1.0,1.0
7,1a8r,77,channel_kfull,225011,exact,True,1.0,True,0.0,0.0,0.11416672567337455,False,8.940291227306218e-05,1.0,1.0
7,1a8r,77,channel_kfull,225011,baseline,False,1.0,True,0.0,0.0,0.11417620606637247,False,0.0,1.0,1.0
7,1a8r,77,channel_kfull,225011,baseline,True,1.0,True,0.0,0.0,0.11417620606637247,False,0.0,1.0,1.0
7,1a8r,77,shared_k0,225001,exact,False,0.5228070175438596,False,0.0083955796645801,0.07230074700502133,0.1161202340550786,False,0.02132221283493334,0.3333333333333333,0.4
7,1a8r,77,shared_k0,225001,exact,True,0.5609022556390978,False,0.0083955796645801,0.07230074700502133,0.1161202340550786,False,0.020256102193186677,0.3333333333333333,0.4
7,1a8r,77,shared_k0,225001,baseline,False,0.5228070175438596,False,0.008365526243593602,0.07207746678260465,0.11606298912842145,False,0.02132390003050184,0.3333333333333333,0.4
7,1a8r,77,shared_k0,225001,baseline,True,0.5609022556390978,False,0.008365526243593602,0.07207746678260465,0.11606298912842145,False,0.020257705028976745,0.3333333333333333,0.4
7,1a8r,77,shared_k0,225011,exact,False,0.2982456140350877,False,0.017336624707445236,0.15185356858744006,0.11416672567337455,False,0.021774515292275313,0.0,0.2
7,1a8r,77,shared_k0,225011,exact,True,0.3142857142857143,False,0.017336624707445236,0.15185356858744006,0.11416672567337455,False,0.020685789527661546,0.0,0.2
7,1a8r,77,shared_k0,225011,baseline,False,0.2982456140350877,False,0.017364061790788643,0.1520812644684886,0.11417620606637247,False,0.021783893877167497,0.0,0.2
7,1a8r,77,shared_k0,225011,baseline,True,0.3142857142857143,False,0.017364061790788643,0.1520812644684886,0.11417620606637247,False,0.020694699183309122,0.0,0.2
7,1a8r,77,shared_k4,225001,exact,False,0.48947368421052634,False,0.0083955796645801,0.07230074700502133,0.1161202340550786,False,0.021009112760258974,0.3333333333333333,0.6
7,1a8r,77,shared_k4,225001,exact,True,0.5233082706766917,False,0.0083955796645801,0.07230074700502133,0.1161202340550786,False,0.019958657122246024,0.3333333333333333,0.6
7,1a8r,77,shared_k4,225001,baseline,False,0.48947368421052634,False,0.008365526243593602,0.07207746678260465,0.11606298912842145,False,0.02101079995582747,0.3333333333333333,0.6
7,1a8r,77,shared_k4,225001,baseline,True,0.5233082706766917,False,0.008365526243593602,0.07207746678260465,0.11606298912842145,False,0.019960259958036096,0.3333333333333333,0.6
7,1a8r,77,shared_k4,225011,exact,False,0.38245614035087716,False,0.017336624707445236,0.15185356858744006,0.11416672567337455,False,0.020653170167805154,0.0,0.2
7,1a8r,77,shared_k4,225011,exact,True,0.41503759398496237,False,0.017336624707445236,0.15185356858744006,0.11416672567337455,False,0.019620511659414898,0.0,0.2
7,1a8r,77,shared_k4,225011,baseline,False,0.38245614035087716,False,0.017364061790788643,0.1520812644684886,0.11417620606637247,False,0.02066947781685152,0.0,0.2
7,1a8r,77,shared_k4,225011,baseline,True,0.41503759398496237,False,0.017364061790788643,0.1520812644684886,0.11417620606637247,False,0.019636003926008942,0.0,0.2
7,1a8r,77,shared_k8,225001,exact,False,0.8473684210526315,False,0.0083955796645801,0.07230074700502133,0.1161202340550786,False,0.017000570635676865,0.6666666666666666,0.8
7,1a8r,77,shared_k8,225001,exact,True,0.8691729323308269,False,0.0083955796645801,0.07230074700502133,0.1161202340550786,False,0.016150542103893023,0.6666666666666666,0.8
7,1a8r,77,shared_k8,225001,baseline,False,0.8473684210526315,False,0.008365526243593602,0.07207746678260465,0.11606298912842145,False,0.01700225783124536,0.6666666666666666,0.8
7,1a8r,77,shared_k8,225001,baseline,True,0.8691729323308269,False,0.008365526243593602,0.07207746678260465,0.11606298912842145,False,0.016152144939683095,0.6666666666666666,0.8
7,1a8r,77,shared_k8,225011,exact,False,0.7789473684210525,False,0.017336624707445236,0.15185356858744006,0.11416672567337455,False,0.016780964359328,0.3333333333333333,0.4
7,1a8r,77,shared_k8,225011,exact,True,0.7969924812030074,False,0.017336624707445236,0.15185356858744006,0.11416672567337455,False,0.0159419161413616,0.3333333333333333,0.4
7,1a8r,77,shared_k8,225011,baseline,False,0.7789473684210525,False,0.017364061790788643,0.1520812644684886,0.11417620606637247,False,0.01679170581185954,0.3333333333333333,0.4
7,1a8r,77,shared_k8,225011,baseline,True,0.7969924812030074,False,0.017364061790788643,0.1520812644684886,0.11417620606637247,False,0.01595212052126656,0.3333333333333333,0.4
7,1a8r,77,shared_k16,225001,exact,False,0.9649122807017543,False,0.0083955796645801,0.07230074700502133,0.1161202340550786,False,0.009351255951095986,0.6666666666666666,1.0
7,1a8r,77,shared_k16,225001,exact,True,0.9699248120300751,False,0.0083955796645801,0.07230074700502133,0.1161202340550786,False,0.008883693153541187,0.6666666666666666,1.0
7,1a8r,77,shared_k16,225001,baseline,False,0.9649122807017543,False,0.008365526243593602,0.07207746678260465,0.11606298912842145,False,0.009350926727503078,0.6666666666666666,1.0
7,1a8r,77,shared_k16,225001,baseline,True,0.9699248120300751,False,0.008365526243593602,0.07207746678260465,0.11606298912842145,False,0.008883380391127923,0.6666666666666666,1.0
7,1a8r,77,shared_k16,225011,exact,False,0.9140350877192982,True,0.0,0.0,0.11416672567337455,False,0.010173577693770397,0.6666666666666666,0.6
7,1a8r,77,shared_k16,225011,exact,True,0.9172932330827066,True,0.0,0.0,0.11416672567337455,False,0.009664898809081876,0.6666666666666666,0.6
7,1a8r,77,shared_k16,225011,baseline,False,0.9140350877192982,True,0.0,0.0,0.11417620606637247,False,0.01016127686579033,0.6666666666666666,0.6
7,1a8r,77,shared_k16,225011,baseline,True,0.9172932330827066,True,0.0,0.0,0.11417620606637247,False,0.009653213022500814,0.6666666666666666,0.6
7,1a8r,77,shared_k32,225001,exact,False,0.987719298245614,True,0.0,0.0,0.1161202340550786,False,0.0040502969206427115,0.6666666666666666,1.0
7,1a8r,77,shared_k32,225001,exact,True,0.9894736842105262,True,0.0,0.0,0.1161202340550786,False,0.0038477820746105756,0.6666666666666666,1.0
7,1a8r,77,shared_k32,225001,baseline,False,0.987719298245614,True,0.0,0.0,0.11606298912842145,False,0.004049967697049803,0.6666666666666666,1.0
7,1a8r,77,shared_k32,225001,baseline,True,0.9894736842105262,True,0.0,0.0,0.11606298912842145,False,0.003847469312197313,0.6666666666666666,1.0
7,1a8r,77,shared_k32,225011,exact,False,0.975438596491228,True,0.0,0.0,0.11416672567337455,False,0.005547139217228133,1.0,0.8
7,1a8r,77,shared_k32,225011,exact,True,0.9759398496240601,True,0.0,0.0,0.11416672567337455,False,0.005269782256366725,1.0,0.8
7,1a8r,77,shared_k32,225011,baseline,False,0.975438596491228,True,0.0,0.0,0.11417620606637247,False,0.005534838389248067,1.0,0.8
7,1a8r,77,shared_k32,225011,baseline,True,0.9759398496240601,True,0.0,0.0,0.11417620606637247,False,0.005258096469785664,1.0,0.8
7,1a8r,77,shared_k64,225001,exact,False,0.9912280701754386,True,0.0,0.0,0.1161202340550786,False,0.0017337528622900003,0.6666666666666666,1.0
7,1a8r,77,shared_k64,225001,exact,True,0.9924812030075187,True,0.0,0.0,0.1161202340550786,False,0.0016470652191755003,0.6666666666666666,1.0
7,1a8r,77,shared_k64,225001,baseline,False,0.9912280701754386,True,0.0,0.0,0.11606298912842145,False,0.0017500409017113892,0.6666666666666666,1.0
7,1a8r,77,shared_k64,225001,baseline,True,0.9924812030075187,True,0.0,0.0,0.11606298912842145,False,0.0016625388566258198,0.6666666666666666,1.0
7,1a8r,77,shared_k64,225011,exact,False,0.9947368421052631,True,0.0,0.0,0.11416672567337455,False,0.001414341947884321,1.0,1.0
7,1a8r,77,shared_k64,225011,exact,True,0.9954887218045112,True,0.0,0.0,0.11416672567337455,False,0.0013436248504901049,1.0,1.0
7,1a8r,77,shared_k64,225011,baseline,False,0.9947368421052631,True,0.0,0.0,0.11417620606637247,False,0.001436051836525112,1.0,1.0
7,1a8r,77,shared_k64,225011,baseline,True,0.9954887218045112,True,0.0,0.0,0.11417620606637247,False,0.0013642492446988563,1.0,1.0
7,1a8r,77,shared_kfull,225001,exact,False,1.0,True,0.0,0.0,0.1161202340550786,False,3.346662492765887e-05,1.0,1.0
7,1a8r,77,shared_kfull,225001,exact,True,1.0,True,0.0,0.0,0.1161202340550786,False,3.1793293681275925e-05,1.0,1.0
7,1a8r,77,shared_kfull,225001,baseline,False,1.0,True,0.0,0.0,0.11606298912842145,False,0.0,1.0,1.0
7,1a8r,77,shared_kfull,225001,baseline,True,1.0,True,0.0,0.0,0.11606298912842145,False,0.0,1.0,1.0
7,1a8r,77,shared_kfull,225011,exact,False,1.0,True,0.0,0.0,0.11416672567337455,False,9.410832870848651e-05,1.0,1.0
7,1a8r,77,shared_kfull,225011,exact,True,1.0,True,0.0,0.0,0.11416672567337455,False,8.940291227306218e-05,1.0,1.0
7,1a8r,77,shared_kfull,225011,baseline,False,1.0,True,0.0,0.0,0.11417620606637247,False,0.0,1.0,1.0
7,1a8r,77,shared_kfull,225011,baseline,True,1.0,True,0.0,0.0,0.11417620606637247,False,0.0,1.0,1.0
7,1a8r,195,baseline,225001,exact,False,1.0,True,0.0,0.0,0.0214471792813416,False,3.979290049475235e-05,1.0,1.0
7,1a8r,195,baseline,225001,exact,True,1.0,True,0.0,0.0,0.0214471792813416,False,3.780325547001473e-05,1.0,1.0
7,1a8r,195,baseline,225001,baseline,False,1.0,True,0.0,0.0,0.021480103900002767,False,0.0,1.0,1.0
7,1a8r,195,baseline,225001,baseline,True,1.0,True,0.0,0.0,0.021480103900002767,False,0.0,1.0,1.0
7,1a8r,195,baseline,225011,exact,False,1.0,True,0.0,0.0,0.021516049668677595,False,2.8616428097091717e-05,1.0,1.0
7,1a8r,195,baseline,225011,exact,True,1.0,True,0.0,0.0,0.023948577178932617,False,2.718560669223713e-05,1.0,1.0
7,1a8r,195,baseline,225011,baseline,False,1.0,True,0.0,0.0,0.021538733337305382,False,0.0,1.0,1.0
7,1a8r,195,baseline,225011,baseline,True,1.0,True,0.0,0.0,0.02399647816692224,False,0.0,1.0,1.0
7,1a8r,195,channel_k0,225001,exact,False,0.7175438596491229,True,0.0,0.0,0.0214471792813416,False,0.011992365187063194,0.3333333333333333,0.4
7,1a8r,195,channel_k0,225001,exact,True,0.5729323308270676,True,0.0,0.0,0.0214471792813416,False,0.011392746927710034,0.3333333333333333,0.4
7,1a8r,195,channel_k0,225001,baseline,False,0.7175438596491229,True,0.0,0.0,0.021480103900002767,False,0.011974409476747917,0.3333333333333333,0.4
7,1a8r,195,channel_k0,225001,baseline,True,0.5729323308270676,True,0.0,0.0,0.021480103900002767,False,0.011375689002910522,0.3333333333333333,0.4
7,1a8r,195,channel_k0,225011,exact,False,0.16842105263157894,False,0.00838193080368177,0.38956643681130404,0.021516049668677595,False,0.010895498230907156,0.3333333333333333,0.6
7,1a8r,195,channel_k0,225011,exact,True,0.24661654135338343,False,0.010814458313936792,0.4515699714908404,0.023948577178932617,False,0.010350723319361798,0.3333333333333333,0.6
7,1a8r,195,channel_k0,225011,baseline,False,0.16842105263157894,False,0.00839457667324034,0.3897432844252181,0.021538733337305382,False,0.01091623771056091,0.3333333333333333,0.6
7,1a8r,195,channel_k0,225011,baseline,True,0.24661654135338343,False,0.010852321502857198,0.45224642663674275,0.02399647816692224,False,0.010370425825032864,0.3333333333333333,0.6
7,1a8r,195,channel_k4,225001,exact,False,0.7298245614035088,True,0.0,0.0,0.0214471792813416,False,0.010223995662064226,0.3333333333333333,0.4
7,1a8r,195,channel_k4,225001,exact,True,0.5849624060150376,True,0.0,0.0,0.0214471792813416,False,0.009712795878961015,0.3333333333333333,0.4
7,1a8r,195,channel_k4,225001,baseline,False,0.7298245614035088,True,0.0,0.0,0.021480103900002767,False,0.010206039951748949,0.3333333333333333,0.4
7,1a8r,195,channel_k4,225001,baseline,True,0.5849624060150376,True,0.0,0.0,0.021480103900002767,False,0.009695737954161501,0.3333333333333333,0.4
7,1a8r,195,channel_k4,225011,exact,False,0.5842105263157895,True,0.0,0.0,0.021516049668677595,False,0.00964280354947671,0.6666666666666666,0.8
7,1a8r,195,channel_k4,225011,exact,True,0.6390977443609022,False,0.0024325275102550226,0.10157294490108158,0.023948577178932617,False,0.009160663372002876,1.0,0.8
7,1a8r,195,channel_k4,225011,baseline,False,0.5842105263157895,True,0.0,0.0,0.021538733337305382,False,0.009663543029130464,0.6666666666666666,0.8
7,1a8r,195,channel_k4,225011,baseline,True,0.6390977443609022,False,0.002457744829616859,0.10242106414618452,0.02399647816692224,False,0.00918036587767394,1.0,0.8
7,1a8r,195,channel_k8,225001,exact,False,0.8596491228070176,True,0.0,0.0,0.0214471792813416,False,0.008071955904646646,0.6666666666666666,0.6
7,1a8r,195,channel_k8,225001,exact,True,0.801503759398496,True,0.0,0.0,0.0214471792813416,False,0.007668358109414314,0.6666666666666666,0.6
7,1a8r,195,channel_k8,225001,baseline,False,0.8596491228070176,True,0.0,0.0,0.021480103900002767,False,0.008054000194331369,0.6666666666666666,0.6
7,1a8r,195,channel_k8,225001,baseline,True,0.801503759398496,True,0.0,0.0,0.021480103900002767,False,0.007651300184614801,0.6666666666666666,0.6
7,1a8r,195,channel_k8,225011,exact,False,0.7947368421052632,True,0.0,0.0,0.021516049668677595,False,0.0076076258115847974,0.6666666666666666,1.0
7,1a8r,195,channel_k8,225011,exact,True,0.8225563909774435,False,0.0024325275102550226,0.10157294490108158,0.023948577178932617,False,0.007227244521005557,1.0,1.0
7,1a8r,195,channel_k8,225011,baseline,False,0.7947368421052632,True,0.0,0.0,0.021538733337305382,False,0.0076283652912385504,0.6666666666666666,1.0
7,1a8r,195,channel_k8,225011,baseline,True,0.8225563909774435,False,0.002457744829616859,0.10242106414618452,0.02399647816692224,False,0.007246947026676623,1.0,1.0
7,1a8r,195,channel_k16,225001,exact,False,0.9210526315789472,True,0.0,0.0,0.0214471792813416,False,0.0053093811384339095,0.6666666666666666,0.6
7,1a8r,195,channel_k16,225001,exact,True,0.8902255639097743,True,0.0,0.0,0.0214471792813416,False,0.005043912081512214,0.6666666666666666,0.4
7,1a8r,195,channel_k16,225001,baseline,False,0.9210526315789472,True,0.0,0.0,0.021480103900002767,False,0.005291425428118633,0.6666666666666666,0.6
7,1a8r,195,channel_k16,225001,baseline,True,0.8902255639097743,True,0.0,0.0,0.021480103900002767,False,0.005026854156712701,0.6666666666666666,0.4
7,1a8r,195,channel_k16,225011,exact,False,0.9087719298245613,True,0.0,0.0,0.021516049668677595,False,0.004763394687808237,0.6666666666666666,1.0
7,1a8r,195,channel_k16,225011,exact,True,0.9203007518796992,False,0.0024325275102550226,0.10157294490108158,0.023948577178932617,False,0.004525224953417825,1.0,1.0
7,1a8r,195,channel_k16,225011,baseline,False,0.9087719298245613,True,0.0,0.0,0.021538733337305382,False,0.00478413416746199,0.6666666666666666,1.0
7,1a8r,195,channel_k16,225011,baseline,True,0.9203007518796992,False,0.002457744829616859,0.10242106414618452,0.02399647816692224,False,0.004544927459088891,1.0,1.0
7,1a8r,195,channel_k32,225001,exact,False,0.9526315789473684,True,0.0,0.0,0.0214471792813416,False,0.003203060464580293,0.6666666666666666,0.8
7,1a8r,195,channel_k32,225001,exact,True,0.9278195488721804,True,0.0,0.0,0.0214471792813416,False,0.003042907441351278,0.6666666666666666,0.6
7,1a8r,195,channel_k32,225001,baseline,False,0.9526315789473684,True,0.0,0.0,0.021480103900002767,False,0.003185104754265016,0.6666666666666666,0.8
7,1a8r,195,channel_k32,225001,baseline,True,0.9278195488721804,True,0.0,0.0,0.021480103900002767,False,0.003025849516551765,0.6666666666666666,0.6
7,1a8r,195,channel_k32,225011,exact,False,0.9684210526315788,True,0.0,0.0,0.021516049668677595,False,0.0025771859428357796,0.6666666666666666,1.0
7,1a8r,195,channel_k32,225011,exact,True,0.9729323308270676,True,0.0,0.0,0.023948577178932617,False,0.0024483266456939907,1.0,0.8
7,1a8r,195,channel_k32,225011,baseline,False,0.9684210526315788,True,0.0,0.0,0.021538733337305382,False,0.0025979254224895326,0.6666666666666666,1.0
7,1a8r,195,channel_k32,225011,baseline,True,0.9729323308270676,True,0.0,0.0,0.02399647816692224,False,0.002468029151365056,1.0,0.8
7,1a8r,195,channel_k64,225001,exact,False,0.9859649122807018,True,0.0,0.0,0.0214471792813416,False,0.0012266318717139334,0.6666666666666666,1.0
7,1a8r,195,channel_k64,225001,exact,True,0.9879699248120299,True,0.0,0.0,0.0214471792813416,False,0.0011653002781282368,1.0,1.0
7,1a8r,195,channel_k64,225001,baseline,False,0.9859649122807018,True,0.0,0.0,0.021480103900002767,False,0.0012086761613986567,0.6666666666666666,1.0
7,1a8r,195,channel_k64,225001,baseline,True,0.9879699248120299,True,0.0,0.0,0.021480103900002767,False,0.001148242353328724,1.0,1.0
7,1a8r,195,channel_k64,225011,exact,False,0.9912280701754386,True,0.0,0.0,0.021516049668677595,False,0.0008505157766163024,1.0,1.0
7,1a8r,195,channel_k64,225011,exact,True,0.9924812030075187,True,0.0,0.0,0.023948577178932617,False,0.0008079899877854874,1.0,1.0
7,1a8r,195,channel_k64,225011,baseline,False,0.9912280701754386,True,0.0,0.0,0.021538733337305382,False,0.0008712552562700554,1.0,1.0
7,1a8r,195,channel_k64,225011,baseline,True,0.9924812030075187,True,0.0,0.0,0.02399647816692224,False,0.0008276924934565527,1.0,1.0
7,1a8r,195,channel_kfull,225001,exact,False,1.0,True,0.0,0.0,0.0214471792813416,False,3.979290049475235e-05,1.0,1.0
7,1a8r,195,channel_kfull,225001,exact,True,1.0,True,0.0,0.0,0.0214471792813416,False,3.780325547001473e-05,1.0,1.0
7,1a8r,195,channel_kfull,225001,baseline,False,1.0,True,0.0,0.0,0.021480103900002767,False,0.0,1.0,1.0
7,1a8r,195,channel_kfull,225001,baseline,True,1.0,True,0.0,0.0,0.021480103900002767,False,0.0,1.0,1.0
7,1a8r,195,channel_kfull,225011,exact,False,1.0,True,0.0,0.0,0.021516049668677595,False,2.8616428097091717e-05,1.0,1.0
7,1a8r,195,channel_kfull,225011,exact,True,1.0,True,0.0,0.0,0.023948577178932617,False,2.718560669223713e-05,1.0,1.0
7,1a8r,195,channel_kfull,225011,baseline,False,1.0,True,0.0,0.0,0.021538733337305382,False,0.0,1.0,1.0
7,1a8r,195,channel_kfull,225011,baseline,True,1.0,True,0.0,0.0,0.02399647816692224,False,0.0,1.0,1.0
7,1a8r,195,shared_k0,225001,exact,False,0.7175438596491229,True,0.0,0.0,0.0214471792813416,False,0.011992365187063194,0.3333333333333333,0.4
7,1a8r,195,shared_k0,225001,exact,True,0.5729323308270676,True,0.0,0.0,0.0214471792813416,False,0.011392746927710034,0.3333333333333333,0.4
7,1a8r,195,shared_k0,225001,baseline,False,0.7175438596491229,True,0.0,0.0,0.021480103900002767,False,0.011974409476747917,0.3333333333333333,0.4
7,1a8r,195,shared_k0,225001,baseline,True,0.5729323308270676,True,0.0,0.0,0.021480103900002767,False,0.011375689002910522,0.3333333333333333,0.4
7,1a8r,195,shared_k0,225011,exact,False,0.16842105263157894,False,0.00838193080368177,0.38956643681130404,0.021516049668677595,False,0.010895498230907156,0.3333333333333333,0.6
7,1a8r,195,shared_k0,225011,exact,True,0.24661654135338343,False,0.010814458313936792,0.4515699714908404,0.023948577178932617,False,0.010350723319361798,0.3333333333333333,0.6
7,1a8r,195,shared_k0,225011,baseline,False,0.16842105263157894,False,0.00839457667324034,0.3897432844252181,0.021538733337305382,False,0.01091623771056091,0.3333333333333333,0.6
7,1a8r,195,shared_k0,225011,baseline,True,0.24661654135338343,False,0.010852321502857198,0.45224642663674275,0.02399647816692224,False,0.010370425825032864,0.3333333333333333,0.6
7,1a8r,195,shared_k4,225001,exact,False,0.7578947368421053,True,0.0,0.0,0.0214471792813416,False,0.011899640648339755,0.3333333333333333,0.4
7,1a8r,195,shared_k4,225001,exact,True,0.6090225563909774,True,0.0,0.0,0.0214471792813416,False,0.011304658615922766,0.3333333333333333,0.4
7,1a8r,195,shared_k4,225001,baseline,False,0.7578947368421053,True,0.0,0.0,0.021480103900002767,False,0.011881684938024478,0.3333333333333333,0.4
7,1a8r,195,shared_k4,225001,baseline,True,0.6090225563909774,True,0.0,0.0,0.021480103900002767,False,0.011287600691123254,0.3333333333333333,0.4
7,1a8r,195,shared_k4,225011,exact,False,0.32105263157894737,False,0.0015824498397360443,0.07354741525995481,0.021516049668677595,False,0.010823316069333143,0.3333333333333333,0.4
7,1a8r,195,shared_k4,225011,exact,True,0.37744360902255636,False,0.004014977349991067,0.16764993260322003,0.023948577178932617,False,0.010282150265866485,0.3333333333333333,0.6
7,1a8r,195,shared_k4,225011,baseline,False,0.32105263157894737,False,0.0015931877910407288,0.07396849972980099,0.021538733337305382,False,0.010844055548986896,0.3333333333333333,0.4
7,1a8r,195,shared_k4,225011,baseline,True,0.37744360902255636,False,0.004050932620657588,0.16881363142036254,0.02399647816692224,False,0.010301852771537551,0.3333333333333333,0.6
7,1a8r,195,shared_k8,225001,exact,False,0.7403508771929824,True,0.0,0.0,0.0214471792813416,False,0.011351250055540394,0.6666666666666666,0.4
7,1a8r,195,shared_k8,225001,exact,True,0.6150375939849623,True,0.0,0.0,0.0214471792813416,False,0.010783687552763373,0.6666666666666666,0.4
7,1a8r,195,shared_k8,225001,baseline,False,0.7403508771929824,True,0.0,0.0,0.021480103900002767,False,0.011333294345225117,0.6666666666666666,0.4
7,1a8r,195,shared_k8,225001,baseline,True,0.6150375939849623,True,0.0,0.0,0.021480103900002767,False,0.010766629627963861,0.6666666666666666,0.4
7,1a8r,195,shared_k8,225011,exact,False,0.5421052631578946,False,0.0015824498397360443,0.07354741525995481,0.021516049668677595,False,0.010440382395048029,0.6666666666666666,0.8
7,1a8r,195,shared_k8,225011,exact,True,0.6030075187969924,False,0.004014977349991067,0.16764993260322003,0.023948577178932617,False,0.009918363275295628,1.0,0.8
7,1a8r,195,shared_k8,225011,baseline,False,0.5421052631578946,False,0.0015931877910407288,0.07396849972980099,0.021538733337305382,False,0.010461121874701782,0.6666666666666666,0.8
7,1a8r,195,shared_k8,225011,baseline,True,0.6030075187969924,False,0.004050932620657588,0.16881363142036254,0.02399647816692224,False,0.009938065780966693,1.0,0.8
7,1a8r,195,shared_k16,225001,exact,False,0.7701754385964912,True,0.0,0.0,0.0214471792813416,False,0.009041285943831304,0.6666666666666666,0.4
7,1a8r,195,shared_k16,225001,exact,True,0.7052631578947368,True,0.0,0.0,0.0214471792813416,False,0.00858922164663974,0.6666666666666666,0.4
7,1a8r,195,shared_k16,225001,baseline,False,0.7701754385964912,True,0.0,0.0,0.021480103900002767,False,0.009023330233516027,0.6666666666666666,0.4
7,1a8r,195,shared_k16,225001,baseline,True,0.7052631578947368,True,0.0,0.0,0.021480103900002767,False,0.008572163721840225,0.6666666666666666,0.4
7,1a8r,195,shared_k16,225011,exact,False,0.7614035087719299,True,0.0,0.0,0.021516049668677595,False,0.00938845808369585,0.6666666666666666,1.0
7,1a8r,195,shared_k16,225011,exact,True,0.7909774436090224,False,0.0024325275102550226,0.10157294490108158,0.023948577178932617,False,0.008919035179511056,1.0,0.8
7,1a8r,195,shared_k16,225011,baseline,False,0.7614035087719299,True,0.0,0.0,0.021538733337305382,False,0.009409197563349602,0.6666666666666666,1.0
7,1a8r,195,shared_k16,225011,baseline,True,0.7909774436090224,False,0.002457744829616859,0.10242106414618452,0.02399647816692224,False,0.008938737685182122,1.0,0.8
7,1a8r,195,shared_k32,225001,exact,False,0.8754385964912281,True,0.0,0.0,0.0214471792813416,False,0.008120586117744036,0.6666666666666666,0.4
7,1a8r,195,shared_k32,225001,exact,True,0.7999999999999999,True,0.0,0.0,0.0214471792813416,False,0.007714556811856834,0.6666666666666666,0.4
7,1a8r,195,shared_k32,225001,baseline,False,0.8754385964912281,True,0.0,0.0,0.021480103900002767,False,0.00810263040742876,0.6666666666666666,0.4
7,1a8r,195,shared_k32,225001,baseline,True,0.7999999999999999,True,0.0,0.0,0.021480103900002767,False,0.007697498887057322,0.6666666666666666,0.4
7,1a8r,195,shared_k32,225011,exact,False,0.8736842105263157,True,0.0,0.0,0.021516049668677595,False,0.00777365581230895,0.6666666666666666,1.0
7,1a8r,195,shared_k32,225011,exact,True,0.8902255639097743,False,0.0024325275102550226,0.10157294490108158,0.023948577178932617,False,0.0073849730216935024,1.0,0.8
7,1a8r,195,shared_k32,225011,baseline,False,0.8736842105263157,True,0.0,0.0,0.021538733337305382,False,0.007794395291962703,0.6666666666666666,1.0
7,1a8r,195,shared_k32,225011,baseline,True,0.8902255639097743,False,0.002457744829616859,0.10242106414618452,0.02399647816692224,False,0.007404675527364568,1.0,0.8
7,1a8r,195,shared_k64,225001,exact,False,0.9298245614035087,True,0.0,0.0,0.0214471792813416,False,0.004833944317356041,0.6666666666666666,0.6
7,1a8r,195,shared_k64,225001,exact,True,0.9082706766917292,True,0.0,0.0,0.0214471792813416,False,0.0045922471014882395,0.6666666666666666,0.4
7,1a8r,195,shared_k64,225001,baseline,False,0.9298245614035087,True,0.0,0.0,0.021480103900002767,False,0.004815988607040765,0.6666666666666666,0.6
7,1a8r,195,shared_k64,225001,baseline,True,0.9082706766917292,True,0.0,0.0,0.021480103900002767,False,0.0045751891766887265,0.6666666666666666,0.4
7,1a8r,195,shared_k64,225011,exact,False,0.8964912280701753,True,0.0,0.0,0.021516049668677595,False,0.004193787274361929,0.6666666666666666,1.0
7,1a8r,195,shared_k64,225011,exact,True,0.9097744360902256,False,0.0024325275102550226,0.10157294490108158,0.023948577178932617,False,0.003984097910643833,1.0,0.8
7,1a8r,195,shared_k64,225011,baseline,False,0.8964912280701753,True,0.0,0.0,0.021538733337305382,False,0.004214526754015682,0.6666666666666666,1.0
7,1a8r,195,shared_k64,225011,baseline,True,0.9097744360902256,False,0.002457744829616859,0.10242106414618452,0.02399647816692224,False,0.004003800416314898,1.0,0.8
7,1a8r,195,shared_kfull,225001,exact,False,1.0,True,0.0,0.0,0.0214471792813416,False,3.979290049475235e-05,1.0,1.0
7,1a8r,195,shared_kfull,225001,exact,True,1.0,True,0.0,0.0,0.0214471792813416,False,3.780325547001473e-05,1.0,1.0
7,1a8r,195,shared_kfull,225001,baseline,False,1.0,True,0.0,0.0,0.021480103900002767,False,0.0,1.0,1.0
7,1a8r,195,shared_kfull,225001,baseline,True,1.0,True,0.0,0.0,0.021480103900002767,False,0.0,1.0,1.0
7,1a8r,195,shared_kfull,225011,exact,False,1.0,True,0.0,0.0,0.021516049668677595,False,2.8616428097091717e-05,1.0,1.0
7,1a8r,195,shared_kfull,225011,exact,True,1.0,True,0.0,0.0,0.023948577178932617,False,2.718560669223713e-05,1.0,1.0
7,1a8r,195,shared_kfull,225011,baseline,False,1.0,True,0.0,0.0,0.021538733337305382,False,0.0,1.0,1.0
7,1a8r,195,shared_kfull,225011,baseline,True,1.0,True,0.0,0.0,0.02399647816692224,False,0.0,1.0,1.0
7,1a8r,161,baseline,225001,exact,False,1.0,True,0.0,0.0,0.02138570202275658,False,3.738214809432436e-05,1.0,1.0
7,1a8r,161,baseline,225001,exact,True,1.0,True,0.0,0.0,0.02138570202275658,False,3.551304068960815e-05,1.0,1.0
7,1a8r,161,baseline,225001,baseline,False,1.0,True,0.0,0.0,0.021367203331289997,False,0.0,1.0,1.0
7,1a8r,161,baseline,225001,baseline,True,1.0,True,0.0,0.0,0.021367203331289997,False,0.0,1.0,1.0
7,1a8r,161,baseline,225011,exact,False,1.0,True,0.0,0.0,0.01810697812070261,False,4.7252324035901004e-05,1.0,1.0
7,1a8r,161,baseline,225011,exact,True,1.0,True,0.0,0.0,0.01810697812070261,False,4.4889707834105955e-05,1.0,1.0
7,1a8r,161,baseline,225011,baseline,False,1.0,True,0.0,0.0,0.017990439894672805,False,0.0,1.0,1.0
7,1a8r,161,baseline,225011,baseline,True,1.0,True,0.0,0.0,0.017990439894672805,False,0.0,1.0,1.0
7,1a8r,161,channel_k0,225001,exact,False,0.519298245614035,False,0.00599517711559272,0.2803357640171567,0.02138570202275658,False,0.004283398918466318,0.3333333333333333,0.6
7,1a8r,161,channel_k0,225001,exact,True,0.5533834586466165,False,0.00599517711559272,0.2803357640171567,0.02138570202275658,False,0.004069228972543001,0.3333333333333333,0.6
7,1a8r,161,channel_k0,225001,baseline,False,0.519298245614035,False,0.006072721082121257,0.28420757681602643,0.021367203331289997,False,0.004287366612726814,0.3333333333333333,0.6
7,1a8r,161,channel_k0,225001,baseline,True,0.5533834586466165,False,0.006072721082121257,0.28420757681602643,0.021367203331289997,False,0.004072998282090473,0.3333333333333333,0.6
7,1a8r,161,channel_k0,225011,exact,False,0.2719298245614035,False,0.0019272479366936879,0.10643675183382308,0.01810697812070261,False,0.003592741793953738,0.3333333333333333,0.6
7,1a8r,161,channel_k0,225011,exact,True,0.29473684210526313,False,0.0019272479366936879,0.10643675183382308,0.01810697812070261,False,0.0034131047042560507,0.3333333333333333,0.6
7,1a8r,161,channel_k0,225011,baseline,False,0.2719298245614035,False,0.0018988455466715792,0.10554747731509619,0.017990439894672805,False,0.0035816231204124273,0.3333333333333333,0.6
7,1a8r,161,channel_k0,225011,baseline,True,0.29473684210526313,False,0.0018988455466715792,0.10554747731509619,0.017990439894672805,False,0.003402541964391806,0.3333333333333333,0.6
7,1a8r,161,channel_k4,225001,exact,False,0.8859649122807017,True,0.0,0.0,0.02138570202275658,False,0.0029465492757161605,0.6666666666666666,0.8
7,1a8r,161,channel_k4,225001,exact,True,0.8902255639097743,True,0.0,0.0,0.02138570202275658,False,0.0027992218119303526,0.6666666666666666,0.8
7,1a8r,161,channel_k4,225001,baseline,False,0.8859649122807017,True,0.0,0.0,0.021367203331289997,False,0.002956569198202042,0.6666666666666666,0.8
7,1a8r,161,channel_k4,225001,baseline,True,0.8902255639097743,True,0.0,0.0,0.021367203331289997,False,0.00280874073829194,0.6666666666666666,0.8
7,1a8r,161,channel_k4,225011,exact,False,0.9298245614035087,False,0.0019272479366936879,0.10643675183382308,0.01810697812070261,False,0.002019584541661939,0.6666666666666666,0.8
7,1a8r,161,channel_k4,225011,exact,True,0.9383458646616539,False,0.0019272479366936879,0.10643675183382308,0.01810697812070261,False,0.0019186053145788418,0.6666666666666666,0.8
7,1a8r,161,channel_k4,225011,baseline,False,0.9298245614035087,False,0.0018988455466715792,0.10554747731509619,0.017990439894672805,False,0.002036362584422717,0.6666666666666666,0.8
7,1a8r,161,channel_k4,225011,baseline,True,0.9383458646616539,False,0.0018988455466715792,0.10554747731509619,0.017990439894672805,False,0.0019345444552015811,0.6666666666666666,0.8
7,1a8r,161,channel_k8,225001,exact,False,0.9035087719298246,True,0.0,0.0,0.02138570202275658,False,0.002288386264193859,0.6666666666666666,0.8
7,1a8r,161,channel_k8,225001,exact,True,0.9052631578947368,True,0.0,0.0,0.02138570202275658,False,0.002173966950984166,0.6666666666666666,0.8
7,1a8r,161,channel_k8,225001,baseline,False,0.9035087719298246,True,0.0,0.0,0.021367203331289997,False,0.0023012069719965914,0.6666666666666666,0.8
7,1a8r,161,channel_k8,225001,baseline,True,0.9052631578947368,True,0.0,0.0,0.021367203331289997,False,0.002186146623396762,0.6666666666666666,0.8
7,1a8r,161,channel_k8,225011,exact,False,0.9596491228070174,True,0.0,0.0,0.01810697812070261,False,0.0015799039364134987,0.6666666666666666,0.8
7,1a8r,161,channel_k8,225011,exact,True,0.9639097744360902,True,0.0,0.0,0.01810697812070261,False,0.0015009087395928238,0.6666666666666666,0.8
7,1a8r,161,channel_k8,225011,baseline,False,0.9596491228070174,True,0.0,0.0,0.017990439894672805,False,0.0015979531468375712,0.6666666666666666,0.8
7,1a8r,161,channel_k8,225011,baseline,True,0.9639097744360902,True,0.0,0.0,0.017990439894672805,False,0.0015180554894956926,0.6666666666666666,0.8
7,1a8r,161,channel_k16,225001,exact,False,0.975438596491228,True,0.0,0.0,0.02138570202275658,False,0.0014542297067702094,0.6666666666666666,0.8
7,1a8r,161,channel_k16,225001,exact,True,0.9744360902255638,True,0.0,0.0,0.02138570202275658,False,0.001381518221431699,0.6666666666666666,1.0
7,1a8r,161,channel_k16,225001,baseline,False,0.975438596491228,True,0.0,0.0,0.021367203331289997,False,0.001476120488004884,0.6666666666666666,0.8
7,1a8r,161,channel_k16,225001,baseline,True,0.9744360902255638,True,0.0,0.0,0.021367203331289997,False,0.0014023144636046397,0.6666666666666666,1.0
7,1a8r,161,channel_k16,225011,exact,False,0.9526315789473684,True,0.0,0.0,0.01810697812070261,False,0.0010297965396425918,1.0,0.8
7,1a8r,161,channel_k16,225011,exact,True,0.9578947368421054,True,0.0,0.0,0.01810697812070261,False,0.0009783067126604623,1.0,0.8
7,1a8r,161,channel_k16,225011,baseline,False,0.9526315789473684,True,0.0,0.0,0.017990439894672805,False,0.0010478457500666643,1.0,0.8
7,1a8r,161,channel_k16,225011,baseline,True,0.9578947368421054,True,0.0,0.0,0.017990439894672805,False,0.000995453462563331,1.0,0.8
7,1a8r,161,channel_k32,225001,exact,False,0.9929824561403509,True,0.0,0.0,0.02138570202275658,False,0.0007624382824420608,0.6666666666666666,1.0
7,1a8r,161,channel_k32,225001,exact,True,0.9909774436090225,True,0.0,0.0,0.02138570202275658,False,0.0007243163683199577,0.6666666666666666,1.0
7,1a8r,161,channel_k32,225001,baseline,False,0.9929824561403509,True,0.0,0.0,0.021367203331289997,False,0.0007842699710874689,0.6666666666666666,1.0
7,1a8r,161,channel_k32,225001,baseline,True,0.9909774436090225,True,0.0,0.0,0.021367203331289997,False,0.0007450564725330955,0.6666666666666666,1.0
7,1a8r,161,channel_k32,225011,exact,False,0.9666666666666668,True,0.0,0.0,0.01810697812070261,False,0.0005965078508244465,1.0,1.0
7,1a8r,161,channel_k32,225011,exact,True,0.9714285714285714,True,0.0,0.0,0.01810697812070261,False,0.0005666824582832242,1.0,1.0
7,1a8r,161,channel_k32,225011,baseline,False,0.9666666666666668,True,0.0,0.0,0.017990439894672805,False,0.0005987815182478934,1.0,1.0
7,1a8r,161,channel_k32,225011,baseline,True,0.9714285714285714,True,0.0,0.0,0.017990439894672805,False,0.0005688424423354987,1.0,1.0
7,1a8r,161,channel_k64,225001,exact,False,0.9982456140350877,True,0.0,0.0,0.02138570202275658,False,0.00032031697624074207,1.0,1.0
7,1a8r,161,channel_k64,225001,exact,True,0.9984962406015038,True,0.0,0.0,0.02138570202275658,False,0.00030430112742870494,1.0,1.0
7,1a8r,161,channel_k64,225001,baseline,False,0.9982456140350877,True,0.0,0.0,0.021367203331289997,False,0.00033026854818737173,1.0,1.0
7,1a8r,161,channel_k64,225001,baseline,True,0.9984962406015038,True,0.0,0.0,0.021367203331289997,False,0.00031375512077800314,1.0,1.0
7,1a8r,161,channel_k64,225011,exact,False,0.9929824561403509,True,0.0,0.0,0.01810697812070261,False,0.00022672500588309004,1.0,1.0
7,1a8r,161,channel_k64,225011,exact,True,0.9924812030075187,True,0.0,0.0,0.01810697812070261,False,0.00021538875558893555,1.0,1.0
7,1a8r,161,channel_k64,225011,baseline,False,0.9929824561403509,True,0.0,0.0,0.017990439894672805,False,0.0002388914081662302,1.0,1.0
7,1a8r,161,channel_k64,225011,baseline,True,0.9924812030075187,True,0.0,0.0,0.017990439894672805,False,0.00022694683775791868,1.0,1.0
7,1a8r,161,channel_kfull,225001,exact,False,1.0,True,0.0,0.0,0.02138570202275658,False,3.738214809432436e-05,1.0,1.0
7,1a8r,161,channel_kfull,225001,exact,True,1.0,True,0.0,0.0,0.02138570202275658,False,3.551304068960815e-05,1.0,1.0
7,1a8r,161,channel_kfull,225001,baseline,False,1.0,True,0.0,0.0,0.021367203331289997,False,0.0,1.0,1.0
7,1a8r,161,channel_kfull,225001,baseline,True,1.0,True,0.0,0.0,0.021367203331289997,False,0.0,1.0,1.0
7,1a8r,161,channel_kfull,225011,exact,False,1.0,True,0.0,0.0,0.01810697812070261,False,4.7252324035901004e-05,1.0,1.0
7,1a8r,161,channel_kfull,225011,exact,True,1.0,True,0.0,0.0,0.01810697812070261,False,4.4889707834105955e-05,1.0,1.0
7,1a8r,161,channel_kfull,225011,baseline,False,1.0,True,0.0,0.0,0.017990439894672805,False,0.0,1.0,1.0
7,1a8r,161,channel_kfull,225011,baseline,True,1.0,True,0.0,0.0,0.017990439894672805,False,0.0,1.0,1.0
7,1a8r,161,shared_k0,225001,exact,False,0.519298245614035,False,0.00599517711559272,0.2803357640171567,0.02138570202275658,False,0.004283398918466318,0.3333333333333333,0.6
7,1a8r,161,shared_k0,225001,exact,True,0.5533834586466165,False,0.00599517711559272,0.2803357640171567,0.02138570202275658,False,0.004069228972543001,0.3333333333333333,0.6
7,1a8r,161,shared_k0,225001,baseline,False,0.519298245614035,False,0.006072721082121257,0.28420757681602643,0.021367203331289997,False,0.004287366612726814,0.3333333333333333,0.6
7,1a8r,161,shared_k0,225001,baseline,True,0.5533834586466165,False,0.006072721082121257,0.28420757681602643,0.021367203331289997,False,0.004072998282090473,0.3333333333333333,0.6
7,1a8r,161,shared_k0,225011,exact,False,0.2719298245614035,False,0.0019272479366936879,0.10643675183382308,0.01810697812070261,False,0.003592741793953738,0.3333333333333333,0.6
7,1a8r,161,shared_k0,225011,exact,True,0.29473684210526313,False,0.0019272479366936879,0.10643675183382308,0.01810697812070261,False,0.0034131047042560507,0.3333333333333333,0.6
7,1a8r,161,shared_k0,225011,baseline,False,0.2719298245614035,False,0.0018988455466715792,0.10554747731509619,0.017990439894672805,False,0.0035816231204124273,0.3333333333333333,0.6
7,1a8r,161,shared_k0,225011,baseline,True,0.29473684210526313,False,0.0018988455466715792,0.10554747731509619,0.017990439894672805,False,0.003402541964391806,0.3333333333333333,0.6
7,1a8r,161,shared_k4,225001,exact,False,0.7385964912280703,False,0.00599517711559272,0.2803357640171567,0.02138570202275658,False,0.00403208844527906,0.3333333333333333,0.8
7,1a8r,161,shared_k4,225001,exact,True,0.7503759398496239,False,0.00599517711559272,0.2803357640171567,0.02138570202275658,False,0.003830484023015107,0.3333333333333333,0.8
7,1a8r,161,shared_k4,225001,baseline,False,0.7385964912280703,False,0.006072721082121257,0.28420757681602643,0.021367203331289997,False,0.004036056139539557,0.3333333333333333,0.8
7,1a8r,161,shared_k4,225001,baseline,True,0.7503759398496239,False,0.006072721082121257,0.28420757681602643,0.021367203331289997,False,0.0038342533325625787,0.3333333333333333,0.8
7,1a8r,161,shared_k4,225011,exact,False,0.8315789473684211,False,0.0019272479366936879,0.10643675183382308,0.01810697812070261,False,0.0026519847234127646,0.6666666666666666,0.8
7,1a8r,161,shared_k4,225011,exact,True,0.8330827067669173,False,0.0019272479366936879,0.10643675183382308,0.01810697812070261,False,0.0025193854872421263,0.6666666666666666,0.8
7,1a8r,161,shared_k4,225011,baseline,False,0.8315789473684211,False,0.0018988455466715792,0.10554747731509619,0.017990439894672805,False,0.002650471630950376,0.6666666666666666,0.8
7,1a8r,161,shared_k4,225011,baseline,True,0.8330827067669173,False,0.0018988455466715792,0.10554747731509619,0.017990439894672805,False,0.002517948049402857,0.6666666666666666,0.8
7,1a8r,161,shared_k8,225001,exact,False,0.7263157894736841,False,0.00599517711559272,0.2803357640171567,0.02138570202275658,False,0.0036819448764199,0.3333333333333333,0.6
7,1a8r,161,shared_k8,225001,exact,True,0.7503759398496239,False,0.00599517711559272,0.2803357640171567,0.02138570202275658,False,0.003497847632598905,0.3333333333333333,0.8
7,1a8r,161,shared_k8,225001,baseline,False,0.7263157894736841,False,0.006072721082121257,0.28420757681602643,0.021367203331289997,False,0.0036859125706803966,0.3333333333333333,0.6
7,1a8r,161,shared_k8,225001,baseline,True,0.7503759398496239,False,0.006072721082121257,0.28420757681602643,0.021367203331289997,False,0.0035016169421463765,0.3333333333333333,0.8
7,1a8r,161,shared_k8,225011,exact,False,0.8964912280701753,False,0.0019272479366936879,0.10643675183382308,0.01810697812070261,False,0.002321229448131071,0.6666666666666666,0.8
7,1a8r,161,shared_k8,225011,exact,True,0.9112781954887217,False,0.0019272479366936879,0.10643675183382308,0.01810697812070261,False,0.0022051679757245173,0.6666666666666666,0.8
7,1a8r,161,shared_k8,225011,baseline,False,0.8964912280701753,False,0.0018988455466715792,0.10554747731509619,0.017990439894672805,False,0.002325236205541303,0.6666666666666666,0.8
7,1a8r,161,shared_k8,225011,baseline,True,0.9112781954887217,False,0.0018988455466715792,0.10554747731509619,0.017990439894672805,False,0.002208974395264238,0.6666666666666666,0.8
7,1a8r,161,shared_k16,225001,exact,False,0.8473684210526315,True,0.0,0.0,0.02138570202275658,False,0.002932381411682327,0.6666666666666666,0.6
7,1a8r,161,shared_k16,225001,exact,True,0.8646616541353382,True,0.0,0.0,0.02138570202275658,False,0.0027857623410982107,0.6666666666666666,0.8
7,1a8r,161,shared_k16,225001,baseline,False,0.8473684210526315,True,0.0,0.0,0.021367203331289997,False,0.002940111551364439,0.6666666666666666,0.6
7,1a8r,161,shared_k16,225001,baseline,True,0.8646616541353382,True,0.0,0.0,0.021367203331289997,False,0.002793105973796217,0.6666666666666666,0.8
7,1a8r,161,shared_k16,225011,exact,False,0.9596491228070174,True,0.0,0.0,0.01810697812070261,False,0.0019585729283105634,1.0,0.8
7,1a8r,161,shared_k16,225011,exact,True,0.9639097744360902,True,0.0,0.0,0.01810697812070261,False,0.0018606442818950354,1.0,0.8
7,1a8r,161,shared_k16,225011,baseline,False,0.9596491228070174,True,0.0,0.0,0.017990439894672805,False,0.0019655140310118556,1.0,0.8
7,1a8r,161,shared_k16,225011,baseline,True,0.9639097744360902,True,0.0,0.0,0.017990439894672805,False,0.0018672383294612628,1.0,0.8
7,1a8r,161,shared_k32,225001,exact,False,0.8947368421052632,True,0.0,0.0,0.02138570202275658,False,0.0019895568986396895,0.6666666666666666,0.8
7,1a8r,161,shared_k32,225001,exact,True,0.9052631578947368,True,0.0,0.0,0.02138570202275658,False,0.001890079053707705,0.6666666666666666,1.0
7,1a8r,161,shared_k32,225001,baseline,False,0.8947368421052632,True,0.0,0.0,0.021367203331289997,False,0.001990203960921226,0.6666666666666666,0.8
7,1a8r,161,shared_k32,225001,baseline,True,0.9052631578947368,True,0.0,0.0,0.021367203331289997,False,0.0018906937628751647,0.6666666666666666,1.0
7,1a8r,161,shared_k32,225011,exact,False,0.8894736842105263,True,0.0,0.0,0.01810697812070261,False,0.0015845806648902678,1.0,0.8
7,1a8r,161,shared_k32,225011,exact,True,0.8796992481203006,True,0.0,0.0,0.01810697812070261,False,0.0015053516316457544,1.0,0.8
7,1a8r,161,shared_k32,225011,baseline,False,0.8894736842105263,True,0.0,0.0,0.017990439894672805,False,0.00159704161746418,1.0,0.8
7,1a8r,161,shared_k32,225011,baseline,True,0.8796992481203006,True,0.0,0.0,0.017990439894672805,False,0.001517189536590971,1.0,0.8
7,1a8r,161,shared_k64,225001,exact,False,0.9929824561403509,True,0.0,0.0,0.02138570202275658,False,0.0007216208930906645,1.0,0.8
7,1a8r,161,shared_k64,225001,exact,True,0.993984962406015,True,0.0,0.0,0.02138570202275658,False,0.0006855398484361313,1.0,1.0
7,1a8r,161,shared_k64,225001,baseline,False,0.9929824561403509,True,0.0,0.0,0.021367203331289997,False,0.0007266826790098824,1.0,0.8
7,1a8r,161,shared_k64,225001,baseline,True,0.993984962406015,True,0.0,0.0,0.021367203331289997,False,0.0006903485450593883,1.0,1.0
7,1a8r,161,shared_k64,225011,exact,False,0.9543859649122807,True,0.0,0.0,0.01810697812070261,False,0.0006979261813146015,1.0,0.8
7,1a8r,161,shared_k64,225011,exact,True,0.9593984962406013,True,0.0,0.0,0.01810697812070261,False,0.0006630298722488714,1.0,0.8
7,1a8r,161,shared_k64,225011,baseline,False,0.9543859649122807,True,0.0,0.0,0.017990439894672805,False,0.000710083160970864,1.0,0.8
7,1a8r,161,shared_k64,225011,baseline,True,0.9593984962406013,True,0.0,0.0,0.017990439894672805,False,0.0006745790029223208,1.0,0.8
7,1a8r,161,shared_kfull,225001,exact,False,1.0,True,0.0,0.0,0.02138570202275658,False,3.738214809432436e-05,1.0,1.0
7,1a8r,161,shared_kfull,225001,exact,True,1.0,True,0.0,0.0,0.02138570202275658,False,3.551304068960815e-05,1.0,1.0
7,1a8r,161,shared_kfull,225001,baseline,False,1.0,True,0.0,0.0,0.021367203331289997,False,0.0,1.0,1.0
7,1a8r,161,shared_kfull,225001,baseline,True,1.0,True,0.0,0.0,0.021367203331289997,False,0.0,1.0,1.0
7,1a8r,161,shared_kfull,225011,exact,False,1.0,True,0.0,0.0,0.01810697812070261,False,4.7252324035901004e-05,1.0,1.0
7,1a8r,161,shared_kfull,225011,exact,True,1.0,True,0.0,0.0,0.01810697812070261,False,4.4889707834105955e-05,1.0,1.0
7,1a8r,161,shared_kfull,225011,baseline,False,1.0,True,0.0,0.0,0.017990439894672805,False,0.0,1.0,1.0
7,1a8r,161,shared_kfull,225011,baseline,True,1.0,True,0.0,0.0,0.017990439894672805,False,0.0,1.0,1.0
8,2dt5,208,baseline,225001,exact,False,1.0,True,0.0,0.0,0.11068992713702874,False,0.00021148538998630012,1.0,1.0
8,2dt5,208,baseline,225001,exact,True,1.0,True,0.0,0.0,0.11068992713702874,False,0.00020091112048698512,1.0,1.0
8,2dt5,208,baseline,225001,baseline,False,1.0,True,0.0,0.0,0.11070248020654183,False,0.0,1.0,1.0
8,2dt5,208,baseline,225001,baseline,True,1.0,True,0.0,0.0,0.11070248020654183,False,0.0,1.0,1.0
8,2dt5,208,baseline,225011,exact,False,1.0,True,0.0,0.0,0.10268202948681171,False,0.00018089073334875679,1.0,1.0
8,2dt5,208,baseline,225011,exact,True,1.0,True,0.0,0.0,0.10268202948681171,False,0.00017184619668131896,1.0,1.0
8,2dt5,208,baseline,225011,baseline,False,1.0,True,0.0,0.0,0.10269386844180572,False,0.0,1.0,1.0
8,2dt5,208,baseline,225011,baseline,True,1.0,True,0.0,0.0,0.10269386844180572,False,0.0,1.0,1.0
8,2dt5,208,channel_k0,225001,exact,False,0.6192982456140351,False,0.0033350381499449577,0.03012955411756973,0.11068992713702874,False,0.02476702546486717,1.0,0.6
8,2dt5,208,channel_k0,225001,exact,True,0.6015037593984961,False,0.0033350381499449577,0.03012955411756973,0.11068992713702874,False,0.02352867419162381,0.6666666666666666,0.6
8,2dt5,208,channel_k0,225001,baseline,False,0.6192982456140351,False,0.0035398816377907316,0.03197653414075493,0.11070248020654183,False,0.024656999427650327,1.0,0.6
8,2dt5,208,channel_k0,225001,baseline,True,0.6015037593984961,False,0.0035398816377907316,0.03197653414075493,0.11070248020654183,False,0.023424149456267813,0.6666666666666666,0.6
8,2dt5,208,channel_k0,225011,exact,False,0.42105263157894735,False,0.005509289496664627,0.05365388202978818,0.10268202948681171,False,0.028960540514506333,0.3333333333333333,0.6
8,2dt5,208,channel_k0,225011,exact,True,0.4421052631578947,False,0.005509289496664627,0.05365388202978818,0.10268202948681171,False,0.027512513488781015,0.3333333333333333,0.6
8,2dt5,208,channel_k0,225011,baseline,False,0.42105263157894735,False,0.006027230609351397,0.058691241266920345,0.10269386844180572,False,0.02893902360040404,0.3333333333333333,0.6
8,2dt5,208,channel_k0,225011,baseline,True,0.4421052631578947,False,0.006027230609351397,0.058691241266920345,0.10269386844180572,False,0.027492072420383838,0.3333333333333333,0.6
8,2dt5,208,channel_k4,225001,exact,False,0.9631578947368421,True,0.0,0.0,0.11068992713702874,False,0.007260668653932086,1.0,0.8
8,2dt5,208,channel_k4,225001,exact,True,0.9684210526315788,True,0.0,0.0,0.11068992713702874,False,0.006897635221235482,1.0,0.8
8,2dt5,208,channel_k4,225001,baseline,False,0.9631578947368421,True,0.0,0.0,0.11070248020654183,False,0.007117429513238548,1.0,0.8
8,2dt5,208,channel_k4,225001,baseline,True,0.9684210526315788,True,0.0,0.0,0.11070248020654183,False,0.006761558037576621,1.0,0.8
8,2dt5,208,channel_k4,225011,exact,False,0.9684210526315788,True,0.0,0.0,0.10268202948681171,False,0.005751212506574721,1.0,1.0
8,2dt5,208,channel_k4,225011,exact,True,0.9729323308270676,True,0.0,0.0,0.10268202948681171,False,0.005463651881245984,1.0,1.0
8,2dt5,208,channel_k4,225011,baseline,False,0.9684210526315788,True,0.0,0.0,0.10269386844180572,False,0.0056972603905379665,1.0,1.0
8,2dt5,208,channel_k4,225011,baseline,True,0.9729323308270676,True,0.0,0.0,0.10269386844180572,False,0.0054123973710110684,1.0,1.0
8,2dt5,208,channel_k8,225001,exact,False,0.987719298245614,True,0.0,0.0,0.11068992713702874,False,0.003639870402243731,1.0,0.8
8,2dt5,208,channel_k8,225001,exact,True,0.9894736842105262,True,0.0,0.0,0.11068992713702874,False,0.0034578768821315444,1.0,0.8
8,2dt5,208,channel_k8,225001,baseline,False,0.987719298245614,True,0.0,0.0,0.11070248020654183,False,0.00356910826561928,1.0,0.8
8,2dt5,208,channel_k8,225001,baseline,True,0.9894736842105262,True,0.0,0.0,0.11070248020654183,False,0.0033906528523383163,1.0,0.8
8,2dt5,208,channel_k8,225011,exact,False,0.9859649122807018,True,0.0,0.0,0.10268202948681171,False,0.0030933249234264167,1.0,1.0
8,2dt5,208,channel_k8,225011,exact,True,0.9879699248120299,True,0.0,0.0,0.10268202948681171,False,0.002938658677255096,1.0,1.0
8,2dt5,208,channel_k8,225011,baseline,False,0.9859649122807018,True,0.0,0.0,0.10269386844180572,False,0.0030975456205096026,1.0,1.0
8,2dt5,208,channel_k8,225011,baseline,True,0.9879699248120299,True,0.0,0.0,0.10269386844180572,False,0.0029426683394841225,1.0,1.0
8,2dt5,208,channel_k16,225001,exact,False,0.9964912280701754,True,0.0,0.0,0.11068992713702874,False,0.001217899624851602,1.0,1.0
8,2dt5,208,channel_k16,225001,exact,True,0.9969924812030074,True,0.0,0.0,0.11068992713702874,False,0.001157004643609022,1.0,1.0
8,2dt5,208,channel_k16,225001,baseline,False,0.9964912280701754,True,0.0,0.0,0.11070248020654183,False,0.0011121522828317382,1.0,1.0
8,2dt5,208,channel_k16,225001,baseline,True,0.9969924812030074,True,0.0,0.0,0.11070248020654183,False,0.0010565446686901514,1.0,1.0
8,2dt5,208,channel_k16,225011,exact,False,0.9964912280701754,True,0.0,0.0,0.10268202948681171,False,0.001653466463699799,1.0,1.0
8,2dt5,208,channel_k16,225011,exact,True,0.9969924812030074,True,0.0,0.0,0.10268202948681171,False,0.001570793140514809,1.0,1.0
8,2dt5,208,channel_k16,225011,baseline,False,0.9964912280701754,True,0.0,0.0,0.10269386844180572,False,0.0016713341421798799,1.0,1.0
8,2dt5,208,channel_k16,225011,baseline,True,0.9969924812030074,True,0.0,0.0,0.10269386844180572,False,0.001587767435070886,1.0,1.0
8,2dt5,208,channel_k32,225001,exact,False,0.9982456140350877,True,0.0,0.0,0.11068992713702874,False,0.0005618038160546051,1.0,1.0
8,2dt5,208,channel_k32,225001,exact,True,0.9984962406015038,True,0.0,0.0,0.11068992713702874,False,0.0005337136252518748,1.0,1.0
8,2dt5,208,channel_k32,225001,baseline,False,0.9982456140350877,True,0.0,0.0,0.11070248020654183,False,0.0004499197553034839,1.0,1.0
8,2dt5,208,channel_k32,225001,baseline,True,0.9984962406015038,True,0.0,0.0,0.11070248020654183,False,0.0004274237675383097,1.0,1.0
8,2dt5,208,channel_k32,225011,exact,False,1.0,True,0.0,0.0,0.10268202948681171,False,0.0004867762243178963,1.0,1.0
8,2dt5,208,channel_k32,225011,exact,True,1.0,True,0.0,0.0,0.10268202948681171,False,0.0004624374131020015,1.0,1.0
8,2dt5,208,channel_k32,225011,baseline,False,1.0,True,0.0,0.0,0.10269386844180572,False,0.00048017188635618435,1.0,1.0
8,2dt5,208,channel_k32,225011,baseline,True,1.0,True,0.0,0.0,0.10269386844180572,False,0.00045616329203837513,1.0,1.0
8,2dt5,208,channel_k64,225001,exact,False,1.0,True,0.0,0.0,0.11068992713702874,False,0.0003370947392568164,1.0,1.0
8,2dt5,208,channel_k64,225001,exact,True,1.0,True,0.0,0.0,0.11068992713702874,False,0.0003202400022939755,1.0,1.0
8,2dt5,208,channel_k64,225001,baseline,False,1.0,True,0.0,0.0,0.11070248020654183,False,0.000226345849695024,1.0,1.0
8,2dt5,208,channel_k64,225001,baseline,True,1.0,True,0.0,0.0,0.11070248020654183,False,0.0002150285572102728,1.0,1.0
8,2dt5,208,channel_k64,225011,exact,False,1.0,True,0.0,0.0,0.10268202948681171,False,0.0003944343942580843,1.0,1.0
8,2dt5,208,channel_k64,225011,exact,True,0.9984962406015038,True,0.0,0.0,0.10268202948681171,False,0.0003747126745451801,1.0,1.0
8,2dt5,208,channel_k64,225011,baseline,False,1.0,True,0.0,0.0,0.10269386844180572,False,0.00029748343739742717,1.0,1.0
8,2dt5,208,channel_k64,225011,baseline,True,0.9984962406015038,True,0.0,0.0,0.10269386844180572,False,0.00028260926552755585,1.0,1.0
8,2dt5,208,channel_kfull,225001,exact,False,1.0,True,0.0,0.0,0.11068992713702874,False,0.00021148538998630012,1.0,1.0
8,2dt5,208,channel_kfull,225001,exact,True,1.0,True,0.0,0.0,0.11068992713702874,False,0.00020091112048698512,1.0,1.0
8,2dt5,208,channel_kfull,225001,baseline,False,1.0,True,0.0,0.0,0.11070248020654183,False,0.0,1.0,1.0
8,2dt5,208,channel_kfull,225001,baseline,True,1.0,True,0.0,0.0,0.11070248020654183,False,0.0,1.0,1.0
8,2dt5,208,channel_kfull,225011,exact,False,1.0,True,0.0,0.0,0.10268202948681171,False,0.00018089073334875679,1.0,1.0
8,2dt5,208,channel_kfull,225011,exact,True,1.0,True,0.0,0.0,0.10268202948681171,False,0.00017184619668131896,1.0,1.0
8,2dt5,208,channel_kfull,225011,baseline,False,1.0,True,0.0,0.0,0.10269386844180572,False,0.0,1.0,1.0
8,2dt5,208,channel_kfull,225011,baseline,True,1.0,True,0.0,0.0,0.10269386844180572,False,0.0,1.0,1.0
8,2dt5,208,shared_k0,225001,exact,False,0.6192982456140351,False,0.0033350381499449577,0.03012955411756973,0.11068992713702874,False,0.02476702546486717,1.0,0.6
8,2dt5,208,shared_k0,225001,exact,True,0.6015037593984961,False,0.0033350381499449577,0.03012955411756973,0.11068992713702874,False,0.02352867419162381,0.6666666666666666,0.6
8,2dt5,208,shared_k0,225001,baseline,False,0.6192982456140351,False,0.0035398816377907316,0.03197653414075493,0.11070248020654183,False,0.024656999427650327,1.0,0.6
8,2dt5,208,shared_k0,225001,baseline,True,0.6015037593984961,False,0.0035398816377907316,0.03197653414075493,0.11070248020654183,False,0.023424149456267813,0.6666666666666666,0.6
8,2dt5,208,shared_k0,225011,exact,False,0.42105263157894735,False,0.005509289496664627,0.05365388202978818,0.10268202948681171,False,0.028960540514506333,0.3333333333333333,0.6
8,2dt5,208,shared_k0,225011,exact,True,0.4421052631578947,False,0.005509289496664627,0.05365388202978818,0.10268202948681171,False,0.027512513488781015,0.3333333333333333,0.6
8,2dt5,208,shared_k0,225011,baseline,False,0.42105263157894735,False,0.006027230609351397,0.058691241266920345,0.10269386844180572,False,0.02893902360040404,0.3333333333333333,0.6
8,2dt5,208,shared_k0,225011,baseline,True,0.4421052631578947,False,0.006027230609351397,0.058691241266920345,0.10269386844180572,False,0.027492072420383838,0.3333333333333333,0.6
8,2dt5,208,shared_k4,225001,exact,False,0.8701754385964912,False,0.0033350381499449577,0.03012955411756973,0.11068992713702874,False,0.018689298254755935,1.0,1.0
8,2dt5,208,shared_k4,225001,exact,True,0.8601503759398496,False,0.0033350381499449577,0.03012955411756973,0.11068992713702874,False,0.01775483334201814,1.0,0.8
8,2dt5,208,shared_k4,225001,baseline,False,0.8701754385964912,False,0.0035398816377907316,0.03197653414075493,0.11070248020654183,False,0.018601717854594274,1.0,1.0
8,2dt5,208,shared_k4,225001,baseline,True,0.8601503759398496,False,0.0035398816377907316,0.03197653414075493,0.11070248020654183,False,0.01767163196186456,1.0,0.8
8,2dt5,208,shared_k4,225011,exact,False,0.7842105263157895,False,0.005509289496664627,0.05365388202978818,0.10268202948681171,False,0.02090061389013721,0.3333333333333333,0.8
8,2dt5,208,shared_k4,225011,exact,True,0.7819548872180451,False,0.005509289496664627,0.05365388202978818,0.10268202948681171,False,0.01985558319563035,0.3333333333333333,0.6
8,2dt5,208,shared_k4,225011,baseline,False,0.7842105263157895,False,0.006027230609351397,0.058691241266920345,0.10269386844180572,False,0.020863219587737018,0.3333333333333333,0.8
8,2dt5,208,shared_k4,225011,baseline,True,0.7819548872180451,False,0.006027230609351397,0.058691241266920345,0.10269386844180572,False,0.019820058608350167,0.3333333333333333,0.6
8,2dt5,208,shared_k8,225001,exact,False,0.9298245614035087,True,0.0,0.0,0.11068992713702874,False,0.015049896375768363,1.0,1.0
8,2dt5,208,shared_k8,225001,exact,True,0.9308270676691727,True,0.0,0.0,0.11068992713702874,False,0.014297401556979944,1.0,1.0
8,2dt5,208,shared_k8,225001,baseline,False,0.9298245614035087,True,0.0,0.0,0.11070248020654183,False,0.014920150772585022,1.0,1.0
8,2dt5,208,shared_k8,225001,baseline,True,0.9308270676691727,True,0.0,0.0,0.11070248020654183,False,0.014174143233955772,1.0,1.0
8,2dt5,208,shared_k8,225011,exact,False,0.8508771929824561,False,0.005509289496664627,0.05365388202978818,0.10268202948681171,False,0.017270529271589112,0.3333333333333333,0.8
8,2dt5,208,shared_k8,225011,exact,True,0.8676691729323308,False,0.005509289496664627,0.05365388202978818,0.10268202948681171,False,0.016407002808009656,0.3333333333333333,0.8
8,2dt5,208,shared_k8,225011,baseline,False,0.8508771929824561,False,0.006027230609351397,0.058691241266920345,0.10269386844180572,False,0.017230883895479915,0.3333333333333333,0.8
8,2dt5,208,shared_k8,225011,baseline,True,0.8676691729323308,False,0.006027230609351397,0.058691241266920345,0.10269386844180572,False,0.01636933970070592,0.3333333333333333,0.8
8,2dt5,208,shared_k16,225001,exact,False,0.9701754385964911,True,0.0,0.0,0.11068992713702874,False,0.008218314100657688,1.0,0.8
8,2dt5,208,shared_k16,225001,exact,True,0.9654135338345864,True,0.0,0.0,0.11068992713702874,False,0.007807398395624804,1.0,0.8
8,2dt5,208,shared_k16,225001,baseline,False,0.9701754385964911,True,0.0,0.0,0.11070248020654183,False,0.008088568497474349,1.0,0.8
8,2dt5,208,shared_k16,225001,baseline,True,0.9654135338345864,True,0.0,0.0,0.11070248020654183,False,0.007684140072600631,1.0,0.8
8,2dt5,208,shared_k16,225011,exact,False,0.9526315789473684,False,0.00048744330341710107,0.0047471140359541435,0.10268202948681171,False,0.009746749914542724,0.6666666666666666,1.0
8,2dt5,208,shared_k16,225011,exact,True,0.956390977443609,False,0.00048744330341710107,0.0047471140359541435,0.10268202948681171,False,0.009259412418815588,0.6666666666666666,1.0
8,2dt5,208,shared_k16,225011,baseline,False,0.9526315789473684,False,0.0007861932135427852,0.007655697710796657,0.10269386844180572,False,0.009717433527480591,0.6666666666666666,1.0
8,2dt5,208,shared_k16,225011,baseline,True,0.956390977443609,False,0.0007861932135427852,0.007655697710796657,0.10269386844180572,False,0.009231561851106563,0.6666666666666666,1.0
8,2dt5,208,shared_k32,225001,exact,False,0.9929824561403509,True,0.0,0.0,0.11068992713702874,False,0.0029648430322682354,1.0,0.8
8,2dt5,208,shared_k32,225001,exact,True,0.993984962406015,True,0.0,0.0,0.11068992713702874,False,0.0028166008806548236,1.0,0.8
8,2dt5,208,shared_k32,225001,baseline,False,0.9929824561403509,True,0.0,0.0,0.11070248020654183,False,0.0028575442379788867,1.0,0.8
8,2dt5,208,shared_k32,225001,baseline,True,0.993984962406015,True,0.0,0.0,0.11070248020654183,False,0.002714667026079942,1.0,0.8
8,2dt5,208,shared_k32,225011,exact,False,0.9929824561403509,True,0.0,0.0,0.10268202948681171,False,0.00413640017111664,1.0,1.0
8,2dt5,208,shared_k32,225011,exact,True,0.993984962406015,True,0.0,0.0,0.10268202948681171,False,0.003929580162560809,1.0,1.0
8,2dt5,208,shared_k32,225011,baseline,False,0.9929824561403509,True,0.0,0.0,0.10269386844180572,False,0.004086618522078858,1.0,1.0
8,2dt5,208,shared_k32,225011,baseline,True,0.993984962406015,True,0.0,0.0,0.10269386844180572,False,0.0038822875959749147,1.0,1.0
8,2dt5,208,shared_k64,225001,exact,False,0.9982456140350877,True,0.0,0.0,0.11068992713702874,False,0.0008360640714860178,1.0,1.0
8,2dt5,208,shared_k64,225001,exact,True,0.9984962406015038,True,0.0,0.0,0.11068992713702874,False,0.0007942608679117169,1.0,1.0
8,2dt5,208,shared_k64,225001,baseline,False,0.9982456140350877,True,0.0,0.0,0.11070248020654183,False,0.0007787524506272017,1.0,1.0
8,2dt5,208,shared_k64,225001,baseline,True,0.9984962406015038,True,0.0,0.0,0.11070248020654183,False,0.0007398148280958417,1.0,1.0
8,2dt5,208,shared_k64,225011,exact,False,0.9982456140350877,False,0.00048744330341710107,0.0047471140359541435,0.10268202948681171,False,0.0011128619796779004,1.0,1.0
8,2dt5,208,shared_k64,225011,exact,True,0.9984962406015038,False,0.00048744330341710107,0.0047471140359541435,0.10268202948681171,False,0.0010572188806940053,1.0,1.0
8,2dt5,208,shared_k64,225011,baseline,False,0.9982456140350877,False,0.0007861932135427852,0.007655697710796657,0.10269386844180572,False,0.001101007038653141,1.0,1.0
8,2dt5,208,shared_k64,225011,baseline,True,0.9984962406015038,False,0.0007861932135427852,0.007655697710796657,0.10269386844180572,False,0.0010459566867204839,1.0,1.0
8,2dt5,208,shared_kfull,225001,exact,False,1.0,True,0.0,0.0,0.11068992713702874,False,0.00021148538998630012,1.0,1.0
8,2dt5,208,shared_kfull,225001,exact,True,1.0,True,0.0,0.0,0.11068992713702874,False,0.00020091112048698512,1.0,1.0
8,2dt5,208,shared_kfull,225001,baseline,False,1.0,True,0.0,0.0,0.11070248020654183,False,0.0,1.0,1.0
8,2dt5,208,shared_kfull,225001,baseline,True,1.0,True,0.0,0.0,0.11070248020654183,False,0.0,1.0,1.0
8,2dt5,208,shared_kfull,225011,exact,False,1.0,True,0.0,0.0,0.10268202948681171,False,0.00018089073334875679,1.0,1.0
8,2dt5,208,shared_kfull,225011,exact,True,1.0,True,0.0,0.0,0.10268202948681171,False,0.00017184619668131896,1.0,1.0
8,2dt5,208,shared_kfull,225011,baseline,False,1.0,True,0.0,0.0,0.10269386844180572,False,0.0,1.0,1.0
8,2dt5,208,shared_kfull,225011,baseline,True,1.0,True,0.0,0.0,0.10269386844180572,False,0.0,1.0,1.0
8,2dt5,107,baseline,225001,exact,False,1.0,True,0.0,0.0,0.2025807005205087,False,5.5995964273449305e-05,1.0,1.0
8,2dt5,107,baseline,225001,exact,True,1.0,True,0.0,0.0,0.2025807005205087,False,5.319616605977684e-05,1.0,1.0
8,2dt5,107,baseline,225001,baseline,False,1.0,True,0.0,0.0,0.20270440678675739,False,0.0,1.0,1.0
8,2dt5,107,baseline,225001,baseline,True,1.0,True,0.0,0.0,0.20270440678675739,False,0.0,1.0,1.0
8,2dt5,107,baseline,225011,exact,False,1.0,True,0.0,0.0,0.19578127321495498,False,3.7632871666172884e-05,1.0,1.0
8,2dt5,107,baseline,225011,exact,True,1.0,True,0.0,0.0,0.19578127321495498,False,3.575122808286424e-05,1.0,1.0
8,2dt5,107,baseline,225011,baseline,False,1.0,True,0.0,0.0,0.19586467654190542,False,0.0,1.0,1.0
8,2dt5,107,baseline,225011,baseline,True,1.0,True,0.0,0.0,0.19586467654190542,False,0.0,1.0,1.0
8,2dt5,107,channel_k0,225001,exact,False,-0.021052631578947368,False,0.03594217836384095,0.17742153261140622,0.2025807005205087,False,0.026237171097371576,0.3333333333333333,0.2
8,2dt5,107,channel_k0,225001,exact,True,0.02706766917293233,False,0.03594217836384095,0.17742153261140622,0.2025807005205087,False,0.024925312542503,0.3333333333333333,0.2
8,2dt5,107,channel_k0,225001,baseline,False,-0.021052631578947368,False,0.03592034004010736,0.17720552113055502,0.20270440678675739,False,0.026279597830170465,0.3333333333333333,0.2
8,2dt5,107,channel_k0,225001,baseline,True,0.02706766917293233,False,0.03592034004010736,0.17720552113055502,0.20270440678675739,False,0.024965617938661942,0.3333333333333333,0.2
8,2dt5,107,channel_k0,225011,exact,False,0.24736842105263157,True,0.0,0.0,0.19578127321495498,False,0.02496169117170834,0.3333333333333333,0.2
8,2dt5,107,channel_k0,225011,exact,True,0.26766917293233083,True,0.0,0.0,0.19578127321495498,False,0.023713606613122922,0.3333333333333333,0.2
8,2dt5,107,channel_k0,225011,baseline,False,0.24736842105263157,True,0.0,0.0,0.19586467654190542,False,0.02498342993076,0.3333333333333333,0.2
8,2dt5,107,channel_k0,225011,baseline,True,0.26766917293233083,True,0.0,0.0,0.19586467654190542,False,0.023734258434222,0.3333333333333333,0.2
8,2dt5,107,channel_k4,225001,exact,False,0.7842105263157895,True,0.0,0.0,0.2025807005205087,False,0.0218035960199767,0.6666666666666666,0.6
8,2dt5,107,channel_k4,225001,exact,True,0.7849624060150376,True,0.0,0.0,0.2025807005205087,False,0.020713416218977865,0.6666666666666666,0.4
8,2dt5,107,channel_k4,225001,baseline,False,0.7842105263157895,True,0.0,0.0,0.20270440678675739,False,0.021848644036496973,0.6666666666666666,0.6
8,2dt5,107,channel_k4,225001,baseline,True,0.7849624060150376,True,0.0,0.0,0.20270440678675739,False,0.020756211834672123,0.6666666666666666,0.4
8,2dt5,107,channel_k4,225011,exact,False,0.5842105263157895,True,0.0,0.0,0.19578127321495498,False,0.023570913467292606,0.6666666666666666,0.8
8,2dt5,107,channel_k4,225011,exact,True,0.5353383458646617,True,0.0,0.0,0.19578127321495498,False,0.022392367793927975,0.3333333333333333,0.6
8,2dt5,107,channel_k4,225011,baseline,False,0.5842105263157895,True,0.0,0.0,0.19586467654190542,False,0.023594737198461058,0.6666666666666666,0.8
8,2dt5,107,channel_k4,225011,baseline,True,0.5353383458646617,True,0.0,0.0,0.19586467654190542,False,0.022415000338538004,0.3333333333333333,0.6
8,2dt5,107,channel_k8,225001,exact,False,0.8596491228070176,False,0.0012354701930785694,0.006098656929826807,0.2025807005205087,False,0.016631145910436265,0.6666666666666666,0.8
8,2dt5,107,channel_k8,225001,exact,True,0.8796992481203006,False,0.0012354701930785694,0.006098656929826807,0.2025807005205087,False,0.01579958861491445,1.0,0.6
8,2dt5,107,channel_k8,225001,baseline,False,0.8596491228070176,False,0.001279579341725734,0.0063125383508402765,0.20270440678675739,False,0.01667720481923517,0.6666666666666666,0.8
8,2dt5,107,channel_k8,225001,baseline,True,0.8796992481203006,False,0.001279579341725734,0.0063125383508402765,0.20270440678675739,False,0.01584334457827341,1.0,0.6
8,2dt5,107,channel_k8,225011,exact,False,0.9,True,0.0,0.0,0.19578127321495498,False,0.019263543919034204,1.0,0.8
8,2dt5,107,channel_k8,225011,exact,True,0.8766917293233082,True,0.0,0.0,0.19578127321495498,False,0.018300366723082495,0.6666666666666666,0.8
8,2dt5,107,channel_k8,225011,baseline,False,0.9,True,0.0,0.0,0.19586467654190542,False,0.01928736765020266,1.0,0.8
8,2dt5,107,channel_k8,225011,baseline,True,0.8766917293233082,True,0.0,0.0,0.19586467654190542,False,0.018322999267692524,0.6666666666666666,0.8
8,2dt5,107,channel_k16,225001,exact,False,0.9403508771929823,True,0.0,0.0,0.2025807005205087,False,0.010053661326243541,0.6666666666666666,0.6
8,2dt5,107,channel_k16,225001,exact,True,0.9488721804511278,True,0.0,0.0,0.2025807005205087,False,0.009550978259931365,1.0,0.6
8,2dt5,107,channel_k16,225001,baseline,False,0.9403508771929823,True,0.0,0.0,0.20270440678675739,False,0.010098709342763813,0.6666666666666666,0.6
8,2dt5,107,channel_k16,225001,baseline,True,0.9488721804511278,True,0.0,0.0,0.20270440678675739,False,0.009593773875625622,1.0,0.6
8,2dt5,107,channel_k16,225011,exact,False,0.956140350877193,True,0.0,0.0,0.19578127321495498,False,0.012962895704454613,1.0,1.0
8,2dt5,107,channel_k16,225011,exact,True,0.9578947368421054,True,0.0,0.0,0.19578127321495498,False,0.012314750919231881,0.6666666666666666,1.0
8,2dt5,107,channel_k16,225011,baseline,False,0.956140350877193,True,0.0,0.0,0.19586467654190542,False,0.012986719435623064,1.0,1.0
8,2dt5,107,channel_k16,225011,baseline,True,0.9578947368421054,True,0.0,0.0,0.19586467654190542,False,0.012337383463841911,0.6666666666666666,1.0
8,2dt5,107,channel_k32,225001,exact,False,0.9912280701754386,True,0.0,0.0,0.2025807005205087,False,0.003794630906737782,1.0,0.8
8,2dt5,107,channel_k32,225001,exact,True,0.9924812030075187,True,0.0,0.0,0.2025807005205087,False,0.0036048993614008927,1.0,0.8
8,2dt5,107,channel_k32,225001,baseline,False,0.9912280701754386,True,0.0,0.0,0.20270440678675739,False,0.003809236226525275,1.0,0.8
8,2dt5,107,channel_k32,225001,baseline,True,0.9924812030075187,True,0.0,0.0,0.20270440678675739,False,0.003618774415199011,1.0,0.8
8,2dt5,107,channel_k32,225011,exact,False,0.9964912280701754,True,0.0,0.0,0.19578127321495498,False,0.006115667410848569,1.0,1.0
8,2dt5,107,channel_k32,225011,exact,True,0.9954887218045112,True,0.0,0.0,0.19578127321495498,False,0.00580988404030614,0.6666666666666666,1.0
8,2dt5,107,channel_k32,225011,baseline,False,0.9964912280701754,True,0.0,0.0,0.19586467654190542,False,0.006138060342254281,1.0,1.0
8,2dt5,107,channel_k32,225011,baseline,True,0.9954887218045112,True,0.0,0.0,0.19586467654190542,False,0.005831157325141567,0.6666666666666666,1.0
8,2dt5,107,channel_k64,225001,exact,False,0.9912280701754386,True,0.0,0.0,0.2025807005205087,False,0.0008619911983078765,1.0,0.8
8,2dt5,107,channel_k64,225001,exact,True,0.9924812030075187,True,0.0,0.0,0.2025807005205087,False,0.0008188916383924827,1.0,0.8
8,2dt5,107,channel_k64,225001,baseline,False,0.9912280701754386,True,0.0,0.0,0.20270440678675739,False,0.0008986356790347859,1.0,0.8
8,2dt5,107,channel_k64,225001,baseline,True,0.9924812030075187,True,0.0,0.0,0.20270440678675739,False,0.0008537038950830467,1.0,0.8
8,2dt5,107,channel_k64,225011,exact,False,1.0,True,0.0,0.0,0.19578127321495498,False,0.0021393241807923236,1.0,1.0
8,2dt5,107,channel_k64,225011,exact,True,1.0,True,0.0,0.0,0.19578127321495498,False,0.002032357971752707,1.0,1.0
8,2dt5,107,channel_k64,225011,baseline,False,1.0,True,0.0,0.0,0.19586467654190542,False,0.0021610629398439835,1.0,1.0
8,2dt5,107,channel_k64,225011,baseline,True,1.0,True,0.0,0.0,0.19586467654190542,False,0.0020530097928517844,1.0,1.0
8,2dt5,107,channel_kfull,225001,exact,False,1.0,True,0.0,0.0,0.2025807005205087,False,5.596893066181935e-05,1.0,1.0
8,2dt5,107,channel_kfull,225001,exact,True,1.0,True,0.0,0.0,0.2025807005205087,False,5.317048412872838e-05,1.0,1.0
8,2dt5,107,channel_kfull,225001,baseline,False,1.0,True,0.0,0.0,0.20270440678675739,False,2.7033611629958074e-08,1.0,1.0
8,2dt5,107,channel_kfull,225001,baseline,True,1.0,True,0.0,0.0,0.20270440678675739,False,2.568193104846017e-08,1.0,1.0
8,2dt5,107,channel_kfull,225011,exact,False,1.0,True,0.0,0.0,0.19578127321495498,False,3.763432562995267e-05,1.0,1.0
8,2dt5,107,channel_kfull,225011,exact,True,1.0,True,0.0,0.0,0.19578127321495498,False,3.5752609348455035e-05,1.0,1.0
8,2dt5,107,channel_kfull,225011,baseline,False,1.0,True,0.0,0.0,0.19586467654190542,False,1.4539637797832639e-09,1.0,1.0
8,2dt5,107,channel_kfull,225011,baseline,True,1.0,True,0.0,0.0,0.19586467654190542,False,1.3812655907941008e-09,1.0,1.0
8,2dt5,107,shared_k0,225001,exact,False,-0.021052631578947368,False,0.03594217836384095,0.17742153261140622,0.2025807005205087,False,0.026237171097371576,0.3333333333333333,0.2
8,2dt5,107,shared_k0,225001,exact,True,0.02706766917293233,False,0.03594217836384095,0.17742153261140622,0.2025807005205087,False,0.024925312542503,0.3333333333333333,0.2
8,2dt5,107,shared_k0,225001,baseline,False,-0.021052631578947368,False,0.03592034004010736,0.17720552113055502,0.20270440678675739,False,0.026279597830170465,0.3333333333333333,0.2
8,2dt5,107,shared_k0,225001,baseline,True,0.02706766917293233,False,0.03592034004010736,0.17720552113055502,0.20270440678675739,False,0.024965617938661942,0.3333333333333333,0.2
8,2dt5,107,shared_k0,225011,exact,False,0.24736842105263157,True,0.0,0.0,0.19578127321495498,False,0.02496169117170834,0.3333333333333333,0.2
8,2dt5,107,shared_k0,225011,exact,True,0.26766917293233083,True,0.0,0.0,0.19578127321495498,False,0.023713606613122922,0.3333333333333333,0.2
8,2dt5,107,shared_k0,225011,baseline,False,0.24736842105263157,True,0.0,0.0,0.19586467654190542,False,0.02498342993076,0.3333333333333333,0.2
8,2dt5,107,shared_k0,225011,baseline,True,0.26766917293233083,True,0.0,0.0,0.19586467654190542,False,0.023734258434222,0.3333333333333333,0.2
8,2dt5,107,shared_k4,225001,exact,False,0.21052631578947367,False,0.013144710705237594,0.06488629307463009,0.2025807005205087,False,0.02551658707396543,0.0,0.2
8,2dt5,107,shared_k4,225001,exact,True,0.2300751879699248,False,0.013144710705237594,0.06488629307463009,0.2025807005205087,False,0.02424075772026716,0.0,0.2
8,2dt5,107,shared_k4,225001,baseline,False,0.21052631578947367,False,0.013170294867709709,0.0649729084655012,0.20270440678675739,False,0.025539595929546285,0.0,0.2
8,2dt5,107,shared_k4,225001,baseline,True,0.2300751879699248,False,0.013170294867709709,0.0649729084655012,0.20270440678675739,False,0.02426261613306897,0.0,0.2
8,2dt5,107,shared_k4,225011,exact,False,0.27543859649122804,True,0.0,0.0,0.19578127321495498,False,0.024563965213067945,0.3333333333333333,0.2
8,2dt5,107,shared_k4,225011,exact,True,0.30526315789473685,True,0.0,0.0,0.19578127321495498,False,0.02333576695241455,0.3333333333333333,0.2
8,2dt5,107,shared_k4,225011,baseline,False,0.27543859649122804,True,0.0,0.0,0.19586467654190542,False,0.024585703972119607,0.3333333333333333,0.2
8,2dt5,107,shared_k4,225011,baseline,True,0.30526315789473685,True,0.0,0.0,0.19586467654190542,False,0.023356418773513625,0.3333333333333333,0.2
8,2dt5,107,shared_k8,225001,exact,False,0.3315789473684211,False,0.04159534246344454,0.20532727133715062,0.2025807005205087,False,0.024492366934605197,0.0,0.4
8,2dt5,107,shared_k8,225001,exact,True,0.34586466165413526,False,0.04159534246344454,0.20532727133715062,0.2025807005205087,False,0.023267748587874938,0.0,0.4
8,2dt5,107,shared_k8,225001,baseline,False,0.3315789473684211,False,0.04160618498098989,0.20525545369499096,0.20270440678675739,False,0.024534793667404086,0.0,0.4
8,2dt5,107,shared_k8,225001,baseline,True,0.34586466165413526,False,0.04160618498098989,0.20525545369499096,0.20270440678675739,False,0.023308053984033884,0.0,0.4
8,2dt5,107,shared_k8,225011,exact,False,0.30701754385964913,True,0.0,0.0,0.19578127321495498,False,0.024072844707601078,0.3333333333333333,0.4
8,2dt5,107,shared_k8,225011,exact,True,0.32631578947368417,True,0.0,0.0,0.19578127321495498,False,0.022869202472221024,0.3333333333333333,0.2
8,2dt5,107,shared_k8,225011,baseline,False,0.30701754385964913,True,0.0,0.0,0.19586467654190542,False,0.024094583466652737,0.3333333333333333,0.4
8,2dt5,107,shared_k8,225011,baseline,True,0.32631578947368417,True,0.0,0.0,0.19586467654190542,False,0.0228898542933201,0.3333333333333333,0.2
8,2dt5,107,shared_k16,225001,exact,False,0.556140350877193,False,0.0012354701930785694,0.006098656929826807,0.2025807005205087,False,0.020444208712517186,0.3333333333333333,0.4
8,2dt5,107,shared_k16,225001,exact,True,0.5699248120300752,False,0.0012354701930785694,0.006098656929826807,0.2025807005205087,False,0.01942199827689133,0.3333333333333333,0.4
8,2dt5,107,shared_k16,225001,baseline,False,0.556140350877193,False,0.001279579341725734,0.0063125383508402765,0.20270440678675739,False,0.020490267621316092,0.3333333333333333,0.4
8,2dt5,107,shared_k16,225001,baseline,True,0.5699248120300752,False,0.001279579341725734,0.0063125383508402765,0.20270440678675739,False,0.019465754240250287,0.3333333333333333,0.4
8,2dt5,107,shared_k16,225011,exact,False,0.5087719298245614,True,0.0,0.0,0.19578127321495498,False,0.02305839612132539,0.3333333333333333,0.4
8,2dt5,107,shared_k16,225011,exact,True,0.4812030075187969,True,0.0,0.0,0.19578127321495498,False,0.02190547631525912,0.3333333333333333,0.4
8,2dt5,107,shared_k16,225011,baseline,False,0.5087719298245614,True,0.0,0.0,0.19586467654190542,False,0.02308013488037705,0.3333333333333333,0.4
8,2dt5,107,shared_k16,225011,baseline,True,0.4812030075187969,True,0.0,0.0,0.19586467654190542,False,0.0219261281363582,0.3333333333333333,0.4
8,2dt5,107,shared_k32,225001,exact,False,0.9684210526315788,True,0.0,0.0,0.2025807005205087,False,0.013400637975162555,1.0,0.8
8,2dt5,107,shared_k32,225001,exact,True,0.9729323308270676,True,0.0,0.0,0.2025807005205087,False,0.012730606076404426,1.0,0.8
8,2dt5,107,shared_k32,225001,baseline,False,0.9684210526315788,True,0.0,0.0,0.20270440678675739,False,0.013427279006743424,1.0,0.8
8,2dt5,107,shared_k32,225001,baseline,True,0.9729323308270676,True,0.0,0.0,0.20270440678675739,False,0.012755915056406253,1.0,0.8
8,2dt5,107,shared_k32,225011,exact,False,0.9105263157894736,True,0.0,0.0,0.19578127321495498,False,0.016697572203910403,0.6666666666666666,0.8
8,2dt5,107,shared_k32,225011,exact,True,0.918796992481203,True,0.0,0.0,0.19578127321495498,False,0.015862693593714883,0.6666666666666666,0.6
8,2dt5,107,shared_k32,225011,baseline,False,0.9105263157894736,True,0.0,0.0,0.19586467654190542,False,0.016719310962962062,0.6666666666666666,0.8
8,2dt5,107,shared_k32,225011,baseline,True,0.918796992481203,True,0.0,0.0,0.19586467654190542,False,0.01588334541481396,0.6666666666666666,0.6
8,2dt5,107,shared_k64,225001,exact,False,0.956140350877193,True,0.0,0.0,0.2025807005205087,False,0.006539805963701289,0.6666666666666666,0.6
8,2dt5,107,shared_k64,225001,exact,True,0.9624060150375938,True,0.0,0.0,0.2025807005205087,False,0.006212815665516225,1.0,0.8
8,2dt5,107,shared_k64,225001,baseline,False,0.956140350877193,True,0.0,0.0,0.20270440678675739,False,0.0065570325672101625,0.6666666666666666,0.6
8,2dt5,107,shared_k64,225001,baseline,True,0.9624060150375938,True,0.0,0.0,0.20270440678675739,False,0.006229180938849654,1.0,0.8
8,2dt5,107,shared_k64,225011,exact,False,0.9473684210526316,True,0.0,0.0,0.19578127321495498,False,0.008468273620047394,0.6666666666666666,0.8
8,2dt5,107,shared_k64,225011,exact,True,0.9533834586466164,True,0.0,0.0,0.19578127321495498,False,0.008044859939045024,1.0,0.8
8,2dt5,107,shared_k64,225011,baseline,False,0.9473684210526316,True,0.0,0.0,0.19586467654190542,False,0.00847687322146804,0.6666666666666666,0.8
8,2dt5,107,shared_k64,225011,baseline,True,0.9533834586466164,True,0.0,0.0,0.19586467654190542,False,0.008053029560394637,1.0,0.8
8,2dt5,107,shared_kfull,225001,exact,False,1.0,True,0.0,0.0,0.2025807005205087,False,5.5995964273449305e-05,1.0,1.0
8,2dt5,107,shared_kfull,225001,exact,True,1.0,True,0.0,0.0,0.2025807005205087,False,5.319616605977684e-05,1.0,1.0
8,2dt5,107,shared_kfull,225001,baseline,False,1.0,True,0.0,0.0,0.20270440678675739,False,0.0,1.0,1.0
8,2dt5,107,shared_kfull,225001,baseline,True,1.0,True,0.0,0.0,0.20270440678675739,False,0.0,1.0,1.0
8,2dt5,107,shared_kfull,225011,exact,False,1.0,True,0.0,0.0,0.19578127321495498,False,3.7632871666172884e-05,1.0,1.0
8,2dt5,107,shared_kfull,225011,exact,True,1.0,True,0.0,0.0,0.19578127321495498,False,3.575122808286424e-05,1.0,1.0
8,2dt5,107,shared_kfull,225011,baseline,False,1.0,True,0.0,0.0,0.19586467654190542,False,0.0,1.0,1.0
8,2dt5,107,shared_kfull,225011,baseline,True,1.0,True,0.0,0.0,0.19586467654190542,False,0.0,1.0,1.0
8,2dt5,34,baseline,225001,exact,False,0.9982456140350877,True,0.0,0.0,0.0419051707010718,False,8.140227216706024e-05,1.0,1.0
8,2dt5,34,baseline,225001,exact,True,0.9984962406015038,True,0.0,0.0,0.0419051707010718,False,7.733215855870723e-05,1.0,1.0
8,2dt5,34,baseline,225001,baseline,False,1.0,True,0.0,0.0,0.04182967207793098,False,0.0,1.0,1.0
8,2dt5,34,baseline,225001,baseline,True,1.0,True,0.0,0.0,0.04182967207793098,False,0.0,1.0,1.0
8,2dt5,34,baseline,225011,exact,False,0.9982456140350877,True,0.0,0.0,0.04355821486124456,False,0.00011848656477936022,1.0,1.0
8,2dt5,34,baseline,225011,exact,True,0.9984962406015038,True,0.0,0.0,0.04355821486124456,False,0.00011256223654039221,1.0,1.0
8,2dt5,34,baseline,225011,baseline,False,1.0,True,0.0,0.0,0.04351776582895572,False,0.0,1.0,1.0
8,2dt5,34,baseline,225011,baseline,True,1.0,True,0.0,0.0,0.04351776582895572,False,0.0,1.0,1.0
8,2dt5,34,channel_k0,225001,exact,False,0.8105263157894737,True,0.0,0.0,0.0419051707010718,False,0.009240559253276095,0.6666666666666666,0.6
8,2dt5,34,channel_k0,225001,exact,True,0.8150375939849623,True,0.0,0.0,0.0419051707010718,False,0.00877853129061229,0.6666666666666666,0.6
8,2dt5,34,channel_k0,225001,baseline,False,0.8122807017543859,True,0.0,0.0,0.04182967207793098,False,0.009219189895946412,0.6666666666666666,0.6
8,2dt5,34,channel_k0,225001,baseline,True,0.8165413533834586,True,0.0,0.0,0.04182967207793098,False,0.008758230401149092,0.6666666666666666,0.6
8,2dt5,34,channel_k0,225011,exact,False,0.6859649122807018,True,0.0,0.0,0.04355821486124456,False,0.010526463318499671,0.3333333333333333,0.8
8,2dt5,34,channel_k0,225011,exact,True,0.6827067669172932,True,0.0,0.0,0.04355821486124456,False,0.010000140152574688,0.3333333333333333,0.8
8,2dt5,34,channel_k0,225011,baseline,False,0.6947368421052632,True,0.0,0.0,0.04351776582895572,False,0.010498164722584942,0.3333333333333333,0.8
8,2dt5,34,channel_k0,225011,baseline,True,0.6917293233082705,True,0.0,0.0,0.04351776582895572,False,0.009973256486455695,0.3333333333333333,0.8
8,2dt5,34,channel_k4,225001,exact,False,0.3877192982456141,False,0.005266635880228465,0.12567985745238264,0.0419051707010718,False,0.010187063885488986,0.6666666666666666,0.4
8,2dt5,34,channel_k4,225001,exact,True,0.4015037593984962,False,0.005266635880228465,0.12567985745238264,0.0419051707010718,False,0.009677710691214536,0.6666666666666666,0.4
8,2dt5,34,channel_k4,225001,baseline,False,0.4052631578947368,False,0.005225219631375344,0.12491658126414361,0.04182967207793098,False,0.010154061730576903,0.6666666666666666,0.4
8,2dt5,34,channel_k4,225001,baseline,True,0.41654135338345866,False,0.005225219631375344,0.12491658126414361,0.04182967207793098,False,0.009646358644048059,0.6666666666666666,0.4
8,2dt5,34,channel_k4,225011,exact,False,0.7789473684210525,True,0.0,0.0,0.04355821486124456,False,0.010384022167445751,0.6666666666666666,0.6
8,2dt5,34,channel_k4,225011,exact,True,0.7548872180451127,True,0.0,0.0,0.04355821486124456,False,0.009864821059073464,0.3333333333333333,0.6
8,2dt5,34,channel_k4,225011,baseline,False,0.7859649122807018,True,0.0,0.0,0.04351776582895572,False,0.010365792230384965,0.6666666666666666,0.6
8,2dt5,34,channel_k4,225011,baseline,True,0.7609022556390977,True,0.0,0.0,0.04351776582895572,False,0.009847502618865717,0.3333333333333333,0.6
8,2dt5,34,channel_k8,225001,exact,False,0.8526315789473684,True,0.0,0.0,0.0419051707010718,False,0.00754238777810886,1.0,0.6
8,2dt5,34,channel_k8,225001,exact,True,0.863157894736842,True,0.0,0.0,0.0419051707010718,False,0.007165268389203417,1.0,0.6
8,2dt5,34,channel_k8,225001,baseline,False,0.8649122807017543,True,0.0,0.0,0.04182967207793098,False,0.007516118685274646,1.0,0.6
8,2dt5,34,channel_k8,225001,baseline,True,0.8736842105263156,True,0.0,0.0,0.04182967207793098,False,0.007140312751010913,1.0,0.6
8,2dt5,34,channel_k8,225011,exact,False,0.9052631578947368,True,0.0,0.0,0.04355821486124456,False,0.007906220209163756,1.0,0.8
8,2dt5,34,channel_k8,225011,exact,True,0.8932330827067668,True,0.0,0.0,0.04355821486124456,False,0.007510909198705567,1.0,0.8
8,2dt5,34,channel_k8,225011,baseline,False,0.9035087719298246,True,0.0,0.0,0.04351776582895572,False,0.007887990272102968,1.0,0.8
8,2dt5,34,channel_k8,225011,baseline,True,0.8917293233082706,True,0.0,0.0,0.04351776582895572,False,0.00749359075849782,1.0,0.8
8,2dt5,34,channel_k16,225001,exact,False,0.9087719298245613,True,0.0,0.0,0.0419051707010718,False,0.003591241789385524,1.0,0.8
8,2dt5,34,channel_k16,225001,exact,True,0.9218045112781955,True,0.0,0.0,0.0419051707010718,False,0.003411679699916248,1.0,0.8
8,2dt5,34,channel_k16,225001,baseline,False,0.9210526315789472,True,0.0,0.0,0.04182967207793098,False,0.0035582788061258672,1.0,0.8
8,2dt5,34,channel_k16,225001,baseline,True,0.932330827067669,True,0.0,0.0,0.04182967207793098,False,0.003380364865819574,1.0,0.8
8,2dt5,34,channel_k16,225011,exact,False,0.9350877192982456,True,0.0,0.0,0.04355821486124456,False,0.0045369419107249565,1.0,0.8
8,2dt5,34,channel_k16,225011,exact,True,0.9428571428571428,True,0.0,0.0,0.04355821486124456,False,0.004310094815188709,1.0,0.8
8,2dt5,34,channel_k16,225011,baseline,False,0.9385964912280702,True,0.0,0.0,0.04351776582895572,False,0.004518711973664169,1.0,0.8
8,2dt5,34,channel_k16,225011,baseline,True,0.9458646616541352,True,0.0,0.0,0.04351776582895572,False,0.004292776374980961,1.0,0.8
8,2dt5,34,channel_k32,225001,exact,False,0.9543859649122807,True,0.0,0.0,0.0419051707010718,False,0.0010605245213494094,1.0,0.8
8,2dt5,34,channel_k32,225001,exact,True,0.9609022556390976,True,0.0,0.0,0.0419051707010718,False,0.001007498295281939,1.0,0.8
8,2dt5,34,channel_k32,225001,baseline,False,0.9649122807017543,True,0.0,0.0,0.04182967207793098,False,0.0010252585309494858,1.0,0.8
8,2dt5,34,channel_k32,225001,baseline,True,0.9699248120300751,True,0.0,0.0,0.04182967207793098,False,0.0009739956044020115,1.0,0.8
8,2dt5,34,channel_k32,225011,exact,False,0.9929824561403509,True,0.0,0.0,0.04355821486124456,False,0.0013216384303905645,1.0,1.0
8,2dt5,34,channel_k32,225011,exact,True,0.993984962406015,True,0.0,0.0,0.04355821486124456,False,0.0012555565088710364,1.0,1.0
8,2dt5,34,channel_k32,225011,baseline,False,0.9947368421052631,True,0.0,0.0,0.04351776582895572,False,0.001272261298033501,1.0,1.0
8,2dt5,34,channel_k32,225011,baseline,True,0.9954887218045112,True,0.0,0.0,0.04351776582895572,False,0.001208648233131826,1.0,1.0
8,2dt5,34,channel_k64,225001,exact,False,0.9947368421052631,True,0.0,0.0,0.0419051707010718,False,0.0004875019091974876,1.0,1.0
8,2dt5,34,channel_k64,225001,exact,True,0.9954887218045112,True,0.0,0.0,0.0419051707010718,False,0.0004631268137376132,1.0,1.0
8,2dt5,34,channel_k64,225001,baseline,False,0.9982456140350877,True,0.0,0.0,0.04182967207793098,False,0.0004392034859953951,1.0,1.0
8,2dt5,34,channel_k64,225001,baseline,True,0.9984962406015038,True,0.0,0.0,0.04182967207793098,False,0.00041724331169562534,1.0,1.0
8,2dt5,34,channel_k64,225011,exact,False,0.9964912280701754,True,0.0,0.0,0.04355821486124456,False,0.00042343251822027215,1.0,1.0
8,2dt5,34,channel_k64,225011,exact,True,0.9969924812030074,True,0.0,0.0,0.04355821486124456,False,0.00040226089230925853,1.0,1.0
8,2dt5,34,channel_k64,225011,baseline,False,0.9982456140350877,True,0.0,0.0,0.04351776582895572,False,0.0003604202381219828,1.0,1.0
8,2dt5,34,channel_k64,225011,baseline,True,0.9984962406015038,True,0.0,0.0,0.04351776582895572,False,0.0003423992262158837,1.0,1.0
8,2dt5,34,channel_kfull,225001,exact,False,0.9982456140350877,True,0.0,0.0,0.0419051707010718,False,8.140227216706024e-05,1.0,1.0
8,2dt5,34,channel_kfull,225001,exact,True,0.9984962406015038,True,0.0,0.0,0.0419051707010718,False,7.733215855870723e-05,1.0,1.0
8,2dt5,34,channel_kfull,225001,baseline,False,1.0,True,0.0,0.0,0.04182967207793098,False,0.0,1.0,1.0
8,2dt5,34,channel_kfull,225001,baseline,True,1.0,True,0.0,0.0,0.04182967207793098,False,0.0,1.0,1.0
8,2dt5,34,channel_kfull,225011,exact,False,0.9982456140350877,True,0.0,0.0,0.04355821486124456,False,0.00011848656477936022,1.0,1.0
8,2dt5,34,channel_kfull,225011,exact,True,0.9984962406015038,True,0.0,0.0,0.04355821486124456,False,0.00011256223654039221,1.0,1.0
8,2dt5,34,channel_kfull,225011,baseline,False,1.0,True,0.0,0.0,0.04351776582895572,False,0.0,1.0,1.0
8,2dt5,34,channel_kfull,225011,baseline,True,1.0,True,0.0,0.0,0.04351776582895572,False,0.0,1.0,1.0
8,2dt5,34,shared_k0,225001,exact,False,0.8105263157894737,True,0.0,0.0,0.0419051707010718,False,0.009240559253276095,0.6666666666666666,0.6
8,2dt5,34,shared_k0,225001,exact,True,0.8150375939849623,True,0.0,0.0,0.0419051707010718,False,0.00877853129061229,0.6666666666666666,0.6
8,2dt5,34,shared_k0,225001,baseline,False,0.8122807017543859,True,0.0,0.0,0.04182967207793098,False,0.009219189895946412,0.6666666666666666,0.6
8,2dt5,34,shared_k0,225001,baseline,True,0.8165413533834586,True,0.0,0.0,0.04182967207793098,False,0.008758230401149092,0.6666666666666666,0.6
8,2dt5,34,shared_k0,225011,exact,False,0.6859649122807018,True,0.0,0.0,0.04355821486124456,False,0.010526463318499671,0.3333333333333333,0.8
8,2dt5,34,shared_k0,225011,exact,True,0.6827067669172932,True,0.0,0.0,0.04355821486124456,False,0.010000140152574688,0.3333333333333333,0.8
8,2dt5,34,shared_k0,225011,baseline,False,0.6947368421052632,True,0.0,0.0,0.04351776582895572,False,0.010498164722584942,0.3333333333333333,0.8
8,2dt5,34,shared_k0,225011,baseline,True,0.6917293233082705,True,0.0,0.0,0.04351776582895572,False,0.009973256486455695,0.3333333333333333,0.8
8,2dt5,34,shared_k4,225001,exact,False,0.8263157894736841,True,0.0,0.0,0.0419051707010718,False,0.007735610787201624,0.3333333333333333,0.8
8,2dt5,34,shared_k4,225001,exact,True,0.8090225563909773,True,0.0,0.0,0.0419051707010718,False,0.007348830247841542,0.3333333333333333,0.8
8,2dt5,34,shared_k4,225001,baseline,False,0.8298245614035088,True,0.0,0.0,0.04182967207793098,False,0.0077059719752483255,0.3333333333333333,0.8
8,2dt5,34,shared_k4,225001,baseline,True,0.8120300751879698,True,0.0,0.0,0.04182967207793098,False,0.007320673376485909,0.3333333333333333,0.8
8,2dt5,34,shared_k4,225011,exact,False,0.7982456140350876,True,0.0,0.0,0.04355821486124456,False,0.009487048243745676,0.6666666666666666,0.8
8,2dt5,34,shared_k4,225011,exact,True,0.819548872180451,True,0.0,0.0,0.04355821486124456,False,0.009012695831558393,0.6666666666666666,0.8
8,2dt5,34,shared_k4,225011,baseline,False,0.8017543859649122,True,0.0,0.0,0.04351776582895572,False,0.009448758910079206,0.6666666666666666,0.8
8,2dt5,34,shared_k4,225011,baseline,True,0.8225563909774435,True,0.0,0.0,0.04351776582895572,False,0.008976320964575246,0.6666666666666666,0.8
8,2dt5,34,shared_k8,225001,exact,False,0.5070175438596491,False,0.007693005360388527,0.18358129156103795,0.0419051707010718,False,0.009936581350117324,0.3333333333333333,0.4
8,2dt5,34,shared_k8,225001,exact,True,0.4977443609022556,False,0.007693005360388527,0.18358129156103795,0.0419051707010718,False,0.009439752282611458,0.3333333333333333,0.4
8,2dt5,34,shared_k8,225001,baseline,False,0.4964912280701754,False,0.007677324025391341,0.1835377530832196,0.04182967207793098,False,0.009915211992787642,0.3333333333333333,0.4
8,2dt5,34,shared_k8,225001,baseline,True,0.48872180451127817,False,0.007677324025391341,0.1835377530832196,0.04182967207793098,False,0.00941945139314826,0.3333333333333333,0.4
8,2dt5,34,shared_k8,225011,exact,False,0.8122807017543859,True,0.0,0.0,0.04355821486124456,False,0.009233324495503643,0.3333333333333333,0.8
8,2dt5,34,shared_k8,225011,exact,True,0.8210526315789473,True,0.0,0.0,0.04355821486124456,False,0.00877165827072846,0.3333333333333333,0.8
8,2dt5,34,shared_k8,225011,baseline,False,0.8052631578947368,True,0.0,0.0,0.04351776582895572,False,0.00921174719916873,0.3333333333333333,0.8
8,2dt5,34,shared_k8,225011,baseline,True,0.8150375939849623,True,0.0,0.0,0.04351776582895572,False,0.008751159839210293,0.3333333333333333,0.8
8,2dt5,34,shared_k16,225001,exact,False,0.8543859649122807,True,0.0,0.0,0.0419051707010718,False,0.006527490468991885,0.6666666666666666,0.8
8,2dt5,34,shared_k16,225001,exact,True,0.8571428571428572,True,0.0,0.0,0.0419051707010718,False,0.00620111594554229,0.6666666666666666,0.8
8,2dt5,34,shared_k16,225001,baseline,False,0.8596491228070176,True,0.0,0.0,0.04182967207793098,False,0.006495884629076903,0.6666666666666666,0.8
8,2dt5,34,shared_k16,225001,baseline,True,0.8616541353383457,True,0.0,0.0,0.04182967207793098,False,0.006171090397623058,0.6666666666666666,0.8
8,2dt5,34,shared_k16,225011,exact,False,0.8859649122807017,True,0.0,0.0,0.04355821486124456,False,0.007179985094273247,1.0,0.8
8,2dt5,34,shared_k16,225011,exact,True,0.9022556390977443,True,0.0,0.0,0.04355821486124456,False,0.006820985839559585,1.0,0.8
8,2dt5,34,shared_k16,225011,baseline,False,0.887719298245614,True,0.0,0.0,0.04351776582895572,False,0.0071540429835795435,1.0,0.8
8,2dt5,34,shared_k16,225011,baseline,True,0.9037593984962405,True,0.0,0.0,0.04351776582895572,False,0.006796340834400566,1.0,0.8
8,2dt5,34,shared_k32,225001,exact,False,0.8649122807017543,True,0.0,0.0,0.0419051707010718,False,0.0038327299813490164,1.0,0.6
8,2dt5,34,shared_k32,225001,exact,True,0.8842105263157894,True,0.0,0.0,0.0419051707010718,False,0.0036410934822815656,1.0,0.6
8,2dt5,34,shared_k32,225001,baseline,False,0.8771929824561402,True,0.0,0.0,0.04182967207793098,False,0.003790730928871225,1.0,0.6
8,2dt5,34,shared_k32,225001,baseline,True,0.8947368421052632,True,0.0,0.0,0.04182967207793098,False,0.0036011943824276636,1.0,0.6
8,2dt5,34,shared_k32,225011,exact,False,0.9,True,0.0,0.0,0.04355821486124456,False,0.004136009866699644,1.0,0.8
8,2dt5,34,shared_k32,225011,exact,True,0.9142857142857143,True,0.0,0.0,0.04355821486124456,False,0.003929209373364662,1.0,0.8
8,2dt5,34,shared_k32,225011,baseline,False,0.8982456140350877,True,0.0,0.0,0.04351776582895572,False,0.004106109805345215,1.0,0.8
8,2dt5,34,shared_k32,225011,baseline,True,0.9127819548872179,True,0.0,0.0,0.04351776582895572,False,0.003900804315077955,1.0,0.8
8,2dt5,34,shared_k64,225001,exact,False,0.9578947368421052,True,0.0,0.0,0.0419051707010718,False,0.001501226219290783,1.0,0.8
8,2dt5,34,shared_k64,225001,exact,True,0.9639097744360902,True,0.0,0.0,0.0419051707010718,False,0.001426164908326244,1.0,0.8
8,2dt5,34,shared_k64,225001,baseline,False,0.9666666666666668,True,0.0,0.0,0.04182967207793098,False,0.0014622381309741719,1.0,0.8
8,2dt5,34,shared_k64,225001,baseline,True,0.9714285714285714,True,0.0,0.0,0.04182967207793098,False,0.001389126224425463,1.0,0.8
8,2dt5,34,shared_k64,225011,exact,False,0.9929824561403509,True,0.0,0.0,0.04355821486124456,False,0.0017474196502551202,1.0,1.0
8,2dt5,34,shared_k64,225011,exact,True,0.993984962406015,True,0.0,0.0,0.04355821486124456,False,0.0016600486677423643,1.0,1.0
8,2dt5,34,shared_k64,225011,baseline,False,0.9947368421052631,True,0.0,0.0,0.04351776582895572,False,0.001737555883135996,1.0,1.0
8,2dt5,34,shared_k64,225011,baseline,True,0.9954887218045112,True,0.0,0.0,0.04351776582895572,False,0.001650678088979196,1.0,1.0
8,2dt5,34,shared_kfull,225001,exact,False,0.9982456140350877,True,0.0,0.0,0.0419051707010718,False,8.140227216706024e-05,1.0,1.0
8,2dt5,34,shared_kfull,225001,exact,True,0.9984962406015038,True,0.0,0.0,0.0419051707010718,False,7.733215855870723e-05,1.0,1.0
8,2dt5,34,shared_kfull,225001,baseline,False,1.0,True,0.0,0.0,0.04182967207793098,False,0.0,1.0,1.0
8,2dt5,34,shared_kfull,225001,baseline,True,1.0,True,0.0,0.0,0.04182967207793098,False,0.0,1.0,1.0
8,2dt5,34,shared_kfull,225011,exact,False,0.9982456140350877,True,0.0,0.0,0.04355821486124456,False,0.00011848656477936022,1.0,1.0
8,2dt5,34,shared_kfull,225011,exact,True,0.9984962406015038,True,0.0,0.0,0.04355821486124456,False,0.00011256223654039221,1.0,1.0
8,2dt5,34,shared_kfull,225011,baseline,False,1.0,True,0.0,0.0,0.04351776582895572,False,0.0,1.0,1.0
8,2dt5,34,shared_kfull,225011,baseline,True,1.0,True,0.0,0.0,0.04351776582895572,False,0.0,1.0,1.0
8,2dt5,78,baseline,225001,exact,False,1.0,True,0.0,0.0,0.09568893649331023,False,0.00013114828784688867,1.0,1.0
8,2dt5,78,baseline,225001,exact,True,1.0,True,0.0,0.0,0.09568893649331023,False,0.00012459087345454423,1.0,1.0
8,2dt5,78,baseline,225001,baseline,False,1.0,True,0.0,0.0,0.09586032736912808,False,0.0,1.0,1.0
8,2dt5,78,baseline,225001,baseline,True,1.0,True,0.0,0.0,0.09586032736912808,False,0.0,1.0,1.0
8,2dt5,78,baseline,225011,exact,False,0.9982456140350877,True,0.0,0.0,0.06733642745193436,False,8.828758026523329e-05,1.0,1.0
8,2dt5,78,baseline,225011,exact,True,0.9984962406015038,True,0.0,0.0,0.06733642745193436,False,8.387320125197162e-05,1.0,1.0
8,2dt5,78,baseline,225011,baseline,False,1.0,True,0.0,0.0,0.0673679872973193,False,0.0,1.0,1.0
8,2dt5,78,baseline,225011,baseline,True,1.0,True,0.0,0.0,0.0673679872973193,False,0.0,1.0,1.0
8,2dt5,78,channel_k0,225001,exact,False,0.46491228070175433,False,0.0004471401726842128,0.004672851314587168,0.09568893649331023,False,0.015226544689772956,0.3333333333333333,0.4
8,2dt5,78,channel_k0,225001,exact,True,0.431578947368421,False,0.0004471401726842128,0.004672851314587168,0.09568893649331023,False,0.014465217455284307,0.3333333333333333,0.4
8,2dt5,78,channel_k0,225001,baseline,False,0.46491228070175433,False,0.0004129890592572405,0.004308237522149794,0.09586032736912808,False,0.015243144869753363,0.3333333333333333,0.4
8,2dt5,78,channel_k0,225001,baseline,True,0.431578947368421,False,0.0004129890592572405,0.004308237522149794,0.09586032736912808,False,0.014480987626265696,0.3333333333333333,0.4
8,2dt5,78,channel_k0,225011,exact,False,0.7263157894736841,False,0.02939934705106384,0.4366039031703826,0.06733642745193436,False,0.019139850541895813,0.3333333333333333,0.8
8,2dt5,78,channel_k0,225011,exact,True,0.6481203007518795,False,0.02939934705106384,0.4366039031703826,0.06733642745193436,False,0.018182858014801025,0.3333333333333333,0.6
8,2dt5,78,channel_k0,225011,baseline,False,0.7140350877192982,False,0.029415255532103002,0.43663551060658584,0.0673679872973193,False,0.019213542404830093,0.3333333333333333,0.8
8,2dt5,78,channel_k0,225011,baseline,True,0.6360902255639098,False,0.029415255532103002,0.43663551060658584,0.0673679872973193,False,0.01825286528458859,0.3333333333333333,0.6
8,2dt5,78,channel_k4,225001,exact,False,0.9403508771929823,False,0.0004471401726842128,0.004672851314587168,0.09568893649331023,False,0.010890860089384165,1.0,1.0
8,2dt5,78,channel_k4,225001,exact,True,0.9263157894736842,False,0.0004471401726842128,0.004672851314587168,0.09568893649331023,False,0.010346317084914958,1.0,1.0
8,2dt5,78,channel_k4,225001,baseline,False,0.9403508771929823,False,0.0004129890592572405,0.004308237522149794,0.09586032736912808,False,0.010907460269364575,1.0,1.0
8,2dt5,78,channel_k4,225001,baseline,True,0.9263157894736842,False,0.0004129890592572405,0.004308237522149794,0.09586032736912808,False,0.010362087255896347,1.0,1.0
8,2dt5,78,channel_k4,225011,exact,False,0.8964912280701753,False,0.007207560208798536,0.10703805475785583,0.06733642745193436,False,0.014952067157136957,0.6666666666666666,1.0
8,2dt5,78,channel_k4,225011,exact,True,0.8691729323308269,False,0.007207560208798536,0.10703805475785583,0.06733642745193436,False,0.01420446379928011,0.6666666666666666,0.8
8,2dt5,78,channel_k4,225011,baseline,False,0.887719298245614,False,0.007068900894154462,0.10492967324312132,0.0673679872973193,False,0.015025759020071236,0.6666666666666666,1.0
8,2dt5,78,channel_k4,225011,baseline,True,0.8616541353383457,False,0.007068900894154462,0.10492967324312132,0.0673679872973193,False,0.014274471069067674,0.6666666666666666,0.8
8,2dt5,78,channel_k8,225001,exact,False,0.9771929824561404,False,0.0004471401726842128,0.004672851314587168,0.09568893649331023,False,0.007391358189929478,1.0,1.0
8,2dt5,78,channel_k8,225001,exact,True,0.9804511278195487,False,0.0004471401726842128,0.004672851314587168,0.09568893649331023,False,0.007021790280433005,1.0,1.0
8,2dt5,78,channel_k8,225001,baseline,False,0.9771929824561404,False,0.0004129890592572405,0.004308237522149794,0.09586032736912808,False,0.007421660966354999,1.0,1.0
8,2dt5,78,channel_k8,225001,baseline,True,0.9804511278195487,False,0.0004129890592572405,0.004308237522149794,0.09586032736912808,False,0.007050577918037248,1.0,1.0
8,2dt5,78,channel_k8,225011,exact,False,0.987719298245614,True,0.0,0.0,0.06733642745193436,False,0.011791225702376089,1.0,1.0
8,2dt5,78,channel_k8,225011,exact,True,0.9744360902255638,True,0.0,0.0,0.06733642745193436,False,0.011201664417257284,0.6666666666666666,0.8
8,2dt5,78,channel_k8,225011,baseline,False,0.9842105263157893,True,0.0,0.0,0.0673679872973193,False,0.011864917565310367,1.0,1.0
8,2dt5,78,channel_k8,225011,baseline,True,0.9714285714285714,True,0.0,0.0,0.0673679872973193,False,0.011271671687044849,0.6666666666666666,0.8
8,2dt5,78,channel_k16,225001,exact,False,0.975438596491228,False,0.0004471401726842128,0.004672851314587168,0.09568893649331023,False,0.004850884008650454,0.6666666666666666,0.8
8,2dt5,78,channel_k16,225001,exact,True,0.9789473684210527,False,0.0004471401726842128,0.004672851314587168,0.09568893649331023,False,0.004608339808217931,0.6666666666666666,0.8
8,2dt5,78,channel_k16,225001,baseline,False,0.975438596491228,False,0.0004129890592572405,0.004308237522149794,0.09586032736912808,False,0.004874300286507623,0.6666666666666666,0.8
8,2dt5,78,channel_k16,225001,baseline,True,0.9789473684210527,False,0.0004129890592572405,0.004308237522149794,0.09586032736912808,False,0.004630585272182242,0.6666666666666666,0.8
8,2dt5,78,channel_k16,225011,exact,False,0.9771929824561404,True,0.0,0.0,0.06733642745193436,False,0.007084364190811616,0.6666666666666666,0.8
8,2dt5,78,channel_k16,225011,exact,True,0.9729323308270676,True,0.0,0.0,0.06733642745193436,False,0.006730145981271035,0.6666666666666666,0.8
8,2dt5,78,channel_k16,225011,baseline,False,0.9789473684210527,True,0.0,0.0,0.0673679872973193,False,0.007158056053745894,0.6666666666666666,0.8
8,2dt5,78,channel_k16,225011,baseline,True,0.9744360902255638,True,0.0,0.0,0.0673679872973193,False,0.006800153251058599,0.6666666666666666,0.8
8,2dt5,78,channel_k32,225001,exact,False,0.9912280701754386,False,0.0004471401726842128,0.004672851314587168,0.09568893649331023,False,0.002468606648742874,1.0,1.0
8,2dt5,78,channel_k32,225001,exact,True,0.9924812030075187,False,0.0004471401726842128,0.004672851314587168,0.09568893649331023,False,0.0023451763163057303,1.0,1.0
8,2dt5,78,channel_k32,225001,baseline,False,0.9912280701754386,False,0.0004129890592572405,0.004308237522149794,0.09586032736912808,False,0.00244085516326947,1.0,1.0
8,2dt5,78,channel_k32,225001,baseline,True,0.9924812030075187,False,0.0004129890592572405,0.004308237522149794,0.09586032736912808,False,0.0023188124051059964,1.0,1.0
8,2dt5,78,channel_k32,225011,exact,False,0.987719298245614,True,0.0,0.0,0.06733642745193436,False,0.002640397327144746,1.0,1.0
8,2dt5,78,channel_k32,225011,exact,True,0.9894736842105262,True,0.0,0.0,0.06733642745193436,False,0.002508377460787509,1.0,0.8
8,2dt5,78,channel_k32,225011,baseline,False,0.9912280701754386,True,0.0,0.0,0.0673679872973193,False,0.002710465574893897,1.0,1.0
8,2dt5,78,channel_k32,225011,baseline,True,0.9924812030075187,True,0.0,0.0,0.0673679872973193,False,0.0025749422961492017,1.0,0.8
8,2dt5,78,channel_k64,225001,exact,False,0.9964912280701754,False,0.0004471401726842128,0.004672851314587168,0.09568893649331023,False,0.001097864946551011,1.0,1.0
8,2dt5,78,channel_k64,225001,exact,True,0.9969924812030074,False,0.0004471401726842128,0.004672851314587168,0.09568893649331023,False,0.0010429716992234606,1.0,1.0
8,2dt5,78,channel_k64,225001,baseline,False,0.9964912280701754,False,0.0004129890592572405,0.004308237522149794,0.09586032736912808,False,0.001088975162028263,1.0,1.0
8,2dt5,78,channel_k64,225001,baseline,True,0.9969924812030074,False,0.0004129890592572405,0.004308237522149794,0.09586032736912808,False,0.0010345264039268499,1.0,1.0
8,2dt5,78,channel_k64,225011,exact,False,0.9982456140350877,True,0.0,0.0,0.06733642745193436,False,0.0009416710312552622,1.0,1.0
8,2dt5,78,channel_k64,225011,exact,True,0.9984962406015038,True,0.0,0.0,0.06733642745193436,False,0.0008945874796924991,1.0,1.0
8,2dt5,78,channel_k64,225011,baseline,False,0.9964912280701754,True,0.0,0.0,0.0673679872973193,False,0.0010069532060312451,1.0,1.0
8,2dt5,78,channel_k64,225011,baseline,True,0.9969924812030074,True,0.0,0.0,0.0673679872973193,False,0.0009566055457296829,1.0,1.0
8,2dt5,78,channel_kfull,225001,exact,False,1.0,True,0.0,0.0,0.09568893649331023,False,0.00013114828784688867,1.0,1.0
8,2dt5,78,channel_kfull,225001,exact,True,1.0,True,0.0,0.0,0.09568893649331023,False,0.00012459087345454423,1.0,1.0
8,2dt5,78,channel_kfull,225001,baseline,False,1.0,True,0.0,0.0,0.09586032736912808,False,0.0,1.0,1.0
8,2dt5,78,channel_kfull,225001,baseline,True,1.0,True,0.0,0.0,0.09586032736912808,False,0.0,1.0,1.0
8,2dt5,78,channel_kfull,225011,exact,False,0.9982456140350877,True,0.0,0.0,0.06733642745193436,False,8.828758026523329e-05,1.0,1.0
8,2dt5,78,channel_kfull,225011,exact,True,0.9984962406015038,True,0.0,0.0,0.06733642745193436,False,8.387320125197162e-05,1.0,1.0
8,2dt5,78,channel_kfull,225011,baseline,False,1.0,True,0.0,0.0,0.0673679872973193,False,0.0,1.0,1.0
8,2dt5,78,channel_kfull,225011,baseline,True,1.0,True,0.0,0.0,0.0673679872973193,False,0.0,1.0,1.0
8,2dt5,78,shared_k0,225001,exact,False,0.46491228070175433,False,0.0004471401726842128,0.004672851314587168,0.09568893649331023,False,0.015226544689772956,0.3333333333333333,0.4
8,2dt5,78,shared_k0,225001,exact,True,0.431578947368421,False,0.0004471401726842128,0.004672851314587168,0.09568893649331023,False,0.014465217455284307,0.3333333333333333,0.4
8,2dt5,78,shared_k0,225001,baseline,False,0.46491228070175433,False,0.0004129890592572405,0.004308237522149794,0.09586032736912808,False,0.015243144869753363,0.3333333333333333,0.4
8,2dt5,78,shared_k0,225001,baseline,True,0.431578947368421,False,0.0004129890592572405,0.004308237522149794,0.09586032736912808,False,0.014480987626265696,0.3333333333333333,0.4
8,2dt5,78,shared_k0,225011,exact,False,0.7263157894736841,False,0.02939934705106384,0.4366039031703826,0.06733642745193436,False,0.019139850541895813,0.3333333333333333,0.8
8,2dt5,78,shared_k0,225011,exact,True,0.6481203007518795,False,0.02939934705106384,0.4366039031703826,0.06733642745193436,False,0.018182858014801025,0.3333333333333333,0.6
8,2dt5,78,shared_k0,225011,baseline,False,0.7140350877192982,False,0.029415255532103002,0.43663551060658584,0.0673679872973193,False,0.019213542404830093,0.3333333333333333,0.8
8,2dt5,78,shared_k0,225011,baseline,True,0.6360902255639098,False,0.029415255532103002,0.43663551060658584,0.0673679872973193,False,0.01825286528458859,0.3333333333333333,0.6
8,2dt5,78,shared_k4,225001,exact,False,0.7964912280701755,False,0.0004471401726842128,0.004672851314587168,0.09568893649331023,False,0.01394751299788962,0.6666666666666666,0.8
8,2dt5,78,shared_k4,225001,exact,True,0.7699248120300751,False,0.0004471401726842128,0.004672851314587168,0.09568893649331023,False,0.013250137347995138,0.6666666666666666,0.8
8,2dt5,78,shared_k4,225001,baseline,False,0.7964912280701755,False,0.0004129890592572405,0.004308237522149794,0.09586032736912808,False,0.01396411317787003,0.6666666666666666,0.8
8,2dt5,78,shared_k4,225001,baseline,True,0.7699248120300751,False,0.0004129890592572405,0.004308237522149794,0.09586032736912808,False,0.013265907518976527,0.6666666666666666,0.8
8,2dt5,78,shared_k4,225011,exact,False,0.743859649122807,False,0.007207560208798536,0.10703805475785583,0.06733642745193436,False,0.018591857886237517,0.3333333333333333,0.8
8,2dt5,78,shared_k4,225011,exact,True,0.7007518796992479,False,0.007207560208798536,0.10703805475785583,0.06733642745193436,False,0.017662264991925643,0.3333333333333333,0.6
8,2dt5,78,shared_k4,225011,baseline,False,0.736842105263158,False,0.007068900894154462,0.10492967324312132,0.0673679872973193,False,0.018665549749171794,0.3333333333333333,0.8
8,2dt5,78,shared_k4,225011,baseline,True,0.6947368421052631,False,0.007068900894154462,0.10492967324312132,0.0673679872973193,False,0.017732272261713207,0.3333333333333333,0.6
8,2dt5,78,shared_k8,225001,exact,False,0.7789473684210525,False,0.0004471401726842128,0.004672851314587168,0.09568893649331023,False,0.013440068761390127,0.6666666666666666,0.8
8,2dt5,78,shared_k8,225001,exact,True,0.77593984962406,False,0.0004471401726842128,0.004672851314587168,0.09568893649331023,False,0.01276806532332062,0.6666666666666666,0.8
8,2dt5,78,shared_k8,225001,baseline,False,0.7789473684210525,False,0.0004129890592572405,0.004308237522149794,0.09586032736912808,False,0.013456668941370537,0.6666666666666666,0.8
8,2dt5,78,shared_k8,225001,baseline,True,0.77593984962406,False,0.0004129890592572405,0.004308237522149794,0.09586032736912808,False,0.01278383549430201,0.6666666666666666,0.8
8,2dt5,78,shared_k8,225011,exact,False,0.6947368421052632,False,0.010810773324121503,0.16054866189386685,0.06733642745193436,False,0.017796243855388097,0.3333333333333333,0.8
8,2dt5,78,shared_k8,225011,exact,True,0.6661654135338345,False,0.010810773324121503,0.16054866189386685,0.06733642745193436,False,0.016906431662618692,0.3333333333333333,0.6
8,2dt5,78,shared_k8,225011,baseline,False,0.6894736842105263,False,0.010865485055862267,0.1612855822441147,0.0673679872973193,False,0.017869935718322377,0.3333333333333333,0.8
8,2dt5,78,shared_k8,225011,baseline,True,0.6616541353383457,False,0.010865485055862267,0.1612855822441147,0.0673679872973193,False,0.016976438932406256,0.3333333333333333,0.6
8,2dt5,78,shared_k16,225001,exact,False,0.9175438596491228,False,0.0004471401726842128,0.004672851314587168,0.09568893649331023,False,0.01081875188403692,1.0,1.0
8,2dt5,78,shared_k16,225001,exact,True,0.9082706766917292,False,0.0004471401726842128,0.004672851314587168,0.09568893649331023,False,0.010277814289835074,1.0,1.0
8,2dt5,78,shared_k16,225001,baseline,False,0.9175438596491228,False,0.0004129890592572405,0.004308237522149794,0.09586032736912808,False,0.010835352064017329,1.0,1.0
8,2dt5,78,shared_k16,225001,baseline,True,0.9082706766917292,False,0.0004129890592572405,0.004308237522149794,0.09586032736912808,False,0.010293584460816463,1.0,1.0
8,2dt5,78,shared_k16,225011,exact,False,0.8982456140350877,False,0.010810773324121503,0.16054866189386685,0.06733642745193436,False,0.017237226837119327,0.3333333333333333,1.0
8,2dt5,78,shared_k16,225011,exact,True,0.8360902255639097,False,0.010810773324121503,0.16054866189386685,0.06733642745193436,False,0.01637536549526336,0.3333333333333333,0.8
8,2dt5,78,shared_k16,225011,baseline,False,0.8912280701754386,False,0.010865485055862267,0.1612855822441147,0.0673679872973193,False,0.017310918700053607,0.3333333333333333,1.0
8,2dt5,78,shared_k16,225011,baseline,True,0.8300751879699247,False,0.010865485055862267,0.1612855822441147,0.0673679872973193,False,0.016445372765050925,0.3333333333333333,0.8
8,2dt5,78,shared_k32,225001,exact,False,0.9719298245614034,False,0.0004471401726842128,0.004672851314587168,0.09568893649331023,False,0.007958767387098395,0.6666666666666666,0.8
8,2dt5,78,shared_k32,225001,exact,True,0.9714285714285714,False,0.0004471401726842128,0.004672851314587168,0.09568893649331023,False,0.007560829017743476,0.6666666666666666,0.8
8,2dt5,78,shared_k32,225001,baseline,False,0.9719298245614034,False,0.0004129890592572405,0.004308237522149794,0.09586032736912808,False,0.007982183664955563,0.6666666666666666,0.8
8,2dt5,78,shared_k32,225001,baseline,True,0.9714285714285714,False,0.0004129890592572405,0.004308237522149794,0.09586032736912808,False,0.007583074481707785,0.6666666666666666,0.8
8,2dt5,78,shared_k32,225011,exact,False,0.9649122807017543,False,0.010810773324121503,0.16054866189386685,0.06733642745193436,False,0.013240944965492902,0.6666666666666666,1.0
8,2dt5,78,shared_k32,225011,exact,True,0.9248120300751879,False,0.010810773324121503,0.16054866189386685,0.06733642745193436,False,0.012578897717218257,0.6666666666666666,0.8
8,2dt5,78,shared_k32,225011,baseline,False,0.9684210526315788,False,0.010865485055862267,0.1612855822441147,0.0673679872973193,False,0.01331463682842718,0.6666666666666666,1.0
8,2dt5,78,shared_k32,225011,baseline,True,0.9278195488721804,False,0.010865485055862267,0.1612855822441147,0.0673679872973193,False,0.012648904987005822,0.6666666666666666,0.8
8,2dt5,78,shared_k64,225001,exact,False,0.9842105263157893,False,0.0004471401726842128,0.004672851314587168,0.09568893649331023,False,0.0038052429070511515,1.0,0.8
8,2dt5,78,shared_k64,225001,exact,True,0.9864661654135337,False,0.0004471401726842128,0.004672851314587168,0.09568893649331023,False,0.0036149807616985942,1.0,0.8
8,2dt5,78,shared_k64,225001,baseline,False,0.9842105263157893,False,0.0004129890592572405,0.004308237522149794,0.09586032736912808,False,0.003808792157178226,1.0,0.8
8,2dt5,78,shared_k64,225001,baseline,True,0.9864661654135337,False,0.0004129890592572405,0.004308237522149794,0.09586032736912808,False,0.003618352549319315,1.0,0.8
8,2dt5,78,shared_k64,225011,exact,False,0.9894736842105263,True,0.0,0.0,0.06733642745193436,False,0.007296661108527009,1.0,1.0
8,2dt5,78,shared_k64,225011,exact,True,0.9759398496240601,True,0.0,0.0,0.06733642745193436,False,0.0069318280531006585,0.6666666666666666,0.8
8,2dt5,78,shared_k64,225011,baseline,False,0.9912280701754386,True,0.0,0.0,0.0673679872973193,False,0.0073801626158190746,1.0,1.0
8,2dt5,78,shared_k64,225011,baseline,True,0.9774436090225563,True,0.0,0.0,0.0673679872973193,False,0.0070111544850281204,0.6666666666666666,0.8
8,2dt5,78,shared_kfull,225001,exact,False,1.0,True,0.0,0.0,0.09568893649331023,False,0.00013114828784688867,1.0,1.0
8,2dt5,78,shared_kfull,225001,exact,True,1.0,True,0.0,0.0,0.09568893649331023,False,0.00012459087345454423,1.0,1.0
8,2dt5,78,shared_kfull,225001,baseline,False,1.0,True,0.0,0.0,0.09586032736912808,False,0.0,1.0,1.0
8,2dt5,78,shared_kfull,225001,baseline,True,1.0,True,0.0,0.0,0.09586032736912808,False,0.0,1.0,1.0
8,2dt5,78,shared_kfull,225011,exact,False,0.9982456140350877,True,0.0,0.0,0.06733642745193436,False,8.828758026523329e-05,1.0,1.0
8,2dt5,78,shared_kfull,225011,exact,True,0.9984962406015038,True,0.0,0.0,0.06733642745193436,False,8.387320125197162e-05,1.0,1.0
8,2dt5,78,shared_kfull,225011,baseline,False,1.0,True,0.0,0.0,0.0673679872973193,False,0.0,1.0,1.0
8,2dt5,78,shared_kfull,225011,baseline,True,1.0,True,0.0,0.0,0.0673679872973193,False,0.0,1.0,1.0
8,2dt5,133,baseline,225001,exact,False,1.0,True,0.0,0.0,0.12335640410492266,False,3.41312333684022e-05,1.0,1.0
8,2dt5,133,baseline,225001,exact,True,1.0,True,0.0,0.0,0.15281440662283474,False,3.242467169998209e-05,1.0,1.0
8,2dt5,133,baseline,225001,baseline,False,1.0,True,0.0,0.0,0.12335477963980757,False,0.0,1.0,1.0
8,2dt5,133,baseline,225001,baseline,True,1.0,True,0.0,0.0,0.15279242620429634,False,0.0,1.0,1.0
8,2dt5,133,baseline,225011,exact,False,1.0,True,0.0,0.0,0.13600921680364086,False,5.5756529947890034e-05,1.0,1.0
8,2dt5,133,baseline,225011,exact,True,1.0,True,0.0,0.0,0.17249370678691767,False,5.296870345049554e-05,1.0,1.0
8,2dt5,133,baseline,225011,baseline,False,1.0,True,0.0,0.0,0.13604025935601283,False,0.0,1.0,1.0
8,2dt5,133,baseline,225011,baseline,True,1.0,True,0.0,0.0,0.17255194630376103,False,0.0,1.0,1.0
8,2dt5,133,channel_k0,225001,exact,False,0.20350877192982456,False,0.039306237222184404,0.31863961589502793,0.12335640410492266,False,0.09711068363468944,0.0,0.2
8,2dt5,133,channel_k0,225001,exact,True,0.31729323308270674,True,0.0,0.0,0.15281440662283474,False,0.09225514945295497,0.3333333333333333,0.2
8,2dt5,133,channel_k0,225001,baseline,False,0.20350877192982456,False,0.039329613928119844,0.31883331998128644,0.12335477963980757,False,0.09707703675220274,0.0,0.2
8,2dt5,133,channel_k0,225001,baseline,True,0.31729323308270674,True,0.0,0.0,0.15279242620429634,False,0.09222318491459261,0.3333333333333333,0.2
8,2dt5,133,channel_k0,225011,exact,False,0.17719298245614035,False,0.030682172659788787,0.22558892243372913,0.13600921680364086,False,0.11022032993872576,0.0,0.2
8,2dt5,133,channel_k0,225011,exact,True,0.29473684210526313,True,0.0,0.0,0.17249370678691767,False,0.10470931344178946,0.3333333333333333,0.2
8,2dt5,133,channel_k0,225011,baseline,False,0.17719298245614035,False,0.030644602804756893,0.22526127890245334,0.13604025935601283,False,0.11027499458545675,0.0,0.2
8,2dt5,133,channel_k0,225011,baseline,True,0.29473684210526313,True,0.0,0.0,0.17255194630376103,False,0.10476124485618392,0.3333333333333333,0.2
8,2dt5,133,channel_k4,225001,exact,False,0.9578947368421052,False,0.02048933889879989,0.16609870437997182,0.12335640410492266,False,0.049791788431774626,0.6666666666666666,1.0
8,2dt5,133,channel_k4,225001,exact,True,0.9639097744360902,True,0.0,0.0,0.15281440662283474,False,0.0473021990101859,0.6666666666666666,0.8
8,2dt5,133,channel_k4,225001,baseline,False,0.9578947368421052,False,0.020472364882824223,0.16596328851304298,0.12335477963980757,False,0.04975814154928792,0.6666666666666666,1.0
8,2dt5,133,channel_k4,225001,baseline,True,0.9639097744360902,True,0.0,0.0,0.15279242620429634,False,0.047270234471823526,0.6666666666666666,0.8
8,2dt5,133,channel_k4,225011,exact,False,0.9350877192982456,False,0.030682172659788787,0.22558892243372913,0.13600921680364086,False,0.0628369527900488,0.3333333333333333,0.8
8,2dt5,133,channel_k4,225011,exact,True,0.9443609022556391,True,0.0,0.0,0.17249370678691767,False,0.059695105150546365,0.3333333333333333,0.6
8,2dt5,133,channel_k4,225011,baseline,False,0.9350877192982456,False,0.030644602804756893,0.22526127890245334,0.13604025935601283,False,0.0628916174367798,0.3333333333333333,0.8
8,2dt5,133,channel_k4,225011,baseline,True,0.9443609022556391,True,0.0,0.0,0.17255194630376103,False,0.05974703656494081,0.3333333333333333,0.6
8,2dt5,133,channel_k8,225001,exact,False,0.9859649122807018,True,0.0,0.0,0.12335640410492266,False,0.031086618395672113,0.6666666666666666,1.0
8,2dt5,133,channel_k8,225001,exact,True,0.9879699248120299,True,0.0,0.0,0.15281440662283474,False,0.029532287475888507,1.0,0.8
8,2dt5,133,channel_k8,225001,baseline,False,0.9859649122807018,True,0.0,0.0,0.12335477963980757,False,0.031052971513185406,0.6666666666666666,1.0
8,2dt5,133,channel_k8,225001,baseline,True,0.9879699248120299,True,0.0,0.0,0.15279242620429634,False,0.029500322937526136,1.0,0.8
8,2dt5,133,channel_k8,225011,exact,False,0.9719298245614034,True,0.0,0.0,0.13600921680364086,False,0.039137061948779764,0.6666666666666666,1.0
8,2dt5,133,channel_k8,225011,exact,True,0.9759398496240601,True,0.0,0.0,0.17249370678691767,False,0.037180208851340775,0.6666666666666666,0.8
8,2dt5,133,channel_k8,225011,baseline,False,0.9719298245614034,True,0.0,0.0,0.13604025935601283,False,0.039191726595510755,0.6666666666666666,1.0
8,2dt5,133,channel_k8,225011,baseline,True,0.9759398496240601,True,0.0,0.0,0.17255194630376103,False,0.03723214026573522,0.6666666666666666,0.8
8,2dt5,133,channel_k16,225001,exact,False,0.9912280701754386,True,0.0,0.0,0.12335640410492266,False,0.013483463042155044,0.6666666666666666,1.0
8,2dt5,133,channel_k16,225001,exact,True,0.9924812030075187,True,0.0,0.0,0.15281440662283474,False,0.012809289890047293,1.0,0.8
8,2dt5,133,channel_k16,225001,baseline,False,0.9912280701754386,True,0.0,0.0,0.12335477963980757,False,0.013449816159668337,0.6666666666666666,1.0
8,2dt5,133,channel_k16,225001,baseline,True,0.9924812030075187,True,0.0,0.0,0.15279242620429634,False,0.01277732535168492,1.0,0.8
8,2dt5,133,channel_k16,225011,exact,False,0.9789473684210527,True,0.0,0.0,0.13600921680364086,False,0.01669264649210601,0.6666666666666666,1.0
8,2dt5,133,channel_k16,225011,exact,True,0.9819548872180449,True,0.0,0.0,0.17249370678691767,False,0.01585801416750071,0.6666666666666666,0.8
8,2dt5,133,channel_k16,225011,baseline,False,0.9789473684210527,True,0.0,0.0,0.13604025935601283,False,0.01674731113883701,0.6666666666666666,1.0
8,2dt5,133,channel_k16,225011,baseline,True,0.9819548872180449,True,0.0,0.0,0.17255194630376103,False,0.01590994558189516,0.6666666666666666,0.8
8,2dt5,133,channel_k32,225001,exact,False,0.9982456140350877,True,0.0,0.0,0.12335640410492266,False,0.0034338215893808285,0.6666666666666666,1.0
8,2dt5,133,channel_k32,225001,exact,True,0.9984962406015038,True,0.0,0.0,0.15281440662283474,False,0.003262130509911787,1.0,1.0
8,2dt5,133,channel_k32,225001,baseline,False,0.9982456140350877,True,0.0,0.0,0.12335477963980757,False,0.003409090660230546,0.6666666666666666,1.0
8,2dt5,133,channel_k32,225001,baseline,True,0.9984962406015038,True,0.0,0.0,0.15279242620429634,False,0.0032386361272190188,1.0,1.0
8,2dt5,133,channel_k32,225011,exact,False,0.9964912280701754,True,0.0,0.0,0.13600921680364086,False,0.003998187380694287,1.0,1.0
8,2dt5,133,channel_k32,225011,exact,True,0.9969924812030074,True,0.0,0.0,0.17249370678691767,False,0.0037982780116595726,0.6666666666666666,1.0
8,2dt5,133,channel_k32,225011,baseline,False,0.9964912280701754,True,0.0,0.0,0.13604025935601283,False,0.004035851248816768,1.0,1.0
8,2dt5,133,channel_k32,225011,baseline,True,0.9969924812030074,True,0.0,0.0,0.17255194630376103,False,0.0038340586863759296,0.6666666666666666,1.0
8,2dt5,133,channel_k64,225001,exact,False,0.9982456140350877,True,0.0,0.0,0.12335640410492266,False,0.0010544520507865748,0.6666666666666666,1.0
8,2dt5,133,channel_k64,225001,exact,True,0.9984962406015038,True,0.0,0.0,0.15281440662283474,False,0.001001729448247246,1.0,1.0
8,2dt5,133,channel_k64,225001,baseline,False,0.9982456140350877,True,0.0,0.0,0.12335477963980757,False,0.0010742611363460167,0.6666666666666666,1.0
8,2dt5,133,channel_k64,225001,baseline,True,0.9984962406015038,True,0.0,0.0,0.15279242620429634,False,0.0010205480795287159,1.0,1.0
8,2dt5,133,channel_k64,225011,exact,False,0.9964912280701754,True,0.0,0.0,0.13600921680364086,False,0.0010528292732669507,1.0,1.0
8,2dt5,133,channel_k64,225011,exact,True,0.9969924812030074,True,0.0,0.0,0.17249370678691767,False,0.0010001878096036032,0.6666666666666666,1.0
8,2dt5,133,channel_k64,225011,baseline,False,0.9964912280701754,True,0.0,0.0,0.13604025935601283,False,0.0010250611112725874,1.0,1.0
8,2dt5,133,channel_k64,225011,baseline,True,0.9969924812030074,True,0.0,0.0,0.17255194630376103,False,0.0009738080557089579,0.6666666666666666,1.0
8,2dt5,133,channel_kfull,225001,exact,False,1.0,True,0.0,0.0,0.12335640410492266,False,3.4157719633197635e-05,1.0,1.0
8,2dt5,133,channel_kfull,225001,exact,True,1.0,True,0.0,0.0,0.15281440662283474,False,3.244983365153775e-05,1.0,1.0
8,2dt5,133,channel_kfull,225001,baseline,False,1.0,True,0.0,0.0,0.12335477963980757,False,2.648626479543512e-08,1.0,1.0
8,2dt5,133,channel_kfull,225001,baseline,True,1.0,True,0.0,0.0,0.15279242620429634,False,2.5161951555663366e-08,1.0,1.0
8,2dt5,133,channel_kfull,225011,exact,False,1.0,True,0.0,0.0,0.13600921680364086,False,5.5738393797741114e-05,1.0,1.0
8,2dt5,133,channel_kfull,225011,exact,True,1.0,True,0.0,0.0,0.17249370678691767,False,5.295147410785406e-05,1.0,1.0
8,2dt5,133,channel_kfull,225011,baseline,False,1.0,True,0.0,0.0,0.13604025935601283,False,1.8136150148924462e-08,1.0,1.0
8,2dt5,133,channel_kfull,225011,baseline,True,1.0,True,0.0,0.0,0.17255194630376103,False,1.722934264147824e-08,1.0,1.0
8,2dt5,133,shared_k0,225001,exact,False,0.20350877192982456,False,0.039306237222184404,0.31863961589502793,0.12335640410492266,False,0.09711068363468944,0.0,0.2
8,2dt5,133,shared_k0,225001,exact,True,0.31729323308270674,True,0.0,0.0,0.15281440662283474,False,0.09225514945295497,0.3333333333333333,0.2
8,2dt5,133,shared_k0,225001,baseline,False,0.20350877192982456,False,0.039329613928119844,0.31883331998128644,0.12335477963980757,False,0.09707703675220274,0.0,0.2
8,2dt5,133,shared_k0,225001,baseline,True,0.31729323308270674,True,0.0,0.0,0.15279242620429634,False,0.09222318491459261,0.3333333333333333,0.2
8,2dt5,133,shared_k0,225011,exact,False,0.17719298245614035,False,0.030682172659788787,0.22558892243372913,0.13600921680364086,False,0.11022032993872576,0.0,0.2
8,2dt5,133,shared_k0,225011,exact,True,0.29473684210526313,True,0.0,0.0,0.17249370678691767,False,0.10470931344178946,0.3333333333333333,0.2
8,2dt5,133,shared_k0,225011,baseline,False,0.17719298245614035,False,0.030644602804756893,0.22526127890245334,0.13604025935601283,False,0.11027499458545675,0.0,0.2
8,2dt5,133,shared_k0,225011,baseline,True,0.29473684210526313,True,0.0,0.0,0.17255194630376103,False,0.10476124485618392,0.3333333333333333,0.2
8,2dt5,133,shared_k4,225001,exact,False,0.3473684210526316,False,0.11373637245247759,0.922014331381915,0.12335640410492266,False,0.08959158598060248,0.3333333333333333,0.4
8,2dt5,133,shared_k4,225001,exact,True,0.44060150375939844,True,0.0,0.0,0.15281440662283474,False,0.08511200668157234,0.6666666666666666,0.4
8,2dt5,133,shared_k4,225001,baseline,False,0.3473684210526316,False,0.11373135852157734,0.9219858270078359,0.12335477963980757,False,0.08955793909811577,0.3333333333333333,0.4
8,2dt5,133,shared_k4,225001,baseline,True,0.44060150375939844,True,0.0,0.0,0.15279242620429634,False,0.08508004214320998,0.6666666666666666,0.4
8,2dt5,133,shared_k4,225011,exact,False,0.6385964912280702,False,0.030682172659788787,0.22558892243372913,0.13600921680364086,False,0.10379338370142806,0.0,0.2
8,2dt5,133,shared_k4,225011,exact,True,0.6902255639097743,True,0.0,0.0,0.17249370678691767,False,0.09860371451635666,0.3333333333333333,0.2
8,2dt5,133,shared_k4,225011,baseline,False,0.6385964912280702,False,0.030644602804756893,0.22526127890245334,0.13604025935601283,False,0.10384804834815904,0.0,0.2
8,2dt5,133,shared_k4,225011,baseline,True,0.6902255639097743,True,0.0,0.0,0.17255194630376103,False,0.09865564593075109,0.3333333333333333,0.2
8,2dt5,133,shared_k8,225001,exact,False,0.9350877192982456,True,0.0,0.0,0.12335640410492266,False,0.08034153601852183,0.6666666666666666,0.8
8,2dt5,133,shared_k8,225001,exact,True,0.9443609022556391,True,0.0,0.0,0.15281440662283474,False,0.07632445921759573,0.6666666666666666,0.8
8,2dt5,133,shared_k8,225001,baseline,False,0.9350877192982456,True,0.0,0.0,0.12335477963980757,False,0.08030788913603511,0.6666666666666666,0.8
8,2dt5,133,shared_k8,225001,baseline,True,0.9443609022556391,True,0.0,0.0,0.15279242620429634,False,0.07629249467923335,0.6666666666666666,0.8
8,2dt5,133,shared_k8,225011,exact,False,0.9070175438596491,False,0.030682172659788787,0.22558892243372913,0.13600921680364086,False,0.09015451291302996,0.3333333333333333,0.8
8,2dt5,133,shared_k8,225011,exact,True,0.9203007518796992,True,0.0,0.0,0.17249370678691767,False,0.08564678726737847,0.6666666666666666,0.6
8,2dt5,133,shared_k8,225011,baseline,False,0.9070175438596491,False,0.030644602804756893,0.22526127890245334,0.13604025935601283,False,0.09020917755976095,0.3333333333333333,0.8
8,2dt5,133,shared_k8,225011,baseline,True,0.9203007518796992,True,0.0,0.0,0.17255194630376103,False,0.08569871868177291,0.6666666666666666,0.6
8,2dt5,133,shared_k16,225001,exact,False,0.9719298245614034,False,0.01448020211159573,0.11738508605746464,0.12335640410492266,False,0.05289843181789753,0.3333333333333333,1.0
8,2dt5,133,shared_k16,225001,exact,True,0.9759398496240601,True,0.0,0.0,0.15281440662283474,False,0.050253510227002654,0.6666666666666666,0.8
8,2dt5,133,shared_k16,225001,baseline,False,0.9719298245614034,False,0.014481134575634158,0.11739419111216166,0.12335477963980757,False,0.05286478493541082,0.3333333333333333,1.0
8,2dt5,133,shared_k16,225001,baseline,True,0.9759398496240601,True,0.0,0.0,0.15279242620429634,False,0.050221545688640276,0.6666666666666666,0.8
8,2dt5,133,shared_k16,225011,exact,False,0.9631578947368421,False,0.030682172659788787,0.22558892243372913,0.13600921680364086,False,0.056944542187456676,0.6666666666666666,1.0
8,2dt5,133,shared_k16,225011,exact,True,0.9684210526315788,True,0.0,0.0,0.17249370678691767,False,0.05409731507808384,0.6666666666666666,0.8
8,2dt5,133,shared_k16,225011,baseline,False,0.9631578947368421,False,0.030644602804756893,0.22526127890245334,0.13604025935601283,False,0.05699920683418767,0.6666666666666666,1.0
8,2dt5,133,shared_k16,225011,baseline,True,0.9684210526315788,True,0.0,0.0,0.17255194630376103,False,0.054149246492478285,0.6666666666666666,0.8
8,2dt5,133,shared_k32,225001,exact,False,0.9859649122807018,True,0.0,0.0,0.12335640410492266,False,0.02922903557020901,0.6666666666666666,1.0
8,2dt5,133,shared_k32,225001,exact,True,0.9879699248120299,True,0.0,0.0,0.15281440662283474,False,0.02776758379169856,1.0,0.8
8,2dt5,133,shared_k32,225001,baseline,False,0.9859649122807018,True,0.0,0.0,0.12335477963980757,False,0.029195388687722302,0.6666666666666666,1.0
8,2dt5,133,shared_k32,225001,baseline,True,0.9879699248120299,True,0.0,0.0,0.15279242620429634,False,0.027735619253336185,1.0,0.8
8,2dt5,133,shared_k32,225011,exact,False,0.975438596491228,True,0.0,0.0,0.13600921680364086,False,0.03539393695135701,0.6666666666666666,1.0
8,2dt5,133,shared_k32,225011,exact,True,0.9789473684210527,True,0.0,0.0,0.17249370678691767,False,0.03362424010378916,0.6666666666666666,0.8
8,2dt5,133,shared_k32,225011,baseline,False,0.975438596491228,True,0.0,0.0,0.13604025935601283,False,0.035448601598088,0.6666666666666666,1.0
8,2dt5,133,shared_k32,225011,baseline,True,0.9789473684210527,True,0.0,0.0,0.17255194630376103,False,0.0336761715181836,0.6666666666666666,0.8
8,2dt5,133,shared_k64,225001,exact,False,0.9964912280701754,True,0.0,0.0,0.12335640410492266,False,0.005490771496890905,0.6666666666666666,1.0
8,2dt5,133,shared_k64,225001,exact,True,0.9969924812030074,True,0.0,0.0,0.15281440662283474,False,0.00521623292204636,1.0,1.0
8,2dt5,133,shared_k64,225001,baseline,False,0.9964912280701754,True,0.0,0.0,0.12335477963980757,False,0.005459267346343493,0.6666666666666666,1.0
8,2dt5,133,shared_k64,225001,baseline,True,0.9969924812030074,True,0.0,0.0,0.15279242620429634,False,0.005186303979026319,1.0,1.0
8,2dt5,133,shared_k64,225011,exact,False,0.9912280701754386,True,0.0,0.0,0.13600921680364086,False,0.012004517534889993,1.0,1.0
8,2dt5,133,shared_k64,225011,exact,True,0.9924812030075187,True,0.0,0.0,0.17249370678691767,False,0.011404291658145493,0.6666666666666666,1.0
8,2dt5,133,shared_k64,225011,baseline,False,0.9912280701754386,True,0.0,0.0,0.13604025935601283,False,0.012059182181620989,1.0,1.0
8,2dt5,133,shared_k64,225011,baseline,True,0.9924812030075187,True,0.0,0.0,0.17255194630376103,False,0.011456223072539939,0.6666666666666666,1.0
8,2dt5,133,shared_kfull,225001,exact,False,1.0,True,0.0,0.0,0.12335640410492266,False,3.41312333684022e-05,1.0,1.0
8,2dt5,133,shared_kfull,225001,exact,True,1.0,True,0.0,0.0,0.15281440662283474,False,3.242467169998209e-05,1.0,1.0
8,2dt5,133,shared_kfull,225001,baseline,False,1.0,True,0.0,0.0,0.12335477963980757,False,0.0,1.0,1.0
8,2dt5,133,shared_kfull,225001,baseline,True,1.0,True,0.0,0.0,0.15279242620429634,False,0.0,1.0,1.0
8,2dt5,133,shared_kfull,225011,exact,False,1.0,True,0.0,0.0,0.13600921680364086,False,5.5756529947890034e-05,1.0,1.0
8,2dt5,133,shared_kfull,225011,exact,True,1.0,True,0.0,0.0,0.17249370678691767,False,5.296870345049554e-05,1.0,1.0
8,2dt5,133,shared_kfull,225011,baseline,False,1.0,True,0.0,0.0,0.13604025935601283,False,0.0,1.0,1.0
8,2dt5,133,shared_kfull,225011,baseline,True,1.0,True,0.0,0.0,0.17255194630376103,False,0.0,1.0,1.0
9,1kuu,53,baseline,225001,exact,False,1.0,True,0.0,0.0,0.07407830137369917,False,3.685881426124249e-05,1.0,1.0
9,1kuu,53,baseline,225001,exact,True,1.0,True,0.0,0.0,0.07407830137369917,False,3.501587354818037e-05,1.0,1.0
9,1kuu,53,baseline,225001,baseline,False,1.0,True,0.0,0.0,0.07428198773361283,False,0.0,1.0,1.0
9,1kuu,53,baseline,225001,baseline,True,1.0,True,0.0,0.0,0.07428198773361283,False,0.0,1.0,1.0
9,1kuu,53,baseline,225011,exact,False,0.9982456140350877,True,0.0,0.0,0.07374124868356338,False,3.9646009063866526e-05,1.0,1.0
9,1kuu,53,baseline,225011,exact,True,0.9984962406015038,True,0.0,0.0,0.07374124868356338,False,3.76637086106732e-05,1.0,1.0
9,1kuu,53,baseline,225011,baseline,False,1.0,True,0.0,0.0,0.07389350418355148,False,0.0,1.0,1.0
9,1kuu,53,baseline,225011,baseline,True,1.0,True,0.0,0.0,0.07389350418355148,False,0.0,1.0,1.0
9,1kuu,53,channel_k0,225001,exact,False,-0.0017543859649122807,False,0.07407830137369917,1.0,0.07407830137369917,False,0.026162508496749556,0.3333333333333333,0.2
9,1kuu,53,channel_k0,225001,exact,True,-0.04962406015037594,False,0.07407830137369917,1.0,0.07407830137369917,False,0.024854383071912078,0.3333333333333333,0.2
9,1kuu,53,channel_k0,225001,baseline,False,-0.0017543859649122807,False,0.07428198773361283,1.0,0.07428198773361283,False,0.02616704013783634,0.3333333333333333,0.2
9,1kuu,53,channel_k0,225001,baseline,True,-0.04962406015037594,False,0.07428198773361283,1.0,0.07428198773361283,False,0.024858688130944523,0.3333333333333333,0.2
9,1kuu,53,channel_k0,225011,exact,False,0.1649122807017544,False,0.07374124868356338,1.0,0.07374124868356338,False,0.016228650373816576,0.3333333333333333,0.2
9,1kuu,53,channel_k0,225011,exact,True,0.09924812030075188,False,0.07374124868356338,1.0,0.07374124868356338,False,0.015417217855125748,0.3333333333333333,0.2
9,1kuu,53,channel_k0,225011,baseline,False,0.14736842105263157,False,0.07389350418355148,1.0,0.07389350418355148,False,0.016212523781498175,0.3333333333333333,0.2
9,1kuu,53,channel_k0,225011,baseline,True,0.08270676691729321,False,0.07389350418355148,1.0,0.07389350418355148,False,0.015401897592423266,0.3333333333333333,0.2
9,1kuu,53,channel_k4,225001,exact,False,0.7298245614035088,True,0.0,0.0,0.07407830137369917,False,0.005782527245280923,0.6666666666666666,0.8
9,1kuu,53,channel_k4,225001,exact,True,0.7684210526315788,True,0.0,0.0,0.07407830137369917,False,0.005493400883016877,0.6666666666666666,0.8
9,1kuu,53,channel_k4,225001,baseline,False,0.7298245614035088,True,0.0,0.0,0.07428198773361283,False,0.00580416076059556,0.6666666666666666,0.8
9,1kuu,53,channel_k4,225001,baseline,True,0.7684210526315788,True,0.0,0.0,0.07428198773361283,False,0.005513952722565782,0.6666666666666666,0.8
9,1kuu,53,channel_k4,225011,exact,False,0.6614035087719298,True,0.0,0.0,0.07374124868356338,False,0.004664130140806746,0.6666666666666666,0.8
9,1kuu,53,channel_k4,225011,exact,True,0.7097744360902255,True,0.0,0.0,0.07374124868356338,False,0.004430923633766409,0.6666666666666666,0.8
9,1kuu,53,channel_k4,225011,baseline,False,0.6456140350877193,True,0.0,0.0,0.07389350418355148,False,0.004682297247545917,0.6666666666666666,0.8
9,1kuu,53,channel_k4,225011,baseline,True,0.6962406015037594,True,0.0,0.0,0.07389350418355148,False,0.004448182385168621,0.6666666666666666,0.8
9,1kuu,53,channel_k8,225001,exact,False,0.8350877192982457,False,0.0027408247511431505,0.036999022660045164,0.07407830137369917,False,0.0035442188054933764,1.0,1.0
9,1kuu,53,channel_k8,225001,exact,True,0.8586466165413533,False,0.0027408247511431505,0.036999022660045164,0.07407830137369917,False,0.0033670078652187074,1.0,1.0
9,1kuu,53,channel_k8,225001,baseline,False,0.8350877192982457,False,0.00273535050402704,0.03682387328993467,0.07428198773361283,False,0.003569155317909137,1.0,1.0
9,1kuu,53,channel_k8,225001,baseline,True,0.8586466165413533,False,0.00273535050402704,0.03682387328993467,0.07428198773361283,False,0.0033906975520136802,1.0,1.0
9,1kuu,53,channel_k8,225011,exact,False,0.8403508771929825,True,0.0,0.0,0.07374124868356338,False,0.0037544291813349654,0.6666666666666666,0.8
9,1kuu,53,channel_k8,225011,exact,True,0.863157894736842,True,0.0,0.0,0.07374124868356338,False,0.003566707722268217,0.6666666666666666,0.8
9,1kuu,53,channel_k8,225011,baseline,False,0.8421052631578947,True,0.0,0.0,0.07389350418355148,False,0.0037819739065567694,0.6666666666666666,0.8
9,1kuu,53,channel_k8,225011,baseline,True,0.8646616541353382,True,0.0,0.0,0.07389350418355148,False,0.003592875211228931,0.6666666666666666,0.8
9,1kuu,53,channel_k16,225001,exact,False,0.9087719298245613,True,0.0,0.0,0.07407830137369917,False,0.0015057249213601526,0.6666666666666666,1.0
9,1kuu,53,channel_k16,225001,exact,True,0.9218045112781955,True,0.0,0.0,0.07407830137369917,False,0.001430438675292145,0.6666666666666666,1.0
9,1kuu,53,channel_k16,225001,baseline,False,0.9087719298245613,True,0.0,0.0,0.07428198773361283,False,0.0015309448222133022,0.6666666666666666,1.0
9,1kuu,53,channel_k16,225001,baseline,True,0.9218045112781955,True,0.0,0.0,0.07428198773361283,False,0.0014543975811026372,0.6666666666666666,1.0
9,1kuu,53,channel_k16,225011,exact,False,0.9087719298245613,True,0.0,0.0,0.07374124868356338,False,0.002072487158328333,1.0,0.8
9,1kuu,53,channel_k16,225011,exact,True,0.9218045112781955,True,0.0,0.0,0.07374124868356338,False,0.0019688628004119165,1.0,0.8
9,1kuu,53,channel_k16,225011,baseline,False,0.9175438596491228,True,0.0,0.0,0.07389350418355148,False,0.002100031883550137,1.0,0.8
9,1kuu,53,channel_k16,225011,baseline,True,0.9293233082706768,True,0.0,0.0,0.07389350418355148,False,0.0019950302893726305,1.0,0.8
9,1kuu,53,channel_k32,225001,exact,False,0.9736842105263157,True,0.0,0.0,0.07407830137369917,False,0.000660552291269095,1.0,1.0
9,1kuu,53,channel_k32,225001,exact,True,0.9774436090225563,True,0.0,0.0,0.07407830137369917,False,0.0006275246767056403,1.0,1.0
9,1kuu,53,channel_k32,225001,baseline,False,0.9736842105263157,True,0.0,0.0,0.07428198773361283,False,0.0006872243520540038,1.0,1.0
9,1kuu,53,channel_k32,225001,baseline,True,0.9774436090225563,True,0.0,0.0,0.07428198773361283,False,0.0006528631344513037,1.0,1.0
9,1kuu,53,channel_k32,225011,exact,False,0.9894736842105263,True,0.0,0.0,0.07374124868356338,False,0.0008573902194854593,1.0,1.0
9,1kuu,53,channel_k32,225011,exact,True,0.9909774436090225,True,0.0,0.0,0.07374124868356338,False,0.0008145207085111864,1.0,1.0
9,1kuu,53,channel_k32,225011,baseline,False,0.9929824561403509,True,0.0,0.0,0.07389350418355148,False,0.0008885668854149081,1.0,1.0
9,1kuu,53,channel_k32,225011,baseline,True,0.993984962406015,True,0.0,0.0,0.07389350418355148,False,0.0008441385411441626,1.0,1.0
9,1kuu,53,channel_k64,225001,exact,False,0.9947368421052631,True,0.0,0.0,0.07407830137369917,False,0.00014821601978494926,1.0,1.0
9,1kuu,53,channel_k64,225001,exact,True,0.9954887218045112,True,0.0,0.0,0.07407830137369917,False,0.0001408052187957018,1.0,1.0
9,1kuu,53,channel_k64,225001,baseline,False,0.9947368421052631,True,0.0,0.0,0.07428198773361283,False,0.00014394931109702673,1.0,1.0
9,1kuu,53,channel_k64,225001,baseline,True,0.9954887218045112,True,0.0,0.0,0.07428198773361283,False,0.0001367518455421754,1.0,1.0
9,1kuu,53,channel_k64,225011,exact,False,0.9964912280701754,True,0.0,0.0,0.07374124868356338,False,0.0002367473063537938,1.0,1.0
9,1kuu,53,channel_k64,225011,exact,True,0.9969924812030074,True,0.0,0.0,0.07374124868356338,False,0.00022490994103610413,1.0,1.0
9,1kuu,53,channel_k64,225011,baseline,False,0.9982456140350877,True,0.0,0.0,0.07389350418355148,False,0.00026641800379428285,1.0,1.0
9,1kuu,53,channel_k64,225011,baseline,True,0.9984962406015038,True,0.0,0.0,0.07389350418355148,False,0.0002530971036045687,1.0,1.0
9,1kuu,53,channel_kfull,225001,exact,False,1.0,True,0.0,0.0,0.07407830137369917,False,3.685881426124249e-05,1.0,1.0
9,1kuu,53,channel_kfull,225001,exact,True,1.0,True,0.0,0.0,0.07407830137369917,False,3.501587354818037e-05,1.0,1.0
9,1kuu,53,channel_kfull,225001,baseline,False,1.0,True,0.0,0.0,0.07428198773361283,False,0.0,1.0,1.0
9,1kuu,53,channel_kfull,225001,baseline,True,1.0,True,0.0,0.0,0.07428198773361283,False,0.0,1.0,1.0
9,1kuu,53,channel_kfull,225011,exact,False,0.9982456140350877,True,0.0,0.0,0.07374124868356338,False,3.9646009063866526e-05,1.0,1.0
9,1kuu,53,channel_kfull,225011,exact,True,0.9984962406015038,True,0.0,0.0,0.07374124868356338,False,3.76637086106732e-05,1.0,1.0
9,1kuu,53,channel_kfull,225011,baseline,False,1.0,True,0.0,0.0,0.07389350418355148,False,0.0,1.0,1.0
9,1kuu,53,channel_kfull,225011,baseline,True,1.0,True,0.0,0.0,0.07389350418355148,False,0.0,1.0,1.0
9,1kuu,53,shared_k0,225001,exact,False,-0.0017543859649122807,False,0.07407830137369917,1.0,0.07407830137369917,False,0.026162508496749556,0.3333333333333333,0.2
9,1kuu,53,shared_k0,225001,exact,True,-0.04962406015037594,False,0.07407830137369917,1.0,0.07407830137369917,False,0.024854383071912078,0.3333333333333333,0.2
9,1kuu,53,shared_k0,225001,baseline,False,-0.0017543859649122807,False,0.07428198773361283,1.0,0.07428198773361283,False,0.02616704013783634,0.3333333333333333,0.2
9,1kuu,53,shared_k0,225001,baseline,True,-0.04962406015037594,False,0.07428198773361283,1.0,0.07428198773361283,False,0.024858688130944523,0.3333333333333333,0.2
9,1kuu,53,shared_k0,225011,exact,False,0.1649122807017544,False,0.07374124868356338,1.0,0.07374124868356338,False,0.016228650373816576,0.3333333333333333,0.2
9,1kuu,53,shared_k0,225011,exact,True,0.09924812030075188,False,0.07374124868356338,1.0,0.07374124868356338,False,0.015417217855125748,0.3333333333333333,0.2
9,1kuu,53,shared_k0,225011,baseline,False,0.14736842105263157,False,0.07389350418355148,1.0,0.07389350418355148,False,0.016212523781498175,0.3333333333333333,0.2
9,1kuu,53,shared_k0,225011,baseline,True,0.08270676691729321,False,0.07389350418355148,1.0,0.07389350418355148,False,0.015401897592423266,0.3333333333333333,0.2
9,1kuu,53,shared_k4,225001,exact,False,0.1736842105263158,False,0.0027408247511431505,0.036999022660045164,0.07407830137369917,False,0.010350874731512597,0.3333333333333333,0.4
9,1kuu,53,shared_k4,225001,exact,True,0.28872180451127816,False,0.0027408247511431505,0.036999022660045164,0.07407830137369917,False,0.009833330994936966,0.3333333333333333,0.4
9,1kuu,53,shared_k4,225001,baseline,False,0.1736842105263158,False,0.00273535050402704,0.03682387328993467,0.07428198773361283,False,0.010373422809509371,0.3333333333333333,0.4
9,1kuu,53,shared_k4,225001,baseline,True,0.28872180451127816,False,0.00273535050402704,0.03682387328993467,0.07428198773361283,False,0.009854751669033903,0.3333333333333333,0.4
9,1kuu,53,shared_k4,225011,exact,False,0.30701754385964913,False,0.019773365485849903,0.26814524894609365,0.07374124868356338,False,0.006801315999987855,0.3333333333333333,0.4
9,1kuu,53,shared_k4,225011,exact,True,0.40451127819548865,False,0.019773365485849903,0.26814524894609365,0.07374124868356338,False,0.006461250199988462,0.3333333333333333,0.4
9,1kuu,53,shared_k4,225011,baseline,False,0.2964912280701754,False,0.019944452834848025,0.2699080664154998,0.07389350418355148,False,0.006816333819938657,0.3333333333333333,0.4
9,1kuu,53,shared_k4,225011,baseline,True,0.3954887218045112,False,0.019944452834848025,0.2699080664154998,0.07389350418355148,False,0.006475517128941724,0.3333333333333333,0.4
9,1kuu,53,shared_k8,225001,exact,False,0.5385964912280702,True,0.0,0.0,0.07407830137369917,False,0.007981520148527795,0.6666666666666666,0.6
9,1kuu,53,shared_k8,225001,exact,True,0.6030075187969924,True,0.0,0.0,0.07407830137369917,False,0.007582444141101405,0.6666666666666666,0.6
9,1kuu,53,shared_k8,225001,baseline,False,0.5385964912280702,True,0.0,0.0,0.07428198773361283,False,0.008000241520627996,0.6666666666666666,0.6
9,1kuu,53,shared_k8,225001,baseline,True,0.6030075187969924,True,0.0,0.0,0.07428198773361283,False,0.007600229444596596,0.6666666666666666,0.6
9,1kuu,53,shared_k8,225011,exact,False,0.6701754385964912,True,0.0,0.0,0.07374124868356338,False,0.006047179139909341,0.6666666666666666,0.8
9,1kuu,53,shared_k8,225011,exact,True,0.7157894736842104,True,0.0,0.0,0.07374124868356338,False,0.005744820182913874,0.6666666666666666,0.8
9,1kuu,53,shared_k8,225011,baseline,False,0.6596491228070176,True,0.0,0.0,0.07389350418355148,False,0.0060714927620891595,0.6666666666666666,0.8
9,1kuu,53,shared_k8,225011,baseline,True,0.706766917293233,True,0.0,0.0,0.07389350418355148,False,0.005767918123984701,0.6666666666666666,0.8
9,1kuu,53,shared_k16,225001,exact,False,0.6807017543859648,False,0.0027408247511431505,0.036999022660045164,0.07407830137369917,False,0.005130654420027408,0.6666666666666666,0.8
9,1kuu,53,shared_k16,225001,exact,True,0.7263157894736841,False,0.0027408247511431505,0.036999022660045164,0.07407830137369917,False,0.004874121699026038,0.6666666666666666,0.8
9,1kuu,53,shared_k16,225001,baseline,False,0.6807017543859648,False,0.00273535050402704,0.03682387328993467,0.07428198773361283,False,0.005159495614400314,0.6666666666666666,0.8
9,1kuu,53,shared_k16,225001,baseline,True,0.7263157894736841,False,0.00273535050402704,0.03682387328993467,0.07428198773361283,False,0.004901520833680298,0.6666666666666666,0.8
9,1kuu,53,shared_k16,225011,exact,False,0.6456140350877193,True,0.0,0.0,0.07374124868356338,False,0.006281489500632511,0.6666666666666666,0.6
9,1kuu,53,shared_k16,225011,exact,True,0.6962406015037594,True,0.0,0.0,0.07374124868356338,False,0.0059674150256008845,0.6666666666666666,0.6
9,1kuu,53,shared_k16,225011,baseline,False,0.6228070175438596,True,0.0,0.0,0.07389350418355148,False,0.006312666166561959,0.6666666666666666,0.6
9,1kuu,53,shared_k16,225011,baseline,True,0.6766917293233082,True,0.0,0.0,0.07389350418355148,False,0.005997032858233861,0.6666666666666666,0.6
9,1kuu,53,shared_k32,225001,exact,False,0.8807017543859648,False,0.0027408247511431505,0.036999022660045164,0.07407830137369917,False,0.003122873691428322,0.6666666666666666,1.0
9,1kuu,53,shared_k32,225001,exact,True,0.8977443609022555,False,0.0027408247511431505,0.036999022660045164,0.07407830137369917,False,0.002966730006856906,0.6666666666666666,1.0
9,1kuu,53,shared_k32,225001,baseline,False,0.8807017543859648,False,0.00273535050402704,0.03682387328993467,0.07428198773361283,False,0.0031404385751606016,0.6666666666666666,1.0
9,1kuu,53,shared_k32,225001,baseline,True,0.8977443609022555,False,0.00273535050402704,0.03682387328993467,0.07428198773361283,False,0.0029834166464025717,0.6666666666666666,1.0
9,1kuu,53,shared_k32,225011,exact,False,0.8333333333333334,True,0.0,0.0,0.07374124868356338,False,0.005011951864454588,0.6666666666666666,0.8
9,1kuu,53,shared_k32,225011,exact,True,0.8571428571428572,True,0.0,0.0,0.07374124868356338,False,0.004761354271231859,0.6666666666666666,0.8
9,1kuu,53,shared_k32,225011,baseline,False,0.8210526315789475,True,0.0,0.0,0.07389350418355148,False,0.005043128530384037,0.6666666666666666,0.8
9,1kuu,53,shared_k32,225011,baseline,True,0.8466165413533834,True,0.0,0.0,0.07389350418355148,False,0.004790972103864835,0.6666666666666666,0.8
9,1kuu,53,shared_k64,225001,exact,False,0.9649122807017543,True,0.0,0.0,0.07407830137369917,False,0.0010444566268480245,0.6666666666666666,1.0
9,1kuu,53,shared_k64,225001,exact,True,0.9699248120300751,True,0.0,0.0,0.07407830137369917,False,0.000992233795505623,0.6666666666666666,1.0
9,1kuu,53,shared_k64,225001,baseline,False,0.9649122807017543,True,0.0,0.0,0.07428198773361283,False,0.0010649135473173733,0.6666666666666666,1.0
9,1kuu,53,shared_k64,225001,baseline,True,0.9699248120300751,True,0.0,0.0,0.07428198773361283,False,0.0010116678699515047,0.6666666666666666,1.0
9,1kuu,53,shared_k64,225011,exact,False,0.9526315789473684,True,0.0,0.0,0.07374124868356338,False,0.001713181784681702,1.0,0.8
9,1kuu,53,shared_k64,225011,exact,True,0.9593984962406013,True,0.0,0.0,0.07374124868356338,False,0.0016275226954476168,1.0,0.8
9,1kuu,53,shared_k64,225011,baseline,False,0.9508771929824561,True,0.0,0.0,0.07389350418355148,False,0.0017454366759782844,1.0,0.8
9,1kuu,53,shared_k64,225011,baseline,True,0.9578947368421054,True,0.0,0.0,0.07389350418355148,False,0.0016581648421793702,1.0,0.8
9,1kuu,53,shared_kfull,225001,exact,False,1.0,True,0.0,0.0,0.07407830137369917,False,3.685881426124249e-05,1.0,1.0
9,1kuu,53,shared_kfull,225001,exact,True,1.0,True,0.0,0.0,0.07407830137369917,False,3.501587354818037e-05,1.0,1.0
9,1kuu,53,shared_kfull,225001,baseline,False,1.0,True,0.0,0.0,0.07428198773361283,False,0.0,1.0,1.0
9,1kuu,53,shared_kfull,225001,baseline,True,1.0,True,0.0,0.0,0.07428198773361283,False,0.0,1.0,1.0
9,1kuu,53,shared_kfull,225011,exact,False,0.9982456140350877,True,0.0,0.0,0.07374124868356338,False,3.9646009063866526e-05,1.0,1.0
9,1kuu,53,shared_kfull,225011,exact,True,0.9984962406015038,True,0.0,0.0,0.07374124868356338,False,3.76637086106732e-05,1.0,1.0
9,1kuu,53,shared_kfull,225011,baseline,False,1.0,True,0.0,0.0,0.07389350418355148,False,0.0,1.0,1.0
9,1kuu,53,shared_kfull,225011,baseline,True,1.0,True,0.0,0.0,0.07389350418355148,False,0.0,1.0,1.0
9,1kuu,147,baseline,225001,exact,False,0.9982456140350877,True,0.0,0.0,0.025047110122785016,False,8.268466965340537e-06,1.0,1.0
9,1kuu,147,baseline,225001,exact,True,0.9984962406015038,True,0.0,0.0,0.028110986964575396,False,7.85504361707351e-06,1.0,1.0
9,1kuu,147,baseline,225001,baseline,False,1.0,True,0.0,0.0,0.025036976458210708,False,0.0,1.0,1.0
9,1kuu,147,baseline,225001,baseline,True,1.0,True,0.0,0.0,0.028110836047122167,False,0.0,1.0,1.0
9,1kuu,147,baseline,225011,exact,False,1.0,True,0.0,0.0,0.021107590779486568,False,1.682274391397103e-05,1.0,1.0
9,1kuu,147,baseline,225011,exact,True,1.0,True,0.0,0.0,0.021107590779486568,False,1.598160671827248e-05,1.0,1.0
9,1kuu,147,baseline,225011,baseline,False,1.0,True,0.0,0.0,0.021073131094021674,False,0.0,1.0,1.0
9,1kuu,147,baseline,225011,baseline,True,1.0,True,0.0,0.0,0.021073131094021674,False,0.0,1.0,1.0
9,1kuu,147,channel_k0,225001,exact,False,0.03508771929824562,False,0.0074751813363758135,0.2984448624903734,0.025047110122785016,False,0.017079636513980263,0.0,0.4
9,1kuu,147,channel_k0,225001,exact,True,0.010526315789473682,False,0.0074751813363758135,0.2659167159728617,0.028110986964575396,False,0.01622565468828125,0.0,0.4
9,1kuu,147,channel_k0,225001,baseline,False,0.042105263157894736,False,0.007475077914832096,0.29856152668069846,0.025036976458210708,False,0.01707969408504979,0.0,0.4
9,1kuu,147,channel_k0,225001,baseline,True,0.016541353383458645,False,0.007475077914832096,0.2659144645254104,0.028110836047122167,False,0.016225709380797298,0.0,0.4
9,1kuu,147,channel_k0,225011,exact,False,0.3333333333333333,False,0.010317303976195819,0.4887959068366391,0.021107590779486568,False,0.00965765711965935,0.3333333333333333,0.8
9,1kuu,147,channel_k0,225011,exact,True,0.27368421052631575,False,0.010317303976195819,0.4887959068366391,0.021107590779486568,False,0.009174774263676383,0.3333333333333333,0.6
9,1kuu,147,channel_k0,225011,baseline,False,0.3333333333333333,False,0.010314633643992183,0.4894684894224563,0.021073131094021674,False,0.009646686880172966,0.3333333333333333,0.8
9,1kuu,147,channel_k0,225011,baseline,True,0.27368421052631575,False,0.010314633643992183,0.4894684894224563,0.021073131094021674,False,0.009164352536164318,0.3333333333333333,0.6
9,1kuu,147,channel_k4,225001,exact,False,0.8736842105263157,False,0.0074751813363758135,0.2984448624903734,0.025047110122785016,False,0.004201368784987773,0.3333333333333333,0.8
9,1kuu,147,channel_k4,225001,exact,True,0.8917293233082706,False,0.0074751813363758135,0.2659167159728617,0.028110986964575396,False,0.003991300345738384,0.3333333333333333,0.8
9,1kuu,147,channel_k4,225001,baseline,False,0.8754385964912281,False,0.007475077914832096,0.29856152668069846,0.025036976458210708,False,0.004198694416327861,0.3333333333333333,0.8
9,1kuu,147,channel_k4,225001,baseline,True,0.8932330827067668,False,0.007475077914832096,0.2659144645254104,0.028110836047122167,False,0.003988759695511468,0.3333333333333333,0.8
9,1kuu,147,channel_k4,225011,exact,False,0.83859649122807,False,0.0020937264666209265,0.09919305753528804,0.021107590779486568,False,0.004264560984176669,0.6666666666666666,0.8
9,1kuu,147,channel_k4,225011,exact,True,0.849624060150376,False,0.0020937264666209265,0.09919305753528804,0.021107590779486568,False,0.004051332934967835,0.6666666666666666,0.8
9,1kuu,147,channel_k4,225011,baseline,False,0.83859649122807,False,0.0020999209603483338,0.09964921448925401,0.021073131094021674,False,0.004266349375341388,0.6666666666666666,0.8
9,1kuu,147,channel_k4,225011,baseline,True,0.849624060150376,False,0.0020999209603483338,0.09964921448925401,0.021073131094021674,False,0.0040530319065743186,0.6666666666666666,0.8
9,1kuu,147,channel_k8,225001,exact,False,0.9192982456140351,False,0.0074751813363758135,0.2984448624903734,0.025047110122785016,False,0.002854666815992814,0.3333333333333333,0.8
9,1kuu,147,channel_k8,225001,exact,True,0.9308270676691727,False,0.0074751813363758135,0.2659167159728617,0.028110986964575396,False,0.0027119334751931736,0.3333333333333333,0.8
9,1kuu,147,channel_k8,225001,baseline,False,0.9210526315789472,False,0.007475077914832096,0.29856152668069846,0.025036976458210708,False,0.0028543190711394495,0.3333333333333333,0.8
9,1kuu,147,channel_k8,225001,baseline,True,0.932330827067669,False,0.007475077914832096,0.2659144645254104,0.028110836047122167,False,0.002711603117582477,0.3333333333333333,0.8
9,1kuu,147,channel_k8,225011,exact,False,0.9456140350877192,False,0.0020937264666209265,0.09919305753528804,0.021107590779486568,False,0.003516963964295686,0.6666666666666666,1.0
9,1kuu,147,channel_k8,225011,exact,True,0.9383458646616539,False,0.0020937264666209265,0.09919305753528804,0.021107590779486568,False,0.0033411157660809014,0.6666666666666666,1.0
9,1kuu,147,channel_k8,225011,baseline,False,0.9456140350877192,False,0.0020999209603483338,0.09964921448925401,0.021073131094021674,False,0.0035276061147448165,0.6666666666666666,1.0
9,1kuu,147,channel_k8,225011,baseline,True,0.9383458646616539,False,0.0020999209603483338,0.09964921448925401,0.021073131094021674,False,0.0033512258090075756,0.6666666666666666,1.0
9,1kuu,147,channel_k16,225001,exact,False,0.9421052631578948,False,0.004426908594990869,0.1767432878798968,0.025047110122785016,False,0.0026014792193982264,0.3333333333333333,0.8
9,1kuu,147,channel_k16,225001,exact,True,0.9503759398496241,False,0.004426908594990869,0.15747965735139516,0.028110986964575396,False,0.002471405258428315,0.3333333333333333,0.8
9,1kuu,147,channel_k16,225001,baseline,False,0.9456140350877192,False,0.004436177599599134,0.17718503697934818,0.025036976458210708,False,0.0026015031886320156,0.3333333333333333,0.8
9,1kuu,147,channel_k16,225001,baseline,True,0.9533834586466164,False,0.004436177599599134,0.15781023346878667,0.028110836047122167,False,0.002471428029200415,0.3333333333333333,0.8
9,1kuu,147,channel_k16,225011,exact,False,0.9701754385964911,False,0.0014237799275906293,0.06745345513209074,0.021107590779486568,False,0.002640839465036179,0.6666666666666666,1.0
9,1kuu,147,channel_k16,225011,exact,True,0.9624060150375938,False,0.0014237799275906293,0.06745345513209074,0.021107590779486568,False,0.0025087974917843703,0.6666666666666666,1.0
9,1kuu,147,channel_k16,225011,baseline,False,0.9701754385964911,False,0.0014316179148402552,0.06793570013173776,0.021073131094021674,False,0.002652720978936159,0.6666666666666666,1.0
9,1kuu,147,channel_k16,225011,baseline,True,0.9624060150375938,False,0.0014316179148402552,0.06793570013173776,0.021073131094021674,False,0.002520084929989351,0.6666666666666666,1.0
9,1kuu,147,channel_k32,225001,exact,False,0.9859649122807018,True,0.0,0.0,0.025047110122785016,False,0.0012866958017509536,1.0,0.8
9,1kuu,147,channel_k32,225001,exact,True,0.9879699248120299,True,0.0,0.0,0.028110986964575396,False,0.0012223610116634059,1.0,0.8
9,1kuu,147,channel_k32,225001,baseline,False,0.9894736842105263,True,0.0,0.0,0.025036976458210708,False,0.0012867356570324512,1.0,0.8
9,1kuu,147,channel_k32,225001,baseline,True,0.9909774436090225,True,0.0,0.0,0.028110836047122167,False,0.0012223988741808286,1.0,0.8
9,1kuu,147,channel_k32,225011,exact,False,0.9894736842105263,False,0.0014237799275906293,0.06745345513209074,0.021107590779486568,False,0.001281957066601108,0.6666666666666666,1.0
9,1kuu,147,channel_k32,225011,exact,True,0.9894736842105262,False,0.0014237799275906293,0.06745345513209074,0.021107590779486568,False,0.0012178592132710525,0.6666666666666666,1.0
9,1kuu,147,channel_k32,225011,baseline,False,0.9894736842105263,False,0.0014316179148402552,0.06793570013173776,0.021073131094021674,False,0.0012925992170502384,0.6666666666666666,1.0
9,1kuu,147,channel_k32,225011,baseline,True,0.9894736842105262,False,0.0014316179148402552,0.06793570013173776,0.021073131094021674,False,0.0012279692561977264,0.6666666666666666,1.0
9,1kuu,147,channel_k64,225001,exact,False,0.9912280701754386,True,0.0,0.0,0.025047110122785016,False,0.0003298704015451506,1.0,1.0
9,1kuu,147,channel_k64,225001,exact,True,0.9924812030075187,True,0.0,0.0,0.028110986964575396,False,0.00031337688146789306,1.0,1.0
9,1kuu,147,channel_k64,225001,baseline,False,0.9947368421052631,True,0.0,0.0,0.025036976458210708,False,0.0003298943707789399,1.0,1.0
9,1kuu,147,channel_k64,225001,baseline,True,0.9954887218045112,True,0.0,0.0,0.028110836047122167,False,0.0003133996522399929,1.0,1.0
9,1kuu,147,channel_k64,225011,exact,False,1.0,True,0.0,0.0,0.021107590779486568,False,0.00031256868321331626,1.0,1.0
9,1kuu,147,channel_k64,225011,exact,True,1.0,True,0.0,0.0,0.021107590779486568,False,0.00029694024905265045,1.0,1.0
9,1kuu,147,channel_k64,225011,baseline,False,1.0,True,0.0,0.0,0.021073131094021674,False,0.0003206300031890515,1.0,1.0
9,1kuu,147,channel_k64,225011,baseline,True,1.0,True,0.0,0.0,0.021073131094021674,False,0.0003045985030295989,1.0,1.0
9,1kuu,147,channel_kfull,225001,exact,False,0.9982456140350877,True,0.0,0.0,0.025047110122785016,False,8.268466965340537e-06,1.0,1.0
9,1kuu,147,channel_kfull,225001,exact,True,0.9984962406015038,True,0.0,0.0,0.028110986964575396,False,7.85504361707351e-06,1.0,1.0
9,1kuu,147,channel_kfull,225001,baseline,False,1.0,True,0.0,0.0,0.025036976458210708,False,0.0,1.0,1.0
9,1kuu,147,channel_kfull,225001,baseline,True,1.0,True,0.0,0.0,0.028110836047122167,False,0.0,1.0,1.0
9,1kuu,147,channel_kfull,225011,exact,False,1.0,True,0.0,0.0,0.021107590779486568,False,1.682274391397103e-05,1.0,1.0
9,1kuu,147,channel_kfull,225011,exact,True,1.0,True,0.0,0.0,0.021107590779486568,False,1.598160671827248e-05,1.0,1.0
9,1kuu,147,channel_kfull,225011,baseline,False,1.0,True,0.0,0.0,0.021073131094021674,False,0.0,1.0,1.0
9,1kuu,147,channel_kfull,225011,baseline,True,1.0,True,0.0,0.0,0.021073131094021674,False,0.0,1.0,1.0
9,1kuu,147,shared_k0,225001,exact,False,0.03508771929824562,False,0.0074751813363758135,0.2984448624903734,0.025047110122785016,False,0.017079636513980263,0.0,0.4
9,1kuu,147,shared_k0,225001,exact,True,0.010526315789473682,False,0.0074751813363758135,0.2659167159728617,0.028110986964575396,False,0.01622565468828125,0.0,0.4
9,1kuu,147,shared_k0,225001,baseline,False,0.042105263157894736,False,0.007475077914832096,0.29856152668069846,0.025036976458210708,False,0.01707969408504979,0.0,0.4
9,1kuu,147,shared_k0,225001,baseline,True,0.016541353383458645,False,0.007475077914832096,0.2659144645254104,0.028110836047122167,False,0.016225709380797298,0.0,0.4
9,1kuu,147,shared_k0,225011,exact,False,0.3333333333333333,False,0.010317303976195819,0.4887959068366391,0.021107590779486568,False,0.00965765711965935,0.3333333333333333,0.8
9,1kuu,147,shared_k0,225011,exact,True,0.27368421052631575,False,0.010317303976195819,0.4887959068366391,0.021107590779486568,False,0.009174774263676383,0.3333333333333333,0.6
9,1kuu,147,shared_k0,225011,baseline,False,0.3333333333333333,False,0.010314633643992183,0.4894684894224563,0.021073131094021674,False,0.009646686880172966,0.3333333333333333,0.8
9,1kuu,147,shared_k0,225011,baseline,True,0.27368421052631575,False,0.010314633643992183,0.4894684894224563,0.021073131094021674,False,0.009164352536164318,0.3333333333333333,0.6
9,1kuu,147,shared_k4,225001,exact,False,0.368421052631579,False,0.0074751813363758135,0.2984448624903734,0.025047110122785016,False,0.005579271075586106,0.0,0.4
9,1kuu,147,shared_k4,225001,exact,True,0.4586466165413533,False,0.0074751813363758135,0.2659167159728617,0.028110986964575396,False,0.005300307521806801,0.0,0.4
9,1kuu,147,shared_k4,225001,baseline,False,0.38070175438596493,False,0.007475077914832096,0.29856152668069846,0.025036976458210708,False,0.005576596706926194,0.0,0.4
9,1kuu,147,shared_k4,225001,baseline,True,0.46917293233082696,False,0.007475077914832096,0.2659144645254104,0.028110836047122167,False,0.005297766871579884,0.0,0.4
9,1kuu,147,shared_k4,225011,exact,False,0.6421052631578947,False,0.0020937264666209265,0.09919305753528804,0.021107590779486568,False,0.005069130764503616,0.3333333333333333,0.6
9,1kuu,147,shared_k4,225011,exact,True,0.6796992481203006,False,0.0020937264666209265,0.09919305753528804,0.021107590779486568,False,0.004815674226278435,0.3333333333333333,0.6
9,1kuu,147,shared_k4,225011,baseline,False,0.6421052631578947,False,0.0020999209603483338,0.09964921448925401,0.021073131094021674,False,0.005068003263495466,0.3333333333333333,0.6
9,1kuu,147,shared_k4,225011,baseline,True,0.6796992481203006,False,0.0020999209603483338,0.09964921448925401,0.021073131094021674,False,0.0048146031003206925,0.3333333333333333,0.6
9,1kuu,147,shared_k8,225001,exact,False,0.6087719298245614,False,0.0074751813363758135,0.2984448624903734,0.025047110122785016,False,0.005461101288614227,0.3333333333333333,0.6
9,1kuu,147,shared_k8,225001,exact,True,0.6646616541353383,False,0.0074751813363758135,0.2659167159728617,0.028110986964575396,False,0.0051880462241835155,0.3333333333333333,0.6
9,1kuu,147,shared_k8,225001,baseline,False,0.6175438596491227,False,0.007475077914832096,0.29856152668069846,0.025036976458210708,False,0.005458780493490106,0.3333333333333333,0.6
9,1kuu,147,shared_k8,225001,baseline,True,0.6721804511278194,False,0.007475077914832096,0.2659144645254104,0.028110836047122167,False,0.005185841468815601,0.3333333333333333,0.6
9,1kuu,147,shared_k8,225011,exact,False,0.7350877192982455,False,0.0020937264666209265,0.09919305753528804,0.021107590779486568,False,0.0050632574252745645,0.6666666666666666,0.8
9,1kuu,147,shared_k8,225011,exact,True,0.7533834586466165,False,0.0020937264666209265,0.09919305753528804,0.021107590779486568,False,0.004810094554010836,0.6666666666666666,0.8
9,1kuu,147,shared_k8,225011,baseline,False,0.7350877192982455,False,0.0020999209603483338,0.09964921448925401,0.021073131094021674,False,0.005072710064278431,0.6666666666666666,0.8
9,1kuu,147,shared_k8,225011,baseline,True,0.7533834586466165,False,0.0020999209603483338,0.09964921448925401,0.021073131094021674,False,0.0048190745610645095,0.6666666666666666,0.8
9,1kuu,147,shared_k16,225001,exact,False,0.8140350877192982,False,0.0074751813363758135,0.2984448624903734,0.025047110122785016,False,0.005270616470574957,0.3333333333333333,0.8
9,1kuu,147,shared_k16,225001,exact,True,0.8406015037593983,False,0.0074751813363758135,0.2659167159728617,0.028110986964575396,False,0.00500708564704621,0.3333333333333333,0.8
9,1kuu,147,shared_k16,225001,baseline,False,0.8263157894736841,False,0.007475077914832096,0.29856152668069846,0.025036976458210708,False,0.005268392154713524,0.3333333333333333,0.8
9,1kuu,147,shared_k16,225001,baseline,True,0.8511278195488721,False,0.007475077914832096,0.2659144645254104,0.028110836047122167,False,0.005004972546977848,0.3333333333333333,0.8
9,1kuu,147,shared_k16,225011,exact,False,0.8736842105263157,False,0.0020937264666209265,0.09919305753528804,0.021107590779486568,False,0.00628906188906154,0.6666666666666666,1.0
9,1kuu,147,shared_k16,225011,exact,True,0.8766917293233082,False,0.0020937264666209265,0.09919305753528804,0.021107590779486568,False,0.005974608794608463,0.6666666666666666,1.0
9,1kuu,147,shared_k16,225011,baseline,False,0.8736842105263157,False,0.0020999209603483338,0.09964921448925401,0.021073131094021674,False,0.0063010101408717475,0.6666666666666666,1.0
9,1kuu,147,shared_k16,225011,baseline,True,0.8766917293233082,False,0.0020999209603483338,0.09964921448925401,0.021073131094021674,False,0.00598595963382816,0.6666666666666666,1.0
9,1kuu,147,shared_k32,225001,exact,False,0.882456140350877,False,0.0074751813363758135,0.2984448624903734,0.025047110122785016,False,0.004789301587274953,0.3333333333333333,0.8
9,1kuu,147,shared_k32,225001,exact,True,0.8992481203007519,False,0.0074751813363758135,0.2659167159728617,0.028110986964575396,False,0.004549836507911205,0.3333333333333333,0.8
9,1kuu,147,shared_k32,225001,baseline,False,0.8859649122807017,False,0.007475077914832096,0.29856152668069846,0.025036976458210708,False,0.0047893255565087415,0.3333333333333333,0.8
9,1kuu,147,shared_k32,225001,baseline,True,0.9022556390977443,False,0.007475077914832096,0.2659144645254104,0.028110836047122167,False,0.004549859278683305,0.3333333333333333,0.8
9,1kuu,147,shared_k32,225011,exact,False,0.9280701754385964,False,0.0020937264666209265,0.09919305753528804,0.021107590779486568,False,0.004963640155149581,0.6666666666666666,1.0
9,1kuu,147,shared_k32,225011,exact,True,0.9233082706766916,False,0.0020937264666209265,0.09919305753528804,0.021107590779486568,False,0.004715458147392102,0.6666666666666666,1.0
9,1kuu,147,shared_k32,225011,baseline,False,0.9280701754385964,False,0.0020999209603483338,0.09964921448925401,0.021073131094021674,False,0.00497552166904956,0.6666666666666666,1.0
9,1kuu,147,shared_k32,225011,baseline,True,0.9233082706766916,False,0.0020999209603483338,0.09964921448925401,0.021073131094021674,False,0.004726745585597082,0.6666666666666666,1.0
9,1kuu,147,shared_k64,225001,exact,False,0.9333333333333333,False,0.004426908594990869,0.1767432878798968,0.025047110122785016,False,0.0022651854711249345,0.6666666666666666,0.8
9,1kuu,147,shared_k64,225001,exact,True,0.9428571428571428,False,0.004426908594990869,0.15747965735139516,0.028110986964575396,False,0.0021519261975686877,0.6666666666666666,0.8
9,1kuu,147,shared_k64,225001,baseline,False,0.9350877192982456,False,0.004436177599599134,0.17718503697934818,0.025036976458210708,False,0.0022652094403587237,0.6666666666666666,0.8
9,1kuu,147,shared_k64,225001,baseline,True,0.9443609022556391,False,0.004436177599599134,0.15781023346878667,0.028110836047122167,False,0.0021519489683407876,0.6666666666666666,0.8
9,1kuu,147,shared_k64,225011,exact,False,0.9631578947368421,False,0.0020937264666209265,0.09919305753528804,0.021107590779486568,False,0.002100410448771567,0.6666666666666666,1.0
9,1kuu,147,shared_k64,225011,exact,True,0.956390977443609,False,0.0020937264666209265,0.09919305753528804,0.021107590779486568,False,0.0019953899263329884,0.6666666666666666,1.0
9,1kuu,147,shared_k64,225011,baseline,False,0.9631578947368421,False,0.0020999209603483338,0.09964921448925401,0.021073131094021674,False,0.0021111193371309246,0.6666666666666666,1.0
9,1kuu,147,shared_k64,225011,baseline,True,0.956390977443609,False,0.0020999209603483338,0.09964921448925401,0.021073131094021674,False,0.002005563370274378,0.6666666666666666,1.0
9,1kuu,147,shared_kfull,225001,exact,False,0.9982456140350877,True,0.0,0.0,0.025047110122785016,False,8.268466965340537e-06,1.0,1.0
9,1kuu,147,shared_kfull,225001,exact,True,0.9984962406015038,True,0.0,0.0,0.028110986964575396,False,7.85504361707351e-06,1.0,1.0
9,1kuu,147,shared_kfull,225001,baseline,False,1.0,True,0.0,0.0,0.025036976458210708,False,0.0,1.0,1.0
9,1kuu,147,shared_kfull,225001,baseline,True,1.0,True,0.0,0.0,0.028110836047122167,False,0.0,1.0,1.0
9,1kuu,147,shared_kfull,225011,exact,False,1.0,True,0.0,0.0,0.021107590779486568,False,1.682274391397103e-05,1.0,1.0
9,1kuu,147,shared_kfull,225011,exact,True,1.0,True,0.0,0.0,0.021107590779486568,False,1.598160671827248e-05,1.0,1.0
9,1kuu,147,shared_kfull,225011,baseline,False,1.0,True,0.0,0.0,0.021073131094021674,False,0.0,1.0,1.0
9,1kuu,147,shared_kfull,225011,baseline,True,1.0,True,0.0,0.0,0.021073131094021674,False,0.0,1.0,1.0
9,1kuu,199,baseline,225001,exact,False,0.9982456140350877,True,0.0,0.0,0.06655273649496993,False,4.986678052096732e-05,1.0,1.0
9,1kuu,199,baseline,225001,exact,True,0.9984962406015038,True,0.0,0.0,0.06655273649496993,False,4.7373441494918954e-05,1.0,1.0
9,1kuu,199,baseline,225001,baseline,False,1.0,True,0.0,0.0,0.06647410932507683,False,0.0,1.0,1.0
9,1kuu,199,baseline,225001,baseline,True,1.0,True,0.0,0.0,0.06647410932507683,False,0.0,1.0,1.0
9,1kuu,199,baseline,225011,exact,False,1.0,True,0.0,0.0,0.05904701852269753,False,4.106971910440644e-05,1.0,1.0
9,1kuu,199,baseline,225011,exact,True,1.0,True,0.0,0.0,0.05904701852269753,False,3.901623314918612e-05,1.0,1.0
9,1kuu,199,baseline,225011,baseline,False,1.0,True,0.0,0.0,0.05904584401140425,False,0.0,1.0,1.0
9,1kuu,199,baseline,225011,baseline,True,1.0,True,0.0,0.0,0.05904584401140425,False,0.0,1.0,1.0
9,1kuu,199,channel_k0,225001,exact,False,0.6140350877192983,False,0.004233920269743674,0.06361752337657332,0.06655273649496993,False,0.01513733632576392,0.6666666666666666,0.6
9,1kuu,199,channel_k0,225001,exact,True,0.5488721804511278,False,0.004233920269743674,0.06361752337657332,0.06655273649496993,False,0.014380469509475724,0.6666666666666666,0.6
9,1kuu,199,channel_k0,225001,baseline,False,0.6052631578947367,False,0.004260420742758203,0.06409143027285351,0.06647410932507683,False,0.01514774597760444,0.6666666666666666,0.6
9,1kuu,199,channel_k0,225001,baseline,True,0.5413533834586466,False,0.004260420742758203,0.06409143027285351,0.06647410932507683,False,0.014390358678724218,0.6666666666666666,0.6
9,1kuu,199,channel_k0,225011,exact,False,0.08070175438596491,True,0.0,0.0,0.05904701852269753,False,0.01133579406647453,0.6666666666666666,0.6
9,1kuu,199,channel_k0,225011,exact,True,0.10075187969924812,True,0.0,0.0,0.05904701852269753,False,0.010769004363150803,0.3333333333333333,0.6
9,1kuu,199,channel_k0,225011,baseline,False,0.08070175438596491,True,0.0,0.0,0.05904584401140425,False,0.01132571165126819,0.6666666666666666,0.6
9,1kuu,199,channel_k0,225011,baseline,True,0.10075187969924812,True,0.0,0.0,0.05904584401140425,False,0.010759426068704779,0.3333333333333333,0.6
9,1kuu,199,channel_k4,225001,exact,False,0.9350877192982456,True,0.0,0.0,0.06655273649496993,False,0.006387894642536395,1.0,1.0
9,1kuu,199,channel_k4,225001,exact,True,0.9443609022556391,True,0.0,0.0,0.06655273649496993,False,0.006068499910409575,1.0,1.0
9,1kuu,199,channel_k4,225001,baseline,False,0.9333333333333333,True,0.0,0.0,0.06647410932507683,False,0.006381214438806407,1.0,1.0
9,1kuu,199,channel_k4,225001,baseline,True,0.9428571428571428,True,0.0,0.0,0.06647410932507683,False,0.006062153716866086,1.0,1.0
9,1kuu,199,channel_k4,225011,exact,False,0.9403508771929823,True,0.0,0.0,0.05904701852269753,False,0.005395497851091387,1.0,0.8
9,1kuu,199,channel_k4,225011,exact,True,0.9233082706766916,True,0.0,0.0,0.05904701852269753,False,0.005125722958536817,1.0,0.8
9,1kuu,199,channel_k4,225011,baseline,False,0.9403508771929823,True,0.0,0.0,0.05904584401140425,False,0.005408792293891108,1.0,0.8
9,1kuu,199,channel_k4,225011,baseline,True,0.9233082706766916,True,0.0,0.0,0.05904584401140425,False,0.005138352679196552,1.0,0.8
9,1kuu,199,channel_k8,225001,exact,False,0.9543859649122807,True,0.0,0.0,0.06655273649496993,False,0.003880349875201329,0.6666666666666666,0.8
9,1kuu,199,channel_k8,225001,exact,True,0.9609022556390976,True,0.0,0.0,0.06655273649496993,False,0.0036863323814412623,0.6666666666666666,0.8
9,1kuu,199,channel_k8,225001,baseline,False,0.9614035087719298,True,0.0,0.0,0.06647410932507683,False,0.0038732738976362943,0.6666666666666666,0.8
9,1kuu,199,channel_k8,225001,baseline,True,0.9669172932330825,True,0.0,0.0,0.06647410932507683,False,0.0036796102027544797,0.6666666666666666,0.8
9,1kuu,199,channel_k8,225011,exact,False,0.956140350877193,True,0.0,0.0,0.05904701852269753,False,0.004075906064306256,1.0,1.0
9,1kuu,199,channel_k8,225011,exact,True,0.9428571428571428,True,0.0,0.0,0.05904701852269753,False,0.003872110761090944,1.0,1.0
9,1kuu,199,channel_k8,225011,baseline,False,0.956140350877193,True,0.0,0.0,0.05904584401140425,False,0.004092248875240921,1.0,1.0
9,1kuu,199,channel_k8,225011,baseline,True,0.9428571428571428,True,0.0,0.0,0.05904584401140425,False,0.0038876364314788746,1.0,1.0
9,1kuu,199,channel_k16,225001,exact,False,0.9684210526315788,True,0.0,0.0,0.06655273649496993,False,0.0027726513410557116,1.0,1.0
9,1kuu,199,channel_k16,225001,exact,True,0.9729323308270676,True,0.0,0.0,0.06655273649496993,False,0.002634018774002926,1.0,1.0
9,1kuu,199,channel_k16,225001,baseline,False,0.975438596491228,True,0.0,0.0,0.06647410932507683,False,0.0027437849929579693,1.0,1.0
9,1kuu,199,channel_k16,225001,baseline,True,0.9789473684210527,True,0.0,0.0,0.06647410932507683,False,0.002606595743310071,1.0,1.0
9,1kuu,199,channel_k16,225011,exact,False,0.9859649122807018,True,0.0,0.0,0.05904701852269753,False,0.0028647538976788955,1.0,1.0
9,1kuu,199,channel_k16,225011,exact,True,0.9789473684210527,True,0.0,0.0,0.05904701852269753,False,0.0027215162027949503,1.0,1.0
9,1kuu,199,channel_k16,225011,baseline,False,0.9859649122807018,True,0.0,0.0,0.05904584401140425,False,0.0028810967086135594,1.0,1.0
9,1kuu,199,channel_k16,225011,baseline,True,0.9789473684210527,True,0.0,0.0,0.05904584401140425,False,0.0027370418731828814,1.0,1.0
9,1kuu,199,channel_k32,225001,exact,False,0.9947368421052631,True,0.0,0.0,0.06655273649496993,False,0.001482219723430435,1.0,0.8
9,1kuu,199,channel_k32,225001,exact,True,0.9954887218045112,True,0.0,0.0,0.06655273649496993,False,0.0014081087372589131,1.0,0.8
9,1kuu,199,channel_k32,225001,baseline,False,0.9964912280701754,True,0.0,0.0,0.06647410932507683,False,0.0014533533753326926,1.0,0.8
9,1kuu,199,channel_k32,225001,baseline,True,0.9969924812030074,True,0.0,0.0,0.06647410932507683,False,0.001380685706566058,1.0,0.8
9,1kuu,199,channel_k32,225011,exact,False,0.9912280701754386,True,0.0,0.0,0.05904701852269753,False,0.0014741689862102327,1.0,1.0
9,1kuu,199,channel_k32,225011,exact,True,0.9909774436090225,True,0.0,0.0,0.05904701852269753,False,0.0014004605368997212,1.0,1.0
9,1kuu,199,channel_k32,225011,baseline,False,0.9912280701754386,True,0.0,0.0,0.05904584401140425,False,0.0014905117971448969,1.0,1.0
9,1kuu,199,channel_k32,225011,baseline,True,0.9909774436090225,True,0.0,0.0,0.05904584401140425,False,0.001415986207287652,1.0,1.0
9,1kuu,199,channel_k64,225001,exact,False,0.9982456140350877,True,0.0,0.0,0.06655273649496993,False,0.0004716937311457386,1.0,1.0
9,1kuu,199,channel_k64,225001,exact,True,0.9984962406015038,True,0.0,0.0,0.06655273649496993,False,0.00044810904458845167,1.0,1.0
9,1kuu,199,channel_k64,225001,baseline,False,1.0,True,0.0,0.0,0.06647410932507683,False,0.00044464106499597644,1.0,1.0
9,1kuu,199,channel_k64,225001,baseline,True,1.0,True,0.0,0.0,0.06647410932507683,False,0.0004224090117461776,1.0,1.0
9,1kuu,199,channel_k64,225011,exact,False,0.9982456140350877,True,0.0,0.0,0.05904701852269753,False,0.0003994898960228991,1.0,1.0
9,1kuu,199,channel_k64,225011,exact,True,0.9984962406015038,True,0.0,0.0,0.05904701852269753,False,0.00037951540122175415,1.0,1.0
9,1kuu,199,channel_k64,225011,baseline,False,0.9982456140350877,True,0.0,0.0,0.05904584401140425,False,0.0004176813741245254,1.0,1.0
9,1kuu,199,channel_k64,225011,baseline,True,0.9984962406015038,True,0.0,0.0,0.05904584401140425,False,0.0003967973054182991,1.0,1.0
9,1kuu,199,channel_kfull,225001,exact,False,0.9982456140350877,True,0.0,0.0,0.06655273649496993,False,4.9867673018167735e-05,1.0,1.0
9,1kuu,199,channel_kfull,225001,exact,True,0.9984962406015038,True,0.0,0.0,0.06655273649496993,False,4.7374289367259345e-05,1.0,1.0
9,1kuu,199,channel_kfull,225001,baseline,False,1.0,True,0.0,0.0,0.06647410932507683,False,8.92497200413295e-10,1.0,1.0
9,1kuu,199,channel_kfull,225001,baseline,True,1.0,True,0.0,0.0,0.06647410932507683,False,8.478723403926302e-10,1.0,1.0
9,1kuu,199,channel_kfull,225011,exact,False,1.0,True,0.0,0.0,0.05904701852269753,False,4.1068815398388526e-05,1.0,1.0
9,1kuu,199,channel_kfull,225011,exact,True,1.0,True,0.0,0.0,0.05904701852269753,False,3.90153746284691e-05,1.0,1.0
9,1kuu,199,channel_kfull,225011,baseline,False,1.0,True,0.0,0.0,0.05904584401140425,False,9.037060179131897e-10,1.0,1.0
9,1kuu,199,channel_kfull,225011,baseline,True,1.0,True,0.0,0.0,0.05904584401140425,False,8.585207170175301e-10,1.0,1.0
9,1kuu,199,shared_k0,225001,exact,False,0.6140350877192983,False,0.004233920269743674,0.06361752337657332,0.06655273649496993,False,0.01513733632576392,0.6666666666666666,0.6
9,1kuu,199,shared_k0,225001,exact,True,0.5488721804511278,False,0.004233920269743674,0.06361752337657332,0.06655273649496993,False,0.014380469509475724,0.6666666666666666,0.6
9,1kuu,199,shared_k0,225001,baseline,False,0.6052631578947367,False,0.004260420742758203,0.06409143027285351,0.06647410932507683,False,0.01514774597760444,0.6666666666666666,0.6
9,1kuu,199,shared_k0,225001,baseline,True,0.5413533834586466,False,0.004260420742758203,0.06409143027285351,0.06647410932507683,False,0.014390358678724218,0.6666666666666666,0.6
9,1kuu,199,shared_k0,225011,exact,False,0.08070175438596491,True,0.0,0.0,0.05904701852269753,False,0.01133579406647453,0.6666666666666666,0.6
9,1kuu,199,shared_k0,225011,exact,True,0.10075187969924812,True,0.0,0.0,0.05904701852269753,False,0.010769004363150803,0.3333333333333333,0.6
9,1kuu,199,shared_k0,225011,baseline,False,0.08070175438596491,True,0.0,0.0,0.05904584401140425,False,0.01132571165126819,0.6666666666666666,0.6
9,1kuu,199,shared_k0,225011,baseline,True,0.10075187969924812,True,0.0,0.0,0.05904584401140425,False,0.010759426068704779,0.3333333333333333,0.6
9,1kuu,199,shared_k4,225001,exact,False,0.41578947368421054,False,0.01726969539638981,0.25948888514441565,0.06655273649496993,False,0.01204934243064733,0.3333333333333333,0.6
9,1kuu,199,shared_k4,225001,exact,True,0.47518796992481205,False,0.01726969539638981,0.25948888514441565,0.06655273649496993,False,0.011446875309114963,0.3333333333333333,0.6
9,1kuu,199,shared_k4,225001,baseline,False,0.419298245614035,False,0.017250788945164713,0.2595113965469409,0.06647410932507683,False,0.012055246101161585,0.3333333333333333,0.6
9,1kuu,199,shared_k4,225001,baseline,True,0.4781954887218045,False,0.017250788945164713,0.2595113965469409,0.06647410932507683,False,0.011452483796103505,0.3333333333333333,0.6
9,1kuu,199,shared_k4,225011,exact,False,0.4385964912280701,False,0.01718460446832973,0.29103255165583014,0.05904701852269753,False,0.010615854978929412,0.3333333333333333,0.2
9,1kuu,199,shared_k4,225011,exact,True,0.4330827067669173,False,0.01718460446832973,0.29103255165583014,0.05904701852269753,False,0.010085062229982943,0.3333333333333333,0.2
9,1kuu,199,shared_k4,225011,baseline,False,0.4385964912280701,False,0.01718911152000993,0.29111467212984515,0.05904584401140425,False,0.01064645264243733,0.3333333333333333,0.2
9,1kuu,199,shared_k4,225011,baseline,True,0.4330827067669173,False,0.01718911152000993,0.29111467212984515,0.05904584401140425,False,0.010114130010315463,0.3333333333333333,0.2
9,1kuu,199,shared_k8,225001,exact,False,0.8596491228070176,False,0.004233920269743674,0.06361752337657332,0.06655273649496993,False,0.00951962156536272,1.0,0.8
9,1kuu,199,shared_k8,225001,exact,True,0.875187969924812,False,0.004233920269743674,0.06361752337657332,0.06655273649496993,False,0.009043640487094586,1.0,0.8
9,1kuu,199,shared_k8,225001,baseline,False,0.8614035087719297,False,0.004260420742758203,0.06409143027285351,0.06647410932507683,False,0.009512949447439842,1.0,0.8
9,1kuu,199,shared_k8,225001,baseline,True,0.8766917293233082,False,0.004260420742758203,0.06409143027285351,0.06647410932507683,False,0.00903730197506785,1.0,0.8
9,1kuu,199,shared_k8,225011,exact,False,0.7982456140350876,True,0.0,0.0,0.05904701852269753,False,0.008205710445165644,1.0,0.6
9,1kuu,199,shared_k8,225011,exact,True,0.7924812030075187,True,0.0,0.0,0.05904701852269753,False,0.007795424922907361,1.0,0.6
9,1kuu,199,shared_k8,225011,baseline,False,0.7982456140350876,True,0.0,0.0,0.05904584401140425,False,0.008237855543707068,1.0,0.6
9,1kuu,199,shared_k8,225011,baseline,True,0.7924812030075187,True,0.0,0.0,0.05904584401140425,False,0.007825962766521715,1.0,0.6
9,1kuu,199,shared_k16,225001,exact,False,0.9245614035087718,True,0.0,0.0,0.06655273649496993,False,0.00636793755197296,1.0,1.0
9,1kuu,199,shared_k16,225001,exact,True,0.9353383458646616,True,0.0,0.0,0.06655273649496993,False,0.006049540674374312,1.0,1.0
9,1kuu,199,shared_k16,225001,baseline,False,0.9263157894736841,True,0.0,0.0,0.06647410932507683,False,0.006360431944016909,1.0,1.0
9,1kuu,199,shared_k16,225001,baseline,True,0.9368421052631578,True,0.0,0.0,0.06647410932507683,False,0.006042410346816063,1.0,1.0
9,1kuu,199,shared_k16,225011,exact,False,0.9245614035087718,True,0.0,0.0,0.05904701852269753,False,0.00588550039860711,1.0,0.8
9,1kuu,199,shared_k16,225011,exact,True,0.9082706766917292,True,0.0,0.0,0.05904701852269753,False,0.005591225378676755,1.0,0.8
9,1kuu,199,shared_k16,225011,baseline,False,0.9245614035087718,True,0.0,0.0,0.05904584401140425,False,0.0059178475475701485,1.0,0.8
9,1kuu,199,shared_k16,225011,baseline,True,0.9082706766917292,True,0.0,0.0,0.05904584401140425,False,0.005621955170191641,1.0,0.8
9,1kuu,199,shared_k32,225001,exact,False,0.9350877192982456,True,0.0,0.0,0.06655273649496993,False,0.003952446918384228,1.0,0.8
9,1kuu,199,shared_k32,225001,exact,True,0.9443609022556391,True,0.0,0.0,0.06655273649496993,False,0.0037548245724650167,1.0,0.8
9,1kuu,199,shared_k32,225001,baseline,False,0.9403508771929823,True,0.0,0.0,0.06647410932507683,False,0.003940316356865216,1.0,0.8
9,1kuu,199,shared_k32,225001,baseline,True,0.9488721804511278,True,0.0,0.0,0.06647410932507683,False,0.0037433005390219557,1.0,0.8
9,1kuu,199,shared_k32,225011,exact,False,0.9456140350877192,True,0.0,0.0,0.05904701852269753,False,0.004220338099090068,1.0,0.8
9,1kuu,199,shared_k32,225011,exact,True,0.9308270676691727,True,0.0,0.0,0.05904701852269753,False,0.004009321194135565,1.0,0.8
9,1kuu,199,shared_k32,225011,baseline,False,0.9456140350877192,True,0.0,0.0,0.05904584401140425,False,0.004236680910024732,1.0,0.8
9,1kuu,199,shared_k32,225011,baseline,True,0.9308270676691727,True,0.0,0.0,0.05904584401140425,False,0.004024846864523496,1.0,0.8
9,1kuu,199,shared_k64,225001,exact,False,0.9859649122807018,True,0.0,0.0,0.06655273649496993,False,0.0022662593954472497,1.0,0.8
9,1kuu,199,shared_k64,225001,exact,True,0.9879699248120299,True,0.0,0.0,0.06655273649496993,False,0.002152946425674887,1.0,0.8
9,1kuu,199,shared_k64,225001,baseline,False,0.9894736842105263,True,0.0,0.0,0.06647410932507683,False,0.002241513255313319,1.0,0.8
9,1kuu,199,shared_k64,225001,baseline,True,0.9909774436090225,True,0.0,0.0,0.06647410932507683,False,0.0021294375925476534,1.0,0.8
9,1kuu,199,shared_k64,225011,exact,False,0.9894736842105263,True,0.0,0.0,0.05904701852269753,False,0.002382931498788901,1.0,1.0
9,1kuu,199,shared_k64,225011,exact,True,0.9819548872180449,True,0.0,0.0,0.05904701852269753,False,0.0022637849238494557,1.0,1.0
9,1kuu,199,shared_k64,225011,baseline,False,0.9894736842105263,True,0.0,0.0,0.05904584401140425,False,0.0023991536681440082,1.0,1.0
9,1kuu,199,shared_k64,225011,baseline,True,0.9819548872180449,True,0.0,0.0,0.05904584401140425,False,0.002279195984736808,1.0,1.0
9,1kuu,199,shared_kfull,225001,exact,False,0.9982456140350877,True,0.0,0.0,0.06655273649496993,False,4.986678052096732e-05,1.0,1.0
9,1kuu,199,shared_kfull,225001,exact,True,0.9984962406015038,True,0.0,0.0,0.06655273649496993,False,4.7373441494918954e-05,1.0,1.0
9,1kuu,199,shared_kfull,225001,baseline,False,1.0,True,0.0,0.0,0.06647410932507683,False,0.0,1.0,1.0
9,1kuu,199,shared_kfull,225001,baseline,True,1.0,True,0.0,0.0,0.06647410932507683,False,0.0,1.0,1.0
9,1kuu,199,shared_kfull,225011,exact,False,1.0,True,0.0,0.0,0.05904701852269753,False,4.106971910440644e-05,1.0,1.0
9,1kuu,199,shared_kfull,225011,exact,True,1.0,True,0.0,0.0,0.05904701852269753,False,3.901623314918612e-05,1.0,1.0
9,1kuu,199,shared_kfull,225011,baseline,False,1.0,True,0.0,0.0,0.05904584401140425,False,0.0,1.0,1.0
9,1kuu,199,shared_kfull,225011,baseline,True,1.0,True,0.0,0.0,0.05904584401140425,False,0.0,1.0,1.0
9,1kuu,83,baseline,225001,exact,False,1.0,True,0.0,0.0,0.0391566633125687,False,1.9284592030367242e-05,1.0,1.0
9,1kuu,83,baseline,225001,exact,True,1.0,True,0.0,0.0,0.0391566633125687,False,1.832036242884888e-05,1.0,1.0
9,1kuu,83,baseline,225001,baseline,False,1.0,True,0.0,0.0,0.0391865148126333,False,0.0,1.0,1.0
9,1kuu,83,baseline,225001,baseline,True,1.0,True,0.0,0.0,0.0391865148126333,False,0.0,1.0,1.0
9,1kuu,83,baseline,225011,exact,False,1.0,True,0.0,0.0,0.02720811205945839,False,1.7098307140129598e-05,1.0,1.0
9,1kuu,83,baseline,225011,exact,True,1.0,True,0.0,0.0,0.02720811205945839,False,1.624339178312312e-05,1.0,1.0
9,1kuu,83,baseline,225011,baseline,False,1.0,True,0.0,0.0,0.027223598861013498,False,0.0,1.0,1.0
9,1kuu,83,baseline,225011,baseline,True,1.0,True,0.0,0.0,0.027223598861013498,False,0.0,1.0,1.0
9,1kuu,83,channel_k0,225001,exact,False,-0.07017543859649124,False,0.01303281595982339,0.3328377562661232,0.0391566633125687,False,0.019273589660505987,0.0,0.0
9,1kuu,83,channel_k0,225001,exact,True,-0.09774436090225563,False,0.01303281595982339,0.3328377562661232,0.0391566633125687,False,0.01830991017748069,0.0,0.0
9,1kuu,83,channel_k0,225001,baseline,False,-0.07017543859649124,False,0.01301776535700222,0.33220013107175933,0.0391865148126333,False,0.01926961033589432,0.0,0.0
9,1kuu,83,channel_k0,225001,baseline,True,-0.09774436090225563,False,0.01301776535700222,0.33220013107175933,0.0391865148126333,False,0.018306129819099605,0.0,0.0
9,1kuu,83,channel_k0,225011,exact,False,0.19824561403508772,False,0.008686500286730181,0.31926141246946543,0.02720811205945839,False,0.008767894110630538,0.0,0.2
9,1kuu,83,channel_k0,225011,exact,True,0.24060150375939846,False,0.008686500286730181,0.31926141246946543,0.02720811205945839,False,0.00832949940509901,0.0,0.2
9,1kuu,83,channel_k0,225011,baseline,False,0.19824561403508772,False,0.00869793580326711,0.31949985186283697,0.027223598861013498,False,0.008765580730140865,0.0,0.2
9,1kuu,83,channel_k0,225011,baseline,True,0.24060150375939846,False,0.00869793580326711,0.31949985186283697,0.027223598861013498,False,0.008327301693633823,0.0,0.2
9,1kuu,83,channel_k4,225001,exact,False,0.8105263157894737,True,0.0,0.0,0.0391566633125687,False,0.0036070664295844083,0.6666666666666666,0.8
9,1kuu,83,channel_k4,225001,exact,True,0.8360902255639097,True,0.0,0.0,0.0391566633125687,False,0.003426713108105188,0.6666666666666666,0.8
9,1kuu,83,channel_k4,225001,baseline,False,0.8105263157894737,True,0.0,0.0,0.0391865148126333,False,0.003608712047407469,0.6666666666666666,0.8
9,1kuu,83,channel_k4,225001,baseline,True,0.8360902255639097,True,0.0,0.0,0.0391865148126333,False,0.003428276445037096,0.6666666666666666,0.8
9,1kuu,83,channel_k4,225011,exact,False,0.8175438596491227,True,0.0,0.0,0.02720811205945839,False,0.0035053517624879294,0.6666666666666666,0.6
9,1kuu,83,channel_k4,225011,exact,True,0.8421052631578947,True,0.0,0.0,0.02720811205945839,False,0.0033300841743635332,0.6666666666666666,0.6
9,1kuu,83,channel_k4,225011,baseline,False,0.8175438596491227,True,0.0,0.0,0.027223598861013498,False,0.0035091001646435287,0.6666666666666666,0.6
9,1kuu,83,channel_k4,225011,baseline,True,0.8421052631578947,True,0.0,0.0,0.027223598861013498,False,0.0033336451564113523,0.6666666666666666,0.6
9,1kuu,83,channel_k8,225001,exact,False,0.8859649122807017,True,0.0,0.0,0.0391566633125687,False,0.0025184412999391657,0.6666666666666666,1.0
9,1kuu,83,channel_k8,225001,exact,True,0.900751879699248,True,0.0,0.0,0.0391566633125687,False,0.0023925192349422073,0.6666666666666666,1.0
9,1kuu,83,channel_k8,225001,baseline,False,0.8859649122807017,True,0.0,0.0,0.0391865148126333,False,0.0025195365378778687,0.6666666666666666,1.0
9,1kuu,83,channel_k8,225001,baseline,True,0.900751879699248,True,0.0,0.0,0.0391865148126333,False,0.0023935597109839752,0.6666666666666666,1.0
9,1kuu,83,channel_k8,225011,exact,False,0.8228070175438595,False,0.0018320698311185823,0.06733542654907207,0.02720811205945839,False,0.0036855505267535393,0.6666666666666666,0.8
9,1kuu,83,channel_k8,225011,exact,True,0.8466165413533834,False,0.0018320698311185823,0.06733542654907207,0.02720811205945839,False,0.0035012730004158623,0.6666666666666666,0.8
9,1kuu,83,channel_k8,225011,baseline,False,0.8228070175438595,False,0.0018326977950943457,0.0673201880637069,0.027223598861013498,False,0.003690503977549632,0.6666666666666666,0.8
9,1kuu,83,channel_k8,225011,baseline,True,0.8466165413533834,False,0.0018326977950943457,0.0673201880637069,0.027223598861013498,False,0.00350597877867215,0.6666666666666666,0.8
9,1kuu,83,channel_k16,225001,exact,False,0.943859649122807,True,0.0,0.0,0.0391566633125687,False,0.001800762504872845,0.6666666666666666,1.0
9,1kuu,83,channel_k16,225001,exact,True,0.9503759398496241,True,0.0,0.0,0.0391566633125687,False,0.0017107243796292027,0.6666666666666666,1.0
9,1kuu,83,channel_k16,225001,baseline,False,0.943859649122807,True,0.0,0.0,0.0391865148126333,False,0.0018066797128090688,0.6666666666666666,1.0
9,1kuu,83,channel_k16,225001,baseline,True,0.9503759398496241,True,0.0,0.0,0.0391865148126333,False,0.0017163457271686152,0.6666666666666666,1.0
9,1kuu,83,channel_k16,225011,exact,False,0.882456140350877,False,0.0018320698311185823,0.06733542654907207,0.02720811205945839,False,0.0028755558481772642,0.6666666666666666,0.8
9,1kuu,83,channel_k16,225011,exact,True,0.8992481203007519,False,0.0018320698311185823,0.06733542654907207,0.02720811205945839,False,0.002731778055768401,0.6666666666666666,0.8
9,1kuu,83,channel_k16,225011,baseline,False,0.882456140350877,False,0.0018326977950943457,0.0673201880637069,0.027223598861013498,False,0.0028830073632358844,0.6666666666666666,0.8
9,1kuu,83,channel_k16,225011,baseline,True,0.8992481203007519,False,0.0018326977950943457,0.0673201880637069,0.027223598861013498,False,0.0027388569950740904,0.6666666666666666,0.8
9,1kuu,83,channel_k32,225001,exact,False,0.987719298245614,True,0.0,0.0,0.0391566633125687,False,0.0007624562858090451,1.0,1.0
9,1kuu,83,channel_k32,225001,exact,True,0.9894736842105262,True,0.0,0.0,0.0391566633125687,False,0.0007243334715185928,1.0,1.0
9,1kuu,83,channel_k32,225001,baseline,False,0.987719298245614,True,0.0,0.0,0.0391865148126333,False,0.0007710058013640118,1.0,1.0
9,1kuu,83,channel_k32,225001,baseline,True,0.9894736842105262,True,0.0,0.0,0.0391865148126333,False,0.0007324555112958112,1.0,1.0
9,1kuu,83,channel_k32,225011,exact,False,0.9719298245614034,True,0.0,0.0,0.02720811205945839,False,0.0015533292924926538,0.6666666666666666,0.8
9,1kuu,83,channel_k32,225011,exact,True,0.9759398496240601,True,0.0,0.0,0.02720811205945839,False,0.001475662827868021,0.6666666666666666,0.8
9,1kuu,83,channel_k32,225011,baseline,False,0.9719298245614034,True,0.0,0.0,0.027223598861013498,False,0.0015607808075512742,0.6666666666666666,0.8
9,1kuu,83,channel_k32,225011,baseline,True,0.9759398496240601,True,0.0,0.0,0.027223598861013498,False,0.0014827417671737105,0.6666666666666666,0.8
9,1kuu,83,channel_k64,225001,exact,False,0.9912280701754386,True,0.0,0.0,0.0391566633125687,False,0.0004979449007741952,1.0,1.0
9,1kuu,83,channel_k64,225001,exact,True,0.9924812030075187,True,0.0,0.0,0.0391566633125687,False,0.00047304765573548543,1.0,1.0
9,1kuu,83,channel_k64,225001,baseline,False,0.9912280701754386,True,0.0,0.0,0.0391865148126333,False,0.0005070947259724783,1.0,1.0
9,1kuu,83,channel_k64,225001,baseline,True,0.9924812030075187,True,0.0,0.0,0.0391865148126333,False,0.00048173998967385444,1.0,1.0
9,1kuu,83,channel_k64,225011,exact,False,0.9947368421052631,True,0.0,0.0,0.02720811205945839,False,0.0006682613473182958,0.6666666666666666,1.0
9,1kuu,83,channel_k64,225011,exact,True,0.9954887218045112,True,0.0,0.0,0.02720811205945839,False,0.0006348482799523811,0.6666666666666666,1.0
9,1kuu,83,channel_k64,225011,baseline,False,0.9947368421052631,True,0.0,0.0,0.027223598861013498,False,0.0006757128623769163,0.6666666666666666,1.0
9,1kuu,83,channel_k64,225011,baseline,True,0.9954887218045112,True,0.0,0.0,0.027223598861013498,False,0.0006419272192580705,0.6666666666666666,1.0
9,1kuu,83,channel_kfull,225001,exact,False,1.0,True,0.0,0.0,0.0391566633125687,False,1.9284592030367242e-05,1.0,1.0
9,1kuu,83,channel_kfull,225001,exact,True,1.0,True,0.0,0.0,0.0391566633125687,False,1.832036242884888e-05,1.0,1.0
9,1kuu,83,channel_kfull,225001,baseline,False,1.0,True,0.0,0.0,0.0391865148126333,False,0.0,1.0,1.0
9,1kuu,83,channel_kfull,225001,baseline,True,1.0,True,0.0,0.0,0.0391865148126333,False,0.0,1.0,1.0
9,1kuu,83,channel_kfull,225011,exact,False,1.0,True,0.0,0.0,0.02720811205945839,False,1.7098307140129598e-05,1.0,1.0
9,1kuu,83,channel_kfull,225011,exact,True,1.0,True,0.0,0.0,0.02720811205945839,False,1.624339178312312e-05,1.0,1.0
9,1kuu,83,channel_kfull,225011,baseline,False,1.0,True,0.0,0.0,0.027223598861013498,False,0.0,1.0,1.0
9,1kuu,83,channel_kfull,225011,baseline,True,1.0,True,0.0,0.0,0.027223598861013498,False,0.0,1.0,1.0
9,1kuu,83,shared_k0,225001,exact,False,-0.07017543859649124,False,0.01303281595982339,0.3328377562661232,0.0391566633125687,False,0.019273589660505987,0.0,0.0
9,1kuu,83,shared_k0,225001,exact,True,-0.09774436090225563,False,0.01303281595982339,0.3328377562661232,0.0391566633125687,False,0.01830991017748069,0.0,0.0
9,1kuu,83,shared_k0,225001,baseline,False,-0.07017543859649124,False,0.01301776535700222,0.33220013107175933,0.0391865148126333,False,0.01926961033589432,0.0,0.0
9,1kuu,83,shared_k0,225001,baseline,True,-0.09774436090225563,False,0.01301776535700222,0.33220013107175933,0.0391865148126333,False,0.018306129819099605,0.0,0.0
9,1kuu,83,shared_k0,225011,exact,False,0.19824561403508772,False,0.008686500286730181,0.31926141246946543,0.02720811205945839,False,0.008767894110630538,0.0,0.2
9,1kuu,83,shared_k0,225011,exact,True,0.24060150375939846,False,0.008686500286730181,0.31926141246946543,0.02720811205945839,False,0.00832949940509901,0.0,0.2
9,1kuu,83,shared_k0,225011,baseline,False,0.19824561403508772,False,0.00869793580326711,0.31949985186283697,0.027223598861013498,False,0.008765580730140865,0.0,0.2
9,1kuu,83,shared_k0,225011,baseline,True,0.24060150375939846,False,0.00869793580326711,0.31949985186283697,0.027223598861013498,False,0.008327301693633823,0.0,0.2
9,1kuu,83,shared_k4,225001,exact,False,-0.28947368421052627,False,0.020566303623893223,0.5252312603789135,0.0391566633125687,False,0.007499685128956429,0.0,0.0
9,1kuu,83,shared_k4,225001,exact,True,-0.12180451127819547,False,0.020566303623893223,0.5252312603789135,0.0391566633125687,False,0.007124700872508607,0.0,0.0
9,1kuu,83,shared_k4,225001,baseline,False,-0.28947368421052627,False,0.020591926414015332,0.5254850172941821,0.0391865148126333,False,0.007500331183840865,0.0,0.0
9,1kuu,83,shared_k4,225001,baseline,True,-0.12180451127819547,False,0.020591926414015332,0.5254850172941821,0.0391865148126333,False,0.007125314624648822,0.0,0.0
9,1kuu,83,shared_k4,225011,exact,False,-0.11929824561403508,False,0.011054443919990886,0.40629220784718195,0.02720811205945839,False,0.004662627282310865,0.0,0.0
9,1kuu,83,shared_k4,225011,exact,True,0.025563909774436087,False,0.011054443919990886,0.40629220784718195,0.02720811205945839,False,0.004429495918195321,0.0,0.0
9,1kuu,83,shared_k4,225011,baseline,False,-0.11929824561403508,False,0.0110242617809172,0.4049524031411173,0.027223598861013498,False,0.00466449129926072,0.0,0.0
9,1kuu,83,shared_k4,225011,baseline,True,0.025563909774436087,False,0.0110242617809172,0.4049524031411173,0.027223598861013498,False,0.004431266734297684,0.0,0.0
9,1kuu,83,shared_k8,225001,exact,False,0.368421052631579,False,0.01303281595982339,0.3328377562661232,0.0391566633125687,False,0.0050108588013445645,0.0,0.4
9,1kuu,83,shared_k8,225001,exact,True,0.45714285714285713,False,0.01303281595982339,0.3328377562661232,0.0391566633125687,False,0.004760315861277337,0.0,0.4
9,1kuu,83,shared_k8,225001,baseline,False,0.368421052631579,False,0.01301776535700222,0.33220013107175933,0.0391865148126333,False,0.005013213950774649,0.0,0.4
9,1kuu,83,shared_k8,225001,baseline,True,0.45714285714285713,False,0.01301776535700222,0.33220013107175933,0.0391865148126333,False,0.004762553253235917,0.0,0.4
9,1kuu,83,shared_k8,225011,exact,False,0.443859649122807,False,0.0017930812284702724,0.06590244940743477,0.02720811205945839,False,0.004638921605259914,0.3333333333333333,0.2
9,1kuu,83,shared_k8,225011,exact,True,0.5172932330827067,False,0.0017930812284702724,0.06590244940743477,0.02720811205945839,False,0.004406975524996919,0.3333333333333333,0.2
9,1kuu,83,shared_k8,225011,baseline,False,0.443859649122807,False,0.0017311890509621453,0.06359148398418972,0.027223598861013498,False,0.004642670007415513,0.3333333333333333,0.2
9,1kuu,83,shared_k8,225011,baseline,True,0.5172932330827067,False,0.0017311890509621453,0.06359148398418972,0.027223598861013498,False,0.004410536507044737,0.3333333333333333,0.2
9,1kuu,83,shared_k16,225001,exact,False,0.8964912280701753,True,0.0,0.0,0.0391566633125687,False,0.003381100622286184,0.3333333333333333,1.0
9,1kuu,83,shared_k16,225001,exact,True,0.9097744360902256,True,0.0,0.0,0.0391566633125687,False,0.0032120455911718747,0.3333333333333333,1.0
9,1kuu,83,shared_k16,225001,baseline,False,0.8964912280701753,True,0.0,0.0,0.0391865148126333,False,0.003382195860224887,0.3333333333333333,1.0
9,1kuu,83,shared_k16,225001,baseline,True,0.9097744360902256,True,0.0,0.0,0.0391865148126333,False,0.0032130860672136426,0.3333333333333333,1.0
9,1kuu,83,shared_k16,225011,exact,False,0.7473684210526316,False,0.0017930812284702724,0.06590244940743477,0.02720811205945839,False,0.0050366588358468295,0.3333333333333333,0.8
9,1kuu,83,shared_k16,225011,exact,True,0.7819548872180451,False,0.0017930812284702724,0.06590244940743477,0.02720811205945839,False,0.004784825894054488,0.3333333333333333,0.8
9,1kuu,83,shared_k16,225011,baseline,False,0.7473684210526316,False,0.0017311890509621453,0.06359148398418972,0.027223598861013498,False,0.005041559046497834,0.3333333333333333,0.8
9,1kuu,83,shared_k16,225011,baseline,True,0.7819548872180451,False,0.0017311890509621453,0.06359148398418972,0.027223598861013498,False,0.004789481094172943,0.3333333333333333,0.8
9,1kuu,83,shared_k32,225001,exact,False,0.8842105263157896,True,0.0,0.0,0.0391566633125687,False,0.0030640855057310814,0.6666666666666666,1.0
9,1kuu,83,shared_k32,225001,exact,True,0.8992481203007519,True,0.0,0.0,0.0391566633125687,False,0.0029108812304445273,0.6666666666666666,1.0
9,1kuu,83,shared_k32,225001,baseline,False,0.8842105263157896,True,0.0,0.0,0.0391865148126333,False,0.003070002713667305,0.6666666666666666,1.0
9,1kuu,83,shared_k32,225001,baseline,True,0.8992481203007519,True,0.0,0.0,0.0391865148126333,False,0.00291650257798394,0.6666666666666666,1.0
9,1kuu,83,shared_k32,225011,exact,False,0.787719298245614,False,0.0018320698311185823,0.06733542654907207,0.02720811205945839,False,0.005234799127457615,0.6666666666666666,0.8
9,1kuu,83,shared_k32,225011,exact,True,0.8165413533834586,False,0.0018320698311185823,0.06733542654907207,0.02720811205945839,False,0.004973059171084734,0.6666666666666666,0.8
9,1kuu,83,shared_k32,225011,baseline,False,0.787719298245614,False,0.0018326977950943457,0.0673201880637069,0.027223598861013498,False,0.005242250642516236,0.6666666666666666,0.8
9,1kuu,83,shared_k32,225011,baseline,True,0.8165413533834586,False,0.0018326977950943457,0.0673201880637069,0.027223598861013498,False,0.004980138110390424,0.6666666666666666,0.8
9,1kuu,83,shared_k64,225001,exact,False,0.9508771929824561,True,0.0,0.0,0.0391566633125687,False,0.0024655111811193687,1.0,0.8
9,1kuu,83,shared_k64,225001,exact,True,0.956390977443609,True,0.0,0.0,0.0391566633125687,False,0.0023422356220634,1.0,0.8
9,1kuu,83,shared_k64,225001,baseline,False,0.9508771929824561,True,0.0,0.0,0.0391865148126333,False,0.002474661006317652,1.0,0.8
9,1kuu,83,shared_k64,225001,baseline,True,0.956390977443609,True,0.0,0.0,0.0391865148126333,False,0.002350927956001769,1.0,0.8
9,1kuu,83,shared_k64,225011,exact,False,0.9210526315789472,True,0.0,0.0,0.02720811205945839,False,0.00392596007531405,0.6666666666666666,1.0
9,1kuu,83,shared_k64,225011,exact,True,0.932330827067669,True,0.0,0.0,0.02720811205945839,False,0.003729662071548348,0.6666666666666666,1.0
9,1kuu,83,shared_k64,225011,baseline,False,0.9210526315789472,True,0.0,0.0,0.027223598861013498,False,0.003933411590372671,0.6666666666666666,1.0
9,1kuu,83,shared_k64,225011,baseline,True,0.932330827067669,True,0.0,0.0,0.027223598861013498,False,0.0037367410108540373,0.6666666666666666,1.0
9,1kuu,83,shared_kfull,225001,exact,False,1.0,True,0.0,0.0,0.0391566633125687,False,1.9284592030367242e-05,1.0,1.0
9,1kuu,83,shared_kfull,225001,exact,True,1.0,True,0.0,0.0,0.0391566633125687,False,1.832036242884888e-05,1.0,1.0
9,1kuu,83,shared_kfull,225001,baseline,False,1.0,True,0.0,0.0,0.0391865148126333,False,0.0,1.0,1.0
9,1kuu,83,shared_kfull,225001,baseline,True,1.0,True,0.0,0.0,0.0391865148126333,False,0.0,1.0,1.0
9,1kuu,83,shared_kfull,225011,exact,False,1.0,True,0.0,0.0,0.02720811205945839,False,1.7098307140129598e-05,1.0,1.0
9,1kuu,83,shared_kfull,225011,exact,True,1.0,True,0.0,0.0,0.02720811205945839,False,1.624339178312312e-05,1.0,1.0
9,1kuu,83,shared_kfull,225011,baseline,False,1.0,True,0.0,0.0,0.027223598861013498,False,0.0,1.0,1.0
9,1kuu,83,shared_kfull,225011,baseline,True,1.0,True,0.0,0.0,0.027223598861013498,False,0.0,1.0,1.0
9,1kuu,185,baseline,225001,exact,False,1.0,True,0.0,0.0,0.26307078501467807,False,3.1657521614993154e-05,1.0,1.0
9,1kuu,185,baseline,225001,exact,True,1.0,True,0.0,0.0,0.26307078501467807,False,3.0074645534243495e-05,1.0,1.0
9,1kuu,185,baseline,225001,baseline,False,1.0,True,0.0,0.0,0.2631754420877508,False,0.0,1.0,1.0
9,1kuu,185,baseline,225001,baseline,True,1.0,True,0.0,0.0,0.2631754420877508,False,0.0,1.0,1.0
9,1kuu,185,baseline,225011,exact,False,1.0,True,0.0,0.0,0.2694204028766015,False,2.990067145921947e-05,1.0,1.0
9,1kuu,185,baseline,225011,exact,True,1.0,True,0.0,0.0,0.2723391009702808,False,2.8405637886258493e-05,1.0,1.0
9,1kuu,185,baseline,225011,baseline,False,1.0,True,0.0,0.0,0.2694373111397914,False,0.0,1.0,1.0
9,1kuu,185,baseline,225011,baseline,True,1.0,True,0.0,0.0,0.27237130527975517,False,0.0,1.0,1.0
9,1kuu,185,channel_k0,225001,exact,False,0.5701754385964912,False,0.0008508854610310979,0.0032344354048421706,0.26307078501467807,False,0.042947349481396106,0.3333333333333333,0.4
9,1kuu,185,channel_k0,225001,exact,True,0.5548872180451127,False,0.0008508854610310979,0.0032344354048421706,0.26307078501467807,False,0.040799982007326305,0.3333333333333333,0.2
9,1kuu,185,channel_k0,225001,baseline,False,0.5701754385964912,False,0.0008613620677100087,0.003272957616701957,0.2631754420877508,False,0.042955782168900725,0.3333333333333333,0.4
9,1kuu,185,channel_k0,225001,baseline,True,0.5548872180451127,False,0.0008613620677100087,0.003272957616701957,0.2631754420877508,False,0.04080799306045569,0.3333333333333333,0.2
9,1kuu,185,channel_k0,225011,exact,False,0.6052631578947367,False,0.011021659932640177,0.04090877979158935,0.2694204028766015,False,0.051034593164968216,0.3333333333333333,0.2
9,1kuu,185,channel_k0,225011,exact,True,0.6030075187969924,False,0.01394035802631946,0.05118750108468895,0.2723391009702808,False,0.04848286350671979,0.3333333333333333,0.2
9,1kuu,185,channel_k0,225011,baseline,False,0.6052631578947367,False,0.010931667175122034,0.04057221002124085,0.2694373111397914,False,0.05104005325908095,0.3333333333333333,0.2
9,1kuu,185,channel_k0,225011,baseline,True,0.6030075187969924,False,0.013865661315085737,0.0509072029479911,0.27237130527975517,False,0.04848805059612691,0.3333333333333333,0.2
9,1kuu,185,channel_k4,225001,exact,False,0.975438596491228,False,0.0008508854610310979,0.0032344354048421706,0.26307078501467807,False,0.038402485969847626,1.0,0.8
9,1kuu,185,channel_k4,225001,exact,True,0.8962406015037594,False,0.0008508854610310979,0.0032344354048421706,0.26307078501467807,False,0.03648236167135525,1.0,0.8
9,1kuu,185,channel_k4,225001,baseline,False,0.975438596491228,False,0.0008613620677100087,0.003272957616701957,0.2631754420877508,False,0.03841576852561718,1.0,0.8
9,1kuu,185,channel_k4,225001,baseline,True,0.8962406015037594,False,0.0008613620677100087,0.003272957616701957,0.2631754420877508,False,0.036494980099336306,1.0,0.8
9,1kuu,185,channel_k4,225011,exact,False,0.9508771929824561,True,0.0,0.0,0.2694204028766015,False,0.04439718697462336,1.0,0.6
9,1kuu,185,channel_k4,225011,exact,True,0.8902255639097743,False,0.002918698093679284,0.0107171466869085,0.2723391009702808,False,0.04217732762589219,0.6666666666666666,0.6
9,1kuu,185,channel_k4,225011,baseline,False,0.9508771929824561,True,0.0,0.0,0.2694373111397914,False,0.044402647068736104,1.0,0.6
9,1kuu,185,channel_k4,225011,baseline,True,0.8902255639097743,False,0.0029339941399637026,0.010772038328157107,0.27237130527975517,False,0.042182514715299296,0.6666666666666666,0.6
9,1kuu,185,channel_k8,225001,exact,False,0.9894736842105263,True,0.0,0.0,0.26307078501467807,False,0.02590181942779716,1.0,0.8
9,1kuu,185,channel_k8,225001,exact,True,0.9488721804511278,True,0.0,0.0,0.26307078501467807,False,0.0246067284564073,1.0,0.8
9,1kuu,185,channel_k8,225001,baseline,False,0.9894736842105263,True,0.0,0.0,0.2631754420877508,False,0.0259151019835667,1.0,0.8
9,1kuu,185,channel_k8,225001,baseline,True,0.9488721804511278,True,0.0,0.0,0.2631754420877508,False,0.024619346884388365,1.0,0.8
9,1kuu,185,channel_k8,225011,exact,False,0.9929824561403509,True,0.0,0.0,0.2694204028766015,False,0.03093456825861308,1.0,1.0
9,1kuu,185,channel_k8,225011,exact,True,0.9714285714285714,False,0.002918698093679284,0.0107171466869085,0.2723391009702808,False,0.02938783984568243,0.6666666666666666,0.8
9,1kuu,185,channel_k8,225011,baseline,False,0.9929824561403509,True,0.0,0.0,0.2694373111397914,False,0.03094002835272583,1.0,1.0
9,1kuu,185,channel_k8,225011,baseline,True,0.9714285714285714,False,0.0029339941399637026,0.010772038328157107,0.27237130527975517,False,0.02939302693508954,0.6666666666666666,0.8
9,1kuu,185,channel_k16,225001,exact,False,0.9912280701754386,True,0.0,0.0,0.26307078501467807,False,0.01355985012964409,1.0,0.8
9,1kuu,185,channel_k16,225001,exact,True,0.9774436090225563,True,0.0,0.0,0.26307078501467807,False,0.012881857623161885,1.0,0.8
9,1kuu,185,channel_k16,225001,baseline,False,0.9912280701754386,True,0.0,0.0,0.2631754420877508,False,0.013573132685413632,1.0,0.8
9,1kuu,185,channel_k16,225001,baseline,True,0.9774436090225563,True,0.0,0.0,0.2631754420877508,False,0.01289447605114295,1.0,0.8
9,1kuu,185,channel_k16,225011,exact,False,0.9982456140350877,True,0.0,0.0,0.2694204028766015,False,0.016893552445088503,1.0,1.0
9,1kuu,185,channel_k16,225011,exact,True,0.9894736842105262,False,0.002918698093679284,0.0107171466869085,0.2723391009702808,False,0.016048874822834076,0.6666666666666666,1.0
9,1kuu,185,channel_k16,225011,baseline,False,0.9982456140350877,True,0.0,0.0,0.2694373111397914,False,0.016899012539201248,1.0,1.0
9,1kuu,185,channel_k16,225011,baseline,True,0.9894736842105262,False,0.0029339941399637026,0.010772038328157107,0.27237130527975517,False,0.016054061912241187,0.6666666666666666,1.0
9,1kuu,185,channel_k32,225001,exact,False,0.9912280701754386,True,0.0,0.0,0.26307078501467807,False,0.005000821593690923,1.0,0.8
9,1kuu,185,channel_k32,225001,exact,True,0.9924812030075187,True,0.0,0.0,0.26307078501467807,False,0.004750780514006377,1.0,1.0
9,1kuu,185,channel_k32,225001,baseline,False,0.9912280701754386,True,0.0,0.0,0.2631754420877508,False,0.005014104149460463,1.0,0.8
9,1kuu,185,channel_k32,225001,baseline,True,0.9924812030075187,True,0.0,0.0,0.2631754420877508,False,0.00476339894198744,1.0,1.0
9,1kuu,185,channel_k32,225011,exact,False,0.9982456140350877,True,0.0,0.0,0.2694204028766015,False,0.0059590852333615335,1.0,1.0
9,1kuu,185,channel_k32,225011,exact,True,0.9969924812030074,False,0.002918698093679284,0.0107171466869085,0.2723391009702808,False,0.005661130971693457,1.0,1.0
9,1kuu,185,channel_k32,225011,baseline,False,0.9982456140350877,True,0.0,0.0,0.2694373111397914,False,0.0059645453274742785,1.0,1.0
9,1kuu,185,channel_k32,225011,baseline,True,0.9969924812030074,False,0.0029339941399637026,0.010772038328157107,0.27237130527975517,False,0.005666318061100564,1.0,1.0
9,1kuu,185,channel_k64,225001,exact,False,1.0,True,0.0,0.0,0.26307078501467807,False,0.0009560255315480636,1.0,1.0
9,1kuu,185,channel_k64,225001,exact,True,1.0,True,0.0,0.0,0.26307078501467807,False,0.0009082242549706604,1.0,1.0
9,1kuu,185,channel_k64,225001,baseline,False,1.0,True,0.0,0.0,0.2631754420877508,False,0.0009667751094662228,1.0,1.0
9,1kuu,185,channel_k64,225001,baseline,True,1.0,True,0.0,0.0,0.2631754420877508,False,0.0009184363539929116,1.0,1.0
9,1kuu,185,channel_k64,225011,exact,False,0.9982456140350877,True,0.0,0.0,0.2694204028766015,False,0.001317881020034283,1.0,1.0
9,1kuu,185,channel_k64,225011,exact,True,0.9984962406015038,True,0.0,0.0,0.2723391009702808,False,0.0012519869690325689,1.0,1.0
9,1kuu,185,channel_k64,225011,baseline,False,0.9982456140350877,True,0.0,0.0,0.2694373111397914,False,0.001323341114147028,1.0,1.0
9,1kuu,185,channel_k64,225011,baseline,True,0.9984962406015038,True,0.0,0.0,0.27237130527975517,False,0.0012571740584396765,1.0,1.0
9,1kuu,185,channel_kfull,225001,exact,False,1.0,True,0.0,0.0,0.26307078501467807,False,3.1657521614993154e-05,1.0,1.0
9,1kuu,185,channel_kfull,225001,exact,True,1.0,True,0.0,0.0,0.26307078501467807,False,3.0074645534243495e-05,1.0,1.0
9,1kuu,185,channel_kfull,225001,baseline,False,1.0,True,0.0,0.0,0.2631754420877508,False,0.0,1.0,1.0
9,1kuu,185,channel_kfull,225001,baseline,True,1.0,True,0.0,0.0,0.2631754420877508,False,0.0,1.0,1.0
9,1kuu,185,channel_kfull,225011,exact,False,1.0,True,0.0,0.0,0.2694204028766015,False,2.990067145921947e-05,1.0,1.0
9,1kuu,185,channel_kfull,225011,exact,True,1.0,True,0.0,0.0,0.2723391009702808,False,2.8405637886258493e-05,1.0,1.0
9,1kuu,185,channel_kfull,225011,baseline,False,1.0,True,0.0,0.0,0.2694373111397914,False,0.0,1.0,1.0
9,1kuu,185,channel_kfull,225011,baseline,True,1.0,True,0.0,0.0,0.27237130527975517,False,0.0,1.0,1.0
9,1kuu,185,shared_k0,225001,exact,False,0.5701754385964912,False,0.0008508854610310979,0.0032344354048421706,0.26307078501467807,False,0.042947349481396106,0.3333333333333333,0.4
9,1kuu,185,shared_k0,225001,exact,True,0.5548872180451127,False,0.0008508854610310979,0.0032344354048421706,0.26307078501467807,False,0.040799982007326305,0.3333333333333333,0.2
9,1kuu,185,shared_k0,225001,baseline,False,0.5701754385964912,False,0.0008613620677100087,0.003272957616701957,0.2631754420877508,False,0.042955782168900725,0.3333333333333333,0.4
9,1kuu,185,shared_k0,225001,baseline,True,0.5548872180451127,False,0.0008613620677100087,0.003272957616701957,0.2631754420877508,False,0.04080799306045569,0.3333333333333333,0.2
9,1kuu,185,shared_k0,225011,exact,False,0.6052631578947367,False,0.011021659932640177,0.04090877979158935,0.2694204028766015,False,0.051034593164968216,0.3333333333333333,0.2
9,1kuu,185,shared_k0,225011,exact,True,0.6030075187969924,False,0.01394035802631946,0.05118750108468895,0.2723391009702808,False,0.04848286350671979,0.3333333333333333,0.2
9,1kuu,185,shared_k0,225011,baseline,False,0.6052631578947367,False,0.010931667175122034,0.04057221002124085,0.2694373111397914,False,0.05104005325908095,0.3333333333333333,0.2
9,1kuu,185,shared_k0,225011,baseline,True,0.6030075187969924,False,0.013865661315085737,0.0509072029479911,0.27237130527975517,False,0.04848805059612691,0.3333333333333333,0.2
9,1kuu,185,shared_k4,225001,exact,False,0.8842105263157896,False,0.0008508854610310979,0.0032344354048421706,0.26307078501467807,False,0.04782256265767678,0.6666666666666666,0.6
9,1kuu,185,shared_k4,225001,exact,True,0.8240601503759398,False,0.0008508854610310979,0.0032344354048421706,0.26307078501467807,False,0.045431434524792945,0.6666666666666666,0.6
9,1kuu,185,shared_k4,225001,baseline,False,0.8842105263157896,False,0.0008613620677100087,0.003272957616701957,0.2631754420877508,False,0.047835845213446325,0.6666666666666666,0.6
9,1kuu,185,shared_k4,225001,baseline,True,0.8240601503759398,False,0.0008613620677100087,0.003272957616701957,0.2631754420877508,False,0.04544405295277402,0.6666666666666666,0.6
9,1kuu,185,shared_k4,225011,exact,False,0.8596491228070176,False,0.0012778526732849238,0.004742969202188444,0.2694204028766015,False,0.054083967052141545,0.6666666666666666,0.6
9,1kuu,185,shared_k4,225011,exact,True,0.77593984962406,False,0.004196550766964208,0.0154092847924256,0.2723391009702808,False,0.051379768699534464,0.3333333333333333,0.6
9,1kuu,185,shared_k4,225011,baseline,False,0.8596491228070176,False,0.0012822284454408195,0.004758911971087644,0.2694373111397914,False,0.05408942714625428,0.6666666666666666,0.6
9,1kuu,185,shared_k4,225011,baseline,True,0.77593984962406,False,0.004216222585404522,0.015479687117091866,0.27237130527975517,False,0.051384955788941575,0.3333333333333333,0.6
9,1kuu,185,shared_k8,225001,exact,False,0.882456140350877,False,0.0008508854610310979,0.0032344354048421706,0.26307078501467807,False,0.046708142094132585,0.6666666666666666,0.8
9,1kuu,185,shared_k8,225001,exact,True,0.7924812030075187,False,0.0008508854610310979,0.0032344354048421706,0.26307078501467807,False,0.044372734989425955,0.6666666666666666,0.6
9,1kuu,185,shared_k8,225001,baseline,False,0.882456140350877,False,0.0008613620677100087,0.003272957616701957,0.2631754420877508,False,0.04672142464990212,0.6666666666666666,0.8
9,1kuu,185,shared_k8,225001,baseline,True,0.7924812030075187,False,0.0008613620677100087,0.003272957616701957,0.2631754420877508,False,0.044385353417407014,0.6666666666666666,0.6
9,1kuu,185,shared_k8,225011,exact,False,0.9210526315789472,False,0.0041131647213067946,0.015266715799510864,0.2694204028766015,False,0.05295624951026592,1.0,0.8
9,1kuu,185,shared_k8,225011,exact,True,0.8150375939849623,False,0.0070318628149860785,0.02582024685376866,0.2723391009702808,False,0.05030843703475261,0.6666666666666666,0.6
9,1kuu,185,shared_k8,225011,baseline,False,0.9210526315789472,False,0.004099122163490676,0.015213639663156897,0.2694373111397914,False,0.05296170960437865,1.0,0.8
9,1kuu,185,shared_k8,225011,baseline,True,0.8150375939849623,False,0.007033116303454379,0.0258217960817517,0.27237130527975517,False,0.050313624124159705,0.6666666666666666,0.6
9,1kuu,185,shared_k16,225001,exact,False,0.975438596491228,True,0.0,0.0,0.26307078501467807,False,0.03424522853646382,1.0,0.8
9,1kuu,185,shared_k16,225001,exact,True,0.9368421052631578,True,0.0,0.0,0.26307078501467807,False,0.03253296710964062,1.0,0.6
9,1kuu,185,shared_k16,225001,baseline,False,0.975438596491228,True,0.0,0.0,0.2631754420877508,False,0.03425851109223336,1.0,0.8
9,1kuu,185,shared_k16,225001,baseline,True,0.9368421052631578,True,0.0,0.0,0.2631754420877508,False,0.03254558553762168,1.0,0.6
9,1kuu,185,shared_k16,225011,exact,False,0.9473684210526316,True,0.0,0.0,0.2694204028766015,False,0.041448892424314356,0.6666666666666666,0.8
9,1kuu,185,shared_k16,225011,exact,True,0.8706766917293233,False,0.002918698093679284,0.0107171466869085,0.2723391009702808,False,0.03937644780309864,0.3333333333333333,0.6
9,1kuu,185,shared_k16,225011,baseline,False,0.9473684210526316,True,0.0,0.0,0.2694373111397914,False,0.04145435251842709,0.6666666666666666,0.8
9,1kuu,185,shared_k16,225011,baseline,True,0.8706766917293233,False,0.0029339941399637026,0.010772038328157107,0.27237130527975517,False,0.03938163489250574,0.3333333333333333,0.6
9,1kuu,185,shared_k32,225001,exact,False,0.975438596491228,True,0.0,0.0,0.26307078501467807,False,0.021861388007812968,1.0,0.6
9,1kuu,185,shared_k32,225001,exact,True,0.9458646616541352,True,0.0,0.0,0.26307078501467807,False,0.02076831860742232,1.0,0.6
9,1kuu,185,shared_k32,225001,baseline,False,0.975438596491228,True,0.0,0.0,0.2631754420877508,False,0.02187467056358251,1.0,0.6
9,1kuu,185,shared_k32,225001,baseline,True,0.9458646616541352,True,0.0,0.0,0.2631754420877508,False,0.02078093703540339,1.0,0.6
9,1kuu,185,shared_k32,225011,exact,False,0.9789473684210527,True,0.0,0.0,0.2694204028766015,False,0.02663527855613257,1.0,1.0
9,1kuu,185,shared_k32,225011,exact,True,0.9654135338345864,False,0.002918698093679284,0.0107171466869085,0.2723391009702808,False,0.02530351462832594,0.6666666666666666,0.8
9,1kuu,185,shared_k32,225011,baseline,False,0.9789473684210527,True,0.0,0.0,0.2694373111397914,False,0.02664073865024531,1.0,1.0
9,1kuu,185,shared_k32,225011,baseline,True,0.9654135338345864,False,0.0029339941399637026,0.010772038328157107,0.27237130527975517,False,0.025308701717733046,0.6666666666666666,0.8
9,1kuu,185,shared_k64,225001,exact,False,0.9894736842105263,True,0.0,0.0,0.26307078501467807,False,0.00919816310679476,1.0,0.8
9,1kuu,185,shared_k64,225001,exact,True,0.9909774436090225,True,0.0,0.0,0.26307078501467807,False,0.008738254951455022,1.0,1.0
9,1kuu,185,shared_k64,225001,baseline,False,0.9894736842105263,True,0.0,0.0,0.2631754420877508,False,0.009211445662564299,1.0,0.8
9,1kuu,185,shared_k64,225001,baseline,True,0.9909774436090225,True,0.0,0.0,0.2631754420877508,False,0.008750873379436084,1.0,1.0
9,1kuu,185,shared_k64,225011,exact,False,0.9964912280701754,True,0.0,0.0,0.2694204028766015,False,0.010116167554508912,1.0,1.0
9,1kuu,185,shared_k64,225011,exact,True,0.9924812030075187,False,0.002918698093679284,0.0107171466869085,0.2723391009702808,False,0.009610359176783465,1.0,0.8
9,1kuu,185,shared_k64,225011,baseline,False,0.9964912280701754,True,0.0,0.0,0.2694373111397914,False,0.010121627648621656,1.0,1.0
9,1kuu,185,shared_k64,225011,baseline,True,0.9924812030075187,False,0.0029339941399637026,0.010772038328157107,0.27237130527975517,False,0.009615546266190574,1.0,0.8
9,1kuu,185,shared_kfull,225001,exact,False,1.0,True,0.0,0.0,0.26307078501467807,False,3.1657521614993154e-05,1.0,1.0
9,1kuu,185,shared_kfull,225001,exact,True,1.0,True,0.0,0.0,0.26307078501467807,False,3.0074645534243495e-05,1.0,1.0
9,1kuu,185,shared_kfull,225001,baseline,False,1.0,True,0.0,0.0,0.2631754420877508,False,0.0,1.0,1.0
9,1kuu,185,shared_kfull,225001,baseline,True,1.0,True,0.0,0.0,0.2631754420877508,False,0.0,1.0,1.0
9,1kuu,185,shared_kfull,225011,exact,False,1.0,True,0.0,0.0,0.2694204028766015,False,2.990067145921947e-05,1.0,1.0
9,1kuu,185,shared_kfull,225011,exact,True,1.0,True,0.0,0.0,0.2723391009702808,False,2.8405637886258493e-05,1.0,1.0
9,1kuu,185,shared_kfull,225011,baseline,False,1.0,True,0.0,0.0,0.2694373111397914,False,0.0,1.0,1.0
9,1kuu,185,shared_kfull,225011,baseline,True,1.0,True,0.0,0.0,0.27237130527975517,False,0.0,1.0,1.0
5,1bxw,117,baseline,225001,exact,False,1.0,True,0.0,0.0,0.09834940416228344,False,3.860469096806403e-05,1.0,1.0
5,1bxw,117,baseline,225001,exact,True,1.0,True,0.0,0.0,0.09834940416228344,False,3.667445641966083e-05,1.0,1.0
5,1bxw,117,baseline,225001,baseline,False,1.0,True,0.0,0.0,0.09827899966623965,False,0.0,1.0,1.0
5,1bxw,117,baseline,225001,baseline,True,1.0,True,0.0,0.0,0.09827899966623965,False,0.0,1.0,1.0
5,1bxw,117,baseline,225011,exact,False,0.9982456140350877,True,0.0,0.0,0.06424512217794032,False,7.801520145930683e-05,1.0,1.0
5,1bxw,117,baseline,225011,exact,True,0.9984962406015038,True,0.0,0.0,0.06424512217794032,False,7.411444138634149e-05,1.0,1.0
5,1bxw,117,baseline,225011,baseline,False,1.0,True,0.0,0.0,0.06420742063245655,False,0.0,1.0,1.0
5,1bxw,117,baseline,225011,baseline,True,1.0,True,0.0,0.0,0.06420742063245655,False,0.0,1.0,1.0
5,1bxw,117,channel_k0,225001,exact,False,0.09473684210526316,False,0.08132607319955976,0.8269096685666343,0.09834940416228344,False,0.016185747261585882,0.0,0.2
5,1bxw,117,channel_k0,225001,exact,True,0.09022556390977443,False,0.08132607319955976,0.8269096685666343,0.09834940416228344,False,0.015376459898506589,0.0,0.2
5,1bxw,117,channel_k0,225001,baseline,False,0.09473684210526316,False,0.08127597947580356,0.8269923356141272,0.09827899966623965,False,0.016188585009467005,0.0,0.2
5,1bxw,117,channel_k0,225001,baseline,True,0.09022556390977443,False,0.08127597947580356,0.8269923356141272,0.09827899966623965,False,0.015379155758993656,0.0,0.2
5,1bxw,117,channel_k0,225011,exact,False,0.4736842105263158,False,0.03468654372540336,0.5399093744320653,0.06424512217794032,False,0.012743895781279768,0.0,0.6
5,1bxw,117,channel_k0,225011,exact,True,0.4601503759398496,False,0.03468654372540336,0.5399093744320653,0.06424512217794032,False,0.01210670099221578,0.0,0.6
5,1bxw,117,channel_k0,225011,baseline,False,0.4982456140350877,False,0.03459397643770967,0.5387847089472175,0.06420742063245655,False,0.012707596908818456,0.0,0.6
5,1bxw,117,channel_k0,225011,baseline,True,0.4827067669172932,False,0.03459397643770967,0.5387847089472175,0.06420742063245655,False,0.012072217063377532,0.0,0.6
5,1bxw,117,channel_k4,225001,exact,False,0.9614035087719298,True,0.0,0.0,0.09834940416228344,False,0.006927294803069125,0.6666666666666666,0.8
5,1bxw,117,channel_k4,225001,exact,True,0.9669172932330825,True,0.0,0.0,0.09834940416228344,False,0.006580930062915669,0.6666666666666666,0.8
5,1bxw,117,channel_k4,225001,baseline,False,0.9614035087719298,True,0.0,0.0,0.09827899966623965,False,0.006926617594180837,0.6666666666666666,0.8
5,1bxw,117,channel_k4,225001,baseline,True,0.9669172932330825,True,0.0,0.0,0.09827899966623965,False,0.0065802867144717945,0.6666666666666666,0.8
5,1bxw,117,channel_k4,225011,exact,False,0.9280701754385964,True,0.0,0.0,0.06424512217794032,False,0.004742994070871502,0.6666666666666666,1.0
5,1bxw,117,channel_k4,225011,exact,True,0.9383458646616539,True,0.0,0.0,0.06424512217794032,False,0.004505844367327927,0.6666666666666666,1.0
5,1bxw,117,channel_k4,225011,baseline,False,0.9350877192982456,True,0.0,0.0,0.06420742063245655,False,0.004737680254394466,0.6666666666666666,1.0
5,1bxw,117,channel_k4,225011,baseline,True,0.9443609022556391,True,0.0,0.0,0.06420742063245655,False,0.004500796241674742,0.6666666666666666,1.0
5,1bxw,117,channel_k8,225001,exact,False,0.9894736842105263,True,0.0,0.0,0.09834940416228344,False,0.003877134571018237,1.0,1.0
5,1bxw,117,channel_k8,225001,exact,True,0.9909774436090225,True,0.0,0.0,0.09834940416228344,False,0.003683277842467325,1.0,1.0
5,1bxw,117,channel_k8,225001,baseline,False,0.9894736842105263,True,0.0,0.0,0.09827899966623965,False,0.0038764573621299487,1.0,1.0
5,1bxw,117,channel_k8,225001,baseline,True,0.9909774436090225,True,0.0,0.0,0.09827899966623965,False,0.0036826344940234512,1.0,1.0
5,1bxw,117,channel_k8,225011,exact,False,0.9543859649122807,True,0.0,0.0,0.06424512217794032,False,0.0029107795197676626,1.0,1.0
5,1bxw,117,channel_k8,225011,exact,True,0.9609022556390976,True,0.0,0.0,0.06424512217794032,False,0.0027652405437792794,1.0,1.0
5,1bxw,117,channel_k8,225011,baseline,False,0.9578947368421052,True,0.0,0.0,0.06420742063245655,False,0.0029054657032906266,1.0,1.0
5,1bxw,117,channel_k8,225011,baseline,True,0.9639097744360902,True,0.0,0.0,0.06420742063245655,False,0.0027601924181260952,1.0,1.0
5,1bxw,117,channel_k16,225001,exact,False,0.9982456140350877,True,0.0,0.0,0.09834940416228344,False,0.0011787472520557714,1.0,1.0
5,1bxw,117,channel_k16,225001,exact,True,0.9984962406015038,True,0.0,0.0,0.09834940416228344,False,0.0011198098894529829,1.0,1.0
5,1bxw,117,channel_k16,225001,baseline,False,0.9982456140350877,True,0.0,0.0,0.09827899966623965,False,0.0011758111351711086,1.0,1.0
5,1bxw,117,channel_k16,225001,baseline,True,0.9984962406015038,True,0.0,0.0,0.09827899966623965,False,0.0011170205784125531,1.0,1.0
5,1bxw,117,channel_k16,225011,exact,False,0.987719298245614,True,0.0,0.0,0.06424512217794032,False,0.0012404847099342963,1.0,1.0
5,1bxw,117,channel_k16,225011,exact,True,0.9894736842105262,True,0.0,0.0,0.06424512217794032,False,0.0011784604744375816,1.0,1.0
5,1bxw,117,channel_k16,225011,baseline,False,0.9912280701754386,True,0.0,0.0,0.06420742063245655,False,0.0012245698473921358,1.0,1.0
5,1bxw,117,channel_k16,225011,baseline,True,0.9924812030075187,True,0.0,0.0,0.06420742063245655,False,0.0011633413550225292,1.0,1.0
5,1bxw,117,channel_k32,225001,exact,False,1.0,True,0.0,0.0,0.09834940416228344,False,0.0005634390711349097,1.0,1.0
5,1bxw,117,channel_k32,225001,exact,True,1.0,True,0.0,0.0,0.09834940416228344,False,0.0005352671175781643,1.0,1.0
5,1bxw,117,channel_k32,225001,baseline,False,1.0,True,0.0,0.0,0.09827899966623965,False,0.0005570291651755149,1.0,1.0
5,1bxw,117,channel_k32,225001,baseline,True,1.0,True,0.0,0.0,0.09827899966623965,False,0.0005291777069167392,1.0,1.0
5,1bxw,117,channel_k32,225011,exact,False,0.9701754385964911,True,0.0,0.0,0.06424512217794032,False,0.0008369725296305472,1.0,1.0
5,1bxw,117,channel_k32,225011,exact,True,0.9744360902255638,True,0.0,0.0,0.06424512217794032,False,0.0007951239031490198,1.0,1.0
5,1bxw,117,channel_k32,225011,baseline,False,0.9719298245614034,True,0.0,0.0,0.06420742063245655,False,0.0008335875966593896,1.0,1.0
5,1bxw,117,channel_k32,225011,baseline,True,0.9759398496240601,True,0.0,0.0,0.06420742063245655,False,0.0007919082168264202,1.0,1.0
5,1bxw,117,channel_k64,225001,exact,False,1.0,True,0.0,0.0,0.09834940416228344,False,0.00015044940621543543,1.0,1.0
5,1bxw,117,channel_k64,225001,exact,True,1.0,True,0.0,0.0,0.09834940416228344,False,0.00014292693590466364,1.0,1.0
5,1bxw,117,channel_k64,225001,baseline,False,1.0,True,0.0,0.0,0.09827899966623965,False,0.00014103788404644306,1.0,1.0
5,1bxw,117,channel_k64,225001,baseline,True,1.0,True,0.0,0.0,0.09827899966623965,False,0.0001339859898441209,1.0,1.0
5,1bxw,117,channel_k64,225011,exact,False,0.9964912280701754,True,0.0,0.0,0.06424512217794032,False,0.00019137964839612947,1.0,1.0
5,1bxw,117,channel_k64,225011,exact,True,0.9969924812030074,True,0.0,0.0,0.06424512217794032,False,0.000181810665976323,1.0,1.0
5,1bxw,117,channel_k64,225011,baseline,False,0.9982456140350877,True,0.0,0.0,0.06420742063245655,False,0.00019656840002016542,1.0,1.0
5,1bxw,117,channel_k64,225011,baseline,True,0.9984962406015038,True,0.0,0.0,0.06420742063245655,False,0.00018673998001915714,1.0,1.0
5,1bxw,117,channel_kfull,225001,exact,False,1.0,True,0.0,0.0,0.09834940416228344,False,3.860469096806403e-05,1.0,1.0
5,1bxw,117,channel_kfull,225001,exact,True,1.0,True,0.0,0.0,0.09834940416228344,False,3.667445641966083e-05,1.0,1.0
5,1bxw,117,channel_kfull,225001,baseline,False,1.0,True,0.0,0.0,0.09827899966623965,False,0.0,1.0,1.0
5,1bxw,117,channel_kfull,225001,baseline,True,1.0,True,0.0,0.0,0.09827899966623965,False,0.0,1.0,1.0
5,1bxw,117,channel_kfull,225011,exact,False,0.9982456140350877,True,0.0,0.0,0.06424512217794032,False,7.801520145930683e-05,1.0,1.0
5,1bxw,117,channel_kfull,225011,exact,True,0.9984962406015038,True,0.0,0.0,0.06424512217794032,False,7.411444138634149e-05,1.0,1.0
5,1bxw,117,channel_kfull,225011,baseline,False,1.0,True,0.0,0.0,0.06420742063245655,False,0.0,1.0,1.0
5,1bxw,117,channel_kfull,225011,baseline,True,1.0,True,0.0,0.0,0.06420742063245655,False,0.0,1.0,1.0
5,1bxw,117,shared_k0,225001,exact,False,0.09473684210526316,False,0.08132607319955976,0.8269096685666343,0.09834940416228344,False,0.016185747261585882,0.0,0.2
5,1bxw,117,shared_k0,225001,exact,True,0.09022556390977443,False,0.08132607319955976,0.8269096685666343,0.09834940416228344,False,0.015376459898506589,0.0,0.2
5,1bxw,117,shared_k0,225001,baseline,False,0.09473684210526316,False,0.08127597947580356,0.8269923356141272,0.09827899966623965,False,0.016188585009467005,0.0,0.2
5,1bxw,117,shared_k0,225001,baseline,True,0.09022556390977443,False,0.08127597947580356,0.8269923356141272,0.09827899966623965,False,0.015379155758993656,0.0,0.2
5,1bxw,117,shared_k0,225011,exact,False,0.4736842105263158,False,0.03468654372540336,0.5399093744320653,0.06424512217794032,False,0.012743895781279768,0.0,0.6
5,1bxw,117,shared_k0,225011,exact,True,0.4601503759398496,False,0.03468654372540336,0.5399093744320653,0.06424512217794032,False,0.01210670099221578,0.0,0.6
5,1bxw,117,shared_k0,225011,baseline,False,0.4982456140350877,False,0.03459397643770967,0.5387847089472175,0.06420742063245655,False,0.012707596908818456,0.0,0.6
5,1bxw,117,shared_k0,225011,baseline,True,0.4827067669172932,False,0.03459397643770967,0.5387847089472175,0.06420742063245655,False,0.012072217063377532,0.0,0.6
5,1bxw,117,shared_k4,225001,exact,False,0.8210526315789475,True,0.0,0.0,0.09834940416228344,False,0.012149827895505602,0.6666666666666666,0.6
5,1bxw,117,shared_k4,225001,exact,True,0.8045112781954886,True,0.0,0.0,0.09834940416228344,False,0.011542336500730322,0.6666666666666666,0.6
5,1bxw,117,shared_k4,225001,baseline,False,0.8210526315789475,True,0.0,0.0,0.09827899966623965,False,0.01215041097781342,0.6666666666666666,0.6
5,1bxw,117,shared_k4,225001,baseline,True,0.8045112781954886,True,0.0,0.0,0.09827899966623965,False,0.011542890428922748,0.6666666666666666,0.6
5,1bxw,117,shared_k4,225011,exact,False,0.9157894736842105,True,0.0,0.0,0.06424512217794032,False,0.008844820110610807,0.6666666666666666,1.0
5,1bxw,117,shared_k4,225011,exact,True,0.9157894736842105,True,0.0,0.0,0.06424512217794032,False,0.008402579105080266,0.6666666666666666,1.0
5,1bxw,117,shared_k4,225011,baseline,False,0.9245614035087718,True,0.0,0.0,0.06420742063245655,False,0.008808521238149493,0.6666666666666666,1.0
5,1bxw,117,shared_k4,225011,baseline,True,0.9248120300751879,True,0.0,0.0,0.06420742063245655,False,0.008368095176242018,0.6666666666666666,1.0
5,1bxw,117,shared_k8,225001,exact,False,0.9192982456140351,True,0.0,0.0,0.09834940416228344,False,0.009638864507712633,0.6666666666666666,0.8
5,1bxw,117,shared_k8,225001,exact,True,0.9248120300751879,True,0.0,0.0,0.09834940416228344,False,0.009156921282327002,0.6666666666666666,0.8
5,1bxw,117,shared_k8,225001,baseline,False,0.9192982456140351,True,0.0,0.0,0.09827899966623965,False,0.009635457790735205,0.6666666666666666,0.8
5,1bxw,117,shared_k8,225001,baseline,True,0.9248120300751879,True,0.0,0.0,0.09827899966623965,False,0.009153684901198444,0.6666666666666666,0.8
5,1bxw,117,shared_k8,225011,exact,False,0.8947368421052632,False,0.03468654372540336,0.5399093744320653,0.06424512217794032,False,0.007044876554517606,0.6666666666666666,1.0
5,1bxw,117,shared_k8,225011,exact,True,0.9037593984962405,False,0.03468654372540336,0.5399093744320653,0.06424512217794032,False,0.006692632726791725,0.6666666666666666,1.0
5,1bxw,117,shared_k8,225011,baseline,False,0.9035087719298246,False,0.03459397643770967,0.5387847089472175,0.06420742063245655,False,0.00702400998944692,0.6666666666666666,1.0
5,1bxw,117,shared_k8,225011,baseline,True,0.9127819548872179,False,0.03459397643770967,0.5387847089472175,0.06420742063245655,False,0.006672809489974574,0.6666666666666666,1.0
5,1bxw,117,shared_k16,225001,exact,False,0.9508771929824561,True,0.0,0.0,0.09834940416228344,False,0.004649436342848107,1.0,1.0
5,1bxw,117,shared_k16,225001,exact,True,0.9578947368421054,True,0.0,0.0,0.09834940416228344,False,0.004416964525705702,1.0,1.0
5,1bxw,117,shared_k16,225001,baseline,False,0.9508771929824561,True,0.0,0.0,0.09827899966623965,False,0.0046487591339598195,1.0,1.0
5,1bxw,117,shared_k16,225001,baseline,True,0.9578947368421054,True,0.0,0.0,0.09827899966623965,False,0.0044163211772618284,1.0,1.0
5,1bxw,117,shared_k16,225011,exact,False,0.9228070175438597,True,0.0,0.0,0.06424512217794032,False,0.004112018085836651,1.0,1.0
5,1bxw,117,shared_k16,225011,exact,True,0.9338345864661652,True,0.0,0.0,0.06424512217794032,False,0.003906417181544819,1.0,1.0
5,1bxw,117,shared_k16,225011,baseline,False,0.9333333333333333,True,0.0,0.0,0.06420742063245655,False,0.004105364573255458,1.0,1.0
5,1bxw,117,shared_k16,225011,baseline,True,0.9428571428571428,True,0.0,0.0,0.06420742063245655,False,0.003900096344592685,1.0,1.0
5,1bxw,117,shared_k32,225001,exact,False,0.987719298245614,True,0.0,0.0,0.09834940416228344,False,0.00283708391233569,1.0,1.0
5,1bxw,117,shared_k32,225001,exact,True,0.9894736842105262,True,0.0,0.0,0.09834940416228344,False,0.0026952297167189055,1.0,1.0
5,1bxw,117,shared_k32,225001,baseline,False,0.987719298245614,True,0.0,0.0,0.09827899966623965,False,0.002837009366314194,1.0,1.0
5,1bxw,117,shared_k32,225001,baseline,True,0.9894736842105262,True,0.0,0.0,0.09827899966623965,False,0.002695158897998484,1.0,1.0
5,1bxw,117,shared_k32,225011,exact,False,0.9631578947368421,True,0.0,0.0,0.06424512217794032,False,0.0029591676416683057,1.0,1.0
5,1bxw,117,shared_k32,225011,exact,True,0.9684210526315788,True,0.0,0.0,0.06424512217794032,False,0.0028112092595848903,1.0,1.0
5,1bxw,117,shared_k32,225011,baseline,False,0.9666666666666668,True,0.0,0.0,0.06420742063245655,False,0.00295852967968018,1.0,1.0
5,1bxw,117,shared_k32,225011,baseline,True,0.9714285714285714,True,0.0,0.0,0.06420742063245655,False,0.0028106031956961707,1.0,1.0
5,1bxw,117,shared_k64,225001,exact,False,0.9982456140350877,True,0.0,0.0,0.09834940416228344,False,0.0015330364250434208,1.0,1.0
5,1bxw,117,shared_k64,225001,exact,True,0.9984962406015038,True,0.0,0.0,0.09834940416228344,False,0.0014563846037912499,1.0,1.0
5,1bxw,117,shared_k64,225001,baseline,False,0.9982456140350877,True,0.0,0.0,0.09827899966623965,False,0.0015263679505468013,1.0,1.0
5,1bxw,117,shared_k64,225001,baseline,True,0.9984962406015038,True,0.0,0.0,0.09827899966623965,False,0.0014500495530194613,1.0,1.0
5,1bxw,117,shared_k64,225011,exact,False,0.9666666666666668,True,0.0,0.0,0.06424512217794032,False,0.001357509354964598,1.0,1.0
5,1bxw,117,shared_k64,225011,exact,True,0.9714285714285714,True,0.0,0.0,0.06424512217794032,False,0.0012896338872163682,1.0,1.0
5,1bxw,117,shared_k64,225011,baseline,False,0.9684210526315788,True,0.0,0.0,0.06420742063245655,False,0.0013541244219934406,1.0,1.0
5,1bxw,117,shared_k64,225011,baseline,True,0.9729323308270676,True,0.0,0.0,0.06420742063245655,False,0.0012864182008937685,1.0,1.0
5,1bxw,117,shared_kfull,225001,exact,False,1.0,True,0.0,0.0,0.09834940416228344,False,3.860469096806403e-05,1.0,1.0
5,1bxw,117,shared_kfull,225001,exact,True,1.0,True,0.0,0.0,0.09834940416228344,False,3.667445641966083e-05,1.0,1.0
5,1bxw,117,shared_kfull,225001,baseline,False,1.0,True,0.0,0.0,0.09827899966623965,False,0.0,1.0,1.0
5,1bxw,117,shared_kfull,225001,baseline,True,1.0,True,0.0,0.0,0.09827899966623965,False,0.0,1.0,1.0
5,1bxw,117,shared_kfull,225011,exact,False,0.9982456140350877,True,0.0,0.0,0.06424512217794032,False,7.801520145930683e-05,1.0,1.0
5,1bxw,117,shared_kfull,225011,exact,True,0.9984962406015038,True,0.0,0.0,0.06424512217794032,False,7.411444138634149e-05,1.0,1.0
5,1bxw,117,shared_kfull,225011,baseline,False,1.0,True,0.0,0.0,0.06420742063245655,False,0.0,1.0,1.0
5,1bxw,117,shared_kfull,225011,baseline,True,1.0,True,0.0,0.0,0.06420742063245655,False,0.0,1.0,1.0
1,2vkj,65,baseline,225001,exact,False,1.0,True,0.0,0.0,0.116728273722914,False,0.00025532920307530223,1.0,1.0
1,2vkj,65,baseline,225001,exact,True,1.0,True,0.0,0.0,0.116728273722914,False,0.00024256274292153713,1.0,1.0
1,2vkj,65,baseline,225001,baseline,False,1.0,True,0.0,0.0,0.11628925268160989,False,0.0,1.0,1.0
1,2vkj,65,baseline,225001,baseline,True,1.0,True,0.0,0.0,0.11628925268160989,False,0.0,1.0,1.0
1,2vkj,65,baseline,225011,exact,False,1.0,True,0.0,0.0,0.1806005675631448,False,0.0004765385376233289,1.0,1.0
1,2vkj,65,baseline,225011,exact,True,1.0,True,0.0,0.0,0.1806005675631448,False,0.0004527116107421625,1.0,1.0
1,2vkj,65,baseline,225011,baseline,False,1.0,True,0.0,0.0,0.18062893201340835,False,0.0,1.0,1.0
1,2vkj,65,baseline,225011,baseline,True,1.0,True,0.0,0.0,0.18062893201340835,False,0.0,1.0,1.0
1,2vkj,65,channel_k0,225001,exact,False,0.8070175438596491,True,0.0,0.0,0.116728273722914,False,0.0153483497993011,0.6666666666666666,0.8
1,2vkj,65,channel_k0,225001,exact,True,0.7804511278195487,True,0.0,0.0,0.116728273722914,False,0.014580932309336044,0.6666666666666666,0.8
1,2vkj,65,channel_k0,225001,baseline,False,0.8070175438596491,True,0.0,0.0,0.11628925268160989,False,0.015409934216725742,0.6666666666666666,0.8
1,2vkj,65,channel_k0,225001,baseline,True,0.7804511278195487,True,0.0,0.0,0.11628925268160989,False,0.014639437505889455,0.6666666666666666,0.8
1,2vkj,65,channel_k0,225011,exact,False,0.8859649122807017,True,0.0,0.0,0.1806005675631448,False,0.017436869421139662,1.0,0.8
1,2vkj,65,channel_k0,225011,exact,True,0.8781954887218045,True,0.0,0.0,0.1806005675631448,False,0.01656502595008268,1.0,0.8
1,2vkj,65,channel_k0,225011,baseline,False,0.8859649122807017,True,0.0,0.0,0.18062893201340835,False,0.017137181373618294,1.0,0.8
1,2vkj,65,channel_k0,225011,baseline,True,0.8781954887218045,True,0.0,0.0,0.18062893201340835,False,0.016280322304937377,1.0,0.8
1,2vkj,65,channel_k4,225001,exact,False,0.9508771929824561,True,0.0,0.0,0.116728273722914,False,0.007159074332499282,0.6666666666666666,1.0
1,2vkj,65,channel_k4,225001,exact,True,0.9458646616541352,True,0.0,0.0,0.116728273722914,False,0.006801120615874318,0.6666666666666666,1.0
1,2vkj,65,channel_k4,225001,baseline,False,0.9508771929824561,True,0.0,0.0,0.11628925268160989,False,0.007191366379130245,0.6666666666666666,1.0
1,2vkj,65,channel_k4,225001,baseline,True,0.9458646616541352,True,0.0,0.0,0.11628925268160989,False,0.006831798060173732,0.6666666666666666,1.0
1,2vkj,65,channel_k4,225011,exact,False,0.9631578947368421,True,0.0,0.0,0.1806005675631448,False,0.007607432124732442,1.0,1.0
1,2vkj,65,channel_k4,225011,exact,True,0.9684210526315788,True,0.0,0.0,0.1806005675631448,False,0.0072270605184958205,1.0,1.0
1,2vkj,65,channel_k4,225011,baseline,False,0.9631578947368421,True,0.0,0.0,0.18062893201340835,False,0.007423258810980125,1.0,1.0
1,2vkj,65,channel_k4,225011,baseline,True,0.9684210526315788,True,0.0,0.0,0.18062893201340835,False,0.007052095870431119,1.0,1.0
1,2vkj,65,channel_k8,225001,exact,False,0.9789473684210527,True,0.0,0.0,0.116728273722914,False,0.004814700176864295,1.0,0.8
1,2vkj,65,channel_k8,225001,exact,True,0.9789473684210527,True,0.0,0.0,0.116728273722914,False,0.00457396516802108,1.0,0.8
1,2vkj,65,channel_k8,225001,baseline,False,0.9789473684210527,True,0.0,0.0,0.11628925268160989,False,0.004813565812599533,1.0,0.8
1,2vkj,65,channel_k8,225001,baseline,True,0.9789473684210527,True,0.0,0.0,0.11628925268160989,False,0.004572887521969557,1.0,0.8
1,2vkj,65,channel_k8,225011,exact,False,0.980701754385965,True,0.0,0.0,0.1806005675631448,False,0.004929185205397097,1.0,1.0
1,2vkj,65,channel_k8,225011,exact,True,0.9834586466165413,True,0.0,0.0,0.1806005675631448,False,0.004682725945127242,1.0,1.0
1,2vkj,65,channel_k8,225011,baseline,False,0.980701754385965,True,0.0,0.0,0.18062893201340835,False,0.004745011891644779,1.0,1.0
1,2vkj,65,channel_k8,225011,baseline,True,0.9834586466165413,True,0.0,0.0,0.18062893201340835,False,0.00450776129706254,1.0,1.0
1,2vkj,65,channel_k16,225001,exact,False,0.987719298245614,True,0.0,0.0,0.116728273722914,False,0.0025063696060164324,1.0,0.8
1,2vkj,65,channel_k16,225001,exact,True,0.9864661654135337,True,0.0,0.0,0.116728273722914,False,0.002381051125715611,1.0,0.8
1,2vkj,65,channel_k16,225001,baseline,False,0.987719298245614,True,0.0,0.0,0.11628925268160989,False,0.0025962811626853988,1.0,0.8
1,2vkj,65,channel_k16,225001,baseline,True,0.9864661654135337,True,0.0,0.0,0.11628925268160989,False,0.002466467104551129,1.0,0.8
1,2vkj,65,channel_k16,225011,exact,False,0.987719298245614,True,0.0,0.0,0.1806005675631448,False,0.0025550762586183996,1.0,1.0
1,2vkj,65,channel_k16,225011,exact,True,0.9894736842105262,True,0.0,0.0,0.1806005675631448,False,0.00242732244568748,1.0,1.0
1,2vkj,65,channel_k16,225011,baseline,False,0.987719298245614,True,0.0,0.0,0.18062893201340835,False,0.002394709223941261,1.0,1.0
1,2vkj,65,channel_k16,225011,baseline,True,0.9894736842105262,True,0.0,0.0,0.18062893201340835,False,0.002274973762744198,1.0,1.0
1,2vkj,65,channel_k32,225001,exact,False,0.9964912280701754,True,0.0,0.0,0.116728273722914,False,0.0008339864849614336,1.0,1.0
1,2vkj,65,channel_k32,225001,exact,True,0.9969924812030074,True,0.0,0.0,0.116728273722914,False,0.0007922871607133619,1.0,1.0
1,2vkj,65,channel_k32,225001,baseline,False,0.9964912280701754,True,0.0,0.0,0.11628925268160989,False,0.0008753366986881584,1.0,1.0
1,2vkj,65,channel_k32,225001,baseline,True,0.9969924812030074,True,0.0,0.0,0.11628925268160989,False,0.0008315698637537505,1.0,1.0
1,2vkj,65,channel_k32,225011,exact,False,1.0,True,0.0,0.0,0.1806005675631448,False,0.0007590049365655432,1.0,1.0
1,2vkj,65,channel_k32,225011,exact,True,1.0,True,0.0,0.0,0.1806005675631448,False,0.000721054689737266,1.0,1.0
1,2vkj,65,channel_k32,225011,baseline,False,1.0,True,0.0,0.0,0.18062893201340835,False,0.0005356440960097428,1.0,1.0
1,2vkj,65,channel_k32,225011,baseline,True,1.0,True,0.0,0.0,0.18062893201340835,False,0.0005088618912092557,1.0,1.0
1,2vkj,65,channel_k64,225001,exact,False,0.9982456140350877,True,0.0,0.0,0.116728273722914,False,0.00027988933958884344,1.0,0.8
1,2vkj,65,channel_k64,225001,exact,True,0.9984962406015038,True,0.0,0.0,0.116728273722914,False,0.00026589487260940127,1.0,0.8
1,2vkj,65,channel_k64,225001,baseline,False,0.9982456140350877,True,0.0,0.0,0.11628925268160989,False,0.00010890965799210439,1.0,0.8
1,2vkj,65,channel_k64,225001,baseline,True,0.9984962406015038,True,0.0,0.0,0.11628925268160989,False,0.00010346417509249917,1.0,0.8
1,2vkj,65,channel_k64,225011,exact,False,0.9982456140350877,True,0.0,0.0,0.1806005675631448,False,0.00045675111557712765,1.0,1.0
1,2vkj,65,channel_k64,225011,exact,True,0.9984962406015038,True,0.0,0.0,0.1806005675631448,False,0.0004339135597982713,1.0,1.0
1,2vkj,65,channel_k64,225011,baseline,False,0.9982456140350877,True,0.0,0.0,0.18062893201340835,False,8.955329768046168e-05,1.0,1.0
1,2vkj,65,channel_k64,225011,baseline,True,0.9984962406015038,True,0.0,0.0,0.18062893201340835,False,8.507563279643859e-05,1.0,1.0
1,2vkj,65,channel_kfull,225001,exact,False,1.0,True,0.0,0.0,0.116728273722914,False,0.00025532920307530223,1.0,1.0
1,2vkj,65,channel_kfull,225001,exact,True,1.0,True,0.0,0.0,0.116728273722914,False,0.00024256274292153713,1.0,1.0
1,2vkj,65,channel_kfull,225001,baseline,False,1.0,True,0.0,0.0,0.11628925268160989,False,0.0,1.0,1.0
1,2vkj,65,channel_kfull,225001,baseline,True,1.0,True,0.0,0.0,0.11628925268160989,False,0.0,1.0,1.0
1,2vkj,65,channel_kfull,225011,exact,False,1.0,True,0.0,0.0,0.1806005675631448,False,0.0004765385376233289,1.0,1.0
1,2vkj,65,channel_kfull,225011,exact,True,1.0,True,0.0,0.0,0.1806005675631448,False,0.0004527116107421625,1.0,1.0
1,2vkj,65,channel_kfull,225011,baseline,False,1.0,True,0.0,0.0,0.18062893201340835,False,0.0,1.0,1.0
1,2vkj,65,channel_kfull,225011,baseline,True,1.0,True,0.0,0.0,0.18062893201340835,False,0.0,1.0,1.0
1,2vkj,65,shared_k0,225001,exact,False,0.8070175438596491,True,0.0,0.0,0.116728273722914,False,0.0153483497993011,0.6666666666666666,0.8
1,2vkj,65,shared_k0,225001,exact,True,0.7804511278195487,True,0.0,0.0,0.116728273722914,False,0.014580932309336044,0.6666666666666666,0.8
1,2vkj,65,shared_k0,225001,baseline,False,0.8070175438596491,True,0.0,0.0,0.11628925268160989,False,0.015409934216725742,0.6666666666666666,0.8
1,2vkj,65,shared_k0,225001,baseline,True,0.7804511278195487,True,0.0,0.0,0.11628925268160989,False,0.014639437505889455,0.6666666666666666,0.8
1,2vkj,65,shared_k0,225011,exact,False,0.8859649122807017,True,0.0,0.0,0.1806005675631448,False,0.017436869421139662,1.0,0.8
1,2vkj,65,shared_k0,225011,exact,True,0.8781954887218045,True,0.0,0.0,0.1806005675631448,False,0.01656502595008268,1.0,0.8
1,2vkj,65,shared_k0,225011,baseline,False,0.8859649122807017,True,0.0,0.0,0.18062893201340835,False,0.017137181373618294,1.0,0.8
1,2vkj,65,shared_k0,225011,baseline,True,0.8781954887218045,True,0.0,0.0,0.18062893201340835,False,0.016280322304937377,1.0,0.8
1,2vkj,65,shared_k4,225001,exact,False,0.83859649122807,True,0.0,0.0,0.116728273722914,False,0.013841864943677592,0.6666666666666666,0.8
1,2vkj,65,shared_k4,225001,exact,True,0.825563909774436,True,0.0,0.0,0.116728273722914,False,0.013149771696493711,0.6666666666666666,0.8
1,2vkj,65,shared_k4,225001,baseline,False,0.83859649122807,True,0.0,0.0,0.11628925268160989,False,0.01389694997218971,0.6666666666666666,0.8
1,2vkj,65,shared_k4,225001,baseline,True,0.825563909774436,True,0.0,0.0,0.11628925268160989,False,0.013202102473580224,0.6666666666666666,0.8
1,2vkj,65,shared_k4,225011,exact,False,0.8842105263157896,True,0.0,0.0,0.1806005675631448,False,0.014308726902167591,1.0,0.6
1,2vkj,65,shared_k4,225011,exact,True,0.8842105263157894,True,0.0,0.0,0.1806005675631448,False,0.013593290557059212,1.0,0.6
1,2vkj,65,shared_k4,225011,baseline,False,0.8842105263157896,True,0.0,0.0,0.18062893201340835,False,0.014112257516551506,1.0,0.6
1,2vkj,65,shared_k4,225011,baseline,True,0.8842105263157894,True,0.0,0.0,0.18062893201340835,False,0.013406644640723931,1.0,0.6
1,2vkj,65,shared_k8,225001,exact,False,0.8947368421052632,True,0.0,0.0,0.116728273722914,False,0.01024907188005887,0.6666666666666666,0.8
1,2vkj,65,shared_k8,225001,exact,True,0.8857142857142858,True,0.0,0.0,0.116728273722914,False,0.009736618286055926,0.6666666666666666,0.8
1,2vkj,65,shared_k8,225001,baseline,False,0.8947368421052632,True,0.0,0.0,0.11628925268160989,False,0.010246997662389123,0.6666666666666666,0.8
1,2vkj,65,shared_k8,225001,baseline,True,0.8857142857142858,True,0.0,0.0,0.11628925268160989,False,0.009734647779269667,0.6666666666666666,0.8
1,2vkj,65,shared_k8,225011,exact,False,0.9385964912280702,True,0.0,0.0,0.1806005675631448,False,0.011068190591881787,1.0,0.8
1,2vkj,65,shared_k8,225011,exact,True,0.9383458646616539,True,0.0,0.0,0.1806005675631448,False,0.010514781062287698,1.0,0.8
1,2vkj,65,shared_k8,225011,baseline,False,0.9385964912280702,True,0.0,0.0,0.18062893201340835,False,0.010797514890041314,1.0,0.8
1,2vkj,65,shared_k8,225011,baseline,True,0.9383458646616539,True,0.0,0.0,0.18062893201340835,False,0.01025763914553925,1.0,0.8
1,2vkj,65,shared_k16,225001,exact,False,0.9228070175438597,True,0.0,0.0,0.116728273722914,False,0.007465494272061732,0.6666666666666666,0.8
1,2vkj,65,shared_k16,225001,exact,True,0.9248120300751879,True,0.0,0.0,0.116728273722914,False,0.007092219558458646,0.6666666666666666,0.8
1,2vkj,65,shared_k16,225001,baseline,False,0.9228070175438597,True,0.0,0.0,0.11628925268160989,False,0.007463420054391987,0.6666666666666666,0.8
1,2vkj,65,shared_k16,225001,baseline,True,0.9248120300751879,True,0.0,0.0,0.11628925268160989,False,0.007090249051672387,0.6666666666666666,0.8
1,2vkj,65,shared_k16,225011,exact,False,0.9543859649122807,True,0.0,0.0,0.1806005675631448,False,0.008370227185407458,1.0,1.0
1,2vkj,65,shared_k16,225011,exact,True,0.9609022556390976,True,0.0,0.0,0.1806005675631448,False,0.007951715826137084,1.0,1.0
1,2vkj,65,shared_k16,225011,baseline,False,0.9543859649122807,True,0.0,0.0,0.18062893201340835,False,0.00818605387165514,1.0,1.0
1,2vkj,65,shared_k16,225011,baseline,True,0.9609022556390976,True,0.0,0.0,0.18062893201340835,False,0.007776751178072383,1.0,1.0
1,2vkj,65,shared_k32,225001,exact,False,0.9789473684210527,True,0.0,0.0,0.116728273722914,False,0.0038234170291868764,1.0,0.8
1,2vkj,65,shared_k32,225001,exact,True,0.9789473684210527,True,0.0,0.0,0.116728273722914,False,0.0036322461777275328,1.0,0.8
1,2vkj,65,shared_k32,225001,baseline,False,0.9789473684210527,True,0.0,0.0,0.11628925268160989,False,0.0038840362150621643,1.0,0.8
1,2vkj,65,shared_k32,225001,baseline,True,0.9789473684210527,True,0.0,0.0,0.11628925268160989,False,0.0036898344043090558,1.0,0.8
1,2vkj,65,shared_k32,225011,exact,False,0.9859649122807018,True,0.0,0.0,0.1806005675631448,False,0.0025096581710458933,1.0,1.0
1,2vkj,65,shared_k32,225011,exact,True,0.9879699248120299,True,0.0,0.0,0.1806005675631448,False,0.0023841752624935986,1.0,1.0
1,2vkj,65,shared_k32,225011,baseline,False,0.9859649122807018,True,0.0,0.0,0.18062893201340835,False,0.0022912291734701563,1.0,1.0
1,2vkj,65,shared_k32,225011,baseline,True,0.9879699248120299,True,0.0,0.0,0.18062893201340835,False,0.0021766677147966483,1.0,1.0
1,2vkj,65,shared_k64,225001,exact,False,0.9929824561403509,True,0.0,0.0,0.116728273722914,False,0.0016455052705810754,1.0,0.8
1,2vkj,65,shared_k64,225001,exact,True,0.993984962406015,True,0.0,0.0,0.116728273722914,False,0.0015632300070520216,1.0,0.8
1,2vkj,65,shared_k64,225001,baseline,False,0.9929824561403509,True,0.0,0.0,0.11628925268160989,False,0.001675818917032504,1.0,0.8
1,2vkj,65,shared_k64,225001,baseline,True,0.993984962406015,True,0.0,0.0,0.11628925268160989,False,0.0015920279711808788,1.0,0.8
1,2vkj,65,shared_k64,225011,exact,False,0.9964912280701754,True,0.0,0.0,0.1806005675631448,False,0.0015573399836519228,1.0,1.0
1,2vkj,65,shared_k64,225011,exact,True,0.9969924812030074,True,0.0,0.0,0.1806005675631448,False,0.0014794729844693267,1.0,1.0
1,2vkj,65,shared_k64,225011,baseline,False,0.9964912280701754,True,0.0,0.0,0.18062893201340835,False,0.0015179856236510775,1.0,1.0
1,2vkj,65,shared_k64,225011,baseline,True,0.9969924812030074,True,0.0,0.0,0.18062893201340835,False,0.0014420863424685238,1.0,1.0
1,2vkj,65,shared_kfull,225001,exact,False,1.0,True,0.0,0.0,0.116728273722914,False,0.00025532920307530223,1.0,1.0
1,2vkj,65,shared_kfull,225001,exact,True,1.0,True,0.0,0.0,0.116728273722914,False,0.00024256274292153713,1.0,1.0
1,2vkj,65,shared_kfull,225001,baseline,False,1.0,True,0.0,0.0,0.11628925268160989,False,0.0,1.0,1.0
1,2vkj,65,shared_kfull,225001,baseline,True,1.0,True,0.0,0.0,0.11628925268160989,False,0.0,1.0,1.0
1,2vkj,65,shared_kfull,225011,exact,False,1.0,True,0.0,0.0,0.1806005675631448,False,0.0004765385376233289,1.0,1.0
1,2vkj,65,shared_kfull,225011,exact,True,1.0,True,0.0,0.0,0.1806005675631448,False,0.0004527116107421625,1.0,1.0
1,2vkj,65,shared_kfull,225011,baseline,False,1.0,True,0.0,0.0,0.18062893201340835,False,0.0,1.0,1.0
1,2vkj,65,shared_kfull,225011,baseline,True,1.0,True,0.0,0.0,0.18062893201340835,False,0.0,1.0,1.0
5,1bxw,120,baseline,225001,exact,False,1.0,True,0.0,0.0,0.12105787344482621,False,6.4511041301399e-05,1.0,1.0
5,1bxw,120,baseline,225001,exact,True,1.0,True,0.0,0.0,0.12105787344482621,False,6.128548923632904e-05,1.0,1.0
5,1bxw,120,baseline,225001,baseline,False,1.0,True,0.0,0.0,0.12100035249941832,False,0.0,1.0,1.0
5,1bxw,120,baseline,225001,baseline,True,1.0,True,0.0,0.0,0.12100035249941832,False,0.0,1.0,1.0
5,1bxw,120,baseline,225011,exact,False,1.0,True,0.0,0.0,0.10470308592209121,False,4.98695607216744e-05,1.0,1.0
5,1bxw,120,baseline,225011,exact,True,1.0,True,0.0,0.0,0.10470308592209121,False,4.737608268559068e-05,1.0,1.0
5,1bxw,120,baseline,225011,baseline,False,1.0,True,0.0,0.0,0.10476040069274895,False,0.0,1.0,1.0
5,1bxw,120,baseline,225011,baseline,True,1.0,True,0.0,0.0,0.10476040069274895,False,0.0,1.0,1.0
5,1bxw,120,channel_k0,225001,exact,False,0.31052631578947365,False,0.06719777228286805,0.555087995276031,0.12105787344482621,False,0.03013341631054737,0.0,0.2
5,1bxw,120,channel_k0,225001,exact,True,0.35187969924812035,False,0.06719777228286805,0.555087995276031,0.12105787344482621,False,0.02862674549502,0.0,0.2
5,1bxw,120,channel_k0,225001,baseline,False,0.31052631578947365,False,0.06720868673907843,0.5554420739344665,0.12100035249941832,False,0.030110428408485553,0.0,0.2
5,1bxw,120,channel_k0,225001,baseline,True,0.35187969924812035,False,0.06720868673907843,0.5554420739344665,0.12100035249941832,False,0.028604906988061275,0.0,0.2
5,1bxw,120,channel_k0,225011,exact,False,0.5964912280701754,False,0.07309326680841077,0.6981004061599381,0.10470308592209121,False,0.024625112256059574,0.0,0.4
5,1bxw,120,channel_k0,225011,exact,True,0.625563909774436,False,0.07309326680841077,0.6981004061599381,0.10470308592209121,False,0.023393856643256595,0.0,0.4
5,1bxw,120,channel_k0,225011,baseline,False,0.5964912280701754,False,0.0731919923376454,0.6986608666409141,0.10476040069274895,False,0.024630571373546382,0.0,0.4
5,1bxw,120,channel_k0,225011,baseline,True,0.625563909774436,False,0.0731919923376454,0.6986608666409141,0.10476040069274895,False,0.023399042804869062,0.0,0.4
5,1bxw,120,channel_k4,225001,exact,False,0.9894736842105263,False,0.0037254096724972374,0.030773790803413907,0.12105787344482621,False,0.015624198810115272,1.0,1.0
5,1bxw,120,channel_k4,225001,exact,True,0.9894736842105262,False,0.0037254096724972374,0.030773790803413907,0.12105787344482621,False,0.014842988869609507,1.0,1.0
5,1bxw,120,channel_k4,225001,baseline,False,0.9894736842105263,False,0.0036974161980971587,0.030557069642544496,0.12100035249941832,False,0.015599333243988872,1.0,1.0
5,1bxw,120,channel_k4,225001,baseline,True,0.9894736842105262,False,0.0036974161980971587,0.030557069642544496,0.12100035249941832,False,0.014819366581789428,1.0,1.0
5,1bxw,120,channel_k4,225011,exact,False,0.980701754385965,True,0.0,0.0,0.10470308592209121,False,0.01365144578783004,0.6666666666666666,0.8
5,1bxw,120,channel_k4,225011,exact,True,0.9834586466165413,True,0.0,0.0,0.10470308592209121,False,0.012968873498438538,0.6666666666666666,0.8
5,1bxw,120,channel_k4,225011,baseline,False,0.980701754385965,True,0.0,0.0,0.10476040069274895,False,0.013650888076314123,0.6666666666666666,0.8
5,1bxw,120,channel_k4,225011,baseline,True,0.9834586466165413,True,0.0,0.0,0.10476040069274895,False,0.012968343672498417,0.6666666666666666,0.8
5,1bxw,120,channel_k8,225001,exact,False,0.9947368421052631,True,0.0,0.0,0.12105787344482621,False,0.008286226478357955,1.0,1.0
5,1bxw,120,channel_k8,225001,exact,True,0.993984962406015,True,0.0,0.0,0.12105787344482621,False,0.007871915154440056,1.0,1.0
5,1bxw,120,channel_k8,225001,baseline,False,0.9947368421052631,True,0.0,0.0,0.12100035249941832,False,0.008261360912231555,1.0,1.0
5,1bxw,120,channel_k8,225001,baseline,True,0.993984962406015,True,0.0,0.0,0.12100035249941832,False,0.007848292866619977,1.0,1.0
5,1bxw,120,channel_k8,225011,exact,False,0.980701754385965,True,0.0,0.0,0.10470308592209121,False,0.0073380183592394585,0.6666666666666666,1.0
5,1bxw,120,channel_k8,225011,exact,True,0.9834586466165413,True,0.0,0.0,0.10470308592209121,False,0.006971117441277486,0.6666666666666666,1.0
5,1bxw,120,channel_k8,225011,baseline,False,0.980701754385965,True,0.0,0.0,0.10476040069274895,False,0.007331615440414093,0.6666666666666666,1.0
5,1bxw,120,channel_k8,225011,baseline,True,0.9834586466165413,True,0.0,0.0,0.10476040069274895,False,0.0069650346683933885,0.6666666666666666,1.0
5,1bxw,120,channel_k16,225001,exact,False,0.9859649122807018,True,0.0,0.0,0.12105787344482621,False,0.0037873963356411917,1.0,1.0
5,1bxw,120,channel_k16,225001,exact,True,0.9864661654135337,True,0.0,0.0,0.12105787344482621,False,0.003598026518859132,1.0,1.0
5,1bxw,120,channel_k16,225001,baseline,False,0.9859649122807018,True,0.0,0.0,0.12100035249941832,False,0.003754643276506752,1.0,1.0
5,1bxw,120,channel_k16,225001,baseline,True,0.9864661654135337,True,0.0,0.0,0.12100035249941832,False,0.0035669111126814144,1.0,1.0
5,1bxw,120,channel_k16,225011,exact,False,0.9912280701754386,True,0.0,0.0,0.10470308592209121,False,0.0038144839260974943,1.0,1.0
5,1bxw,120,channel_k16,225011,exact,True,0.9924812030075187,True,0.0,0.0,0.10470308592209121,False,0.0036237597297926194,1.0,1.0
5,1bxw,120,channel_k16,225011,baseline,False,0.9912280701754386,True,0.0,0.0,0.10476040069274895,False,0.0038080810072721287,1.0,1.0
5,1bxw,120,channel_k16,225011,baseline,True,0.9924812030075187,True,0.0,0.0,0.10476040069274895,False,0.0036176769569085223,1.0,1.0
5,1bxw,120,channel_k32,225001,exact,False,0.987719298245614,True,0.0,0.0,0.12105787344482621,False,0.0016168177128393153,1.0,1.0
5,1bxw,120,channel_k32,225001,exact,True,0.9879699248120299,True,0.0,0.0,0.12105787344482621,False,0.0015359768271973496,1.0,1.0
5,1bxw,120,channel_k32,225001,baseline,False,0.987719298245614,True,0.0,0.0,0.12100035249941832,False,0.0016187539057730053,1.0,1.0
5,1bxw,120,channel_k32,225001,baseline,True,0.9879699248120299,True,0.0,0.0,0.12100035249941832,False,0.0015378162104843552,1.0,1.0
5,1bxw,120,channel_k32,225011,exact,False,0.9982456140350877,True,0.0,0.0,0.10470308592209121,False,0.0009708342041127319,1.0,1.0
5,1bxw,120,channel_k32,225011,exact,True,0.9984962406015038,True,0.0,0.0,0.10470308592209121,False,0.0009222924939070954,1.0,1.0
5,1bxw,120,channel_k32,225011,baseline,False,0.9982456140350877,True,0.0,0.0,0.10476040069274895,False,0.0009686776640870891,1.0,1.0
5,1bxw,120,channel_k32,225011,baseline,True,0.9984962406015038,True,0.0,0.0,0.10476040069274895,False,0.0009202437808827346,1.0,1.0
5,1bxw,120,channel_k64,225001,exact,False,0.9982456140350877,True,0.0,0.0,0.12105787344482621,False,0.0002805889067093623,1.0,1.0
5,1bxw,120,channel_k64,225001,exact,True,0.9969924812030074,True,0.0,0.0,0.12105787344482621,False,0.0002665594613738942,1.0,1.0
5,1bxw,120,channel_k64,225001,baseline,False,0.9982456140350877,True,0.0,0.0,0.12100035249941832,False,0.00032241655997731095,1.0,1.0
5,1bxw,120,channel_k64,225001,baseline,True,0.9969924812030074,True,0.0,0.0,0.12100035249941832,False,0.0003062957319784454,1.0,1.0
5,1bxw,120,channel_k64,225011,exact,False,1.0,True,0.0,0.0,0.10470308592209121,False,0.00026306995856222547,1.0,1.0
5,1bxw,120,channel_k64,225011,exact,True,1.0,True,0.0,0.0,0.10470308592209121,False,0.0002499164606341142,1.0,1.0
5,1bxw,120,channel_k64,225011,baseline,False,1.0,True,0.0,0.0,0.10476040069274895,False,0.00026127857126316474,1.0,1.0
5,1bxw,120,channel_k64,225011,baseline,True,1.0,True,0.0,0.0,0.10476040069274895,False,0.00024821464270000646,1.0,1.0
5,1bxw,120,channel_kfull,225001,exact,False,1.0,True,0.0,0.0,0.12105787344482621,False,6.4511041301399e-05,1.0,1.0
5,1bxw,120,channel_kfull,225001,exact,True,1.0,True,0.0,0.0,0.12105787344482621,False,6.128548923632904e-05,1.0,1.0
5,1bxw,120,channel_kfull,225001,baseline,False,1.0,True,0.0,0.0,0.12100035249941832,False,0.0,1.0,1.0
5,1bxw,120,channel_kfull,225001,baseline,True,1.0,True,0.0,0.0,0.12100035249941832,False,0.0,1.0,1.0
5,1bxw,120,channel_kfull,225011,exact,False,1.0,True,0.0,0.0,0.10470308592209121,False,4.98695607216744e-05,1.0,1.0
5,1bxw,120,channel_kfull,225011,exact,True,1.0,True,0.0,0.0,0.10470308592209121,False,4.737608268559068e-05,1.0,1.0
5,1bxw,120,channel_kfull,225011,baseline,False,1.0,True,0.0,0.0,0.10476040069274895,False,0.0,1.0,1.0
5,1bxw,120,channel_kfull,225011,baseline,True,1.0,True,0.0,0.0,0.10476040069274895,False,0.0,1.0,1.0
5,1bxw,120,shared_k0,225001,exact,False,0.31052631578947365,False,0.06719777228286805,0.555087995276031,0.12105787344482621,False,0.03013341631054737,0.0,0.2
5,1bxw,120,shared_k0,225001,exact,True,0.35187969924812035,False,0.06719777228286805,0.555087995276031,0.12105787344482621,False,0.02862674549502,0.0,0.2
5,1bxw,120,shared_k0,225001,baseline,False,0.31052631578947365,False,0.06720868673907843,0.5554420739344665,0.12100035249941832,False,0.030110428408485553,0.0,0.2
5,1bxw,120,shared_k0,225001,baseline,True,0.35187969924812035,False,0.06720868673907843,0.5554420739344665,0.12100035249941832,False,0.028604906988061275,0.0,0.2
5,1bxw,120,shared_k0,225011,exact,False,0.5964912280701754,False,0.07309326680841077,0.6981004061599381,0.10470308592209121,False,0.024625112256059574,0.0,0.4
5,1bxw,120,shared_k0,225011,exact,True,0.625563909774436,False,0.07309326680841077,0.6981004061599381,0.10470308592209121,False,0.023393856643256595,0.0,0.4
5,1bxw,120,shared_k0,225011,baseline,False,0.5964912280701754,False,0.0731919923376454,0.6986608666409141,0.10476040069274895,False,0.024630571373546382,0.0,0.4
5,1bxw,120,shared_k0,225011,baseline,True,0.625563909774436,False,0.0731919923376454,0.6986608666409141,0.10476040069274895,False,0.023399042804869062,0.0,0.4
5,1bxw,120,shared_k4,225001,exact,False,0.8719298245614034,False,0.0037254096724972374,0.030773790803413907,0.12105787344482621,False,0.02566526808704639,0.6666666666666666,0.8
5,1bxw,120,shared_k4,225001,exact,True,0.8842105263157894,False,0.0037254096724972374,0.030773790803413907,0.12105787344482621,False,0.02438200468269407,0.6666666666666666,0.8
5,1bxw,120,shared_k4,225001,baseline,False,0.8719298245614034,False,0.0036974161980971587,0.030557069642544496,0.12100035249941832,False,0.02564040252091999,0.6666666666666666,0.8
5,1bxw,120,shared_k4,225001,baseline,True,0.8842105263157894,False,0.0036974161980971587,0.030557069642544496,0.12100035249941832,False,0.02435838239487399,0.6666666666666666,0.8
5,1bxw,120,shared_k4,225011,exact,False,0.9368421052631579,False,0.004963729755916191,0.04740767392099279,0.10470308592209121,False,0.021801883783220927,0.6666666666666666,0.8
5,1bxw,120,shared_k4,225011,exact,True,0.9458646616541352,False,0.004963729755916191,0.04740767392099279,0.10470308592209121,False,0.020711789594059882,0.6666666666666666,0.8
5,1bxw,120,shared_k4,225011,baseline,False,0.9368421052631579,False,0.0049579581342273915,0.04732664347827909,0.10476040069274895,False,0.021807342900707738,0.6666666666666666,0.8
5,1bxw,120,shared_k4,225011,baseline,True,0.9458646616541352,False,0.0049579581342273915,0.04732664347827909,0.10476040069274895,False,0.02071697575567235,0.6666666666666666,0.8
5,1bxw,120,shared_k8,225001,exact,False,0.9526315789473684,False,0.0037254096724972374,0.030773790803413907,0.12105787344482621,False,0.020071273378955295,1.0,1.0
5,1bxw,120,shared_k8,225001,exact,True,0.9548872180451128,False,0.0037254096724972374,0.030773790803413907,0.12105787344482621,False,0.01906770971000753,1.0,1.0
5,1bxw,120,shared_k8,225001,baseline,False,0.9526315789473684,False,0.0036974161980971587,0.030557069642544496,0.12100035249941832,False,0.02004828547689348,1.0,1.0
5,1bxw,120,shared_k8,225001,baseline,True,0.9548872180451128,False,0.0036974161980971587,0.030557069642544496,0.12100035249941832,False,0.019045871203048802,1.0,1.0
5,1bxw,120,shared_k8,225011,exact,False,0.956140350877193,False,0.004963729755916191,0.04740767392099279,0.10470308592209121,False,0.017027935358115004,1.0,1.0
5,1bxw,120,shared_k8,225011,exact,True,0.9624060150375938,False,0.004963729755916191,0.04740767392099279,0.10470308592209121,False,0.016176538590209254,1.0,1.0
5,1bxw,120,shared_k8,225011,baseline,False,0.956140350877193,False,0.0049579581342273915,0.04732664347827909,0.10476040069274895,False,0.017033394475601815,1.0,1.0
5,1bxw,120,shared_k8,225011,baseline,True,0.9624060150375938,False,0.0049579581342273915,0.04732664347827909,0.10476040069274895,False,0.016181724751821724,1.0,1.0
5,1bxw,120,shared_k16,225001,exact,False,0.9736842105263157,True,0.0,0.0,0.12105787344482621,False,0.014492747387507679,1.0,1.0
5,1bxw,120,shared_k16,225001,exact,True,0.9729323308270676,True,0.0,0.0,0.12105787344482621,False,0.013768110018132296,1.0,1.0
5,1bxw,120,shared_k16,225001,baseline,False,0.9736842105263157,True,0.0,0.0,0.12100035249941832,False,0.01445715199191266,1.0,1.0
5,1bxw,120,shared_k16,225001,baseline,True,0.9729323308270676,True,0.0,0.0,0.12100035249941832,False,0.013734294392317025,1.0,1.0
5,1bxw,120,shared_k16,225011,exact,False,0.9614035087719298,True,0.0,0.0,0.10470308592209121,False,0.013089731447983468,0.6666666666666666,1.0
5,1bxw,120,shared_k16,225011,exact,True,0.9624060150375938,True,0.0,0.0,0.10470308592209121,False,0.012435244875584294,0.6666666666666666,1.0
5,1bxw,120,shared_k16,225011,baseline,False,0.9614035087719298,True,0.0,0.0,0.10476040069274895,False,0.013089744807054137,0.6666666666666666,1.0
5,1bxw,120,shared_k16,225011,baseline,True,0.9624060150375938,True,0.0,0.0,0.10476040069274895,False,0.01243525756670143,0.6666666666666666,1.0
5,1bxw,120,shared_k32,225001,exact,False,0.9789473684210527,True,0.0,0.0,0.12105787344482621,False,0.008720059936997005,1.0,1.0
5,1bxw,120,shared_k32,225001,exact,True,0.9804511278195487,True,0.0,0.0,0.12105787344482621,False,0.008284056940147156,1.0,1.0
5,1bxw,120,shared_k32,225001,baseline,False,0.9789473684210527,True,0.0,0.0,0.12100035249941832,False,0.008688533797526163,1.0,1.0
5,1bxw,120,shared_k32,225001,baseline,True,0.9804511278195487,True,0.0,0.0,0.12100035249941832,False,0.008254107107649854,1.0,1.0
5,1bxw,120,shared_k32,225011,exact,False,0.9771929824561404,True,0.0,0.0,0.10470308592209121,False,0.008783968353501908,0.6666666666666666,1.0
5,1bxw,120,shared_k32,225011,exact,True,0.9804511278195487,True,0.0,0.0,0.10470308592209121,False,0.008344769935826812,0.6666666666666666,1.0
5,1bxw,120,shared_k32,225011,baseline,False,0.9771929824561404,True,0.0,0.0,0.10476040069274895,False,0.008778136505263127,0.6666666666666666,1.0
5,1bxw,120,shared_k32,225011,baseline,True,0.9804511278195487,True,0.0,0.0,0.10476040069274895,False,0.008339229679999971,0.6666666666666666,1.0
5,1bxw,120,shared_k64,225001,exact,False,0.9824561403508772,True,0.0,0.0,0.12105787344482621,False,0.0022412205745721706,1.0,1.0
5,1bxw,120,shared_k64,225001,exact,True,0.9834586466165413,True,0.0,0.0,0.12105787344482621,False,0.002129159545843562,1.0,1.0
5,1bxw,120,shared_k64,225001,baseline,False,0.9824561403508772,True,0.0,0.0,0.12100035249941832,False,0.0022296372527679242,1.0,1.0
5,1bxw,120,shared_k64,225001,baseline,True,0.9834586466165413,True,0.0,0.0,0.12100035249941832,False,0.002118155390129528,1.0,1.0
5,1bxw,120,shared_k64,225011,exact,False,0.9929824561403509,True,0.0,0.0,0.10470308592209121,False,0.0023245241832879028,1.0,1.0
5,1bxw,120,shared_k64,225011,exact,True,0.993984962406015,True,0.0,0.0,0.10470308592209121,False,0.0022082979741235077,1.0,1.0
5,1bxw,120,shared_k64,225011,baseline,False,0.9929824561403509,True,0.0,0.0,0.10476040069274895,False,0.002312675506046396,1.0,1.0
5,1bxw,120,shared_k64,225011,baseline,True,0.993984962406015,True,0.0,0.0,0.10476040069274895,False,0.0021970417307440758,1.0,1.0
5,1bxw,120,shared_kfull,225001,exact,False,1.0,True,0.0,0.0,0.12105787344482621,False,6.4511041301399e-05,1.0,1.0
5,1bxw,120,shared_kfull,225001,exact,True,1.0,True,0.0,0.0,0.12105787344482621,False,6.128548923632904e-05,1.0,1.0
5,1bxw,120,shared_kfull,225001,baseline,False,1.0,True,0.0,0.0,0.12100035249941832,False,0.0,1.0,1.0
5,1bxw,120,shared_kfull,225001,baseline,True,1.0,True,0.0,0.0,0.12100035249941832,False,0.0,1.0,1.0
5,1bxw,120,shared_kfull,225011,exact,False,1.0,True,0.0,0.0,0.10470308592209121,False,4.98695607216744e-05,1.0,1.0
5,1bxw,120,shared_kfull,225011,exact,True,1.0,True,0.0,0.0,0.10470308592209121,False,4.737608268559068e-05,1.0,1.0
5,1bxw,120,shared_kfull,225011,baseline,False,1.0,True,0.0,0.0,0.10476040069274895,False,0.0,1.0,1.0
5,1bxw,120,shared_kfull,225011,baseline,True,1.0,True,0.0,0.0,0.10476040069274895,False,0.0,1.0,1.0
0,6ufe,33,baseline,225001,exact,False,0.9982456140350877,True,0.0,0.0,0.4402350270868929,False,0.0015198672301534454,1.0,1.0
0,6ufe,33,baseline,225001,exact,True,0.9984962406015038,True,0.0,0.0,0.4402350270868929,False,0.001443873868645773,1.0,1.0
0,6ufe,33,baseline,225001,baseline,False,1.0,True,0.0,0.0,0.43678867001414323,False,0.0,1.0,1.0
0,6ufe,33,baseline,225001,baseline,True,1.0,True,0.0,0.0,0.43678867001414323,False,0.0,1.0,1.0
0,6ufe,33,baseline,225011,exact,False,0.9982456140350877,True,0.0,0.0,0.4859267121453932,False,0.0017729980108538083,0.6666666666666666,1.0
0,6ufe,33,baseline,225011,exact,True,0.9984962406015038,True,0.0,0.0,0.4859267121453932,False,0.0016843481103111179,0.6666666666666666,1.0
0,6ufe,33,baseline,225011,baseline,False,1.0,True,0.0,0.0,0.48301596711038775,False,0.0,1.0,1.0
0,6ufe,33,baseline,225011,baseline,True,1.0,True,0.0,0.0,0.48301596711038775,False,0.0,1.0,1.0
0,6ufe,33,channel_k0,225001,exact,False,0.7894736842105263,True,0.0,0.0,0.4402350270868929,False,0.1466553159795596,0.6666666666666666,0.6
0,6ufe,33,channel_k0,225001,exact,True,0.7849624060150376,True,0.0,0.0,0.4402350270868929,False,0.13932255018058165,0.6666666666666666,0.6
0,6ufe,33,channel_k0,225001,baseline,False,0.7929824561403509,True,0.0,0.0,0.43678867001414323,False,0.14602607902260112,0.6666666666666666,0.6
0,6ufe,33,channel_k0,225001,baseline,True,0.78796992481203,True,0.0,0.0,0.43678867001414323,False,0.13872477507147105,0.6666666666666666,0.6
0,6ufe,33,channel_k0,225011,exact,False,0.8684210526315789,True,0.0,0.0,0.4859267121453932,False,0.15227613469375145,0.6666666666666666,0.8
0,6ufe,33,channel_k0,225011,exact,True,0.8421052631578947,True,0.0,0.0,0.4859267121453932,False,0.1446623279590639,0.6666666666666666,0.8
0,6ufe,33,channel_k0,225011,baseline,False,0.8666666666666666,True,0.0,0.0,0.48301596711038775,False,0.15101886673814496,0.6666666666666666,0.8
0,6ufe,33,channel_k0,225011,baseline,True,0.8406015037593983,True,0.0,0.0,0.48301596711038775,False,0.1434679234012377,0.6666666666666666,0.8
0,6ufe,33,channel_k4,225001,exact,False,0.9789473684210527,True,0.0,0.0,0.4402350270868929,False,0.041748202897768635,1.0,1.0
0,6ufe,33,channel_k4,225001,exact,True,0.9729323308270676,True,0.0,0.0,0.4402350270868929,False,0.0396607927528802,1.0,1.0
0,6ufe,33,channel_k4,225001,baseline,False,0.9824561403508772,True,0.0,0.0,0.43678867001414323,False,0.04147750305928779,1.0,1.0
0,6ufe,33,channel_k4,225001,baseline,True,0.9774436090225563,True,0.0,0.0,0.43678867001414323,False,0.0394036279063234,1.0,1.0
0,6ufe,33,channel_k4,225011,exact,False,0.9824561403508772,True,0.0,0.0,0.4859267121453932,False,0.04053234141534124,1.0,1.0
0,6ufe,33,channel_k4,225011,exact,True,0.9669172932330825,True,0.0,0.0,0.4859267121453932,False,0.03850572434457418,1.0,1.0
0,6ufe,33,channel_k4,225011,baseline,False,0.980701754385965,True,0.0,0.0,0.48301596711038775,False,0.039275073459734744,0.6666666666666666,1.0
0,6ufe,33,channel_k4,225011,baseline,True,0.9654135338345864,True,0.0,0.0,0.48301596711038775,False,0.03731131978674801,0.6666666666666666,1.0
0,6ufe,33,channel_k8,225001,exact,False,0.9894736842105263,True,0.0,0.0,0.4402350270868929,False,0.02605050664320672,1.0,0.8
0,6ufe,33,channel_k8,225001,exact,True,0.9849624060150375,True,0.0,0.0,0.4402350270868929,False,0.024747981311046385,1.0,0.8
0,6ufe,33,channel_k8,225001,baseline,False,0.9912280701754386,True,0.0,0.0,0.43678867001414323,False,0.02594680216601947,1.0,0.8
0,6ufe,33,channel_k8,225001,baseline,True,0.9879699248120299,True,0.0,0.0,0.43678867001414323,False,0.024649462057718497,1.0,0.8
0,6ufe,33,channel_k8,225011,exact,False,0.9929824561403509,True,0.0,0.0,0.4859267121453932,False,0.022023979966315707,0.6666666666666666,1.0
0,6ufe,33,channel_k8,225011,exact,True,0.9849624060150375,True,0.0,0.0,0.4859267121453932,False,0.020922780967999922,0.6666666666666666,1.0
0,6ufe,33,channel_k8,225011,baseline,False,0.9947368421052631,True,0.0,0.0,0.48301596711038775,False,0.02125202000981944,1.0,1.0
0,6ufe,33,channel_k8,225011,baseline,True,0.9864661654135337,True,0.0,0.0,0.48301596711038775,False,0.02018941900932847,1.0,1.0
0,6ufe,33,channel_k16,225001,exact,False,0.9964912280701754,True,0.0,0.0,0.4402350270868929,False,0.00796875638228526,0.6666666666666666,1.0
0,6ufe,33,channel_k16,225001,exact,True,0.9969924812030074,True,0.0,0.0,0.4402350270868929,False,0.007570318563170997,0.6666666666666666,1.0
0,6ufe,33,channel_k16,225001,baseline,False,0.9982456140350877,True,0.0,0.0,0.43678867001414323,False,0.006990454711862495,0.6666666666666666,1.0
0,6ufe,33,channel_k16,225001,baseline,True,0.9984962406015038,True,0.0,0.0,0.43678867001414323,False,0.006640931976269371,0.6666666666666666,1.0
0,6ufe,33,channel_k16,225011,exact,False,0.9982456140350877,True,0.0,0.0,0.4859267121453932,False,0.014980483296287053,1.0,1.0
0,6ufe,33,channel_k16,225011,exact,True,0.9954887218045112,True,0.0,0.0,0.4859267121453932,False,0.014231459131472701,1.0,1.0
0,6ufe,33,channel_k16,225011,baseline,False,0.9964912280701754,True,0.0,0.0,0.48301596711038775,False,0.01360666961648615,0.6666666666666666,1.0
0,6ufe,33,channel_k16,225011,baseline,True,0.993984962406015,True,0.0,0.0,0.48301596711038775,False,0.012926336135661843,0.6666666666666666,1.0
0,6ufe,33,channel_k32,225001,exact,False,0.9929824561403509,True,0.0,0.0,0.4402350270868929,False,0.005668646181068683,1.0,1.0
0,6ufe,33,channel_k32,225001,exact,True,0.993984962406015,True,0.0,0.0,0.4402350270868929,False,0.005385213872015249,1.0,1.0
0,6ufe,33,channel_k32,225001,baseline,False,0.9964912280701754,True,0.0,0.0,0.43678867001414323,False,0.0046585832508794335,1.0,1.0
0,6ufe,33,channel_k32,225001,baseline,True,0.9969924812030074,True,0.0,0.0,0.43678867001414323,False,0.004425654088335462,1.0,1.0
0,6ufe,33,channel_k32,225011,exact,False,0.9982456140350877,True,0.0,0.0,0.4859267121453932,False,0.006447950452591763,0.6666666666666666,1.0
0,6ufe,33,channel_k32,225011,exact,True,0.9984962406015038,True,0.0,0.0,0.4859267121453932,False,0.006125552929962174,0.6666666666666666,1.0
0,6ufe,33,channel_k32,225011,baseline,False,1.0,True,0.0,0.0,0.48301596711038775,False,0.005177510519773951,1.0,1.0
0,6ufe,33,channel_k32,225011,baseline,True,1.0,True,0.0,0.0,0.48301596711038775,False,0.004918634993785254,1.0,1.0
0,6ufe,33,channel_k64,225001,exact,False,0.9982456140350877,True,0.0,0.0,0.4402350270868929,False,0.001946968525258453,1.0,1.0
0,6ufe,33,channel_k64,225001,exact,True,0.9984962406015038,True,0.0,0.0,0.4402350270868929,False,0.0018496200989955303,1.0,1.0
0,6ufe,33,channel_k64,225001,baseline,False,1.0,True,0.0,0.0,0.43678867001414323,False,0.0009473259540649282,1.0,1.0
0,6ufe,33,channel_k64,225001,baseline,True,1.0,True,0.0,0.0,0.43678867001414323,False,0.0008999596563616819,1.0,1.0
0,6ufe,33,channel_k64,225011,exact,False,0.9982456140350877,True,0.0,0.0,0.4859267121453932,False,0.002091046264312037,0.6666666666666666,1.0
0,6ufe,33,channel_k64,225011,exact,True,0.9984962406015038,True,0.0,0.0,0.4859267121453932,False,0.0019864939510964353,0.6666666666666666,1.0
0,6ufe,33,channel_k64,225011,baseline,False,1.0,True,0.0,0.0,0.48301596711038775,False,0.0008433202794006938,1.0,1.0
0,6ufe,33,channel_k64,225011,baseline,True,1.0,True,0.0,0.0,0.48301596711038775,False,0.0008011542654306591,1.0,1.0
0,6ufe,33,channel_kfull,225001,exact,False,0.9982456140350877,True,0.0,0.0,0.4402350270868929,False,0.0015198672301534454,1.0,1.0
0,6ufe,33,channel_kfull,225001,exact,True,0.9984962406015038,True,0.0,0.0,0.4402350270868929,False,0.001443873868645773,1.0,1.0
0,6ufe,33,channel_kfull,225001,baseline,False,1.0,True,0.0,0.0,0.43678867001414323,False,0.0,1.0,1.0
0,6ufe,33,channel_kfull,225001,baseline,True,1.0,True,0.0,0.0,0.43678867001414323,False,0.0,1.0,1.0
0,6ufe,33,channel_kfull,225011,exact,False,0.9982456140350877,True,0.0,0.0,0.4859267121453932,False,0.0017729980108538083,0.6666666666666666,1.0
0,6ufe,33,channel_kfull,225011,exact,True,0.9984962406015038,True,0.0,0.0,0.4859267121453932,False,0.0016843481103111179,0.6666666666666666,1.0
0,6ufe,33,channel_kfull,225011,baseline,False,1.0,True,0.0,0.0,0.48301596711038775,False,0.0,1.0,1.0
0,6ufe,33,channel_kfull,225011,baseline,True,1.0,True,0.0,0.0,0.48301596711038775,False,0.0,1.0,1.0
0,6ufe,33,shared_k0,225001,exact,False,0.7894736842105263,True,0.0,0.0,0.4402350270868929,False,0.1466553159795596,0.6666666666666666,0.6
0,6ufe,33,shared_k0,225001,exact,True,0.7849624060150376,True,0.0,0.0,0.4402350270868929,False,0.13932255018058165,0.6666666666666666,0.6
0,6ufe,33,shared_k0,225001,baseline,False,0.7929824561403509,True,0.0,0.0,0.43678867001414323,False,0.14602607902260112,0.6666666666666666,0.6
0,6ufe,33,shared_k0,225001,baseline,True,0.78796992481203,True,0.0,0.0,0.43678867001414323,False,0.13872477507147105,0.6666666666666666,0.6
0,6ufe,33,shared_k0,225011,exact,False,0.8684210526315789,True,0.0,0.0,0.4859267121453932,False,0.15227613469375145,0.6666666666666666,0.8
0,6ufe,33,shared_k0,225011,exact,True,0.8421052631578947,True,0.0,0.0,0.4859267121453932,False,0.1446623279590639,0.6666666666666666,0.8
0,6ufe,33,shared_k0,225011,baseline,False,0.8666666666666666,True,0.0,0.0,0.48301596711038775,False,0.15101886673814496,0.6666666666666666,0.8
0,6ufe,33,shared_k0,225011,baseline,True,0.8406015037593983,True,0.0,0.0,0.48301596711038775,False,0.1434679234012377,0.6666666666666666,0.8
0,6ufe,33,shared_k4,225001,exact,False,0.9245614035087718,True,0.0,0.0,0.4402350270868929,False,0.09485104026754741,0.3333333333333333,1.0
0,6ufe,33,shared_k4,225001,exact,True,0.9022556390977443,True,0.0,0.0,0.4402350270868929,False,0.09010848825417003,0.3333333333333333,1.0
0,6ufe,33,shared_k4,225001,baseline,False,0.9210526315789472,True,0.0,0.0,0.43678867001414323,False,0.0942218033105889,0.3333333333333333,1.0
0,6ufe,33,shared_k4,225001,baseline,True,0.8992481203007519,True,0.0,0.0,0.43678867001414323,False,0.08951071314505946,0.3333333333333333,1.0
0,6ufe,33,shared_k4,225011,exact,False,0.9508771929824561,True,0.0,0.0,0.4859267121453932,False,0.09918822623128444,1.0,0.8
0,6ufe,33,shared_k4,225011,exact,True,0.9203007518796992,True,0.0,0.0,0.4859267121453932,False,0.09422881491972021,1.0,0.8
0,6ufe,33,shared_k4,225011,baseline,False,0.9491228070175438,True,0.0,0.0,0.48301596711038775,False,0.09793095827567795,0.6666666666666666,0.8
0,6ufe,33,shared_k4,225011,baseline,True,0.918796992481203,True,0.0,0.0,0.48301596711038775,False,0.09303441036189405,0.6666666666666666,0.8
0,6ufe,33,shared_k8,225001,exact,False,0.9771929824561404,True,0.0,0.0,0.4402350270868929,False,0.0530012267617502,0.6666666666666666,1.0
0,6ufe,33,shared_k8,225001,exact,True,0.9684210526315788,True,0.0,0.0,0.4402350270868929,False,0.05035116542366269,0.6666666666666666,1.0
0,6ufe,33,shared_k8,225001,baseline,False,0.980701754385965,True,0.0,0.0,0.43678867001414323,False,0.052289039466194155,0.6666666666666666,1.0
0,6ufe,33,shared_k8,225001,baseline,True,0.9714285714285714,True,0.0,0.0,0.43678867001414323,False,0.04967458749288445,0.6666666666666666,1.0
0,6ufe,33,shared_k8,225011,exact,False,0.9596491228070174,True,0.0,0.0,0.4859267121453932,False,0.07380779010983388,1.0,1.0
0,6ufe,33,shared_k8,225011,exact,True,0.9398496240601503,True,0.0,0.0,0.4859267121453932,False,0.07011740060434218,1.0,1.0
0,6ufe,33,shared_k8,225011,baseline,False,0.9578947368421052,True,0.0,0.0,0.48301596711038775,False,0.07250920418534794,0.6666666666666666,1.0
0,6ufe,33,shared_k8,225011,baseline,True,0.9383458646616539,True,0.0,0.0,0.48301596711038775,False,0.06888374397608055,0.6666666666666666,1.0
0,6ufe,33,shared_k16,225001,exact,False,0.9894736842105263,True,0.0,0.0,0.4402350270868929,False,0.02922284723630939,1.0,1.0
0,6ufe,33,shared_k16,225001,exact,True,0.9834586466165413,True,0.0,0.0,0.4402350270868929,False,0.02776170487449392,1.0,1.0
0,6ufe,33,shared_k16,225001,baseline,False,0.9912280701754386,True,0.0,0.0,0.43678867001414323,False,0.029229586296318905,1.0,1.0
0,6ufe,33,shared_k16,225001,baseline,True,0.9864661654135337,True,0.0,0.0,0.43678867001414323,False,0.02776810698150296,1.0,1.0
0,6ufe,33,shared_k16,225011,exact,False,0.9771929824561404,True,0.0,0.0,0.4859267121453932,False,0.04373033083615566,0.6666666666666666,1.0
0,6ufe,33,shared_k16,225011,exact,True,0.9624060150375938,True,0.0,0.0,0.4859267121453932,False,0.04154381429434788,0.6666666666666666,1.0
0,6ufe,33,shared_k16,225011,baseline,False,0.9789473684210527,True,0.0,0.0,0.48301596711038775,False,0.042473062880549174,1.0,1.0
0,6ufe,33,shared_k16,225011,baseline,True,0.9639097744360902,True,0.0,0.0,0.48301596711038775,False,0.040349409736521714,1.0,1.0
0,6ufe,33,shared_k32,225001,exact,False,0.9894736842105263,True,0.0,0.0,0.4402350270868929,False,0.014559057345786039,0.6666666666666666,0.8
0,6ufe,33,shared_k32,225001,exact,True,0.9909774436090225,True,0.0,0.0,0.4402350270868929,False,0.013831104478496736,0.6666666666666666,0.8
0,6ufe,33,shared_k32,225001,baseline,False,0.9912280701754386,True,0.0,0.0,0.43678867001414323,False,0.013760882138609756,0.6666666666666666,0.8
0,6ufe,33,shared_k32,225001,baseline,True,0.9924812030075187,True,0.0,0.0,0.43678867001414323,False,0.013072838031679268,0.6666666666666666,0.8
0,6ufe,33,shared_k32,225011,exact,False,0.9929824561403509,True,0.0,0.0,0.4859267121453932,False,0.02242186546116324,1.0,1.0
0,6ufe,33,shared_k32,225011,exact,True,0.9909774436090225,True,0.0,0.0,0.4859267121453932,False,0.021300772188105076,1.0,1.0
0,6ufe,33,shared_k32,225011,baseline,False,0.9912280701754386,True,0.0,0.0,0.48301596711038775,False,0.021006733812482893,0.6666666666666666,1.0
0,6ufe,33,shared_k32,225011,baseline,True,0.9894736842105262,True,0.0,0.0,0.48301596711038775,False,0.01995639712185875,0.6666666666666666,1.0
0,6ufe,33,shared_k64,225001,exact,False,0.9964912280701754,True,0.0,0.0,0.4402350270868929,False,0.008296551503212688,1.0,1.0
0,6ufe,33,shared_k64,225001,exact,True,0.9969924812030074,True,0.0,0.0,0.4402350270868929,False,0.007881723928052054,1.0,1.0
0,6ufe,33,shared_k64,225001,baseline,False,0.9982456140350877,True,0.0,0.0,0.43678867001414323,False,0.007448895169058474,1.0,1.0
0,6ufe,33,shared_k64,225001,baseline,True,0.9984962406015038,True,0.0,0.0,0.43678867001414323,False,0.00707645041060555,1.0,1.0
0,6ufe,33,shared_k64,225011,exact,False,0.9982456140350877,True,0.0,0.0,0.4859267121453932,False,0.0067148974997767,1.0,1.0
0,6ufe,33,shared_k64,225011,exact,True,0.9984962406015038,True,0.0,0.0,0.4859267121453932,False,0.006379152624787865,1.0,1.0
0,6ufe,33,shared_k64,225011,baseline,False,0.9964912280701754,True,0.0,0.0,0.48301596711038775,False,0.005542338379899346,0.6666666666666666,1.0
0,6ufe,33,shared_k64,225011,baseline,True,0.9969924812030074,True,0.0,0.0,0.48301596711038775,False,0.005265221460904379,0.6666666666666666,1.0
0,6ufe,33,shared_kfull,225001,exact,False,0.9982456140350877,True,0.0,0.0,0.4402350270868929,False,0.0015198672301534454,1.0,1.0
0,6ufe,33,shared_kfull,225001,exact,True,0.9984962406015038,True,0.0,0.0,0.4402350270868929,False,0.001443873868645773,1.0,1.0
0,6ufe,33,shared_kfull,225001,baseline,False,1.0,True,0.0,0.0,0.43678867001414323,False,0.0,1.0,1.0
0,6ufe,33,shared_kfull,225001,baseline,True,1.0,True,0.0,0.0,0.43678867001414323,False,0.0,1.0,1.0
0,6ufe,33,shared_kfull,225011,exact,False,0.9982456140350877,True,0.0,0.0,0.4859267121453932,False,0.0017729980108538083,0.6666666666666666,1.0
0,6ufe,33,shared_kfull,225011,exact,True,0.9984962406015038,True,0.0,0.0,0.4859267121453932,False,0.0016843481103111179,0.6666666666666666,1.0
0,6ufe,33,shared_kfull,225011,baseline,False,1.0,True,0.0,0.0,0.48301596711038775,False,0.0,1.0,1.0
0,6ufe,33,shared_kfull,225011,baseline,True,1.0,True,0.0,0.0,0.48301596711038775,False,0.0,1.0,1.0
5,1bxw,40,baseline,225001,exact,False,0.9982456140350877,True,0.0,0.0,0.05397333395307413,False,6.448295440106131e-05,1.0,1.0
5,1bxw,40,baseline,225001,exact,True,0.9984962406015038,True,0.0,0.0,0.05397333395307413,False,6.125880668100825e-05,1.0,1.0
5,1bxw,40,baseline,225001,baseline,False,1.0,True,0.0,0.0,0.05402151802921695,False,0.0,1.0,1.0
5,1bxw,40,baseline,225001,baseline,True,1.0,True,0.0,0.0,0.05402151802921695,False,0.0,1.0,1.0
5,1bxw,40,baseline,225011,exact,False,1.0,True,0.0,0.0,0.046747929379676645,False,9.729891017945232e-05,1.0,1.0
5,1bxw,40,baseline,225011,exact,True,0.9984962406015038,True,0.0,0.0,0.046747929379676645,False,9.24339646704797e-05,1.0,1.0
5,1bxw,40,baseline,225011,baseline,False,1.0,True,0.0,0.0,0.04670231036588679,False,0.0,1.0,1.0
5,1bxw,40,baseline,225011,baseline,True,1.0,True,0.0,0.0,0.04670231036588679,False,0.0,1.0,1.0
5,1bxw,40,channel_k0,225001,exact,False,-0.06140350877192983,True,0.0,0.0,0.05397333395307413,False,0.013748687373678946,0.3333333333333333,0.2
5,1bxw,40,channel_k0,225001,exact,True,-0.10375939849624059,True,0.0,0.0,0.05397333395307413,False,0.013061253004995,0.3333333333333333,0.2
5,1bxw,40,channel_k0,225001,baseline,False,-0.04385964912280702,True,0.0,0.0,0.05402151802921695,False,0.013697069586224199,0.3333333333333333,0.2
5,1bxw,40,channel_k0,225001,baseline,True,-0.08721804511278194,True,0.0,0.0,0.05402151802921695,False,0.013012216106912989,0.3333333333333333,0.2
5,1bxw,40,channel_k0,225011,exact,False,0.03508771929824562,False,0.013903890197840552,0.29742258924274784,0.046747929379676645,False,0.01298434609445416,0.3333333333333333,0.2
5,1bxw,40,channel_k0,225011,exact,True,0.04962406015037594,False,0.013903890197840552,0.29742258924274784,0.046747929379676645,False,0.012335128789731453,0.3333333333333333,0.2
5,1bxw,40,channel_k0,225011,baseline,False,0.03508771929824562,False,0.013896563847733967,0.2975562394849863,0.04670231036588679,False,0.012896067766408503,0.3333333333333333,0.2
5,1bxw,40,channel_k0,225011,baseline,True,0.05714285714285714,False,0.013896563847733967,0.2975562394849863,0.04670231036588679,False,0.012251264378088078,0.3333333333333333,0.2
5,1bxw,40,channel_k4,225001,exact,False,0.5894736842105263,True,0.0,0.0,0.05397333395307413,False,0.009332345742975269,0.3333333333333333,0.4
5,1bxw,40,channel_k4,225001,exact,True,0.6390977443609022,True,0.0,0.0,0.05397333395307413,False,0.008865728455826505,0.3333333333333333,0.4
5,1bxw,40,channel_k4,225001,baseline,False,0.5824561403508772,True,0.0,0.0,0.05402151802921695,False,0.009306852209255785,0.3333333333333333,0.4
5,1bxw,40,channel_k4,225001,baseline,True,0.631578947368421,True,0.0,0.0,0.05402151802921695,False,0.008841509598792995,0.3333333333333333,0.4
5,1bxw,40,channel_k4,225011,exact,False,0.9,False,0.0062660595832206845,0.13403929684947313,0.046747929379676645,False,0.008170128467872795,0.0,0.8
5,1bxw,40,channel_k4,225011,exact,True,0.9142857142857143,False,0.0062660595832206845,0.13403929684947313,0.046747929379676645,False,0.007761622044479155,0.0,0.8
5,1bxw,40,channel_k4,225011,baseline,False,0.9,False,0.006183726978228998,0.13240730340282772,0.04670231036588679,False,0.00809820702257827,0.0,0.8
5,1bxw,40,channel_k4,225011,baseline,True,0.9097744360902256,False,0.006183726978228998,0.13240730340282772,0.04670231036588679,False,0.007693296671449357,0.0,0.8
5,1bxw,40,channel_k8,225001,exact,False,0.7982456140350876,True,0.0,0.0,0.05397333395307413,False,0.00624329247231855,0.6666666666666666,0.8
5,1bxw,40,channel_k8,225001,exact,True,0.813533834586466,True,0.0,0.0,0.05397333395307413,False,0.005931127848702622,0.6666666666666666,0.8
5,1bxw,40,channel_k8,225001,baseline,False,0.7824561403508771,True,0.0,0.0,0.05402151802921695,False,0.006225950638515691,0.6666666666666666,0.8
5,1bxw,40,channel_k8,225001,baseline,True,0.7984962406015037,True,0.0,0.0,0.05402151802921695,False,0.005914653106589907,0.6666666666666666,0.8
5,1bxw,40,channel_k8,225011,exact,False,0.8614035087719297,False,0.0006662155201182518,0.01425123056697105,0.046747929379676645,False,0.005162233449802045,0.6666666666666666,0.8
5,1bxw,40,channel_k8,225011,exact,True,0.8812030075187969,False,0.0006662155201182518,0.01425123056697105,0.046747929379676645,False,0.004904121777311943,0.6666666666666666,0.8
5,1bxw,40,channel_k8,225011,baseline,False,0.8614035087719297,False,0.0005806117331861316,0.012432184374549344,0.04670231036588679,False,0.0051286886729765965,0.6666666666666666,0.8
5,1bxw,40,channel_k8,225011,baseline,True,0.8706766917293233,False,0.0005806117331861316,0.012432184374549344,0.04670231036588679,False,0.004872254239327767,0.6666666666666666,0.8
5,1bxw,40,channel_k16,225001,exact,False,0.980701754385965,True,0.0,0.0,0.05397333395307413,False,0.002871102129442655,1.0,0.8
5,1bxw,40,channel_k16,225001,exact,True,0.9819548872180449,True,0.0,0.0,0.05397333395307413,False,0.0027275470229705225,1.0,0.8
5,1bxw,40,channel_k16,225001,baseline,False,0.9789473684210527,True,0.0,0.0,0.05402151802921695,False,0.002854509251948908,1.0,0.8
5,1bxw,40,channel_k16,225001,baseline,True,0.9789473684210527,True,0.0,0.0,0.05402151802921695,False,0.002711783789351463,1.0,0.8
5,1bxw,40,channel_k16,225011,exact,False,0.9789473684210527,True,0.0,0.0,0.046747929379676645,False,0.0023805475039790328,0.6666666666666666,0.8
5,1bxw,40,channel_k16,225011,exact,True,0.9819548872180449,True,0.0,0.0,0.046747929379676645,False,0.002261520128780081,0.6666666666666666,0.8
5,1bxw,40,channel_k16,225011,baseline,False,0.9789473684210527,True,0.0,0.0,0.04670231036588679,False,0.002351103409597836,0.6666666666666666,0.8
5,1bxw,40,channel_k16,225011,baseline,True,0.9804511278195487,True,0.0,0.0,0.04670231036588679,False,0.002233548239117944,0.6666666666666666,0.8
5,1bxw,40,channel_k32,225001,exact,False,0.9982456140350877,True,0.0,0.0,0.05397333395307413,False,0.0010319021384617272,1.0,1.0
5,1bxw,40,channel_k32,225001,exact,True,0.9969924812030074,True,0.0,0.0,0.05397333395307413,False,0.0009803070315386408,1.0,1.0
5,1bxw,40,channel_k32,225001,baseline,False,0.9964912280701754,True,0.0,0.0,0.05402151802921695,False,0.0010153092609679806,1.0,1.0
5,1bxw,40,channel_k32,225001,baseline,True,0.993984962406015,True,0.0,0.0,0.05402151802921695,False,0.0009645437979195814,1.0,1.0
5,1bxw,40,channel_k32,225011,exact,False,0.987719298245614,True,0.0,0.0,0.046747929379676645,False,0.0006515114416624048,1.0,1.0
5,1bxw,40,channel_k32,225011,exact,True,0.9894736842105262,True,0.0,0.0,0.046747929379676645,False,0.0006189358695792846,1.0,1.0
5,1bxw,40,channel_k32,225011,baseline,False,0.987719298245614,True,0.0,0.0,0.04670231036588679,False,0.0006411985283666553,1.0,1.0
5,1bxw,40,channel_k32,225011,baseline,True,0.9879699248120299,True,0.0,0.0,0.04670231036588679,False,0.0006091386019483225,1.0,1.0
5,1bxw,40,channel_k64,225001,exact,False,0.9964912280701754,True,0.0,0.0,0.05397333395307413,False,0.00026409613238251745,1.0,1.0
5,1bxw,40,channel_k64,225001,exact,True,0.9954887218045112,True,0.0,0.0,0.05397333395307413,False,0.00025089132576339157,1.0,1.0
5,1bxw,40,channel_k64,225001,baseline,False,0.9947368421052631,True,0.0,0.0,0.05402151802921695,False,0.00023025782902986794,1.0,1.0
5,1bxw,40,channel_k64,225001,baseline,True,0.993984962406015,True,0.0,0.0,0.05402151802921695,False,0.00021874493757837455,1.0,1.0
5,1bxw,40,channel_k64,225011,exact,False,0.9964912280701754,True,0.0,0.0,0.046747929379676645,False,0.00022810173103626178,1.0,0.8
5,1bxw,40,channel_k64,225011,exact,True,0.9954887218045112,True,0.0,0.0,0.046747929379676645,False,0.0002166966444844487,1.0,0.8
5,1bxw,40,channel_k64,225011,baseline,False,0.9964912280701754,True,0.0,0.0,0.04670231036588679,False,0.00024537343032658335,1.0,0.8
5,1bxw,40,channel_k64,225011,baseline,True,0.9969924812030074,True,0.0,0.0,0.04670231036588679,False,0.00023310475881025417,1.0,0.8
5,1bxw,40,channel_kfull,225001,exact,False,0.9982456140350877,True,0.0,0.0,0.05397333395307413,False,6.448295440106131e-05,1.0,1.0
5,1bxw,40,channel_kfull,225001,exact,True,0.9984962406015038,True,0.0,0.0,0.05397333395307413,False,6.125880668100825e-05,1.0,1.0
5,1bxw,40,channel_kfull,225001,baseline,False,1.0,True,0.0,0.0,0.05402151802921695,False,0.0,1.0,1.0
5,1bxw,40,channel_kfull,225001,baseline,True,1.0,True,0.0,0.0,0.05402151802921695,False,0.0,1.0,1.0
5,1bxw,40,channel_kfull,225011,exact,False,1.0,True,0.0,0.0,0.046747929379676645,False,9.729891017945232e-05,1.0,1.0
5,1bxw,40,channel_kfull,225011,exact,True,0.9984962406015038,True,0.0,0.0,0.046747929379676645,False,9.24339646704797e-05,1.0,1.0
5,1bxw,40,channel_kfull,225011,baseline,False,1.0,True,0.0,0.0,0.04670231036588679,False,0.0,1.0,1.0
5,1bxw,40,channel_kfull,225011,baseline,True,1.0,True,0.0,0.0,0.04670231036588679,False,0.0,1.0,1.0
5,1bxw,40,shared_k0,225001,exact,False,-0.06140350877192983,True,0.0,0.0,0.05397333395307413,False,0.013748687373678946,0.3333333333333333,0.2
5,1bxw,40,shared_k0,225001,exact,True,-0.10375939849624059,True,0.0,0.0,0.05397333395307413,False,0.013061253004995,0.3333333333333333,0.2
5,1bxw,40,shared_k0,225001,baseline,False,-0.04385964912280702,True,0.0,0.0,0.05402151802921695,False,0.013697069586224199,0.3333333333333333,0.2
5,1bxw,40,shared_k0,225001,baseline,True,-0.08721804511278194,True,0.0,0.0,0.05402151802921695,False,0.013012216106912989,0.3333333333333333,0.2
5,1bxw,40,shared_k0,225011,exact,False,0.03508771929824562,False,0.013903890197840552,0.29742258924274784,0.046747929379676645,False,0.01298434609445416,0.3333333333333333,0.2
5,1bxw,40,shared_k0,225011,exact,True,0.04962406015037594,False,0.013903890197840552,0.29742258924274784,0.046747929379676645,False,0.012335128789731453,0.3333333333333333,0.2
5,1bxw,40,shared_k0,225011,baseline,False,0.03508771929824562,False,0.013896563847733967,0.2975562394849863,0.04670231036588679,False,0.012896067766408503,0.3333333333333333,0.2
5,1bxw,40,shared_k0,225011,baseline,True,0.05714285714285714,False,0.013896563847733967,0.2975562394849863,0.04670231036588679,False,0.012251264378088078,0.3333333333333333,0.2
5,1bxw,40,shared_k4,225001,exact,False,0.2543859649122807,True,0.0,0.0,0.05397333395307413,False,0.012775257222999535,0.6666666666666666,0.4
5,1bxw,40,shared_k4,225001,exact,True,0.20751879699248119,True,0.0,0.0,0.05397333395307413,False,0.012136494361849558,0.6666666666666666,0.4
5,1bxw,40,shared_k4,225001,baseline,False,0.27368421052631575,True,0.0,0.0,0.05402151802921695,False,0.012723639435544788,0.6666666666666666,0.4
5,1bxw,40,shared_k4,225001,baseline,True,0.22556390977443608,True,0.0,0.0,0.05402151802921695,False,0.012087457463767548,0.6666666666666666,0.4
5,1bxw,40,shared_k4,225011,exact,False,0.6368421052631579,False,0.0062660595832206845,0.13403929684947313,0.046747929379676645,False,0.012084924475684714,0.3333333333333333,0.4
5,1bxw,40,shared_k4,225011,exact,True,0.6676691729323309,False,0.0062660595832206845,0.13403929684947313,0.046747929379676645,False,0.011480678251900477,0.3333333333333333,0.4
5,1bxw,40,shared_k4,225011,baseline,False,0.6368421052631579,False,0.006183726978228998,0.13240730340282772,0.04670231036588679,False,0.011996646147639055,0.3333333333333333,0.4
5,1bxw,40,shared_k4,225011,baseline,True,0.6706766917293233,False,0.006183726978228998,0.13240730340282772,0.04670231036588679,False,0.011396813840257102,0.3333333333333333,0.4
5,1bxw,40,shared_k8,225001,exact,False,0.7578947368421053,True,0.0,0.0,0.05397333395307413,False,0.010070386860061552,0.6666666666666666,0.6
5,1bxw,40,shared_k8,225001,exact,True,0.7819548872180451,True,0.0,0.0,0.05397333395307413,False,0.009566867517058476,0.6666666666666666,0.6
5,1bxw,40,shared_k8,225001,baseline,False,0.763157894736842,True,0.0,0.0,0.05402151802921695,False,0.010039300194278514,0.6666666666666666,0.6
5,1bxw,40,shared_k8,225001,baseline,True,0.78796992481203,True,0.0,0.0,0.05402151802921695,False,0.009537335184564589,0.6666666666666666,0.6
5,1bxw,40,shared_k8,225011,exact,False,0.8719298245614034,False,0.0062660595832206845,0.13403929684947313,0.046747929379676645,False,0.008405833182181582,0.3333333333333333,0.8
5,1bxw,40,shared_k8,225011,exact,True,0.8887218045112781,False,0.0062660595832206845,0.13403929684947313,0.046747929379676645,False,0.007985541523072504,0.3333333333333333,0.8
5,1bxw,40,shared_k8,225011,baseline,False,0.8719298245614034,False,0.006183726978228998,0.13240730340282772,0.04670231036588679,False,0.008317554854135925,0.3333333333333333,0.8
5,1bxw,40,shared_k8,225011,baseline,True,0.8902255639097743,False,0.006183726978228998,0.13240730340282772,0.04670231036588679,False,0.007901677111429129,0.3333333333333333,0.8
5,1bxw,40,shared_k16,225001,exact,False,0.9140350877192982,True,0.0,0.0,0.05397333395307413,False,0.007179798387435193,0.6666666666666666,0.8
5,1bxw,40,shared_k16,225001,exact,True,0.9248120300751879,True,0.0,0.0,0.05397333395307413,False,0.006820808468063433,0.6666666666666666,0.8
5,1bxw,40,shared_k16,225001,baseline,False,0.9122807017543859,True,0.0,0.0,0.05402151802921695,False,0.0071543048537157095,0.6666666666666666,0.8
5,1bxw,40,shared_k16,225001,baseline,True,0.9218045112781955,True,0.0,0.0,0.05402151802921695,False,0.006796589611029924,0.6666666666666666,0.8
5,1bxw,40,shared_k16,225011,exact,False,0.8912280701754386,False,0.0006662155201182518,0.01425123056697105,0.046747929379676645,False,0.005519200485909575,1.0,0.6
5,1bxw,40,shared_k16,225011,exact,True,0.9067669172932331,False,0.0006662155201182518,0.01425123056697105,0.046747929379676645,False,0.005243240461614096,1.0,0.6
5,1bxw,40,shared_k16,225011,baseline,False,0.8912280701754386,False,0.0005806117331861316,0.012432184374549344,0.04670231036588679,False,0.005480462711479494,1.0,0.6
5,1bxw,40,shared_k16,225011,baseline,True,0.9022556390977443,False,0.0005806117331861316,0.012432184374549344,0.04670231036588679,False,0.00520643957590552,1.0,0.6
5,1bxw,40,shared_k32,225001,exact,False,0.9596491228070174,True,0.0,0.0,0.05397333395307413,False,0.0038935406955988732,0.6666666666666666,0.6
5,1bxw,40,shared_k32,225001,exact,True,0.9639097744360902,True,0.0,0.0,0.05397333395307413,False,0.0036988636608189297,0.6666666666666666,0.6
5,1bxw,40,shared_k32,225001,baseline,False,0.9578947368421052,True,0.0,0.0,0.05402151802921695,False,0.003876198861796015,0.6666666666666666,0.6
5,1bxw,40,shared_k32,225001,baseline,True,0.9609022556390976,True,0.0,0.0,0.05402151802921695,False,0.0036823889187062144,0.6666666666666666,0.6
5,1bxw,40,shared_k32,225011,exact,False,0.9403508771929823,False,0.0006662155201182518,0.01425123056697105,0.046747929379676645,False,0.002690538106545918,0.6666666666666666,0.8
5,1bxw,40,shared_k32,225011,exact,True,0.9488721804511278,False,0.0006662155201182518,0.01425123056697105,0.046747929379676645,False,0.002556011201218622,0.6666666666666666,0.8
5,1bxw,40,shared_k32,225011,baseline,False,0.9403508771929823,False,0.0005806117331861316,0.012432184374549344,0.04670231036588679,False,0.0026693741094099043,0.6666666666666666,0.8
5,1bxw,40,shared_k32,225011,baseline,True,0.9473684210526315,False,0.0005806117331861316,0.012432184374549344,0.04670231036588679,False,0.002535905403939409,0.6666666666666666,0.8
5,1bxw,40,shared_k64,225001,exact,False,0.9929824561403509,True,0.0,0.0,0.05397333395307413,False,0.0014062608743859364,1.0,0.8
5,1bxw,40,shared_k64,225001,exact,True,0.993984962406015,True,0.0,0.0,0.05397333395307413,False,0.0013359478306666395,1.0,0.8
5,1bxw,40,shared_k64,225001,baseline,False,0.9912280701754386,True,0.0,0.0,0.05402151802921695,False,0.001381356309414167,1.0,0.8
5,1bxw,40,shared_k64,225001,baseline,True,0.9924812030075187,True,0.0,0.0,0.05402151802921695,False,0.0013122884939434586,1.0,0.8
5,1bxw,40,shared_k64,225011,exact,False,0.987719298245614,True,0.0,0.0,0.046747929379676645,False,0.0008588738247292321,1.0,1.0
5,1bxw,40,shared_k64,225011,exact,True,0.9894736842105262,True,0.0,0.0,0.046747929379676645,False,0.0008159301334927704,1.0,1.0
5,1bxw,40,shared_k64,225011,baseline,False,0.987719298245614,True,0.0,0.0,0.04670231036588679,False,0.0008776435722011268,1.0,1.0
5,1bxw,40,shared_k64,225011,baseline,True,0.9879699248120299,True,0.0,0.0,0.04670231036588679,False,0.0008337613935910704,1.0,1.0
5,1bxw,40,shared_kfull,225001,exact,False,0.9982456140350877,True,0.0,0.0,0.05397333395307413,False,6.448295440106131e-05,1.0,1.0
5,1bxw,40,shared_kfull,225001,exact,True,0.9984962406015038,True,0.0,0.0,0.05397333395307413,False,6.125880668100825e-05,1.0,1.0
5,1bxw,40,shared_kfull,225001,baseline,False,1.0,True,0.0,0.0,0.05402151802921695,False,0.0,1.0,1.0
5,1bxw,40,shared_kfull,225001,baseline,True,1.0,True,0.0,0.0,0.05402151802921695,False,0.0,1.0,1.0
5,1bxw,40,shared_kfull,225011,exact,False,1.0,True,0.0,0.0,0.046747929379676645,False,9.729891017945232e-05,1.0,1.0
5,1bxw,40,shared_kfull,225011,exact,True,0.9984962406015038,True,0.0,0.0,0.046747929379676645,False,9.24339646704797e-05,1.0,1.0
5,1bxw,40,shared_kfull,225011,baseline,False,1.0,True,0.0,0.0,0.04670231036588679,False,0.0,1.0,1.0
5,1bxw,40,shared_kfull,225011,baseline,True,1.0,True,0.0,0.0,0.04670231036588679,False,0.0,1.0,1.0
0,6ufe,73,baseline,225001,exact,False,1.0,True,0.0,0.0,2.1499719131910107,False,0.002517967255688749,1.0,1.0
0,6ufe,73,baseline,225001,exact,True,1.0,True,0.0,0.0,2.1499719131910107,False,0.0023920688929043115,1.0,1.0
0,6ufe,73,baseline,225001,baseline,False,1.0,True,0.0,0.0,2.15259282993337,False,0.0,1.0,1.0
0,6ufe,73,baseline,225001,baseline,True,1.0,True,0.0,0.0,2.15259282993337,False,0.0,1.0,1.0
0,6ufe,73,baseline,225011,exact,False,0.9982456140350877,True,0.0,0.0,2.0541586997118175,False,0.002580929100996078,1.0,1.0
0,6ufe,73,baseline,225011,exact,True,0.9984962406015038,True,0.0,0.0,2.0541586997118175,False,0.0024518826459462737,1.0,1.0
0,6ufe,73,baseline,225011,baseline,False,1.0,True,0.0,0.0,2.0580547815694024,False,0.0,1.0,1.0
0,6ufe,73,baseline,225011,baseline,True,1.0,True,0.0,0.0,2.0580547815694024,False,0.0,1.0,1.0
0,6ufe,73,channel_k0,225001,exact,False,0.5421052631578946,False,0.02828403743666058,0.013155538108719346,2.1499719131910107,False,0.4186459457297482,0.3333333333333333,0.4
0,6ufe,73,channel_k0,225001,exact,True,0.5684210526315789,False,0.02828403743666058,0.013155538108719346,2.1499719131910107,False,0.39771364844326074,0.3333333333333333,0.4
0,6ufe,73,channel_k0,225001,baseline,False,0.5421052631578946,False,0.027926158134259582,0.012973265424805857,2.15259282993337,False,0.4201544474608689,0.3333333333333333,0.4
0,6ufe,73,channel_k0,225001,baseline,True,0.5684210526315789,False,0.027926158134259582,0.012973265424805857,2.15259282993337,False,0.39914672508782545,0.3333333333333333,0.4
0,6ufe,73,channel_k0,225011,exact,False,0.24912280701754386,False,1.4817591772498064,0.7213460077148303,2.0541586997118175,False,0.40164595198841235,0.3333333333333333,0.4
0,6ufe,73,channel_k0,225011,exact,True,0.3278195488721804,False,1.4817591772498064,0.7213460077148303,2.0541586997118175,False,0.38156365438899176,0.3333333333333333,0.4
0,6ufe,73,channel_k0,225011,baseline,False,0.25263157894736843,False,1.4835921755159596,0.7208710811792011,2.0580547815694024,False,0.4024804416599251,0.3333333333333333,0.4
0,6ufe,73,channel_k0,225011,baseline,True,0.33082706766917286,False,1.4835921755159596,0.7208710811792011,2.0580547815694024,False,0.3823564195769288,0.3333333333333333,0.4
0,6ufe,73,channel_k4,225001,exact,False,0.9912280701754386,False,0.0007363298793934825,0.0003424834877496674,2.1499719131910107,False,0.03884341856126202,1.0,1.0
0,6ufe,73,channel_k4,225001,exact,True,0.9924812030075187,False,0.0007363298793934825,0.0003424834877496674,2.1499719131910107,False,0.03690124763319892,1.0,1.0
0,6ufe,73,channel_k4,225001,baseline,False,0.9912280701754386,False,0.0008573489698114889,0.0003982866419925903,2.15259282993337,False,0.040750550806305436,1.0,1.0
0,6ufe,73,channel_k4,225001,baseline,True,0.9924812030075187,False,0.0008573489698114889,0.0003982866419925903,2.15259282993337,False,0.03871302326599017,1.0,1.0
0,6ufe,73,channel_k4,225011,exact,False,0.9964912280701754,True,0.0,0.0,2.0541586997118175,False,0.025916340921925306,1.0,1.0
0,6ufe,73,channel_k4,225011,exact,True,0.9969924812030074,True,0.0,0.0,2.0541586997118175,False,0.024620523875829043,1.0,1.0
0,6ufe,73,channel_k4,225011,baseline,False,0.9982456140350877,True,0.0,0.0,2.0580547815694024,False,0.02704220812110459,1.0,1.0
0,6ufe,73,channel_k4,225011,baseline,True,0.9984962406015038,True,0.0,0.0,2.0580547815694024,False,0.02569009771504936,1.0,1.0
0,6ufe,73,channel_k8,225001,exact,False,0.9982456140350877,False,0.0007363298793934825,0.0003424834877496674,2.1499719131910107,False,0.018925258734535398,1.0,1.0
0,6ufe,73,channel_k8,225001,exact,True,0.9984962406015038,False,0.0007363298793934825,0.0003424834877496674,2.1499719131910107,False,0.01797899579780863,1.0,1.0
0,6ufe,73,channel_k8,225001,baseline,False,0.9982456140350877,False,0.0008573489698114889,0.0003982866419925903,2.15259282993337,False,0.01893262912598381,1.0,1.0
0,6ufe,73,channel_k8,225001,baseline,True,0.9984962406015038,False,0.0008573489698114889,0.0003982866419925903,2.15259282993337,False,0.01798599766968462,1.0,1.0
0,6ufe,73,channel_k8,225011,exact,False,0.9982456140350877,True,0.0,0.0,2.0541586997118175,False,0.016112087709274837,1.0,1.0
0,6ufe,73,channel_k8,225011,exact,True,0.9984962406015038,True,0.0,0.0,2.0541586997118175,False,0.015306483323811095,1.0,1.0
0,6ufe,73,channel_k8,225011,baseline,False,0.9964912280701754,True,0.0,0.0,2.0580547815694024,False,0.016306559947784304,1.0,1.0
0,6ufe,73,channel_k8,225011,baseline,True,0.9969924812030074,True,0.0,0.0,2.0580547815694024,False,0.015491231950395087,1.0,1.0
0,6ufe,73,channel_k16,225001,exact,False,1.0,True,0.0,0.0,2.1499719131910107,False,0.010808530268001057,1.0,1.0
0,6ufe,73,channel_k16,225001,exact,True,1.0,True,0.0,0.0,2.1499719131910107,False,0.010268103754601004,1.0,1.0
0,6ufe,73,channel_k16,225001,baseline,False,1.0,True,0.0,0.0,2.15259282993337,False,0.009391999350998043,1.0,1.0
0,6ufe,73,channel_k16,225001,baseline,True,1.0,True,0.0,0.0,2.15259282993337,False,0.00892239938344814,1.0,1.0
0,6ufe,73,channel_k16,225011,exact,False,1.0,True,0.0,0.0,2.0541586997118175,False,0.008973557853518896,1.0,1.0
0,6ufe,73,channel_k16,225011,exact,True,1.0,True,0.0,0.0,2.0541586997118175,False,0.008524879960842951,1.0,1.0
0,6ufe,73,channel_k16,225011,baseline,False,0.9982456140350877,True,0.0,0.0,2.0580547815694024,False,0.007943167147377311,1.0,1.0
0,6ufe,73,channel_k16,225011,baseline,True,0.9984962406015038,True,0.0,0.0,2.0580547815694024,False,0.007546008790008446,1.0,1.0
0,6ufe,73,channel_k32,225001,exact,False,1.0,True,0.0,0.0,2.1499719131910107,False,0.0059614892800580336,1.0,1.0
0,6ufe,73,channel_k32,225001,exact,True,1.0,True,0.0,0.0,2.1499719131910107,False,0.005663414816055132,1.0,1.0
0,6ufe,73,channel_k32,225001,baseline,False,1.0,True,0.0,0.0,2.15259282993337,False,0.005344652661194438,1.0,1.0
0,6ufe,73,channel_k32,225001,baseline,True,1.0,True,0.0,0.0,2.15259282993337,False,0.005077420028134716,1.0,1.0
0,6ufe,73,channel_k32,225011,exact,False,0.9982456140350877,True,0.0,0.0,2.0541586997118175,False,0.003588235465944211,1.0,1.0
0,6ufe,73,channel_k32,225011,exact,True,0.9984962406015038,True,0.0,0.0,2.0541586997118175,False,0.0034088236926470006,1.0,1.0
0,6ufe,73,channel_k32,225011,baseline,False,1.0,True,0.0,0.0,2.0580547815694024,False,0.0021429108824508763,1.0,1.0
0,6ufe,73,channel_k32,225011,baseline,True,1.0,True,0.0,0.0,2.0580547815694024,False,0.0020357653383283325,1.0,1.0
0,6ufe,73,channel_k64,225001,exact,False,1.0,True,0.0,0.0,2.1499719131910107,False,0.0026823119310042227,1.0,1.0
0,6ufe,73,channel_k64,225001,exact,True,1.0,True,0.0,0.0,2.1499719131910107,False,0.0025481963344540113,1.0,1.0
0,6ufe,73,channel_k64,225001,baseline,False,1.0,True,0.0,0.0,2.15259282993337,False,0.0005426554448947205,1.0,1.0
0,6ufe,73,channel_k64,225001,baseline,True,1.0,True,0.0,0.0,2.15259282993337,False,0.0005155226726499846,1.0,1.0
0,6ufe,73,channel_k64,225011,exact,False,0.9982456140350877,True,0.0,0.0,2.0541586997118175,False,0.00258743052666301,1.0,1.0
0,6ufe,73,channel_k64,225011,exact,True,0.9984962406015038,True,0.0,0.0,2.0541586997118175,False,0.0024580590003298597,1.0,1.0
0,6ufe,73,channel_k64,225011,baseline,False,1.0,True,0.0,0.0,2.0580547815694024,False,0.00023179920994425242,1.0,1.0
0,6ufe,73,channel_k64,225011,baseline,True,1.0,True,0.0,0.0,2.0580547815694024,False,0.00022020924944703978,1.0,1.0
0,6ufe,73,channel_kfull,225001,exact,False,1.0,True,0.0,0.0,2.1499719131910107,False,0.002517967255688749,1.0,1.0
0,6ufe,73,channel_kfull,225001,exact,True,1.0,True,0.0,0.0,2.1499719131910107,False,0.0023920688929043115,1.0,1.0
0,6ufe,73,channel_kfull,225001,baseline,False,1.0,True,0.0,0.0,2.15259282993337,False,0.0,1.0,1.0
0,6ufe,73,channel_kfull,225001,baseline,True,1.0,True,0.0,0.0,2.15259282993337,False,0.0,1.0,1.0
0,6ufe,73,channel_kfull,225011,exact,False,0.9982456140350877,True,0.0,0.0,2.0541586997118175,False,0.002580929100996078,1.0,1.0
0,6ufe,73,channel_kfull,225011,exact,True,0.9984962406015038,True,0.0,0.0,2.0541586997118175,False,0.0024518826459462737,1.0,1.0
0,6ufe,73,channel_kfull,225011,baseline,False,1.0,True,0.0,0.0,2.0580547815694024,False,0.0,1.0,1.0
0,6ufe,73,channel_kfull,225011,baseline,True,1.0,True,0.0,0.0,2.0580547815694024,False,0.0,1.0,1.0
0,6ufe,73,shared_k0,225001,exact,False,0.5421052631578946,False,0.02828403743666058,0.013155538108719346,2.1499719131910107,False,0.4186459457297482,0.3333333333333333,0.4
0,6ufe,73,shared_k0,225001,exact,True,0.5684210526315789,False,0.02828403743666058,0.013155538108719346,2.1499719131910107,False,0.39771364844326074,0.3333333333333333,0.4
0,6ufe,73,shared_k0,225001,baseline,False,0.5421052631578946,False,0.027926158134259582,0.012973265424805857,2.15259282993337,False,0.4201544474608689,0.3333333333333333,0.4
0,6ufe,73,shared_k0,225001,baseline,True,0.5684210526315789,False,0.027926158134259582,0.012973265424805857,2.15259282993337,False,0.39914672508782545,0.3333333333333333,0.4
0,6ufe,73,shared_k0,225011,exact,False,0.24912280701754386,False,1.4817591772498064,0.7213460077148303,2.0541586997118175,False,0.40164595198841235,0.3333333333333333,0.4
0,6ufe,73,shared_k0,225011,exact,True,0.3278195488721804,False,1.4817591772498064,0.7213460077148303,2.0541586997118175,False,0.38156365438899176,0.3333333333333333,0.4
0,6ufe,73,shared_k0,225011,baseline,False,0.25263157894736843,False,1.4835921755159596,0.7208710811792011,2.0580547815694024,False,0.4024804416599251,0.3333333333333333,0.4
0,6ufe,73,shared_k0,225011,baseline,True,0.33082706766917286,False,1.4835921755159596,0.7208710811792011,2.0580547815694024,False,0.3823564195769288,0.3333333333333333,0.4
0,6ufe,73,shared_k4,225001,exact,False,0.9614035087719298,False,0.02828403743666058,0.013155538108719346,2.1499719131910107,False,0.1801408348024279,1.0,1.0
0,6ufe,73,shared_k4,225001,exact,True,0.9593984962406013,False,0.02828403743666058,0.013155538108719346,2.1499719131910107,False,0.17113379306230653,1.0,1.0
0,6ufe,73,shared_k4,225001,baseline,False,0.9614035087719298,False,0.027926158134259582,0.012973265424805857,2.15259282993337,False,0.18229721080790906,1.0,1.0
0,6ufe,73,shared_k4,225001,baseline,True,0.9593984962406013,False,0.027926158134259582,0.012973265424805857,2.15259282993337,False,0.17318235026751355,1.0,1.0
0,6ufe,73,shared_k4,225011,exact,False,0.9859649122807018,False,0.022613494495534903,0.011008640422333191,2.0541586997118175,False,0.153079189943326,1.0,1.0
0,6ufe,73,shared_k4,225011,exact,True,0.9879699248120299,False,0.022613494495534903,0.011008640422333191,2.0541586997118175,False,0.1454252304461597,1.0,1.0
0,6ufe,73,shared_k4,225011,baseline,False,0.987719298245614,False,0.022452056513418583,0.010909358057173489,2.0580547815694024,False,0.15367542754341032,1.0,1.0
0,6ufe,73,shared_k4,225011,baseline,True,0.9894736842105262,False,0.022452056513418583,0.010909358057173489,2.0580547815694024,False,0.14599165616623982,1.0,1.0
0,6ufe,73,shared_k8,225001,exact,False,0.980701754385965,False,0.02828403743666058,0.013155538108719346,2.1499719131910107,False,0.06749343452944045,1.0,1.0
0,6ufe,73,shared_k8,225001,exact,True,0.9819548872180449,False,0.02828403743666058,0.013155538108719346,2.1499719131910107,False,0.06411876280296844,1.0,1.0
0,6ufe,73,shared_k8,225001,baseline,False,0.980701754385965,False,0.027926158134259582,0.012973265424805857,2.15259282993337,False,0.06963611087026696,1.0,1.0
0,6ufe,73,shared_k8,225001,baseline,True,0.9819548872180449,False,0.027926158134259582,0.012973265424805857,2.15259282993337,False,0.0661543053267536,1.0,1.0
0,6ufe,73,shared_k8,225011,exact,False,0.9947368421052631,False,0.022613494495534903,0.011008640422333191,2.0541586997118175,False,0.05853623617516818,1.0,1.0
0,6ufe,73,shared_k8,225011,exact,True,0.9954887218045112,False,0.022613494495534903,0.011008640422333191,2.0541586997118175,False,0.05560942436640977,1.0,1.0
0,6ufe,73,shared_k8,225011,baseline,False,0.9929824561403509,False,0.022452056513418583,0.010909358057173489,2.0580547815694024,False,0.05871857531251747,1.0,1.0
0,6ufe,73,shared_k8,225011,baseline,True,0.993984962406015,False,0.022452056513418583,0.010909358057173489,2.0580547815694024,False,0.0557826465468916,1.0,1.0
0,6ufe,73,shared_k16,225001,exact,False,0.9894736842105263,False,0.0007363298793934825,0.0003424834877496674,2.1499719131910107,False,0.026327987143140587,1.0,1.0
0,6ufe,73,shared_k16,225001,exact,True,0.9909774436090225,False,0.0007363298793934825,0.0003424834877496674,2.1499719131910107,False,0.025011587785983558,1.0,1.0
0,6ufe,73,shared_k16,225001,baseline,False,0.9894736842105263,False,0.0008573489698114889,0.0003982866419925903,2.15259282993337,False,0.026753586926729585,1.0,1.0
0,6ufe,73,shared_k16,225001,baseline,True,0.9909774436090225,False,0.0008573489698114889,0.0003982866419925903,2.15259282993337,False,0.025415907580393103,1.0,1.0
0,6ufe,73,shared_k16,225011,exact,False,0.9947368421052631,True,0.0,0.0,2.0541586997118175,False,0.02214496875210246,1.0,1.0
0,6ufe,73,shared_k16,225011,exact,True,0.993984962406015,True,0.0,0.0,2.0541586997118175,False,0.021037720314497337,1.0,1.0
0,6ufe,73,shared_k16,225011,baseline,False,0.9929824561403509,True,0.0,0.0,2.0580547815694024,False,0.02296381175717544,1.0,1.0
0,6ufe,73,shared_k16,225011,baseline,True,0.9924812030075187,True,0.0,0.0,2.0580547815694024,False,0.02181562116931667,1.0,1.0
0,6ufe,73,shared_k32,225001,exact,False,0.9947368421052631,False,0.0007363298793934825,0.0003424834877496674,2.1499719131910107,False,0.017231149772974193,1.0,1.0
0,6ufe,73,shared_k32,225001,exact,True,0.9954887218045112,False,0.0007363298793934825,0.0003424834877496674,2.1499719131910107,False,0.016369592284325482,1.0,1.0
0,6ufe,73,shared_k32,225001,baseline,False,0.9947368421052631,False,0.0008573489698114889,0.0003982866419925903,2.15259282993337,False,0.016496587830865078,1.0,1.0
0,6ufe,73,shared_k32,225001,baseline,True,0.9954887218045112,False,0.0008573489698114889,0.0003982866419925903,2.15259282993337,False,0.015671758439321826,1.0,1.0
0,6ufe,73,shared_k32,225011,exact,False,0.9964912280701754,True,0.0,0.0,2.0541586997118175,False,0.015248344937649521,1.0,1.0
0,6ufe,73,shared_k32,225011,exact,True,0.9969924812030074,True,0.0,0.0,2.0541586997118175,False,0.014485927690767045,1.0,1.0
0,6ufe,73,shared_k32,225011,baseline,False,0.9947368421052631,True,0.0,0.0,2.0580547815694024,False,0.016536486722899042,1.0,1.0
0,6ufe,73,shared_k32,225011,baseline,True,0.9954887218045112,True,0.0,0.0,2.0580547815694024,False,0.01570966238675409,1.0,1.0
0,6ufe,73,shared_k64,225001,exact,False,1.0,True,0.0,0.0,2.1499719131910107,False,0.005039998540959016,1.0,1.0
0,6ufe,73,shared_k64,225001,exact,True,1.0,True,0.0,0.0,2.1499719131910107,False,0.004787998613911065,1.0,1.0
0,6ufe,73,shared_k64,225001,baseline,False,1.0,True,0.0,0.0,2.15259282993337,False,0.004716134482783854,1.0,1.0
0,6ufe,73,shared_k64,225001,baseline,True,1.0,True,0.0,0.0,2.15259282993337,False,0.004480327758644662,1.0,1.0
0,6ufe,73,shared_k64,225011,exact,False,0.9982456140350877,True,0.0,0.0,2.0541586997118175,False,0.0033769747037399266,1.0,1.0
0,6ufe,73,shared_k64,225011,exact,True,0.9984962406015038,True,0.0,0.0,2.0541586997118175,False,0.00320812596855293,1.0,1.0
0,6ufe,73,shared_k64,225011,baseline,False,1.0,True,0.0,0.0,2.0580547815694024,False,0.0022246951531193493,1.0,1.0
0,6ufe,73,shared_k64,225011,baseline,True,1.0,True,0.0,0.0,2.0580547815694024,False,0.002113460395463382,1.0,1.0
0,6ufe,73,shared_kfull,225001,exact,False,1.0,True,0.0,0.0,2.1499719131910107,False,0.002517967255688749,1.0,1.0
0,6ufe,73,shared_kfull,225001,exact,True,1.0,True,0.0,0.0,2.1499719131910107,False,0.0023920688929043115,1.0,1.0
0,6ufe,73,shared_kfull,225001,baseline,False,1.0,True,0.0,0.0,2.15259282993337,False,0.0,1.0,1.0
0,6ufe,73,shared_kfull,225001,baseline,True,1.0,True,0.0,0.0,2.15259282993337,False,0.0,1.0,1.0
0,6ufe,73,shared_kfull,225011,exact,False,0.9982456140350877,True,0.0,0.0,2.0541586997118175,False,0.002580929100996078,1.0,1.0
0,6ufe,73,shared_kfull,225011,exact,True,0.9984962406015038,True,0.0,0.0,2.0541586997118175,False,0.0024518826459462737,1.0,1.0
0,6ufe,73,shared_kfull,225011,baseline,False,1.0,True,0.0,0.0,2.0580547815694024,False,0.0,1.0,1.0
0,6ufe,73,shared_kfull,225011,baseline,True,1.0,True,0.0,0.0,2.0580547815694024,False,0.0,1.0,1.0
5,1bxw,56,baseline,225001,exact,False,1.0,True,0.0,0.0,0.04150911868920737,False,0.00013772907349187796,1.0,1.0
5,1bxw,56,baseline,225001,exact,True,1.0,True,0.0,0.0,0.041841251122387124,False,0.00013084261981728408,1.0,1.0
5,1bxw,56,baseline,225001,baseline,False,1.0,True,0.0,0.0,0.041614435988943654,False,0.0,1.0,1.0
5,1bxw,56,baseline,225001,baseline,True,1.0,True,0.0,0.0,0.041690193166341816,False,0.0,1.0,1.0
5,1bxw,56,baseline,225011,exact,False,1.0,True,0.0,0.0,0.02173949137173703,False,6.753904821564735e-05,1.0,1.0
5,1bxw,56,baseline,225011,exact,True,1.0,True,0.0,0.0,0.02173949137173703,False,6.416209580486498e-05,1.0,1.0
5,1bxw,56,baseline,225011,baseline,False,1.0,True,0.0,0.0,0.021975743833049455,False,0.0,1.0,1.0
5,1bxw,56,baseline,225011,baseline,True,1.0,True,0.0,0.0,0.021975743833049455,False,0.0,1.0,1.0
5,1bxw,56,channel_k0,225001,exact,False,0.5157894736842105,False,0.023840038227951554,0.574332555852363,0.04150911868920737,False,0.012031600529075447,0.0,0.4
5,1bxw,56,channel_k0,225001,exact,True,0.544360902255639,False,0.023840038227951554,0.5697735509442251,0.041841251122387124,False,0.011430020502621674,0.0,0.4
5,1bxw,56,channel_k0,225001,baseline,False,0.5157894736842105,False,0.02382767709177913,0.5725820025077306,0.041614435988943654,False,0.01191396622719225,0.0,0.4
5,1bxw,56,channel_k0,225001,baseline,True,0.544360902255639,False,0.02382767709177913,0.5715415372797117,0.041690193166341816,False,0.011318267915832635,0.0,0.4
5,1bxw,56,channel_k0,225011,exact,False,0.22456140350877193,False,0.0020262498788761185,0.09320594692065313,0.02173949137173703,False,0.007941221878885532,0.3333333333333333,0.4
5,1bxw,56,channel_k0,225011,exact,True,0.23458646616541348,False,0.0020262498788761185,0.09320594692065313,0.02173949137173703,False,0.007544160784941256,0.3333333333333333,0.4
5,1bxw,56,channel_k0,225011,baseline,False,0.22456140350877193,False,0.0021483759704041816,0.09776124015302845,0.021975743833049455,False,0.007981468925109297,0.3333333333333333,0.4
5,1bxw,56,channel_k0,225011,baseline,True,0.23458646616541348,False,0.0021483759704041816,0.09776124015302845,0.021975743833049455,False,0.007582395478853832,0.3333333333333333,0.4
5,1bxw,56,channel_k4,225001,exact,False,0.7789473684210525,True,0.0,0.0,0.04150911868920737,False,0.009928445845118527,1.0,1.0
5,1bxw,56,channel_k4,225001,exact,True,0.7368421052631579,True,0.0,0.0,0.041841251122387124,False,0.0094320235528626,1.0,1.0
5,1bxw,56,channel_k4,225001,baseline,False,0.7789473684210525,True,0.0,0.0,0.041614435988943654,False,0.00979071677162665,1.0,1.0
5,1bxw,56,channel_k4,225001,baseline,True,0.7368421052631579,True,0.0,0.0,0.041690193166341816,False,0.009301180933045317,1.0,1.0
5,1bxw,56,channel_k4,225011,exact,False,0.7052631578947368,True,0.0,0.0,0.02173949137173703,False,0.0060845941597934255,0.6666666666666666,1.0
5,1bxw,56,channel_k4,225011,exact,True,0.7007518796992479,True,0.0,0.0,0.02173949137173703,False,0.005780364451803755,0.6666666666666666,1.0
5,1bxw,56,channel_k4,225011,baseline,False,0.7052631578947368,True,0.0,0.0,0.021975743833049455,False,0.006124140055462895,0.6666666666666666,1.0
5,1bxw,56,channel_k4,225011,baseline,True,0.7007518796992479,True,0.0,0.0,0.021975743833049455,False,0.00581793305268975,0.6666666666666666,1.0
5,1bxw,56,channel_k8,225001,exact,False,0.8701754385964912,True,0.0,0.0,0.04150911868920737,False,0.008459315579459004,0.6666666666666666,1.0
5,1bxw,56,channel_k8,225001,exact,True,0.831578947368421,True,0.0,0.0,0.041841251122387124,False,0.008036349800486054,0.6666666666666666,1.0
5,1bxw,56,channel_k8,225001,baseline,False,0.8701754385964912,True,0.0,0.0,0.041614435988943654,False,0.008321586505967126,0.6666666666666666,1.0
5,1bxw,56,channel_k8,225001,baseline,True,0.831578947368421,True,0.0,0.0,0.041690193166341816,False,0.007905507180668769,0.6666666666666666,1.0
5,1bxw,56,channel_k8,225011,exact,False,0.8210526315789475,True,0.0,0.0,0.02173949137173703,False,0.004911310020517274,1.0,1.0
5,1bxw,56,channel_k8,225011,exact,True,0.8105263157894737,True,0.0,0.0,0.02173949137173703,False,0.00466574451949141,1.0,1.0
5,1bxw,56,channel_k8,225011,baseline,False,0.8210526315789475,True,0.0,0.0,0.021975743833049455,False,0.004950855916186743,1.0,1.0
5,1bxw,56,channel_k8,225011,baseline,True,0.8105263157894737,True,0.0,0.0,0.021975743833049455,False,0.004703313120377406,1.0,1.0
5,1bxw,56,channel_k16,225001,exact,False,0.9578947368421052,True,0.0,0.0,0.04150911868920737,False,0.004851311291190354,1.0,1.0
5,1bxw,56,channel_k16,225001,exact,True,0.9353383458646616,True,0.0,0.0,0.041841251122387124,False,0.004608745726630836,1.0,1.0
5,1bxw,56,channel_k16,225001,baseline,False,0.9578947368421052,True,0.0,0.0,0.041614435988943654,False,0.004726685486786558,1.0,1.0
5,1bxw,56,channel_k16,225001,baseline,True,0.9353383458646616,True,0.0,0.0,0.041690193166341816,False,0.00449035121244723,1.0,1.0
5,1bxw,56,channel_k16,225011,exact,False,0.9315789473684211,False,0.0020262498788761185,0.09320594692065313,0.02173949137173703,False,0.003391754011503811,1.0,1.0
5,1bxw,56,channel_k16,225011,exact,True,0.9248120300751879,False,0.0020262498788761185,0.09320594692065313,0.02173949137173703,False,0.0032221663109286204,1.0,1.0
5,1bxw,56,channel_k16,225011,baseline,False,0.9315789473684211,False,0.0021483759704041816,0.09776124015302845,0.021975743833049455,False,0.003434666802481612,1.0,1.0
5,1bxw,56,channel_k16,225011,baseline,True,0.9248120300751879,False,0.0021483759704041816,0.09776124015302845,0.021975743833049455,False,0.003262933462357531,1.0,1.0
5,1bxw,56,channel_k32,225001,exact,False,0.9912280701754386,True,0.0,0.0,0.04150911868920737,False,0.0020687970367756258,1.0,1.0
5,1bxw,56,channel_k32,225001,exact,True,0.9864661654135337,True,0.0,0.0,0.041841251122387124,False,0.0019653571849368445,1.0,1.0
5,1bxw,56,channel_k32,225001,baseline,False,0.9912280701754386,True,0.0,0.0,0.041614435988943654,False,0.0019409811612471671,1.0,1.0
5,1bxw,56,channel_k32,225001,baseline,True,0.9864661654135337,True,0.0,0.0,0.041690193166341816,False,0.0018439321031848087,1.0,1.0
5,1bxw,56,channel_k32,225011,exact,False,0.9701754385964911,True,0.0,0.0,0.02173949137173703,False,0.0013655848527821476,0.6666666666666666,1.0
5,1bxw,56,channel_k32,225011,exact,True,0.9744360902255638,True,0.0,0.0,0.02173949137173703,False,0.0012973056101430402,0.6666666666666666,1.0
5,1bxw,56,channel_k32,225011,baseline,False,0.9701754385964911,True,0.0,0.0,0.021975743833049455,False,0.0013975562519692336,0.6666666666666666,1.0
5,1bxw,56,channel_k32,225011,baseline,True,0.9744360902255638,True,0.0,0.0,0.021975743833049455,False,0.0013276784393707719,0.6666666666666666,1.0
5,1bxw,56,channel_k64,225001,exact,False,0.9982456140350877,True,0.0,0.0,0.04150911868920737,False,0.0006265218398937449,1.0,1.0
5,1bxw,56,channel_k64,225001,exact,True,0.9969924812030074,True,0.0,0.0,0.041841251122387124,False,0.0005951957478990578,1.0,1.0
5,1bxw,56,channel_k64,225001,baseline,False,0.9982456140350877,True,0.0,0.0,0.041614435988943654,False,0.000488792766401867,1.0,1.0
5,1bxw,56,channel_k64,225001,baseline,True,0.9969924812030074,True,0.0,0.0,0.041690193166341816,False,0.0004643531280817736,1.0,1.0
5,1bxw,56,channel_k64,225011,exact,False,0.9894736842105263,True,0.0,0.0,0.02173949137173703,False,0.00025126860837501743,1.0,1.0
5,1bxw,56,channel_k64,225011,exact,True,0.9909774436090225,True,0.0,0.0,0.02173949137173703,False,0.00023870517795626656,1.0,1.0
5,1bxw,56,channel_k64,225011,baseline,False,0.9894736842105263,True,0.0,0.0,0.021975743833049455,False,0.0002715586362702287,1.0,1.0
5,1bxw,56,channel_k64,225011,baseline,True,0.9909774436090225,True,0.0,0.0,0.021975743833049455,False,0.0002579807044567173,1.0,1.0
5,1bxw,56,channel_kfull,225001,exact,False,1.0,True,0.0,0.0,0.04150911868920737,False,0.00013772907349187796,1.0,1.0
5,1bxw,56,channel_kfull,225001,exact,True,1.0,True,0.0,0.0,0.041841251122387124,False,0.00013084261981728408,1.0,1.0
5,1bxw,56,channel_kfull,225001,baseline,False,1.0,True,0.0,0.0,0.041614435988943654,False,0.0,1.0,1.0
5,1bxw,56,channel_kfull,225001,baseline,True,1.0,True,0.0,0.0,0.041690193166341816,False,0.0,1.0,1.0
5,1bxw,56,channel_kfull,225011,exact,False,1.0,True,0.0,0.0,0.02173949137173703,False,6.753904821564735e-05,1.0,1.0
5,1bxw,56,channel_kfull,225011,exact,True,1.0,True,0.0,0.0,0.02173949137173703,False,6.416209580486498e-05,1.0,1.0
5,1bxw,56,channel_kfull,225011,baseline,False,1.0,True,0.0,0.0,0.021975743833049455,False,0.0,1.0,1.0
5,1bxw,56,channel_kfull,225011,baseline,True,1.0,True,0.0,0.0,0.021975743833049455,False,0.0,1.0,1.0
5,1bxw,56,shared_k0,225001,exact,False,0.5157894736842105,False,0.023840038227951554,0.574332555852363,0.04150911868920737,False,0.012031600529075447,0.0,0.4
5,1bxw,56,shared_k0,225001,exact,True,0.544360902255639,False,0.023840038227951554,0.5697735509442251,0.041841251122387124,False,0.011430020502621674,0.0,0.4
5,1bxw,56,shared_k0,225001,baseline,False,0.5157894736842105,False,0.02382767709177913,0.5725820025077306,0.041614435988943654,False,0.01191396622719225,0.0,0.4
5,1bxw,56,shared_k0,225001,baseline,True,0.544360902255639,False,0.02382767709177913,0.5715415372797117,0.041690193166341816,False,0.011318267915832635,0.0,0.4
5,1bxw,56,shared_k0,225011,exact,False,0.22456140350877193,False,0.0020262498788761185,0.09320594692065313,0.02173949137173703,False,0.007941221878885532,0.3333333333333333,0.4
5,1bxw,56,shared_k0,225011,exact,True,0.23458646616541348,False,0.0020262498788761185,0.09320594692065313,0.02173949137173703,False,0.007544160784941256,0.3333333333333333,0.4
5,1bxw,56,shared_k0,225011,baseline,False,0.22456140350877193,False,0.0021483759704041816,0.09776124015302845,0.021975743833049455,False,0.007981468925109297,0.3333333333333333,0.4
5,1bxw,56,shared_k0,225011,baseline,True,0.23458646616541348,False,0.0021483759704041816,0.09776124015302845,0.021975743833049455,False,0.007582395478853832,0.3333333333333333,0.4
5,1bxw,56,shared_k4,225001,exact,False,0.6508771929824562,False,0.004928371847741531,0.1187298599288965,0.04150911868920737,False,0.0110431526827113,0.6666666666666666,1.0
5,1bxw,56,shared_k4,225001,exact,True,0.6526315789473683,False,0.004928371847741531,0.11778739200044164,0.041841251122387124,False,0.010490995048575735,0.6666666666666666,1.0
5,1bxw,56,shared_k4,225001,baseline,False,0.6508771929824562,False,0.004788923883279228,0.11507842818178708,0.041614435988943654,False,0.010942592051894325,0.6666666666666666,1.0
5,1bxw,56,shared_k4,225001,baseline,True,0.6526315789473683,False,0.004788923883279228,0.1148693138497022,0.041690193166341816,False,0.010395462449299609,0.6666666666666666,1.0
5,1bxw,56,shared_k4,225011,exact,False,0.22456140350877193,False,0.017044858662186524,0.7840504807921183,0.02173949137173703,False,0.007578437358577918,0.3333333333333333,0.4
5,1bxw,56,shared_k4,225011,exact,True,0.27518796992481204,False,0.017044858662186524,0.7840504807921183,0.02173949137173703,False,0.007199515490649022,0.3333333333333333,0.4
5,1bxw,56,shared_k4,225011,baseline,False,0.22456140350877193,False,0.01717490355607021,0.7815391227049511,0.021975743833049455,False,0.007621663144796439,0.3333333333333333,0.4
5,1bxw,56,shared_k4,225011,baseline,True,0.27518796992481204,False,0.01717490355607021,0.7815391227049511,0.021975743833049455,False,0.007240579987556617,0.3333333333333333,0.4
5,1bxw,56,shared_k8,225001,exact,False,0.7824561403508771,True,0.0,0.0,0.04150911868920737,False,0.009837038500756748,0.6666666666666666,1.0
5,1bxw,56,shared_k8,225001,exact,True,0.7774436090225564,True,0.0,0.0,0.041841251122387124,False,0.009345186575718912,0.6666666666666666,1.0
5,1bxw,56,shared_k8,225001,baseline,False,0.7824561403508771,True,0.0,0.0,0.041614435988943654,False,0.00971940419887355,0.6666666666666666,1.0
5,1bxw,56,shared_k8,225001,baseline,True,0.7774436090225564,True,0.0,0.0,0.041690193166341816,False,0.009233433988929873,0.6666666666666666,1.0
5,1bxw,56,shared_k8,225011,exact,False,0.6298245614035087,False,0.0020262498788761185,0.09320594692065313,0.02173949137173703,False,0.0058907308824077045,0.6666666666666666,0.6
5,1bxw,56,shared_k8,225011,exact,True,0.6541353383458646,False,0.0020262498788761185,0.09320594692065313,0.02173949137173703,False,0.005596194338287319,0.6666666666666666,0.6
5,1bxw,56,shared_k8,225011,baseline,False,0.6298245614035087,False,0.0021483759704041816,0.09776124015302845,0.021975743833049455,False,0.005918161686831522,0.6666666666666666,0.6
5,1bxw,56,shared_k8,225011,baseline,True,0.6541353383458646,False,0.0021483759704041816,0.09776124015302845,0.021975743833049455,False,0.005622253602489946,0.6666666666666666,0.6
5,1bxw,56,shared_k16,225001,exact,False,0.8315789473684211,True,0.0,0.0,0.04150911868920737,False,0.009323037669311618,1.0,1.0
5,1bxw,56,shared_k16,225001,exact,True,0.7999999999999999,True,0.0,0.0,0.041841251122387124,False,0.008856885785846036,1.0,1.0
5,1bxw,56,shared_k16,225001,baseline,False,0.8315789473684211,True,0.0,0.0,0.041614435988943654,False,0.00919841186490782,1.0,1.0
5,1bxw,56,shared_k16,225001,baseline,True,0.7999999999999999,True,0.0,0.0,0.041690193166341816,False,0.00873849127166243,1.0,1.0
5,1bxw,56,shared_k16,225011,exact,False,0.487719298245614,False,0.0027995857468545715,0.12877880622792506,0.02173949137173703,False,0.006350007088100956,0.3333333333333333,0.4
5,1bxw,56,shared_k16,225011,exact,True,0.5428571428571428,False,0.0027995857468545715,0.12877880622792506,0.02173949137173703,False,0.006032506733695908,0.3333333333333333,0.4
5,1bxw,56,shared_k16,225011,baseline,False,0.487719298245614,False,0.002901379151691863,0.13202643668099467,0.021975743833049455,False,0.006385250741156309,0.3333333333333333,0.4
5,1bxw,56,shared_k16,225011,baseline,True,0.5428571428571428,False,0.002901379151691863,0.13202643668099467,0.021975743833049455,False,0.006065988204098494,0.3333333333333333,0.4
5,1bxw,56,shared_k32,225001,exact,False,0.9596491228070174,True,0.0,0.0,0.04150911868920737,False,0.006150189315326451,0.6666666666666666,1.0
5,1bxw,56,shared_k32,225001,exact,True,0.9443609022556391,True,0.0,0.0,0.041841251122387124,False,0.005842679849560129,0.6666666666666666,1.0
5,1bxw,56,shared_k32,225001,baseline,False,0.9596491228070174,True,0.0,0.0,0.041614435988943654,False,0.006022373439797992,0.6666666666666666,1.0
5,1bxw,56,shared_k32,225001,baseline,True,0.9443609022556391,True,0.0,0.0,0.041690193166341816,False,0.0057212547678080925,0.6666666666666666,1.0
5,1bxw,56,shared_k32,225011,exact,False,0.7859649122807018,False,0.0020262498788761185,0.09320594692065313,0.02173949137173703,False,0.004881365627317598,0.6666666666666666,0.8
5,1bxw,56,shared_k32,225011,exact,True,0.7984962406015037,False,0.0020262498788761185,0.09320594692065313,0.02173949137173703,False,0.004637297345951719,0.6666666666666666,0.8
5,1bxw,56,shared_k32,225011,baseline,False,0.7859649122807018,False,0.0021483759704041816,0.09776124015302845,0.021975743833049455,False,0.004909970131196352,0.6666666666666666,0.8
5,1bxw,56,shared_k32,225011,baseline,True,0.7984962406015037,False,0.0021483759704041816,0.09776124015302845,0.021975743833049455,False,0.004664471624636535,0.6666666666666666,0.8
5,1bxw,56,shared_k64,225001,exact,False,0.9859649122807018,True,0.0,0.0,0.04150911868920737,False,0.003187216920999401,1.0,1.0
5,1bxw,56,shared_k64,225001,exact,True,0.9789473684210527,True,0.0,0.0,0.041841251122387124,False,0.003027856074949431,1.0,1.0
5,1bxw,56,shared_k64,225001,baseline,False,0.9859649122807018,True,0.0,0.0,0.041614435988943654,False,0.0030594010454709423,1.0,1.0
5,1bxw,56,shared_k64,225001,baseline,True,0.9789473684210527,True,0.0,0.0,0.041690193166341816,False,0.002906430993197395,1.0,1.0
5,1bxw,56,shared_k64,225011,exact,False,0.943859649122807,True,0.0,0.0,0.02173949137173703,False,0.003360683675934316,0.6666666666666666,1.0
5,1bxw,56,shared_k64,225011,exact,True,0.9353383458646616,True,0.0,0.0,0.02173949137173703,False,0.0031926494921376003,0.6666666666666666,1.0
5,1bxw,56,shared_k64,225011,baseline,False,0.943859649122807,True,0.0,0.0,0.021975743833049455,False,0.003389989330367365,0.6666666666666666,1.0
5,1bxw,56,shared_k64,225011,baseline,True,0.9353383458646616,True,0.0,0.0,0.021975743833049455,False,0.0032204898638489967,0.6666666666666666,1.0
5,1bxw,56,shared_kfull,225001,exact,False,1.0,True,0.0,0.0,0.04150911868920737,False,0.00013772907349187796,1.0,1.0
5,1bxw,56,shared_kfull,225001,exact,True,1.0,True,0.0,0.0,0.041841251122387124,False,0.00013084261981728408,1.0,1.0
5,1bxw,56,shared_kfull,225001,baseline,False,1.0,True,0.0,0.0,0.041614435988943654,False,0.0,1.0,1.0
5,1bxw,56,shared_kfull,225001,baseline,True,1.0,True,0.0,0.0,0.041690193166341816,False,0.0,1.0,1.0
5,1bxw,56,shared_kfull,225011,exact,False,1.0,True,0.0,0.0,0.02173949137173703,False,6.753904821564735e-05,1.0,1.0
5,1bxw,56,shared_kfull,225011,exact,True,1.0,True,0.0,0.0,0.02173949137173703,False,6.416209580486498e-05,1.0,1.0
5,1bxw,56,shared_kfull,225011,baseline,False,1.0,True,0.0,0.0,0.021975743833049455,False,0.0,1.0,1.0
5,1bxw,56,shared_kfull,225011,baseline,True,1.0,True,0.0,0.0,0.021975743833049455,False,0.0,1.0,1.0
0,6ufe,35,baseline,225001,exact,False,1.0,True,0.0,0.0,0.5059328933756964,False,0.0019255829961203983,1.0,1.0
0,6ufe,35,baseline,225001,exact,True,1.0,True,0.0,0.0,0.5059328933756964,False,0.0018293038463143784,1.0,1.0
0,6ufe,35,baseline,225001,baseline,False,1.0,True,0.0,0.0,0.5100804794750469,False,0.0,1.0,1.0
0,6ufe,35,baseline,225001,baseline,True,1.0,True,0.0,0.0,0.5100804794750469,False,0.0,1.0,1.0
0,6ufe,35,baseline,225011,exact,False,1.0,True,0.0,0.0,0.5224333422021863,False,0.0016175036126907926,1.0,1.0
0,6ufe,35,baseline,225011,exact,True,1.0,True,0.0,0.0,0.5224333422021863,False,0.001536628432056253,1.0,1.0
0,6ufe,35,baseline,225011,baseline,False,1.0,True,0.0,0.0,0.5262442900156747,False,0.0,1.0,1.0
0,6ufe,35,baseline,225011,baseline,True,1.0,True,0.0,0.0,0.5262442900156747,False,0.0,1.0,1.0
0,6ufe,35,channel_k0,225001,exact,False,0.5105263157894736,False,0.2913354206911609,0.5758380696445855,0.5059328933756964,False,0.14512508741018645,0.6666666666666666,0.6
0,6ufe,35,channel_k0,225001,exact,True,0.5533834586466165,False,0.2913354206911609,0.5758380696445855,0.5059328933756964,False,0.13786883303967712,0.3333333333333333,0.6
0,6ufe,35,channel_k0,225001,baseline,False,0.5105263157894736,False,0.29471699771304727,0.577785289914167,0.5100804794750469,False,0.14481023757571143,0.6666666666666666,0.6
0,6ufe,35,channel_k0,225001,baseline,True,0.5533834586466165,False,0.29471699771304727,0.577785289914167,0.5100804794750469,False,0.13756972569692585,0.3333333333333333,0.6
0,6ufe,35,channel_k0,225011,exact,False,0.5719298245614035,True,0.0,0.0,0.5224333422021863,False,0.15396274892427667,0.6666666666666666,0.6
0,6ufe,35,channel_k0,225011,exact,True,0.6165413533834586,True,0.0,0.0,0.5224333422021863,False,0.14626461147806286,0.3333333333333333,0.6
0,6ufe,35,channel_k0,225011,baseline,False,0.5719298245614035,True,0.0,0.0,0.5262442900156747,False,0.15360686488306013,0.6666666666666666,0.6
0,6ufe,35,channel_k0,225011,baseline,True,0.6165413533834586,True,0.0,0.0,0.5262442900156747,False,0.14592652163890713,0.3333333333333333,0.6
0,6ufe,35,channel_k4,225001,exact,False,0.8929824561403509,True,0.0,0.0,0.5059328933756964,False,0.08141109200918875,1.0,0.8
0,6ufe,35,channel_k4,225001,exact,True,0.9052631578947368,True,0.0,0.0,0.5059328933756964,False,0.07734053740872932,0.6666666666666666,0.8
0,6ufe,35,channel_k4,225001,baseline,False,0.8929824561403509,True,0.0,0.0,0.5100804794750469,False,0.08059651933344365,1.0,0.8
0,6ufe,35,channel_k4,225001,baseline,True,0.9052631578947368,True,0.0,0.0,0.5100804794750469,False,0.07656669336677147,0.6666666666666666,0.8
0,6ufe,35,channel_k4,225011,exact,False,0.9122807017543859,True,0.0,0.0,0.5224333422021863,False,0.10636181697814019,0.6666666666666666,1.0
0,6ufe,35,channel_k4,225011,exact,True,0.9218045112781955,True,0.0,0.0,0.5224333422021863,False,0.10104372612923318,0.6666666666666666,1.0
0,6ufe,35,channel_k4,225011,baseline,False,0.9122807017543859,True,0.0,0.0,0.5262442900156747,False,0.1057176471525383,0.6666666666666666,1.0
0,6ufe,35,channel_k4,225011,baseline,True,0.9218045112781955,True,0.0,0.0,0.5262442900156747,False,0.10043176479491138,0.6666666666666666,1.0
0,6ufe,35,channel_k8,225001,exact,False,0.9596491228070174,True,0.0,0.0,0.5059328933756964,False,0.043647625661750046,1.0,0.8
0,6ufe,35,channel_k8,225001,exact,True,0.9654135338345864,True,0.0,0.0,0.5059328933756964,False,0.041465244378662544,1.0,1.0
0,6ufe,35,channel_k8,225001,baseline,False,0.9596491228070174,True,0.0,0.0,0.5100804794750469,False,0.043470857640358865,1.0,0.8
0,6ufe,35,channel_k8,225001,baseline,True,0.9654135338345864,True,0.0,0.0,0.5100804794750469,False,0.04129731475834092,1.0,1.0
0,6ufe,35,channel_k8,225011,exact,False,0.9631578947368421,True,0.0,0.0,0.5224333422021863,False,0.06916420570621899,1.0,0.8
0,6ufe,35,channel_k8,225011,exact,True,0.9684210526315788,True,0.0,0.0,0.5224333422021863,False,0.06570599542090805,1.0,1.0
0,6ufe,35,channel_k8,225011,baseline,False,0.9631578947368421,True,0.0,0.0,0.5262442900156747,False,0.06847172090728647,1.0,0.8
0,6ufe,35,channel_k8,225011,baseline,True,0.9684210526315788,True,0.0,0.0,0.5262442900156747,False,0.06504813486192215,1.0,1.0
0,6ufe,35,channel_k16,225001,exact,False,0.9842105263157893,True,0.0,0.0,0.5059328933756964,False,0.01959969703802758,1.0,0.8
0,6ufe,35,channel_k16,225001,exact,True,0.9864661654135337,True,0.0,0.0,0.5059328933756964,False,0.0186197121861262,1.0,1.0
0,6ufe,35,channel_k16,225001,baseline,False,0.9842105263157893,True,0.0,0.0,0.5100804794750469,False,0.018810453960826454,1.0,0.8
0,6ufe,35,channel_k16,225001,baseline,True,0.9864661654135337,True,0.0,0.0,0.5100804794750469,False,0.017869931262785133,1.0,1.0
0,6ufe,35,channel_k16,225011,exact,False,0.9947368421052631,True,0.0,0.0,0.5224333422021863,False,0.018150221625449027,1.0,1.0
0,6ufe,35,channel_k16,225011,exact,True,0.9954887218045112,True,0.0,0.0,0.5224333422021863,False,0.017242710544176577,1.0,1.0
0,6ufe,35,channel_k16,225011,baseline,False,0.9947368421052631,True,0.0,0.0,0.5262442900156747,False,0.017794337584232458,1.0,1.0
0,6ufe,35,channel_k16,225011,baseline,True,0.9954887218045112,True,0.0,0.0,0.5262442900156747,False,0.016904620705020836,1.0,1.0
0,6ufe,35,channel_k32,225001,exact,False,0.9947368421052631,True,0.0,0.0,0.5059328933756964,False,0.006189461811900791,1.0,1.0
0,6ufe,35,channel_k32,225001,exact,True,0.9954887218045112,True,0.0,0.0,0.5059328933756964,False,0.005879988721305751,1.0,1.0
0,6ufe,35,channel_k32,225001,baseline,False,0.9947368421052631,True,0.0,0.0,0.5100804794750469,False,0.004700504133055742,1.0,1.0
0,6ufe,35,channel_k32,225001,baseline,True,0.9954887218045112,True,0.0,0.0,0.5100804794750469,False,0.0044654789264029545,1.0,1.0
0,6ufe,35,channel_k32,225011,exact,False,0.9982456140350877,True,0.0,0.0,0.5224333422021863,False,0.0053129965137311535,1.0,1.0
0,6ufe,35,channel_k32,225011,exact,True,0.9984962406015038,True,0.0,0.0,0.5224333422021863,False,0.005047346688044596,1.0,1.0
0,6ufe,35,channel_k32,225011,baseline,False,0.9982456140350877,True,0.0,0.0,0.5262442900156747,False,0.004908772960441179,1.0,1.0
0,6ufe,35,channel_k32,225011,baseline,True,0.9984962406015038,True,0.0,0.0,0.5262442900156747,False,0.004663334312419121,1.0,1.0
0,6ufe,35,channel_k64,225001,exact,False,0.9982456140350877,True,0.0,0.0,0.5059328933756964,False,0.003278412034618293,1.0,1.0
0,6ufe,35,channel_k64,225001,exact,True,0.9984962406015038,True,0.0,0.0,0.5059328933756964,False,0.0031144914328873783,1.0,1.0
0,6ufe,35,channel_k64,225001,baseline,False,0.9982456140350877,True,0.0,0.0,0.5100804794750469,False,0.0014381984830352274,1.0,1.0
0,6ufe,35,channel_k64,225001,baseline,True,0.9984962406015038,True,0.0,0.0,0.5100804794750469,False,0.0013662885588834662,1.0,1.0
0,6ufe,35,channel_k64,225011,exact,False,1.0,True,0.0,0.0,0.5224333422021863,False,0.002049881622401752,1.0,1.0
0,6ufe,35,channel_k64,225011,exact,True,1.0,True,0.0,0.0,0.5224333422021863,False,0.0019473875412816643,1.0,1.0
0,6ufe,35,channel_k64,225011,baseline,False,1.0,True,0.0,0.0,0.5262442900156747,False,0.0008513486783430691,1.0,1.0
0,6ufe,35,channel_k64,225011,baseline,True,1.0,True,0.0,0.0,0.5262442900156747,False,0.0008087812444259157,1.0,1.0
0,6ufe,35,channel_kfull,225001,exact,False,1.0,True,0.0,0.0,0.5059328933756964,False,0.0019255829961203983,1.0,1.0
0,6ufe,35,channel_kfull,225001,exact,True,1.0,True,0.0,0.0,0.5059328933756964,False,0.0018293038463143784,1.0,1.0
0,6ufe,35,channel_kfull,225001,baseline,False,1.0,True,0.0,0.0,0.5100804794750469,False,0.0,1.0,1.0
0,6ufe,35,channel_kfull,225001,baseline,True,1.0,True,0.0,0.0,0.5100804794750469,False,0.0,1.0,1.0
0,6ufe,35,channel_kfull,225011,exact,False,1.0,True,0.0,0.0,0.5224333422021863,False,0.0016175036126907926,1.0,1.0
0,6ufe,35,channel_kfull,225011,exact,True,1.0,True,0.0,0.0,0.5224333422021863,False,0.001536628432056253,1.0,1.0
0,6ufe,35,channel_kfull,225011,baseline,False,1.0,True,0.0,0.0,0.5262442900156747,False,0.0,1.0,1.0
0,6ufe,35,channel_kfull,225011,baseline,True,1.0,True,0.0,0.0,0.5262442900156747,False,0.0,1.0,1.0
0,6ufe,35,shared_k0,225001,exact,False,0.5105263157894736,False,0.2913354206911609,0.5758380696445855,0.5059328933756964,False,0.14512508741018645,0.6666666666666666,0.6
0,6ufe,35,shared_k0,225001,exact,True,0.5533834586466165,False,0.2913354206911609,0.5758380696445855,0.5059328933756964,False,0.13786883303967712,0.3333333333333333,0.6
0,6ufe,35,shared_k0,225001,baseline,False,0.5105263157894736,False,0.29471699771304727,0.577785289914167,0.5100804794750469,False,0.14481023757571143,0.6666666666666666,0.6
0,6ufe,35,shared_k0,225001,baseline,True,0.5533834586466165,False,0.29471699771304727,0.577785289914167,0.5100804794750469,False,0.13756972569692585,0.3333333333333333,0.6
0,6ufe,35,shared_k0,225011,exact,False,0.5719298245614035,True,0.0,0.0,0.5224333422021863,False,0.15396274892427667,0.6666666666666666,0.6
0,6ufe,35,shared_k0,225011,exact,True,0.6165413533834586,True,0.0,0.0,0.5224333422021863,False,0.14626461147806286,0.3333333333333333,0.6
0,6ufe,35,shared_k0,225011,baseline,False,0.5719298245614035,True,0.0,0.0,0.5262442900156747,False,0.15360686488306013,0.6666666666666666,0.6
0,6ufe,35,shared_k0,225011,baseline,True,0.6165413533834586,True,0.0,0.0,0.5262442900156747,False,0.14592652163890713,0.3333333333333333,0.6
0,6ufe,35,shared_k4,225001,exact,False,0.7035087719298245,False,0.2913354206911609,0.5758380696445855,0.5059328933756964,False,0.13380062460033368,0.6666666666666666,0.8
0,6ufe,35,shared_k4,225001,exact,True,0.7308270676691728,False,0.2913354206911609,0.5758380696445855,0.5059328933756964,False,0.127110593370317,0.3333333333333333,0.8
0,6ufe,35,shared_k4,225001,baseline,False,0.7035087719298245,False,0.29471699771304727,0.577785289914167,0.5100804794750469,False,0.13298605192458857,0.6666666666666666,0.8
0,6ufe,35,shared_k4,225001,baseline,True,0.7308270676691728,False,0.29471699771304727,0.577785289914167,0.5100804794750469,False,0.12633674932835914,0.3333333333333333,0.8
0,6ufe,35,shared_k4,225011,exact,False,0.6929824561403508,True,0.0,0.0,0.5224333422021863,False,0.13546770679742834,1.0,0.6
0,6ufe,35,shared_k4,225011,exact,True,0.732330827067669,True,0.0,0.0,0.5224333422021863,False,0.12869432145755694,0.6666666666666666,0.8
0,6ufe,35,shared_k4,225011,baseline,False,0.6929824561403508,True,0.0,0.0,0.5262442900156747,False,0.13511182275621175,1.0,0.6
0,6ufe,35,shared_k4,225011,baseline,True,0.732330827067669,True,0.0,0.0,0.5262442900156747,False,0.12835623161840118,0.6666666666666666,0.8
0,6ufe,35,shared_k8,225001,exact,False,0.7403508771929824,True,0.0,0.0,0.5059328933756964,False,0.10695151853354092,0.6666666666666666,0.8
0,6ufe,35,shared_k8,225001,exact,True,0.7669172932330827,True,0.0,0.0,0.5059328933756964,False,0.10160394260686387,0.6666666666666666,0.8
0,6ufe,35,shared_k8,225001,baseline,False,0.7403508771929824,True,0.0,0.0,0.5100804794750469,False,0.10677475051214974,0.6666666666666666,0.8
0,6ufe,35,shared_k8,225001,baseline,True,0.7669172932330827,True,0.0,0.0,0.5100804794750469,False,0.10143601298654226,0.6666666666666666,0.8
0,6ufe,35,shared_k8,225011,exact,False,0.7035087719298245,True,0.0,0.0,0.5224333422021863,False,0.13143718635795146,1.0,0.6
0,6ufe,35,shared_k8,225011,exact,True,0.7443609022556391,True,0.0,0.0,0.5224333422021863,False,0.12486532704005389,1.0,0.8
0,6ufe,35,shared_k8,225011,baseline,False,0.7035087719298245,True,0.0,0.0,0.5262442900156747,False,0.1312139921960935,1.0,0.6
0,6ufe,35,shared_k8,225011,baseline,True,0.7443609022556391,True,0.0,0.0,0.5262442900156747,False,0.12465329258628884,1.0,0.8
0,6ufe,35,shared_k16,225001,exact,False,0.856140350877193,True,0.0,0.0,0.5059328933756964,False,0.07339505230295361,0.6666666666666666,0.8
0,6ufe,35,shared_k16,225001,exact,True,0.8736842105263156,True,0.0,0.0,0.5059328933756964,False,0.06972529968780593,0.6666666666666666,1.0
0,6ufe,35,shared_k16,225001,baseline,False,0.856140350877193,True,0.0,0.0,0.5100804794750469,False,0.07271856144029236,0.6666666666666666,0.8
0,6ufe,35,shared_k16,225001,baseline,True,0.8736842105263156,True,0.0,0.0,0.5100804794750469,False,0.06908263336827773,0.6666666666666666,1.0
0,6ufe,35,shared_k16,225011,exact,False,0.819298245614035,True,0.0,0.0,0.5224333422021863,False,0.0931700669549462,0.6666666666666666,0.8
0,6ufe,35,shared_k16,225011,exact,True,0.8451127819548873,True,0.0,0.0,0.5224333422021863,False,0.08851156360719889,1.0,1.0
0,6ufe,35,shared_k16,225011,baseline,False,0.819298245614035,True,0.0,0.0,0.5262442900156747,False,0.09252589712934432,0.6666666666666666,0.8
0,6ufe,35,shared_k16,225011,baseline,True,0.8451127819548873,True,0.0,0.0,0.5262442900156747,False,0.0878996022728771,1.0,1.0
0,6ufe,35,shared_k32,225001,exact,False,0.9859649122807018,True,0.0,0.0,0.5059328933756964,False,0.04798100305694573,1.0,0.8
0,6ufe,35,shared_k32,225001,exact,True,0.9879699248120299,True,0.0,0.0,0.5059328933756964,False,0.045581952904098444,1.0,1.0
0,6ufe,35,shared_k32,225001,baseline,False,0.9859649122807018,True,0.0,0.0,0.5100804794750469,False,0.04694701037666155,1.0,0.8
0,6ufe,35,shared_k32,225001,baseline,True,0.9879699248120299,True,0.0,0.0,0.5100804794750469,False,0.044599659857828475,1.0,1.0
0,6ufe,35,shared_k32,225011,exact,False,0.980701754385965,True,0.0,0.0,0.5224333422021863,False,0.03985450979658985,1.0,1.0
0,6ufe,35,shared_k32,225011,exact,True,0.9819548872180449,True,0.0,0.0,0.5224333422021863,False,0.03786178430676036,0.6666666666666666,1.0
0,6ufe,35,shared_k32,225011,baseline,False,0.980701754385965,True,0.0,0.0,0.5262442900156747,False,0.03925073945188878,1.0,1.0
0,6ufe,35,shared_k32,225011,baseline,True,0.9819548872180449,True,0.0,0.0,0.5262442900156747,False,0.03728820247929434,0.6666666666666666,1.0
0,6ufe,35,shared_k64,225001,exact,False,0.9912280701754386,True,0.0,0.0,0.5059328933756964,False,0.01233093358141206,1.0,0.8
0,6ufe,35,shared_k64,225001,exact,True,0.9924812030075187,True,0.0,0.0,0.5059328933756964,False,0.011714386902341455,1.0,1.0
0,6ufe,35,shared_k64,225001,baseline,False,0.9912280701754386,True,0.0,0.0,0.5100804794750469,False,0.010922644634530626,1.0,0.8
0,6ufe,35,shared_k64,225001,baseline,True,0.9924812030075187,True,0.0,0.0,0.5100804794750469,False,0.010376512402804095,1.0,1.0
0,6ufe,35,shared_k64,225011,exact,False,0.9947368421052631,True,0.0,0.0,0.5224333422021863,False,0.008127656240523145,1.0,1.0
0,6ufe,35,shared_k64,225011,exact,True,0.9954887218045112,True,0.0,0.0,0.5224333422021863,False,0.007721273428496989,1.0,1.0
0,6ufe,35,shared_k64,225011,baseline,False,0.9947368421052631,True,0.0,0.0,0.5262442900156747,False,0.007026273628840253,1.0,1.0
0,6ufe,35,shared_k64,225011,baseline,True,0.9954887218045112,True,0.0,0.0,0.5262442900156747,False,0.00667495994739824,1.0,1.0
0,6ufe,35,shared_kfull,225001,exact,False,1.0,True,0.0,0.0,0.5059328933756964,False,0.0019255829961203983,1.0,1.0
0,6ufe,35,shared_kfull,225001,exact,True,1.0,True,0.0,0.0,0.5059328933756964,False,0.0018293038463143784,1.0,1.0
0,6ufe,35,shared_kfull,225001,baseline,False,1.0,True,0.0,0.0,0.5100804794750469,False,0.0,1.0,1.0
0,6ufe,35,shared_kfull,225001,baseline,True,1.0,True,0.0,0.0,0.5100804794750469,False,0.0,1.0,1.0
0,6ufe,35,shared_kfull,225011,exact,False,1.0,True,0.0,0.0,0.5224333422021863,False,0.0016175036126907926,1.0,1.0
0,6ufe,35,shared_kfull,225011,exact,True,1.0,True,0.0,0.0,0.5224333422021863,False,0.001536628432056253,1.0,1.0
0,6ufe,35,shared_kfull,225011,baseline,False,1.0,True,0.0,0.0,0.5262442900156747,False,0.0,1.0,1.0
0,6ufe,35,shared_kfull,225011,baseline,True,1.0,True,0.0,0.0,0.5262442900156747,False,0.0,1.0,1.0
5,1bxw,144,baseline,225001,exact,False,1.0,True,0.0,0.0,0.09346803368969736,False,5.0513596668715e-05,1.0,1.0
5,1bxw,144,baseline,225001,exact,True,1.0,True,0.0,0.0,0.09346803368969736,False,4.798791683527925e-05,1.0,1.0
5,1bxw,144,baseline,225001,baseline,False,1.0,True,0.0,0.0,0.09345077596980556,False,0.0,1.0,1.0
5,1bxw,144,baseline,225001,baseline,True,1.0,True,0.0,0.0,0.09345077596980556,False,0.0,1.0,1.0
5,1bxw,144,baseline,225011,exact,False,1.0,True,0.0,0.0,0.06720673743063066,False,4.6102781538276695e-05,1.0,1.0
5,1bxw,144,baseline,225011,exact,True,1.0,True,0.0,0.0,0.06720673743063066,False,4.3797642461362865e-05,1.0,1.0
5,1bxw,144,baseline,225011,baseline,False,1.0,True,0.0,0.0,0.06728913831574723,False,0.0,1.0,1.0
5,1bxw,144,baseline,225011,baseline,True,1.0,True,0.0,0.0,0.06728913831574723,False,0.0,1.0,1.0
5,1bxw,144,channel_k0,225001,exact,False,0.3403508771929824,True,0.0,0.0,0.09346803368969736,False,0.023076244140138775,0.3333333333333333,0.4
5,1bxw,144,channel_k0,225001,exact,True,0.41353383458646614,True,0.0,0.0,0.09346803368969736,False,0.021922431933131835,0.3333333333333333,0.4
5,1bxw,144,channel_k0,225001,baseline,False,0.3403508771929824,True,0.0,0.0,0.09345077596980556,False,0.023099217431189267,0.3333333333333333,0.4
5,1bxw,144,channel_k0,225001,baseline,True,0.41353383458646614,True,0.0,0.0,0.09345077596980556,False,0.021944256559629803,0.3333333333333333,0.4
5,1bxw,144,channel_k0,225011,exact,False,0.1736842105263158,False,0.038870006760724385,0.57836473316154,0.06720673743063066,False,0.016436246115083344,0.0,0.2
5,1bxw,144,channel_k0,225011,exact,True,0.24962406015037594,False,0.038870006760724385,0.57836473316154,0.06720673743063066,False,0.015614433809329175,0.0,0.2
5,1bxw,144,channel_k0,225011,baseline,False,0.1736842105263158,False,0.0389840681928606,0.5793515739484126,0.06728913831574723,False,0.016455817657607424,0.0,0.2
5,1bxw,144,channel_k0,225011,baseline,True,0.24962406015037594,False,0.0389840681928606,0.5793515739484126,0.06728913831574723,False,0.015633026774727055,0.0,0.2
5,1bxw,144,channel_k4,225001,exact,False,0.8666666666666666,True,0.0,0.0,0.09346803368969736,False,0.013594417541756188,0.6666666666666666,0.8
5,1bxw,144,channel_k4,225001,exact,True,0.8842105263157894,True,0.0,0.0,0.09346803368969736,False,0.01291469666466838,0.6666666666666666,0.8
5,1bxw,144,channel_k4,225001,baseline,False,0.8666666666666666,True,0.0,0.0,0.09345077596980556,False,0.013617390832806681,0.6666666666666666,0.8
5,1bxw,144,channel_k4,225001,baseline,True,0.8842105263157894,True,0.0,0.0,0.09345077596980556,False,0.012936521291166347,0.6666666666666666,0.8
5,1bxw,144,channel_k4,225011,exact,False,0.9631578947368421,True,0.0,0.0,0.06720673743063066,False,0.009650102050285094,1.0,0.8
5,1bxw,144,channel_k4,225011,exact,True,0.9684210526315788,True,0.0,0.0,0.06720673743063066,False,0.00916759694777084,1.0,0.8
5,1bxw,144,channel_k4,225011,baseline,False,0.9631578947368421,True,0.0,0.0,0.06728913831574723,False,0.009669673592809177,1.0,0.8
5,1bxw,144,channel_k4,225011,baseline,True,0.9684210526315788,True,0.0,0.0,0.06728913831574723,False,0.009186189913168719,1.0,0.8
5,1bxw,144,channel_k8,225001,exact,False,0.9122807017543859,True,0.0,0.0,0.09346803368969736,False,0.008699361841068594,1.0,0.8
5,1bxw,144,channel_k8,225001,exact,True,0.9248120300751879,True,0.0,0.0,0.09346803368969736,False,0.008264393749015164,1.0,0.8
5,1bxw,144,channel_k8,225001,baseline,False,0.9122807017543859,True,0.0,0.0,0.09345077596980556,False,0.008722335132119086,1.0,0.8
5,1bxw,144,channel_k8,225001,baseline,True,0.9248120300751879,True,0.0,0.0,0.09345077596980556,False,0.008286218375513132,1.0,0.8
5,1bxw,144,channel_k8,225011,exact,False,0.9368421052631579,True,0.0,0.0,0.06720673743063066,False,0.006572669585286479,1.0,0.8
5,1bxw,144,channel_k8,225011,exact,True,0.9458646616541352,True,0.0,0.0,0.06720673743063066,False,0.006244036106022155,1.0,0.8
5,1bxw,144,channel_k8,225011,baseline,False,0.9368421052631579,True,0.0,0.0,0.06728913831574723,False,0.006591218746113529,1.0,0.8
5,1bxw,144,channel_k8,225011,baseline,True,0.9458646616541352,True,0.0,0.0,0.06728913831574723,False,0.006261657808807853,1.0,0.8
5,1bxw,144,channel_k16,225001,exact,False,0.9842105263157893,True,0.0,0.0,0.09346803368969736,False,0.004319210067399168,1.0,1.0
5,1bxw,144,channel_k16,225001,exact,True,0.9864661654135337,True,0.0,0.0,0.09346803368969736,False,0.00410324956402921,1.0,1.0
5,1bxw,144,channel_k16,225001,baseline,False,0.9842105263157893,True,0.0,0.0,0.09345077596980556,False,0.004342183358449661,1.0,1.0
5,1bxw,144,channel_k16,225001,baseline,True,0.9864661654135337,True,0.0,0.0,0.09345077596980556,False,0.0041250741905271785,1.0,1.0
5,1bxw,144,channel_k16,225011,exact,False,0.9614035087719298,True,0.0,0.0,0.06720673743063066,False,0.003565558104736162,1.0,0.8
5,1bxw,144,channel_k16,225011,exact,True,0.9669172932330825,True,0.0,0.0,0.06720673743063066,False,0.003387280199499354,1.0,0.8
5,1bxw,144,channel_k16,225011,baseline,False,0.9614035087719298,True,0.0,0.0,0.06728913831574723,False,0.003588879790870443,1.0,0.8
5,1bxw,144,channel_k16,225011,baseline,True,0.9669172932330825,True,0.0,0.0,0.06728913831574723,False,0.003409435801326921,1.0,0.8
5,1bxw,144,channel_k32,225001,exact,False,0.9964912280701754,True,0.0,0.0,0.09346803368969736,False,0.0014078388150427063,1.0,1.0
5,1bxw,144,channel_k32,225001,exact,True,0.9969924812030074,True,0.0,0.0,0.09346803368969736,False,0.0013374468742905709,1.0,1.0
5,1bxw,144,channel_k32,225001,baseline,False,0.9964912280701754,True,0.0,0.0,0.09345077596980556,False,0.0014237064347478675,1.0,1.0
5,1bxw,144,channel_k32,225001,baseline,True,0.9969924812030074,True,0.0,0.0,0.09345077596980556,False,0.0013525211130104742,1.0,1.0
5,1bxw,144,channel_k32,225011,exact,False,0.9912280701754386,True,0.0,0.0,0.06720673743063066,False,0.0015032172834587197,1.0,1.0
5,1bxw,144,channel_k32,225011,exact,True,0.9924812030075187,True,0.0,0.0,0.06720673743063066,False,0.0014280564192857836,1.0,1.0
5,1bxw,144,channel_k32,225011,baseline,False,0.9912280701754386,True,0.0,0.0,0.06728913831574723,False,0.001535251177177998,1.0,1.0
5,1bxw,144,channel_k32,225011,baseline,True,0.9924812030075187,True,0.0,0.0,0.06728913831574723,False,0.0014584886183190982,1.0,1.0
5,1bxw,144,channel_k64,225001,exact,False,0.9947368421052631,True,0.0,0.0,0.09346803368969736,False,0.00019222881051149022,1.0,1.0
5,1bxw,144,channel_k64,225001,exact,True,0.9954887218045112,True,0.0,0.0,0.09346803368969736,False,0.0001826173699859157,1.0,1.0
5,1bxw,144,channel_k64,225001,baseline,False,0.9947368421052631,True,0.0,0.0,0.09345077596980556,False,0.0002017507356478239,1.0,1.0
5,1bxw,144,channel_k64,225001,baseline,True,0.9954887218045112,True,0.0,0.0,0.09345077596980556,False,0.0001916631988654327,1.0,1.0
5,1bxw,144,channel_k64,225011,exact,False,1.0,True,0.0,0.0,0.06720673743063066,False,0.00024260337566836982,1.0,1.0
5,1bxw,144,channel_k64,225011,exact,True,1.0,True,0.0,0.0,0.06720673743063066,False,0.0002304732068849513,1.0,1.0
5,1bxw,144,channel_k64,225011,baseline,False,1.0,True,0.0,0.0,0.06728913831574723,False,0.0002493939647218417,1.0,1.0
5,1bxw,144,channel_k64,225011,baseline,True,1.0,True,0.0,0.0,0.06728913831574723,False,0.0002369242664857496,1.0,1.0
5,1bxw,144,channel_kfull,225001,exact,False,1.0,True,0.0,0.0,0.09346803368969736,False,5.0513596668715e-05,1.0,1.0
5,1bxw,144,channel_kfull,225001,exact,True,1.0,True,0.0,0.0,0.09346803368969736,False,4.798791683527925e-05,1.0,1.0
5,1bxw,144,channel_kfull,225001,baseline,False,1.0,True,0.0,0.0,0.09345077596980556,False,0.0,1.0,1.0
5,1bxw,144,channel_kfull,225001,baseline,True,1.0,True,0.0,0.0,0.09345077596980556,False,0.0,1.0,1.0
5,1bxw,144,channel_kfull,225011,exact,False,1.0,True,0.0,0.0,0.06720673743063066,False,4.6102781538276695e-05,1.0,1.0
5,1bxw,144,channel_kfull,225011,exact,True,1.0,True,0.0,0.0,0.06720673743063066,False,4.3797642461362865e-05,1.0,1.0
5,1bxw,144,channel_kfull,225011,baseline,False,1.0,True,0.0,0.0,0.06728913831574723,False,0.0,1.0,1.0
5,1bxw,144,channel_kfull,225011,baseline,True,1.0,True,0.0,0.0,0.06728913831574723,False,0.0,1.0,1.0
5,1bxw,144,shared_k0,225001,exact,False,0.3403508771929824,True,0.0,0.0,0.09346803368969736,False,0.023076244140138775,0.3333333333333333,0.4
5,1bxw,144,shared_k0,225001,exact,True,0.41353383458646614,True,0.0,0.0,0.09346803368969736,False,0.021922431933131835,0.3333333333333333,0.4
5,1bxw,144,shared_k0,225001,baseline,False,0.3403508771929824,True,0.0,0.0,0.09345077596980556,False,0.023099217431189267,0.3333333333333333,0.4
5,1bxw,144,shared_k0,225001,baseline,True,0.41353383458646614,True,0.0,0.0,0.09345077596980556,False,0.021944256559629803,0.3333333333333333,0.4
5,1bxw,144,shared_k0,225011,exact,False,0.1736842105263158,False,0.038870006760724385,0.57836473316154,0.06720673743063066,False,0.016436246115083344,0.0,0.2
5,1bxw,144,shared_k0,225011,exact,True,0.24962406015037594,False,0.038870006760724385,0.57836473316154,0.06720673743063066,False,0.015614433809329175,0.0,0.2
5,1bxw,144,shared_k0,225011,baseline,False,0.1736842105263158,False,0.0389840681928606,0.5793515739484126,0.06728913831574723,False,0.016455817657607424,0.0,0.2
5,1bxw,144,shared_k0,225011,baseline,True,0.24962406015037594,False,0.0389840681928606,0.5793515739484126,0.06728913831574723,False,0.015633026774727055,0.0,0.2
5,1bxw,144,shared_k4,225001,exact,False,0.5228070175438596,False,0.03454732811667016,0.3696165068729609,0.09346803368969736,False,0.02019418486786595,0.3333333333333333,0.4
5,1bxw,144,shared_k4,225001,exact,True,0.5864661654135337,False,0.03454732811667016,0.3696165068729609,0.09346803368969736,False,0.019184475624472654,0.3333333333333333,0.4
5,1bxw,144,shared_k4,225001,baseline,False,0.5228070175438596,False,0.03462562001387437,0.37052255216224306,0.09345077596980556,False,0.02021715815891644,0.3333333333333333,0.4
5,1bxw,144,shared_k4,225001,baseline,True,0.5864661654135337,False,0.03462562001387437,0.37052255216224306,0.09345077596980556,False,0.019206300250970622,0.3333333333333333,0.4
5,1bxw,144,shared_k4,225011,exact,False,0.531578947368421,False,0.014381961178996594,0.21399582435974285,0.06720673743063066,False,0.014622453783649295,0.3333333333333333,0.4
5,1bxw,144,shared_k4,225011,exact,True,0.5894736842105263,False,0.014381961178996594,0.21399582435974285,0.06720673743063066,False,0.01389133109446683,0.3333333333333333,0.4
5,1bxw,144,shared_k4,225011,baseline,False,0.531578947368421,False,0.014496356165090596,0.2154338207909271,0.06728913831574723,False,0.014651415245999251,0.3333333333333333,0.4
5,1bxw,144,shared_k4,225011,baseline,True,0.5894736842105263,False,0.014496356165090596,0.2154338207909271,0.06728913831574723,False,0.013918844483699289,0.3333333333333333,0.4
5,1bxw,144,shared_k8,225001,exact,False,0.7087719298245614,True,0.0,0.0,0.09346803368969736,False,0.016236417897941103,0.3333333333333333,0.6
5,1bxw,144,shared_k8,225001,exact,True,0.7458646616541353,True,0.0,0.0,0.09346803368969736,False,0.01542459700304405,0.3333333333333333,0.6
5,1bxw,144,shared_k8,225001,baseline,False,0.7087719298245614,True,0.0,0.0,0.09345077596980556,False,0.016259391188991598,0.3333333333333333,0.6
5,1bxw,144,shared_k8,225001,baseline,True,0.7458646616541353,True,0.0,0.0,0.09345077596980556,False,0.015446421629542018,0.3333333333333333,0.6
5,1bxw,144,shared_k8,225011,exact,False,0.4456140350877193,True,0.0,0.0,0.06720673743063066,False,0.01275983899870173,0.3333333333333333,0.2
5,1bxw,144,shared_k8,225011,exact,True,0.5022556390977443,True,0.0,0.0,0.06720673743063066,False,0.012121847048766643,0.3333333333333333,0.2
5,1bxw,144,shared_k8,225011,baseline,False,0.4456140350877193,True,0.0,0.0,0.06728913831574723,False,0.012788800461051686,0.3333333333333333,0.2
5,1bxw,144,shared_k8,225011,baseline,True,0.5022556390977443,True,0.0,0.0,0.06728913831574723,False,0.012149360437999102,0.3333333333333333,0.2
5,1bxw,144,shared_k16,225001,exact,False,0.7280701754385965,True,0.0,0.0,0.09346803368969736,False,0.011775879780358855,0.6666666666666666,0.6
5,1bxw,144,shared_k16,225001,exact,True,0.7669172932330827,True,0.0,0.0,0.09346803368969736,False,0.011187085791340912,0.6666666666666666,0.6
5,1bxw,144,shared_k16,225001,baseline,False,0.7280701754385965,True,0.0,0.0,0.09345077596980556,False,0.011798853071409347,0.6666666666666666,0.6
5,1bxw,144,shared_k16,225001,baseline,True,0.7669172932330827,True,0.0,0.0,0.09345077596980556,False,0.01120891041783888,0.6666666666666666,0.6
5,1bxw,144,shared_k16,225011,exact,False,0.8,True,0.0,0.0,0.06720673743063066,False,0.009586637617940938,0.3333333333333333,0.6
5,1bxw,144,shared_k16,225011,exact,True,0.813533834586466,True,0.0,0.0,0.06720673743063066,False,0.00910730573704389,0.3333333333333333,0.6
5,1bxw,144,shared_k16,225011,baseline,False,0.8,True,0.0,0.0,0.06728913831574723,False,0.009620371605598126,0.3333333333333333,0.6
5,1bxw,144,shared_k16,225011,baseline,True,0.813533834586466,True,0.0,0.0,0.06728913831574723,False,0.009139353025318219,0.3333333333333333,0.6
5,1bxw,144,shared_k32,225001,exact,False,0.8947368421052632,True,0.0,0.0,0.09346803368969736,False,0.006768843220788506,1.0,0.8
5,1bxw,144,shared_k32,225001,exact,True,0.9097744360902256,True,0.0,0.0,0.09346803368969736,False,0.00643040105974908,1.0,0.8
5,1bxw,144,shared_k32,225001,baseline,False,0.8947368421052632,True,0.0,0.0,0.09345077596980556,False,0.006799739973431827,1.0,0.8
5,1bxw,144,shared_k32,225001,baseline,True,0.9097744360902256,True,0.0,0.0,0.09345077596980556,False,0.006459752974760235,1.0,0.8
5,1bxw,144,shared_k32,225011,exact,False,0.8947368421052632,True,0.0,0.0,0.06720673743063066,False,0.005713716869288817,0.6666666666666666,0.8
5,1bxw,144,shared_k32,225011,exact,True,0.9097744360902256,True,0.0,0.0,0.06720673743063066,False,0.0054280310258243755,0.6666666666666666,0.8
5,1bxw,144,shared_k32,225011,baseline,False,0.8947368421052632,True,0.0,0.0,0.06728913831574723,False,0.005727208465286193,0.6666666666666666,0.8
5,1bxw,144,shared_k32,225011,baseline,True,0.9097744360902256,True,0.0,0.0,0.06728913831574723,False,0.005440848042021884,0.6666666666666666,0.8
5,1bxw,144,shared_k64,225001,exact,False,0.9824561403508772,True,0.0,0.0,0.09346803368969736,False,0.0024641488496201834,1.0,1.0
5,1bxw,144,shared_k64,225001,exact,True,0.9849624060150375,True,0.0,0.0,0.09346803368969736,False,0.0023409414071391744,1.0,1.0
5,1bxw,144,shared_k64,225001,baseline,False,0.9824561403508772,True,0.0,0.0,0.09345077596980556,False,0.0024854872315138252,1.0,1.0
5,1bxw,144,shared_k64,225001,baseline,True,0.9849624060150375,True,0.0,0.0,0.09345077596980556,False,0.0023612128699381342,1.0,1.0
5,1bxw,144,shared_k64,225011,exact,False,0.975438596491228,True,0.0,0.0,0.06720673743063066,False,0.001916483760926808,1.0,0.8
5,1bxw,144,shared_k64,225011,exact,True,0.9789473684210527,True,0.0,0.0,0.06720673743063066,False,0.0018206595728804675,1.0,0.8
5,1bxw,144,shared_k64,225011,baseline,False,0.975438596491228,True,0.0,0.0,0.06728913831574723,False,0.0019495751472860447,1.0,0.8
5,1bxw,144,shared_k64,225011,baseline,True,0.9789473684210527,True,0.0,0.0,0.06728913831574723,False,0.0018520963899217424,1.0,0.8
5,1bxw,144,shared_kfull,225001,exact,False,1.0,True,0.0,0.0,0.09346803368969736,False,5.0513596668715e-05,1.0,1.0
5,1bxw,144,shared_kfull,225001,exact,True,1.0,True,0.0,0.0,0.09346803368969736,False,4.798791683527925e-05,1.0,1.0
5,1bxw,144,shared_kfull,225001,baseline,False,1.0,True,0.0,0.0,0.09345077596980556,False,0.0,1.0,1.0
5,1bxw,144,shared_kfull,225001,baseline,True,1.0,True,0.0,0.0,0.09345077596980556,False,0.0,1.0,1.0
5,1bxw,144,shared_kfull,225011,exact,False,1.0,True,0.0,0.0,0.06720673743063066,False,4.6102781538276695e-05,1.0,1.0
5,1bxw,144,shared_kfull,225011,exact,True,1.0,True,0.0,0.0,0.06720673743063066,False,4.3797642461362865e-05,1.0,1.0
5,1bxw,144,shared_kfull,225011,baseline,False,1.0,True,0.0,0.0,0.06728913831574723,False,0.0,1.0,1.0
5,1bxw,144,shared_kfull,225011,baseline,True,1.0,True,0.0,0.0,0.06728913831574723,False,0.0,1.0,1.0
0,6ufe,91,baseline,225001,exact,False,1.0,True,0.0,0.0,1.0475795376965444,False,0.012584931601454609,1.0,1.0
0,6ufe,91,baseline,225001,exact,True,0.9984962406015038,True,0.0,0.0,1.0475795376965444,False,0.01195568502138188,1.0,1.0
0,6ufe,91,baseline,225001,baseline,False,1.0,True,0.0,0.0,1.0422681646967782,False,0.0,1.0,1.0
0,6ufe,91,baseline,225001,baseline,True,1.0,True,0.0,0.0,1.0422681646967782,False,0.0,1.0,1.0
0,6ufe,91,baseline,225011,exact,False,0.9947368421052631,True,0.0,0.0,1.3444516338969321,False,0.01348059542435045,1.0,1.0
0,6ufe,91,baseline,225011,exact,True,0.9954887218045112,True,0.0,0.0,1.3444516338969321,False,0.012806565653132929,1.0,1.0
0,6ufe,91,baseline,225011,baseline,False,1.0,True,0.0,0.0,1.3279516851817272,False,0.0,1.0,1.0
0,6ufe,91,baseline,225011,baseline,True,1.0,True,0.0,0.0,1.3279516851817272,False,0.0,1.0,1.0
0,6ufe,91,channel_k0,225001,exact,False,0.8456140350877193,False,0.10563273349488989,0.10083504850348542,1.0475795376965444,False,0.12320984950876329,0.6666666666666666,0.8
0,6ufe,91,channel_k0,225001,exact,True,0.8601503759398496,False,0.10563273349488989,0.10083504850348542,1.0475795376965444,False,0.11704935703332513,0.6666666666666666,0.8
0,6ufe,91,channel_k0,225001,baseline,False,0.8456140350877193,False,0.12063412787220007,0.11574192895673403,1.0422681646967782,False,0.12799342846812928,0.6666666666666666,0.8
0,6ufe,91,channel_k0,225001,baseline,True,0.8556390977443609,False,0.12063412787220007,0.11574192895673403,1.0422681646967782,False,0.12159375704472282,0.6666666666666666,0.8
0,6ufe,91,channel_k0,225011,exact,False,0.843859649122807,True,0.0,0.0,1.3444516338969321,False,0.11855192428266549,0.6666666666666666,0.6
0,6ufe,91,channel_k0,225011,exact,True,0.849624060150376,True,0.0,0.0,1.3444516338969321,False,0.11262432806853222,0.6666666666666666,0.6
0,6ufe,91,channel_k0,225011,baseline,False,0.8491228070175438,True,0.0,0.0,1.3279516851817272,False,0.11746608696466014,0.6666666666666666,0.6
0,6ufe,91,channel_k0,225011,baseline,True,0.8541353383458646,True,0.0,0.0,1.3279516851817272,False,0.1115927826164271,0.6666666666666666,0.6
0,6ufe,91,channel_k4,225001,exact,False,0.9964912280701754,True,0.0,0.0,1.0475795376965444,False,0.020360535363352132,1.0,1.0
0,6ufe,91,channel_k4,225001,exact,True,0.9969924812030074,True,0.0,0.0,1.0475795376965444,False,0.019342508595184528,1.0,1.0
0,6ufe,91,channel_k4,225001,baseline,False,0.9964912280701754,True,0.0,0.0,1.0422681646967782,False,0.015849714989032693,1.0,1.0
0,6ufe,91,channel_k4,225001,baseline,True,0.9954887218045112,True,0.0,0.0,1.0422681646967782,False,0.01505722923958106,1.0,1.0
0,6ufe,91,channel_k4,225011,exact,False,0.9912280701754386,True,0.0,0.0,1.3444516338969321,False,0.020953527013961627,1.0,0.8
0,6ufe,91,channel_k4,225011,exact,True,0.9909774436090225,True,0.0,0.0,1.3444516338969321,False,0.019905850663263547,1.0,0.8
0,6ufe,91,channel_k4,225011,baseline,False,0.9964912280701754,True,0.0,0.0,1.3279516851817272,False,0.013166531088215357,1.0,0.8
0,6ufe,91,channel_k4,225011,baseline,True,0.9954887218045112,True,0.0,0.0,1.3279516851817272,False,0.01250820453380459,1.0,0.8
0,6ufe,91,channel_k8,225001,exact,False,1.0,True,0.0,0.0,1.0475795376965444,False,0.012264819873015987,1.0,1.0
0,6ufe,91,channel_k8,225001,exact,True,0.9984962406015038,True,0.0,0.0,1.0475795376965444,False,0.011651578879365188,1.0,1.0
0,6ufe,91,channel_k8,225001,baseline,False,1.0,True,0.0,0.0,1.0422681646967782,False,0.007066146366818717,1.0,1.0
0,6ufe,91,channel_k8,225001,baseline,True,1.0,True,0.0,0.0,1.0422681646967782,False,0.006712839048477781,1.0,1.0
0,6ufe,91,channel_k8,225011,exact,False,0.9929824561403509,True,0.0,0.0,1.3444516338969321,False,0.010051124460989196,1.0,1.0
0,6ufe,91,channel_k8,225011,exact,True,0.993984962406015,True,0.0,0.0,1.3444516338969321,False,0.009548568237939736,1.0,1.0
0,6ufe,91,channel_k8,225011,baseline,False,0.9982456140350877,True,0.0,0.0,1.3279516851817272,False,0.006189652877262101,1.0,1.0
0,6ufe,91,channel_k8,225011,baseline,True,0.9984962406015038,True,0.0,0.0,1.3279516851817272,False,0.005880170233398996,1.0,1.0
0,6ufe,91,channel_k16,225001,exact,False,1.0,True,0.0,0.0,1.0475795376965444,False,0.013681201381609874,1.0,1.0
0,6ufe,91,channel_k16,225001,exact,True,0.9984962406015038,True,0.0,0.0,1.0475795376965444,False,0.012997141312529381,1.0,1.0
0,6ufe,91,channel_k16,225001,baseline,False,1.0,True,0.0,0.0,1.0422681646967782,False,0.0022194275435898593,1.0,1.0
0,6ufe,91,channel_k16,225001,baseline,True,1.0,True,0.0,0.0,1.0422681646967782,False,0.0021084561664103663,1.0,1.0
0,6ufe,91,channel_k16,225011,exact,False,0.9929824561403509,True,0.0,0.0,1.3444516338969321,False,0.015284154762852083,1.0,1.0
0,6ufe,91,channel_k16,225011,exact,True,0.993984962406015,True,0.0,0.0,1.3444516338969321,False,0.01451994702470948,1.0,1.0
0,6ufe,91,channel_k16,225011,baseline,False,0.9982456140350877,True,0.0,0.0,1.3279516851817272,False,0.004017296330185368,1.0,1.0
0,6ufe,91,channel_k16,225011,baseline,True,0.9984962406015038,True,0.0,0.0,1.3279516851817272,False,0.0038164315136760994,1.0,1.0
0,6ufe,91,channel_k32,225001,exact,False,1.0,True,0.0,0.0,1.0475795376965444,False,0.013924198017040134,1.0,1.0
0,6ufe,91,channel_k32,225001,exact,True,0.9984962406015038,True,0.0,0.0,1.0475795376965444,False,0.013227988116188128,1.0,1.0
0,6ufe,91,channel_k32,225001,baseline,False,1.0,True,0.0,0.0,1.0422681646967782,False,0.001508052164478369,1.0,1.0
0,6ufe,91,channel_k32,225001,baseline,True,1.0,True,0.0,0.0,1.0422681646967782,False,0.0014326495562544505,1.0,1.0
0,6ufe,91,channel_k32,225011,exact,False,0.9929824561403509,True,0.0,0.0,1.3444516338969321,False,0.014034216178833462,1.0,0.8
0,6ufe,91,channel_k32,225011,exact,True,0.993984962406015,True,0.0,0.0,1.3444516338969321,False,0.013332505369891789,1.0,0.8
0,6ufe,91,channel_k32,225011,baseline,False,0.9982456140350877,True,0.0,0.0,1.3279516851817272,False,0.001203735184613393,1.0,0.8
0,6ufe,91,channel_k32,225011,baseline,True,0.9984962406015038,True,0.0,0.0,1.3279516851817272,False,0.0011435484253827233,1.0,0.8
0,6ufe,91,channel_k64,225001,exact,False,1.0,True,0.0,0.0,1.0475795376965444,False,0.012663985425932897,1.0,1.0
0,6ufe,91,channel_k64,225001,exact,True,0.9984962406015038,True,0.0,0.0,1.0475795376965444,False,0.012030786154636253,1.0,1.0
0,6ufe,91,channel_k64,225001,baseline,False,1.0,True,0.0,0.0,1.0422681646967782,False,0.00013067401393330793,1.0,1.0
0,6ufe,91,channel_k64,225001,baseline,True,1.0,True,0.0,0.0,1.0422681646967782,False,0.00012414031323664253,1.0,1.0
0,6ufe,91,channel_k64,225011,exact,False,0.9947368421052631,True,0.0,0.0,1.3444516338969321,False,0.013570332881694444,1.0,1.0
0,6ufe,91,channel_k64,225011,exact,True,0.9954887218045112,True,0.0,0.0,1.3444516338969321,False,0.01289181623760972,1.0,1.0
0,6ufe,91,channel_k64,225011,baseline,False,1.0,True,0.0,0.0,1.3279516851817272,False,0.00018768975697717942,1.0,1.0
0,6ufe,91,channel_k64,225011,baseline,True,1.0,True,0.0,0.0,1.3279516851817272,False,0.00017830526912832045,1.0,1.0
0,6ufe,91,channel_kfull,225001,exact,False,1.0,True,0.0,0.0,1.0475795376965444,False,0.012584931601454609,1.0,1.0
0,6ufe,91,channel_kfull,225001,exact,True,0.9984962406015038,True,0.0,0.0,1.0475795376965444,False,0.01195568502138188,1.0,1.0
0,6ufe,91,channel_kfull,225001,baseline,False,1.0,True,0.0,0.0,1.0422681646967782,False,0.0,1.0,1.0
0,6ufe,91,channel_kfull,225001,baseline,True,1.0,True,0.0,0.0,1.0422681646967782,False,0.0,1.0,1.0
0,6ufe,91,channel_kfull,225011,exact,False,0.9947368421052631,True,0.0,0.0,1.3444516338969321,False,0.01348059542435045,1.0,1.0
0,6ufe,91,channel_kfull,225011,exact,True,0.9954887218045112,True,0.0,0.0,1.3444516338969321,False,0.012806565653132929,1.0,1.0
0,6ufe,91,channel_kfull,225011,baseline,False,1.0,True,0.0,0.0,1.3279516851817272,False,0.0,1.0,1.0
0,6ufe,91,channel_kfull,225011,baseline,True,1.0,True,0.0,0.0,1.3279516851817272,False,0.0,1.0,1.0
0,6ufe,91,shared_k0,225001,exact,False,0.8456140350877193,False,0.10563273349488989,0.10083504850348542,1.0475795376965444,False,0.12320984950876329,0.6666666666666666,0.8
0,6ufe,91,shared_k0,225001,exact,True,0.8601503759398496,False,0.10563273349488989,0.10083504850348542,1.0475795376965444,False,0.11704935703332513,0.6666666666666666,0.8
0,6ufe,91,shared_k0,225001,baseline,False,0.8456140350877193,False,0.12063412787220007,0.11574192895673403,1.0422681646967782,False,0.12799342846812928,0.6666666666666666,0.8
0,6ufe,91,shared_k0,225001,baseline,True,0.8556390977443609,False,0.12063412787220007,0.11574192895673403,1.0422681646967782,False,0.12159375704472282,0.6666666666666666,0.8
0,6ufe,91,shared_k0,225011,exact,False,0.843859649122807,True,0.0,0.0,1.3444516338969321,False,0.11855192428266549,0.6666666666666666,0.6
0,6ufe,91,shared_k0,225011,exact,True,0.849624060150376,True,0.0,0.0,1.3444516338969321,False,0.11262432806853222,0.6666666666666666,0.6
0,6ufe,91,shared_k0,225011,baseline,False,0.8491228070175438,True,0.0,0.0,1.3279516851817272,False,0.11746608696466014,0.6666666666666666,0.6
0,6ufe,91,shared_k0,225011,baseline,True,0.8541353383458646,True,0.0,0.0,1.3279516851817272,False,0.1115927826164271,0.6666666666666666,0.6
0,6ufe,91,shared_k4,225001,exact,False,0.9175438596491228,True,0.0,0.0,1.0475795376965444,False,0.07195476409452295,0.6666666666666666,0.8
0,6ufe,91,shared_k4,225001,exact,True,0.9203007518796992,True,0.0,0.0,1.0475795376965444,False,0.06835702588979681,0.6666666666666666,0.8
0,6ufe,91,shared_k4,225001,baseline,False,0.9175438596491228,True,0.0,0.0,1.0422681646967782,False,0.07063286634278833,0.6666666666666666,0.8
0,6ufe,91,shared_k4,225001,baseline,True,0.918796992481203,True,0.0,0.0,1.0422681646967782,False,0.06710122302564892,0.6666666666666666,0.8
0,6ufe,91,shared_k4,225011,exact,False,0.9631578947368421,True,0.0,0.0,1.3444516338969321,False,0.07911809145010884,1.0,0.8
0,6ufe,91,shared_k4,225011,exact,True,0.9669172932330825,True,0.0,0.0,1.3444516338969321,False,0.0751621868776034,1.0,0.8
0,6ufe,91,shared_k4,225011,baseline,False,0.9684210526315788,True,0.0,0.0,1.3279516851817272,False,0.07414126241821951,1.0,0.8
0,6ufe,91,shared_k4,225011,baseline,True,0.9714285714285714,True,0.0,0.0,1.3279516851817272,False,0.07043419929730854,1.0,0.8
0,6ufe,91,shared_k8,225001,exact,False,0.9596491228070174,True,0.0,0.0,1.0475795376965444,False,0.04325671468089149,1.0,0.8
0,6ufe,91,shared_k8,225001,exact,True,0.9624060150375938,True,0.0,0.0,1.0475795376965444,False,0.04109387894684692,1.0,0.8
0,6ufe,91,shared_k8,225001,baseline,False,0.9596491228070174,True,0.0,0.0,1.0422681646967782,False,0.043663487977427896,1.0,0.8
0,6ufe,91,shared_k8,225001,baseline,True,0.9609022556390976,True,0.0,0.0,1.0422681646967782,False,0.041480313578556506,1.0,0.8
0,6ufe,91,shared_k8,225011,exact,False,0.9736842105263157,True,0.0,0.0,1.3444516338969321,False,0.054642423374551885,1.0,0.8
0,6ufe,91,shared_k8,225011,exact,True,0.9774436090225563,True,0.0,0.0,1.3444516338969321,False,0.05191030220582429,1.0,0.8
0,6ufe,91,shared_k8,225011,baseline,False,0.9789473684210527,True,0.0,0.0,1.3279516851817272,False,0.04767956705013108,1.0,0.8
0,6ufe,91,shared_k8,225011,baseline,True,0.9819548872180449,True,0.0,0.0,1.3279516851817272,False,0.045295588697624525,1.0,0.8
0,6ufe,91,shared_k16,225001,exact,False,0.987719298245614,True,0.0,0.0,1.0475795376965444,False,0.02597324588506202,1.0,0.8
0,6ufe,91,shared_k16,225001,exact,True,0.9879699248120299,True,0.0,0.0,1.0475795376965444,False,0.02467458359080892,1.0,0.8
0,6ufe,91,shared_k16,225001,baseline,False,0.987719298245614,True,0.0,0.0,1.0422681646967782,False,0.020272364590016398,1.0,0.8
0,6ufe,91,shared_k16,225001,baseline,True,0.9894736842105262,True,0.0,0.0,1.0422681646967782,False,0.019258746360515576,1.0,0.8
0,6ufe,91,shared_k16,225011,exact,False,0.987719298245614,True,0.0,0.0,1.3444516338969321,False,0.03453964285732798,1.0,0.8
0,6ufe,91,shared_k16,225011,exact,True,0.9879699248120299,True,0.0,0.0,1.3444516338969321,False,0.03281266071446158,1.0,0.8
0,6ufe,91,shared_k16,225011,baseline,False,0.9929824561403509,True,0.0,0.0,1.3279516851817272,False,0.026236585327564038,1.0,0.8
0,6ufe,91,shared_k16,225011,baseline,True,0.9924812030075187,True,0.0,0.0,1.3279516851817272,False,0.024924756061185837,1.0,0.8
0,6ufe,91,shared_k32,225001,exact,False,0.9964912280701754,True,0.0,0.0,1.0475795376965444,False,0.016611706806530836,1.0,1.0
0,6ufe,91,shared_k32,225001,exact,True,0.9954887218045112,True,0.0,0.0,1.0475795376965444,False,0.015781121466204296,1.0,1.0
0,6ufe,91,shared_k32,225001,baseline,False,0.9964912280701754,True,0.0,0.0,1.0422681646967782,False,0.006930670402310599,1.0,1.0
0,6ufe,91,shared_k32,225001,baseline,True,0.9969924812030074,True,0.0,0.0,1.0422681646967782,False,0.006584136882195069,1.0,1.0
0,6ufe,91,shared_k32,225011,exact,False,0.9929824561403509,True,0.0,0.0,1.3444516338969321,False,0.019667117119026252,1.0,0.8
0,6ufe,91,shared_k32,225011,exact,True,0.9924812030075187,True,0.0,0.0,1.3444516338969321,False,0.018683761263074937,1.0,0.8
0,6ufe,91,shared_k32,225011,baseline,False,0.9982456140350877,True,0.0,0.0,1.3279516851817272,False,0.012309906833038436,1.0,0.8
0,6ufe,91,shared_k32,225011,baseline,True,0.9969924812030074,True,0.0,0.0,1.3279516851817272,False,0.011694411491386513,1.0,0.8
0,6ufe,91,shared_k64,225001,exact,False,1.0,True,0.0,0.0,1.0475795376965444,False,0.01327908320457471,1.0,1.0
0,6ufe,91,shared_k64,225001,exact,True,0.9984962406015038,True,0.0,0.0,1.0475795376965444,False,0.012615129044345974,1.0,1.0
0,6ufe,91,shared_k64,225001,baseline,False,1.0,True,0.0,0.0,1.0422681646967782,False,0.0021132679879651136,1.0,1.0
0,6ufe,91,shared_k64,225001,baseline,True,1.0,True,0.0,0.0,1.0422681646967782,False,0.002007604588566858,1.0,1.0
0,6ufe,91,shared_k64,225011,exact,False,0.9947368421052631,True,0.0,0.0,1.3444516338969321,False,0.014840432541956767,1.0,1.0
0,6ufe,91,shared_k64,225011,exact,True,0.9954887218045112,True,0.0,0.0,1.3444516338969321,False,0.014098410914858927,1.0,1.0
0,6ufe,91,shared_k64,225011,baseline,False,1.0,True,0.0,0.0,1.3279516851817272,False,0.0030751775166040804,1.0,1.0
0,6ufe,91,shared_k64,225011,baseline,True,1.0,True,0.0,0.0,1.3279516851817272,False,0.002921418640773876,1.0,1.0
0,6ufe,91,shared_kfull,225001,exact,False,1.0,True,0.0,0.0,1.0475795376965444,False,0.012584931601454609,1.0,1.0
0,6ufe,91,shared_kfull,225001,exact,True,0.9984962406015038,True,0.0,0.0,1.0475795376965444,False,0.01195568502138188,1.0,1.0
0,6ufe,91,shared_kfull,225001,baseline,False,1.0,True,0.0,0.0,1.0422681646967782,False,0.0,1.0,1.0
0,6ufe,91,shared_kfull,225001,baseline,True,1.0,True,0.0,0.0,1.0422681646967782,False,0.0,1.0,1.0
0,6ufe,91,shared_kfull,225011,exact,False,0.9947368421052631,True,0.0,0.0,1.3444516338969321,False,0.01348059542435045,1.0,1.0
0,6ufe,91,shared_kfull,225011,exact,True,0.9954887218045112,True,0.0,0.0,1.3444516338969321,False,0.012806565653132929,1.0,1.0
0,6ufe,91,shared_kfull,225011,baseline,False,1.0,True,0.0,0.0,1.3279516851817272,False,0.0,1.0,1.0
0,6ufe,91,shared_kfull,225011,baseline,True,1.0,True,0.0,0.0,1.3279516851817272,False,0.0,1.0,1.0
4,2dt4,0,baseline,225001,exact,False,1.0,True,0.0,0.0,0.04275857120035664,False,4.933921677708371e-05,1.0,1.0
4,2dt4,0,baseline,225001,exact,True,1.0,True,0.0,0.0,0.04275857120035664,False,4.687225593822952e-05,1.0,1.0
4,2dt4,0,baseline,225001,baseline,False,1.0,True,0.0,0.0,0.04280224921782683,False,0.0,1.0,1.0
4,2dt4,0,baseline,225001,baseline,True,1.0,True,0.0,0.0,0.04280224921782683,False,0.0,1.0,1.0
4,2dt4,0,baseline,225011,exact,False,1.0,True,0.0,0.0,0.0809563938003437,False,0.00010889895412700017,1.0,1.0
4,2dt4,0,baseline,225011,exact,True,1.0,True,0.0,0.0,0.0809563938003437,False,0.00010345400642065017,1.0,1.0
4,2dt4,0,baseline,225011,baseline,False,1.0,True,0.0,0.0,0.08116775582700364,False,0.0,1.0,1.0
4,2dt4,0,baseline,225011,baseline,True,1.0,True,0.0,0.0,0.08116775582700364,False,0.0,1.0,1.0
4,2dt4,0,channel_k0,225001,exact,False,0.7035087719298245,False,0.009011899449190064,0.21076240847624247,0.04275857120035664,False,0.005200598376301695,0.0,0.4
4,2dt4,0,channel_k0,225001,exact,True,0.7398496240601502,False,0.009011899449190064,0.21076240847624247,0.04275857120035664,False,0.0049405684574866104,0.0,0.4
4,2dt4,0,channel_k0,225001,baseline,False,0.7035087719298245,False,0.008904155990907214,0.20803009546513967,0.04280224921782683,False,0.005183583290414853,0.0,0.4
4,2dt4,0,channel_k0,225001,baseline,True,0.7398496240601502,False,0.008904155990907214,0.20803009546513967,0.04280224921782683,False,0.0049244041258941105,0.0,0.4
4,2dt4,0,channel_k0,225011,exact,False,0.8666666666666666,True,0.0,0.0,0.0809563938003437,False,0.005399391549078574,0.6666666666666666,0.8
4,2dt4,0,channel_k0,225011,exact,True,0.882706766917293,True,0.0,0.0,0.0809563938003437,False,0.005129421971624646,0.6666666666666666,0.8
4,2dt4,0,channel_k0,225011,baseline,False,0.8666666666666666,True,0.0,0.0,0.08116775582700364,False,0.005360274724508405,0.6666666666666666,0.8
4,2dt4,0,channel_k0,225011,baseline,True,0.882706766917293,True,0.0,0.0,0.08116775582700364,False,0.0050922609882829845,0.6666666666666666,0.8
4,2dt4,0,channel_k4,225001,exact,False,0.8491228070175438,True,0.0,0.0,0.04275857120035664,False,0.0020152086982116136,0.6666666666666666,0.6
4,2dt4,0,channel_k4,225001,exact,True,0.8706766917293233,True,0.0,0.0,0.04275857120035664,False,0.001914448263301033,0.6666666666666666,0.6
4,2dt4,0,channel_k4,225001,baseline,False,0.8491228070175438,True,0.0,0.0,0.04280224921782683,False,0.001995511990040917,0.6666666666666666,0.6
4,2dt4,0,channel_k4,225001,baseline,True,0.8706766917293233,True,0.0,0.0,0.04280224921782683,False,0.0018957363905388713,0.6666666666666666,0.6
4,2dt4,0,channel_k4,225011,exact,False,0.9631578947368421,False,6.287695940371263e-05,0.0007766768806276261,0.0809563938003437,False,0.0018485997055781023,0.6666666666666666,1.0
4,2dt4,0,channel_k4,225011,exact,True,0.9684210526315788,False,6.287695940371263e-05,0.0007766768806276261,0.0809563938003437,False,0.0017561697202991972,0.6666666666666666,1.0
4,2dt4,0,channel_k4,225011,baseline,False,0.9631578947368421,False,4.432043466812141e-05,0.0005460349890981768,0.08116775582700364,False,0.0018470861643283324,0.6666666666666666,1.0
4,2dt4,0,channel_k4,225011,baseline,True,0.9684210526315788,False,4.432043466812141e-05,0.0005460349890981768,0.08116775582700364,False,0.0017547318561119158,0.6666666666666666,1.0
4,2dt4,0,channel_k8,225001,exact,False,0.987719298245614,True,0.0,0.0,0.04275857120035664,False,0.0006603196444120149,1.0,0.8
4,2dt4,0,channel_k8,225001,exact,True,0.9894736842105262,True,0.0,0.0,0.04275857120035664,False,0.0006273036621914141,1.0,0.8
4,2dt4,0,channel_k8,225001,baseline,False,0.987719298245614,True,0.0,0.0,0.04280224921782683,False,0.0006475021897350421,1.0,0.8
4,2dt4,0,channel_k8,225001,baseline,True,0.9894736842105262,True,0.0,0.0,0.04280224921782683,False,0.00061512708024829,1.0,0.8
4,2dt4,0,channel_k8,225011,exact,False,0.987719298245614,False,6.287695940371263e-05,0.0007766768806276261,0.0809563938003437,False,0.0008743670004112721,0.6666666666666666,1.0
4,2dt4,0,channel_k8,225011,exact,True,0.9894736842105262,False,6.287695940371263e-05,0.0007766768806276261,0.0809563938003437,False,0.0008306486503907084,0.6666666666666666,1.0
4,2dt4,0,channel_k8,225011,baseline,False,0.987719298245614,False,4.432043466812141e-05,0.0005460349890981768,0.08116775582700364,False,0.0008652113809776502,0.6666666666666666,1.0
4,2dt4,0,channel_k8,225011,baseline,True,0.9894736842105262,False,4.432043466812141e-05,0.0005460349890981768,0.08116775582700364,False,0.0008219508119287677,0.6666666666666666,1.0
4,2dt4,0,channel_k16,225001,exact,False,0.9964912280701754,True,0.0,0.0,0.04275857120035664,False,0.00038670489946824053,1.0,1.0
4,2dt4,0,channel_k16,225001,exact,True,0.9969924812030074,True,0.0,0.0,0.04275857120035664,False,0.0003673696544948285,1.0,1.0
4,2dt4,0,channel_k16,225001,baseline,False,0.9964912280701754,True,0.0,0.0,0.04280224921782683,False,0.00038212894147923287,1.0,1.0
4,2dt4,0,channel_k16,225001,baseline,True,0.9969924812030074,True,0.0,0.0,0.04280224921782683,False,0.00036302249440527123,1.0,1.0
4,2dt4,0,channel_k16,225011,exact,False,0.9912280701754386,False,6.287695940371263e-05,0.0007766768806276261,0.0809563938003437,False,0.00031846127508400616,1.0,1.0
4,2dt4,0,channel_k16,225011,exact,True,0.9924812030075187,False,6.287695940371263e-05,0.0007766768806276261,0.0809563938003437,False,0.00030253821132980585,1.0,1.0
4,2dt4,0,channel_k16,225011,baseline,False,0.9912280701754386,False,4.432043466812141e-05,0.0005460349890981768,0.08116775582700364,False,0.0003248254510052062,1.0,1.0
4,2dt4,0,channel_k16,225011,baseline,True,0.9924812030075187,False,4.432043466812141e-05,0.0005460349890981768,0.08116775582700364,False,0.0003085841784549459,1.0,1.0
4,2dt4,0,channel_k32,225001,exact,False,0.9982456140350877,True,0.0,0.0,0.04275857120035664,False,0.0002527668594513676,1.0,1.0
4,2dt4,0,channel_k32,225001,exact,True,0.9984962406015038,True,0.0,0.0,0.04275857120035664,False,0.00024012851647879917,1.0,1.0
4,2dt4,0,channel_k32,225001,baseline,False,0.9982456140350877,True,0.0,0.0,0.04280224921782683,False,0.0002481909014623599,1.0,1.0
4,2dt4,0,channel_k32,225001,baseline,True,0.9984962406015038,True,0.0,0.0,0.04280224921782683,False,0.00023578135638924191,1.0,1.0
4,2dt4,0,channel_k32,225011,exact,False,1.0,True,0.0,0.0,0.0809563938003437,False,0.00024283023322706137,1.0,1.0
4,2dt4,0,channel_k32,225011,exact,True,1.0,True,0.0,0.0,0.0809563938003437,False,0.0002306887215657083,1.0,1.0
4,2dt4,0,channel_k32,225011,baseline,False,1.0,True,0.0,0.0,0.08116775582700364,False,0.0002637632223106803,1.0,1.0
4,2dt4,0,channel_k32,225011,baseline,True,1.0,True,0.0,0.0,0.08116775582700364,False,0.0002505750611951463,1.0,1.0
4,2dt4,0,channel_k64,225001,exact,False,1.0,True,0.0,0.0,0.04275857120035664,False,0.00010362554750603659,1.0,1.0
4,2dt4,0,channel_k64,225001,exact,True,1.0,True,0.0,0.0,0.04275857120035664,False,9.844427013073475e-05,1.0,1.0
4,2dt4,0,channel_k64,225001,baseline,False,1.0,True,0.0,0.0,0.04280224921782683,False,7.48932642807638e-05,1.0,1.0
4,2dt4,0,channel_k64,225001,baseline,True,1.0,True,0.0,0.0,0.04280224921782683,False,7.11486010667256e-05,1.0,1.0
4,2dt4,0,channel_k64,225011,exact,False,1.0,True,0.0,0.0,0.0809563938003437,False,0.0001150463633848765,1.0,1.0
4,2dt4,0,channel_k64,225011,exact,True,1.0,True,0.0,0.0,0.0809563938003437,False,0.00010929404521563268,1.0,1.0
4,2dt4,0,channel_k64,225011,baseline,False,1.0,True,0.0,0.0,0.08116775582700364,False,9.669536806267435e-05,1.0,1.0
4,2dt4,0,channel_k64,225011,baseline,True,1.0,True,0.0,0.0,0.08116775582700364,False,9.186059965954063e-05,1.0,1.0
4,2dt4,0,channel_kfull,225001,exact,False,1.0,True,0.0,0.0,0.04275857120035664,False,4.93224183821075e-05,1.0,1.0
4,2dt4,0,channel_kfull,225001,exact,True,1.0,True,0.0,0.0,0.04275857120035664,False,4.6856297463002126e-05,1.0,1.0
4,2dt4,0,channel_kfull,225001,baseline,False,1.0,True,0.0,0.0,0.04280224921782683,False,1.6798394976205868e-08,1.0,1.0
4,2dt4,0,channel_kfull,225001,baseline,True,1.0,True,0.0,0.0,0.04280224921782683,False,1.5958475227395576e-08,1.0,1.0
4,2dt4,0,channel_kfull,225011,exact,False,1.0,True,0.0,0.0,0.0809563938003437,False,0.0001089065056618596,1.0,1.0
4,2dt4,0,channel_kfull,225011,exact,True,1.0,True,0.0,0.0,0.0809563938003437,False,0.00010346118037876662,1.0,1.0
4,2dt4,0,channel_kfull,225011,baseline,False,1.0,True,0.0,0.0,0.08116775582700364,False,7.551534859417367e-09,1.0,1.0
4,2dt4,0,channel_kfull,225011,baseline,True,1.0,True,0.0,0.0,0.08116775582700364,False,7.1739581164465e-09,1.0,1.0
4,2dt4,0,shared_k0,225001,exact,False,0.7035087719298245,False,0.009011899449190064,0.21076240847624247,0.04275857120035664,False,0.005200598376301695,0.0,0.4
4,2dt4,0,shared_k0,225001,exact,True,0.7398496240601502,False,0.009011899449190064,0.21076240847624247,0.04275857120035664,False,0.0049405684574866104,0.0,0.4
4,2dt4,0,shared_k0,225001,baseline,False,0.7035087719298245,False,0.008904155990907214,0.20803009546513967,0.04280224921782683,False,0.005183583290414853,0.0,0.4
4,2dt4,0,shared_k0,225001,baseline,True,0.7398496240601502,False,0.008904155990907214,0.20803009546513967,0.04280224921782683,False,0.0049244041258941105,0.0,0.4
4,2dt4,0,shared_k0,225011,exact,False,0.8666666666666666,True,0.0,0.0,0.0809563938003437,False,0.005399391549078574,0.6666666666666666,0.8
4,2dt4,0,shared_k0,225011,exact,True,0.882706766917293,True,0.0,0.0,0.0809563938003437,False,0.005129421971624646,0.6666666666666666,0.8
4,2dt4,0,shared_k0,225011,baseline,False,0.8666666666666666,True,0.0,0.0,0.08116775582700364,False,0.005360274724508405,0.6666666666666666,0.8
4,2dt4,0,shared_k0,225011,baseline,True,0.882706766917293,True,0.0,0.0,0.08116775582700364,False,0.0050922609882829845,0.6666666666666666,0.8
4,2dt4,0,shared_k4,225001,exact,False,0.7157894736842104,False,0.009011899449190064,0.21076240847624247,0.04275857120035664,False,0.004615106009843849,0.0,0.6
4,2dt4,0,shared_k4,225001,exact,True,0.7503759398496239,False,0.009011899449190064,0.21076240847624247,0.04275857120035664,False,0.004384350709351656,0.0,0.6
4,2dt4,0,shared_k4,225001,baseline,False,0.7157894736842104,False,0.008904155990907214,0.20803009546513967,0.04280224921782683,False,0.004595409301673152,0.0,0.6
4,2dt4,0,shared_k4,225001,baseline,True,0.7503759398496239,False,0.008904155990907214,0.20803009546513967,0.04280224921782683,False,0.0043656388365894945,0.0,0.6
4,2dt4,0,shared_k4,225011,exact,False,0.9140350877192982,True,0.0,0.0,0.0809563938003437,False,0.004643677003364447,0.6666666666666666,0.6
4,2dt4,0,shared_k4,225011,exact,True,0.9233082706766916,True,0.0,0.0,0.0809563938003437,False,0.004411493153196225,0.6666666666666666,0.6
4,2dt4,0,shared_k4,225011,baseline,False,0.9140350877192982,True,0.0,0.0,0.08116775582700364,False,0.004579040198673031,0.6666666666666666,0.6
4,2dt4,0,shared_k4,225011,baseline,True,0.9233082706766916,True,0.0,0.0,0.08116775582700364,False,0.0043500881887393785,0.6666666666666666,0.6
4,2dt4,0,shared_k8,225001,exact,False,0.8350877192982457,True,0.0,0.0,0.04275857120035664,False,0.003221600345218535,0.3333333333333333,0.4
4,2dt4,0,shared_k8,225001,exact,True,0.8571428571428572,True,0.0,0.0,0.04275857120035664,False,0.0030605203279576083,0.3333333333333333,0.4
4,2dt4,0,shared_k8,225001,baseline,False,0.8350877192982457,True,0.0,0.0,0.04280224921782683,False,0.003201145563116894,0.3333333333333333,0.4
4,2dt4,0,shared_k8,225001,baseline,True,0.8571428571428572,True,0.0,0.0,0.04280224921782683,False,0.0030410882849610495,0.3333333333333333,0.4
4,2dt4,0,shared_k8,225011,exact,False,0.9614035087719298,False,0.002256965214963602,0.027878776573593132,0.0809563938003437,False,0.003778247008296379,0.6666666666666666,1.0
4,2dt4,0,shared_k8,225011,exact,True,0.9669172932330825,False,0.002256965214963602,0.027878776573593132,0.0809563938003437,False,0.00358933465788156,0.6666666666666666,1.0
4,2dt4,0,shared_k8,225011,baseline,False,0.9614035087719298,False,0.002359939614395068,0.029074841238987927,0.08116775582700364,False,0.0037459956167269085,0.6666666666666666,1.0
4,2dt4,0,shared_k8,225011,baseline,True,0.9669172932330825,False,0.002359939614395068,0.029074841238987927,0.08116775582700364,False,0.003558695835890563,0.6666666666666666,1.0
4,2dt4,0,shared_k16,225001,exact,False,0.8491228070175438,True,0.0,0.0,0.04275857120035664,False,0.0023052526075505657,0.6666666666666666,0.6
4,2dt4,0,shared_k16,225001,exact,True,0.8706766917293233,True,0.0,0.0,0.04275857120035664,False,0.0021899899771730376,0.6666666666666666,0.6
4,2dt4,0,shared_k16,225001,baseline,False,0.8491228070175438,True,0.0,0.0,0.04280224921782683,False,0.00228028398395833,0.6666666666666666,0.6
4,2dt4,0,shared_k16,225001,baseline,True,0.8706766917293233,True,0.0,0.0,0.04280224921782683,False,0.0021662697847604135,0.6666666666666666,0.6
4,2dt4,0,shared_k16,225011,exact,False,0.975438596491228,True,0.0,0.0,0.0809563938003437,False,0.0024899860887906003,1.0,1.0
4,2dt4,0,shared_k16,225011,exact,True,0.9774436090225563,True,0.0,0.0,0.0809563938003437,False,0.00236548678435107,1.0,1.0
4,2dt4,0,shared_k16,225011,baseline,False,0.975438596491228,True,0.0,0.0,0.08116775582700364,False,0.0024649339325893706,1.0,1.0
4,2dt4,0,shared_k16,225011,baseline,True,0.9774436090225563,True,0.0,0.0,0.08116775582700364,False,0.002341687235959902,1.0,1.0
4,2dt4,0,shared_k32,225001,exact,False,0.9491228070175438,True,0.0,0.0,0.04275857120035664,False,0.0013048120379121064,0.6666666666666666,0.6
4,2dt4,0,shared_k32,225001,exact,True,0.956390977443609,True,0.0,0.0,0.04275857120035664,False,0.0012395714360165012,0.6666666666666666,0.6
4,2dt4,0,shared_k32,225001,baseline,False,0.9491228070175438,True,0.0,0.0,0.04280224921782683,False,0.0012762050903515985,0.6666666666666666,0.6
4,2dt4,0,shared_k32,225001,baseline,True,0.956390977443609,True,0.0,0.0,0.04280224921782683,False,0.0012123948358340186,0.6666666666666666,0.6
4,2dt4,0,shared_k32,225011,exact,False,0.975438596491228,True,0.0,0.0,0.0809563938003437,False,0.0016124369061211116,0.6666666666666666,0.8
4,2dt4,0,shared_k32,225011,exact,True,0.9774436090225563,True,0.0,0.0,0.0809563938003437,False,0.001531815060815056,0.6666666666666666,0.8
4,2dt4,0,shared_k32,225011,baseline,False,0.975438596491228,True,0.0,0.0,0.08116775582700364,False,0.001596951870503986,0.6666666666666666,0.8
4,2dt4,0,shared_k32,225011,baseline,True,0.9774436090225563,True,0.0,0.0,0.08116775582700364,False,0.0015171042769787867,0.6666666666666666,0.8
4,2dt4,0,shared_k64,225001,exact,False,0.987719298245614,True,0.0,0.0,0.04275857120035664,False,0.00038839302636087405,0.6666666666666666,1.0
4,2dt4,0,shared_k64,225001,exact,True,0.9894736842105262,True,0.0,0.0,0.04275857120035664,False,0.0003689733750428303,0.6666666666666666,1.0
4,2dt4,0,shared_k64,225001,baseline,False,0.987719298245614,True,0.0,0.0,0.04280224921782683,False,0.0003600233767810642,0.6666666666666666,1.0
4,2dt4,0,shared_k64,225001,baseline,True,0.9894736842105262,True,0.0,0.0,0.04280224921782683,False,0.000342022207942011,0.6666666666666666,1.0
4,2dt4,0,shared_k64,225011,exact,False,0.9912280701754386,False,6.287695940371263e-05,0.0007766768806276261,0.0809563938003437,False,0.0005158927867378009,1.0,1.0
4,2dt4,0,shared_k64,225011,exact,True,0.9909774436090225,False,6.287695940371263e-05,0.0007766768806276261,0.0809563938003437,False,0.0004900981474009108,1.0,1.0
4,2dt4,0,shared_k64,225011,baseline,False,0.9912280701754386,False,4.432043466812141e-05,0.0005460349890981768,0.08116775582700364,False,0.0005732857868746876,1.0,1.0
4,2dt4,0,shared_k64,225011,baseline,True,0.9909774436090225,False,4.432043466812141e-05,0.0005460349890981768,0.08116775582700364,False,0.0005446214975309532,1.0,1.0
4,2dt4,0,shared_kfull,225001,exact,False,1.0,True,0.0,0.0,0.04275857120035664,False,4.933921677708371e-05,1.0,1.0
4,2dt4,0,shared_kfull,225001,exact,True,1.0,True,0.0,0.0,0.04275857120035664,False,4.687225593822952e-05,1.0,1.0
4,2dt4,0,shared_kfull,225001,baseline,False,1.0,True,0.0,0.0,0.04280224921782683,False,0.0,1.0,1.0
4,2dt4,0,shared_kfull,225001,baseline,True,1.0,True,0.0,0.0,0.04280224921782683,False,0.0,1.0,1.0
4,2dt4,0,shared_kfull,225011,exact,False,1.0,True,0.0,0.0,0.0809563938003437,False,0.00010889895412700017,1.0,1.0
4,2dt4,0,shared_kfull,225011,exact,True,1.0,True,0.0,0.0,0.0809563938003437,False,0.00010345400642065017,1.0,1.0
4,2dt4,0,shared_kfull,225011,baseline,False,1.0,True,0.0,0.0,0.08116775582700364,False,0.0,1.0,1.0
4,2dt4,0,shared_kfull,225011,baseline,True,1.0,True,0.0,0.0,0.08116775582700364,False,0.0,1.0,1.0
2,2sak,89,baseline,225001,exact,False,0.9982456140350877,True,0.0,0.0,0.21305715771706274,False,0.0001861014420737401,1.0,1.0
2,2sak,89,baseline,225001,exact,True,0.9984962406015038,True,0.0,0.0,0.21305715771706274,False,0.0001767963699700531,1.0,1.0
2,2sak,89,baseline,225001,baseline,False,1.0,True,0.0,0.0,0.21277871210208676,False,0.0,1.0,1.0
2,2sak,89,baseline,225001,baseline,True,1.0,True,0.0,0.0,0.21277871210208676,False,0.0,1.0,1.0
2,2sak,89,baseline,225011,exact,False,1.0,True,0.0,0.0,0.23240710693251715,False,0.00015437425592836429,1.0,1.0
2,2sak,89,baseline,225011,exact,True,1.0,True,0.0,0.0,0.23240710693251715,False,0.00014665554313194606,1.0,1.0
2,2sak,89,baseline,225011,baseline,False,1.0,True,0.0,0.0,0.23254349730582574,False,0.0,1.0,1.0
2,2sak,89,baseline,225011,baseline,True,1.0,True,0.0,0.0,0.23254349730582574,False,0.0,1.0,1.0
2,2sak,89,channel_k0,225001,exact,False,-0.14736842105263157,False,0.15049617862083053,0.706365278845443,0.21305715771706274,False,0.0589453150605735,0.0,0.2
2,2sak,89,channel_k0,225001,exact,True,-0.17593984962406017,False,0.15049617862083053,0.706365278845443,0.21305715771706274,False,0.05599804930754483,0.0,0.0
2,2sak,89,channel_k0,225001,baseline,False,-0.11929824561403508,False,0.15029080520022398,0.7063244424945931,0.21277871210208676,False,0.058784059456802575,0.0,0.2
2,2sak,89,channel_k0,225001,baseline,True,-0.15037593984962402,False,0.15029080520022398,0.7063244424945931,0.21277871210208676,False,0.055844856483962445,0.0,0.0
2,2sak,89,channel_k0,225011,exact,False,-0.30701754385964913,False,0.18507158773434956,0.7963249927124124,0.23240710693251715,False,0.06464632260461055,0.0,0.2
2,2sak,89,channel_k0,225011,exact,True,-0.3082706766917293,False,0.18507158773434956,0.7963249927124124,0.23240710693251715,False,0.06141400647438002,0.0,0.2
2,2sak,89,channel_k0,225011,baseline,False,-0.30701754385964913,False,0.18531850742855033,0.7969197572737617,0.23254349730582574,False,0.06459635245168885,0.0,0.2
2,2sak,89,channel_k0,225011,baseline,True,-0.3082706766917293,False,0.18531850742855033,0.7969197572737617,0.23254349730582574,False,0.061366534829104404,0.0,0.2
2,2sak,89,channel_k4,225001,exact,False,0.8035087719298245,False,0.026839058058843845,0.12597116354328627,0.21305715771706274,False,0.041987348219736764,0.0,0.6
2,2sak,89,channel_k4,225001,exact,True,0.7894736842105263,False,0.026839058058843845,0.12597116354328627,0.21305715771706274,False,0.039887980808749925,0.0,0.4
2,2sak,89,channel_k4,225001,baseline,False,0.8070175438596491,False,0.026546944048817356,0.12476315786741245,0.21277871210208676,False,0.04181479844079289,0.0,0.6
2,2sak,89,channel_k4,225001,baseline,True,0.7924812030075187,False,0.026546944048817356,0.12476315786741245,0.21277871210208676,False,0.03972405851875325,0.0,0.4
2,2sak,89,channel_k4,225011,exact,False,0.9842105263157893,True,0.0,0.0,0.23240710693251715,False,0.037328853733984875,0.6666666666666666,1.0
2,2sak,89,channel_k4,225011,exact,True,0.9834586466165413,True,0.0,0.0,0.23240710693251715,False,0.03546241104728563,0.6666666666666666,1.0
2,2sak,89,channel_k4,225011,baseline,False,0.9842105263157893,True,0.0,0.0,0.23254349730582574,False,0.03721000996907768,0.6666666666666666,1.0
2,2sak,89,channel_k4,225011,baseline,True,0.9834586466165413,True,0.0,0.0,0.23254349730582574,False,0.0353495094706238,0.6666666666666666,1.0
2,2sak,89,channel_k8,225001,exact,False,0.8210526315789475,False,0.026839058058843845,0.12597116354328627,0.21305715771706274,False,0.026927833838339882,0.0,0.6
2,2sak,89,channel_k8,225001,exact,True,0.806015037593985,False,0.026839058058843845,0.12597116354328627,0.21305715771706274,False,0.02558144214642289,0.0,0.4
2,2sak,89,channel_k8,225001,baseline,False,0.8245614035087718,False,0.026546944048817356,0.12476315786741245,0.21277871210208676,False,0.026758333874656613,0.0,0.6
2,2sak,89,channel_k8,225001,baseline,True,0.8090225563909773,False,0.026546944048817356,0.12476315786741245,0.21277871210208676,False,0.025420417180923784,0.0,0.4
2,2sak,89,channel_k8,225011,exact,False,0.9842105263157893,True,0.0,0.0,0.23240710693251715,False,0.02205052384571522,0.6666666666666666,1.0
2,2sak,89,channel_k8,225011,exact,True,0.9864661654135337,True,0.0,0.0,0.23240710693251715,False,0.020947997653429456,0.6666666666666666,1.0
2,2sak,89,channel_k8,225011,baseline,False,0.9842105263157893,True,0.0,0.0,0.23254349730582574,False,0.021931680080808025,0.6666666666666666,1.0
2,2sak,89,channel_k8,225011,baseline,True,0.9864661654135337,True,0.0,0.0,0.23254349730582574,False,0.020835096076767624,0.6666666666666666,1.0
2,2sak,89,channel_k16,225001,exact,False,0.8614035087719297,False,0.026839058058843845,0.12597116354328627,0.21305715771706274,False,0.01569308486420809,0.3333333333333333,0.6
2,2sak,89,channel_k16,225001,exact,True,0.8481203007518796,False,0.026839058058843845,0.12597116354328627,0.21305715771706274,False,0.014908430620997688,0.3333333333333333,0.4
2,2sak,89,channel_k16,225001,baseline,False,0.8666666666666666,False,0.026546944048817356,0.12476315786741245,0.21277871210208676,False,0.015540370219116827,0.3333333333333333,0.6
2,2sak,89,channel_k16,225001,baseline,True,0.8526315789473683,False,0.026546944048817356,0.12476315786741245,0.21277871210208676,False,0.014763351708160986,0.3333333333333333,0.4
2,2sak,89,channel_k16,225011,exact,False,0.9912280701754386,True,0.0,0.0,0.23240710693251715,False,0.01157522223854485,0.6666666666666666,1.0
2,2sak,89,channel_k16,225011,exact,True,0.9924812030075187,True,0.0,0.0,0.23240710693251715,False,0.010996461126617608,0.6666666666666666,1.0
2,2sak,89,channel_k16,225011,baseline,False,0.9912280701754386,True,0.0,0.0,0.23254349730582574,False,0.011459548262056524,0.6666666666666666,1.0
2,2sak,89,channel_k16,225011,baseline,True,0.9924812030075187,True,0.0,0.0,0.23254349730582574,False,0.010886570848953697,0.6666666666666666,1.0
2,2sak,89,channel_k32,225001,exact,False,0.9473684210526316,True,0.0,0.0,0.21305715771706274,False,0.005849313613562849,0.6666666666666666,1.0
2,2sak,89,channel_k32,225001,exact,True,0.9428571428571428,True,0.0,0.0,0.21305715771706274,False,0.005556847932884706,0.6666666666666666,0.8
2,2sak,89,channel_k32,225001,baseline,False,0.9526315789473684,True,0.0,0.0,0.21277871210208676,False,0.005696598968471584,0.6666666666666666,1.0
2,2sak,89,channel_k32,225001,baseline,True,0.9473684210526315,True,0.0,0.0,0.21277871210208676,False,0.005411769020048004,0.6666666666666666,0.8
2,2sak,89,channel_k32,225011,exact,False,0.9894736842105263,True,0.0,0.0,0.23240710693251715,False,0.002755754375232239,0.6666666666666666,1.0
2,2sak,89,channel_k32,225011,exact,True,0.9909774436090225,True,0.0,0.0,0.23240710693251715,False,0.002617966656470627,0.6666666666666666,1.0
2,2sak,89,channel_k32,225011,baseline,False,0.9894736842105263,True,0.0,0.0,0.23254349730582574,False,0.00267894258405403,0.6666666666666666,1.0
2,2sak,89,channel_k32,225011,baseline,True,0.9909774436090225,True,0.0,0.0,0.23254349730582574,False,0.002544995454851329,0.6666666666666666,1.0
2,2sak,89,channel_k64,225001,exact,False,0.987719298245614,True,0.0,0.0,0.21305715771706274,False,0.0010071439023656907,1.0,1.0
2,2sak,89,channel_k64,225001,exact,True,0.9879699248120299,True,0.0,0.0,0.21305715771706274,False,0.0009567867072474062,1.0,0.8
2,2sak,89,channel_k64,225001,baseline,False,0.9912280701754386,True,0.0,0.0,0.21277871210208676,False,0.0008544292572744256,1.0,1.0
2,2sak,89,channel_k64,225001,baseline,True,0.9909774436090225,True,0.0,0.0,0.21277871210208676,False,0.0008117077944107043,1.0,0.8
2,2sak,89,channel_k64,225011,exact,False,0.9982456140350877,True,0.0,0.0,0.23240710693251715,False,0.0006841694564835504,1.0,1.0
2,2sak,89,channel_k64,225011,exact,True,0.9984962406015038,True,0.0,0.0,0.23240710693251715,False,0.0006499609836593728,1.0,1.0
2,2sak,89,channel_k64,225011,baseline,False,0.9982456140350877,True,0.0,0.0,0.23254349730582574,False,0.0006572723072207645,1.0,1.0
2,2sak,89,channel_k64,225011,baseline,True,0.9984962406015038,True,0.0,0.0,0.23254349730582574,False,0.0006244086918597263,1.0,1.0
2,2sak,89,channel_kfull,225001,exact,False,0.9982456140350877,True,0.0,0.0,0.21305715771706274,False,0.0001861014420737401,1.0,1.0
2,2sak,89,channel_kfull,225001,exact,True,0.9984962406015038,True,0.0,0.0,0.21305715771706274,False,0.0001767963699700531,1.0,1.0
2,2sak,89,channel_kfull,225001,baseline,False,1.0,True,0.0,0.0,0.21277871210208676,False,0.0,1.0,1.0
2,2sak,89,channel_kfull,225001,baseline,True,1.0,True,0.0,0.0,0.21277871210208676,False,0.0,1.0,1.0
2,2sak,89,channel_kfull,225011,exact,False,1.0,True,0.0,0.0,0.23240710693251715,False,0.00015437425592836429,1.0,1.0
2,2sak,89,channel_kfull,225011,exact,True,1.0,True,0.0,0.0,0.23240710693251715,False,0.00014665554313194606,1.0,1.0
2,2sak,89,channel_kfull,225011,baseline,False,1.0,True,0.0,0.0,0.23254349730582574,False,0.0,1.0,1.0
2,2sak,89,channel_kfull,225011,baseline,True,1.0,True,0.0,0.0,0.23254349730582574,False,0.0,1.0,1.0
2,2sak,89,shared_k0,225001,exact,False,-0.14736842105263157,False,0.15049617862083053,0.706365278845443,0.21305715771706274,False,0.0589453150605735,0.0,0.2
2,2sak,89,shared_k0,225001,exact,True,-0.17593984962406017,False,0.15049617862083053,0.706365278845443,0.21305715771706274,False,0.05599804930754483,0.0,0.0
2,2sak,89,shared_k0,225001,baseline,False,-0.11929824561403508,False,0.15029080520022398,0.7063244424945931,0.21277871210208676,False,0.058784059456802575,0.0,0.2
2,2sak,89,shared_k0,225001,baseline,True,-0.15037593984962402,False,0.15029080520022398,0.7063244424945931,0.21277871210208676,False,0.055844856483962445,0.0,0.0
2,2sak,89,shared_k0,225011,exact,False,-0.30701754385964913,False,0.18507158773434956,0.7963249927124124,0.23240710693251715,False,0.06464632260461055,0.0,0.2
2,2sak,89,shared_k0,225011,exact,True,-0.3082706766917293,False,0.18507158773434956,0.7963249927124124,0.23240710693251715,False,0.06141400647438002,0.0,0.2
2,2sak,89,shared_k0,225011,baseline,False,-0.30701754385964913,False,0.18531850742855033,0.7969197572737617,0.23254349730582574,False,0.06459635245168885,0.0,0.2
2,2sak,89,shared_k0,225011,baseline,True,-0.3082706766917293,False,0.18531850742855033,0.7969197572737617,0.23254349730582574,False,0.061366534829104404,0.0,0.2
2,2sak,89,shared_k4,225001,exact,False,0.7263157894736841,False,0.03971785684482643,0.18641878672563186,0.21305715771706274,False,0.05154004087833195,0.0,0.4
2,2sak,89,shared_k4,225001,exact,True,0.7037593984962407,False,0.03971785684482643,0.18641878672563186,0.21305715771706274,False,0.04896303883441535,0.0,0.2
2,2sak,89,shared_k4,225001,baseline,False,0.7298245614035088,False,0.03943159237648647,0.18531737497108272,0.21277871210208676,False,0.05137878527456101,0.0,0.4
2,2sak,89,shared_k4,225001,baseline,True,0.706766917293233,False,0.03943159237648647,0.18531737497108272,0.21277871210208676,False,0.04880984601083297,0.0,0.2
2,2sak,89,shared_k4,225011,exact,False,0.843859649122807,True,0.0,0.0,0.23240710693251715,False,0.05287422061031446,0.6666666666666666,0.6
2,2sak,89,shared_k4,225011,exact,True,0.831578947368421,True,0.0,0.0,0.23240710693251715,False,0.05023050957979873,0.6666666666666666,0.6
2,2sak,89,shared_k4,225011,baseline,False,0.843859649122807,True,0.0,0.0,0.23254349730582574,False,0.05282425045739276,0.6666666666666666,0.6
2,2sak,89,shared_k4,225011,baseline,True,0.831578947368421,True,0.0,0.0,0.23254349730582574,False,0.050183037934523125,0.6666666666666666,0.6
2,2sak,89,shared_k8,225001,exact,False,0.7666666666666666,False,0.03971785684482643,0.18641878672563186,0.21305715771706274,False,0.04728858143042619,0.0,0.6
2,2sak,89,shared_k8,225001,exact,True,0.7533834586466165,False,0.03971785684482643,0.18641878672563186,0.21305715771706274,False,0.04492415235890488,0.0,0.4
2,2sak,89,shared_k8,225001,baseline,False,0.7719298245614035,False,0.03943159237648647,0.18531737497108272,0.21277871210208676,False,0.047116031651482315,0.0,0.6
2,2sak,89,shared_k8,225001,baseline,True,0.7578947368421052,False,0.03943159237648647,0.18531737497108272,0.21277871210208676,False,0.044760230068908204,0.0,0.4
2,2sak,89,shared_k8,225011,exact,False,0.9771929824561404,True,0.0,0.0,0.23240710693251715,False,0.0462829698302978,0.6666666666666666,0.8
2,2sak,89,shared_k8,225011,exact,True,0.9654135338345864,True,0.0,0.0,0.23240710693251715,False,0.04396882133878292,0.6666666666666666,0.8
2,2sak,89,shared_k8,225011,baseline,False,0.9771929824561404,True,0.0,0.0,0.23254349730582574,False,0.0462329996773761,0.6666666666666666,0.8
2,2sak,89,shared_k8,225011,baseline,True,0.9654135338345864,True,0.0,0.0,0.23254349730582574,False,0.04392134969350731,0.6666666666666666,0.8
2,2sak,89,shared_k16,225001,exact,False,0.8017543859649122,False,0.026839058058843845,0.12597116354328627,0.21305715771706274,False,0.03797038346746343,0.0,0.6
2,2sak,89,shared_k16,225001,exact,True,0.7864661654135338,False,0.026839058058843845,0.12597116354328627,0.21305715771706274,False,0.03607186429409026,0.0,0.4
2,2sak,89,shared_k16,225001,baseline,False,0.8035087719298245,False,0.026546944048817356,0.12476315786741245,0.21277871210208676,False,0.0378099691879021,0.0,0.6
2,2sak,89,shared_k16,225001,baseline,True,0.78796992481203,False,0.026546944048817356,0.12476315786741245,0.21277871210208676,False,0.035919470728506986,0.0,0.4
2,2sak,89,shared_k16,225011,exact,False,0.9824561403508772,True,0.0,0.0,0.23240710693251715,False,0.033844606773723675,0.6666666666666666,1.0
2,2sak,89,shared_k16,225011,exact,True,0.9789473684210527,True,0.0,0.0,0.23240710693251715,False,0.03215237643503749,0.6666666666666666,1.0
2,2sak,89,shared_k16,225011,baseline,False,0.9824561403508772,True,0.0,0.0,0.23254349730582574,False,0.0337243443065078,0.6666666666666666,1.0
2,2sak,89,shared_k16,225011,baseline,True,0.9789473684210527,True,0.0,0.0,0.23254349730582574,False,0.03203812709118241,0.6666666666666666,1.0
2,2sak,89,shared_k32,225001,exact,False,0.8543859649122807,False,0.026839058058843845,0.12597116354328627,0.21305715771706274,False,0.02274141258880122,0.3333333333333333,0.6
2,2sak,89,shared_k32,225001,exact,True,0.8390977443609022,False,0.026839058058843845,0.12597116354328627,0.21305715771706274,False,0.02160434195936116,0.3333333333333333,0.4
2,2sak,89,shared_k32,225001,baseline,False,0.8596491228070176,False,0.026546944048817356,0.12476315786741245,0.21277871210208676,False,0.022588697943709955,0.3333333333333333,0.6
2,2sak,89,shared_k32,225001,baseline,True,0.8436090225563909,False,0.026546944048817356,0.12476315786741245,0.21277871210208676,False,0.021459263046524457,0.3333333333333333,0.4
2,2sak,89,shared_k32,225011,exact,False,0.9894736842105263,True,0.0,0.0,0.23240710693251715,False,0.020850151010552476,0.6666666666666666,1.0
2,2sak,89,shared_k32,225011,exact,True,0.9864661654135337,True,0.0,0.0,0.23240710693251715,False,0.01980764346002485,0.6666666666666666,1.0
2,2sak,89,shared_k32,225011,baseline,False,0.9894736842105263,True,0.0,0.0,0.23254349730582574,False,0.020729888543336593,0.6666666666666666,1.0
2,2sak,89,shared_k32,225011,baseline,True,0.9864661654135337,True,0.0,0.0,0.23254349730582574,False,0.019693394116169764,0.6666666666666666,1.0
2,2sak,89,shared_k64,225001,exact,False,0.9157894736842105,True,0.0,0.0,0.21305715771706274,False,0.00915671742838844,0.3333333333333333,0.8
2,2sak,89,shared_k64,225001,exact,True,0.900751879699248,True,0.0,0.0,0.21305715771706274,False,0.008698881556969018,0.3333333333333333,0.6
2,2sak,89,shared_k64,225001,baseline,False,0.9210526315789472,True,0.0,0.0,0.21277871210208676,False,0.00900065208609041,0.3333333333333333,0.8
2,2sak,89,shared_k64,225001,baseline,True,0.9052631578947368,True,0.0,0.0,0.21277871210208676,False,0.00855061948178589,0.3333333333333333,0.6
2,2sak,89,shared_k64,225011,exact,False,0.9894736842105263,True,0.0,0.0,0.23240710693251715,False,0.007463696888280183,0.6666666666666666,1.0
2,2sak,89,shared_k64,225011,exact,True,0.9909774436090225,True,0.0,0.0,0.23240710693251715,False,0.007090512043866173,0.6666666666666666,1.0
2,2sak,89,shared_k64,225011,baseline,False,0.9894736842105263,True,0.0,0.0,0.23254349730582574,False,0.007339464726547156,0.6666666666666666,1.0
2,2sak,89,shared_k64,225011,baseline,True,0.9909774436090225,True,0.0,0.0,0.23254349730582574,False,0.006972491490219798,0.6666666666666666,1.0
2,2sak,89,shared_kfull,225001,exact,False,0.9982456140350877,True,0.0,0.0,0.21305715771706274,False,0.0001861014420737401,1.0,1.0
2,2sak,89,shared_kfull,225001,exact,True,0.9984962406015038,True,0.0,0.0,0.21305715771706274,False,0.0001767963699700531,1.0,1.0
2,2sak,89,shared_kfull,225001,baseline,False,1.0,True,0.0,0.0,0.21277871210208676,False,0.0,1.0,1.0
2,2sak,89,shared_kfull,225001,baseline,True,1.0,True,0.0,0.0,0.21277871210208676,False,0.0,1.0,1.0
2,2sak,89,shared_kfull,225011,exact,False,1.0,True,0.0,0.0,0.23240710693251715,False,0.00015437425592836429,1.0,1.0
2,2sak,89,shared_kfull,225011,exact,True,1.0,True,0.0,0.0,0.23240710693251715,False,0.00014665554313194606,1.0,1.0
2,2sak,89,shared_kfull,225011,baseline,False,1.0,True,0.0,0.0,0.23254349730582574,False,0.0,1.0,1.0
2,2sak,89,shared_kfull,225011,baseline,True,1.0,True,0.0,0.0,0.23254349730582574,False,0.0,1.0,1.0
4,2dt4,72,baseline,225001,exact,False,1.0,True,0.0,0.0,0.015782151152919977,False,5.148367241566245e-05,1.0,1.0
4,2dt4,72,baseline,225001,exact,True,1.0,True,0.0,0.0,0.015782151152919977,False,4.890948879487933e-05,1.0,1.0
4,2dt4,72,baseline,225001,baseline,False,1.0,True,0.0,0.0,0.01582916672707213,False,0.0,1.0,1.0
4,2dt4,72,baseline,225001,baseline,True,1.0,True,0.0,0.0,0.01582916672707213,False,0.0,1.0,1.0
4,2dt4,72,baseline,225011,exact,False,0.9982456140350877,True,0.0,0.0,0.015186958945874351,False,2.827971002280903e-05,1.0,1.0
4,2dt4,72,baseline,225011,exact,True,0.9984962406015038,True,0.0,0.0,0.015186958945874351,False,2.6865724521668576e-05,1.0,1.0
4,2dt4,72,baseline,225011,baseline,False,1.0,True,0.0,0.0,0.015181120232702128,False,0.0,1.0,1.0
4,2dt4,72,baseline,225011,baseline,True,1.0,True,0.0,0.0,0.015181120232702128,False,0.0,1.0,1.0
4,2dt4,72,channel_k0,225001,exact,False,0.4807017543859649,False,0.005091373078285166,0.3226032388710947,0.015782151152919977,False,0.0031377164347467894,0.6666666666666666,0.4
4,2dt4,72,channel_k0,225001,exact,True,0.5052631578947367,False,0.005091373078285166,0.3226032388710947,0.015782151152919977,False,0.00298083061300945,0.6666666666666666,0.4
4,2dt4,72,channel_k0,225001,baseline,False,0.4807017543859649,False,0.0050729778934267,0.32048294018854095,0.01582916672707213,False,0.003138011074559974,0.6666666666666666,0.4
4,2dt4,72,channel_k0,225001,baseline,True,0.5052631578947367,False,0.0050729778934267,0.32048294018854095,0.01582916672707213,False,0.0029811105208319756,0.6666666666666666,0.4
4,2dt4,72,channel_k0,225011,exact,False,0.4385964912280701,False,0.0048221079985234505,0.3175163649094746,0.015186958945874351,False,0.002742483463454658,0.3333333333333333,0.6
4,2dt4,72,channel_k0,225011,exact,True,0.44360902255639095,False,0.0048221079985234505,0.3175163649094746,0.015186958945874351,False,0.002605359290281925,0.3333333333333333,0.6
4,2dt4,72,channel_k0,225011,baseline,False,0.4280701754385965,False,0.004739302870646944,0.31218400210268166,0.015181120232702128,False,0.002732887377136918,0.3333333333333333,0.6
4,2dt4,72,channel_k0,225011,baseline,True,0.4330827067669173,False,0.004739302870646944,0.31218400210268166,0.015181120232702128,False,0.0025962430082800718,0.3333333333333333,0.6
4,2dt4,72,channel_k4,225001,exact,False,0.8807017543859648,True,0.0,0.0,0.015782151152919977,False,0.0018648865920869364,0.6666666666666666,0.8
4,2dt4,72,channel_k4,225001,exact,True,0.8812030075187969,True,0.0,0.0,0.015782151152919977,False,0.0017716422624825894,0.6666666666666666,0.8
4,2dt4,72,channel_k4,225001,baseline,False,0.8807017543859648,True,0.0,0.0,0.01582916672707213,False,0.0018608458582867983,0.6666666666666666,0.8
4,2dt4,72,channel_k4,225001,baseline,True,0.8812030075187969,True,0.0,0.0,0.01582916672707213,False,0.0017678035653724584,0.6666666666666666,0.8
4,2dt4,72,channel_k4,225011,exact,False,0.8228070175438595,False,0.0048221079985234505,0.3175163649094746,0.015186958945874351,False,0.0018603688094471302,0.3333333333333333,0.8
4,2dt4,72,channel_k4,225011,exact,True,0.8180451127819548,False,0.0048221079985234505,0.3175163649094746,0.015186958945874351,False,0.001767350368974774,0.3333333333333333,0.8
4,2dt4,72,channel_k4,225011,baseline,False,0.8245614035087718,False,0.004739302870646944,0.31218400210268166,0.015181120232702128,False,0.0018519486313201522,0.3333333333333333,0.8
4,2dt4,72,channel_k4,225011,baseline,True,0.819548872180451,False,0.004739302870646944,0.31218400210268166,0.015181120232702128,False,0.0017593511997541444,0.3333333333333333,0.8
4,2dt4,72,channel_k8,225001,exact,False,0.956140350877193,True,0.0,0.0,0.015782151152919977,False,0.001158883200951816,1.0,0.8
4,2dt4,72,channel_k8,225001,exact,True,0.956390977443609,True,0.0,0.0,0.015782151152919977,False,0.0011009390409042253,1.0,0.8
4,2dt4,72,channel_k8,225001,baseline,False,0.956140350877193,True,0.0,0.0,0.01582916672707213,False,0.001154842467151678,1.0,0.8
4,2dt4,72,channel_k8,225001,baseline,True,0.956390977443609,True,0.0,0.0,0.01582916672707213,False,0.001097100343794094,1.0,0.8
4,2dt4,72,channel_k8,225011,exact,False,0.9385964912280702,False,0.0012245205505038714,0.08062973995439168,0.015186958945874351,False,0.0012035356426267191,1.0,0.8
4,2dt4,72,channel_k8,225011,exact,True,0.9293233082706768,False,0.0012245205505038714,0.08062973995439168,0.015186958945874351,False,0.0011433588604953832,1.0,0.8
4,2dt4,72,channel_k8,225011,baseline,False,0.9403508771929823,False,0.0011997815087696484,0.07903115780515073,0.015181120232702128,False,0.0011992319120941307,1.0,0.8
4,2dt4,72,channel_k8,225011,baseline,True,0.9308270676691727,False,0.0011997815087696484,0.07903115780515073,0.015181120232702128,False,0.001139270316489424,1.0,0.8
4,2dt4,72,channel_k16,225001,exact,False,0.9859649122807018,True,0.0,0.0,0.015782151152919977,False,0.0005985162280150797,1.0,1.0
4,2dt4,72,channel_k16,225001,exact,True,0.9879699248120299,True,0.0,0.0,0.015782151152919977,False,0.0005685904166143257,1.0,1.0
4,2dt4,72,channel_k16,225001,baseline,False,0.9859649122807018,True,0.0,0.0,0.01582916672707213,False,0.0005853762724575273,1.0,1.0
4,2dt4,72,channel_k16,225001,baseline,True,0.9879699248120299,True,0.0,0.0,0.01582916672707213,False,0.000556107458834651,1.0,1.0
4,2dt4,72,channel_k16,225011,exact,False,0.980701754385965,False,0.0012245205505038714,0.08062973995439168,0.015186958945874351,False,0.0008555531423906929,1.0,0.8
4,2dt4,72,channel_k16,225011,exact,True,0.9774436090225563,False,0.0012245205505038714,0.08062973995439168,0.015186958945874351,False,0.0008127754852711583,1.0,0.8
4,2dt4,72,channel_k16,225011,baseline,False,0.9824561403508772,False,0.0011997815087696484,0.07903115780515073,0.015181120232702128,False,0.0008369542134808186,1.0,0.8
4,2dt4,72,channel_k16,225011,baseline,True,0.9789473684210527,False,0.0011997815087696484,0.07903115780515073,0.015181120232702128,False,0.0007951065028067777,1.0,0.8
4,2dt4,72,channel_k32,225001,exact,False,0.9929824561403509,False,3.316926132002074e-05,0.0021016945661354812,0.015782151152919977,False,0.00029801449431062307,1.0,1.0
4,2dt4,72,channel_k32,225001,exact,True,0.993984962406015,False,3.316926132002074e-05,0.0021016945661354812,0.015782151152919977,False,0.00028311376959509196,1.0,1.0
4,2dt4,72,channel_k32,225001,baseline,False,0.9929824561403509,False,6.529963014789697e-05,0.004125272749589342,0.01582916672707213,False,0.0002743960574304535,1.0,1.0
4,2dt4,72,channel_k32,225001,baseline,True,0.993984962406015,False,6.529963014789697e-05,0.004125272749589342,0.01582916672707213,False,0.00026067625455893084,1.0,1.0
4,2dt4,72,channel_k32,225011,exact,False,0.9947368421052631,True,0.0,0.0,0.015186958945874351,False,0.00045453048337118496,1.0,1.0
4,2dt4,72,channel_k32,225011,exact,True,0.9954887218045112,True,0.0,0.0,0.015186958945874351,False,0.0004318039592026257,1.0,1.0
4,2dt4,72,channel_k32,225011,baseline,False,0.9964912280701754,True,0.0,0.0,0.015181120232702128,False,0.0004456979290723651,1.0,1.0
4,2dt4,72,channel_k32,225011,baseline,True,0.9969924812030074,True,0.0,0.0,0.015181120232702128,False,0.0004234130326187469,1.0,1.0
4,2dt4,72,channel_k64,225001,exact,False,1.0,True,0.0,0.0,0.015782151152919977,False,0.00010687474599007038,1.0,1.0
4,2dt4,72,channel_k64,225001,exact,True,1.0,True,0.0,0.0,0.015782151152919977,False,0.00010153100869056686,1.0,1.0
4,2dt4,72,channel_k64,225001,baseline,False,1.0,True,0.0,0.0,0.01582916672707213,False,8.177344557413742e-05,1.0,1.0
4,2dt4,72,channel_k64,225001,baseline,True,1.0,True,0.0,0.0,0.01582916672707213,False,7.768477329543055e-05,1.0,1.0
4,2dt4,72,channel_k64,225011,exact,False,0.9982456140350877,True,0.0,0.0,0.015186958945874351,False,0.0001102780061451124,1.0,1.0
4,2dt4,72,channel_k64,225011,exact,True,0.9984962406015038,True,0.0,0.0,0.015186958945874351,False,0.00010476410583785678,1.0,1.0
4,2dt4,72,channel_k64,225011,baseline,False,1.0,True,0.0,0.0,0.015181120232702128,False,9.646959712081147e-05,1.0,1.0
4,2dt4,72,channel_k64,225011,baseline,True,1.0,True,0.0,0.0,0.015181120232702128,False,9.16461172647709e-05,1.0,1.0
4,2dt4,72,channel_kfull,225001,exact,False,1.0,True,0.0,0.0,0.015782151152919977,False,5.148367241566245e-05,1.0,1.0
4,2dt4,72,channel_kfull,225001,exact,True,1.0,True,0.0,0.0,0.015782151152919977,False,4.890948879487933e-05,1.0,1.0
4,2dt4,72,channel_kfull,225001,baseline,False,1.0,True,0.0,0.0,0.01582916672707213,False,0.0,1.0,1.0
4,2dt4,72,channel_kfull,225001,baseline,True,1.0,True,0.0,0.0,0.01582916672707213,False,0.0,1.0,1.0
4,2dt4,72,channel_kfull,225011,exact,False,0.9982456140350877,True,0.0,0.0,0.015186958945874351,False,2.827971002280903e-05,1.0,1.0
4,2dt4,72,channel_kfull,225011,exact,True,0.9984962406015038,True,0.0,0.0,0.015186958945874351,False,2.6865724521668576e-05,1.0,1.0
4,2dt4,72,channel_kfull,225011,baseline,False,1.0,True,0.0,0.0,0.015181120232702128,False,0.0,1.0,1.0
4,2dt4,72,channel_kfull,225011,baseline,True,1.0,True,0.0,0.0,0.015181120232702128,False,0.0,1.0,1.0
4,2dt4,72,shared_k0,225001,exact,False,0.4807017543859649,False,0.005091373078285166,0.3226032388710947,0.015782151152919977,False,0.0031377164347467894,0.6666666666666666,0.4
4,2dt4,72,shared_k0,225001,exact,True,0.5052631578947367,False,0.005091373078285166,0.3226032388710947,0.015782151152919977,False,0.00298083061300945,0.6666666666666666,0.4
4,2dt4,72,shared_k0,225001,baseline,False,0.4807017543859649,False,0.0050729778934267,0.32048294018854095,0.01582916672707213,False,0.003138011074559974,0.6666666666666666,0.4
4,2dt4,72,shared_k0,225001,baseline,True,0.5052631578947367,False,0.0050729778934267,0.32048294018854095,0.01582916672707213,False,0.0029811105208319756,0.6666666666666666,0.4
4,2dt4,72,shared_k0,225011,exact,False,0.4385964912280701,False,0.0048221079985234505,0.3175163649094746,0.015186958945874351,False,0.002742483463454658,0.3333333333333333,0.6
4,2dt4,72,shared_k0,225011,exact,True,0.44360902255639095,False,0.0048221079985234505,0.3175163649094746,0.015186958945874351,False,0.002605359290281925,0.3333333333333333,0.6
4,2dt4,72,shared_k0,225011,baseline,False,0.4280701754385965,False,0.004739302870646944,0.31218400210268166,0.015181120232702128,False,0.002732887377136918,0.3333333333333333,0.6
4,2dt4,72,shared_k0,225011,baseline,True,0.4330827067669173,False,0.004739302870646944,0.31218400210268166,0.015181120232702128,False,0.0025962430082800718,0.3333333333333333,0.6
4,2dt4,72,shared_k4,225001,exact,False,0.687719298245614,False,0.005091373078285166,0.3226032388710947,0.015782151152919977,False,0.0028297943834384473,0.6666666666666666,0.6
4,2dt4,72,shared_k4,225001,exact,True,0.6962406015037594,False,0.005091373078285166,0.3226032388710947,0.015782151152919977,False,0.002688304664266525,0.6666666666666666,0.6
4,2dt4,72,shared_k4,225001,baseline,False,0.687719298245614,False,0.0050729778934267,0.32048294018854095,0.01582916672707213,False,0.002830089023251632,0.6666666666666666,0.6
4,2dt4,72,shared_k4,225001,baseline,True,0.6962406015037594,False,0.0050729778934267,0.32048294018854095,0.01582916672707213,False,0.0026885845720890506,0.6666666666666666,0.6
4,2dt4,72,shared_k4,225011,exact,False,0.5456140350877193,False,0.0048221079985234505,0.3175163649094746,0.015186958945874351,False,0.002593519897442626,0.6666666666666666,0.6
4,2dt4,72,shared_k4,225011,exact,True,0.5473684210526315,False,0.0048221079985234505,0.3175163649094746,0.015186958945874351,False,0.002463843902570495,0.6666666666666666,0.4
4,2dt4,72,shared_k4,225011,baseline,False,0.5350877192982456,False,0.004739302870646944,0.31218400210268166,0.015181120232702128,False,0.0025836923579318945,0.6666666666666666,0.6
4,2dt4,72,shared_k4,225011,baseline,True,0.5383458646616541,False,0.004739302870646944,0.31218400210268166,0.015181120232702128,False,0.0024545077400353,0.6666666666666666,0.4
4,2dt4,72,shared_k8,225001,exact,False,0.780701754385965,True,0.0,0.0,0.015782151152919977,False,0.0024022394472390197,0.6666666666666666,0.6
4,2dt4,72,shared_k8,225001,exact,True,0.7804511278195487,True,0.0,0.0,0.015782151152919977,False,0.0022821274748770688,0.6666666666666666,0.6
4,2dt4,72,shared_k8,225001,baseline,False,0.780701754385965,True,0.0,0.0,0.01582916672707213,False,0.002402534087052205,0.6666666666666666,0.6
4,2dt4,72,shared_k8,225001,baseline,True,0.7804511278195487,True,0.0,0.0,0.01582916672707213,False,0.0022824073826995944,0.6666666666666666,0.6
4,2dt4,72,shared_k8,225011,exact,False,0.719298245614035,False,0.0012245205505038714,0.08062973995439168,0.015186958945874351,False,0.002203555655334284,0.6666666666666666,0.6
4,2dt4,72,shared_k8,225011,exact,True,0.7022556390977444,False,0.0012245205505038714,0.08062973995439168,0.015186958945874351,False,0.00209337787256757,0.6666666666666666,0.4
4,2dt4,72,shared_k8,225011,baseline,False,0.7175438596491229,False,0.0011997815087696484,0.07903115780515073,0.015181120232702128,False,0.002201418118057425,0.6666666666666666,0.6
4,2dt4,72,shared_k8,225011,baseline,True,0.7007518796992479,False,0.0011997815087696484,0.07903115780515073,0.015181120232702128,False,0.002091347212154554,0.6666666666666666,0.4
4,2dt4,72,shared_k16,225001,exact,False,0.843859649122807,True,0.0,0.0,0.015782151152919977,False,0.0018162978799560834,0.6666666666666666,0.8
4,2dt4,72,shared_k16,225001,exact,True,0.8406015037593983,True,0.0,0.0,0.015782151152919977,False,0.0017254829859582794,0.6666666666666666,0.8
4,2dt4,72,shared_k16,225001,baseline,False,0.843859649122807,True,0.0,0.0,0.01582916672707213,False,0.0018122571461559455,0.6666666666666666,0.8
4,2dt4,72,shared_k16,225001,baseline,True,0.8406015037593983,True,0.0,0.0,0.01582916672707213,False,0.0017216442888481481,0.6666666666666666,0.8
4,2dt4,72,shared_k16,225011,exact,False,0.8649122807017543,False,0.0012245205505038714,0.08062973995439168,0.015186958945874351,False,0.0016919553860545678,0.6666666666666666,0.8
4,2dt4,72,shared_k16,225011,exact,True,0.8601503759398496,False,0.0012245205505038714,0.08062973995439168,0.015186958945874351,False,0.0016073576167518395,0.6666666666666666,0.8
4,2dt4,72,shared_k16,225011,baseline,False,0.8754385964912281,False,0.0011997815087696484,0.07903115780515073,0.015181120232702128,False,0.0016880333065887175,0.6666666666666666,0.8
4,2dt4,72,shared_k16,225011,baseline,True,0.8691729323308269,False,0.0011997815087696484,0.07903115780515073,0.015181120232702128,False,0.0016036316412592817,0.6666666666666666,0.8
4,2dt4,72,shared_k32,225001,exact,False,0.9614035087719298,True,0.0,0.0,0.015782151152919977,False,0.0010049985878410766,0.6666666666666666,0.8
4,2dt4,72,shared_k32,225001,exact,True,0.9624060150375938,True,0.0,0.0,0.015782151152919977,False,0.0009547486584490228,0.6666666666666666,0.8
4,2dt4,72,shared_k32,225001,baseline,False,0.9614035087719298,True,0.0,0.0,0.01582916672707213,False,0.0010002231534243483,0.6666666666666666,0.8
4,2dt4,72,shared_k32,225001,baseline,True,0.9624060150375938,True,0.0,0.0,0.01582916672707213,False,0.0009502119957531307,0.6666666666666666,0.8
4,2dt4,72,shared_k32,225011,exact,False,0.9403508771929823,False,0.0008036556583436716,0.05291748408669996,0.015186958945874351,False,0.001065889168291937,1.0,0.8
4,2dt4,72,shared_k32,225011,exact,True,0.9353383458646616,False,0.0008036556583436716,0.05291748408669996,0.015186958945874351,False,0.0010125947098773402,1.0,0.8
4,2dt4,72,shared_k32,225011,baseline,False,0.9421052631578948,False,0.0008068493308849845,0.05314820767619803,0.015181120232702128,False,0.001062815935138403,1.0,0.8
4,2dt4,72,shared_k32,225011,baseline,True,0.9368421052631578,False,0.0008068493308849845,0.05314820767619803,0.015181120232702128,False,0.0010096751383814827,1.0,0.8
4,2dt4,72,shared_k64,225001,exact,False,0.9947368421052631,True,0.0,0.0,0.015782151152919977,False,0.0004531098480291803,1.0,1.0
4,2dt4,72,shared_k64,225001,exact,True,0.9954887218045112,True,0.0,0.0,0.015782151152919977,False,0.00043045435562772126,1.0,1.0
4,2dt4,72,shared_k64,225001,baseline,False,0.9947368421052631,True,0.0,0.0,0.01582916672707213,False,0.00044771393007760134,1.0,1.0
4,2dt4,72,shared_k64,225001,baseline,True,0.9954887218045112,True,0.0,0.0,0.01582916672707213,False,0.0004253282335737213,1.0,1.0
4,2dt4,72,shared_k64,225011,exact,False,0.9771929824561404,False,0.0008036556583436716,0.05291748408669996,0.015186958945874351,False,0.0006169816796797763,1.0,0.8
4,2dt4,72,shared_k64,225011,exact,True,0.9804511278195487,False,0.0008036556583436716,0.05291748408669996,0.015186958945874351,False,0.0005861325956957875,1.0,0.8
4,2dt4,72,shared_k64,225011,baseline,False,0.9789473684210527,False,0.0008068493308849845,0.05314820767619803,0.015181120232702128,False,0.0006100023336224993,1.0,0.8
4,2dt4,72,shared_k64,225011,baseline,True,0.9819548872180449,False,0.0008068493308849845,0.05314820767619803,0.015181120232702128,False,0.0005795022169413743,1.0,0.8
4,2dt4,72,shared_kfull,225001,exact,False,1.0,True,0.0,0.0,0.015782151152919977,False,5.148367241566245e-05,1.0,1.0
4,2dt4,72,shared_kfull,225001,exact,True,1.0,True,0.0,0.0,0.015782151152919977,False,4.890948879487933e-05,1.0,1.0
4,2dt4,72,shared_kfull,225001,baseline,False,1.0,True,0.0,0.0,0.01582916672707213,False,0.0,1.0,1.0
4,2dt4,72,shared_kfull,225001,baseline,True,1.0,True,0.0,0.0,0.01582916672707213,False,0.0,1.0,1.0
4,2dt4,72,shared_kfull,225011,exact,False,0.9982456140350877,True,0.0,0.0,0.015186958945874351,False,2.827971002280903e-05,1.0,1.0
4,2dt4,72,shared_kfull,225011,exact,True,0.9984962406015038,True,0.0,0.0,0.015186958945874351,False,2.6865724521668576e-05,1.0,1.0
4,2dt4,72,shared_kfull,225011,baseline,False,1.0,True,0.0,0.0,0.015181120232702128,False,0.0,1.0,1.0
4,2dt4,72,shared_kfull,225011,baseline,True,1.0,True,0.0,0.0,0.015181120232702128,False,0.0,1.0,1.0
1,2vkj,61,baseline,225001,exact,False,1.0,True,0.0,0.0,0.15682341964336216,False,0.000359479715750893,1.0,1.0
1,2vkj,61,baseline,225001,exact,True,1.0,True,0.0,0.0,0.15682341964336216,False,0.00034150572996334837,1.0,1.0
1,2vkj,61,baseline,225001,baseline,False,1.0,True,0.0,0.0,0.15576765795917968,False,0.0,1.0,1.0
1,2vkj,61,baseline,225001,baseline,True,1.0,True,0.0,0.0,0.15576765795917968,False,0.0,1.0,1.0
1,2vkj,61,baseline,225011,exact,False,1.0,True,0.0,0.0,0.3486335782399417,False,0.0004953176986806961,1.0,1.0
1,2vkj,61,baseline,225011,exact,True,1.0,True,0.0,0.0,0.3486335782399417,False,0.00047055181374666135,1.0,1.0
1,2vkj,61,baseline,225011,baseline,False,1.0,True,0.0,0.0,0.34830333518454315,False,0.0,1.0,1.0
1,2vkj,61,baseline,225011,baseline,True,1.0,True,0.0,0.0,0.34830333518454315,False,0.0,1.0,1.0
1,2vkj,61,channel_k0,225001,exact,False,0.5649122807017544,True,0.0,0.0,0.15682341964336216,False,0.024823240792696582,0.6666666666666666,0.6
1,2vkj,61,channel_k0,225001,exact,True,0.5804511278195488,True,0.0,0.0,0.15682341964336216,False,0.02358207875306175,0.6666666666666666,0.6
1,2vkj,61,channel_k0,225001,baseline,False,0.5649122807017544,True,0.0,0.0,0.15576765795917968,False,0.024472050040656623,0.6666666666666666,0.6
1,2vkj,61,channel_k0,225001,baseline,True,0.5804511278195488,True,0.0,0.0,0.15576765795917968,False,0.02324844753862379,0.6666666666666666,0.6
1,2vkj,61,channel_k0,225011,exact,False,0.8140350877192982,True,0.0,0.0,0.3486335782399417,False,0.043875685422270515,1.0,0.8
1,2vkj,61,channel_k0,225011,exact,True,0.8300751879699247,True,0.0,0.0,0.3486335782399417,False,0.04168190115115698,1.0,0.8
1,2vkj,61,channel_k0,225011,baseline,False,0.8140350877192982,True,0.0,0.0,0.34830333518454315,False,0.04418426004857086,1.0,0.8
1,2vkj,61,channel_k0,225011,baseline,True,0.8300751879699247,True,0.0,0.0,0.34830333518454315,False,0.041975047046142314,1.0,0.8
1,2vkj,61,channel_k4,225001,exact,False,0.9456140350877192,True,0.0,0.0,0.15682341964336216,False,0.013391451692829258,1.0,1.0
1,2vkj,61,channel_k4,225001,exact,True,0.9443609022556391,True,0.0,0.0,0.15682341964336216,False,0.012721879108187794,1.0,1.0
1,2vkj,61,channel_k4,225001,baseline,False,0.9456140350877192,True,0.0,0.0,0.15576765795917968,False,0.013040996475666566,1.0,1.0
1,2vkj,61,channel_k4,225001,baseline,True,0.9443609022556391,True,0.0,0.0,0.15576765795917968,False,0.012388946651883236,1.0,1.0
1,2vkj,61,channel_k4,225011,exact,False,0.9684210526315788,True,0.0,0.0,0.3486335782399417,False,0.013518903808982394,1.0,1.0
1,2vkj,61,channel_k4,225011,exact,True,0.9729323308270676,True,0.0,0.0,0.3486335782399417,False,0.012842958618533273,1.0,1.0
1,2vkj,61,channel_k4,225011,baseline,False,0.9684210526315788,True,0.0,0.0,0.34830333518454315,False,0.013781764767552657,1.0,1.0
1,2vkj,61,channel_k4,225011,baseline,True,0.9729323308270676,True,0.0,0.0,0.34830333518454315,False,0.013092676529175024,1.0,1.0
1,2vkj,61,channel_k8,225001,exact,False,0.9666666666666668,True,0.0,0.0,0.15682341964336216,False,0.008421684173586907,1.0,1.0
1,2vkj,61,channel_k8,225001,exact,True,0.9714285714285714,True,0.0,0.0,0.15682341964336216,False,0.008000599964907562,1.0,1.0
1,2vkj,61,channel_k8,225001,baseline,False,0.9666666666666668,True,0.0,0.0,0.15576765795917968,False,0.008102668386869835,1.0,1.0
1,2vkj,61,channel_k8,225001,baseline,True,0.9714285714285714,True,0.0,0.0,0.15576765795917968,False,0.007697534967526343,1.0,1.0
1,2vkj,61,channel_k8,225011,exact,False,0.9789473684210527,True,0.0,0.0,0.3486335782399417,False,0.008342877616027021,1.0,1.0
1,2vkj,61,channel_k8,225011,exact,True,0.9819548872180449,True,0.0,0.0,0.3486335782399417,False,0.007925733735225671,1.0,1.0
1,2vkj,61,channel_k8,225011,baseline,False,0.9789473684210527,True,0.0,0.0,0.34830333518454315,False,0.008568758863093436,1.0,1.0
1,2vkj,61,channel_k8,225011,baseline,True,0.9819548872180449,True,0.0,0.0,0.34830333518454315,False,0.008140320919938765,1.0,1.0
1,2vkj,61,channel_k16,225001,exact,False,0.9912280701754386,True,0.0,0.0,0.15682341964336216,False,0.004035165756987249,1.0,1.0
1,2vkj,61,channel_k16,225001,exact,True,0.9924812030075187,True,0.0,0.0,0.15682341964336216,False,0.0038334074691378866,1.0,1.0
1,2vkj,61,channel_k16,225001,baseline,False,0.9912280701754386,True,0.0,0.0,0.15576765795917968,False,0.003716149970270176,1.0,1.0
1,2vkj,61,channel_k16,225001,baseline,True,0.9924812030075187,True,0.0,0.0,0.15576765795917968,False,0.0035303424717566673,1.0,1.0
1,2vkj,61,channel_k16,225011,exact,False,0.987719298245614,True,0.0,0.0,0.3486335782399417,False,0.003126611353378404,1.0,1.0
1,2vkj,61,channel_k16,225011,exact,True,0.9894736842105262,True,0.0,0.0,0.3486335782399417,False,0.0029702807857094836,1.0,1.0
1,2vkj,61,channel_k16,225011,baseline,False,0.987719298245614,True,0.0,0.0,0.34830333518454315,False,0.003326720942583759,1.0,1.0
1,2vkj,61,channel_k16,225011,baseline,True,0.9894736842105262,True,0.0,0.0,0.34830333518454315,False,0.003160384895454571,1.0,1.0
1,2vkj,61,channel_k32,225001,exact,False,0.9982456140350877,True,0.0,0.0,0.15682341964336216,False,0.0012260031961754548,1.0,1.0
1,2vkj,61,channel_k32,225001,exact,True,0.9984962406015038,True,0.0,0.0,0.15682341964336216,False,0.0011647030363666822,1.0,1.0
1,2vkj,61,channel_k32,225001,baseline,False,0.9982456140350877,True,0.0,0.0,0.15576765795917968,False,0.0009464040388621767,1.0,1.0
1,2vkj,61,channel_k32,225001,baseline,True,0.9984962406015038,True,0.0,0.0,0.15576765795917968,False,0.0008990838369190679,1.0,1.0
1,2vkj,61,channel_k32,225011,exact,False,0.9929824561403509,True,0.0,0.0,0.3486335782399417,False,0.0006983150607393162,1.0,1.0
1,2vkj,61,channel_k32,225011,exact,True,0.993984962406015,True,0.0,0.0,0.3486335782399417,False,0.0006633993077023503,1.0,1.0
1,2vkj,61,channel_k32,225011,baseline,False,0.9929824561403509,True,0.0,0.0,0.34830333518454315,False,0.0005902356322197623,1.0,1.0
1,2vkj,61,channel_k32,225011,baseline,True,0.993984962406015,True,0.0,0.0,0.34830333518454315,False,0.0005607238506087741,1.0,1.0
1,2vkj,61,channel_k64,225001,exact,False,1.0,True,0.0,0.0,0.15682341964336216,False,0.00042212019769275643,1.0,1.0
1,2vkj,61,channel_k64,225001,exact,True,1.0,True,0.0,0.0,0.15682341964336216,False,0.0004010141878081186,1.0,1.0
1,2vkj,61,channel_k64,225001,baseline,False,1.0,True,0.0,0.0,0.15576765795917968,False,0.00012831680545551775,1.0,1.0
1,2vkj,61,channel_k64,225001,baseline,True,1.0,True,0.0,0.0,0.15576765795917968,False,0.00012190096518274184,1.0,1.0
1,2vkj,61,channel_k64,225011,exact,False,0.9982456140350877,True,0.0,0.0,0.3486335782399417,False,0.0007169091563047523,1.0,1.0
1,2vkj,61,channel_k64,225011,exact,True,0.9984962406015038,True,0.0,0.0,0.3486335782399417,False,0.0006810636984895147,1.0,1.0
1,2vkj,61,channel_k64,225011,baseline,False,0.9982456140350877,True,0.0,0.0,0.34830333518454315,False,0.00034657363270103396,1.0,1.0
1,2vkj,61,channel_k64,225011,baseline,True,0.9984962406015038,True,0.0,0.0,0.34830333518454315,False,0.0003292449510659823,1.0,1.0
1,2vkj,61,channel_kfull,225001,exact,False,1.0,True,0.0,0.0,0.15682341964336216,False,0.000359479715750893,1.0,1.0
1,2vkj,61,channel_kfull,225001,exact,True,1.0,True,0.0,0.0,0.15682341964336216,False,0.00034150572996334837,1.0,1.0
1,2vkj,61,channel_kfull,225001,baseline,False,1.0,True,0.0,0.0,0.15576765795917968,False,0.0,1.0,1.0
1,2vkj,61,channel_kfull,225001,baseline,True,1.0,True,0.0,0.0,0.15576765795917968,False,0.0,1.0,1.0
1,2vkj,61,channel_kfull,225011,exact,False,1.0,True,0.0,0.0,0.3486335782399417,False,0.0004953176986806961,1.0,1.0
1,2vkj,61,channel_kfull,225011,exact,True,1.0,True,0.0,0.0,0.3486335782399417,False,0.00047055181374666135,1.0,1.0
1,2vkj,61,channel_kfull,225011,baseline,False,1.0,True,0.0,0.0,0.34830333518454315,False,0.0,1.0,1.0
1,2vkj,61,channel_kfull,225011,baseline,True,1.0,True,0.0,0.0,0.34830333518454315,False,0.0,1.0,1.0
1,2vkj,61,shared_k0,225001,exact,False,0.5649122807017544,True,0.0,0.0,0.15682341964336216,False,0.024823240792696582,0.6666666666666666,0.6
1,2vkj,61,shared_k0,225001,exact,True,0.5804511278195488,True,0.0,0.0,0.15682341964336216,False,0.02358207875306175,0.6666666666666666,0.6
1,2vkj,61,shared_k0,225001,baseline,False,0.5649122807017544,True,0.0,0.0,0.15576765795917968,False,0.024472050040656623,0.6666666666666666,0.6
1,2vkj,61,shared_k0,225001,baseline,True,0.5804511278195488,True,0.0,0.0,0.15576765795917968,False,0.02324844753862379,0.6666666666666666,0.6
1,2vkj,61,shared_k0,225011,exact,False,0.8140350877192982,True,0.0,0.0,0.3486335782399417,False,0.043875685422270515,1.0,0.8
1,2vkj,61,shared_k0,225011,exact,True,0.8300751879699247,True,0.0,0.0,0.3486335782399417,False,0.04168190115115698,1.0,0.8
1,2vkj,61,shared_k0,225011,baseline,False,0.8140350877192982,True,0.0,0.0,0.34830333518454315,False,0.04418426004857086,1.0,0.8
1,2vkj,61,shared_k0,225011,baseline,True,0.8300751879699247,True,0.0,0.0,0.34830333518454315,False,0.041975047046142314,1.0,0.8
1,2vkj,61,shared_k4,225001,exact,False,0.6859649122807018,True,0.0,0.0,0.15682341964336216,False,0.021130682768466937,1.0,0.8
1,2vkj,61,shared_k4,225001,exact,True,0.6887218045112782,True,0.0,0.0,0.15682341964336216,False,0.02007414863004359,1.0,0.8
1,2vkj,61,shared_k4,225001,baseline,False,0.6859649122807018,True,0.0,0.0,0.15576765795917968,False,0.020811666981749865,1.0,0.8
1,2vkj,61,shared_k4,225001,baseline,True,0.6887218045112782,True,0.0,0.0,0.15576765795917968,False,0.01977108363266237,1.0,0.8
1,2vkj,61,shared_k4,225011,exact,False,0.9175438596491228,True,0.0,0.0,0.3486335782399417,False,0.02816242222500503,1.0,1.0
1,2vkj,61,shared_k4,225011,exact,True,0.9278195488721804,True,0.0,0.0,0.3486335782399417,False,0.02675430111375478,1.0,1.0
1,2vkj,61,shared_k4,225011,baseline,False,0.9175438596491228,True,0.0,0.0,0.34830333518454315,False,0.028452384710440655,1.0,1.0
1,2vkj,61,shared_k4,225011,baseline,True,0.9278195488721804,True,0.0,0.0,0.34830333518454315,False,0.027029765474918623,1.0,1.0
1,2vkj,61,shared_k8,225001,exact,False,0.8701754385964912,True,0.0,0.0,0.15682341964336216,False,0.01636971040120597,1.0,1.0
1,2vkj,61,shared_k8,225001,exact,True,0.8616541353383457,True,0.0,0.0,0.15682341964336216,False,0.015551224881145673,1.0,1.0
1,2vkj,61,shared_k8,225001,baseline,False,0.8701754385964912,True,0.0,0.0,0.15576765795917968,False,0.016094045110232394,1.0,1.0
1,2vkj,61,shared_k8,225001,baseline,True,0.8616541353383457,True,0.0,0.0,0.15576765795917968,False,0.015289342854720774,1.0,1.0
1,2vkj,61,shared_k8,225011,exact,False,0.975438596491228,True,0.0,0.0,0.3486335782399417,False,0.016724679615801843,1.0,1.0
1,2vkj,61,shared_k8,225011,exact,True,0.9789473684210527,True,0.0,0.0,0.3486335782399417,False,0.01588844563501175,1.0,1.0
1,2vkj,61,shared_k8,225011,baseline,False,0.975438596491228,True,0.0,0.0,0.34830333518454315,False,0.017043269616613545,1.0,1.0
1,2vkj,61,shared_k8,225011,baseline,True,0.9789473684210527,True,0.0,0.0,0.34830333518454315,False,0.016191106135782868,1.0,1.0
1,2vkj,61,shared_k16,225001,exact,False,0.9596491228070174,True,0.0,0.0,0.15682341964336216,False,0.011598980870317573,1.0,1.0
1,2vkj,61,shared_k16,225001,exact,True,0.956390977443609,True,0.0,0.0,0.15682341964336216,False,0.011019031826801695,1.0,1.0
1,2vkj,61,shared_k16,225001,baseline,False,0.9596491228070174,True,0.0,0.0,0.15576765795917968,False,0.011279965083600501,1.0,1.0
1,2vkj,61,shared_k16,225001,baseline,True,0.956390977443609,True,0.0,0.0,0.15576765795917968,False,0.010715966829420475,1.0,1.0
1,2vkj,61,shared_k16,225011,exact,False,0.9789473684210527,True,0.0,0.0,0.3486335782399417,False,0.0135300986014632,1.0,1.0
1,2vkj,61,shared_k16,225011,exact,True,0.9819548872180449,True,0.0,0.0,0.3486335782399417,False,0.01285359367139004,1.0,1.0
1,2vkj,61,shared_k16,225011,baseline,False,0.9789473684210527,True,0.0,0.0,0.34830333518454315,False,0.013848688602274903,1.0,1.0
1,2vkj,61,shared_k16,225011,baseline,True,0.9819548872180449,True,0.0,0.0,0.34830333518454315,False,0.013156254172161158,1.0,1.0
1,2vkj,61,shared_k32,225001,exact,False,0.9736842105263157,True,0.0,0.0,0.15682341964336216,False,0.006364252393160624,1.0,1.0
1,2vkj,61,shared_k32,225001,exact,True,0.9774436090225563,True,0.0,0.0,0.15682341964336216,False,0.006046039773502593,1.0,1.0
1,2vkj,61,shared_k32,225001,baseline,False,0.9736842105263157,True,0.0,0.0,0.15576765795917968,False,0.006045236606443551,1.0,1.0
1,2vkj,61,shared_k32,225001,baseline,True,0.9774436090225563,True,0.0,0.0,0.15576765795917968,False,0.005742974776121373,1.0,1.0
1,2vkj,61,shared_k32,225011,exact,False,0.9929824561403509,True,0.0,0.0,0.3486335782399417,False,0.0019313057385601518,1.0,1.0
1,2vkj,61,shared_k32,225011,exact,True,0.993984962406015,True,0.0,0.0,0.3486335782399417,False,0.001834740451632144,1.0,1.0
1,2vkj,61,shared_k32,225011,baseline,False,0.9929824561403509,True,0.0,0.0,0.34830333518454315,False,0.0020107918843449775,1.0,1.0
1,2vkj,61,shared_k32,225011,baseline,True,0.993984962406015,True,0.0,0.0,0.34830333518454315,False,0.0019102522901277286,1.0,1.0
1,2vkj,61,shared_k64,225001,exact,False,0.9964912280701754,True,0.0,0.0,0.15682341964336216,False,0.0017570162900177556,1.0,1.0
1,2vkj,61,shared_k64,225001,exact,True,0.9969924812030074,True,0.0,0.0,0.15682341964336216,False,0.0016691654755168679,1.0,1.0
1,2vkj,61,shared_k64,225001,baseline,False,0.9964912280701754,True,0.0,0.0,0.15576765795917968,False,0.0014065610728550633,1.0,1.0
1,2vkj,61,shared_k64,225001,baseline,True,0.9969924812030074,True,0.0,0.0,0.15576765795917968,False,0.0013362330192123102,1.0,1.0
1,2vkj,61,shared_k64,225011,exact,False,0.9929824561403509,True,0.0,0.0,0.3486335782399417,False,0.0016501488802462534,1.0,1.0
1,2vkj,61,shared_k64,225011,exact,True,0.993984962406015,True,0.0,0.0,0.3486335782399417,False,0.0015676414362339407,1.0,1.0
1,2vkj,61,shared_k64,225011,baseline,False,0.9929824561403509,True,0.0,0.0,0.34830333518454315,False,0.0012202276401627188,1.0,1.0
1,2vkj,61,shared_k64,225011,baseline,True,0.993984962406015,True,0.0,0.0,0.34830333518454315,False,0.0011592162581545828,1.0,1.0
1,2vkj,61,shared_kfull,225001,exact,False,1.0,True,0.0,0.0,0.15682341964336216,False,0.000359479715750893,1.0,1.0
1,2vkj,61,shared_kfull,225001,exact,True,1.0,True,0.0,0.0,0.15682341964336216,False,0.00034150572996334837,1.0,1.0
1,2vkj,61,shared_kfull,225001,baseline,False,1.0,True,0.0,0.0,0.15576765795917968,False,0.0,1.0,1.0
1,2vkj,61,shared_kfull,225001,baseline,True,1.0,True,0.0,0.0,0.15576765795917968,False,0.0,1.0,1.0
1,2vkj,61,shared_kfull,225011,exact,False,1.0,True,0.0,0.0,0.3486335782399417,False,0.0004953176986806961,1.0,1.0
1,2vkj,61,shared_kfull,225011,exact,True,1.0,True,0.0,0.0,0.3486335782399417,False,0.00047055181374666135,1.0,1.0
1,2vkj,61,shared_kfull,225011,baseline,False,1.0,True,0.0,0.0,0.34830333518454315,False,0.0,1.0,1.0
1,2vkj,61,shared_kfull,225011,baseline,True,1.0,True,0.0,0.0,0.34830333518454315,False,0.0,1.0,1.0
0,6ufe,84,baseline,225001,exact,False,0.9982456140350877,True,0.0,0.0,0.742476546434826,False,0.003461208834631267,1.0,1.0
0,6ufe,84,baseline,225001,exact,True,0.9984962406015038,True,0.0,0.0,0.742476546434826,False,0.0032881483928997035,1.0,1.0
0,6ufe,84,baseline,225001,baseline,False,1.0,True,0.0,0.0,0.7416340285416243,False,0.0,1.0,1.0
0,6ufe,84,baseline,225001,baseline,True,1.0,True,0.0,0.0,0.7416340285416243,False,0.0,1.0,1.0
0,6ufe,84,baseline,225011,exact,False,1.0,True,0.0,0.0,0.6899952138688197,False,0.0035994026742026267,1.0,1.0
0,6ufe,84,baseline,225011,exact,True,1.0,True,0.0,0.0,0.7606078448333411,False,0.0034194325404924954,1.0,1.0
0,6ufe,84,baseline,225011,baseline,False,1.0,True,0.0,0.0,0.6875830543993056,False,0.0,1.0,1.0
0,6ufe,84,baseline,225011,baseline,True,1.0,True,0.0,0.0,0.7617808040803891,False,0.0,1.0,1.0
0,6ufe,84,channel_k0,225001,exact,False,0.5052631578947369,False,0.3932006114704658,0.5295798410852304,0.742476546434826,False,0.39795186135674815,0.0,0.4
0,6ufe,84,channel_k0,225001,exact,True,0.4857142857142857,False,0.3932006114704658,0.5295798410852304,0.742476546434826,False,0.37805426828891076,0.0,0.2
0,6ufe,84,channel_k0,225001,baseline,False,0.531578947368421,False,0.3824353062068331,0.5156658021192306,0.7416340285416243,False,0.399388211813327,0.0,0.4
0,6ufe,84,channel_k0,225001,baseline,True,0.5097744360902255,False,0.3824353062068331,0.5156658021192306,0.7416340285416243,False,0.37941880122266064,0.0,0.2
0,6ufe,84,channel_k0,225011,exact,False,0.39649122807017545,False,0.41436492897119814,0.6005330481176008,0.6899952138688197,False,0.5185229533125592,0.0,0.4
0,6ufe,84,channel_k0,225011,exact,True,0.3654135338345864,False,0.48497755993571956,0.6376184037938556,0.7606078448333411,False,0.4925968056469313,0.0,0.4
0,6ufe,84,channel_k0,225011,baseline,False,0.39649122807017545,False,0.4030632514422683,0.5862030032057686,0.6875830543993056,False,0.5206223613850038,0.0,0.4
0,6ufe,84,channel_k0,225011,baseline,True,0.3654135338345864,False,0.4772610011233518,0.6265069933069454,0.7617808040803891,False,0.49459124331575366,0.0,0.4
0,6ufe,84,channel_k4,225001,exact,False,0.9631578947368421,True,0.0,0.0,0.742476546434826,False,0.04204953533704418,1.0,0.8
0,6ufe,84,channel_k4,225001,exact,True,0.9684210526315788,True,0.0,0.0,0.742476546434826,False,0.03994705857019197,1.0,0.8
0,6ufe,84,channel_k4,225001,baseline,False,0.9666666666666668,True,0.0,0.0,0.7416340285416243,False,0.04294170029760379,1.0,0.8
0,6ufe,84,channel_k4,225001,baseline,True,0.9714285714285714,True,0.0,0.0,0.7416340285416243,False,0.0407946152827236,1.0,0.8
0,6ufe,84,channel_k4,225011,exact,False,0.9824561403508772,True,0.0,0.0,0.6899952138688197,False,0.049882587880125055,1.0,1.0
0,6ufe,84,channel_k4,225011,exact,True,0.9849624060150375,True,0.0,0.0,0.7606078448333411,False,0.0473884584861188,1.0,1.0
0,6ufe,84,channel_k4,225011,baseline,False,0.9824561403508772,True,0.0,0.0,0.6875830543993056,False,0.051407098640951304,1.0,1.0
0,6ufe,84,channel_k4,225011,baseline,True,0.9849624060150375,True,0.0,0.0,0.7617808040803891,False,0.04883674370890374,1.0,1.0
0,6ufe,84,channel_k8,225001,exact,False,0.9912280701754386,True,0.0,0.0,0.742476546434826,False,0.010922147499519913,1.0,1.0
0,6ufe,84,channel_k8,225001,exact,True,0.9924812030075187,True,0.0,0.0,0.742476546434826,False,0.010376040124543916,1.0,1.0
0,6ufe,84,channel_k8,225001,baseline,False,0.9929824561403509,True,0.0,0.0,0.7416340285416243,False,0.012369077622504289,1.0,1.0
0,6ufe,84,channel_k8,225001,baseline,True,0.993984962406015,True,0.0,0.0,0.7416340285416243,False,0.011750623741379074,1.0,1.0
0,6ufe,84,channel_k8,225011,exact,False,0.9964912280701754,True,0.0,0.0,0.6899952138688197,False,0.0133228162871062,1.0,1.0
0,6ufe,84,channel_k8,225011,exact,True,0.9969924812030074,True,0.0,0.0,0.7606078448333411,False,0.01265667547275089,1.0,1.0
0,6ufe,84,channel_k8,225011,baseline,False,0.9964912280701754,True,0.0,0.0,0.6875830543993056,False,0.014847327047932452,1.0,1.0
0,6ufe,84,channel_k8,225011,baseline,True,0.9969924812030074,True,0.0,0.0,0.7617808040803891,False,0.014104960695535828,1.0,1.0
0,6ufe,84,channel_k16,225001,exact,False,0.9964912280701754,True,0.0,0.0,0.742476546434826,False,0.009225945236772167,1.0,1.0
0,6ufe,84,channel_k16,225001,exact,True,0.9969924812030074,True,0.0,0.0,0.742476546434826,False,0.00876464797493356,1.0,1.0
0,6ufe,84,channel_k16,225001,baseline,False,0.9982456140350877,True,0.0,0.0,0.7416340285416243,False,0.0067069874765821715,1.0,1.0
0,6ufe,84,channel_k16,225001,baseline,True,0.9984962406015038,True,0.0,0.0,0.7416340285416243,False,0.006371638102753064,1.0,1.0
0,6ufe,84,channel_k16,225011,exact,False,1.0,True,0.0,0.0,0.6899952138688197,False,0.006738905846460536,1.0,1.0
0,6ufe,84,channel_k16,225011,exact,True,1.0,True,0.0,0.0,0.7606078448333411,False,0.006401960554137509,1.0,1.0
0,6ufe,84,channel_k16,225011,baseline,False,1.0,True,0.0,0.0,0.6875830543993056,False,0.0047762485969027905,1.0,1.0
0,6ufe,84,channel_k16,225011,baseline,True,1.0,True,0.0,0.0,0.7617808040803891,False,0.004537436167057651,1.0,1.0
0,6ufe,84,channel_k32,225001,exact,False,0.9982456140350877,True,0.0,0.0,0.742476546434826,False,0.003976976577279655,1.0,1.0
0,6ufe,84,channel_k32,225001,exact,True,0.9984962406015038,True,0.0,0.0,0.742476546434826,False,0.0037781277484156715,1.0,1.0
0,6ufe,84,channel_k32,225001,baseline,False,1.0,True,0.0,0.0,0.7416340285416243,False,0.0013125142359097523,1.0,1.0
0,6ufe,84,channel_k32,225001,baseline,True,1.0,True,0.0,0.0,0.7416340285416243,False,0.0012468885241142646,1.0,1.0
0,6ufe,84,channel_k32,225011,exact,False,1.0,True,0.0,0.0,0.6899952138688197,False,0.004292906593190038,1.0,1.0
0,6ufe,84,channel_k32,225011,exact,True,1.0,True,0.0,0.0,0.7606078448333411,False,0.004078261263530536,1.0,1.0
0,6ufe,84,channel_k32,225011,baseline,False,1.0,True,0.0,0.0,0.6875830543993056,False,0.0009605378625480925,1.0,1.0
0,6ufe,84,channel_k32,225011,baseline,True,1.0,True,0.0,0.0,0.7617808040803891,False,0.0009125109694206879,1.0,1.0
0,6ufe,84,channel_k64,225001,exact,False,0.9982456140350877,True,0.0,0.0,0.742476546434826,False,0.0034355453566293826,1.0,1.0
0,6ufe,84,channel_k64,225001,exact,True,0.9984962406015038,True,0.0,0.0,0.742476546434826,False,0.0032637680887979137,1.0,1.0
0,6ufe,84,channel_k64,225001,baseline,False,1.0,True,0.0,0.0,0.7416340285416243,False,8.541651853358931e-05,1.0,1.0
0,6ufe,84,channel_k64,225001,baseline,True,1.0,True,0.0,0.0,0.7416340285416243,False,8.114569260690985e-05,1.0,1.0
0,6ufe,84,channel_k64,225011,exact,False,1.0,True,0.0,0.0,0.6899952138688197,False,0.0035055378390955387,1.0,1.0
0,6ufe,84,channel_k64,225011,exact,True,1.0,True,0.0,0.0,0.7606078448333411,False,0.003330260947140762,1.0,1.0
0,6ufe,84,channel_k64,225011,baseline,False,1.0,True,0.0,0.0,0.6875830543993056,False,0.00010837339034570392,1.0,1.0
0,6ufe,84,channel_k64,225011,baseline,True,1.0,True,0.0,0.0,0.7617808040803891,False,0.00010295472082841873,1.0,1.0
0,6ufe,84,channel_kfull,225001,exact,False,0.9982456140350877,True,0.0,0.0,0.742476546434826,False,0.003461208834631267,1.0,1.0
0,6ufe,84,channel_kfull,225001,exact,True,0.9984962406015038,True,0.0,0.0,0.742476546434826,False,0.0032881483928997035,1.0,1.0
0,6ufe,84,channel_kfull,225001,baseline,False,1.0,True,0.0,0.0,0.7416340285416243,False,0.0,1.0,1.0
0,6ufe,84,channel_kfull,225001,baseline,True,1.0,True,0.0,0.0,0.7416340285416243,False,0.0,1.0,1.0
0,6ufe,84,channel_kfull,225011,exact,False,1.0,True,0.0,0.0,0.6899952138688197,False,0.0035994026742026267,1.0,1.0
0,6ufe,84,channel_kfull,225011,exact,True,1.0,True,0.0,0.0,0.7606078448333411,False,0.0034194325404924954,1.0,1.0
0,6ufe,84,channel_kfull,225011,baseline,False,1.0,True,0.0,0.0,0.6875830543993056,False,0.0,1.0,1.0
0,6ufe,84,channel_kfull,225011,baseline,True,1.0,True,0.0,0.0,0.7617808040803891,False,0.0,1.0,1.0
0,6ufe,84,shared_k0,225001,exact,False,0.5052631578947369,False,0.3932006114704658,0.5295798410852304,0.742476546434826,False,0.39795186135674815,0.0,0.4
0,6ufe,84,shared_k0,225001,exact,True,0.4857142857142857,False,0.3932006114704658,0.5295798410852304,0.742476546434826,False,0.37805426828891076,0.0,0.2
0,6ufe,84,shared_k0,225001,baseline,False,0.531578947368421,False,0.3824353062068331,0.5156658021192306,0.7416340285416243,False,0.399388211813327,0.0,0.4
0,6ufe,84,shared_k0,225001,baseline,True,0.5097744360902255,False,0.3824353062068331,0.5156658021192306,0.7416340285416243,False,0.37941880122266064,0.0,0.2
0,6ufe,84,shared_k0,225011,exact,False,0.39649122807017545,False,0.41436492897119814,0.6005330481176008,0.6899952138688197,False,0.5185229533125592,0.0,0.4
0,6ufe,84,shared_k0,225011,exact,True,0.3654135338345864,False,0.48497755993571956,0.6376184037938556,0.7606078448333411,False,0.4925968056469313,0.0,0.4
0,6ufe,84,shared_k0,225011,baseline,False,0.39649122807017545,False,0.4030632514422683,0.5862030032057686,0.6875830543993056,False,0.5206223613850038,0.0,0.4
0,6ufe,84,shared_k0,225011,baseline,True,0.3654135338345864,False,0.4772610011233518,0.6265069933069454,0.7617808040803891,False,0.49459124331575366,0.0,0.4
0,6ufe,84,shared_k4,225001,exact,False,0.8245614035087718,False,0.3932006114704658,0.5295798410852304,0.742476546434826,False,0.18099417383695152,0.6666666666666666,0.8
0,6ufe,84,shared_k4,225001,exact,True,0.831578947368421,False,0.3932006114704658,0.5295798410852304,0.742476546434826,False,0.17194446514510395,0.3333333333333333,0.8
0,6ufe,84,shared_k4,225001,baseline,False,0.8403508771929825,False,0.3824353062068331,0.5156658021192306,0.7416340285416243,False,0.1821301769940029,0.6666666666666666,0.8
0,6ufe,84,shared_k4,225001,baseline,True,0.8451127819548873,False,0.3824353062068331,0.5156658021192306,0.7416340285416243,False,0.17302366814430273,0.3333333333333333,0.8
0,6ufe,84,shared_k4,225011,exact,False,0.856140350877193,False,0.41436492897119814,0.6005330481176008,0.6899952138688197,False,0.1541538704038547,0.6666666666666666,0.8
0,6ufe,84,shared_k4,225011,exact,True,0.8646616541353382,False,0.48497755993571956,0.6376184037938556,0.7606078448333411,False,0.14644617688366196,0.6666666666666666,0.8
0,6ufe,84,shared_k4,225011,baseline,False,0.856140350877193,False,0.4030632514422683,0.5862030032057686,0.6875830543993056,False,0.15524848572553537,0.6666666666666666,0.8
0,6ufe,84,shared_k4,225011,baseline,True,0.8646616541353382,False,0.4772610011233518,0.6265069933069454,0.7617808040803891,False,0.1474860614392586,0.6666666666666666,0.8
0,6ufe,84,shared_k8,225001,exact,False,0.9210526315789472,False,0.0940331370383991,0.1266479560733886,0.742476546434826,False,0.0782696967354428,0.6666666666666666,0.6
0,6ufe,84,shared_k8,225001,exact,True,0.9233082706766916,False,0.028014045757744466,0.037730546361713954,0.742476546434826,False,0.07435621189867067,0.6666666666666666,0.8
0,6ufe,84,shared_k8,225001,baseline,False,0.9280701754385964,False,0.0952297958752839,0.12840537544177577,0.7416340285416243,False,0.0789424493884724,0.6666666666666666,0.6
0,6ufe,84,shared_k8,225001,baseline,True,0.9293233082706768,False,0.026019796768243175,0.035084415988043904,0.7416340285416243,False,0.07499532691904878,0.6666666666666666,0.8
0,6ufe,84,shared_k8,225011,exact,False,0.9070175438596491,True,0.0,0.0,0.6899952138688197,False,0.09581125562134106,0.6666666666666666,0.6
0,6ufe,84,shared_k8,225011,exact,True,0.918796992481203,False,0.07061263096452142,0.09283710580186502,0.7606078448333411,False,0.091020692840274,0.6666666666666666,0.8
0,6ufe,84,shared_k8,225011,baseline,False,0.9070175438596491,True,0.0,0.0,0.6875830543993056,False,0.0974397273497014,0.6666666666666666,0.6
0,6ufe,84,shared_k8,225011,baseline,True,0.918796992481203,False,0.0741977496810835,0.09740039297873089,0.7617808040803891,False,0.09256774098221633,0.6666666666666666,0.8
0,6ufe,84,shared_k16,225001,exact,False,0.9824561403508772,True,0.0,0.0,0.742476546434826,False,0.026699012657802612,1.0,0.8
0,6ufe,84,shared_k16,225001,exact,True,0.9834586466165413,True,0.0,0.0,0.742476546434826,False,0.02536406202491248,1.0,0.8
0,6ufe,84,shared_k16,225001,baseline,False,0.980701754385965,True,0.0,0.0,0.7416340285416243,False,0.02783501581485397,1.0,0.8
0,6ufe,84,shared_k16,225001,baseline,True,0.9819548872180449,True,0.0,0.0,0.7416340285416243,False,0.026443265024111273,1.0,0.8
0,6ufe,84,shared_k16,225011,exact,False,0.9912280701754386,True,0.0,0.0,0.6899952138688197,False,0.031347461931089705,1.0,1.0
0,6ufe,84,shared_k16,225011,exact,True,0.9924812030075187,True,0.0,0.0,0.7606078448333411,False,0.029780088834535222,1.0,1.0
0,6ufe,84,shared_k16,225011,baseline,False,0.9912280701754386,True,0.0,0.0,0.6875830543993056,False,0.03287197269191596,1.0,1.0
0,6ufe,84,shared_k16,225011,baseline,True,0.9924812030075187,True,0.0,0.0,0.7617808040803891,False,0.031228374057320162,1.0,1.0
0,6ufe,84,shared_k32,225001,exact,False,0.9842105263157893,True,0.0,0.0,0.742476546434826,False,0.014677634159222484,1.0,0.8
0,6ufe,84,shared_k32,225001,exact,True,0.9849624060150375,True,0.0,0.0,0.742476546434826,False,0.01394375245126136,1.0,0.8
0,6ufe,84,shared_k32,225001,baseline,False,0.9859649122807018,True,0.0,0.0,0.7416340285416243,False,0.012214852362544599,1.0,0.8
0,6ufe,84,shared_k32,225001,baseline,True,0.9864661654135337,True,0.0,0.0,0.7416340285416243,False,0.011604109744417368,1.0,0.8
0,6ufe,84,shared_k32,225011,exact,False,0.9964912280701754,True,0.0,0.0,0.6899952138688197,False,0.009588035900272731,1.0,1.0
0,6ufe,84,shared_k32,225011,exact,True,0.9969924812030074,True,0.0,0.0,0.7606078448333411,False,0.009108634105259094,1.0,1.0
0,6ufe,84,shared_k32,225011,baseline,False,0.9964912280701754,True,0.0,0.0,0.6875830543993056,False,0.007744785270248881,1.0,1.0
0,6ufe,84,shared_k32,225011,baseline,True,0.9969924812030074,True,0.0,0.0,0.7617808040803891,False,0.007357546006736437,1.0,1.0
0,6ufe,84,shared_k64,225001,exact,False,0.9982456140350877,True,0.0,0.0,0.742476546434826,False,0.004068048840928292,1.0,1.0
0,6ufe,84,shared_k64,225001,exact,True,0.9984962406015038,True,0.0,0.0,0.742476546434826,False,0.003864646398881877,1.0,1.0
0,6ufe,84,shared_k64,225001,baseline,False,1.0,True,0.0,0.0,0.7416340285416243,False,0.0015164727485869815,1.0,1.0
0,6ufe,84,shared_k64,225001,baseline,True,1.0,True,0.0,0.0,0.7416340285416243,False,0.0014406491111576326,1.0,1.0
0,6ufe,84,shared_k64,225011,exact,False,1.0,True,0.0,0.0,0.6899952138688197,False,0.004334158372287765,1.0,1.0
0,6ufe,84,shared_k64,225011,exact,True,1.0,True,0.0,0.0,0.7606078448333411,False,0.004117450453673377,1.0,1.0
0,6ufe,84,shared_k64,225011,baseline,False,1.0,True,0.0,0.0,0.6875830543993056,False,0.0011432547887482041,1.0,1.0
0,6ufe,84,shared_k64,225011,baseline,True,1.0,True,0.0,0.0,0.7617808040803891,False,0.001086092049310794,1.0,1.0
0,6ufe,84,shared_kfull,225001,exact,False,0.9982456140350877,True,0.0,0.0,0.742476546434826,False,0.003461208834631267,1.0,1.0
0,6ufe,84,shared_kfull,225001,exact,True,0.9984962406015038,True,0.0,0.0,0.742476546434826,False,0.0032881483928997035,1.0,1.0
0,6ufe,84,shared_kfull,225001,baseline,False,1.0,True,0.0,0.0,0.7416340285416243,False,0.0,1.0,1.0
0,6ufe,84,shared_kfull,225001,baseline,True,1.0,True,0.0,0.0,0.7416340285416243,False,0.0,1.0,1.0
0,6ufe,84,shared_kfull,225011,exact,False,1.0,True,0.0,0.0,0.6899952138688197,False,0.0035994026742026267,1.0,1.0
0,6ufe,84,shared_kfull,225011,exact,True,1.0,True,0.0,0.0,0.7606078448333411,False,0.0034194325404924954,1.0,1.0
0,6ufe,84,shared_kfull,225011,baseline,False,1.0,True,0.0,0.0,0.6875830543993056,False,0.0,1.0,1.0
0,6ufe,84,shared_kfull,225011,baseline,True,1.0,True,0.0,0.0,0.7617808040803891,False,0.0,1.0,1.0
4,2dt4,102,baseline,225001,exact,False,0.9964912280701754,True,0.0,0.0,0.008160261238384592,False,2.9191660197374887e-05,1.0,1.0
4,2dt4,102,baseline,225001,exact,True,0.9969924812030074,True,0.0,0.0,0.008160261238384592,False,2.7732077187506144e-05,1.0,1.0
4,2dt4,102,baseline,225001,baseline,False,1.0,True,0.0,0.0,0.008181483627725417,False,0.0,1.0,1.0
4,2dt4,102,baseline,225001,baseline,True,1.0,True,0.0,0.0,0.008181483627725417,False,0.0,1.0,1.0
4,2dt4,102,baseline,225011,exact,False,0.9982456140350877,True,0.0,0.0,0.007754728199926564,False,5.552918866138629e-05,1.0,1.0
4,2dt4,102,baseline,225011,exact,True,0.9984962406015038,True,0.0,0.0,0.007754728199926564,False,5.275272922831697e-05,1.0,1.0
4,2dt4,102,baseline,225011,baseline,False,1.0,True,0.0,0.0,0.007870713084446479,False,0.0,1.0,1.0
4,2dt4,102,baseline,225011,baseline,True,1.0,True,0.0,0.0,0.007870713084446479,False,0.0,1.0,1.0
4,2dt4,102,channel_k0,225001,exact,False,0.6473684210526316,True,0.0,0.0,0.008160261238384592,False,0.0012175529142089473,1.0,0.6
4,2dt4,102,channel_k0,225001,exact,True,0.6511278195488721,True,0.0,0.0,0.008160261238384592,False,0.0011566752684985,1.0,0.6
4,2dt4,102,channel_k0,225001,baseline,False,0.6263157894736843,True,0.0,0.0,0.008181483627725417,False,0.001212847344077906,1.0,0.6
4,2dt4,102,channel_k0,225001,baseline,True,0.631578947368421,True,0.0,0.0,0.008181483627725417,False,0.0011522049768740105,1.0,0.6
4,2dt4,102,channel_k0,225011,exact,False,0.8140350877192982,False,0.0006933564351446209,0.08941079780864361,0.007754728199926564,False,0.0014950918203893305,0.6666666666666666,0.8
4,2dt4,102,channel_k0,225011,exact,True,0.7924812030075187,False,0.0006933564351446209,0.08941079780864361,0.007754728199926564,False,0.001420337229369864,0.6666666666666666,0.8
4,2dt4,102,channel_k0,225011,baseline,False,0.8263157894736841,False,0.0008022376794644126,0.10192693735078914,0.007870713084446479,False,0.0014956058741634572,0.6666666666666666,0.8
4,2dt4,102,channel_k0,225011,baseline,True,0.8045112781954886,False,0.0008022376794644126,0.10192693735078914,0.007870713084446479,False,0.0014208255804552844,0.6666666666666666,0.8
4,2dt4,102,channel_k4,225001,exact,False,0.856140350877193,True,0.0,0.0,0.008160261238384592,False,0.0014053844564478832,1.0,0.6
4,2dt4,102,channel_k4,225001,exact,True,0.8105263157894737,True,0.0,0.0,0.008160261238384592,False,0.001335115233625489,1.0,0.6
4,2dt4,102,channel_k4,225001,baseline,False,0.8473684210526315,True,0.0,0.0,0.008181483627725417,False,0.0013899949933701343,1.0,0.6
4,2dt4,102,channel_k4,225001,baseline,True,0.8030075187969924,True,0.0,0.0,0.008181483627725417,False,0.0013204952437016275,1.0,0.6
4,2dt4,102,channel_k4,225011,exact,False,0.9017543859649122,False,0.0004983649379946553,0.06426594525896791,0.007754728199926564,False,0.0017792795431704376,1.0,1.0
4,2dt4,102,channel_k4,225011,exact,True,0.8736842105263156,False,0.0004983649379946553,0.06426594525896791,0.007754728199926564,False,0.0016903155660119157,1.0,1.0
4,2dt4,102,channel_k4,225011,baseline,False,0.9070175438596491,False,0.0006422557369711313,0.0816007050543247,0.007870713084446479,False,0.0017890986666173527,1.0,1.0
4,2dt4,102,channel_k4,225011,baseline,True,0.8781954887218045,False,0.0006422557369711313,0.0816007050543247,0.007870713084446479,False,0.001699643733286485,1.0,1.0
4,2dt4,102,channel_k8,225001,exact,False,0.8929824561403509,True,0.0,0.0,0.008160261238384592,False,0.0010720502254261105,1.0,0.6
4,2dt4,102,channel_k8,225001,exact,True,0.8556390977443609,True,0.0,0.0,0.008160261238384592,False,0.0010184477141548048,1.0,0.6
4,2dt4,102,channel_k8,225001,baseline,False,0.887719298245614,True,0.0,0.0,0.008181483627725417,False,0.001060434491773317,1.0,0.6
4,2dt4,102,channel_k8,225001,baseline,True,0.8511278195488721,True,0.0,0.0,0.008181483627725417,False,0.0010074127671846512,1.0,0.6
4,2dt4,102,channel_k8,225011,exact,False,0.9701754385964911,True,0.0,0.0,0.007754728199926564,False,0.0010938901899772337,1.0,1.0
4,2dt4,102,channel_k8,225011,exact,True,0.9593984962406013,True,0.0,0.0,0.007754728199926564,False,0.001039195680478372,1.0,1.0
4,2dt4,102,channel_k8,225011,baseline,False,0.975438596491228,True,0.0,0.0,0.007870713084446479,False,0.0011029241218365167,1.0,1.0
4,2dt4,102,channel_k8,225011,baseline,True,0.9639097744360902,True,0.0,0.0,0.007870713084446479,False,0.001047777915744691,1.0,1.0
4,2dt4,102,channel_k16,225001,exact,False,0.975438596491228,True,0.0,0.0,0.008160261238384592,False,0.0007957920929190086,1.0,0.8
4,2dt4,102,channel_k16,225001,exact,True,0.9503759398496241,True,0.0,0.0,0.008160261238384592,False,0.0007560024882730581,1.0,0.8
4,2dt4,102,channel_k16,225001,baseline,False,0.9701754385964911,True,0.0,0.0,0.008181483627725417,False,0.0007783900062617515,1.0,0.8
4,2dt4,102,channel_k16,225001,baseline,True,0.9458646616541352,True,0.0,0.0,0.008181483627725417,False,0.0007394705059486639,1.0,0.8
4,2dt4,102,channel_k16,225011,exact,False,0.987719298245614,False,0.0004983649379946553,0.06426594525896791,0.007754728199926564,False,0.0006298482066259036,1.0,1.0
4,2dt4,102,channel_k16,225011,exact,True,0.9864661654135337,False,0.0004983649379946553,0.06426594525896791,0.007754728199926564,False,0.0005983557962946084,1.0,1.0
4,2dt4,102,channel_k16,225011,baseline,False,0.9912280701754386,False,0.0006422557369711313,0.0816007050543247,0.007870713084446479,False,0.0006348517727801445,1.0,1.0
4,2dt4,102,channel_k16,225011,baseline,True,0.9894736842105262,False,0.0006422557369711313,0.0816007050543247,0.007870713084446479,False,0.0006031091841411373,1.0,1.0
4,2dt4,102,channel_k32,225001,exact,False,0.9859649122807018,True,0.0,0.0,0.008160261238384592,False,0.0002619043321984938,1.0,1.0
4,2dt4,102,channel_k32,225001,exact,True,0.9774436090225563,True,0.0,0.0,0.008160261238384592,False,0.0002488091155885691,1.0,1.0
4,2dt4,102,channel_k32,225001,baseline,False,0.9894736842105263,True,0.0,0.0,0.008181483627725417,False,0.0002553679176827227,1.0,1.0
4,2dt4,102,channel_k32,225001,baseline,True,0.9804511278195487,True,0.0,0.0,0.008181483627725417,False,0.00024259952179858657,1.0,1.0
4,2dt4,102,channel_k32,225011,exact,False,0.9929824561403509,True,0.0,0.0,0.007754728199926564,False,0.0002356150847135071,1.0,1.0
4,2dt4,102,channel_k32,225011,exact,True,0.993984962406015,True,0.0,0.0,0.007754728199926564,False,0.00022383433047783174,1.0,1.0
4,2dt4,102,channel_k32,225011,baseline,False,0.9947368421052631,True,0.0,0.0,0.007870713084446479,False,0.0002424723108640766,1.0,1.0
4,2dt4,102,channel_k32,225011,baseline,True,0.9954887218045112,True,0.0,0.0,0.007870713084446479,False,0.00023034869532087278,1.0,1.0
4,2dt4,102,channel_k64,225001,exact,False,0.9982456140350877,True,0.0,0.0,0.008160261238384592,False,6.2021634726248e-05,1.0,1.0
4,2dt4,102,channel_k64,225001,exact,True,0.9969924812030074,True,0.0,0.0,0.008160261238384592,False,5.892055298993559e-05,1.0,1.0
4,2dt4,102,channel_k64,225001,baseline,False,0.9947368421052631,True,0.0,0.0,0.008181483627725417,False,5.439079502031339e-05,1.0,1.0
4,2dt4,102,channel_k64,225001,baseline,True,0.9924812030075187,True,0.0,0.0,0.008181483627725417,False,5.1671255269297725e-05,1.0,1.0
4,2dt4,102,channel_k64,225011,exact,False,0.9964912280701754,True,0.0,0.0,0.007754728199926564,False,0.00010362286521249142,1.0,1.0
4,2dt4,102,channel_k64,225011,exact,True,0.9969924812030074,True,0.0,0.0,0.007754728199926564,False,9.844172195186685e-05,1.0,1.0
4,2dt4,102,channel_k64,225011,baseline,False,0.9982456140350877,True,0.0,0.0,0.007870713084446479,False,0.00010568872756353134,1.0,1.0
4,2dt4,102,channel_k64,225011,baseline,True,0.9984962406015038,True,0.0,0.0,0.007870713084446479,False,0.00010040429118535477,1.0,1.0
4,2dt4,102,channel_kfull,225001,exact,False,0.9964912280701754,True,0.0,0.0,0.008160261238384592,False,2.9191660197374887e-05,1.0,1.0
4,2dt4,102,channel_kfull,225001,exact,True,0.9969924812030074,True,0.0,0.0,0.008160261238384592,False,2.7732077187506144e-05,1.0,1.0
4,2dt4,102,channel_kfull,225001,baseline,False,1.0,True,0.0,0.0,0.008181483627725417,False,0.0,1.0,1.0
4,2dt4,102,channel_kfull,225001,baseline,True,1.0,True,0.0,0.0,0.008181483627725417,False,0.0,1.0,1.0
4,2dt4,102,channel_kfull,225011,exact,False,0.9982456140350877,True,0.0,0.0,0.007754728199926564,False,5.552918866138629e-05,1.0,1.0
4,2dt4,102,channel_kfull,225011,exact,True,0.9984962406015038,True,0.0,0.0,0.007754728199926564,False,5.275272922831697e-05,1.0,1.0
4,2dt4,102,channel_kfull,225011,baseline,False,1.0,True,0.0,0.0,0.007870713084446479,False,0.0,1.0,1.0
4,2dt4,102,channel_kfull,225011,baseline,True,1.0,True,0.0,0.0,0.007870713084446479,False,0.0,1.0,1.0
4,2dt4,102,shared_k0,225001,exact,False,0.6473684210526316,True,0.0,0.0,0.008160261238384592,False,0.0012175529142089473,1.0,0.6
4,2dt4,102,shared_k0,225001,exact,True,0.6511278195488721,True,0.0,0.0,0.008160261238384592,False,0.0011566752684985,1.0,0.6
4,2dt4,102,shared_k0,225001,baseline,False,0.6263157894736843,True,0.0,0.0,0.008181483627725417,False,0.001212847344077906,1.0,0.6
4,2dt4,102,shared_k0,225001,baseline,True,0.631578947368421,True,0.0,0.0,0.008181483627725417,False,0.0011522049768740105,1.0,0.6
4,2dt4,102,shared_k0,225011,exact,False,0.8140350877192982,False,0.0006933564351446209,0.08941079780864361,0.007754728199926564,False,0.0014950918203893305,0.6666666666666666,0.8
4,2dt4,102,shared_k0,225011,exact,True,0.7924812030075187,False,0.0006933564351446209,0.08941079780864361,0.007754728199926564,False,0.001420337229369864,0.6666666666666666,0.8
4,2dt4,102,shared_k0,225011,baseline,False,0.8263157894736841,False,0.0008022376794644126,0.10192693735078914,0.007870713084446479,False,0.0014956058741634572,0.6666666666666666,0.8
4,2dt4,102,shared_k0,225011,baseline,True,0.8045112781954886,False,0.0008022376794644126,0.10192693735078914,0.007870713084446479,False,0.0014208255804552844,0.6666666666666666,0.8
4,2dt4,102,shared_k4,225001,exact,False,0.8491228070175438,True,0.0,0.0,0.008160261238384592,False,0.0009686810394749384,1.0,0.8
4,2dt4,102,shared_k4,225001,exact,True,0.8390977443609022,True,0.0,0.0,0.008160261238384592,False,0.0009202469875011915,1.0,0.8
4,2dt4,102,shared_k4,225001,baseline,False,0.8280701754385964,True,0.0,0.0,0.008181483627725417,False,0.0009654233457351514,1.0,0.8
4,2dt4,102,shared_k4,225001,baseline,True,0.819548872180451,True,0.0,0.0,0.008181483627725417,False,0.0009171521784483938,1.0,0.8
4,2dt4,102,shared_k4,225011,exact,False,0.8403508771929825,False,0.0004983649379946553,0.06426594525896791,0.007754728199926564,False,0.0015934802777640524,0.6666666666666666,1.0
4,2dt4,102,shared_k4,225011,exact,True,0.8090225563909773,False,0.0004983649379946553,0.06426594525896791,0.007754728199926564,False,0.00151380626387585,0.6666666666666666,1.0
4,2dt4,102,shared_k4,225011,baseline,False,0.8508771929824561,False,0.0006422557369711313,0.0816007050543247,0.007870713084446479,False,0.0015976995913118642,0.6666666666666666,1.0
4,2dt4,102,shared_k4,225011,baseline,True,0.819548872180451,False,0.0006422557369711313,0.0816007050543247,0.007870713084446479,False,0.001517814611746271,0.6666666666666666,1.0
4,2dt4,102,shared_k8,225001,exact,False,0.8105263157894737,True,0.0,0.0,0.008160261238384592,False,0.0011528804313790664,1.0,0.6
4,2dt4,102,shared_k8,225001,exact,True,0.7744360902255639,True,0.0,0.0,0.008160261238384592,False,0.001095236409810113,1.0,0.6
4,2dt4,102,shared_k8,225001,baseline,False,0.7894736842105263,True,0.0,0.0,0.008181483627725417,False,0.001143547565095011,1.0,0.6
4,2dt4,102,shared_k8,225001,baseline,True,0.7548872180451127,True,0.0,0.0,0.008181483627725417,False,0.0010863701868402604,1.0,0.6
4,2dt4,102,shared_k8,225011,exact,False,0.882456140350877,False,0.0004983649379946553,0.06426594525896791,0.007754728199926564,False,0.0015283024430317886,1.0,0.8
4,2dt4,102,shared_k8,225011,exact,True,0.8616541353383457,False,0.0004983649379946553,0.06426594525896791,0.007754728199926564,False,0.0014518873208801992,1.0,0.8
4,2dt4,102,shared_k8,225011,baseline,False,0.8894736842105263,False,0.0006422557369711313,0.0816007050543247,0.007870713084446479,False,0.0015325217565796002,1.0,0.8
4,2dt4,102,shared_k8,225011,baseline,True,0.8676691729323308,False,0.0006422557369711313,0.0816007050543247,0.007870713084446479,False,0.0014558956687506202,1.0,0.8
4,2dt4,102,shared_k16,225001,exact,False,0.8017543859649122,True,0.0,0.0,0.008160261238384592,False,0.0010785569293459418,1.0,0.6
4,2dt4,102,shared_k16,225001,exact,True,0.7729323308270677,True,0.0,0.0,0.008160261238384592,False,0.0010246290828786447,1.0,0.6
4,2dt4,102,shared_k16,225001,baseline,False,0.7824561403508771,True,0.0,0.0,0.008181483627725417,False,0.001059403454774592,1.0,0.6
4,2dt4,102,shared_k16,225001,baseline,True,0.7548872180451127,True,0.0,0.0,0.008181483627725417,False,0.0010064332820358623,1.0,0.6
4,2dt4,102,shared_k16,225011,exact,False,0.9070175438596491,False,0.0006933564351446209,0.08941079780864361,0.007754728199926564,False,0.001460199681550969,0.6666666666666666,0.8
4,2dt4,102,shared_k16,225011,exact,True,0.8962406015037594,False,0.0006933564351446209,0.08941079780864361,0.007754728199926564,False,0.0013871896974734204,0.6666666666666666,0.8
4,2dt4,102,shared_k16,225011,baseline,False,0.9175438596491228,False,0.0008022376794644126,0.10192693735078914,0.007870713084446479,False,0.0014659698522442983,0.6666666666666666,0.8
4,2dt4,102,shared_k16,225011,baseline,True,0.9052631578947368,False,0.0008022376794644126,0.10192693735078914,0.007870713084446479,False,0.0013926713596320833,0.6666666666666666,0.8
4,2dt4,102,shared_k32,225001,exact,False,0.863157894736842,True,0.0,0.0,0.008160261238384592,False,0.0008587177848755038,1.0,0.8
4,2dt4,102,shared_k32,225001,exact,True,0.8421052631578947,True,0.0,0.0,0.008160261238384592,False,0.0008157818956317286,1.0,0.8
4,2dt4,102,shared_k32,225001,baseline,False,0.8473684210526315,True,0.0,0.0,0.008181483627725417,False,0.0008609726511295195,1.0,0.8
4,2dt4,102,shared_k32,225001,baseline,True,0.8270676691729323,True,0.0,0.0,0.008181483627725417,False,0.0008179240185730435,1.0,0.8
4,2dt4,102,shared_k32,225011,exact,False,0.9491228070175438,False,0.0006933564351446209,0.08941079780864361,0.007754728199926564,False,0.001225591807881951,0.6666666666666666,0.8
4,2dt4,102,shared_k32,225011,exact,True,0.9368421052631578,False,0.0006933564351446209,0.08941079780864361,0.007754728199926564,False,0.0011643122174878535,0.6666666666666666,0.8
4,2dt4,102,shared_k32,225011,baseline,False,0.9526315789473684,False,0.0008022376794644126,0.10192693735078914,0.007870713084446479,False,0.0012326338525393582,0.6666666666666666,0.8
4,2dt4,102,shared_k32,225011,baseline,True,0.9398496240601503,False,0.0008022376794644126,0.10192693735078914,0.007870713084446479,False,0.0011710021599123904,0.6666666666666666,0.8
4,2dt4,102,shared_k64,225001,exact,False,0.9649122807017543,True,0.0,0.0,0.008160261238384592,False,0.00038106408555073427,1.0,0.8
4,2dt4,102,shared_k64,225001,exact,True,0.9609022556390976,True,0.0,0.0,0.008160261238384592,False,0.0003620108812731976,1.0,0.8
4,2dt4,102,shared_k64,225001,baseline,False,0.9596491228070174,True,0.0,0.0,0.008181483627725417,False,0.00038772366338918633,1.0,0.8
4,2dt4,102,shared_k64,225001,baseline,True,0.9548872180451128,True,0.0,0.0,0.008181483627725417,False,0.000368337480219727,1.0,0.8
4,2dt4,102,shared_k64,225011,exact,False,0.9929824561403509,True,0.0,0.0,0.007754728199926564,False,0.0005447860879726193,1.0,1.0
4,2dt4,102,shared_k64,225011,exact,True,0.9894736842105262,True,0.0,0.0,0.007754728199926564,False,0.0005175467835739883,1.0,1.0
4,2dt4,102,shared_k64,225011,baseline,False,0.9947368421052631,True,0.0,0.0,0.007870713084446479,False,0.0005508999516458492,1.0,1.0
4,2dt4,102,shared_k64,225011,baseline,True,0.9909774436090225,True,0.0,0.0,0.007870713084446479,False,0.0005233549540635569,1.0,1.0
4,2dt4,102,shared_kfull,225001,exact,False,0.9964912280701754,True,0.0,0.0,0.008160261238384592,False,2.9191660197374887e-05,1.0,1.0
4,2dt4,102,shared_kfull,225001,exact,True,0.9969924812030074,True,0.0,0.0,0.008160261238384592,False,2.7732077187506144e-05,1.0,1.0
4,2dt4,102,shared_kfull,225001,baseline,False,1.0,True,0.0,0.0,0.008181483627725417,False,0.0,1.0,1.0
4,2dt4,102,shared_kfull,225001,baseline,True,1.0,True,0.0,0.0,0.008181483627725417,False,0.0,1.0,1.0
4,2dt4,102,shared_kfull,225011,exact,False,0.9982456140350877,True,0.0,0.0,0.007754728199926564,False,5.552918866138629e-05,1.0,1.0
4,2dt4,102,shared_kfull,225011,exact,True,0.9984962406015038,True,0.0,0.0,0.007754728199926564,False,5.275272922831697e-05,1.0,1.0
4,2dt4,102,shared_kfull,225011,baseline,False,1.0,True,0.0,0.0,0.007870713084446479,False,0.0,1.0,1.0
4,2dt4,102,shared_kfull,225011,baseline,True,1.0,True,0.0,0.0,0.007870713084446479,False,0.0,1.0,1.0
1,2vkj,15,baseline,225001,exact,False,0.9964912280701754,True,0.0,0.0,3.192755336004992,False,0.0011405639652729005,1.0,0.8
1,2vkj,15,baseline,225001,exact,True,0.9969924812030074,True,0.0,0.0,3.192755336004992,False,0.0010835357670092554,1.0,0.8
1,2vkj,15,baseline,225001,baseline,False,1.0,True,0.0,0.0,3.19346107660129,False,0.0,1.0,1.0
1,2vkj,15,baseline,225001,baseline,True,1.0,True,0.0,0.0,3.19346107660129,False,0.0,1.0,1.0
1,2vkj,15,baseline,225011,exact,False,1.0,True,0.0,0.0,3.09664554073946,False,0.0017528094262146496,1.0,1.0
1,2vkj,15,baseline,225011,exact,True,1.0,True,0.0,0.0,3.09664554073946,False,0.0016651689549039173,1.0,1.0
1,2vkj,15,baseline,225011,baseline,False,1.0,True,0.0,0.0,3.1004536493467345,False,0.0,1.0,1.0
1,2vkj,15,baseline,225011,baseline,True,1.0,True,0.0,0.0,3.1004536493467345,False,0.0,1.0,1.0
1,2vkj,15,channel_k0,225001,exact,False,0.014035087719298246,False,3.192755336004992,1.0,3.192755336004992,False,0.27630620599600464,0.0,0.4
1,2vkj,15,channel_k0,225001,exact,True,0.007518796992481202,False,3.192755336004992,1.0,3.192755336004992,False,0.2624908956962044,0.0,0.4
1,2vkj,15,channel_k0,225001,baseline,False,0.0035087719298245615,False,3.19346107660129,1.0,3.19346107660129,False,0.2756363820989951,0.0,0.2
1,2vkj,15,channel_k0,225001,baseline,True,-0.0015037593984962405,False,3.19346107660129,1.0,3.19346107660129,False,0.2618545629940453,0.0,0.2
1,2vkj,15,channel_k0,225011,exact,False,0.22807017543859648,True,0.0,0.0,3.09664554073946,False,0.397649436321524,0.3333333333333333,0.4
1,2vkj,15,channel_k0,225011,exact,True,0.26315789473684204,True,0.0,0.0,3.09664554073946,False,0.37776696450544783,0.3333333333333333,0.4
1,2vkj,15,channel_k0,225011,baseline,False,0.22807017543859648,True,0.0,0.0,3.1004536493467345,False,0.3977956555381371,0.3333333333333333,0.4
1,2vkj,15,channel_k0,225011,baseline,True,0.26315789473684204,True,0.0,0.0,3.1004536493467345,False,0.3779058727612302,0.3333333333333333,0.4
1,2vkj,15,channel_k4,225001,exact,False,0.943859649122807,True,0.0,0.0,3.192755336004992,False,0.06880923116721051,0.6666666666666666,1.0
1,2vkj,15,channel_k4,225001,exact,True,0.9293233082706768,True,0.0,0.0,3.192755336004992,False,0.06536876960884999,0.6666666666666666,1.0
1,2vkj,15,channel_k4,225001,baseline,False,0.9456140350877192,True,0.0,0.0,3.19346107660129,False,0.06813552277994102,0.6666666666666666,0.8
1,2vkj,15,channel_k4,225001,baseline,True,0.932330827067669,True,0.0,0.0,3.19346107660129,False,0.06472874664094397,0.6666666666666666,0.8
1,2vkj,15,channel_k4,225011,exact,False,0.9263157894736841,True,0.0,0.0,3.09664554073946,False,0.08925756386184575,0.3333333333333333,0.6
1,2vkj,15,channel_k4,225011,exact,True,0.9157894736842105,True,0.0,0.0,3.09664554073946,False,0.08479468566875345,0.3333333333333333,0.6
1,2vkj,15,channel_k4,225011,baseline,False,0.9263157894736841,True,0.0,0.0,3.1004536493467345,False,0.08946148373489556,0.3333333333333333,0.6
1,2vkj,15,channel_k4,225011,baseline,True,0.9157894736842105,True,0.0,0.0,3.1004536493467345,False,0.08498840954815078,0.3333333333333333,0.6
1,2vkj,15,channel_k8,225001,exact,False,0.9824561403508772,True,0.0,0.0,3.192755336004992,False,0.025351485529978023,1.0,1.0
1,2vkj,15,channel_k8,225001,exact,True,0.9774436090225563,True,0.0,0.0,3.192755336004992,False,0.02408391125347912,1.0,1.0
1,2vkj,15,channel_k8,225001,baseline,False,0.980701754385965,True,0.0,0.0,3.19346107660129,False,0.025152973444450784,1.0,0.8
1,2vkj,15,channel_k8,225001,baseline,True,0.9759398496240601,True,0.0,0.0,3.19346107660129,False,0.023895324772228242,1.0,0.8
1,2vkj,15,channel_k8,225011,exact,False,0.9578947368421052,True,0.0,0.0,3.09664554073946,False,0.0371314391309241,0.6666666666666666,0.8
1,2vkj,15,channel_k8,225011,exact,True,0.9609022556390976,True,0.0,0.0,3.09664554073946,False,0.035274867174377895,0.6666666666666666,1.0
1,2vkj,15,channel_k8,225011,baseline,False,0.9578947368421052,True,0.0,0.0,3.1004536493467345,False,0.037307662430339505,0.6666666666666666,0.8
1,2vkj,15,channel_k8,225011,baseline,True,0.9609022556390976,True,0.0,0.0,3.1004536493467345,False,0.03544227930882253,0.6666666666666666,1.0
1,2vkj,15,channel_k16,225001,exact,False,0.9982456140350877,True,0.0,0.0,3.192755336004992,False,0.007573560681493738,1.0,1.0
1,2vkj,15,channel_k16,225001,exact,True,0.9984962406015038,True,0.0,0.0,3.192755336004992,False,0.007194882647419051,1.0,1.0
1,2vkj,15,channel_k16,225001,baseline,False,0.9982456140350877,True,0.0,0.0,3.19346107660129,False,0.007647427407837339,1.0,0.8
1,2vkj,15,channel_k16,225001,baseline,True,0.9984962406015038,True,0.0,0.0,3.19346107660129,False,0.007265056037445472,1.0,0.8
1,2vkj,15,channel_k16,225011,exact,False,0.9982456140350877,True,0.0,0.0,3.09664554073946,False,0.007747724868331962,1.0,0.8
1,2vkj,15,channel_k16,225011,exact,True,0.9984962406015038,True,0.0,0.0,3.09664554073946,False,0.0073603386249153635,1.0,1.0
1,2vkj,15,channel_k16,225011,baseline,False,0.9982456140350877,True,0.0,0.0,3.1004536493467345,False,0.00838425941572431,1.0,0.8
1,2vkj,15,channel_k16,225011,baseline,True,0.9984962406015038,True,0.0,0.0,3.1004536493467345,False,0.007965046444938095,1.0,1.0
1,2vkj,15,channel_k32,225001,exact,False,0.9982456140350877,True,0.0,0.0,3.192755336004992,False,0.0018596739856922679,1.0,1.0
1,2vkj,15,channel_k32,225001,exact,True,0.9984962406015038,True,0.0,0.0,3.192755336004992,False,0.0017666902864076546,1.0,1.0
1,2vkj,15,channel_k32,225001,baseline,False,0.9982456140350877,True,0.0,0.0,3.19346107660129,False,0.002053011438251148,1.0,0.8
1,2vkj,15,channel_k32,225001,baseline,True,0.9984962406015038,True,0.0,0.0,3.19346107660129,False,0.0019503608663385907,1.0,0.8
1,2vkj,15,channel_k32,225011,exact,False,0.9982456140350877,True,0.0,0.0,3.09664554073946,False,0.004550488826530495,1.0,1.0
1,2vkj,15,channel_k32,225011,exact,True,0.9984962406015038,True,0.0,0.0,3.09664554073946,False,0.00432296438520397,1.0,1.0
1,2vkj,15,channel_k32,225011,baseline,False,0.9982456140350877,True,0.0,0.0,3.1004536493467345,False,0.0037957325378805053,1.0,1.0
1,2vkj,15,channel_k32,225011,baseline,True,0.9984962406015038,True,0.0,0.0,3.1004536493467345,False,0.00360594591098648,1.0,1.0
1,2vkj,15,channel_k64,225001,exact,False,0.9964912280701754,True,0.0,0.0,3.192755336004992,False,0.0012510160270793528,1.0,0.8
1,2vkj,15,channel_k64,225001,exact,True,0.9969924812030074,True,0.0,0.0,3.192755336004992,False,0.0011884652257253853,1.0,0.8
1,2vkj,15,channel_k64,225001,baseline,False,1.0,True,0.0,0.0,3.19346107660129,False,0.00044645811220352176,1.0,1.0
1,2vkj,15,channel_k64,225001,baseline,True,1.0,True,0.0,0.0,3.19346107660129,False,0.0004241352065933457,1.0,1.0
1,2vkj,15,channel_k64,225011,exact,False,1.0,True,0.0,0.0,3.09664554073946,False,0.001829883253632384,1.0,1.0
1,2vkj,15,channel_k64,225011,exact,True,1.0,True,0.0,0.0,3.09664554073946,False,0.0017383890909507648,1.0,1.0
1,2vkj,15,channel_k64,225011,baseline,False,1.0,True,0.0,0.0,3.1004536493467345,False,0.0008683754540719352,1.0,1.0
1,2vkj,15,channel_k64,225011,baseline,True,1.0,True,0.0,0.0,3.1004536493467345,False,0.0008249566813683384,1.0,1.0
1,2vkj,15,channel_kfull,225001,exact,False,0.9964912280701754,True,0.0,0.0,3.192755336004992,False,0.0011405639652729005,1.0,0.8
1,2vkj,15,channel_kfull,225001,exact,True,0.9969924812030074,True,0.0,0.0,3.192755336004992,False,0.0010835357670092554,1.0,0.8
1,2vkj,15,channel_kfull,225001,baseline,False,1.0,True,0.0,0.0,3.19346107660129,False,0.0,1.0,1.0
1,2vkj,15,channel_kfull,225001,baseline,True,1.0,True,0.0,0.0,3.19346107660129,False,0.0,1.0,1.0
1,2vkj,15,channel_kfull,225011,exact,False,1.0,True,0.0,0.0,3.09664554073946,False,0.0017528094262146496,1.0,1.0
1,2vkj,15,channel_kfull,225011,exact,True,1.0,True,0.0,0.0,3.09664554073946,False,0.0016651689549039173,1.0,1.0
1,2vkj,15,channel_kfull,225011,baseline,False,1.0,True,0.0,0.0,3.1004536493467345,False,0.0,1.0,1.0
1,2vkj,15,channel_kfull,225011,baseline,True,1.0,True,0.0,0.0,3.1004536493467345,False,0.0,1.0,1.0
1,2vkj,15,shared_k0,225001,exact,False,0.014035087719298246,False,3.192755336004992,1.0,3.192755336004992,False,0.27630620599600464,0.0,0.4
1,2vkj,15,shared_k0,225001,exact,True,0.007518796992481202,False,3.192755336004992,1.0,3.192755336004992,False,0.2624908956962044,0.0,0.4
1,2vkj,15,shared_k0,225001,baseline,False,0.0035087719298245615,False,3.19346107660129,1.0,3.19346107660129,False,0.2756363820989951,0.0,0.2
1,2vkj,15,shared_k0,225001,baseline,True,-0.0015037593984962405,False,3.19346107660129,1.0,3.19346107660129,False,0.2618545629940453,0.0,0.2
1,2vkj,15,shared_k0,225011,exact,False,0.22807017543859648,True,0.0,0.0,3.09664554073946,False,0.397649436321524,0.3333333333333333,0.4
1,2vkj,15,shared_k0,225011,exact,True,0.26315789473684204,True,0.0,0.0,3.09664554073946,False,0.37776696450544783,0.3333333333333333,0.4
1,2vkj,15,shared_k0,225011,baseline,False,0.22807017543859648,True,0.0,0.0,3.1004536493467345,False,0.3977956555381371,0.3333333333333333,0.4
1,2vkj,15,shared_k0,225011,baseline,True,0.26315789473684204,True,0.0,0.0,3.1004536493467345,False,0.3779058727612302,0.3333333333333333,0.4
1,2vkj,15,shared_k4,225001,exact,False,0.736842105263158,False,0.0919129968641158,0.028787986297479355,3.192755336004992,False,0.1631759778342466,0.6666666666666666,0.8
1,2vkj,15,shared_k4,225001,exact,True,0.7218045112781954,False,0.0919129968641158,0.028787986297479355,3.192755336004992,False,0.15501717894253425,0.6666666666666666,0.8
1,2vkj,15,shared_k4,225001,baseline,False,0.7350877192982455,False,0.09140711981482136,0.028623214005821972,3.19346107660129,False,0.1625022694469771,0.6666666666666666,0.6
1,2vkj,15,shared_k4,225001,baseline,True,0.7203007518796991,False,0.09140711981482136,0.028623214005821972,3.19346107660129,False,0.15437715597462826,0.6666666666666666,0.6
1,2vkj,15,shared_k4,225011,exact,False,0.7298245614035088,False,0.11561098332011155,0.0373342643835511,3.09664554073946,False,0.21823615560518567,0.3333333333333333,0.4
1,2vkj,15,shared_k4,225011,exact,True,0.724812030075188,False,0.11561098332011155,0.0373342643835511,3.09664554073946,False,0.2073243478249264,0.3333333333333333,0.4
1,2vkj,15,shared_k4,225011,baseline,False,0.7298245614035088,False,0.11892138960477117,0.0383561256043379,3.1004536493467345,False,0.21838237482179865,0.3333333333333333,0.4
1,2vkj,15,shared_k4,225011,baseline,True,0.724812030075188,False,0.11892138960477117,0.0383561256043379,3.1004536493467345,False,0.20746325608070873,0.3333333333333333,0.4
1,2vkj,15,shared_k8,225001,exact,False,0.8982456140350877,False,0.0919129968641158,0.028787986297479355,3.192755336004992,False,0.09058202145400784,0.6666666666666666,1.0
1,2vkj,15,shared_k8,225001,exact,True,0.882706766917293,False,0.0919129968641158,0.028787986297479355,3.192755336004992,False,0.08605292038130745,0.6666666666666666,1.0
1,2vkj,15,shared_k8,225001,baseline,False,0.8947368421052632,False,0.09140711981482136,0.028623214005821972,3.19346107660129,False,0.08991219755699835,0.6666666666666666,0.8
1,2vkj,15,shared_k8,225001,baseline,True,0.8812030075187969,False,0.09140711981482136,0.028623214005821972,3.19346107660129,False,0.08541658767914843,0.6666666666666666,0.8
1,2vkj,15,shared_k8,225011,exact,False,0.8526315789473684,True,0.0,0.0,3.09664554073946,False,0.1442389258492943,0.3333333333333333,0.4
1,2vkj,15,shared_k8,225011,exact,True,0.8406015037593983,True,0.0,0.0,3.09664554073946,False,0.13702697955682958,0.3333333333333333,0.6
1,2vkj,15,shared_k8,225011,baseline,False,0.8526315789473684,True,0.0,0.0,3.1004536493467345,False,0.14388507275772397,0.3333333333333333,0.4
1,2vkj,15,shared_k8,225011,baseline,True,0.8406015037593983,True,0.0,0.0,3.1004536493467345,False,0.13669081911983777,0.3333333333333333,0.6
1,2vkj,15,shared_k16,225001,exact,False,0.9473684210526316,True,0.0,0.0,3.192755336004992,False,0.04112302121062916,0.6666666666666666,0.8
1,2vkj,15,shared_k16,225001,exact,True,0.9353383458646616,True,0.0,0.0,3.192755336004992,False,0.0390668701500977,0.6666666666666666,0.8
1,2vkj,15,shared_k16,225001,baseline,False,0.9473684210526316,True,0.0,0.0,3.19346107660129,False,0.040499832624329817,0.6666666666666666,0.8
1,2vkj,15,shared_k16,225001,baseline,True,0.9368421052631578,True,0.0,0.0,3.19346107660129,False,0.038474840993113324,0.6666666666666666,0.8
1,2vkj,15,shared_k16,225011,exact,False,0.9245614035087718,True,0.0,0.0,3.09664554073946,False,0.06825878302914824,0.3333333333333333,0.6
1,2vkj,15,shared_k16,225011,exact,True,0.9218045112781955,True,0.0,0.0,3.09664554073946,False,0.06484584387769084,0.3333333333333333,0.8
1,2vkj,15,shared_k16,225011,baseline,False,0.9245614035087718,True,0.0,0.0,3.1004536493467345,False,0.06747398311499732,0.3333333333333333,0.6
1,2vkj,15,shared_k16,225011,baseline,True,0.9218045112781955,True,0.0,0.0,3.1004536493467345,False,0.06410028395924745,0.3333333333333333,0.8
1,2vkj,15,shared_k32,225001,exact,False,0.9912280701754386,True,0.0,0.0,3.192755336004992,False,0.01769202120162275,1.0,1.0
1,2vkj,15,shared_k32,225001,exact,True,0.9879699248120299,True,0.0,0.0,3.192755336004992,False,0.01680742014154161,1.0,1.0
1,2vkj,15,shared_k32,225001,baseline,False,0.9894736842105263,True,0.0,0.0,3.19346107660129,False,0.01728460647849024,1.0,0.8
1,2vkj,15,shared_k32,225001,baseline,True,0.9864661654135337,True,0.0,0.0,3.19346107660129,False,0.01642037615456573,1.0,0.8
1,2vkj,15,shared_k32,225011,exact,False,0.9982456140350877,True,0.0,0.0,3.09664554073946,False,0.017472112231460016,1.0,1.0
1,2vkj,15,shared_k32,225011,exact,True,0.9984962406015038,True,0.0,0.0,3.09664554073946,False,0.016598506619887016,1.0,1.0
1,2vkj,15,shared_k32,225011,baseline,False,0.9982456140350877,True,0.0,0.0,3.1004536493467345,False,0.017046427705343415,1.0,1.0
1,2vkj,15,shared_k32,225011,baseline,True,0.9984962406015038,True,0.0,0.0,3.1004536493467345,False,0.016194106320076247,1.0,1.0
1,2vkj,15,shared_k64,225001,exact,False,0.9947368421052631,True,0.0,0.0,3.192755336004992,False,0.0035625737136684038,1.0,0.8
1,2vkj,15,shared_k64,225001,exact,True,0.9954887218045112,True,0.0,0.0,3.192755336004992,False,0.0033844450279849835,1.0,0.8
1,2vkj,15,shared_k64,225001,baseline,False,0.9982456140350877,True,0.0,0.0,3.19346107660129,False,0.003463415279668042,1.0,1.0
1,2vkj,15,shared_k64,225001,baseline,True,0.9984962406015038,True,0.0,0.0,3.19346107660129,False,0.00329024451568464,1.0,1.0
1,2vkj,15,shared_k64,225011,exact,False,1.0,True,0.0,0.0,3.09664554073946,False,0.0071738653792882716,1.0,1.0
1,2vkj,15,shared_k64,225011,exact,True,1.0,True,0.0,0.0,3.09664554073946,False,0.006815172110323858,1.0,1.0
1,2vkj,15,shared_k64,225011,baseline,False,1.0,True,0.0,0.0,3.1004536493467345,False,0.006679664593196302,1.0,1.0
1,2vkj,15,shared_k64,225011,baseline,True,1.0,True,0.0,0.0,3.1004536493467345,False,0.006345681363536487,1.0,1.0
1,2vkj,15,shared_kfull,225001,exact,False,0.9964912280701754,True,0.0,0.0,3.192755336004992,False,0.0011405639652729005,1.0,0.8
1,2vkj,15,shared_kfull,225001,exact,True,0.9969924812030074,True,0.0,0.0,3.192755336004992,False,0.0010835357670092554,1.0,0.8
1,2vkj,15,shared_kfull,225001,baseline,False,1.0,True,0.0,0.0,3.19346107660129,False,0.0,1.0,1.0
1,2vkj,15,shared_kfull,225001,baseline,True,1.0,True,0.0,0.0,3.19346107660129,False,0.0,1.0,1.0
1,2vkj,15,shared_kfull,225011,exact,False,1.0,True,0.0,0.0,3.09664554073946,False,0.0017528094262146496,1.0,1.0
1,2vkj,15,shared_kfull,225011,exact,True,1.0,True,0.0,0.0,3.09664554073946,False,0.0016651689549039173,1.0,1.0
1,2vkj,15,shared_kfull,225011,baseline,False,1.0,True,0.0,0.0,3.1004536493467345,False,0.0,1.0,1.0
1,2vkj,15,shared_kfull,225011,baseline,True,1.0,True,0.0,0.0,3.1004536493467345,False,0.0,1.0,1.0
4,2dt4,42,baseline,225001,exact,False,0.9982456140350877,True,0.0,0.0,0.014801299526948752,False,2.7108396054535032e-05,1.0,1.0
4,2dt4,42,baseline,225001,exact,True,0.9984962406015038,True,0.0,0.0,0.014801299526948752,False,2.575297625180828e-05,1.0,1.0
4,2dt4,42,baseline,225001,baseline,False,1.0,True,0.0,0.0,0.014813709431936661,False,0.0,1.0,1.0
4,2dt4,42,baseline,225001,baseline,True,1.0,True,0.0,0.0,0.014813709431936661,False,0.0,1.0,1.0
4,2dt4,42,baseline,225011,exact,False,1.0,True,0.0,0.0,0.014993827137295801,False,7.331451204618591e-05,1.0,1.0
4,2dt4,42,baseline,225011,exact,True,1.0,True,0.0,0.0,0.014993827137295801,False,6.964878644387662e-05,1.0,1.0
4,2dt4,42,baseline,225011,baseline,False,1.0,True,0.0,0.0,0.014885536400895627,False,0.0,1.0,1.0
4,2dt4,42,baseline,225011,baseline,True,1.0,True,0.0,0.0,0.014885536400895627,False,0.0,1.0,1.0
4,2dt4,42,channel_k0,225001,exact,False,0.2789473684210526,False,0.003525847207969335,0.23821200304404477,0.014801299526948752,False,0.0033932699968201295,0.6666666666666666,0.4
4,2dt4,42,channel_k0,225001,exact,True,0.2571428571428572,False,0.003525847207969335,0.23821200304404477,0.014801299526948752,False,0.0032236064969791227,0.6666666666666666,0.4
4,2dt4,42,channel_k0,225001,baseline,False,0.28421052631578947,False,0.0035161148547950827,0.23735546258351345,0.014813709431936661,False,0.0033897230016530513,0.6666666666666666,0.4
4,2dt4,42,channel_k0,225001,baseline,True,0.26315789473684204,False,0.0035161148547950827,0.23735546258351345,0.014813709431936661,False,0.003220236851570399,0.6666666666666666,0.4
4,2dt4,42,channel_k0,225011,exact,False,0.38596491228070173,False,0.001274775006813833,0.08501998823522144,0.014993827137295801,False,0.0038347622189652555,0.0,0.4
4,2dt4,42,channel_k0,225011,exact,True,0.3609022556390977,False,0.001274775006813833,0.08501998823522144,0.014993827137295801,False,0.003643024108016993,0.0,0.2
4,2dt4,42,channel_k0,225011,baseline,False,0.38596491228070173,False,0.0011442697925971301,0.0768712501706208,0.014885536400895627,False,0.003866834263841873,0.0,0.4
4,2dt4,42,channel_k0,225011,baseline,True,0.3609022556390977,False,0.0011442697925971301,0.0768712501706208,0.014885536400895627,False,0.003673492550649779,0.0,0.2
4,2dt4,42,channel_k4,225001,exact,False,0.8175438596491227,True,0.0,0.0,0.014801299526948752,False,0.0016241728274566088,0.6666666666666666,0.8
4,2dt4,42,channel_k4,225001,exact,True,0.8075187969924811,True,0.0,0.0,0.014801299526948752,False,0.0015429641860837783,0.6666666666666666,0.8
4,2dt4,42,channel_k4,225001,baseline,False,0.8157894736842105,True,0.0,0.0,0.014813709431936661,False,0.001627814367879352,0.6666666666666666,0.8
4,2dt4,42,channel_k4,225001,baseline,True,0.806015037593985,True,0.0,0.0,0.014813709431936661,False,0.0015464236494853844,0.6666666666666666,0.8
4,2dt4,42,channel_k4,225011,exact,False,0.9017543859649122,False,0.0014662683667707732,0.09779146800509404,0.014993827137295801,False,0.0017138825878323792,0.3333333333333333,0.8
4,2dt4,42,channel_k4,225011,exact,True,0.8962406015037594,False,0.0014662683667707732,0.09779146800509404,0.014993827137295801,False,0.0016281884584407602,0.3333333333333333,0.8
4,2dt4,42,channel_k4,225011,baseline,False,0.9017543859649122,False,0.0013011391414371465,0.08740962410725488,0.014885536400895627,False,0.0017208897348882763,0.3333333333333333,0.8
4,2dt4,42,channel_k4,225011,baseline,True,0.8962406015037594,False,0.0013011391414371465,0.08740962410725488,0.014885536400895627,False,0.0016348452481438625,0.3333333333333333,0.8
4,2dt4,42,channel_k8,225001,exact,False,0.8842105263157896,True,0.0,0.0,0.014801299526948752,False,0.0014043692243027857,1.0,0.8
4,2dt4,42,channel_k8,225001,exact,True,0.8781954887218045,True,0.0,0.0,0.014801299526948752,False,0.0013341507630876465,1.0,0.8
4,2dt4,42,channel_k8,225001,baseline,False,0.8771929824561402,True,0.0,0.0,0.014813709431936661,False,0.0014119267730457932,1.0,0.8
4,2dt4,42,channel_k8,225001,baseline,True,0.8706766917293233,True,0.0,0.0,0.014813709431936661,False,0.0013413304343935033,1.0,0.8
4,2dt4,42,channel_k8,225011,exact,False,0.9052631578947368,False,0.0014662683667707732,0.09779146800509404,0.014993827137295801,False,0.0013033742528336988,0.6666666666666666,0.6
4,2dt4,42,channel_k8,225011,exact,True,0.900751879699248,False,0.0014662683667707732,0.09779146800509404,0.014993827137295801,False,0.001238205540192014,0.6666666666666666,0.6
4,2dt4,42,channel_k8,225011,baseline,False,0.9052631578947368,False,0.0013011391414371465,0.08740962410725488,0.014885536400895627,False,0.0013257051369910955,0.6666666666666666,0.6
4,2dt4,42,channel_k8,225011,baseline,True,0.900751879699248,False,0.0013011391414371465,0.08740962410725488,0.014885536400895627,False,0.0012594198801415407,0.6666666666666666,0.6
4,2dt4,42,channel_k16,225001,exact,False,0.9578947368421052,True,0.0,0.0,0.014801299526948752,False,0.000905571998813257,1.0,0.8
4,2dt4,42,channel_k16,225001,exact,True,0.9503759398496241,True,0.0,0.0,0.014801299526948752,False,0.0008602933988725942,1.0,0.8
4,2dt4,42,channel_k16,225001,baseline,False,0.9543859649122807,True,0.0,0.0,0.014813709431936661,False,0.0009069764164645597,1.0,0.8
4,2dt4,42,channel_k16,225001,baseline,True,0.9473684210526315,True,0.0,0.0,0.014813709431936661,False,0.0008616275956413316,1.0,0.8
4,2dt4,42,channel_k16,225011,exact,False,0.9526315789473684,True,0.0,0.0,0.014993827137295801,False,0.0009681233068265399,1.0,0.8
4,2dt4,42,channel_k16,225011,exact,True,0.956390977443609,True,0.0,0.0,0.014993827137295801,False,0.0009197171414852129,1.0,0.8
4,2dt4,42,channel_k16,225011,baseline,False,0.9526315789473684,True,0.0,0.0,0.014885536400895627,False,0.001000804274733512,1.0,0.8
4,2dt4,42,channel_k16,225011,baseline,True,0.956390977443609,True,0.0,0.0,0.014885536400895627,False,0.0009507640609968365,1.0,0.8
4,2dt4,42,channel_k32,225001,exact,False,0.987719298245614,True,0.0,0.0,0.014801299526948752,False,0.0003986409394144671,1.0,1.0
4,2dt4,42,channel_k32,225001,exact,True,0.9864661654135337,True,0.0,0.0,0.014801299526948752,False,0.00037870889244374375,1.0,1.0
4,2dt4,42,channel_k32,225001,baseline,False,0.9842105263157893,True,0.0,0.0,0.014813709431936661,False,0.00040684202177200605,1.0,1.0
4,2dt4,42,channel_k32,225001,baseline,True,0.9834586466165413,True,0.0,0.0,0.014813709431936661,False,0.00038649992068340576,1.0,1.0
4,2dt4,42,channel_k32,225011,exact,False,0.980701754385965,True,0.0,0.0,0.014993827137295801,False,0.0005684131449501849,1.0,0.8
4,2dt4,42,channel_k32,225011,exact,True,0.9759398496240601,True,0.0,0.0,0.014993827137295801,False,0.0005399924877026758,1.0,0.6
4,2dt4,42,channel_k32,225011,baseline,False,0.980701754385965,True,0.0,0.0,0.014885536400895627,False,0.0006184097815868723,1.0,0.8
4,2dt4,42,channel_k32,225011,baseline,True,0.9759398496240601,True,0.0,0.0,0.014885536400895627,False,0.0005874892925075287,1.0,0.6
4,2dt4,42,channel_k64,225001,exact,False,0.9982456140350877,True,0.0,0.0,0.014801299526948752,False,0.00016316282573678627,1.0,1.0
4,2dt4,42,channel_k64,225001,exact,True,0.9969924812030074,True,0.0,0.0,0.014801299526948752,False,0.00015500468444994698,1.0,1.0
4,2dt4,42,channel_k64,225001,baseline,False,0.9947368421052631,True,0.0,0.0,0.014813709431936661,False,0.00016955900943140052,1.0,1.0
4,2dt4,42,channel_k64,225001,baseline,True,0.993984962406015,True,0.0,0.0,0.014813709431936661,False,0.0001610810589598305,1.0,1.0
4,2dt4,42,channel_k64,225011,exact,False,0.9964912280701754,True,0.0,0.0,0.014993827137295801,False,0.00012394076537412447,1.0,0.8
4,2dt4,42,channel_k64,225011,exact,True,0.9954887218045112,True,0.0,0.0,0.014993827137295801,False,0.00011774372710541825,1.0,1.0
4,2dt4,42,channel_k64,225011,baseline,False,0.9964912280701754,True,0.0,0.0,0.014885536400895627,False,0.00017983084040679458,1.0,0.8
4,2dt4,42,channel_k64,225011,baseline,True,0.9954887218045112,True,0.0,0.0,0.014885536400895627,False,0.00017083929838645484,1.0,1.0
4,2dt4,42,channel_kfull,225001,exact,False,0.9982456140350877,True,0.0,0.0,0.014801299526948752,False,2.7108396054535032e-05,1.0,1.0
4,2dt4,42,channel_kfull,225001,exact,True,0.9984962406015038,True,0.0,0.0,0.014801299526948752,False,2.575297625180828e-05,1.0,1.0
4,2dt4,42,channel_kfull,225001,baseline,False,1.0,True,0.0,0.0,0.014813709431936661,False,0.0,1.0,1.0
4,2dt4,42,channel_kfull,225001,baseline,True,1.0,True,0.0,0.0,0.014813709431936661,False,0.0,1.0,1.0
4,2dt4,42,channel_kfull,225011,exact,False,1.0,True,0.0,0.0,0.014993827137295801,False,7.331451204618591e-05,1.0,1.0
4,2dt4,42,channel_kfull,225011,exact,True,1.0,True,0.0,0.0,0.014993827137295801,False,6.964878644387662e-05,1.0,1.0
4,2dt4,42,channel_kfull,225011,baseline,False,1.0,True,0.0,0.0,0.014885536400895627,False,0.0,1.0,1.0
4,2dt4,42,channel_kfull,225011,baseline,True,1.0,True,0.0,0.0,0.014885536400895627,False,0.0,1.0,1.0
4,2dt4,42,shared_k0,225001,exact,False,0.2789473684210526,False,0.003525847207969335,0.23821200304404477,0.014801299526948752,False,0.0033932699968201295,0.6666666666666666,0.4
4,2dt4,42,shared_k0,225001,exact,True,0.2571428571428572,False,0.003525847207969335,0.23821200304404477,0.014801299526948752,False,0.0032236064969791227,0.6666666666666666,0.4
4,2dt4,42,shared_k0,225001,baseline,False,0.28421052631578947,False,0.0035161148547950827,0.23735546258351345,0.014813709431936661,False,0.0033897230016530513,0.6666666666666666,0.4
4,2dt4,42,shared_k0,225001,baseline,True,0.26315789473684204,False,0.0035161148547950827,0.23735546258351345,0.014813709431936661,False,0.003220236851570399,0.6666666666666666,0.4
4,2dt4,42,shared_k0,225011,exact,False,0.38596491228070173,False,0.001274775006813833,0.08501998823522144,0.014993827137295801,False,0.0038347622189652555,0.0,0.4
4,2dt4,42,shared_k0,225011,exact,True,0.3609022556390977,False,0.001274775006813833,0.08501998823522144,0.014993827137295801,False,0.003643024108016993,0.0,0.2
4,2dt4,42,shared_k0,225011,baseline,False,0.38596491228070173,False,0.0011442697925971301,0.0768712501706208,0.014885536400895627,False,0.003866834263841873,0.0,0.4
4,2dt4,42,shared_k0,225011,baseline,True,0.3609022556390977,False,0.0011442697925971301,0.0768712501706208,0.014885536400895627,False,0.003673492550649779,0.0,0.2
4,2dt4,42,shared_k4,225001,exact,False,0.46491228070175433,False,0.003525847207969335,0.23821200304404477,0.014801299526948752,False,0.0031466033294016396,0.6666666666666666,0.6
4,2dt4,42,shared_k4,225001,exact,True,0.40451127819548865,False,0.003525847207969335,0.23821200304404477,0.014801299526948752,False,0.0029892731629315578,0.6666666666666666,0.6
4,2dt4,42,shared_k4,225001,baseline,False,0.47017543859649114,False,0.0035161148547950827,0.23735546258351345,0.014813709431936661,False,0.0031393058392344174,0.6666666666666666,0.6
4,2dt4,42,shared_k4,225001,baseline,True,0.4090225563909774,False,0.0035161148547950827,0.23735546258351345,0.014813709431936661,False,0.0029823405472726968,0.6666666666666666,0.6
4,2dt4,42,shared_k4,225011,exact,False,0.47017543859649114,False,0.001274775006813833,0.08501998823522144,0.014993827137295801,False,0.0029754594437602995,0.0,0.4
4,2dt4,42,shared_k4,225011,exact,True,0.4360902255639097,False,0.001274775006813833,0.08501998823522144,0.014993827137295801,False,0.0028266864715722844,0.0,0.2
4,2dt4,42,shared_k4,225011,baseline,False,0.47017543859649114,False,0.0011442697925971301,0.0768712501706208,0.014885536400895627,False,0.0029977672188007485,0.0,0.4
4,2dt4,42,shared_k4,225011,baseline,True,0.4360902255639097,False,0.0011442697925971301,0.0768712501706208,0.014885536400895627,False,0.002847878857860711,0.0,0.2
4,2dt4,42,shared_k8,225001,exact,False,0.519298245614035,True,0.0,0.0,0.014801299526948752,False,0.0028986938911903224,0.6666666666666666,0.8
4,2dt4,42,shared_k8,225001,exact,True,0.4781954887218045,True,0.0,0.0,0.014801299526948752,False,0.002753759196630806,0.6666666666666666,0.8
4,2dt4,42,shared_k8,225001,baseline,False,0.5333333333333333,True,0.0,0.0,0.014813709431936661,False,0.0029059589708302826,0.6666666666666666,0.8
4,2dt4,42,shared_k8,225001,baseline,True,0.4917293233082706,True,0.0,0.0,0.014813709431936661,False,0.0027606610222887682,0.6666666666666666,0.8
4,2dt4,42,shared_k8,225011,exact,False,0.5087719298245614,False,0.0014662683667707732,0.09779146800509404,0.014993827137295801,False,0.002596819077919056,0.3333333333333333,0.4
4,2dt4,42,shared_k8,225011,exact,True,0.5428571428571428,False,0.0014662683667707732,0.09779146800509404,0.014993827137295801,False,0.0024669781240231033,0.0,0.4
4,2dt4,42,shared_k8,225011,baseline,False,0.5087719298245614,False,0.0013011391414371465,0.08740962410725488,0.014885536400895627,False,0.0026187024709025996,0.3333333333333333,0.4
4,2dt4,42,shared_k8,225011,baseline,True,0.5428571428571428,False,0.0013011391414371465,0.08740962410725488,0.014885536400895627,False,0.0024877673473574697,0.0,0.4
4,2dt4,42,shared_k16,225001,exact,False,0.8140350877192982,True,0.0,0.0,0.014801299526948752,False,0.0018471863637213228,0.3333333333333333,0.8
4,2dt4,42,shared_k16,225001,exact,True,0.8090225563909773,True,0.0,0.0,0.014801299526948752,False,0.0017548270455352566,0.3333333333333333,0.8
4,2dt4,42,shared_k16,225001,baseline,False,0.8087719298245614,True,0.0,0.0,0.014813709431936661,False,0.0018573445737602417,0.3333333333333333,0.8
4,2dt4,42,shared_k16,225001,baseline,True,0.8030075187969924,True,0.0,0.0,0.014813709431936661,False,0.0017644773450722294,0.3333333333333333,0.8
4,2dt4,42,shared_k16,225011,exact,False,0.8105263157894737,False,0.0007389244081653645,0.049281907907778685,0.014993827137295801,False,0.002045163069743219,0.6666666666666666,0.8
4,2dt4,42,shared_k16,225011,exact,True,0.8210526315789473,False,0.0007389244081653645,0.049281907907778685,0.014993827137295801,False,0.001942904916256058,0.6666666666666666,0.6
4,2dt4,42,shared_k16,225011,baseline,False,0.8105263157894737,False,0.0006550452939499407,0.04400548803270053,0.014885536400895627,False,0.002047996271831939,0.6666666666666666,0.8
4,2dt4,42,shared_k16,225011,baseline,True,0.8210526315789473,False,0.0006550452939499407,0.04400548803270053,0.014885536400895627,False,0.0019455964582403423,0.6666666666666666,0.6
4,2dt4,42,shared_k32,225001,exact,False,0.9315789473684211,True,0.0,0.0,0.014801299526948752,False,0.00090769748845811,1.0,0.8
4,2dt4,42,shared_k32,225001,exact,True,0.9248120300751879,True,0.0,0.0,0.014801299526948752,False,0.0008623126140352045,1.0,0.8
4,2dt4,42,shared_k32,225001,baseline,False,0.9298245614035087,True,0.0,0.0,0.014813709431936661,False,0.0009148977295939197,1.0,0.8
4,2dt4,42,shared_k32,225001,baseline,True,0.9233082706766916,True,0.0,0.0,0.014813709431936661,False,0.0008691528431142237,1.0,0.8
4,2dt4,42,shared_k32,225011,exact,False,0.9368421052631579,False,0.000741817134571443,0.049474835729314194,0.014993827137295801,False,0.0014731716945359241,1.0,0.8
4,2dt4,42,shared_k32,225011,exact,True,0.9368421052631578,False,0.000741817134571443,0.049474835729314194,0.014993827137295801,False,0.001399513109809128,1.0,0.6
4,2dt4,42,shared_k32,225011,baseline,False,0.9368421052631579,False,0.0007366244578686509,0.04948591962224015,0.014885536400895627,False,0.0015028491909596566,1.0,0.8
4,2dt4,42,shared_k32,225011,baseline,True,0.9368421052631578,False,0.0007366244578686509,0.04948591962224015,0.014885536400895627,False,0.0014277067314116738,1.0,0.6
4,2dt4,42,shared_k64,225001,exact,False,0.9912280701754386,True,0.0,0.0,0.014801299526948752,False,0.0005373451975689017,1.0,1.0
4,2dt4,42,shared_k64,225001,exact,True,0.9834586466165413,True,0.0,0.0,0.014801299526948752,False,0.0005104779376904567,1.0,1.0
4,2dt4,42,shared_k64,225001,baseline,False,0.9894736842105263,True,0.0,0.0,0.014813709431936661,False,0.0005506610004749788,1.0,1.0
4,2dt4,42,shared_k64,225001,baseline,True,0.9819548872180449,True,0.0,0.0,0.014813709431936661,False,0.0005231279504512298,1.0,1.0
4,2dt4,42,shared_k64,225011,exact,False,0.980701754385965,True,0.0,0.0,0.014993827137295801,False,0.0007148841824483551,1.0,0.8
4,2dt4,42,shared_k64,225011,exact,True,0.9789473684210527,True,0.0,0.0,0.014993827137295801,False,0.0006791399733259374,1.0,0.8
4,2dt4,42,shared_k64,225011,baseline,False,0.980701754385965,True,0.0,0.0,0.014885536400895627,False,0.0007805904730036179,1.0,0.8
4,2dt4,42,shared_k64,225011,baseline,True,0.9789473684210527,True,0.0,0.0,0.014885536400895627,False,0.000741560949353437,1.0,0.8
4,2dt4,42,shared_kfull,225001,exact,False,0.9982456140350877,True,0.0,0.0,0.014801299526948752,False,2.7108396054535032e-05,1.0,1.0
4,2dt4,42,shared_kfull,225001,exact,True,0.9984962406015038,True,0.0,0.0,0.014801299526948752,False,2.575297625180828e-05,1.0,1.0
4,2dt4,42,shared_kfull,225001,baseline,False,1.0,True,0.0,0.0,0.014813709431936661,False,0.0,1.0,1.0
4,2dt4,42,shared_kfull,225001,baseline,True,1.0,True,0.0,0.0,0.014813709431936661,False,0.0,1.0,1.0
4,2dt4,42,shared_kfull,225011,exact,False,1.0,True,0.0,0.0,0.014993827137295801,False,7.331451204618591e-05,1.0,1.0
4,2dt4,42,shared_kfull,225011,exact,True,1.0,True,0.0,0.0,0.014993827137295801,False,6.964878644387662e-05,1.0,1.0
4,2dt4,42,shared_kfull,225011,baseline,False,1.0,True,0.0,0.0,0.014885536400895627,False,0.0,1.0,1.0
4,2dt4,42,shared_kfull,225011,baseline,True,1.0,True,0.0,0.0,0.014885536400895627,False,0.0,1.0,1.0
1,2vkj,72,baseline,225001,exact,False,1.0,True,0.0,0.0,0.08723468305485838,False,0.0002954354048950462,1.0,1.0
1,2vkj,72,baseline,225001,exact,True,1.0,True,0.0,0.0,0.08723468305485838,False,0.00028066363465029386,1.0,1.0
1,2vkj,72,baseline,225001,baseline,False,1.0,True,0.0,0.0,0.087363564659249,False,0.0,1.0,1.0
1,2vkj,72,baseline,225001,baseline,True,1.0,True,0.0,0.0,0.087363564659249,False,0.0,1.0,1.0
1,2vkj,72,baseline,225011,exact,False,0.9964912280701754,True,0.0,0.0,0.1339752008314128,False,0.0003406568560632209,1.0,1.0
1,2vkj,72,baseline,225011,exact,True,0.9969924812030074,True,0.0,0.0,0.14599815348528977,False,0.00032362401326005983,1.0,1.0
1,2vkj,72,baseline,225011,baseline,False,1.0,True,0.0,0.0,0.13347484750907246,False,0.0,1.0,1.0
1,2vkj,72,baseline,225011,baseline,True,1.0,True,0.0,0.0,0.1459106295551652,False,0.0,1.0,1.0
1,2vkj,72,channel_k0,225001,exact,False,0.5859649122807017,False,0.021416163057444815,0.24550055445237365,0.08723468305485838,False,0.04607800620150882,0.3333333333333333,0.6
1,2vkj,72,channel_k0,225001,exact,True,0.4781954887218045,False,0.021416163057444815,0.24550055445237365,0.08723468305485838,False,0.04377410589143338,0.3333333333333333,0.4
1,2vkj,72,channel_k0,225001,baseline,False,0.5859649122807017,False,0.021301558770364326,0.24382657522559292,0.087363564659249,False,0.04587664707339876,0.3333333333333333,0.6
1,2vkj,72,channel_k0,225001,baseline,True,0.4781954887218045,False,0.021301558770364326,0.24382657522559292,0.087363564659249,False,0.04358281471972882,0.3333333333333333,0.4
1,2vkj,72,channel_k0,225011,exact,False,0.6087719298245614,False,0.003577175391855203,0.026700280123905382,0.1339752008314128,False,0.06232622026922039,0.3333333333333333,0.4
1,2vkj,72,channel_k0,225011,exact,True,0.6015037593984961,False,0.015600128045732187,0.10685154348410301,0.14599815348528977,False,0.05920990925575938,0.3333333333333333,0.4
1,2vkj,72,channel_k0,225011,baseline,False,0.6245614035087719,False,0.0030713091493320688,0.02301039639040088,0.13347484750907246,False,0.06218658118565508,0.3333333333333333,0.4
1,2vkj,72,channel_k0,225011,baseline,True,0.6150375939849623,False,0.015507091195424816,0.10627800896138254,0.1459106295551652,False,0.059077252126372326,0.3333333333333333,0.4
1,2vkj,72,channel_k4,225001,exact,False,0.8,False,0.007454865613011008,0.08545758810544361,0.08723468305485838,False,0.0323096836646068,0.6666666666666666,0.8
1,2vkj,72,channel_k4,225001,exact,True,0.7503759398496239,False,0.007454865613011008,0.08545758810544361,0.08723468305485838,False,0.03069419948137646,0.6666666666666666,0.6
1,2vkj,72,channel_k4,225001,baseline,False,0.8,False,0.007164998724763005,0.0820135802918438,0.087363564659249,False,0.03210832453649674,0.6666666666666666,0.8
1,2vkj,72,channel_k4,225001,baseline,True,0.7503759398496239,False,0.007164998724763005,0.0820135802918438,0.087363564659249,False,0.030502908309671905,0.6666666666666666,0.6
1,2vkj,72,channel_k4,225011,exact,False,0.8578947368421052,False,0.003577175391855203,0.026700280123905382,0.1339752008314128,False,0.04172240362475212,0.6666666666666666,0.8
1,2vkj,72,channel_k4,225011,exact,True,0.8736842105263156,False,0.015600128045732187,0.10685154348410301,0.14599815348528977,False,0.03963628344351451,1.0,0.6
1,2vkj,72,channel_k4,225011,baseline,False,0.8719298245614034,False,0.0030713091493320688,0.02301039639040088,0.13347484750907246,False,0.04158444929662399,0.6666666666666666,0.8
1,2vkj,72,channel_k4,225011,baseline,True,0.8857142857142858,False,0.015507091195424816,0.10627800896138254,0.1459106295551652,False,0.03950522683179279,1.0,0.6
1,2vkj,72,channel_k8,225001,exact,False,0.9368421052631579,False,0.007454865613011008,0.08545758810544361,0.08723468305485838,False,0.01714194256441312,1.0,1.0
1,2vkj,72,channel_k8,225001,exact,True,0.9278195488721804,False,0.007454865613011008,0.08545758810544361,0.08723468305485838,False,0.016284845436192467,0.6666666666666666,0.8
1,2vkj,72,channel_k8,225001,baseline,False,0.9368421052631579,False,0.007164998724763005,0.0820135802918438,0.087363564659249,False,0.01694058343630307,1.0,1.0
1,2vkj,72,channel_k8,225001,baseline,True,0.9278195488721804,False,0.007164998724763005,0.0820135802918438,0.087363564659249,False,0.016093554264487914,0.6666666666666666,0.8
1,2vkj,72,channel_k8,225011,exact,False,0.9368421052631579,False,0.003577175391855203,0.026700280123905382,0.1339752008314128,False,0.025910079867259444,0.6666666666666666,0.8
1,2vkj,72,channel_k8,225011,exact,True,0.9428571428571428,False,0.015600128045732187,0.10685154348410301,0.14599815348528977,False,0.024614575873896472,1.0,0.6
1,2vkj,72,channel_k8,225011,baseline,False,0.9543859649122807,False,0.0030713091493320688,0.02301039639040088,0.13347484750907246,False,0.025772125539131312,0.6666666666666666,0.8
1,2vkj,72,channel_k8,225011,baseline,True,0.9578947368421054,False,0.015507091195424816,0.10627800896138254,0.1459106295551652,False,0.024483519262174746,1.0,0.6
1,2vkj,72,channel_k16,225001,exact,False,0.9614035087719298,False,0.007454865613011008,0.08545758810544361,0.08723468305485838,False,0.008632722015474248,1.0,1.0
1,2vkj,72,channel_k16,225001,exact,True,0.9654135338345864,False,0.007454865613011008,0.08545758810544361,0.08723468305485838,False,0.008201085914700534,0.6666666666666666,1.0
1,2vkj,72,channel_k16,225001,baseline,False,0.9614035087719298,False,0.007164998724763005,0.0820135802918438,0.087363564659249,False,0.008452767155744095,1.0,1.0
1,2vkj,72,channel_k16,225001,baseline,True,0.9654135338345864,False,0.007164998724763005,0.0820135802918438,0.087363564659249,False,0.008030128797956889,0.6666666666666666,1.0
1,2vkj,72,channel_k16,225011,exact,False,0.956140350877193,False,0.003577175391855203,0.026700280123905382,0.1339752008314128,False,0.013325945152519841,1.0,0.8
1,2vkj,72,channel_k16,225011,exact,True,0.9593984962406013,False,0.015600128045732187,0.10685154348410301,0.14599815348528977,False,0.01265964789489385,1.0,1.0
1,2vkj,72,channel_k16,225011,baseline,False,0.9701754385964911,False,0.0030713091493320688,0.02301039639040088,0.13347484750907246,False,0.01318799082439171,1.0,0.8
1,2vkj,72,channel_k16,225011,baseline,True,0.9714285714285714,False,0.015507091195424816,0.10627800896138254,0.1459106295551652,False,0.012528591283172125,1.0,1.0
1,2vkj,72,channel_k32,225001,exact,False,0.9701754385964911,True,0.0,0.0,0.08723468305485838,False,0.0034968144454841964,1.0,1.0
1,2vkj,72,channel_k32,225001,exact,True,0.9744360902255638,True,0.0,0.0,0.08723468305485838,False,0.0033219737232099865,1.0,1.0
1,2vkj,72,channel_k32,225001,baseline,False,0.9701754385964911,True,0.0,0.0,0.087363564659249,False,0.003316485523745343,1.0,1.0
1,2vkj,72,channel_k32,225001,baseline,True,0.9744360902255638,True,0.0,0.0,0.087363564659249,False,0.003150661247558076,1.0,1.0
1,2vkj,72,channel_k32,225011,exact,False,0.9789473684210527,False,0.003577175391855203,0.026700280123905382,0.1339752008314128,False,0.005459041200854124,1.0,1.0
1,2vkj,72,channel_k32,225011,exact,True,0.9819548872180449,True,0.0,0.0,0.14599815348528977,False,0.005186089140811418,1.0,1.0
1,2vkj,72,channel_k32,225011,baseline,False,0.987719298245614,False,0.0030713091493320688,0.02301039639040088,0.13347484750907246,False,0.005321086872725992,1.0,1.0
1,2vkj,72,channel_k32,225011,baseline,True,0.9894736842105262,True,0.0,0.0,0.1459106295551652,False,0.005055032529089692,1.0,1.0
1,2vkj,72,channel_k64,225001,exact,False,0.9912280701754386,True,0.0,0.0,0.08723468305485838,False,0.0007317561853652773,1.0,1.0
1,2vkj,72,channel_k64,225001,exact,True,0.9924812030075187,True,0.0,0.0,0.08723468305485838,False,0.0006951683760970135,1.0,1.0
1,2vkj,72,channel_k64,225001,baseline,False,0.9912280701754386,True,0.0,0.0,0.087363564659249,False,0.0006026307311887603,1.0,1.0
1,2vkj,72,channel_k64,225001,baseline,True,0.9924812030075187,True,0.0,0.0,0.087363564659249,False,0.0005724991946293223,1.0,1.0
1,2vkj,72,channel_k64,225011,exact,False,0.9947368421052631,True,0.0,0.0,0.1339752008314128,False,0.0006588100687708525,1.0,1.0
1,2vkj,72,channel_k64,225011,exact,True,0.9954887218045112,True,0.0,0.0,0.14599815348528977,False,0.0006258695653323099,1.0,1.0
1,2vkj,72,channel_k64,225011,baseline,False,0.9964912280701754,True,0.0,0.0,0.13347484750907246,False,0.0005294226912448203,1.0,1.0
1,2vkj,72,channel_k64,225011,baseline,True,0.9969924812030074,True,0.0,0.0,0.1459106295551652,False,0.0005029515566825793,1.0,1.0
1,2vkj,72,channel_kfull,225001,exact,False,1.0,True,0.0,0.0,0.08723468305485838,False,0.0002954354048950462,1.0,1.0
1,2vkj,72,channel_kfull,225001,exact,True,1.0,True,0.0,0.0,0.08723468305485838,False,0.00028066363465029386,1.0,1.0
1,2vkj,72,channel_kfull,225001,baseline,False,1.0,True,0.0,0.0,0.087363564659249,False,0.0,1.0,1.0
1,2vkj,72,channel_kfull,225001,baseline,True,1.0,True,0.0,0.0,0.087363564659249,False,0.0,1.0,1.0
1,2vkj,72,channel_kfull,225011,exact,False,0.9964912280701754,True,0.0,0.0,0.1339752008314128,False,0.0003406568560632209,1.0,1.0
1,2vkj,72,channel_kfull,225011,exact,True,0.9969924812030074,True,0.0,0.0,0.14599815348528977,False,0.00032362401326005983,1.0,1.0
1,2vkj,72,channel_kfull,225011,baseline,False,1.0,True,0.0,0.0,0.13347484750907246,False,0.0,1.0,1.0
1,2vkj,72,channel_kfull,225011,baseline,True,1.0,True,0.0,0.0,0.1459106295551652,False,0.0,1.0,1.0
1,2vkj,72,shared_k0,225001,exact,False,0.5859649122807017,False,0.021416163057444815,0.24550055445237365,0.08723468305485838,False,0.04607800620150882,0.3333333333333333,0.6
1,2vkj,72,shared_k0,225001,exact,True,0.4781954887218045,False,0.021416163057444815,0.24550055445237365,0.08723468305485838,False,0.04377410589143338,0.3333333333333333,0.4
1,2vkj,72,shared_k0,225001,baseline,False,0.5859649122807017,False,0.021301558770364326,0.24382657522559292,0.087363564659249,False,0.04587664707339876,0.3333333333333333,0.6
1,2vkj,72,shared_k0,225001,baseline,True,0.4781954887218045,False,0.021301558770364326,0.24382657522559292,0.087363564659249,False,0.04358281471972882,0.3333333333333333,0.4
1,2vkj,72,shared_k0,225011,exact,False,0.6087719298245614,False,0.003577175391855203,0.026700280123905382,0.1339752008314128,False,0.06232622026922039,0.3333333333333333,0.4
1,2vkj,72,shared_k0,225011,exact,True,0.6015037593984961,False,0.015600128045732187,0.10685154348410301,0.14599815348528977,False,0.05920990925575938,0.3333333333333333,0.4
1,2vkj,72,shared_k0,225011,baseline,False,0.6245614035087719,False,0.0030713091493320688,0.02301039639040088,0.13347484750907246,False,0.06218658118565508,0.3333333333333333,0.4
1,2vkj,72,shared_k0,225011,baseline,True,0.6150375939849623,False,0.015507091195424816,0.10627800896138254,0.1459106295551652,False,0.059077252126372326,0.3333333333333333,0.4
1,2vkj,72,shared_k4,225001,exact,False,0.48947368421052634,False,0.04156911402243646,0.476520491239652,0.08723468305485838,False,0.051271819112192724,0.3333333333333333,0.6
1,2vkj,72,shared_k4,225001,exact,True,0.38195488721804516,False,0.04156911402243646,0.476520491239652,0.08723468305485838,False,0.048708228156583086,0.3333333333333333,0.4
1,2vkj,72,shared_k4,225001,baseline,False,0.48947368421052634,False,0.04173074935096566,0.4776676582936078,0.087363564659249,False,0.05107045998408267,0.3333333333333333,0.6
1,2vkj,72,shared_k4,225001,baseline,True,0.38195488721804516,False,0.04173074935096566,0.4776676582936078,0.087363564659249,False,0.048516936984878536,0.3333333333333333,0.4
1,2vkj,72,shared_k4,225011,exact,False,0.5964912280701754,False,0.003577175391855203,0.026700280123905382,0.1339752008314128,False,0.06258899820687128,0.3333333333333333,0.4
1,2vkj,72,shared_k4,225011,exact,True,0.5954887218045113,False,0.015600128045732187,0.10685154348410301,0.14599815348528977,False,0.059459548296527706,0.3333333333333333,0.4
1,2vkj,72,shared_k4,225011,baseline,False,0.6140350877192983,False,0.0030713091493320688,0.02301039639040088,0.13347484750907246,False,0.06245104387874314,0.3333333333333333,0.4
1,2vkj,72,shared_k4,225011,baseline,True,0.6105263157894737,False,0.015507091195424816,0.10627800896138254,0.1459106295551652,False,0.05932849168480599,0.3333333333333333,0.4
1,2vkj,72,shared_k8,225001,exact,False,0.7526315789473684,False,0.007454865613011008,0.08545758810544361,0.08723468305485838,False,0.04492826203445292,0.3333333333333333,0.8
1,2vkj,72,shared_k8,225001,exact,True,0.613533834586466,False,0.007454865613011008,0.08545758810544361,0.08723468305485838,False,0.042681848932730276,0.3333333333333333,0.6
1,2vkj,72,shared_k8,225001,baseline,False,0.7526315789473684,False,0.007164998724763005,0.0820135802918438,0.087363564659249,False,0.044726902906342875,0.3333333333333333,0.8
1,2vkj,72,shared_k8,225001,baseline,True,0.613533834586466,False,0.007164998724763005,0.0820135802918438,0.087363564659249,False,0.04249055776102572,0.3333333333333333,0.6
1,2vkj,72,shared_k8,225011,exact,False,0.7491228070175439,False,0.003577175391855203,0.026700280123905382,0.1339752008314128,False,0.05449276106723433,0.6666666666666666,0.6
1,2vkj,72,shared_k8,225011,exact,True,0.7398496240601502,False,0.015600128045732187,0.10685154348410301,0.14599815348528977,False,0.05176812301387261,0.6666666666666666,0.4
1,2vkj,72,shared_k8,225011,baseline,False,0.763157894736842,False,0.0030713091493320688,0.02301039639040088,0.13347484750907246,False,0.0543548067391062,0.6666666666666666,0.6
1,2vkj,72,shared_k8,225011,baseline,True,0.7518796992481201,False,0.015507091195424816,0.10627800896138254,0.1459106295551652,False,0.05163706640215089,0.6666666666666666,0.4
1,2vkj,72,shared_k16,225001,exact,False,0.8421052631578947,False,0.007454865613011008,0.08545758810544361,0.08723468305485838,False,0.03127091259188366,0.6666666666666666,0.8
1,2vkj,72,shared_k16,225001,exact,True,0.8165413533834586,False,0.007454865613011008,0.08545758810544361,0.08723468305485838,False,0.029707366962289473,0.6666666666666666,0.6
1,2vkj,72,shared_k16,225001,baseline,False,0.8421052631578947,False,0.007164998724763005,0.0820135802918438,0.087363564659249,False,0.031069553463773596,0.6666666666666666,0.8
1,2vkj,72,shared_k16,225001,baseline,True,0.8165413533834586,False,0.007164998724763005,0.0820135802918438,0.087363564659249,False,0.029516075790584916,0.6666666666666666,0.6
1,2vkj,72,shared_k16,225011,exact,False,0.9,False,0.003577175391855203,0.026700280123905382,0.1339752008314128,False,0.03640827530361642,0.6666666666666666,0.8
1,2vkj,72,shared_k16,225011,exact,True,0.9037593984962405,False,0.015600128045732187,0.10685154348410301,0.14599815348528977,False,0.0345878615384356,0.6666666666666666,0.8
1,2vkj,72,shared_k16,225011,baseline,False,0.9210526315789472,False,0.0030713091493320688,0.02301039639040088,0.13347484750907246,False,0.03627032097548829,0.6666666666666666,0.8
1,2vkj,72,shared_k16,225011,baseline,True,0.9218045112781955,False,0.015507091195424816,0.10627800896138254,0.1459106295551652,False,0.03445680492671387,0.6666666666666666,0.8
1,2vkj,72,shared_k32,225001,exact,False,0.9140350877192982,False,0.007454865613011008,0.08545758810544361,0.08723468305485838,False,0.018666186709617776,1.0,1.0
1,2vkj,72,shared_k32,225001,exact,True,0.9082706766917292,False,0.007454865613011008,0.08545758810544361,0.08723468305485838,False,0.01773287737413689,0.6666666666666666,0.8
1,2vkj,72,shared_k32,225001,baseline,False,0.9140350877192982,False,0.007164998724763005,0.0820135802918438,0.087363564659249,False,0.01846482758150772,1.0,1.0
1,2vkj,72,shared_k32,225001,baseline,True,0.9082706766917292,False,0.007164998724763005,0.0820135802918438,0.087363564659249,False,0.017541586202432336,0.6666666666666666,0.8
1,2vkj,72,shared_k32,225011,exact,False,0.9403508771929823,False,0.003577175391855203,0.026700280123905382,0.1339752008314128,False,0.01987466726045992,0.6666666666666666,0.8
1,2vkj,72,shared_k32,225011,exact,True,0.9458646616541352,False,0.015600128045732187,0.10685154348410301,0.14599815348528977,False,0.018880933897436926,1.0,0.8
1,2vkj,72,shared_k32,225011,baseline,False,0.9596491228070174,False,0.0030713091493320688,0.02301039639040088,0.13347484750907246,False,0.019736712932331788,0.6666666666666666,0.8
1,2vkj,72,shared_k32,225011,baseline,True,0.9624060150375938,False,0.015507091195424816,0.10627800896138254,0.1459106295551652,False,0.0187498772857152,1.0,0.8
1,2vkj,72,shared_k64,225001,exact,False,0.9508771929824561,False,0.007454865613011008,0.08545758810544361,0.08723468305485838,False,0.007750373500986665,1.0,1.0
1,2vkj,72,shared_k64,225001,exact,True,0.956390977443609,False,0.007454865613011008,0.08545758810544361,0.08723468305485838,False,0.007362854825937332,0.6666666666666666,1.0
1,2vkj,72,shared_k64,225001,baseline,False,0.9508771929824561,False,0.007164998724763005,0.0820135802918438,0.087363564659249,False,0.0075490143728766095,1.0,1.0
1,2vkj,72,shared_k64,225001,baseline,True,0.956390977443609,False,0.007164998724763005,0.0820135802918438,0.087363564659249,False,0.00717156365423278,0.6666666666666666,1.0
1,2vkj,72,shared_k64,225011,exact,False,0.9649122807017543,False,0.003577175391855203,0.026700280123905382,0.1339752008314128,False,0.007250538954489121,1.0,0.8
1,2vkj,72,shared_k64,225011,exact,True,0.9699248120300751,True,0.0,0.0,0.14599815348528977,False,0.006888012006764666,1.0,1.0
1,2vkj,72,shared_k64,225011,baseline,False,0.9771929824561404,False,0.0030713091493320688,0.02301039639040088,0.13347484750907246,False,0.007069128900864594,1.0,0.8
1,2vkj,72,shared_k64,225011,baseline,True,0.9804511278195487,True,0.0,0.0,0.1459106295551652,False,0.006715672455821364,1.0,1.0
1,2vkj,72,shared_kfull,225001,exact,False,1.0,True,0.0,0.0,0.08723468305485838,False,0.0002954354048950462,1.0,1.0
1,2vkj,72,shared_kfull,225001,exact,True,1.0,True,0.0,0.0,0.08723468305485838,False,0.00028066363465029386,1.0,1.0
1,2vkj,72,shared_kfull,225001,baseline,False,1.0,True,0.0,0.0,0.087363564659249,False,0.0,1.0,1.0
1,2vkj,72,shared_kfull,225001,baseline,True,1.0,True,0.0,0.0,0.087363564659249,False,0.0,1.0,1.0
1,2vkj,72,shared_kfull,225011,exact,False,0.9964912280701754,True,0.0,0.0,0.1339752008314128,False,0.0003406568560632209,1.0,1.0
1,2vkj,72,shared_kfull,225011,exact,True,0.9969924812030074,True,0.0,0.0,0.14599815348528977,False,0.00032362401326005983,1.0,1.0
1,2vkj,72,shared_kfull,225011,baseline,False,1.0,True,0.0,0.0,0.13347484750907246,False,0.0,1.0,1.0
1,2vkj,72,shared_kfull,225011,baseline,True,1.0,True,0.0,0.0,0.1459106295551652,False,0.0,1.0,1.0
4,2dt4,6,baseline,225001,exact,False,1.0,True,0.0,0.0,0.02595532649969634,False,0.00014089700211690847,1.0,1.0
4,2dt4,6,baseline,225001,exact,True,1.0,True,0.0,0.0,0.02595532649969634,False,0.00013385215201106303,1.0,1.0
4,2dt4,6,baseline,225001,baseline,False,1.0,True,0.0,0.0,0.025847132323924382,False,0.0,1.0,1.0
4,2dt4,6,baseline,225001,baseline,True,1.0,True,0.0,0.0,0.025847132323924382,False,0.0,1.0,1.0
4,2dt4,6,baseline,225011,exact,False,1.0,True,0.0,0.0,0.029253851243552786,False,0.00027577615250143204,1.0,1.0
4,2dt4,6,baseline,225011,exact,True,1.0,True,0.0,0.0,0.029253851243552786,False,0.0002619873448763604,1.0,1.0
4,2dt4,6,baseline,225011,baseline,False,1.0,True,0.0,0.0,0.02965736556378412,False,0.0,1.0,1.0
4,2dt4,6,baseline,225011,baseline,True,1.0,True,0.0,0.0,0.02965736556378412,False,0.0,1.0,1.0
4,2dt4,6,channel_k0,225001,exact,False,0.2368421052631579,False,0.002924752419920462,0.11268409279901294,0.02595532649969634,False,0.00548282453736004,0.0,0.6
4,2dt4,6,channel_k0,225001,exact,True,0.23157894736842105,False,0.002924752419920462,0.11268409279901294,0.02595532649969634,False,0.005208683310492038,0.0,0.6
4,2dt4,6,channel_k0,225001,baseline,False,0.2368421052631579,False,0.002888198774043116,0.11174155561426705,0.025847132323924382,False,0.005398252924881999,0.0,0.6
4,2dt4,6,channel_k0,225001,baseline,True,0.23157894736842105,False,0.002888198774043116,0.11174155561426705,0.025847132323924382,False,0.0051283402786378995,0.0,0.6
4,2dt4,6,channel_k0,225011,exact,False,0.6263157894736843,True,0.0,0.0,0.029253851243552786,False,0.004290462186586925,0.6666666666666666,0.8
4,2dt4,6,channel_k0,225011,exact,True,0.6406015037593984,True,0.0,0.0,0.029253851243552786,False,0.004075939077257579,0.6666666666666666,0.8
4,2dt4,6,channel_k0,225011,baseline,False,0.6263157894736843,True,0.0,0.0,0.02965736556378412,False,0.004244991214366725,0.6666666666666666,0.8
4,2dt4,6,channel_k0,225011,baseline,True,0.6406015037593984,True,0.0,0.0,0.02965736556378412,False,0.004032741653648389,0.6666666666666666,0.8
4,2dt4,6,channel_k4,225001,exact,False,0.83859649122807,False,0.002924752419920462,0.11268409279901294,0.02595532649969634,False,0.003944219921899478,0.3333333333333333,0.8
4,2dt4,6,channel_k4,225001,exact,True,0.8210526315789473,False,0.002924752419920462,0.11268409279901294,0.02595532649969634,False,0.0037470089258045043,0.3333333333333333,0.8
4,2dt4,6,channel_k4,225001,baseline,False,0.83859649122807,False,0.002888198774043116,0.11174155561426705,0.025847132323924382,False,0.003852299477112163,0.3333333333333333,0.8
4,2dt4,6,channel_k4,225001,baseline,True,0.8210526315789473,False,0.002888198774043116,0.11174155561426705,0.025847132323924382,False,0.003659684503256555,0.3333333333333333,0.8
4,2dt4,6,channel_k4,225011,exact,False,0.843859649122807,True,0.0,0.0,0.029253851243552786,False,0.002555270039128547,0.6666666666666666,0.8
4,2dt4,6,channel_k4,225011,exact,True,0.8541353383458646,True,0.0,0.0,0.029253851243552786,False,0.0024275065371721196,0.6666666666666666,0.8
4,2dt4,6,channel_k4,225011,baseline,False,0.843859649122807,True,0.0,0.0,0.02965736556378412,False,0.0024926327817933617,0.6666666666666666,0.8
4,2dt4,6,channel_k4,225011,baseline,True,0.8541353383458646,True,0.0,0.0,0.02965736556378412,False,0.0023680011427036933,0.6666666666666666,0.8
4,2dt4,6,channel_k8,225001,exact,False,0.980701754385965,True,0.0,0.0,0.02595532649969634,False,0.0015198328620705862,0.6666666666666666,0.8
4,2dt4,6,channel_k8,225001,exact,True,0.9819548872180449,True,0.0,0.0,0.02595532649969634,False,0.001443841218967057,0.6666666666666666,0.8
4,2dt4,6,channel_k8,225001,baseline,False,0.980701754385965,True,0.0,0.0,0.025847132323924382,False,0.0015110360635148784,0.6666666666666666,0.8
4,2dt4,6,channel_k8,225001,baseline,True,0.9819548872180449,True,0.0,0.0,0.025847132323924382,False,0.0014354842603391343,0.6666666666666666,0.8
4,2dt4,6,channel_k8,225011,exact,False,0.975438596491228,True,0.0,0.0,0.029253851243552786,False,0.0016592649519225461,0.6666666666666666,1.0
4,2dt4,6,channel_k8,225011,exact,True,0.9789473684210527,True,0.0,0.0,0.029253851243552786,False,0.0015763017043264188,0.6666666666666666,1.0
4,2dt4,6,channel_k8,225011,baseline,False,0.975438596491228,True,0.0,0.0,0.02965736556378412,False,0.001579659594281477,0.6666666666666666,1.0
4,2dt4,6,channel_k8,225011,baseline,True,0.9789473684210527,True,0.0,0.0,0.02965736556378412,False,0.0015006766145674033,0.6666666666666666,1.0
4,2dt4,6,channel_k16,225001,exact,False,0.9859649122807018,True,0.0,0.0,0.02595532649969634,False,0.0007025463073982149,0.6666666666666666,1.0
4,2dt4,6,channel_k16,225001,exact,True,0.9879699248120299,True,0.0,0.0,0.02595532649969634,False,0.0006674189920283041,0.6666666666666666,1.0
4,2dt4,6,channel_k16,225001,baseline,False,0.9859649122807018,True,0.0,0.0,0.025847132323924382,False,0.0007656402097619857,0.6666666666666666,1.0
4,2dt4,6,channel_k16,225001,baseline,True,0.9879699248120299,True,0.0,0.0,0.025847132323924382,False,0.0007273581992738865,0.6666666666666666,1.0
4,2dt4,6,channel_k16,225011,exact,False,0.9964912280701754,True,0.0,0.0,0.029253851243552786,False,0.001081156452666835,0.6666666666666666,1.0
4,2dt4,6,channel_k16,225011,exact,True,0.9969924812030074,True,0.0,0.0,0.029253851243552786,False,0.0010270986300334934,0.6666666666666666,1.0
4,2dt4,6,channel_k16,225011,baseline,False,0.9964912280701754,True,0.0,0.0,0.02965736556378412,False,0.0009303193973382072,0.6666666666666666,1.0
4,2dt4,6,channel_k16,225011,baseline,True,0.9969924812030074,True,0.0,0.0,0.02965736556378412,False,0.0008838034274712969,0.6666666666666666,1.0
4,2dt4,6,channel_k32,225001,exact,False,0.9929824561403509,True,0.0,0.0,0.02595532649969634,False,0.00037156332552177495,1.0,0.8
4,2dt4,6,channel_k32,225001,exact,True,0.993984962406015,True,0.0,0.0,0.02595532649969634,False,0.0003529851592456862,1.0,0.8
4,2dt4,6,channel_k32,225001,baseline,False,0.9929824561403509,True,0.0,0.0,0.025847132323924382,False,0.00036973825743943776,1.0,0.8
4,2dt4,6,channel_k32,225001,baseline,True,0.993984962406015,True,0.0,0.0,0.025847132323924382,False,0.0003512513445674659,1.0,0.8
4,2dt4,6,channel_k32,225011,exact,False,1.0,True,0.0,0.0,0.029253851243552786,False,0.0005668675301222298,1.0,1.0
4,2dt4,6,channel_k32,225011,exact,True,1.0,True,0.0,0.0,0.029253851243552786,False,0.0005385241536161184,1.0,1.0
4,2dt4,6,channel_k32,225011,baseline,False,1.0,True,0.0,0.0,0.02965736556378412,False,0.00047620794737229506,1.0,1.0
4,2dt4,6,channel_k32,225011,baseline,True,1.0,True,0.0,0.0,0.02965736556378412,False,0.0004523975500036803,1.0,1.0
4,2dt4,6,channel_k64,225001,exact,False,1.0,True,0.0,0.0,0.02595532649969634,False,0.00014989735487576445,1.0,1.0
4,2dt4,6,channel_k64,225001,exact,True,1.0,True,0.0,0.0,0.02595532649969634,False,0.00014240248713197622,1.0,1.0
4,2dt4,6,channel_k64,225001,baseline,False,1.0,True,0.0,0.0,0.025847132323924382,False,8.656871898483982e-05,1.0,1.0
4,2dt4,6,channel_k64,225001,baseline,True,1.0,True,0.0,0.0,0.025847132323924382,False,8.224028303559783e-05,1.0,1.0
4,2dt4,6,channel_k64,225011,exact,False,0.9982456140350877,True,0.0,0.0,0.029253851243552786,False,0.0003205885553397117,1.0,1.0
4,2dt4,6,channel_k64,225011,exact,True,0.9984962406015038,True,0.0,0.0,0.029253851243552786,False,0.0003045591275727261,1.0,1.0
4,2dt4,6,channel_k64,225011,baseline,False,0.9982456140350877,True,0.0,0.0,0.02965736556378412,False,8.735836212909509e-05,1.0,1.0
4,2dt4,6,channel_k64,225011,baseline,True,0.9984962406015038,True,0.0,0.0,0.02965736556378412,False,8.299044402264033e-05,1.0,1.0
4,2dt4,6,channel_kfull,225001,exact,False,1.0,True,0.0,0.0,0.02595532649969634,False,0.00014089700211690847,1.0,1.0
4,2dt4,6,channel_kfull,225001,exact,True,1.0,True,0.0,0.0,0.02595532649969634,False,0.00013385215201106303,1.0,1.0
4,2dt4,6,channel_kfull,225001,baseline,False,1.0,True,0.0,0.0,0.025847132323924382,False,0.0,1.0,1.0
4,2dt4,6,channel_kfull,225001,baseline,True,1.0,True,0.0,0.0,0.025847132323924382,False,0.0,1.0,1.0
4,2dt4,6,channel_kfull,225011,exact,False,1.0,True,0.0,0.0,0.029253851243552786,False,0.00027577615250143204,1.0,1.0
4,2dt4,6,channel_kfull,225011,exact,True,1.0,True,0.0,0.0,0.029253851243552786,False,0.0002619873448763604,1.0,1.0
4,2dt4,6,channel_kfull,225011,baseline,False,1.0,True,0.0,0.0,0.02965736556378412,False,0.0,1.0,1.0
4,2dt4,6,channel_kfull,225011,baseline,True,1.0,True,0.0,0.0,0.02965736556378412,False,0.0,1.0,1.0
4,2dt4,6,shared_k0,225001,exact,False,0.2368421052631579,False,0.002924752419920462,0.11268409279901294,0.02595532649969634,False,0.00548282453736004,0.0,0.6
4,2dt4,6,shared_k0,225001,exact,True,0.23157894736842105,False,0.002924752419920462,0.11268409279901294,0.02595532649969634,False,0.005208683310492038,0.0,0.6
4,2dt4,6,shared_k0,225001,baseline,False,0.2368421052631579,False,0.002888198774043116,0.11174155561426705,0.025847132323924382,False,0.005398252924881999,0.0,0.6
4,2dt4,6,shared_k0,225001,baseline,True,0.23157894736842105,False,0.002888198774043116,0.11174155561426705,0.025847132323924382,False,0.0051283402786378995,0.0,0.6
4,2dt4,6,shared_k0,225011,exact,False,0.6263157894736843,True,0.0,0.0,0.029253851243552786,False,0.004290462186586925,0.6666666666666666,0.8
4,2dt4,6,shared_k0,225011,exact,True,0.6406015037593984,True,0.0,0.0,0.029253851243552786,False,0.004075939077257579,0.6666666666666666,0.8
4,2dt4,6,shared_k0,225011,baseline,False,0.6263157894736843,True,0.0,0.0,0.02965736556378412,False,0.004244991214366725,0.6666666666666666,0.8
4,2dt4,6,shared_k0,225011,baseline,True,0.6406015037593984,True,0.0,0.0,0.02965736556378412,False,0.004032741653648389,0.6666666666666666,0.8
4,2dt4,6,shared_k4,225001,exact,False,0.40350877192982454,False,0.002924752419920462,0.11268409279901294,0.02595532649969634,False,0.005628165130399996,0.0,0.6
4,2dt4,6,shared_k4,225001,exact,True,0.4090225563909774,False,0.002924752419920462,0.11268409279901294,0.02595532649969634,False,0.0053467568738799955,0.0,0.6
4,2dt4,6,shared_k4,225001,baseline,False,0.40350877192982454,False,0.002888198774043116,0.11174155561426705,0.025847132323924382,False,0.005551933339649382,0.0,0.6
4,2dt4,6,shared_k4,225001,baseline,True,0.4090225563909774,False,0.002888198774043116,0.11174155561426705,0.025847132323924382,False,0.005274336672666913,0.0,0.6
4,2dt4,6,shared_k4,225011,exact,False,0.8228070175438595,False,0.009420301317413227,0.3220191843796756,0.029253851243552786,False,0.003559556849740981,0.3333333333333333,0.8
4,2dt4,6,shared_k4,225011,exact,True,0.8421052631578947,False,0.009420301317413227,0.3220191843796756,0.029253851243552786,False,0.003381579007253932,0.3333333333333333,0.8
4,2dt4,6,shared_k4,225011,baseline,False,0.8228070175438595,False,0.009624347544419432,0.32451795233532593,0.02965736556378412,False,0.003605149193849843,0.3333333333333333,0.8
4,2dt4,6,shared_k4,225011,baseline,True,0.8421052631578947,False,0.009624347544419432,0.32451795233532593,0.02965736556378412,False,0.003424891734157351,0.3333333333333333,0.8
4,2dt4,6,shared_k8,225001,exact,False,0.5140350877192983,False,0.002924752419920462,0.11268409279901294,0.02595532649969634,False,0.005012084325180413,0.0,0.6
4,2dt4,6,shared_k8,225001,exact,True,0.5293233082706766,False,0.002924752419920462,0.11268409279901294,0.02595532649969634,False,0.004761480108921393,0.0,0.6
4,2dt4,6,shared_k8,225001,baseline,False,0.5140350877192983,False,0.002888198774043116,0.11174155561426705,0.025847132323924382,False,0.0049350533166402305,0.0,0.6
4,2dt4,6,shared_k8,225001,baseline,True,0.5293233082706766,False,0.002888198774043116,0.11174155561426705,0.025847132323924382,False,0.004688300650808219,0.0,0.6
4,2dt4,6,shared_k8,225011,exact,False,0.9192982456140351,False,0.009420301317413227,0.3220191843796756,0.029253851243552786,False,0.0031020460947867794,0.3333333333333333,1.0
4,2dt4,6,shared_k8,225011,exact,True,0.9293233082706768,False,0.009420301317413227,0.3220191843796756,0.029253851243552786,False,0.0029469437900474403,0.3333333333333333,1.0
4,2dt4,6,shared_k8,225011,baseline,False,0.9192982456140351,False,0.009624347544419432,0.32451795233532593,0.02965736556378412,False,0.0031419390809219474,0.3333333333333333,1.0
4,2dt4,6,shared_k8,225011,baseline,True,0.9293233082706768,False,0.009624347544419432,0.32451795233532593,0.02965736556378412,False,0.0029848421268758502,0.3333333333333333,1.0
4,2dt4,6,shared_k16,225001,exact,False,0.9140350877192982,False,0.002924752419920462,0.11268409279901294,0.02595532649969634,False,0.0032617320685521985,0.3333333333333333,1.0
4,2dt4,6,shared_k16,225001,exact,True,0.9172932330827066,False,0.002924752419920462,0.11268409279901294,0.02595532649969634,False,0.0030986454651245887,0.3333333333333333,1.0
4,2dt4,6,shared_k16,225001,baseline,False,0.9140350877192982,False,0.002888198774043116,0.11174155561426705,0.025847132323924382,False,0.0032084194340977904,0.3333333333333333,1.0
4,2dt4,6,shared_k16,225001,baseline,True,0.9172932330827066,False,0.002888198774043116,0.11174155561426705,0.025847132323924382,False,0.0030479984623929006,0.3333333333333333,1.0
4,2dt4,6,shared_k16,225011,exact,False,0.8666666666666666,True,0.0,0.0,0.029253851243552786,False,0.0025818883743785838,0.3333333333333333,0.8
4,2dt4,6,shared_k16,225011,exact,True,0.8646616541353382,True,0.0,0.0,0.029253851243552786,False,0.0024527939556596547,0.3333333333333333,0.6
4,2dt4,6,shared_k16,225011,baseline,False,0.8666666666666666,True,0.0,0.0,0.02965736556378412,False,0.002503048044632221,0.3333333333333333,0.8
4,2dt4,6,shared_k16,225011,baseline,True,0.8646616541353382,True,0.0,0.0,0.02965736556378412,False,0.00237789564240061,0.3333333333333333,0.6
4,2dt4,6,shared_k32,225001,exact,False,0.9929824561403509,False,0.0008042463924493592,0.030985793704377727,0.02595532649969634,False,0.000904017693864188,0.6666666666666666,1.0
4,2dt4,6,shared_k32,225001,exact,True,0.993984962406015,False,0.0008042463924493592,0.030985793704377727,0.02595532649969634,False,0.0008588168091709786,0.6666666666666666,1.0
4,2dt4,6,shared_k32,225001,baseline,False,0.9929824561403509,False,0.0006888071758222036,0.026649268754067403,0.025847132323924382,False,0.0009047623866889299,0.6666666666666666,1.0
4,2dt4,6,shared_k32,225001,baseline,True,0.993984962406015,False,0.0006888071758222036,0.026649268754067403,0.025847132323924382,False,0.0008595242673544834,0.6666666666666666,1.0
4,2dt4,6,shared_k32,225011,exact,False,0.9789473684210527,True,0.0,0.0,0.029253851243552786,False,0.0018454618391788536,0.6666666666666666,1.0
4,2dt4,6,shared_k32,225011,exact,True,0.9819548872180449,True,0.0,0.0,0.029253851243552786,False,0.0017531887472199109,0.6666666666666666,1.0
4,2dt4,6,shared_k32,225011,baseline,False,0.9789473684210527,True,0.0,0.0,0.02965736556378412,False,0.0017102585431019051,0.6666666666666666,1.0
4,2dt4,6,shared_k32,225011,baseline,True,0.9819548872180449,True,0.0,0.0,0.02965736556378412,False,0.00162474561594681,0.6666666666666666,1.0
4,2dt4,6,shared_k64,225001,exact,False,0.9947368421052631,True,0.0,0.0,0.02595532649969634,False,0.0005894456879427275,1.0,1.0
4,2dt4,6,shared_k64,225001,exact,True,0.9954887218045112,True,0.0,0.0,0.02595532649969634,False,0.0005599734035455911,1.0,1.0
4,2dt4,6,shared_k64,225001,baseline,False,0.9947368421052631,True,0.0,0.0,0.025847132323924382,False,0.0005340409015685116,1.0,1.0
4,2dt4,6,shared_k64,225001,baseline,True,0.9954887218045112,True,0.0,0.0,0.025847132323924382,False,0.0005073388564900861,1.0,1.0
4,2dt4,6,shared_k64,225011,exact,False,0.9964912280701754,True,0.0,0.0,0.029253851243552786,False,0.0009912502371574243,0.6666666666666666,1.0
4,2dt4,6,shared_k64,225011,exact,True,0.9969924812030074,True,0.0,0.0,0.029253851243552786,False,0.0009416877252995531,0.6666666666666666,1.0
4,2dt4,6,shared_k64,225011,baseline,False,0.9964912280701754,True,0.0,0.0,0.02965736556378412,False,0.0008158756510798197,0.6666666666666666,1.0
4,2dt4,6,shared_k64,225011,baseline,True,0.9969924812030074,True,0.0,0.0,0.02965736556378412,False,0.0007750818685258287,0.6666666666666666,1.0
4,2dt4,6,shared_kfull,225001,exact,False,1.0,True,0.0,0.0,0.02595532649969634,False,0.00014089700211690847,1.0,1.0
4,2dt4,6,shared_kfull,225001,exact,True,1.0,True,0.0,0.0,0.02595532649969634,False,0.00013385215201106303,1.0,1.0
4,2dt4,6,shared_kfull,225001,baseline,False,1.0,True,0.0,0.0,0.025847132323924382,False,0.0,1.0,1.0
4,2dt4,6,shared_kfull,225001,baseline,True,1.0,True,0.0,0.0,0.025847132323924382,False,0.0,1.0,1.0
4,2dt4,6,shared_kfull,225011,exact,False,1.0,True,0.0,0.0,0.029253851243552786,False,0.00027577615250143204,1.0,1.0
4,2dt4,6,shared_kfull,225011,exact,True,1.0,True,0.0,0.0,0.029253851243552786,False,0.0002619873448763604,1.0,1.0
4,2dt4,6,shared_kfull,225011,baseline,False,1.0,True,0.0,0.0,0.02965736556378412,False,0.0,1.0,1.0
4,2dt4,6,shared_kfull,225011,baseline,True,1.0,True,0.0,0.0,0.02965736556378412,False,0.0,1.0,1.0
1,2vkj,37,baseline,225001,exact,False,1.0,True,0.0,0.0,1.3915598288698505,False,0.0008880780442996748,1.0,1.0
1,2vkj,37,baseline,225001,exact,True,1.0,True,0.0,0.0,1.3915598288698505,False,0.000843674142084691,1.0,1.0
1,2vkj,37,baseline,225001,baseline,False,1.0,True,0.0,0.0,1.390390018163243,False,0.0,1.0,1.0
1,2vkj,37,baseline,225001,baseline,True,1.0,True,0.0,0.0,1.390390018163243,False,0.0,1.0,1.0
1,2vkj,37,baseline,225011,exact,False,1.0,True,0.0,0.0,1.438327306040312,False,0.0017730617818827806,1.0,1.0
1,2vkj,37,baseline,225011,exact,True,1.0,True,0.0,0.0,1.438327306040312,False,0.0016844086927886414,1.0,1.0
1,2vkj,37,baseline,225011,baseline,False,1.0,True,0.0,0.0,1.4383404028344877,False,0.0,1.0,1.0
1,2vkj,37,baseline,225011,baseline,True,1.0,True,0.0,0.0,1.4383404028344877,False,0.0,1.0,1.0
1,2vkj,37,channel_k0,225001,exact,False,-0.26666666666666666,False,1.3915598288698505,1.0,1.3915598288698505,False,0.20281104163782962,0.0,0.2
1,2vkj,37,channel_k0,225001,exact,True,-0.23759398496240602,False,1.3915598288698505,1.0,1.3915598288698505,False,0.19267048955593813,0.0,0.2
1,2vkj,37,channel_k0,225001,baseline,False,-0.26666666666666666,False,1.390390018163243,1.0,1.390390018163243,False,0.20273482806702237,0.0,0.2
1,2vkj,37,channel_k0,225001,baseline,True,-0.23759398496240602,False,1.390390018163243,1.0,1.390390018163243,False,0.19259808666367123,0.0,0.2
1,2vkj,37,channel_k0,225011,exact,False,0.2543859649122807,True,0.0,0.0,1.438327306040312,False,0.2552526797855577,0.6666666666666666,0.6
1,2vkj,37,channel_k0,225011,exact,True,0.35187969924812035,True,0.0,0.0,1.438327306040312,False,0.2424900457962798,0.6666666666666666,0.6
1,2vkj,37,channel_k0,225011,baseline,False,0.2543859649122807,True,0.0,0.0,1.4383404028344877,False,0.25617026561176115,0.6666666666666666,0.6
1,2vkj,37,channel_k0,225011,baseline,True,0.35187969924812035,True,0.0,0.0,1.4383404028344877,False,0.24336175233117313,0.6666666666666666,0.6
1,2vkj,37,channel_k4,225001,exact,False,0.9263157894736841,True,0.0,0.0,1.3915598288698505,False,0.10536004289549279,0.6666666666666666,0.8
1,2vkj,37,channel_k4,225001,exact,True,0.9127819548872179,True,0.0,0.0,1.3915598288698505,False,0.10009204075071818,0.6666666666666666,0.8
1,2vkj,37,channel_k4,225001,baseline,False,0.9263157894736841,True,0.0,0.0,1.390390018163243,False,0.10502798710813051,0.6666666666666666,0.8
1,2vkj,37,channel_k4,225001,baseline,True,0.9127819548872179,True,0.0,0.0,1.390390018163243,False,0.09977658775272397,0.6666666666666666,0.8
1,2vkj,37,channel_k4,225011,exact,False,0.9666666666666668,True,0.0,0.0,1.438327306040312,False,0.10451167186108169,1.0,0.8
1,2vkj,37,channel_k4,225011,exact,True,0.9699248120300751,True,0.0,0.0,1.438327306040312,False,0.09928608826802761,0.6666666666666666,0.8
1,2vkj,37,channel_k4,225011,baseline,False,0.9666666666666668,True,0.0,0.0,1.4383404028344877,False,0.10489083701100332,1.0,0.8
1,2vkj,37,channel_k4,225011,baseline,True,0.9699248120300751,True,0.0,0.0,1.4383404028344877,False,0.09964629516045315,0.6666666666666666,0.8
1,2vkj,37,channel_k8,225001,exact,False,0.9666666666666668,True,0.0,0.0,1.3915598288698505,False,0.04819620323613148,0.6666666666666666,0.8
1,2vkj,37,channel_k8,225001,exact,True,0.956390977443609,True,0.0,0.0,1.3915598288698505,False,0.04578639307432492,0.6666666666666666,0.8
1,2vkj,37,channel_k8,225001,baseline,False,0.9666666666666668,True,0.0,0.0,1.390390018163243,False,0.04786414744876917,0.6666666666666666,0.8
1,2vkj,37,channel_k8,225001,baseline,True,0.956390977443609,True,0.0,0.0,1.390390018163243,False,0.045470940076330714,0.6666666666666666,0.8
1,2vkj,37,channel_k8,225011,exact,False,0.987719298245614,True,0.0,0.0,1.438327306040312,False,0.04930382656863872,1.0,1.0
1,2vkj,37,channel_k8,225011,exact,True,0.9879699248120299,True,0.0,0.0,1.438327306040312,False,0.04683863524020678,0.6666666666666666,0.8
1,2vkj,37,channel_k8,225011,baseline,False,0.987719298245614,True,0.0,0.0,1.4383404028344877,False,0.04946356386275292,1.0,1.0
1,2vkj,37,channel_k8,225011,baseline,True,0.9879699248120299,True,0.0,0.0,1.4383404028344877,False,0.046990385669615276,0.6666666666666666,0.8
1,2vkj,37,channel_k16,225001,exact,False,0.9947368421052631,True,0.0,0.0,1.3915598288698505,False,0.017614658041575224,1.0,0.8
1,2vkj,37,channel_k16,225001,exact,True,0.9909774436090225,True,0.0,0.0,1.3915598288698505,False,0.016733925139496463,1.0,0.8
1,2vkj,37,channel_k16,225001,baseline,False,0.9947368421052631,True,0.0,0.0,1.390390018163243,False,0.01728260225421291,1.0,0.8
1,2vkj,37,channel_k16,225001,baseline,True,0.9909774436090225,True,0.0,0.0,1.390390018163243,False,0.016418472141502265,1.0,0.8
1,2vkj,37,channel_k16,225011,exact,False,0.9947368421052631,True,0.0,0.0,1.438327306040312,False,0.01871728106517376,1.0,1.0
1,2vkj,37,channel_k16,225011,exact,True,0.9954887218045112,True,0.0,0.0,1.438327306040312,False,0.017781417011915074,1.0,0.8
1,2vkj,37,channel_k16,225011,baseline,False,0.9947368421052631,True,0.0,0.0,1.4383404028344877,False,0.01876319966365369,1.0,1.0
1,2vkj,37,channel_k16,225011,baseline,True,0.9954887218045112,True,0.0,0.0,1.4383404028344877,False,0.017825039680471007,1.0,0.8
1,2vkj,37,channel_k32,225001,exact,False,0.9964912280701754,True,0.0,0.0,1.3915598288698505,False,0.004485462845898119,1.0,0.8
1,2vkj,37,channel_k32,225001,exact,True,0.9969924812030074,True,0.0,0.0,1.3915598288698505,False,0.004261189703603213,1.0,0.8
1,2vkj,37,channel_k32,225001,baseline,False,0.9964912280701754,True,0.0,0.0,1.390390018163243,False,0.0040247975968972895,1.0,0.8
1,2vkj,37,channel_k32,225001,baseline,True,0.9969924812030074,True,0.0,0.0,1.390390018163243,False,0.0038235577170524252,1.0,0.8
1,2vkj,37,channel_k32,225011,exact,False,0.9982456140350877,True,0.0,0.0,1.438327306040312,False,0.0057221496785972645,1.0,1.0
1,2vkj,37,channel_k32,225011,exact,True,0.9984962406015038,True,0.0,0.0,1.438327306040312,False,0.0054360421946674006,1.0,1.0
1,2vkj,37,channel_k32,225011,baseline,False,0.9982456140350877,True,0.0,0.0,1.4383404028344877,False,0.004840616215078849,1.0,1.0
1,2vkj,37,channel_k32,225011,baseline,True,0.9984962406015038,True,0.0,0.0,1.4383404028344877,False,0.0045985854043249065,1.0,1.0
1,2vkj,37,channel_k64,225001,exact,False,1.0,True,0.0,0.0,1.3915598288698505,False,0.0009223611818780187,1.0,1.0
1,2vkj,37,channel_k64,225001,exact,True,1.0,True,0.0,0.0,1.3915598288698505,False,0.0008762431227841178,1.0,1.0
1,2vkj,37,channel_k64,225001,baseline,False,1.0,True,0.0,0.0,1.390390018163243,False,0.00017133600261470523,1.0,1.0
1,2vkj,37,channel_k64,225001,baseline,True,1.0,True,0.0,0.0,1.390390018163243,False,0.00016276920248396997,1.0,1.0
1,2vkj,37,channel_k64,225011,exact,False,1.0,True,0.0,0.0,1.438327306040312,False,0.0016828246869411716,1.0,1.0
1,2vkj,37,channel_k64,225011,exact,True,1.0,True,0.0,0.0,1.438327306040312,False,0.0015986834525941128,1.0,1.0
1,2vkj,37,channel_k64,225011,baseline,False,1.0,True,0.0,0.0,1.4383404028344877,False,0.000521058329195929,1.0,1.0
1,2vkj,37,channel_k64,225011,baseline,True,1.0,True,0.0,0.0,1.4383404028344877,False,0.0004950054127361326,1.0,1.0
1,2vkj,37,channel_kfull,225001,exact,False,1.0,True,0.0,0.0,1.3915598288698505,False,0.0008880780442996748,1.0,1.0
1,2vkj,37,channel_kfull,225001,exact,True,1.0,True,0.0,0.0,1.3915598288698505,False,0.000843674142084691,1.0,1.0
1,2vkj,37,channel_kfull,225001,baseline,False,1.0,True,0.0,0.0,1.390390018163243,False,0.0,1.0,1.0
1,2vkj,37,channel_kfull,225001,baseline,True,1.0,True,0.0,0.0,1.390390018163243,False,0.0,1.0,1.0
1,2vkj,37,channel_kfull,225011,exact,False,1.0,True,0.0,0.0,1.438327306040312,False,0.0017730617818827806,1.0,1.0
1,2vkj,37,channel_kfull,225011,exact,True,1.0,True,0.0,0.0,1.438327306040312,False,0.0016844086927886414,1.0,1.0
1,2vkj,37,channel_kfull,225011,baseline,False,1.0,True,0.0,0.0,1.4383404028344877,False,0.0,1.0,1.0
1,2vkj,37,channel_kfull,225011,baseline,True,1.0,True,0.0,0.0,1.4383404028344877,False,0.0,1.0,1.0
1,2vkj,37,shared_k0,225001,exact,False,-0.26666666666666666,False,1.3915598288698505,1.0,1.3915598288698505,False,0.20281104163782962,0.0,0.2
1,2vkj,37,shared_k0,225001,exact,True,-0.23759398496240602,False,1.3915598288698505,1.0,1.3915598288698505,False,0.19267048955593813,0.0,0.2
1,2vkj,37,shared_k0,225001,baseline,False,-0.26666666666666666,False,1.390390018163243,1.0,1.390390018163243,False,0.20273482806702237,0.0,0.2
1,2vkj,37,shared_k0,225001,baseline,True,-0.23759398496240602,False,1.390390018163243,1.0,1.390390018163243,False,0.19259808666367123,0.0,0.2
1,2vkj,37,shared_k0,225011,exact,False,0.2543859649122807,True,0.0,0.0,1.438327306040312,False,0.2552526797855577,0.6666666666666666,0.6
1,2vkj,37,shared_k0,225011,exact,True,0.35187969924812035,True,0.0,0.0,1.438327306040312,False,0.2424900457962798,0.6666666666666666,0.6
1,2vkj,37,shared_k0,225011,baseline,False,0.2543859649122807,True,0.0,0.0,1.4383404028344877,False,0.25617026561176115,0.6666666666666666,0.6
1,2vkj,37,shared_k0,225011,baseline,True,0.35187969924812035,True,0.0,0.0,1.4383404028344877,False,0.24336175233117313,0.6666666666666666,0.6
1,2vkj,37,shared_k4,225001,exact,False,0.47017543859649114,False,0.03587609936893965,0.025781212294750038,1.3915598288698505,False,0.1762574301319478,0.0,0.2
1,2vkj,37,shared_k4,225001,exact,True,0.4481203007518797,False,0.03587609936893965,0.025781212294750038,1.3915598288698505,False,0.1674445586253504,0.0,0.2
1,2vkj,37,shared_k4,225001,baseline,False,0.47017543859649114,False,0.03589944930254646,0.025819697231407753,1.390390018163243,False,0.17624870011178495,0.0,0.2
1,2vkj,37,shared_k4,225001,baseline,True,0.4481203007518797,False,0.03589944930254646,0.025819697231407753,1.390390018163243,False,0.16743626510619572,0.0,0.2
1,2vkj,37,shared_k4,225011,exact,False,0.8315789473684211,True,0.0,0.0,1.438327306040312,False,0.18336325678112203,0.6666666666666666,0.8
1,2vkj,37,shared_k4,225011,exact,True,0.849624060150376,True,0.0,0.0,1.438327306040312,False,0.1741950939420659,0.6666666666666666,0.8
1,2vkj,37,shared_k4,225011,baseline,False,0.8315789473684211,True,0.0,0.0,1.4383404028344877,False,0.18412374677120233,0.6666666666666666,0.8
1,2vkj,37,shared_k4,225011,baseline,True,0.849624060150376,True,0.0,0.0,1.4383404028344877,False,0.17491755943264226,0.6666666666666666,0.8
1,2vkj,37,shared_k8,225001,exact,False,0.7701754385964912,False,0.03587609936893965,0.025781212294750038,1.3915598288698505,False,0.13768370751267683,0.3333333333333333,0.6
1,2vkj,37,shared_k8,225001,exact,True,0.7353383458646616,False,0.03587609936893965,0.025781212294750038,1.3915598288698505,False,0.130799522137043,0.3333333333333333,0.6
1,2vkj,37,shared_k8,225001,baseline,False,0.7701754385964912,False,0.03589944930254646,0.025819697231407753,1.390390018163243,False,0.1373516517253145,0.3333333333333333,0.6
1,2vkj,37,shared_k8,225001,baseline,True,0.7353383458646616,False,0.03589944930254646,0.025819697231407753,1.390390018163243,False,0.1304840691390488,0.3333333333333333,0.6
1,2vkj,37,shared_k8,225011,exact,False,0.8280701754385964,True,0.0,0.0,1.438327306040312,False,0.14644128524317718,0.6666666666666666,0.8
1,2vkj,37,shared_k8,225011,exact,True,0.8466165413533834,True,0.0,0.0,1.438327306040312,False,0.1391192209810183,0.6666666666666666,0.8
1,2vkj,37,shared_k8,225011,baseline,False,0.8280701754385964,True,0.0,0.0,1.4383404028344877,False,0.14712170343641665,0.6666666666666666,0.8
1,2vkj,37,shared_k8,225011,baseline,True,0.8466165413533834,True,0.0,0.0,1.4383404028344877,False,0.13976561826459583,0.6666666666666666,0.8
1,2vkj,37,shared_k16,225001,exact,False,0.9421052631578948,True,0.0,0.0,1.3915598288698505,False,0.07895370430255673,0.6666666666666666,0.8
1,2vkj,37,shared_k16,225001,exact,True,0.9278195488721804,True,0.0,0.0,1.3915598288698505,False,0.07500601908742889,0.6666666666666666,0.8
1,2vkj,37,shared_k16,225001,baseline,False,0.9421052631578948,True,0.0,0.0,1.390390018163243,False,0.07873554155187788,0.6666666666666666,0.8
1,2vkj,37,shared_k16,225001,baseline,True,0.9278195488721804,True,0.0,0.0,1.390390018163243,False,0.07479876447428399,0.6666666666666666,0.8
1,2vkj,37,shared_k16,225011,exact,False,0.9280701754385964,True,0.0,0.0,1.438327306040312,False,0.0924849840906345,1.0,0.8
1,2vkj,37,shared_k16,225011,exact,True,0.9368421052631578,True,0.0,0.0,1.438327306040312,False,0.0878607348861028,0.6666666666666666,0.8
1,2vkj,37,shared_k16,225011,baseline,False,0.9280701754385964,True,0.0,0.0,1.4383404028344877,False,0.09316540228387399,1.0,0.8
1,2vkj,37,shared_k16,225011,baseline,True,0.9368421052631578,True,0.0,0.0,1.4383404028344877,False,0.08850713216968029,0.6666666666666666,0.8
1,2vkj,37,shared_k32,225001,exact,False,0.9719298245614034,True,0.0,0.0,1.3915598288698505,False,0.0322660712407633,0.6666666666666666,0.8
1,2vkj,37,shared_k32,225001,exact,True,0.9578947368421054,True,0.0,0.0,1.3915598288698505,False,0.030652767678725122,0.6666666666666666,0.8
1,2vkj,37,shared_k32,225001,baseline,False,0.9719298245614034,True,0.0,0.0,1.390390018163243,False,0.03204790849008446,0.6666666666666666,0.8
1,2vkj,37,shared_k32,225001,baseline,True,0.9578947368421054,True,0.0,0.0,1.390390018163243,False,0.030445513065580243,0.6666666666666666,0.8
1,2vkj,37,shared_k32,225011,exact,False,0.9912280701754386,True,0.0,0.0,1.438327306040312,False,0.03498441889381171,1.0,1.0
1,2vkj,37,shared_k32,225011,exact,True,0.9909774436090225,True,0.0,0.0,1.438327306040312,False,0.03323519794912112,0.6666666666666666,0.8
1,2vkj,37,shared_k32,225011,baseline,False,0.9912280701754386,True,0.0,0.0,1.4383404028344877,False,0.03521626408954557,1.0,1.0
1,2vkj,37,shared_k32,225011,baseline,True,0.9909774436090225,True,0.0,0.0,1.4383404028344877,False,0.03345545088506829,0.6666666666666666,0.8
1,2vkj,37,shared_k64,225001,exact,False,0.980701754385965,True,0.0,0.0,1.3915598288698505,False,0.006658954679495741,1.0,0.6
1,2vkj,37,shared_k64,225001,exact,True,0.9819548872180449,True,0.0,0.0,1.3915598288698505,False,0.0063260069455209535,1.0,0.6
1,2vkj,37,shared_k64,225001,baseline,False,0.980701754385965,True,0.0,0.0,1.390390018163243,False,0.006244939719845685,1.0,0.6
1,2vkj,37,shared_k64,225001,baseline,True,0.9819548872180449,True,0.0,0.0,1.390390018163243,False,0.005932692733853401,1.0,0.6
1,2vkj,37,shared_k64,225011,exact,False,0.9964912280701754,True,0.0,0.0,1.438327306040312,False,0.006311989742796015,1.0,0.8
1,2vkj,37,shared_k64,225011,exact,True,0.9969924812030074,True,0.0,0.0,1.438327306040312,False,0.005996390255656214,1.0,1.0
1,2vkj,37,shared_k64,225011,baseline,False,0.9964912280701754,True,0.0,0.0,1.4383404028344877,False,0.005263171063878296,1.0,0.8
1,2vkj,37,shared_k64,225011,baseline,True,0.9969924812030074,True,0.0,0.0,1.4383404028344877,False,0.005000012510684382,1.0,1.0
1,2vkj,37,shared_kfull,225001,exact,False,1.0,True,0.0,0.0,1.3915598288698505,False,0.0008880780442996748,1.0,1.0
1,2vkj,37,shared_kfull,225001,exact,True,1.0,True,0.0,0.0,1.3915598288698505,False,0.000843674142084691,1.0,1.0
1,2vkj,37,shared_kfull,225001,baseline,False,1.0,True,0.0,0.0,1.390390018163243,False,0.0,1.0,1.0
1,2vkj,37,shared_kfull,225001,baseline,True,1.0,True,0.0,0.0,1.390390018163243,False,0.0,1.0,1.0
1,2vkj,37,shared_kfull,225011,exact,False,1.0,True,0.0,0.0,1.438327306040312,False,0.0017730617818827806,1.0,1.0
1,2vkj,37,shared_kfull,225011,exact,True,1.0,True,0.0,0.0,1.438327306040312,False,0.0016844086927886414,1.0,1.0
1,2vkj,37,shared_kfull,225011,baseline,False,1.0,True,0.0,0.0,1.4383404028344877,False,0.0,1.0,1.0
1,2vkj,37,shared_kfull,225011,baseline,True,1.0,True,0.0,0.0,1.4383404028344877,False,0.0,1.0,1.0
6,4u5p,26,baseline,225001,exact,False,0.9982456140350877,True,0.0,0.0,0.06686920308297745,False,4.3098031465662134e-05,1.0,1.0
6,4u5p,26,baseline,225001,exact,True,0.9984962406015038,True,0.0,0.0,0.08197421575697056,False,4.094312989237903e-05,1.0,1.0
6,4u5p,26,baseline,225001,baseline,False,1.0,True,0.0,0.0,0.06688561664711118,False,0.0,1.0,1.0
6,4u5p,26,baseline,225001,baseline,True,1.0,True,0.0,0.0,0.0819724714717498,False,0.0,1.0,1.0
6,4u5p,26,baseline,225011,exact,False,0.9982456140350877,True,0.0,0.0,0.08082944154590221,False,0.0001494926107863714,1.0,1.0
6,4u5p,26,baseline,225011,exact,True,0.9984962406015038,True,0.0,0.0,0.08082944154590221,False,0.0001420179802470528,1.0,1.0
6,4u5p,26,baseline,225011,baseline,False,1.0,True,0.0,0.0,0.08101747470440024,False,0.0,1.0,1.0
6,4u5p,26,baseline,225011,baseline,True,1.0,True,0.0,0.0,0.08101747470440024,False,0.0,1.0,1.0
6,4u5p,26,channel_k0,225001,exact,False,-0.23508771929824557,False,0.03105580170896638,0.4644260777331156,0.06686920308297745,False,0.040562463227132806,0.3333333333333333,0.4
6,4u5p,26,channel_k0,225001,exact,True,-0.07669172932330826,False,0.04616081438295949,0.5631138273992486,0.08197421575697056,False,0.03853434006577616,0.3333333333333333,0.4
6,4u5p,26,channel_k0,225001,baseline,False,-0.243859649122807,False,0.030984070475769954,0.4632396624111586,0.06688561664711118,False,0.04055496039008851,0.3333333333333333,0.4
6,4u5p,26,channel_k0,225001,baseline,True,-0.08421052631578946,False,0.04607092530040857,0.5620292333907001,0.0819724714717498,False,0.03852721237058408,0.3333333333333333,0.4
6,4u5p,26,channel_k0,225011,exact,False,0.512280701754386,False,0.02925444757426454,0.3619281169677665,0.08082944154590221,False,0.02377436291075691,0.0,0.6
6,4u5p,26,channel_k0,225011,exact,True,0.5203007518796992,False,0.02925444757426454,0.3619281169677665,0.08082944154590221,False,0.022585644765219064,0.0,0.6
6,4u5p,26,channel_k0,225011,baseline,False,0.5263157894736842,False,0.029302412097603647,0.3616801462217406,0.08101747470440024,False,0.023867918521943376,0.0,0.6
6,4u5p,26,channel_k0,225011,baseline,True,0.5323308270676691,False,0.029302412097603647,0.3616801462217406,0.08101747470440024,False,0.022674522595846208,0.0,0.6
6,4u5p,26,channel_k4,225001,exact,False,0.780701754385965,False,0.00797212162909089,0.11921962968809945,0.06686920308297745,False,0.026580438621067737,1.0,0.6
6,4u5p,26,channel_k4,225001,exact,True,0.8120300751879698,True,0.0,0.0,0.08197421575697056,False,0.02525141669001435,0.6666666666666666,0.8
6,4u5p,26,channel_k4,225001,baseline,False,0.7789473684210525,False,0.007936631193468657,0.11865975962130035,0.06688561664711118,False,0.026572935784023446,1.0,0.6
6,4u5p,26,channel_k4,225001,baseline,True,0.8105263157894737,True,0.0,0.0,0.0819724714717498,False,0.025244288994822273,0.6666666666666666,0.8
6,4u5p,26,channel_k4,225011,exact,False,0.7578947368421053,False,0.02925444757426454,0.3619281169677665,0.08082944154590221,False,0.01937904709846329,0.3333333333333333,0.6
6,4u5p,26,channel_k4,225011,exact,True,0.7714285714285714,False,0.02925444757426454,0.3619281169677665,0.08082944154590221,False,0.018410094743540127,0.3333333333333333,0.6
6,4u5p,26,channel_k4,225011,baseline,False,0.7684210526315789,False,0.029302412097603647,0.3616801462217406,0.08101747470440024,False,0.0195020646818171,0.3333333333333333,0.6
6,4u5p,26,channel_k4,225011,baseline,True,0.7804511278195487,False,0.029302412097603647,0.3616801462217406,0.08101747470440024,False,0.018526961447726243,0.3333333333333333,0.6
6,4u5p,26,channel_k8,225001,exact,False,0.9122807017543859,True,0.0,0.0,0.06686920308297745,False,0.017386194176312576,1.0,0.8
6,4u5p,26,channel_k8,225001,exact,True,0.9248120300751879,True,0.0,0.0,0.08197421575697056,False,0.016516884467496946,0.6666666666666666,1.0
6,4u5p,26,channel_k8,225001,baseline,False,0.9105263157894736,True,0.0,0.0,0.06688561664711118,False,0.017378691339268285,1.0,0.8
6,4u5p,26,channel_k8,225001,baseline,True,0.9233082706766916,True,0.0,0.0,0.0819724714717498,False,0.01650975677230487,0.6666666666666666,1.0
6,4u5p,26,channel_k8,225011,exact,False,0.8456140350877193,True,0.0,0.0,0.08082944154590221,False,0.013799272048025087,0.3333333333333333,0.8
6,4u5p,26,channel_k8,225011,exact,True,0.8616541353383457,True,0.0,0.0,0.08082944154590221,False,0.013109308445623833,0.3333333333333333,0.8
6,4u5p,26,channel_k8,225011,baseline,False,0.8508771929824561,True,0.0,0.0,0.08101747470440024,False,0.013923232519131037,0.3333333333333333,0.8
6,4u5p,26,channel_k8,225011,baseline,True,0.8661654135338346,True,0.0,0.0,0.08101747470440024,False,0.013227070893174486,0.3333333333333333,0.8
6,4u5p,26,channel_k16,225001,exact,False,0.9824561403508772,True,0.0,0.0,0.06686920308297745,False,0.008641765190629659,1.0,0.8
6,4u5p,26,channel_k16,225001,exact,True,0.9849624060150375,True,0.0,0.0,0.08197421575697056,False,0.008209676931098175,1.0,1.0
6,4u5p,26,channel_k16,225001,baseline,False,0.9771929824561404,True,0.0,0.0,0.06688561664711118,False,0.008634262353585366,1.0,0.8
6,4u5p,26,channel_k16,225001,baseline,True,0.9804511278195487,True,0.0,0.0,0.0819724714717498,False,0.008202549235906098,1.0,1.0
6,4u5p,26,channel_k16,225011,exact,False,0.8894736842105263,True,0.0,0.0,0.08082944154590221,False,0.006301175392339393,0.6666666666666666,0.8
6,4u5p,26,channel_k16,225011,exact,True,0.9052631578947368,True,0.0,0.0,0.08082944154590221,False,0.005986116622722424,0.6666666666666666,0.8
6,4u5p,26,channel_k16,225011,baseline,False,0.8982456140350877,True,0.0,0.0,0.08101747470440024,False,0.0063762471932478845,0.6666666666666666,0.8
6,4u5p,26,channel_k16,225011,baseline,True,0.9127819548872179,True,0.0,0.0,0.08101747470440024,False,0.00605743483358549,0.6666666666666666,0.8
6,4u5p,26,channel_k32,225001,exact,False,0.9964912280701754,True,0.0,0.0,0.06686920308297745,False,0.003647435836462849,1.0,1.0
6,4u5p,26,channel_k32,225001,exact,True,0.9969924812030074,True,0.0,0.0,0.08197421575697056,False,0.0034650640446397068,0.6666666666666666,1.0
6,4u5p,26,channel_k32,225001,baseline,False,0.9929824561403509,True,0.0,0.0,0.06688561664711118,False,0.0036399329994185573,1.0,1.0
6,4u5p,26,channel_k32,225001,baseline,True,0.993984962406015,True,0.0,0.0,0.0819724714717498,False,0.0034579363494476297,0.6666666666666666,1.0
6,4u5p,26,channel_k32,225011,exact,False,0.987719298245614,True,0.0,0.0,0.08082944154590221,False,0.0025824896236438743,1.0,1.0
6,4u5p,26,channel_k32,225011,exact,True,0.9894736842105262,True,0.0,0.0,0.08082944154590221,False,0.0024533651424616804,1.0,1.0
6,4u5p,26,channel_k32,225011,baseline,False,0.9929824561403509,True,0.0,0.0,0.08101747470440024,False,0.0026377787239570787,1.0,1.0
6,4u5p,26,channel_k32,225011,baseline,True,0.993984962406015,True,0.0,0.0,0.08101747470440024,False,0.0025058897877592245,1.0,1.0
6,4u5p,26,channel_k64,225001,exact,False,0.9964912280701754,True,0.0,0.0,0.06686920308297745,False,0.0006371450092576967,1.0,1.0
6,4u5p,26,channel_k64,225001,exact,True,0.9969924812030074,True,0.0,0.0,0.08197421575697056,False,0.0006052877587948118,1.0,1.0
6,4u5p,26,channel_k64,225001,baseline,False,0.9982456140350877,True,0.0,0.0,0.06688561664711118,False,0.0006258881216873692,1.0,1.0
6,4u5p,26,channel_k64,225001,baseline,True,0.9984962406015038,True,0.0,0.0,0.0819724714717498,False,0.0005945937156030007,1.0,1.0
6,4u5p,26,channel_k64,225011,exact,False,0.9947368421052631,True,0.0,0.0,0.08082944154590221,False,0.001086001923413232,1.0,1.0
6,4u5p,26,channel_k64,225011,exact,True,0.9954887218045112,True,0.0,0.0,0.08082944154590221,False,0.0010317018272425703,1.0,1.0
6,4u5p,26,channel_k64,225011,baseline,False,0.9982456140350877,True,0.0,0.0,0.08101747470440024,False,0.0010085924481107865,1.0,1.0
6,4u5p,26,channel_k64,225011,baseline,True,0.9984962406015038,True,0.0,0.0,0.08101747470440024,False,0.0009581628257052472,1.0,1.0
6,4u5p,26,channel_kfull,225001,exact,False,0.9982456140350877,True,0.0,0.0,0.06686920308297745,False,4.3098031465662134e-05,1.0,1.0
6,4u5p,26,channel_kfull,225001,exact,True,0.9984962406015038,True,0.0,0.0,0.08197421575697056,False,4.094312989237903e-05,1.0,1.0
6,4u5p,26,channel_kfull,225001,baseline,False,1.0,True,0.0,0.0,0.06688561664711118,False,0.0,1.0,1.0
6,4u5p,26,channel_kfull,225001,baseline,True,1.0,True,0.0,0.0,0.0819724714717498,False,0.0,1.0,1.0
6,4u5p,26,channel_kfull,225011,exact,False,0.9982456140350877,True,0.0,0.0,0.08082944154590221,False,0.0001494926107863714,1.0,1.0
6,4u5p,26,channel_kfull,225011,exact,True,0.9984962406015038,True,0.0,0.0,0.08082944154590221,False,0.0001420179802470528,1.0,1.0
6,4u5p,26,channel_kfull,225011,baseline,False,1.0,True,0.0,0.0,0.08101747470440024,False,0.0,1.0,1.0
6,4u5p,26,channel_kfull,225011,baseline,True,1.0,True,0.0,0.0,0.08101747470440024,False,0.0,1.0,1.0
6,4u5p,26,shared_k0,225001,exact,False,-0.23508771929824557,False,0.03105580170896638,0.4644260777331156,0.06686920308297745,False,0.040562463227132806,0.3333333333333333,0.4
6,4u5p,26,shared_k0,225001,exact,True,-0.07669172932330826,False,0.04616081438295949,0.5631138273992486,0.08197421575697056,False,0.03853434006577616,0.3333333333333333,0.4
6,4u5p,26,shared_k0,225001,baseline,False,-0.243859649122807,False,0.030984070475769954,0.4632396624111586,0.06688561664711118,False,0.04055496039008851,0.3333333333333333,0.4
6,4u5p,26,shared_k0,225001,baseline,True,-0.08421052631578946,False,0.04607092530040857,0.5620292333907001,0.0819724714717498,False,0.03852721237058408,0.3333333333333333,0.4
6,4u5p,26,shared_k0,225011,exact,False,0.512280701754386,False,0.02925444757426454,0.3619281169677665,0.08082944154590221,False,0.02377436291075691,0.0,0.6
6,4u5p,26,shared_k0,225011,exact,True,0.5203007518796992,False,0.02925444757426454,0.3619281169677665,0.08082944154590221,False,0.022585644765219064,0.0,0.6
6,4u5p,26,shared_k0,225011,baseline,False,0.5263157894736842,False,0.029302412097603647,0.3616801462217406,0.08101747470440024,False,0.023867918521943376,0.0,0.6
6,4u5p,26,shared_k0,225011,baseline,True,0.5323308270676691,False,0.029302412097603647,0.3616801462217406,0.08101747470440024,False,0.022674522595846208,0.0,0.6
6,4u5p,26,shared_k4,225001,exact,False,-0.44912280701754387,False,0.035745014773739314,0.5345512302484541,0.06686920308297745,False,0.0415799405144369,0.0,0.0
6,4u5p,26,shared_k4,225001,exact,True,-0.28421052631578947,False,0.05085002744773243,0.6203173397655649,0.08197421575697056,False,0.03950094348871506,0.3333333333333333,0.2
6,4u5p,26,shared_k4,225001,baseline,False,-0.46140350877192987,False,0.03574001034133967,0.5343452319488079,0.06688561664711118,False,0.041572437677392625,0.0,0.0
6,4u5p,26,shared_k4,225001,baseline,True,-0.29473684210526313,False,0.050826865165978286,0.6200479777347542,0.0819724714717498,False,0.03949381579352299,0.3333333333333333,0.2
6,4u5p,26,shared_k4,225011,exact,False,0.5263157894736842,False,0.02925444757426454,0.3619281169677665,0.08082944154590221,False,0.026233888195903093,0.0,0.4
6,4u5p,26,shared_k4,225011,exact,True,0.5518796992481202,False,0.02925444757426454,0.3619281169677665,0.08082944154590221,False,0.024922193786107938,0.0,0.4
6,4u5p,26,shared_k4,225011,baseline,False,0.543859649122807,False,0.029302412097603647,0.3616801462217406,0.08101747470440024,False,0.026356905779256902,0.0,0.4
6,4u5p,26,shared_k4,225011,baseline,True,0.5669172932330826,False,0.029302412097603647,0.3616801462217406,0.08101747470440024,False,0.025039060490294057,0.0,0.4
6,4u5p,26,shared_k8,225001,exact,False,-0.2614035087719298,False,0.035745014773739314,0.5345512302484541,0.06686920308297745,False,0.03730803865158473,0.0,0.2
6,4u5p,26,shared_k8,225001,exact,True,-0.08120300751879699,True,0.0,0.0,0.08197421575697056,False,0.035442636719005494,0.3333333333333333,0.2
6,4u5p,26,shared_k8,225001,baseline,False,-0.2789473684210526,False,0.03574001034133967,0.5343452319488079,0.06688561664711118,False,0.03730053581454044,0.0,0.2
6,4u5p,26,shared_k8,225001,baseline,True,-0.09624060150375939,True,0.0,0.0,0.0819724714717498,False,0.035435509023813413,0.3333333333333333,0.2
6,4u5p,26,shared_k8,225011,exact,False,0.5175438596491229,False,0.02925444757426454,0.3619281169677665,0.08082944154590221,False,0.024769130348720775,0.0,0.4
6,4u5p,26,shared_k8,225011,exact,True,0.544360902255639,False,0.02925444757426454,0.3619281169677665,0.08082944154590221,False,0.023530673831284737,0.0,0.4
6,4u5p,26,shared_k8,225011,baseline,False,0.5333333333333333,False,0.029302412097603647,0.3616801462217406,0.08101747470440024,False,0.024876825978611617,0.0,0.4
6,4u5p,26,shared_k8,225011,baseline,True,0.5578947368421052,False,0.029302412097603647,0.3616801462217406,0.08101747470440024,False,0.02363298467968104,0.0,0.4
6,4u5p,26,shared_k16,225001,exact,False,0.6701754385964912,True,0.0,0.0,0.06686920308297745,False,0.028955587563018303,0.6666666666666666,0.6
6,4u5p,26,shared_k16,225001,exact,True,0.7172932330827068,True,0.0,0.0,0.08197421575697056,False,0.027507808184867387,0.6666666666666666,0.8
6,4u5p,26,shared_k16,225001,baseline,False,0.6578947368421053,True,0.0,0.0,0.06688561664711118,False,0.028948084725974012,0.6666666666666666,0.6
6,4u5p,26,shared_k16,225001,baseline,True,0.706766917293233,True,0.0,0.0,0.0819724714717498,False,0.02750068048967531,0.6666666666666666,0.8
6,4u5p,26,shared_k16,225011,exact,False,0.6315789473684211,False,0.02925444757426454,0.3619281169677665,0.08082944154590221,False,0.021785763875093678,0.3333333333333333,0.6
6,4u5p,26,shared_k16,225011,exact,True,0.6481203007518795,False,0.02925444757426454,0.3619281169677665,0.08082944154590221,False,0.020696475681338995,0.3333333333333333,0.6
6,4u5p,26,shared_k16,225011,baseline,False,0.6438596491228071,False,0.029302412097603647,0.3616801462217406,0.08101747470440024,False,0.021908781458447484,0.3333333333333333,0.6
6,4u5p,26,shared_k16,225011,baseline,True,0.6586466165413534,False,0.029302412097603647,0.3616801462217406,0.08101747470440024,False,0.02081334238552511,0.3333333333333333,0.6
6,4u5p,26,shared_k32,225001,exact,False,0.887719298245614,True,0.0,0.0,0.06686920308297745,False,0.017847123248109886,1.0,0.8
6,4u5p,26,shared_k32,225001,exact,True,0.9037593984962405,True,0.0,0.0,0.08197421575697056,False,0.01695476708570439,1.0,1.0
6,4u5p,26,shared_k32,225001,baseline,False,0.8789473684210527,True,0.0,0.0,0.06688561664711118,False,0.017839620411065595,1.0,0.8
6,4u5p,26,shared_k32,225001,baseline,True,0.8962406015037594,True,0.0,0.0,0.0819724714717498,False,0.016947639390512314,1.0,1.0
6,4u5p,26,shared_k32,225011,exact,False,0.8140350877192982,True,0.0,0.0,0.08082944154590221,False,0.013493555302862786,0.3333333333333333,0.6
6,4u5p,26,shared_k32,225011,exact,True,0.8330827067669173,True,0.0,0.0,0.08082944154590221,False,0.012818877537719648,0.3333333333333333,0.6
6,4u5p,26,shared_k32,225011,baseline,False,0.8228070175438595,True,0.0,0.0,0.08101747470440024,False,0.013617515773968738,0.3333333333333333,0.6
6,4u5p,26,shared_k32,225011,baseline,True,0.8406015037593983,True,0.0,0.0,0.08101747470440024,False,0.012936639985270301,0.3333333333333333,0.6
6,4u5p,26,shared_k64,225001,exact,False,0.9824561403508772,True,0.0,0.0,0.06686920308297745,False,0.0060334705677172265,1.0,0.8
6,4u5p,26,shared_k64,225001,exact,True,0.9849624060150375,True,0.0,0.0,0.08197421575697056,False,0.005731797039331366,0.6666666666666666,1.0
6,4u5p,26,shared_k64,225001,baseline,False,0.975438596491228,True,0.0,0.0,0.06688561664711118,False,0.006025967730672935,1.0,0.8
6,4u5p,26,shared_k64,225001,baseline,True,0.9789473684210527,True,0.0,0.0,0.0819724714717498,False,0.005724669344139288,0.6666666666666666,1.0
6,4u5p,26,shared_k64,225011,exact,False,0.975438596491228,True,0.0,0.0,0.08082944154590221,False,0.005599850432622733,1.0,1.0
6,4u5p,26,shared_k64,225011,exact,True,0.9759398496240601,True,0.0,0.0,0.08082944154590221,False,0.005319857910991596,1.0,1.0
6,4u5p,26,shared_k64,225011,baseline,False,0.9789473684210527,True,0.0,0.0,0.08101747470440024,False,0.005718763271409381,1.0,1.0
6,4u5p,26,shared_k64,225011,baseline,True,0.9789473684210527,True,0.0,0.0,0.08101747470440024,False,0.005432825107838912,1.0,1.0
6,4u5p,26,shared_kfull,225001,exact,False,0.9982456140350877,True,0.0,0.0,0.06686920308297745,False,4.3098031465662134e-05,1.0,1.0
6,4u5p,26,shared_kfull,225001,exact,True,0.9984962406015038,True,0.0,0.0,0.08197421575697056,False,4.094312989237903e-05,1.0,1.0
6,4u5p,26,shared_kfull,225001,baseline,False,1.0,True,0.0,0.0,0.06688561664711118,False,0.0,1.0,1.0
6,4u5p,26,shared_kfull,225001,baseline,True,1.0,True,0.0,0.0,0.0819724714717498,False,0.0,1.0,1.0
6,4u5p,26,shared_kfull,225011,exact,False,0.9982456140350877,True,0.0,0.0,0.08082944154590221,False,0.0001494926107863714,1.0,1.0
6,4u5p,26,shared_kfull,225011,exact,True,0.9984962406015038,True,0.0,0.0,0.08082944154590221,False,0.0001420179802470528,1.0,1.0
6,4u5p,26,shared_kfull,225011,baseline,False,1.0,True,0.0,0.0,0.08101747470440024,False,0.0,1.0,1.0
6,4u5p,26,shared_kfull,225011,baseline,True,1.0,True,0.0,0.0,0.08101747470440024,False,0.0,1.0,1.0
3,2trh,103,baseline,225001,exact,False,0.9982456140350877,True,0.0,0.0,0.08515773435549456,False,0.00017646782886548973,1.0,1.0
3,2trh,103,baseline,225001,exact,True,0.9984962406015038,True,0.0,0.0,0.08515773435549456,False,0.00016764443742221525,1.0,1.0
3,2trh,103,baseline,225001,baseline,False,1.0,True,0.0,0.0,0.08486968088817581,False,0.0,1.0,1.0
3,2trh,103,baseline,225001,baseline,True,1.0,True,0.0,0.0,0.08486968088817581,False,0.0,1.0,1.0
3,2trh,103,baseline,225011,exact,False,1.0,True,0.0,0.0,0.12448599848076924,False,0.0001668451491086409,1.0,1.0
3,2trh,103,baseline,225011,exact,True,1.0,True,0.0,0.0,0.12448599848076924,False,0.00015850289165320885,1.0,1.0
3,2trh,103,baseline,225011,baseline,False,1.0,True,0.0,0.0,0.12460026281042902,False,0.0,1.0,1.0
3,2trh,103,baseline,225011,baseline,True,1.0,True,0.0,0.0,0.12460026281042902,False,0.0,1.0,1.0
3,2trh,103,channel_k0,225001,exact,False,0.5701754385964912,True,0.0,0.0,0.08515773435549456,False,0.016206739291456884,1.0,0.6
3,2trh,103,channel_k0,225001,exact,True,0.5729323308270676,True,0.0,0.0,0.08515773435549456,False,0.01539640232688404,1.0,0.6
3,2trh,103,channel_k0,225001,baseline,False,0.5789473684210525,True,0.0,0.0,0.08486968088817581,False,0.016137819058449507,1.0,0.6
3,2trh,103,channel_k0,225001,baseline,True,0.5804511278195488,True,0.0,0.0,0.08486968088817581,False,0.01533092810552703,1.0,0.6
3,2trh,103,channel_k0,225011,exact,False,0.7105263157894737,True,0.0,0.0,0.12448599848076924,False,0.02698578646710223,0.6666666666666666,1.0
3,2trh,103,channel_k0,225011,exact,True,0.7458646616541353,True,0.0,0.0,0.12448599848076924,False,0.025636497143747116,0.6666666666666666,1.0
3,2trh,103,channel_k0,225011,baseline,False,0.7105263157894737,True,0.0,0.0,0.12460026281042902,False,0.02704549118034136,0.6666666666666666,1.0
3,2trh,103,channel_k0,225011,baseline,True,0.7458646616541353,True,0.0,0.0,0.12460026281042902,False,0.025693216621324295,0.6666666666666666,1.0
3,2trh,103,channel_k4,225001,exact,False,0.9228070175438597,True,0.0,0.0,0.08515773435549456,False,0.005842339110839058,1.0,1.0
3,2trh,103,channel_k4,225001,exact,True,0.932330827067669,True,0.0,0.0,0.08515773435549456,False,0.005550222155297105,1.0,1.0
3,2trh,103,channel_k4,225001,baseline,False,0.9245614035087718,True,0.0,0.0,0.08486968088817581,False,0.005699253738562542,1.0,1.0
3,2trh,103,channel_k4,225001,baseline,True,0.9338345864661652,True,0.0,0.0,0.08486968088817581,False,0.005414291051634415,1.0,1.0
3,2trh,103,channel_k4,225011,exact,False,0.9578947368421052,True,0.0,0.0,0.12448599848076924,False,0.007885279791293819,0.6666666666666666,0.8
3,2trh,103,channel_k4,225011,exact,True,0.9639097744360902,True,0.0,0.0,0.12448599848076924,False,0.007491015801729129,1.0,1.0
3,2trh,103,channel_k4,225011,baseline,False,0.9578947368421052,True,0.0,0.0,0.12460026281042902,False,0.007824152372301727,0.6666666666666666,0.8
3,2trh,103,channel_k4,225011,baseline,True,0.9639097744360902,True,0.0,0.0,0.12460026281042902,False,0.00743294475368664,1.0,1.0
3,2trh,103,channel_k8,225001,exact,False,0.975438596491228,True,0.0,0.0,0.08515773435549456,False,0.0027453189053522516,1.0,1.0
3,2trh,103,channel_k8,225001,exact,True,0.9789473684210527,True,0.0,0.0,0.08515773435549456,False,0.002608052960084639,1.0,1.0
3,2trh,103,channel_k8,225001,baseline,False,0.9701754385964911,True,0.0,0.0,0.08486968088817581,False,0.002684729446968398,1.0,1.0
3,2trh,103,channel_k8,225001,baseline,True,0.9744360902255638,True,0.0,0.0,0.08486968088817581,False,0.0025504929746199777,1.0,1.0
3,2trh,103,channel_k8,225011,exact,False,0.9842105263157893,True,0.0,0.0,0.12448599848076924,False,0.004057471975339069,1.0,1.0
3,2trh,103,channel_k8,225011,exact,True,0.9864661654135337,True,0.0,0.0,0.12448599848076924,False,0.003854598376572116,1.0,1.0
3,2trh,103,channel_k8,225011,baseline,False,0.9842105263157893,True,0.0,0.0,0.12460026281042902,False,0.004009654522537662,1.0,1.0
3,2trh,103,channel_k8,225011,baseline,True,0.9864661654135337,True,0.0,0.0,0.12460026281042902,False,0.003809171796410779,1.0,1.0
3,2trh,103,channel_k16,225001,exact,False,0.9982456140350877,True,0.0,0.0,0.08515773435549456,False,0.0008342137917236358,1.0,1.0
3,2trh,103,channel_k16,225001,exact,True,0.9969924812030074,True,0.0,0.0,0.08515773435549456,False,0.000792503102137454,1.0,0.8
3,2trh,103,channel_k16,225001,baseline,False,1.0,True,0.0,0.0,0.08486968088817581,False,0.00080425153344195,1.0,1.0
3,2trh,103,channel_k16,225001,baseline,True,0.9984962406015038,True,0.0,0.0,0.08486968088817581,False,0.0007640389567698525,1.0,0.8
3,2trh,103,channel_k16,225011,exact,False,0.9912280701754386,True,0.0,0.0,0.12448599848076924,False,0.0014150095041336522,0.6666666666666666,1.0
3,2trh,103,channel_k16,225011,exact,True,0.9924812030075187,True,0.0,0.0,0.12448599848076924,False,0.0013442590289269695,1.0,1.0
3,2trh,103,channel_k16,225011,baseline,False,0.9912280701754386,True,0.0,0.0,0.12460026281042902,False,0.0013332864326218456,0.6666666666666666,1.0
3,2trh,103,channel_k16,225011,baseline,True,0.9924812030075187,True,0.0,0.0,0.12460026281042902,False,0.0012666221109907533,1.0,1.0
3,2trh,103,channel_k32,225001,exact,False,1.0,True,0.0,0.0,0.08515773435549456,False,0.0002721367492441305,1.0,1.0
3,2trh,103,channel_k32,225001,exact,True,1.0,True,0.0,0.0,0.08515773435549456,False,0.00025852991178192396,1.0,1.0
3,2trh,103,channel_k32,225001,baseline,False,0.9982456140350877,True,0.0,0.0,0.08486968088817581,False,0.00020901341201063963,1.0,1.0
3,2trh,103,channel_k32,225001,baseline,True,0.9984962406015038,True,0.0,0.0,0.08486968088817581,False,0.00019856274141010765,1.0,1.0
3,2trh,103,channel_k32,225011,exact,False,0.9982456140350877,True,0.0,0.0,0.12448599848076924,False,0.0003828961688770274,1.0,1.0
3,2trh,103,channel_k32,225011,exact,True,0.9984962406015038,True,0.0,0.0,0.12448599848076924,False,0.00036375136043317603,1.0,1.0
3,2trh,103,channel_k32,225011,baseline,False,0.9982456140350877,True,0.0,0.0,0.12460026281042902,False,0.00026503789603801,1.0,1.0
3,2trh,103,channel_k32,225011,baseline,True,0.9984962406015038,True,0.0,0.0,0.12460026281042902,False,0.0002517860012361095,1.0,1.0
3,2trh,103,channel_k64,225001,exact,False,0.9982456140350877,True,0.0,0.0,0.08515773435549456,False,0.00019950153014293206,1.0,1.0
3,2trh,103,channel_k64,225001,exact,True,0.9984962406015038,True,0.0,0.0,0.08515773435549456,False,0.00018952645363578546,1.0,1.0
3,2trh,103,channel_k64,225001,baseline,False,1.0,True,0.0,0.0,0.08486968088817581,False,8.000291706503217e-05,1.0,1.0
3,2trh,103,channel_k64,225001,baseline,True,1.0,True,0.0,0.0,0.08486968088817581,False,7.600277121178056e-05,1.0,1.0
3,2trh,103,channel_k64,225011,exact,False,1.0,True,0.0,0.0,0.12448599848076924,False,0.00017129431263168682,1.0,1.0
3,2trh,103,channel_k64,225011,exact,True,1.0,True,0.0,0.0,0.12448599848076924,False,0.00016272959700010248,1.0,1.0
3,2trh,103,channel_k64,225011,baseline,False,1.0,True,0.0,0.0,0.12460026281042902,False,7.277183925071349e-05,1.0,1.0
3,2trh,103,channel_k64,225011,baseline,True,1.0,True,0.0,0.0,0.12460026281042902,False,6.913324728817783e-05,1.0,1.0
3,2trh,103,channel_kfull,225001,exact,False,0.9982456140350877,True,0.0,0.0,0.08515773435549456,False,0.00017646782886548973,1.0,1.0
3,2trh,103,channel_kfull,225001,exact,True,0.9984962406015038,True,0.0,0.0,0.08515773435549456,False,0.00016764443742221525,1.0,1.0
3,2trh,103,channel_kfull,225001,baseline,False,1.0,True,0.0,0.0,0.08486968088817581,False,0.0,1.0,1.0
3,2trh,103,channel_kfull,225001,baseline,True,1.0,True,0.0,0.0,0.08486968088817581,False,0.0,1.0,1.0
3,2trh,103,channel_kfull,225011,exact,False,1.0,True,0.0,0.0,0.12448599848076924,False,0.0001668451491086409,1.0,1.0
3,2trh,103,channel_kfull,225011,exact,True,1.0,True,0.0,0.0,0.12448599848076924,False,0.00015850289165320885,1.0,1.0
3,2trh,103,channel_kfull,225011,baseline,False,1.0,True,0.0,0.0,0.12460026281042902,False,0.0,1.0,1.0
3,2trh,103,channel_kfull,225011,baseline,True,1.0,True,0.0,0.0,0.12460026281042902,False,0.0,1.0,1.0
3,2trh,103,shared_k0,225001,exact,False,0.5701754385964912,True,0.0,0.0,0.08515773435549456,False,0.016206739291456884,1.0,0.6
3,2trh,103,shared_k0,225001,exact,True,0.5729323308270676,True,0.0,0.0,0.08515773435549456,False,0.01539640232688404,1.0,0.6
3,2trh,103,shared_k0,225001,baseline,False,0.5789473684210525,True,0.0,0.0,0.08486968088817581,False,0.016137819058449507,1.0,0.6
3,2trh,103,shared_k0,225001,baseline,True,0.5804511278195488,True,0.0,0.0,0.08486968088817581,False,0.01533092810552703,1.0,0.6
3,2trh,103,shared_k0,225011,exact,False,0.7105263157894737,True,0.0,0.0,0.12448599848076924,False,0.02698578646710223,0.6666666666666666,1.0
3,2trh,103,shared_k0,225011,exact,True,0.7458646616541353,True,0.0,0.0,0.12448599848076924,False,0.025636497143747116,0.6666666666666666,1.0
3,2trh,103,shared_k0,225011,baseline,False,0.7105263157894737,True,0.0,0.0,0.12460026281042902,False,0.02704549118034136,0.6666666666666666,1.0
3,2trh,103,shared_k0,225011,baseline,True,0.7458646616541353,True,0.0,0.0,0.12460026281042902,False,0.025693216621324295,0.6666666666666666,1.0
3,2trh,103,shared_k4,225001,exact,False,0.7789473684210525,False,0.01635450581013731,0.19204956465686057,0.08515773435549456,False,0.015143250337484426,1.0,0.6
3,2trh,103,shared_k4,225001,exact,True,0.7924812030075187,False,0.01635450581013731,0.19204956465686057,0.08515773435549456,False,0.014386087820610205,1.0,0.6
3,2trh,103,shared_k4,225001,baseline,False,0.7912280701754386,False,0.01604868606356874,0.18909798994901925,0.08486968088817581,False,0.015074330104477049,1.0,0.6
3,2trh,103,shared_k4,225001,baseline,True,0.8030075187969924,False,0.01604868606356874,0.18909798994901925,0.08486968088817581,False,0.014320613599253195,1.0,0.6
3,2trh,103,shared_k4,225011,exact,False,0.8035087719298245,True,0.0,0.0,0.12448599848076924,False,0.025438026122013645,0.6666666666666666,0.8
3,2trh,103,shared_k4,225011,exact,True,0.825563909774436,True,0.0,0.0,0.12448599848076924,False,0.024166124815912963,0.6666666666666666,1.0
3,2trh,103,shared_k4,225011,baseline,False,0.8035087719298245,True,0.0,0.0,0.12460026281042902,False,0.025497730835252776,0.6666666666666666,0.8
3,2trh,103,shared_k4,225011,baseline,True,0.825563909774436,True,0.0,0.0,0.12460026281042902,False,0.024222844293490135,0.6666666666666666,1.0
3,2trh,103,shared_k8,225001,exact,False,0.8105263157894737,True,0.0,0.0,0.08515773435549456,False,0.006926718365871667,1.0,0.8
3,2trh,103,shared_k8,225001,exact,True,0.8300751879699247,True,0.0,0.0,0.08515773435549456,False,0.006580382447578084,1.0,0.8
3,2trh,103,shared_k8,225001,baseline,False,0.8070175438596491,True,0.0,0.0,0.08486968088817581,False,0.006944803055023515,1.0,0.8
3,2trh,103,shared_k8,225001,baseline,True,0.8270676691729323,True,0.0,0.0,0.08486968088817581,False,0.006597562902272339,1.0,0.8
3,2trh,103,shared_k8,225011,exact,False,0.8964912280701753,True,0.0,0.0,0.12448599848076924,False,0.011509364404989605,0.6666666666666666,0.8
3,2trh,103,shared_k8,225011,exact,True,0.9112781954887217,True,0.0,0.0,0.12448599848076924,False,0.010933896184740124,1.0,0.8
3,2trh,103,shared_k8,225011,baseline,False,0.8964912280701753,True,0.0,0.0,0.12460026281042902,False,0.011569292600819386,0.6666666666666666,0.8
3,2trh,103,shared_k8,225011,baseline,True,0.9112781954887217,True,0.0,0.0,0.12460026281042902,False,0.010990827970778416,1.0,0.8
3,2trh,103,shared_k16,225001,exact,False,0.9736842105263157,False,0.00566008232614601,0.06646586324757957,0.08515773435549456,False,0.004768255671362319,1.0,1.0
3,2trh,103,shared_k16,225001,exact,True,0.9774436090225563,False,0.00566008232614601,0.06646586324757957,0.08515773435549456,False,0.004529842887794203,1.0,1.0
3,2trh,103,shared_k16,225001,baseline,False,0.9771929824561404,False,0.005307550533923233,0.06253765158981162,0.08486968088817581,False,0.004685797687824876,1.0,1.0
3,2trh,103,shared_k16,225001,baseline,True,0.9804511278195487,False,0.005307550533923233,0.06253765158981162,0.08486968088817581,False,0.0044515078034336325,1.0,1.0
3,2trh,103,shared_k16,225011,exact,False,0.9596491228070174,True,0.0,0.0,0.12448599848076924,False,0.00851771531697058,0.6666666666666666,1.0
3,2trh,103,shared_k16,225011,exact,True,0.9654135338345864,True,0.0,0.0,0.12448599848076924,False,0.00809182955112205,1.0,1.0
3,2trh,103,shared_k16,225011,baseline,False,0.9596491228070174,True,0.0,0.0,0.12460026281042902,False,0.008574869204380301,0.6666666666666666,1.0
3,2trh,103,shared_k16,225011,baseline,True,0.9654135338345864,True,0.0,0.0,0.12460026281042902,False,0.008146125744161287,1.0,1.0
3,2trh,103,shared_k32,225001,exact,False,0.9964912280701754,False,0.00566008232614601,0.06646586324757957,0.08515773435549456,False,0.0017234506382228728,1.0,1.0
3,2trh,103,shared_k32,225001,exact,True,0.9969924812030074,False,0.00566008232614601,0.06646586324757957,0.08515773435549456,False,0.0016372781063117292,1.0,1.0
3,2trh,103,shared_k32,225001,baseline,False,0.9982456140350877,False,0.005307550533923233,0.06253765158981162,0.08486968088817581,False,0.0016552123847568018,1.0,1.0
3,2trh,103,shared_k32,225001,baseline,True,0.9984962406015038,False,0.005307550533923233,0.06253765158981162,0.08486968088817581,False,0.001572451765518962,1.0,1.0
3,2trh,103,shared_k32,225011,exact,False,0.9859649122807018,True,0.0,0.0,0.12448599848076924,False,0.002676965955048513,0.6666666666666666,1.0
3,2trh,103,shared_k32,225011,exact,True,0.9879699248120299,True,0.0,0.0,0.12448599848076924,False,0.0025431176572960875,1.0,1.0
3,2trh,103,shared_k32,225011,baseline,False,0.9859649122807018,True,0.0,0.0,0.12460026281042902,False,0.002631256955240252,0.6666666666666666,1.0
3,2trh,103,shared_k32,225011,baseline,True,0.9879699248120299,True,0.0,0.0,0.12460026281042902,False,0.0024996941074782396,1.0,1.0
3,2trh,103,shared_k64,225001,exact,False,0.9982456140350877,True,0.0,0.0,0.08515773435549456,False,0.00041134052945204633,1.0,1.0
3,2trh,103,shared_k64,225001,exact,True,0.9969924812030074,True,0.0,0.0,0.08515773435549456,False,0.00039077350297944403,1.0,0.8
3,2trh,103,shared_k64,225001,baseline,False,1.0,True,0.0,0.0,0.08486968088817581,False,0.0004536721487013918,1.0,1.0
3,2trh,103,shared_k64,225001,baseline,True,0.9984962406015038,True,0.0,0.0,0.08486968088817581,False,0.0004309885412663222,1.0,0.8
3,2trh,103,shared_k64,225011,exact,False,0.9947368421052631,True,0.0,0.0,0.12448599848076924,False,0.0008662730426999482,0.6666666666666666,1.0
3,2trh,103,shared_k64,225011,exact,True,0.9954887218045112,True,0.0,0.0,0.12448599848076924,False,0.0008229593905649507,1.0,1.0
3,2trh,103,shared_k64,225011,baseline,False,0.9947368421052631,True,0.0,0.0,0.12460026281042902,False,0.0008148130293585263,0.6666666666666666,1.0
3,2trh,103,shared_k64,225011,baseline,True,0.9954887218045112,True,0.0,0.0,0.12460026281042902,False,0.0007740723778906,1.0,1.0
3,2trh,103,shared_kfull,225001,exact,False,0.9982456140350877,True,0.0,0.0,0.08515773435549456,False,0.00017646782886548973,1.0,1.0
3,2trh,103,shared_kfull,225001,exact,True,0.9984962406015038,True,0.0,0.0,0.08515773435549456,False,0.00016764443742221525,1.0,1.0
3,2trh,103,shared_kfull,225001,baseline,False,1.0,True,0.0,0.0,0.08486968088817581,False,0.0,1.0,1.0
3,2trh,103,shared_kfull,225001,baseline,True,1.0,True,0.0,0.0,0.08486968088817581,False,0.0,1.0,1.0
3,2trh,103,shared_kfull,225011,exact,False,1.0,True,0.0,0.0,0.12448599848076924,False,0.0001668451491086409,1.0,1.0
3,2trh,103,shared_kfull,225011,exact,True,1.0,True,0.0,0.0,0.12448599848076924,False,0.00015850289165320885,1.0,1.0
3,2trh,103,shared_kfull,225011,baseline,False,1.0,True,0.0,0.0,0.12460026281042902,False,0.0,1.0,1.0
3,2trh,103,shared_kfull,225011,baseline,True,1.0,True,0.0,0.0,0.12460026281042902,False,0.0,1.0,1.0
6,4u5p,116,baseline,225001,exact,False,1.0,True,0.0,0.0,0.07110242067893854,False,9.900200434402815e-05,1.0,1.0
6,4u5p,116,baseline,225001,exact,True,1.0,True,0.0,0.0,0.07110242067893854,False,9.405190412682674e-05,1.0,1.0
6,4u5p,116,baseline,225001,baseline,False,1.0,True,0.0,0.0,0.07104805283099716,False,0.0,1.0,1.0
6,4u5p,116,baseline,225001,baseline,True,1.0,True,0.0,0.0,0.07104805283099716,False,0.0,1.0,1.0
6,4u5p,116,baseline,225011,exact,False,1.0,True,0.0,0.0,0.1882168489842098,False,0.0001794683977800982,1.0,1.0
6,4u5p,116,baseline,225011,exact,True,1.0,True,0.0,0.0,0.1882168489842098,False,0.0001704949778910933,1.0,1.0
6,4u5p,116,baseline,225011,baseline,False,1.0,True,0.0,0.0,0.18859943470996207,False,0.0,1.0,1.0
6,4u5p,116,baseline,225011,baseline,True,1.0,True,0.0,0.0,0.18859943470996207,False,0.0,1.0,1.0
6,4u5p,116,channel_k0,225001,exact,False,0.37719298245614036,False,0.004232109971092635,0.0595213205215985,0.07110242067893854,False,0.022390848702596118,0.6666666666666666,0.4
6,4u5p,116,channel_k0,225001,exact,True,0.35187969924812035,False,0.004232109971092635,0.0595213205215985,0.07110242067893854,False,0.02127130626746631,0.6666666666666666,0.4
6,4u5p,116,channel_k0,225001,baseline,False,0.37719298245614036,False,0.004239496375236962,0.05967083130795297,0.07104805283099716,False,0.022358759083605025,0.6666666666666666,0.4
6,4u5p,116,channel_k0,225001,baseline,True,0.35187969924812035,False,0.004239496375236962,0.05967083130795297,0.07104805283099716,False,0.021240821129424773,0.6666666666666666,0.4
6,4u5p,116,channel_k0,225011,exact,False,0.882456140350877,False,0.03364311877452461,0.1787465838265471,0.1882168489842098,False,0.024973680561316186,0.3333333333333333,0.8
6,4u5p,116,channel_k0,225011,exact,True,0.8796992481203006,False,0.03364311877452461,0.1787465838265471,0.1882168489842098,False,0.02372499653325038,0.3333333333333333,0.8
6,4u5p,116,channel_k0,225011,baseline,False,0.882456140350877,False,0.033597198920681554,0.17814050700814166,0.18859943470996207,False,0.024896511178156465,0.3333333333333333,0.8
6,4u5p,116,channel_k0,225011,baseline,True,0.8796992481203006,False,0.033597198920681554,0.17814050700814166,0.18859943470996207,False,0.02365168561924864,0.3333333333333333,0.8
6,4u5p,116,channel_k4,225001,exact,False,0.9649122807017543,True,0.0,0.0,0.07110242067893854,False,0.013358537566719874,0.6666666666666666,0.8
6,4u5p,116,channel_k4,225001,exact,True,0.9609022556390976,True,0.0,0.0,0.07110242067893854,False,0.01269061068838388,0.6666666666666666,0.8
6,4u5p,116,channel_k4,225001,baseline,False,0.9649122807017543,True,0.0,0.0,0.07104805283099716,False,0.01332644794772877,0.6666666666666666,0.8
6,4u5p,116,channel_k4,225001,baseline,True,0.9609022556390976,True,0.0,0.0,0.07104805283099716,False,0.012660125550342332,0.6666666666666666,0.8
6,4u5p,116,channel_k4,225011,exact,False,0.9192982456140351,True,0.0,0.0,0.1882168489842098,False,0.0186049747345254,0.3333333333333333,0.8
6,4u5p,116,channel_k4,225011,exact,True,0.9203007518796992,True,0.0,0.0,0.1882168489842098,False,0.017674725997799123,0.3333333333333333,0.8
6,4u5p,116,channel_k4,225011,baseline,False,0.9192982456140351,True,0.0,0.0,0.18859943470996207,False,0.01854378947576108,0.3333333333333333,0.8
6,4u5p,116,channel_k4,225011,baseline,True,0.9203007518796992,True,0.0,0.0,0.18859943470996207,False,0.017616600001973026,0.3333333333333333,0.8
6,4u5p,116,channel_k8,225001,exact,False,0.9631578947368421,True,0.0,0.0,0.07110242067893854,False,0.008579796685591855,0.6666666666666666,0.8
6,4u5p,116,channel_k8,225001,exact,True,0.9624060150375938,True,0.0,0.0,0.07110242067893854,False,0.008150806851312262,0.6666666666666666,0.8
6,4u5p,116,channel_k8,225001,baseline,False,0.9631578947368421,True,0.0,0.0,0.07104805283099716,False,0.008547707066600754,0.6666666666666666,0.8
6,4u5p,116,channel_k8,225001,baseline,True,0.9624060150375938,True,0.0,0.0,0.07104805283099716,False,0.008120321713270717,0.6666666666666666,0.8
6,4u5p,116,channel_k8,225011,exact,False,0.9368421052631579,True,0.0,0.0,0.1882168489842098,False,0.014571876358978955,0.3333333333333333,1.0
6,4u5p,116,channel_k8,225011,exact,True,0.9353383458646616,True,0.0,0.0,0.1882168489842098,False,0.013843282541030007,0.3333333333333333,1.0
6,4u5p,116,channel_k8,225011,baseline,False,0.9368421052631579,True,0.0,0.0,0.18859943470996207,False,0.01450491798949319,0.3333333333333333,1.0
6,4u5p,116,channel_k8,225011,baseline,True,0.9353383458646616,True,0.0,0.0,0.18859943470996207,False,0.01377967209001853,0.3333333333333333,1.0
6,4u5p,116,channel_k16,225001,exact,False,0.987719298245614,True,0.0,0.0,0.07110242067893854,False,0.003945469042070262,0.6666666666666666,0.8
6,4u5p,116,channel_k16,225001,exact,True,0.9849624060150375,True,0.0,0.0,0.07110242067893854,False,0.0037481955899667492,0.6666666666666666,0.8
6,4u5p,116,channel_k16,225001,baseline,False,0.987719298245614,True,0.0,0.0,0.07104805283099716,False,0.003913379423079163,0.6666666666666666,0.8
6,4u5p,116,channel_k16,225001,baseline,True,0.9849624060150375,True,0.0,0.0,0.07104805283099716,False,0.0037177104519252047,0.6666666666666666,0.8
6,4u5p,116,channel_k16,225011,exact,False,0.9771929824561404,True,0.0,0.0,0.1882168489842098,False,0.007694654195225942,0.6666666666666666,1.0
6,4u5p,116,channel_k16,225011,exact,True,0.9789473684210527,True,0.0,0.0,0.1882168489842098,False,0.007309921485464645,0.6666666666666666,1.0
6,4u5p,116,channel_k16,225011,baseline,False,0.9771929824561404,True,0.0,0.0,0.18859943470996207,False,0.007602903731161491,0.6666666666666666,1.0
6,4u5p,116,channel_k16,225011,baseline,True,0.9789473684210527,True,0.0,0.0,0.18859943470996207,False,0.007222758544603416,0.6666666666666666,1.0
6,4u5p,116,channel_k32,225001,exact,False,0.9929824561403509,True,0.0,0.0,0.07110242067893854,False,0.0011056848738219358,0.6666666666666666,0.8
6,4u5p,116,channel_k32,225001,exact,True,0.9894736842105262,True,0.0,0.0,0.07110242067893854,False,0.0010504006301308392,0.6666666666666666,0.8
6,4u5p,116,channel_k32,225001,baseline,False,0.9929824561403509,True,0.0,0.0,0.07104805283099716,False,0.0010660906489479544,0.6666666666666666,0.8
6,4u5p,116,channel_k32,225001,baseline,True,0.9894736842105262,True,0.0,0.0,0.07104805283099716,False,0.0010127861165005567,0.6666666666666666,0.8
6,4u5p,116,channel_k32,225011,exact,False,0.9894736842105263,True,0.0,0.0,0.1882168489842098,False,0.003028598741925963,0.6666666666666666,1.0
6,4u5p,116,channel_k32,225011,exact,True,0.9909774436090225,True,0.0,0.0,0.1882168489842098,False,0.002877168804829665,0.6666666666666666,1.0
6,4u5p,116,channel_k32,225011,baseline,False,0.9894736842105263,True,0.0,0.0,0.18859943470996207,False,0.002987593705393991,0.6666666666666666,1.0
6,4u5p,116,channel_k32,225011,baseline,True,0.9909774436090225,True,0.0,0.0,0.18859943470996207,False,0.002838214020124291,0.6666666666666666,1.0
6,4u5p,116,channel_k64,225001,exact,False,0.9964912280701754,True,0.0,0.0,0.07110242067893854,False,0.00022429862071917048,0.6666666666666666,1.0
6,4u5p,116,channel_k64,225001,exact,True,0.9969924812030074,True,0.0,0.0,0.07110242067893854,False,0.00021308368968321194,0.6666666666666666,1.0
6,4u5p,116,channel_k64,225001,baseline,False,0.9964912280701754,True,0.0,0.0,0.07104805283099716,False,0.0001899241957162947,0.6666666666666666,1.0
6,4u5p,116,channel_k64,225001,baseline,True,0.9969924812030074,True,0.0,0.0,0.07104805283099716,False,0.00018042798593047998,0.6666666666666666,1.0
6,4u5p,116,channel_k64,225011,exact,False,1.0,True,0.0,0.0,0.1882168489842098,False,0.0005939028741639459,1.0,1.0
6,4u5p,116,channel_k64,225011,exact,True,1.0,True,0.0,0.0,0.1882168489842098,False,0.0005642077304557486,1.0,1.0
6,4u5p,116,channel_k64,225011,baseline,False,1.0,True,0.0,0.0,0.18859943470996207,False,0.0006468885116099113,1.0,1.0
6,4u5p,116,channel_k64,225011,baseline,True,1.0,True,0.0,0.0,0.18859943470996207,False,0.0006145440860294158,1.0,1.0
6,4u5p,116,channel_kfull,225001,exact,False,1.0,True,0.0,0.0,0.07110242067893854,False,9.900200434402815e-05,1.0,1.0
6,4u5p,116,channel_kfull,225001,exact,True,1.0,True,0.0,0.0,0.07110242067893854,False,9.405190412682674e-05,1.0,1.0
6,4u5p,116,channel_kfull,225001,baseline,False,1.0,True,0.0,0.0,0.07104805283099716,False,0.0,1.0,1.0
6,4u5p,116,channel_kfull,225001,baseline,True,1.0,True,0.0,0.0,0.07104805283099716,False,0.0,1.0,1.0
6,4u5p,116,channel_kfull,225011,exact,False,1.0,True,0.0,0.0,0.1882168489842098,False,0.0001794683977800982,1.0,1.0
6,4u5p,116,channel_kfull,225011,exact,True,1.0,True,0.0,0.0,0.1882168489842098,False,0.0001704949778910933,1.0,1.0
6,4u5p,116,channel_kfull,225011,baseline,False,1.0,True,0.0,0.0,0.18859943470996207,False,0.0,1.0,1.0
6,4u5p,116,channel_kfull,225011,baseline,True,1.0,True,0.0,0.0,0.18859943470996207,False,0.0,1.0,1.0
6,4u5p,116,shared_k0,225001,exact,False,0.37719298245614036,False,0.004232109971092635,0.0595213205215985,0.07110242067893854,False,0.022390848702596118,0.6666666666666666,0.4
6,4u5p,116,shared_k0,225001,exact,True,0.35187969924812035,False,0.004232109971092635,0.0595213205215985,0.07110242067893854,False,0.02127130626746631,0.6666666666666666,0.4
6,4u5p,116,shared_k0,225001,baseline,False,0.37719298245614036,False,0.004239496375236962,0.05967083130795297,0.07104805283099716,False,0.022358759083605025,0.6666666666666666,0.4
6,4u5p,116,shared_k0,225001,baseline,True,0.35187969924812035,False,0.004239496375236962,0.05967083130795297,0.07104805283099716,False,0.021240821129424773,0.6666666666666666,0.4
6,4u5p,116,shared_k0,225011,exact,False,0.882456140350877,False,0.03364311877452461,0.1787465838265471,0.1882168489842098,False,0.024973680561316186,0.3333333333333333,0.8
6,4u5p,116,shared_k0,225011,exact,True,0.8796992481203006,False,0.03364311877452461,0.1787465838265471,0.1882168489842098,False,0.02372499653325038,0.3333333333333333,0.8
6,4u5p,116,shared_k0,225011,baseline,False,0.882456140350877,False,0.033597198920681554,0.17814050700814166,0.18859943470996207,False,0.024896511178156465,0.3333333333333333,0.8
6,4u5p,116,shared_k0,225011,baseline,True,0.8796992481203006,False,0.033597198920681554,0.17814050700814166,0.18859943470996207,False,0.02365168561924864,0.3333333333333333,0.8
6,4u5p,116,shared_k4,225001,exact,False,0.6228070175438596,False,0.004232109971092635,0.0595213205215985,0.07110242067893854,False,0.021402623151719213,0.6666666666666666,0.6
6,4u5p,116,shared_k4,225001,exact,True,0.6075187969924812,False,0.004232109971092635,0.0595213205215985,0.07110242067893854,False,0.020332491994133253,0.6666666666666666,0.6
6,4u5p,116,shared_k4,225001,baseline,False,0.6228070175438596,False,0.004239496375236962,0.05967083130795297,0.07104805283099716,False,0.02138540998424772,0.6666666666666666,0.6
6,4u5p,116,shared_k4,225001,baseline,True,0.6075187969924812,False,0.004239496375236962,0.05967083130795297,0.07104805283099716,False,0.020316139485035335,0.6666666666666666,0.6
6,4u5p,116,shared_k4,225011,exact,False,0.8912280701754386,True,0.0,0.0,0.1882168489842098,False,0.024676819017103092,0.3333333333333333,0.8
6,4u5p,116,shared_k4,225011,exact,True,0.8887218045112781,True,0.0,0.0,0.1882168489842098,False,0.023442978066247937,0.3333333333333333,0.8
6,4u5p,116,shared_k4,225011,baseline,False,0.8912280701754386,True,0.0,0.0,0.18859943470996207,False,0.024599649633943368,0.3333333333333333,0.8
6,4u5p,116,shared_k4,225011,baseline,True,0.8887218045112781,True,0.0,0.0,0.18859943470996207,False,0.0233696671522462,0.3333333333333333,0.8
6,4u5p,116,shared_k8,225001,exact,False,0.8526315789473684,True,0.0,0.0,0.07110242067893854,False,0.018109203467993443,0.6666666666666666,0.8
6,4u5p,116,shared_k8,225001,exact,True,0.825563909774436,True,0.0,0.0,0.07110242067893854,False,0.01720374329459377,0.6666666666666666,0.8
6,4u5p,116,shared_k8,225001,baseline,False,0.8526315789473684,True,0.0,0.0,0.07104805283099716,False,0.018077113849002343,0.6666666666666666,0.8
6,4u5p,116,shared_k8,225001,baseline,True,0.825563909774436,True,0.0,0.0,0.07104805283099716,False,0.017173258156552226,0.6666666666666666,0.8
6,4u5p,116,shared_k8,225011,exact,False,0.9,True,0.0,0.0,0.1882168489842098,False,0.02418770711759374,0.3333333333333333,0.8
6,4u5p,116,shared_k8,225011,exact,True,0.900751879699248,True,0.0,0.0,0.1882168489842098,False,0.022978321761714052,0.3333333333333333,0.8
6,4u5p,116,shared_k8,225011,baseline,False,0.9,True,0.0,0.0,0.18859943470996207,False,0.024084584401480216,0.3333333333333333,0.8
6,4u5p,116,shared_k8,225011,baseline,True,0.900751879699248,True,0.0,0.0,0.18859943470996207,False,0.022880355181406208,0.3333333333333333,0.8
6,4u5p,116,shared_k16,225001,exact,False,0.9315789473684211,True,0.0,0.0,0.07110242067893854,False,0.013322614697312279,0.6666666666666666,0.6
6,4u5p,116,shared_k16,225001,exact,True,0.932330827067669,True,0.0,0.0,0.07110242067893854,False,0.012656483962446665,0.6666666666666666,0.6
6,4u5p,116,shared_k16,225001,baseline,False,0.9315789473684211,True,0.0,0.0,0.07104805283099716,False,0.01329052507832118,0.6666666666666666,0.6
6,4u5p,116,shared_k16,225001,baseline,True,0.932330827067669,True,0.0,0.0,0.07104805283099716,False,0.012625998824405122,0.6666666666666666,0.6
6,4u5p,116,shared_k16,225011,exact,False,0.9140350877192982,True,0.0,0.0,0.1882168489842098,False,0.022147338501889005,0.3333333333333333,0.8
6,4u5p,116,shared_k16,225011,exact,True,0.9142857142857143,True,0.0,0.0,0.1882168489842098,False,0.021039971576794554,0.3333333333333333,0.8
6,4u5p,116,shared_k16,225011,baseline,False,0.9140350877192982,True,0.0,0.0,0.18859943470996207,False,0.02204421578577549,0.3333333333333333,0.8
6,4u5p,116,shared_k16,225011,baseline,True,0.9142857142857143,True,0.0,0.0,0.18859943470996207,False,0.020942004996486713,0.3333333333333333,0.8
6,4u5p,116,shared_k32,225001,exact,False,0.9771929824561404,True,0.0,0.0,0.07110242067893854,False,0.0061775141600697815,1.0,0.8
6,4u5p,116,shared_k32,225001,exact,True,0.9729323308270676,True,0.0,0.0,0.07110242067893854,False,0.005868638452066292,1.0,0.8
6,4u5p,116,shared_k32,225001,baseline,False,0.9771929824561404,True,0.0,0.0,0.07104805283099716,False,0.006129822190302209,1.0,0.8
6,4u5p,116,shared_k32,225001,baseline,True,0.9729323308270676,True,0.0,0.0,0.07104805283099716,False,0.0058233310807870985,1.0,0.8
6,4u5p,116,shared_k32,225011,exact,False,0.9614035087719298,True,0.0,0.0,0.1882168489842098,False,0.013619443968499784,0.6666666666666666,1.0
6,4u5p,116,shared_k32,225011,exact,True,0.9578947368421054,True,0.0,0.0,0.1882168489842098,False,0.012938471770074794,0.6666666666666666,1.0
6,4u5p,116,shared_k32,225011,baseline,False,0.9614035087719298,True,0.0,0.0,0.18859943470996207,False,0.013516321252386262,0.6666666666666666,1.0
6,4u5p,116,shared_k32,225011,baseline,True,0.9578947368421054,True,0.0,0.0,0.18859943470996207,False,0.012840505189766949,0.6666666666666666,1.0
6,4u5p,116,shared_k64,225001,exact,False,0.9947368421052631,True,0.0,0.0,0.07110242067893854,False,0.002494855945773051,0.6666666666666666,0.8
6,4u5p,116,shared_k64,225001,exact,True,0.9909774436090225,True,0.0,0.0,0.07110242067893854,False,0.0023701131484843985,0.6666666666666666,0.8
6,4u5p,116,shared_k64,225001,baseline,False,0.9947368421052631,True,0.0,0.0,0.07104805283099716,False,0.0024348803696219315,0.6666666666666666,0.8
6,4u5p,116,shared_k64,225001,baseline,True,0.9909774436090225,True,0.0,0.0,0.07104805283099716,False,0.0023131363511408346,0.6666666666666666,0.8
6,4u5p,116,shared_k64,225011,exact,False,0.9719298245614034,True,0.0,0.0,0.1882168489842098,False,0.006492838974197717,0.3333333333333333,1.0
6,4u5p,116,shared_k64,225011,exact,True,0.9744360902255638,True,0.0,0.0,0.1882168489842098,False,0.006168197025487832,0.3333333333333333,1.0
6,4u5p,116,shared_k64,225011,baseline,False,0.9719298245614034,True,0.0,0.0,0.18859943470996207,False,0.00641450835266288,0.3333333333333333,1.0
6,4u5p,116,shared_k64,225011,baseline,True,0.9744360902255638,True,0.0,0.0,0.18859943470996207,False,0.006093782935029736,0.3333333333333333,1.0
6,4u5p,116,shared_kfull,225001,exact,False,1.0,True,0.0,0.0,0.07110242067893854,False,9.900200434402815e-05,1.0,1.0
6,4u5p,116,shared_kfull,225001,exact,True,1.0,True,0.0,0.0,0.07110242067893854,False,9.405190412682674e-05,1.0,1.0
6,4u5p,116,shared_kfull,225001,baseline,False,1.0,True,0.0,0.0,0.07104805283099716,False,0.0,1.0,1.0
6,4u5p,116,shared_kfull,225001,baseline,True,1.0,True,0.0,0.0,0.07104805283099716,False,0.0,1.0,1.0
6,4u5p,116,shared_kfull,225011,exact,False,1.0,True,0.0,0.0,0.1882168489842098,False,0.0001794683977800982,1.0,1.0
6,4u5p,116,shared_kfull,225011,exact,True,1.0,True,0.0,0.0,0.1882168489842098,False,0.0001704949778910933,1.0,1.0
6,4u5p,116,shared_kfull,225011,baseline,False,1.0,True,0.0,0.0,0.18859943470996207,False,0.0,1.0,1.0
6,4u5p,116,shared_kfull,225011,baseline,True,1.0,True,0.0,0.0,0.18859943470996207,False,0.0,1.0,1.0
2,2sak,10,baseline,225001,exact,False,1.0,True,0.0,0.0,0.4496489594551348,False,0.0002109756024929232,1.0,1.0
2,2sak,10,baseline,225001,exact,True,1.0,True,0.0,0.0,0.4496489594551348,False,0.00020042682236827701,1.0,1.0
2,2sak,10,baseline,225001,baseline,False,1.0,True,0.0,0.0,0.45010687231448143,False,0.0,1.0,1.0
2,2sak,10,baseline,225001,baseline,True,1.0,True,0.0,0.0,0.45010687231448143,False,0.0,1.0,1.0
2,2sak,10,baseline,225011,exact,False,0.9982456140350877,True,0.0,0.0,0.42339425649875917,False,0.0001682139978491049,1.0,1.0
2,2sak,10,baseline,225011,exact,True,0.9984962406015038,True,0.0,0.0,0.42339425649875917,False,0.00015980329795664967,1.0,1.0
2,2sak,10,baseline,225011,baseline,False,1.0,True,0.0,0.0,0.4242695101796141,False,0.0,1.0,1.0
2,2sak,10,baseline,225011,baseline,True,1.0,True,0.0,0.0,0.4242695101796141,False,0.0,1.0,1.0
2,2sak,10,channel_k0,225001,exact,False,0.005263157894736842,False,0.1540609639849227,0.3426249760960353,0.4496489594551348,False,0.06909536936513466,0.0,0.2
2,2sak,10,channel_k0,225001,exact,True,0.02857142857142857,False,0.1540609639849227,0.3426249760960353,0.4496489594551348,False,0.06564060089687793,0.0,0.2
2,2sak,10,channel_k0,225001,baseline,False,0.005263157894736842,False,0.1538578670815801,0.3418251898497618,0.45010687231448143,False,0.06917421441374882,0.0,0.2
2,2sak,10,channel_k0,225001,baseline,True,0.02857142857142857,False,0.1538578670815801,0.3418251898497618,0.45010687231448143,False,0.06571550369306138,0.0,0.2
2,2sak,10,channel_k0,225011,exact,False,-0.19298245614035087,False,0.42339425649875917,1.0,0.42339425649875917,False,0.05702379243398861,0.0,0.2
2,2sak,10,channel_k0,225011,exact,True,-0.20751879699248119,False,0.42339425649875917,1.0,0.42339425649875917,False,0.05417260281228918,0.0,0.2
2,2sak,10,channel_k0,225011,baseline,False,-0.1842105263157895,False,0.4242695101796141,1.0,0.4242695101796141,False,0.05711108941477589,0.0,0.2
2,2sak,10,channel_k0,225011,baseline,True,-0.19999999999999998,False,0.4242695101796141,1.0,0.4242695101796141,False,0.0542555349440371,0.0,0.2
2,2sak,10,channel_k4,225001,exact,False,0.9912280701754386,False,0.007495014146520568,0.016668589994298447,0.4496489594551348,False,0.03321670675180482,1.0,1.0
2,2sak,10,channel_k4,225001,exact,True,0.9924812030075187,False,0.007495014146520568,0.016668589994298447,0.4496489594551348,False,0.03155587141421458,1.0,1.0
2,2sak,10,channel_k4,225001,baseline,False,0.9912280701754386,False,0.0072910210007644805,0.016198421862064744,0.45010687231448143,False,0.03327876556205569,1.0,1.0
2,2sak,10,channel_k4,225001,baseline,True,0.9924812030075187,False,0.0072910210007644805,0.016198421862064744,0.45010687231448143,False,0.03161482728395291,1.0,1.0
2,2sak,10,channel_k4,225011,exact,False,0.956140350877193,True,0.0,0.0,0.42339425649875917,False,0.02952957685022674,0.6666666666666666,1.0
2,2sak,10,channel_k4,225011,exact,True,0.9533834586466164,True,0.0,0.0,0.42339425649875917,False,0.028053098007715393,0.6666666666666666,1.0
2,2sak,10,channel_k4,225011,baseline,False,0.9491228070175438,True,0.0,0.0,0.4242695101796141,False,0.0296231073244417,0.6666666666666666,1.0
2,2sak,10,channel_k4,225011,baseline,True,0.9458646616541352,True,0.0,0.0,0.4242695101796141,False,0.028141951958219613,0.6666666666666666,1.0
2,2sak,10,channel_k8,225001,exact,False,0.9929824561403509,False,0.007495014146520568,0.016668589994298447,0.4496489594551348,False,0.018356750001163342,1.0,1.0
2,2sak,10,channel_k8,225001,exact,True,0.993984962406015,False,0.007495014146520568,0.016668589994298447,0.4496489594551348,False,0.017438912501105176,1.0,1.0
2,2sak,10,channel_k8,225001,baseline,False,0.9929824561403509,False,0.0072910210007644805,0.016198421862064744,0.45010687231448143,False,0.018377023039614578,1.0,1.0
2,2sak,10,channel_k8,225001,baseline,True,0.993984962406015,False,0.0072910210007644805,0.016198421862064744,0.45010687231448143,False,0.01745817188763385,1.0,1.0
2,2sak,10,channel_k8,225011,exact,False,0.9666666666666668,True,0.0,0.0,0.42339425649875917,False,0.015450760440270389,1.0,1.0
2,2sak,10,channel_k8,225011,exact,True,0.9699248120300751,True,0.0,0.0,0.42339425649875917,False,0.01467822241825687,1.0,1.0
2,2sak,10,channel_k8,225011,baseline,False,0.9649122807017543,True,0.0,0.0,0.4242695101796141,False,0.015538643295668798,1.0,1.0
2,2sak,10,channel_k8,225011,baseline,True,0.9684210526315788,True,0.0,0.0,0.4242695101796141,False,0.014761711130885355,1.0,1.0
2,2sak,10,channel_k16,225001,exact,False,0.9982456140350877,False,0.007495014146520568,0.016668589994298447,0.4496489594551348,False,0.00891064351082942,1.0,1.0
2,2sak,10,channel_k16,225001,exact,True,0.9984962406015038,False,0.007495014146520568,0.016668589994298447,0.4496489594551348,False,0.00846511133528795,1.0,1.0
2,2sak,10,channel_k16,225001,baseline,False,0.9982456140350877,False,0.0072910210007644805,0.016198421862064744,0.45010687231448143,False,0.008976817001624535,1.0,1.0
2,2sak,10,channel_k16,225001,baseline,True,0.9984962406015038,False,0.0072910210007644805,0.016198421862064744,0.45010687231448143,False,0.008527976151543309,1.0,1.0
2,2sak,10,channel_k16,225011,exact,False,0.9894736842105263,True,0.0,0.0,0.42339425649875917,False,0.007481702729987788,0.6666666666666666,1.0
2,2sak,10,channel_k16,225011,exact,True,0.9894736842105262,True,0.0,0.0,0.42339425649875917,False,0.007107617593488398,0.6666666666666666,1.0
2,2sak,10,channel_k16,225011,baseline,False,0.987719298245614,True,0.0,0.0,0.4242695101796141,False,0.007554036680356112,0.6666666666666666,1.0
2,2sak,10,channel_k16,225011,baseline,True,0.9879699248120299,True,0.0,0.0,0.4242695101796141,False,0.007176334846338306,0.6666666666666666,1.0
2,2sak,10,channel_k32,225001,exact,False,0.9964912280701754,True,0.0,0.0,0.4496489594551348,False,0.003429917585840863,1.0,0.8
2,2sak,10,channel_k32,225001,exact,True,0.9969924812030074,True,0.0,0.0,0.4496489594551348,False,0.0032584217065488195,1.0,1.0
2,2sak,10,channel_k32,225001,baseline,False,0.9964912280701754,True,0.0,0.0,0.45010687231448143,False,0.0033594924486261644,1.0,0.8
2,2sak,10,channel_k32,225001,baseline,True,0.9969924812030074,True,0.0,0.0,0.45010687231448143,False,0.003191517826194856,1.0,1.0
2,2sak,10,channel_k32,225011,exact,False,1.0,True,0.0,0.0,0.42339425649875917,False,0.0027399869106056987,1.0,1.0
2,2sak,10,channel_k32,225011,exact,True,0.9984962406015038,True,0.0,0.0,0.42339425649875917,False,0.0026029875650754137,1.0,1.0
2,2sak,10,channel_k32,225011,baseline,False,0.9982456140350877,True,0.0,0.0,0.4242695101796141,False,0.00281607887789724,1.0,1.0
2,2sak,10,channel_k32,225011,baseline,True,0.9969924812030074,True,0.0,0.0,0.4242695101796141,False,0.002675274934002378,1.0,1.0
2,2sak,10,channel_k64,225001,exact,False,0.9982456140350877,True,0.0,0.0,0.4496489594551348,False,0.0005238858002343206,1.0,0.8
2,2sak,10,channel_k64,225001,exact,True,0.9984962406015038,True,0.0,0.0,0.4496489594551348,False,0.0004976915102226046,1.0,1.0
2,2sak,10,channel_k64,225001,baseline,False,0.9982456140350877,True,0.0,0.0,0.45010687231448143,False,0.0004176495357078182,1.0,0.8
2,2sak,10,channel_k64,225001,baseline,True,0.9984962406015038,True,0.0,0.0,0.45010687231448143,False,0.0003967670589224273,1.0,1.0
2,2sak,10,channel_k64,225011,exact,False,1.0,True,0.0,0.0,0.42339425649875917,False,0.00045762148864077857,1.0,1.0
2,2sak,10,channel_k64,225011,exact,True,1.0,True,0.0,0.0,0.42339425649875917,False,0.00043474041420873966,1.0,1.0
2,2sak,10,channel_k64,225011,baseline,False,0.9982456140350877,True,0.0,0.0,0.4242695101796141,False,0.0004842541788463074,1.0,1.0
2,2sak,10,channel_k64,225011,baseline,True,0.9984962406015038,True,0.0,0.0,0.4242695101796141,False,0.00046004146990399203,1.0,1.0
2,2sak,10,channel_kfull,225001,exact,False,1.0,True,0.0,0.0,0.4496489594551348,False,0.0002109756024929232,1.0,1.0
2,2sak,10,channel_kfull,225001,exact,True,1.0,True,0.0,0.0,0.4496489594551348,False,0.00020042682236827701,1.0,1.0
2,2sak,10,channel_kfull,225001,baseline,False,1.0,True,0.0,0.0,0.45010687231448143,False,0.0,1.0,1.0
2,2sak,10,channel_kfull,225001,baseline,True,1.0,True,0.0,0.0,0.45010687231448143,False,0.0,1.0,1.0
2,2sak,10,channel_kfull,225011,exact,False,0.9982456140350877,True,0.0,0.0,0.42339425649875917,False,0.0001682139978491049,1.0,1.0
2,2sak,10,channel_kfull,225011,exact,True,0.9984962406015038,True,0.0,0.0,0.42339425649875917,False,0.00015980329795664967,1.0,1.0
2,2sak,10,channel_kfull,225011,baseline,False,1.0,True,0.0,0.0,0.4242695101796141,False,0.0,1.0,1.0
2,2sak,10,channel_kfull,225011,baseline,True,1.0,True,0.0,0.0,0.4242695101796141,False,0.0,1.0,1.0
2,2sak,10,shared_k0,225001,exact,False,0.005263157894736842,False,0.1540609639849227,0.3426249760960353,0.4496489594551348,False,0.06909536936513466,0.0,0.2
2,2sak,10,shared_k0,225001,exact,True,0.02857142857142857,False,0.1540609639849227,0.3426249760960353,0.4496489594551348,False,0.06564060089687793,0.0,0.2
2,2sak,10,shared_k0,225001,baseline,False,0.005263157894736842,False,0.1538578670815801,0.3418251898497618,0.45010687231448143,False,0.06917421441374882,0.0,0.2
2,2sak,10,shared_k0,225001,baseline,True,0.02857142857142857,False,0.1538578670815801,0.3418251898497618,0.45010687231448143,False,0.06571550369306138,0.0,0.2
2,2sak,10,shared_k0,225011,exact,False,-0.19298245614035087,False,0.42339425649875917,1.0,0.42339425649875917,False,0.05702379243398861,0.0,0.2
2,2sak,10,shared_k0,225011,exact,True,-0.20751879699248119,False,0.42339425649875917,1.0,0.42339425649875917,False,0.05417260281228918,0.0,0.2
2,2sak,10,shared_k0,225011,baseline,False,-0.1842105263157895,False,0.4242695101796141,1.0,0.4242695101796141,False,0.05711108941477589,0.0,0.2
2,2sak,10,shared_k0,225011,baseline,True,-0.19999999999999998,False,0.4242695101796141,1.0,0.4242695101796141,False,0.0542555349440371,0.0,0.2
2,2sak,10,shared_k4,225001,exact,False,0.9175438596491228,False,0.007495014146520568,0.016668589994298447,0.4496489594551348,False,0.061051301300934745,1.0,1.0
2,2sak,10,shared_k4,225001,exact,True,0.9293233082706768,False,0.007495014146520568,0.016668589994298447,0.4496489594551348,False,0.05799873623588801,1.0,1.0
2,2sak,10,shared_k4,225001,baseline,False,0.9175438596491228,False,0.0072910210007644805,0.016198421862064744,0.45010687231448143,False,0.061133634622803135,1.0,1.0
2,2sak,10,shared_k4,225001,baseline,True,0.9293233082706768,False,0.0072910210007644805,0.016198421862064744,0.45010687231448143,False,0.058076952891662995,1.0,1.0
2,2sak,10,shared_k4,225011,exact,False,0.5368421052631579,False,0.0015454417112472363,0.0036501244112926825,0.42339425649875917,False,0.05148744255563967,0.6666666666666666,0.8
2,2sak,10,shared_k4,225011,exact,True,0.4977443609022556,False,0.0015454417112472363,0.0036501244112926825,0.42339425649875917,False,0.04891307042785768,0.6666666666666666,0.8
2,2sak,10,shared_k4,225011,baseline,False,0.5403508771929825,False,0.001408286723410812,0.003319321067438042,0.4242695101796141,False,0.05159143305925816,0.6666666666666666,0.8
2,2sak,10,shared_k4,225011,baseline,True,0.5007518796992482,False,0.001408286723410812,0.003319321067438042,0.4242695101796141,False,0.04901186140629525,0.6666666666666666,0.8
2,2sak,10,shared_k8,225001,exact,False,0.9701754385964911,False,0.007495014146520568,0.016668589994298447,0.4496489594551348,False,0.052569688568859206,1.0,1.0
2,2sak,10,shared_k8,225001,exact,True,0.9714285714285714,False,0.007495014146520568,0.016668589994298447,0.4496489594551348,False,0.04994120414041625,1.0,0.8
2,2sak,10,shared_k8,225001,baseline,False,0.9701754385964911,False,0.0072910210007644805,0.016198421862064744,0.45010687231448143,False,0.05264853361747336,1.0,1.0
2,2sak,10,shared_k8,225001,baseline,True,0.9714285714285714,False,0.0072910210007644805,0.016198421862064744,0.45010687231448143,False,0.05001610693659969,1.0,0.8
2,2sak,10,shared_k8,225011,exact,False,0.7719298245614035,True,0.0,0.0,0.42339425649875917,False,0.04400534746678517,0.6666666666666666,1.0
2,2sak,10,shared_k8,225011,exact,True,0.7774436090225564,True,0.0,0.0,0.42339425649875917,False,0.041805080093445926,0.6666666666666666,1.0
2,2sak,10,shared_k8,225011,baseline,False,0.7771929824561404,True,0.0,0.0,0.4242695101796141,False,0.044110005946440815,0.6666666666666666,1.0
2,2sak,10,shared_k8,225011,baseline,True,0.7834586466165413,True,0.0,0.0,0.4242695101796141,False,0.041904505649118774,0.6666666666666666,1.0
2,2sak,10,shared_k16,225001,exact,False,0.9859649122807018,False,0.007495014146520568,0.016668589994298447,0.4496489594551348,False,0.0332873444745116,1.0,0.8
2,2sak,10,shared_k16,225001,exact,True,0.9864661654135337,False,0.007495014146520568,0.016668589994298447,0.4496489594551348,False,0.03162297725078602,1.0,1.0
2,2sak,10,shared_k16,225001,baseline,False,0.9859649122807018,False,0.0072910210007644805,0.016198421862064744,0.45010687231448143,False,0.03334520948123542,1.0,0.8
2,2sak,10,shared_k16,225001,baseline,True,0.9864661654135337,False,0.0072910210007644805,0.016198421862064744,0.45010687231448143,False,0.03167794900717365,1.0,1.0
2,2sak,10,shared_k16,225011,exact,False,0.943859649122807,True,0.0,0.0,0.42339425649875917,False,0.02791744233070108,1.0,1.0
2,2sak,10,shared_k16,225011,exact,True,0.9443609022556391,True,0.0,0.0,0.42339425649875917,False,0.026521570214166023,1.0,1.0
2,2sak,10,shared_k16,225011,baseline,False,0.9456140350877192,True,0.0,0.0,0.4242695101796141,False,0.02799427928208483,1.0,1.0
2,2sak,10,shared_k16,225011,baseline,True,0.9473684210526315,True,0.0,0.0,0.4242695101796141,False,0.02659456531798059,1.0,1.0
2,2sak,10,shared_k32,225001,exact,False,0.9912280701754386,False,0.007495014146520568,0.016668589994298447,0.4496489594551348,False,0.017726424072711792,1.0,0.8
2,2sak,10,shared_k32,225001,exact,True,0.9909774436090225,False,0.007495014146520568,0.016668589994298447,0.4496489594551348,False,0.016840102869076203,1.0,1.0
2,2sak,10,shared_k32,225001,baseline,False,0.9912280701754386,False,0.0072910210007644805,0.016198421862064744,0.45010687231448143,False,0.017760569002547893,1.0,0.8
2,2sak,10,shared_k32,225001,baseline,True,0.9909774436090225,False,0.0072910210007644805,0.016198421862064744,0.45010687231448143,False,0.016872540552420497,1.0,1.0
2,2sak,10,shared_k32,225011,exact,False,0.9771929824561404,True,0.0,0.0,0.42339425649875917,False,0.01534113823122321,0.6666666666666666,1.0
2,2sak,10,shared_k32,225011,exact,True,0.9714285714285714,True,0.0,0.0,0.42339425649875917,False,0.01457408131966205,0.6666666666666666,1.0
2,2sak,10,shared_k32,225011,baseline,False,0.9789473684210527,True,0.0,0.0,0.4242695101796141,False,0.015423122588293037,0.6666666666666666,1.0
2,2sak,10,shared_k32,225011,baseline,True,0.9729323308270676,True,0.0,0.0,0.4242695101796141,False,0.014651966458878387,0.6666666666666666,1.0
2,2sak,10,shared_k64,225001,exact,False,0.9947368421052631,True,0.0,0.0,0.4496489594551348,False,0.005489283849547984,1.0,0.8
2,2sak,10,shared_k64,225001,exact,True,0.9954887218045112,True,0.0,0.0,0.4496489594551348,False,0.005214819657070585,1.0,1.0
2,2sak,10,shared_k64,225001,baseline,False,0.9947368421052631,True,0.0,0.0,0.45010687231448143,False,0.0055245489657531795,1.0,0.8
2,2sak,10,shared_k64,225001,baseline,True,0.9954887218045112,True,0.0,0.0,0.45010687231448143,False,0.00524832151746552,1.0,1.0
2,2sak,10,shared_k64,225011,exact,False,0.9859649122807018,True,0.0,0.0,0.42339425649875917,False,0.005446300105962681,1.0,1.0
2,2sak,10,shared_k64,225011,exact,True,0.9834586466165413,True,0.0,0.0,0.42339425649875917,False,0.005173985100664547,1.0,1.0
2,2sak,10,shared_k64,225011,baseline,False,0.9894736842105263,True,0.0,0.0,0.4242695101796141,False,0.005526966282052677,1.0,1.0
2,2sak,10,shared_k64,225011,baseline,True,0.9864661654135337,True,0.0,0.0,0.4242695101796141,False,0.005250617967950043,1.0,1.0
2,2sak,10,shared_kfull,225001,exact,False,1.0,True,0.0,0.0,0.4496489594551348,False,0.0002109756024929232,1.0,1.0
2,2sak,10,shared_kfull,225001,exact,True,1.0,True,0.0,0.0,0.4496489594551348,False,0.00020042682236827701,1.0,1.0
2,2sak,10,shared_kfull,225001,baseline,False,1.0,True,0.0,0.0,0.45010687231448143,False,0.0,1.0,1.0
2,2sak,10,shared_kfull,225001,baseline,True,1.0,True,0.0,0.0,0.45010687231448143,False,0.0,1.0,1.0
2,2sak,10,shared_kfull,225011,exact,False,0.9982456140350877,True,0.0,0.0,0.42339425649875917,False,0.0001682139978491049,1.0,1.0
2,2sak,10,shared_kfull,225011,exact,True,0.9984962406015038,True,0.0,0.0,0.42339425649875917,False,0.00015980329795664967,1.0,1.0
2,2sak,10,shared_kfull,225011,baseline,False,1.0,True,0.0,0.0,0.4242695101796141,False,0.0,1.0,1.0
2,2sak,10,shared_kfull,225011,baseline,True,1.0,True,0.0,0.0,0.4242695101796141,False,0.0,1.0,1.0
6,4u5p,89,baseline,225001,exact,False,1.0,True,0.0,0.0,0.09530675459274351,False,3.8836076596622015e-05,1.0,1.0
6,4u5p,89,baseline,225001,exact,True,1.0,True,0.0,0.0,0.11504292655365339,False,3.6894272766790914e-05,1.0,1.0
6,4u5p,89,baseline,225001,baseline,False,1.0,True,0.0,0.0,0.09527819307066898,False,0.0,1.0,1.0
6,4u5p,89,baseline,225001,baseline,True,1.0,True,0.0,0.0,0.11499154519357896,False,0.0,1.0,1.0
6,4u5p,89,baseline,225011,exact,False,0.9982456140350877,True,0.0,0.0,0.1470326638921251,False,0.00015465349050570207,1.0,0.8
6,4u5p,89,baseline,225011,exact,True,0.9984962406015038,True,0.0,0.0,0.14911304460045982,False,0.00014692081598041695,1.0,1.0
6,4u5p,89,baseline,225011,baseline,False,1.0,True,0.0,0.0,0.1475616834050953,False,0.0,1.0,1.0
6,4u5p,89,baseline,225011,baseline,True,1.0,True,0.0,0.0,0.14979493188513998,False,0.0,1.0,1.0
6,4u5p,89,channel_k0,225001,exact,False,0.28596491228070176,False,0.048360377609518224,0.5074181553675556,0.09530675459274351,False,0.07364438583875095,0.3333333333333333,0.4
6,4u5p,89,channel_k0,225001,exact,True,0.33533834586466166,False,0.0680965495704281,0.5919229596325457,0.11504292655365339,False,0.06996216654681342,0.0,0.4
6,4u5p,89,channel_k0,225001,baseline,False,0.28596491228070176,False,0.04827381553168392,0.5066617446856769,0.09527819307066898,False,0.07361160434005135,0.3333333333333333,0.4
6,4u5p,89,channel_k0,225001,baseline,True,0.33533834586466166,False,0.0679871676545939,0.5912362299344965,0.11499154519357896,False,0.06993102412304877,0.0,0.4
6,4u5p,89,channel_k0,225011,exact,False,0.2719298245614035,True,0.0,0.0,0.1470326638921251,False,0.06700625047565355,0.3333333333333333,0.4
6,4u5p,89,channel_k0,225011,exact,True,0.25112781954887214,False,0.002080380708334717,0.013951701636224934,0.14911304460045982,False,0.06365593795187087,0.3333333333333333,0.2
6,4u5p,89,channel_k0,225011,baseline,False,0.27368421052631575,True,0.0,0.0,0.1475616834050953,False,0.06710748169277048,0.3333333333333333,0.4
6,4u5p,89,channel_k0,225011,baseline,True,0.2526315789473684,False,0.0022332484800446917,0.014908705200768113,0.14979493188513998,False,0.06375210760813195,0.3333333333333333,0.2
6,4u5p,89,channel_k4,225001,exact,False,0.7228070175438598,True,0.0,0.0,0.09530675459274351,False,0.03464151203254099,0.3333333333333333,0.6
6,4u5p,89,channel_k4,225001,exact,True,0.7624060150375939,True,0.0,0.0,0.11504292655365339,False,0.032909436430913944,0.6666666666666666,0.6
6,4u5p,89,channel_k4,225001,baseline,False,0.7228070175438598,True,0.0,0.0,0.09527819307066898,False,0.03460873053384137,0.3333333333333333,0.6
6,4u5p,89,channel_k4,225001,baseline,True,0.7624060150375939,True,0.0,0.0,0.11499154519357896,False,0.0328782940071493,0.6666666666666666,0.6
6,4u5p,89,channel_k4,225011,exact,False,0.8122807017543859,True,0.0,0.0,0.1470326638921251,False,0.028951930946255904,0.6666666666666666,0.6
6,4u5p,89,channel_k4,225011,exact,True,0.837593984962406,False,0.002080380708334717,0.013951701636224934,0.14911304460045982,False,0.02750433439894311,1.0,0.6
6,4u5p,89,channel_k4,225011,baseline,False,0.8140350877192982,True,0.0,0.0,0.1475616834050953,False,0.029023254420258514,0.6666666666666666,0.6
6,4u5p,89,channel_k4,225011,baseline,True,0.8390977443609022,False,0.0022332484800446917,0.014908705200768113,0.14979493188513998,False,0.02757209169924559,1.0,0.6
6,4u5p,89,channel_k8,225001,exact,False,0.8807017543859648,True,0.0,0.0,0.09530675459274351,False,0.022480057972691,0.6666666666666666,0.6
6,4u5p,89,channel_k8,225001,exact,True,0.8977443609022555,True,0.0,0.0,0.11504292655365339,False,0.021356055074056447,1.0,0.8
6,4u5p,89,channel_k8,225001,baseline,False,0.8807017543859648,True,0.0,0.0,0.09527819307066898,False,0.022447276473991376,0.6666666666666666,0.6
6,4u5p,89,channel_k8,225001,baseline,True,0.8977443609022555,True,0.0,0.0,0.11499154519357896,False,0.021324912650291808,1.0,0.8
6,4u5p,89,channel_k8,225011,exact,False,0.8929824561403509,True,0.0,0.0,0.1470326638921251,False,0.014969711076376154,0.6666666666666666,0.8
6,4u5p,89,channel_k8,225011,exact,True,0.9067669172932331,False,0.002080380708334717,0.013951701636224934,0.14911304460045982,False,0.014221225522557345,1.0,0.6
6,4u5p,89,channel_k8,225011,baseline,False,0.8912280701754386,True,0.0,0.0,0.1475616834050953,False,0.015013726730038564,0.6666666666666666,0.8
6,4u5p,89,channel_k8,225011,baseline,True,0.9052631578947368,False,0.0022332484800446917,0.014908705200768113,0.14979493188513998,False,0.014263040393536635,1.0,0.6
6,4u5p,89,channel_k16,225001,exact,False,0.9701754385964911,True,0.0,0.0,0.09530675459274351,False,0.01231645839739257,1.0,0.8
6,4u5p,89,channel_k16,225001,exact,True,0.9744360902255638,True,0.0,0.0,0.11504292655365339,False,0.011700635477522942,1.0,1.0
6,4u5p,89,channel_k16,225001,baseline,False,0.9701754385964911,True,0.0,0.0,0.09527819307066898,False,0.012283676898692949,1.0,0.8
6,4u5p,89,channel_k16,225001,baseline,True,0.9744360902255638,True,0.0,0.0,0.11499154519357896,False,0.011669493053758301,1.0,1.0
6,4u5p,89,channel_k16,225011,exact,False,0.9578947368421052,True,0.0,0.0,0.1470326638921251,False,0.007086363419180105,0.6666666666666666,1.0
6,4u5p,89,channel_k16,225011,exact,True,0.9639097744360902,True,0.0,0.0,0.14911304460045982,False,0.0067320452482211,1.0,0.8
6,4u5p,89,channel_k16,225011,baseline,False,0.9526315789473684,True,0.0,0.0,0.1475616834050953,False,0.007060407143487923,0.6666666666666666,0.8
6,4u5p,89,channel_k16,225011,baseline,True,0.9593984962406013,True,0.0,0.0,0.14979493188513998,False,0.0067073867863135265,1.0,0.8
6,4u5p,89,channel_k32,225001,exact,False,0.9964912280701754,True,0.0,0.0,0.09530675459274351,False,0.0048466211507382185,1.0,1.0
6,4u5p,89,channel_k32,225001,exact,True,0.9969924812030074,True,0.0,0.0,0.11504292655365339,False,0.004604290093201307,1.0,1.0
6,4u5p,89,channel_k32,225001,baseline,False,0.9964912280701754,True,0.0,0.0,0.09527819307066898,False,0.004813839652038597,1.0,1.0
6,4u5p,89,channel_k32,225001,baseline,True,0.9969924812030074,True,0.0,0.0,0.11499154519357896,False,0.004573147669436667,1.0,1.0
6,4u5p,89,channel_k32,225011,exact,False,0.9736842105263157,True,0.0,0.0,0.1470326638921251,False,0.005701621136197321,0.6666666666666666,1.0
6,4u5p,89,channel_k32,225011,exact,True,0.9774436090225563,True,0.0,0.0,0.14911304460045982,False,0.005416540079387455,1.0,0.8
6,4u5p,89,channel_k32,225011,baseline,False,0.9684210526315788,True,0.0,0.0,0.1475616834050953,False,0.00568393175102984,0.6666666666666666,0.8
6,4u5p,89,channel_k32,225011,baseline,True,0.9729323308270676,True,0.0,0.0,0.14979493188513998,False,0.005399735163478347,1.0,0.8
6,4u5p,89,channel_k64,225001,exact,False,0.9964912280701754,True,0.0,0.0,0.09530675459274351,False,0.000611002861287285,1.0,1.0
6,4u5p,89,channel_k64,225001,exact,True,0.9969924812030074,True,0.0,0.0,0.11504292655365339,False,0.0005804527182229208,1.0,1.0
6,4u5p,89,channel_k64,225001,baseline,False,0.9964912280701754,True,0.0,0.0,0.09527819307066898,False,0.0005867150458493222,1.0,1.0
6,4u5p,89,channel_k64,225001,baseline,True,0.9969924812030074,True,0.0,0.0,0.11499154519357896,False,0.0005573792935568561,1.0,1.0
6,4u5p,89,channel_k64,225011,exact,False,0.9912280701754386,True,0.0,0.0,0.1470326638921251,False,0.0015748073912098333,1.0,1.0
6,4u5p,89,channel_k64,225011,exact,True,0.9924812030075187,True,0.0,0.0,0.14911304460045982,False,0.0014960670216493416,1.0,0.8
6,4u5p,89,channel_k64,225011,baseline,False,0.987719298245614,True,0.0,0.0,0.1475616834050953,False,0.001624278600092484,1.0,0.8
6,4u5p,89,channel_k64,225011,baseline,True,0.9894736842105262,True,0.0,0.0,0.14979493188513998,False,0.0015430646700878598,1.0,0.8
6,4u5p,89,channel_kfull,225001,exact,False,1.0,True,0.0,0.0,0.09530675459274351,False,3.8836076596622015e-05,1.0,1.0
6,4u5p,89,channel_kfull,225001,exact,True,1.0,True,0.0,0.0,0.11504292655365339,False,3.6894272766790914e-05,1.0,1.0
6,4u5p,89,channel_kfull,225001,baseline,False,1.0,True,0.0,0.0,0.09527819307066898,False,0.0,1.0,1.0
6,4u5p,89,channel_kfull,225001,baseline,True,1.0,True,0.0,0.0,0.11499154519357896,False,0.0,1.0,1.0
6,4u5p,89,channel_kfull,225011,exact,False,0.9982456140350877,True,0.0,0.0,0.1470326638921251,False,0.00015465349050570207,1.0,0.8
6,4u5p,89,channel_kfull,225011,exact,True,0.9984962406015038,True,0.0,0.0,0.14911304460045982,False,0.00014692081598041695,1.0,1.0
6,4u5p,89,channel_kfull,225011,baseline,False,1.0,True,0.0,0.0,0.1475616834050953,False,0.0,1.0,1.0
6,4u5p,89,channel_kfull,225011,baseline,True,1.0,True,0.0,0.0,0.14979493188513998,False,0.0,1.0,1.0
6,4u5p,89,shared_k0,225001,exact,False,0.28596491228070176,False,0.048360377609518224,0.5074181553675556,0.09530675459274351,False,0.07364438583875095,0.3333333333333333,0.4
6,4u5p,89,shared_k0,225001,exact,True,0.33533834586466166,False,0.0680965495704281,0.5919229596325457,0.11504292655365339,False,0.06996216654681342,0.0,0.4
6,4u5p,89,shared_k0,225001,baseline,False,0.28596491228070176,False,0.04827381553168392,0.5066617446856769,0.09527819307066898,False,0.07361160434005135,0.3333333333333333,0.4
6,4u5p,89,shared_k0,225001,baseline,True,0.33533834586466166,False,0.0679871676545939,0.5912362299344965,0.11499154519357896,False,0.06993102412304877,0.0,0.4
6,4u5p,89,shared_k0,225011,exact,False,0.2719298245614035,True,0.0,0.0,0.1470326638921251,False,0.06700625047565355,0.3333333333333333,0.4
6,4u5p,89,shared_k0,225011,exact,True,0.25112781954887214,False,0.002080380708334717,0.013951701636224934,0.14911304460045982,False,0.06365593795187087,0.3333333333333333,0.2
6,4u5p,89,shared_k0,225011,baseline,False,0.27368421052631575,True,0.0,0.0,0.1475616834050953,False,0.06710748169277048,0.3333333333333333,0.4
6,4u5p,89,shared_k0,225011,baseline,True,0.2526315789473684,False,0.0022332484800446917,0.014908705200768113,0.14979493188513998,False,0.06375210760813195,0.3333333333333333,0.2
6,4u5p,89,shared_k4,225001,exact,False,0.02631578947368421,False,0.041408556591826684,0.4344766199286725,0.09530675459274351,False,0.07416326152211389,0.3333333333333333,0.4
6,4u5p,89,shared_k4,225001,exact,True,0.09172932330827067,False,0.06114472855273656,0.531494898334493,0.11504292655365339,False,0.07045509844600818,0.0,0.4
6,4u5p,89,shared_k4,225001,baseline,False,0.02631578947368421,False,0.04140294714868126,0.4345479885200194,0.09527819307066898,False,0.07413048002341427,0.3333333333333333,0.4
6,4u5p,89,shared_k4,225001,baseline,True,0.09172932330827067,False,0.061116299271591235,0.5314851554408361,0.11499154519357896,False,0.07042395602224356,0.0,0.4
6,4u5p,89,shared_k4,225011,exact,False,0.2456140350877193,True,0.0,0.0,0.1470326638921251,False,0.07000615404916592,0.3333333333333333,0.4
6,4u5p,89,shared_k4,225011,exact,True,0.22406015037593985,False,0.002080380708334717,0.013951701636224934,0.14911304460045982,False,0.06650584634670763,0.3333333333333333,0.2
6,4u5p,89,shared_k4,225011,baseline,False,0.24912280701754386,True,0.0,0.0,0.1475616834050953,False,0.07010738526628287,0.3333333333333333,0.4
6,4u5p,89,shared_k4,225011,baseline,True,0.2270676691729323,False,0.0022332484800446917,0.014908705200768113,0.14979493188513998,False,0.06660201600296872,0.3333333333333333,0.2
6,4u5p,89,shared_k8,225001,exact,False,0.1280701754385965,False,0.03198566889835436,0.33560757613699804,0.09530675459274351,False,0.0650739343757748,0.6666666666666666,0.4
6,4u5p,89,shared_k8,225001,exact,True,0.2526315789473684,True,0.0,0.0,0.11504292655365339,False,0.061820237656986056,0.6666666666666666,0.6
6,4u5p,89,shared_k8,225001,baseline,False,0.1280701754385965,False,0.03199866829780512,0.3358446173939437,0.09527819307066898,False,0.06504115287707517,0.6666666666666666,0.4
6,4u5p,89,shared_k8,225001,baseline,True,0.2526315789473684,True,0.0,0.0,0.11499154519357896,False,0.06178909523322142,0.6666666666666666,0.6
6,4u5p,89,shared_k8,225011,exact,False,0.6298245614035087,True,0.0,0.0,0.1470326638921251,False,0.06127955714608385,0.3333333333333333,0.4
6,4u5p,89,shared_k8,225011,exact,True,0.6330827067669172,False,0.002080380708334717,0.013951701636224934,0.14911304460045982,False,0.05821557928877966,0.3333333333333333,0.4
6,4u5p,89,shared_k8,225011,baseline,False,0.6368421052631579,True,0.0,0.0,0.1475616834050953,False,0.06138202029792264,0.3333333333333333,0.6
6,4u5p,89,shared_k8,225011,baseline,True,0.6390977443609022,False,0.0022332484800446917,0.014908705200768113,0.14979493188513998,False,0.05831291928302651,0.3333333333333333,0.4
6,4u5p,89,shared_k16,225001,exact,False,0.6824561403508772,True,0.0,0.0,0.09530675459274351,False,0.04545697134740313,1.0,0.6
6,4u5p,89,shared_k16,225001,exact,True,0.7278195488721804,True,0.0,0.0,0.11504292655365339,False,0.043184122780032974,0.6666666666666666,0.8
6,4u5p,89,shared_k16,225001,baseline,False,0.6824561403508772,True,0.0,0.0,0.09527819307066898,False,0.04542418984870351,1.0,0.6
6,4u5p,89,shared_k16,225001,baseline,True,0.7278195488721804,True,0.0,0.0,0.11499154519357896,False,0.04315298035626832,0.6666666666666666,0.8
6,4u5p,89,shared_k16,225011,exact,False,0.7789473684210525,True,0.0,0.0,0.1470326638921251,False,0.0363034427271233,1.0,0.8
6,4u5p,89,shared_k16,225011,exact,True,0.8090225563909773,False,0.002080380708334717,0.013951701636224934,0.14911304460045982,False,0.03448827059076713,1.0,0.8
6,4u5p,89,shared_k16,225011,baseline,False,0.7754385964912281,True,0.0,0.0,0.1475616834050953,False,0.036405905878962065,1.0,0.6
6,4u5p,89,shared_k16,225011,baseline,True,0.806015037593985,False,0.0022332484800446917,0.014908705200768113,0.14979493188513998,False,0.03458561058501396,1.0,0.8
6,4u5p,89,shared_k32,225001,exact,False,0.9157894736842105,True,0.0,0.0,0.09530675459274351,False,0.019938875387806625,1.0,0.8
6,4u5p,89,shared_k32,225001,exact,True,0.9278195488721804,True,0.0,0.0,0.11504292655365339,False,0.018941931618416293,1.0,0.8
6,4u5p,89,shared_k32,225001,baseline,False,0.9157894736842105,True,0.0,0.0,0.09527819307066898,False,0.019906093889107003,1.0,0.8
6,4u5p,89,shared_k32,225001,baseline,True,0.9278195488721804,True,0.0,0.0,0.11499154519357896,False,0.018910789194651653,1.0,0.8
6,4u5p,89,shared_k32,225011,exact,False,0.8017543859649122,True,0.0,0.0,0.1470326638921251,False,0.014385142269476778,0.6666666666666666,0.6
6,4u5p,89,shared_k32,225011,exact,True,0.8285714285714285,False,0.002080380708334717,0.013951701636224934,0.14911304460045982,False,0.013665885156002939,1.0,0.8
6,4u5p,89,shared_k32,225011,baseline,False,0.8035087719298245,True,0.0,0.0,0.1475616834050953,False,0.014377839064544672,0.6666666666666666,0.8
6,4u5p,89,shared_k32,225011,baseline,True,0.8300751879699247,False,0.0022332484800446917,0.014908705200768113,0.14979493188513998,False,0.013658947111317437,1.0,0.8
6,4u5p,89,shared_k64,225001,exact,False,0.9842105263157893,True,0.0,0.0,0.09530675459274351,False,0.0064754462680487925,1.0,0.8
6,4u5p,89,shared_k64,225001,exact,True,0.9864661654135337,True,0.0,0.0,0.11504292655365339,False,0.006151673954646353,1.0,1.0
6,4u5p,89,shared_k64,225001,baseline,False,0.9842105263157893,True,0.0,0.0,0.09527819307066898,False,0.006442664769349171,1.0,0.8
6,4u5p,89,shared_k64,225001,baseline,True,0.9864661654135337,True,0.0,0.0,0.11499154519357896,False,0.006120531530881712,1.0,1.0
6,4u5p,89,shared_k64,225011,exact,False,0.9631578947368421,True,0.0,0.0,0.1470326638921251,False,0.006630164953215477,0.6666666666666666,0.8
6,4u5p,89,shared_k64,225011,exact,True,0.9684210526315788,True,0.0,0.0,0.14911304460045982,False,0.006298656705554703,1.0,0.8
6,4u5p,89,shared_k64,225011,baseline,False,0.9684210526315788,True,0.0,0.0,0.1475616834050953,False,0.006610260116386309,0.6666666666666666,1.0
6,4u5p,89,shared_k64,225011,baseline,True,0.9729323308270676,True,0.0,0.0,0.14979493188513998,False,0.0062797471105669935,1.0,0.8
6,4u5p,89,shared_kfull,225001,exact,False,1.0,True,0.0,0.0,0.09530675459274351,False,3.8836076596622015e-05,1.0,1.0
6,4u5p,89,shared_kfull,225001,exact,True,1.0,True,0.0,0.0,0.11504292655365339,False,3.6894272766790914e-05,1.0,1.0
6,4u5p,89,shared_kfull,225001,baseline,False,1.0,True,0.0,0.0,0.09527819307066898,False,0.0,1.0,1.0
6,4u5p,89,shared_kfull,225001,baseline,True,1.0,True,0.0,0.0,0.11499154519357896,False,0.0,1.0,1.0
6,4u5p,89,shared_kfull,225011,exact,False,0.9982456140350877,True,0.0,0.0,0.1470326638921251,False,0.00015465349050570207,1.0,0.8
6,4u5p,89,shared_kfull,225011,exact,True,0.9984962406015038,True,0.0,0.0,0.14911304460045982,False,0.00014692081598041695,1.0,1.0
6,4u5p,89,shared_kfull,225011,baseline,False,1.0,True,0.0,0.0,0.1475616834050953,False,0.0,1.0,1.0
6,4u5p,89,shared_kfull,225011,baseline,True,1.0,True,0.0,0.0,0.14979493188513998,False,0.0,1.0,1.0
2,2sak,106,baseline,225001,exact,False,1.0,True,0.0,0.0,0.31046605315229664,False,0.00023146948710321032,1.0,1.0
2,2sak,106,baseline,225001,exact,True,1.0,True,0.0,0.0,0.31046605315229664,False,0.00021989601274804982,1.0,1.0
2,2sak,106,baseline,225001,baseline,False,1.0,True,0.0,0.0,0.31010422017274447,False,0.0,1.0,1.0
2,2sak,106,baseline,225001,baseline,True,1.0,True,0.0,0.0,0.31010422017274447,False,0.0,1.0,1.0
2,2sak,106,baseline,225011,exact,False,1.0,True,0.0,0.0,0.300368657497006,False,0.00018495103376398037,1.0,1.0
2,2sak,106,baseline,225011,exact,True,1.0,True,0.0,0.0,0.300368657497006,False,0.00017570348207578135,1.0,1.0
2,2sak,106,baseline,225011,baseline,False,1.0,True,0.0,0.0,0.2993753514712613,False,0.0,1.0,1.0
2,2sak,106,baseline,225011,baseline,True,1.0,True,0.0,0.0,0.2993753514712613,False,0.0,1.0,1.0
2,2sak,106,channel_k0,225001,exact,False,0.07368421052631578,False,0.06640713739550802,0.21389500308084416,0.31046605315229664,False,0.07288382632948281,0.0,0.2
2,2sak,106,channel_k0,225001,exact,True,0.11879699248120301,False,0.06640713739550802,0.21389500308084416,0.31046605315229664,False,0.06923963501300866,0.0,0.0
2,2sak,106,channel_k0,225001,baseline,False,0.07368421052631578,False,0.06644620490777736,0.21427055997742728,0.31010422017274447,False,0.07270744942469165,0.0,0.2
2,2sak,106,channel_k0,225001,baseline,True,0.11879699248120301,False,0.06644620490777736,0.21427055997742728,0.31010422017274447,False,0.06907207695345707,0.0,0.0
2,2sak,106,channel_k0,225011,exact,False,0.1,False,0.11022188627210133,0.36695535143576025,0.300368657497006,False,0.06084073434962923,0.3333333333333333,0.2
2,2sak,106,channel_k0,225011,exact,True,0.2150375939849624,False,0.038673567382650154,0.12875367125491663,0.300368657497006,False,0.05779869763214777,0.6666666666666666,0.4
2,2sak,106,channel_k0,225011,baseline,False,0.1,False,0.11014889483411389,0.3679290706225281,0.2993753514712613,False,0.06072278037562997,0.3333333333333333,0.2
2,2sak,106,channel_k0,225011,baseline,True,0.2150375939849624,False,0.038768060032584706,0.12949649943477817,0.2993753514712613,False,0.05768664135684846,0.6666666666666666,0.4
2,2sak,106,channel_k4,225001,exact,False,0.9298245614035087,True,0.0,0.0,0.31046605315229664,False,0.043956094877675454,1.0,0.8
2,2sak,106,channel_k4,225001,exact,True,0.9398496240601503,True,0.0,0.0,0.31046605315229664,False,0.04175829013379168,1.0,1.0
2,2sak,106,channel_k4,225001,baseline,False,0.9298245614035087,True,0.0,0.0,0.31010422017274447,False,0.043776899162646994,1.0,0.8
2,2sak,106,channel_k4,225001,baseline,True,0.9398496240601503,True,0.0,0.0,0.31010422017274447,False,0.04158805420451465,1.0,1.0
2,2sak,106,channel_k4,225011,exact,False,0.9421052631578948,True,0.0,0.0,0.300368657497006,False,0.037027794561339734,1.0,1.0
2,2sak,106,channel_k4,225011,exact,True,0.9488721804511278,True,0.0,0.0,0.300368657497006,False,0.03517640483327274,0.6666666666666666,1.0
2,2sak,106,channel_k4,225011,baseline,False,0.9421052631578948,True,0.0,0.0,0.2993753514712613,False,0.03687605994775311,1.0,1.0
2,2sak,106,channel_k4,225011,baseline,True,0.9488721804511278,True,0.0,0.0,0.2993753514712613,False,0.03503225695036545,0.6666666666666666,1.0
2,2sak,106,channel_k8,225001,exact,False,0.9614035087719298,True,0.0,0.0,0.31046605315229664,False,0.029332234895472903,1.0,1.0
2,2sak,106,channel_k8,225001,exact,True,0.9669172932330825,True,0.0,0.0,0.31046605315229664,False,0.027865623150699258,1.0,1.0
2,2sak,106,channel_k8,225001,baseline,False,0.9614035087719298,True,0.0,0.0,0.31010422017274447,False,0.02914057560977227,1.0,1.0
2,2sak,106,channel_k8,225001,baseline,True,0.9669172932330825,True,0.0,0.0,0.31010422017274447,False,0.027683546829283655,1.0,1.0
2,2sak,106,channel_k8,225011,exact,False,0.9859649122807018,True,0.0,0.0,0.300368657497006,False,0.02643349287567391,1.0,1.0
2,2sak,106,channel_k8,225011,exact,True,0.9864661654135337,True,0.0,0.0,0.300368657497006,False,0.025111818231890216,0.6666666666666666,1.0
2,2sak,106,channel_k8,225011,baseline,False,0.9859649122807018,True,0.0,0.0,0.2993753514712613,False,0.026293956516693917,1.0,1.0
2,2sak,106,channel_k8,225011,baseline,True,0.9864661654135337,True,0.0,0.0,0.2993753514712613,False,0.02497925869085922,0.6666666666666666,1.0
2,2sak,106,channel_k16,225001,exact,False,0.9929824561403509,True,0.0,0.0,0.31046605315229664,False,0.015306071457816773,1.0,1.0
2,2sak,106,channel_k16,225001,exact,True,0.993984962406015,True,0.0,0.0,0.31046605315229664,False,0.014540767884925934,1.0,1.0
2,2sak,106,channel_k16,225001,baseline,False,0.9929824561403509,True,0.0,0.0,0.31010422017274447,False,0.015114412172116138,1.0,1.0
2,2sak,106,channel_k16,225001,baseline,True,0.993984962406015,True,0.0,0.0,0.31010422017274447,False,0.014358691563510332,1.0,1.0
2,2sak,106,channel_k16,225011,exact,False,0.9964912280701754,True,0.0,0.0,0.300368657497006,False,0.01471106684365669,1.0,1.0
2,2sak,106,channel_k16,225011,exact,True,0.9954887218045112,True,0.0,0.0,0.300368657497006,False,0.013975513501473854,0.6666666666666666,1.0
2,2sak,106,channel_k16,225011,baseline,False,0.9964912280701754,True,0.0,0.0,0.2993753514712613,False,0.014571530484676696,1.0,1.0
2,2sak,106,channel_k16,225011,baseline,True,0.9954887218045112,True,0.0,0.0,0.2993753514712613,False,0.01384295396044286,0.6666666666666666,1.0
2,2sak,106,channel_k32,225001,exact,False,1.0,True,0.0,0.0,0.31046605315229664,False,0.006373440517446982,1.0,1.0
2,2sak,106,channel_k32,225001,exact,True,1.0,True,0.0,0.0,0.31046605315229664,False,0.006054768491574633,1.0,1.0
2,2sak,106,channel_k32,225001,baseline,False,1.0,True,0.0,0.0,0.31010422017274447,False,0.006181781231746348,1.0,1.0
2,2sak,106,channel_k32,225001,baseline,True,1.0,True,0.0,0.0,0.31010422017274447,False,0.00587269217015903,1.0,1.0
2,2sak,106,channel_k32,225011,exact,False,0.9947368421052631,True,0.0,0.0,0.300368657497006,False,0.005034499714225824,1.0,1.0
2,2sak,106,channel_k32,225011,exact,True,0.993984962406015,True,0.0,0.0,0.300368657497006,False,0.004782774728514533,0.6666666666666666,1.0
2,2sak,106,channel_k32,225011,baseline,False,0.9947368421052631,True,0.0,0.0,0.2993753514712613,False,0.004894963355245831,1.0,1.0
2,2sak,106,channel_k32,225011,baseline,True,0.993984962406015,True,0.0,0.0,0.2993753514712613,False,0.004650215187483539,0.6666666666666666,1.0
2,2sak,106,channel_k64,225001,exact,False,1.0,True,0.0,0.0,0.31046605315229664,False,0.0011305645899083567,1.0,1.0
2,2sak,106,channel_k64,225001,exact,True,1.0,True,0.0,0.0,0.31046605315229664,False,0.0010740363604129389,1.0,1.0
2,2sak,106,channel_k64,225001,baseline,False,1.0,True,0.0,0.0,0.31010422017274447,False,0.0009847437562965882,1.0,1.0
2,2sak,106,channel_k64,225001,baseline,True,1.0,True,0.0,0.0,0.31010422017274447,False,0.0009355065684817587,1.0,1.0
2,2sak,106,channel_k64,225011,exact,False,1.0,True,0.0,0.0,0.300368657497006,False,0.0008661749028664923,1.0,1.0
2,2sak,106,channel_k64,225011,exact,True,1.0,True,0.0,0.0,0.300368657497006,False,0.0008228661577231678,1.0,1.0
2,2sak,106,channel_k64,225011,baseline,False,1.0,True,0.0,0.0,0.2993753514712613,False,0.0007413138336019543,1.0,1.0
2,2sak,106,channel_k64,225011,baseline,True,1.0,True,0.0,0.0,0.2993753514712613,False,0.0007042481419218566,1.0,1.0
2,2sak,106,channel_kfull,225001,exact,False,1.0,True,0.0,0.0,0.31046605315229664,False,0.00023146948710321032,1.0,1.0
2,2sak,106,channel_kfull,225001,exact,True,1.0,True,0.0,0.0,0.31046605315229664,False,0.00021989601274804982,1.0,1.0
2,2sak,106,channel_kfull,225001,baseline,False,1.0,True,0.0,0.0,0.31010422017274447,False,0.0,1.0,1.0
2,2sak,106,channel_kfull,225001,baseline,True,1.0,True,0.0,0.0,0.31010422017274447,False,0.0,1.0,1.0
2,2sak,106,channel_kfull,225011,exact,False,1.0,True,0.0,0.0,0.300368657497006,False,0.00018495103376398037,1.0,1.0
2,2sak,106,channel_kfull,225011,exact,True,1.0,True,0.0,0.0,0.300368657497006,False,0.00017570348207578135,1.0,1.0
2,2sak,106,channel_kfull,225011,baseline,False,1.0,True,0.0,0.0,0.2993753514712613,False,0.0,1.0,1.0
2,2sak,106,channel_kfull,225011,baseline,True,1.0,True,0.0,0.0,0.2993753514712613,False,0.0,1.0,1.0
2,2sak,106,shared_k0,225001,exact,False,0.07368421052631578,False,0.06640713739550802,0.21389500308084416,0.31046605315229664,False,0.07288382632948281,0.0,0.2
2,2sak,106,shared_k0,225001,exact,True,0.11879699248120301,False,0.06640713739550802,0.21389500308084416,0.31046605315229664,False,0.06923963501300866,0.0,0.0
2,2sak,106,shared_k0,225001,baseline,False,0.07368421052631578,False,0.06644620490777736,0.21427055997742728,0.31010422017274447,False,0.07270744942469165,0.0,0.2
2,2sak,106,shared_k0,225001,baseline,True,0.11879699248120301,False,0.06644620490777736,0.21427055997742728,0.31010422017274447,False,0.06907207695345707,0.0,0.0
2,2sak,106,shared_k0,225011,exact,False,0.1,False,0.11022188627210133,0.36695535143576025,0.300368657497006,False,0.06084073434962923,0.3333333333333333,0.2
2,2sak,106,shared_k0,225011,exact,True,0.2150375939849624,False,0.038673567382650154,0.12875367125491663,0.300368657497006,False,0.05779869763214777,0.6666666666666666,0.4
2,2sak,106,shared_k0,225011,baseline,False,0.1,False,0.11014889483411389,0.3679290706225281,0.2993753514712613,False,0.06072278037562997,0.3333333333333333,0.2
2,2sak,106,shared_k0,225011,baseline,True,0.2150375939849624,False,0.038768060032584706,0.12949649943477817,0.2993753514712613,False,0.05768664135684846,0.6666666666666666,0.4
2,2sak,106,shared_k4,225001,exact,False,0.8122807017543859,False,0.06640713739550802,0.21389500308084416,0.31046605315229664,False,0.06857576132978012,0.6666666666666666,0.8
2,2sak,106,shared_k4,225001,exact,True,0.8270676691729323,False,0.06640713739550802,0.21389500308084416,0.31046605315229664,False,0.0651469732632911,0.6666666666666666,0.6
2,2sak,106,shared_k4,225001,baseline,False,0.8122807017543859,False,0.06644620490777736,0.21427055997742728,0.31010422017274447,False,0.06839938442498895,0.6666666666666666,0.8
2,2sak,106,shared_k4,225001,baseline,True,0.8270676691729323,False,0.06644620490777736,0.21427055997742728,0.31010422017274447,False,0.06497941520373951,0.6666666666666666,0.6
2,2sak,106,shared_k4,225011,exact,False,0.5421052631578946,True,0.0,0.0,0.300368657497006,False,0.0560425503560452,0.3333333333333333,0.4
2,2sak,106,shared_k4,225011,exact,True,0.5849624060150376,True,0.0,0.0,0.300368657497006,False,0.05324042283824294,0.6666666666666666,0.6
2,2sak,106,shared_k4,225011,baseline,False,0.5421052631578946,True,0.0,0.0,0.2993753514712613,False,0.05592459638204595,0.3333333333333333,0.4
2,2sak,106,shared_k4,225011,baseline,True,0.5849624060150376,True,0.0,0.0,0.2993753514712613,False,0.05312836656294365,0.6666666666666666,0.6
2,2sak,106,shared_k8,225001,exact,False,0.8859649122807017,False,0.006496444971381854,0.020924815790391984,0.31046605315229664,False,0.05798404511394868,0.6666666666666666,0.8
2,2sak,106,shared_k8,225001,exact,True,0.9022556390977443,False,0.006496444971381854,0.020924815790391984,0.31046605315229664,False,0.05508484285825125,1.0,0.8
2,2sak,106,shared_k8,225001,baseline,False,0.8859649122807017,False,0.006404819747250601,0.0206537651879835,0.31010422017274447,False,0.057807668209157524,0.6666666666666666,0.8
2,2sak,106,shared_k8,225001,baseline,True,0.9022556390977443,False,0.006404819747250601,0.0206537651879835,0.31010422017274447,False,0.05491728479869965,1.0,0.8
2,2sak,106,shared_k8,225011,exact,False,0.8754385964912281,True,0.0,0.0,0.300368657497006,False,0.047138151920267025,0.6666666666666666,1.0
2,2sak,106,shared_k8,225011,exact,True,0.8932330827067668,True,0.0,0.0,0.300368657497006,False,0.04478124432425368,1.0,1.0
2,2sak,106,shared_k8,225011,baseline,False,0.8754385964912281,True,0.0,0.0,0.2993753514712613,False,0.046996363901410355,0.6666666666666666,1.0
2,2sak,106,shared_k8,225011,baseline,True,0.8932330827067668,True,0.0,0.0,0.2993753514712613,False,0.044646545706339844,1.0,1.0
2,2sak,106,shared_k16,225001,exact,False,0.9508771929824561,True,0.0,0.0,0.31046605315229664,False,0.039805220269766364,1.0,1.0
2,2sak,106,shared_k16,225001,exact,True,0.9578947368421054,True,0.0,0.0,0.31046605315229664,False,0.03781495925627805,1.0,1.0
2,2sak,106,shared_k16,225001,baseline,False,0.9508771929824561,True,0.0,0.0,0.31010422017274447,False,0.03961356098406573,1.0,1.0
2,2sak,106,shared_k16,225001,baseline,True,0.9578947368421054,True,0.0,0.0,0.31010422017274447,False,0.037632882934862444,1.0,1.0
2,2sak,106,shared_k16,225011,exact,False,0.9,True,0.0,0.0,0.300368657497006,False,0.037670807195773426,1.0,1.0
2,2sak,106,shared_k16,225011,exact,True,0.9097744360902256,True,0.0,0.0,0.300368657497006,False,0.035787266835984745,0.6666666666666666,1.0
2,2sak,106,shared_k16,225011,baseline,False,0.9,True,0.0,0.0,0.2993753514712613,False,0.037519072582186806,1.0,1.0
2,2sak,106,shared_k16,225011,baseline,True,0.9097744360902256,True,0.0,0.0,0.2993753514712613,False,0.03564311895307746,0.6666666666666666,1.0
2,2sak,106,shared_k32,225001,exact,False,0.9508771929824561,True,0.0,0.0,0.31046605315229664,False,0.024988340111297615,1.0,1.0
2,2sak,106,shared_k32,225001,exact,True,0.9578947368421054,True,0.0,0.0,0.31046605315229664,False,0.023738923105732734,1.0,1.0
2,2sak,106,shared_k32,225001,baseline,False,0.9508771929824561,True,0.0,0.0,0.31010422017274447,False,0.02479668082559698,1.0,1.0
2,2sak,106,shared_k32,225001,baseline,True,0.9578947368421054,True,0.0,0.0,0.31010422017274447,False,0.02355684678431713,1.0,1.0
2,2sak,106,shared_k32,225011,exact,False,0.987719298245614,True,0.0,0.0,0.300368657497006,False,0.024933795246314422,1.0,1.0
2,2sak,106,shared_k32,225011,exact,True,0.9879699248120299,True,0.0,0.0,0.300368657497006,False,0.0236871054839987,0.6666666666666666,1.0
2,2sak,106,shared_k32,225011,baseline,False,0.987719298245614,True,0.0,0.0,0.2993753514712613,False,0.024794258887334428,1.0,1.0
2,2sak,106,shared_k32,225011,baseline,True,0.9879699248120299,True,0.0,0.0,0.2993753514712613,False,0.023554545942967707,0.6666666666666666,1.0
2,2sak,106,shared_k64,225001,exact,False,0.9929824561403509,True,0.0,0.0,0.31046605315229664,False,0.010687407029560149,1.0,1.0
2,2sak,106,shared_k64,225001,exact,True,0.993984962406015,True,0.0,0.0,0.31046605315229664,False,0.010153036678082141,1.0,1.0
2,2sak,106,shared_k64,225001,baseline,False,0.9929824561403509,True,0.0,0.0,0.31010422017274447,False,0.010495747743859515,1.0,1.0
2,2sak,106,shared_k64,225001,baseline,True,0.993984962406015,True,0.0,0.0,0.31010422017274447,False,0.00997096035666654,1.0,1.0
2,2sak,106,shared_k64,225011,exact,False,0.9894736842105263,True,0.0,0.0,0.300368657497006,False,0.00878854743242198,1.0,1.0
2,2sak,106,shared_k64,225011,exact,True,0.9894736842105262,True,0.0,0.0,0.300368657497006,False,0.00834912006080088,0.6666666666666666,1.0
2,2sak,106,shared_k64,225011,baseline,False,0.9894736842105263,True,0.0,0.0,0.2993753514712613,False,0.008649011073441985,1.0,1.0
2,2sak,106,shared_k64,225011,baseline,True,0.9894736842105262,True,0.0,0.0,0.2993753514712613,False,0.008216560519769886,0.6666666666666666,1.0
2,2sak,106,shared_kfull,225001,exact,False,1.0,True,0.0,0.0,0.31046605315229664,False,0.00023146948710321032,1.0,1.0
2,2sak,106,shared_kfull,225001,exact,True,1.0,True,0.0,0.0,0.31046605315229664,False,0.00021989601274804982,1.0,1.0
2,2sak,106,shared_kfull,225001,baseline,False,1.0,True,0.0,0.0,0.31010422017274447,False,0.0,1.0,1.0
2,2sak,106,shared_kfull,225001,baseline,True,1.0,True,0.0,0.0,0.31010422017274447,False,0.0,1.0,1.0
2,2sak,106,shared_kfull,225011,exact,False,1.0,True,0.0,0.0,0.300368657497006,False,0.00018495103376398037,1.0,1.0
2,2sak,106,shared_kfull,225011,exact,True,1.0,True,0.0,0.0,0.300368657497006,False,0.00017570348207578135,1.0,1.0
2,2sak,106,shared_kfull,225011,baseline,False,1.0,True,0.0,0.0,0.2993753514712613,False,0.0,1.0,1.0
2,2sak,106,shared_kfull,225011,baseline,True,1.0,True,0.0,0.0,0.2993753514712613,False,0.0,1.0,1.0
6,4u5p,73,baseline,225001,exact,False,1.0,True,0.0,0.0,0.081631465426279,False,0.00010233124542567915,1.0,1.0
6,4u5p,73,baseline,225001,exact,True,1.0,True,0.0,0.0,0.081631465426279,False,9.721468315439519e-05,1.0,1.0
6,4u5p,73,baseline,225001,baseline,False,1.0,True,0.0,0.0,0.08152754880919275,False,0.0,1.0,1.0
6,4u5p,73,baseline,225001,baseline,True,1.0,True,0.0,0.0,0.08152754880919275,False,0.0,1.0,1.0
6,4u5p,73,baseline,225011,exact,False,1.0,True,0.0,0.0,0.08816500770097957,False,9.682853265366589e-05,1.0,1.0
6,4u5p,73,baseline,225011,exact,True,1.0,True,0.0,0.0,0.08816500770097957,False,9.198710602098259e-05,1.0,1.0
6,4u5p,73,baseline,225011,baseline,False,1.0,True,0.0,0.0,0.08821074504321336,False,0.0,1.0,1.0
6,4u5p,73,baseline,225011,baseline,True,1.0,True,0.0,0.0,0.08821074504321336,False,0.0,1.0,1.0
6,4u5p,73,channel_k0,225001,exact,False,0.6596491228070176,False,0.01425813066664336,0.17466464177982707,0.081631465426279,False,0.016248169798356648,1.0,0.6
6,4u5p,73,channel_k0,225001,exact,True,0.6586466165413534,False,0.01425813066664336,0.17466464177982707,0.081631465426279,False,0.015435761308438817,1.0,0.6
6,4u5p,73,channel_k0,225001,baseline,False,0.6596491228070176,False,0.014225827717889494,0.17449105149945882,0.08152754880919275,False,0.016250561586677526,1.0,0.6
6,4u5p,73,channel_k0,225001,baseline,True,0.6586466165413534,False,0.014225827717889494,0.17449105149945882,0.08152754880919275,False,0.015438033507343652,1.0,0.6
6,4u5p,73,channel_k0,225011,exact,False,0.7315789473684211,False,0.017130832592681,0.1943042147830569,0.08816500770097957,False,0.01711995802106463,0.3333333333333333,0.4
6,4u5p,73,channel_k0,225011,exact,True,0.7488721804511278,False,0.017130832592681,0.1943042147830569,0.08816500770097957,False,0.0162639601200114,0.3333333333333333,0.4
6,4u5p,73,channel_k0,225011,baseline,False,0.7315789473684211,False,0.01701206422132545,0.19285705174569664,0.08821074504321336,False,0.017072389033242735,0.3333333333333333,0.4
6,4u5p,73,channel_k0,225011,baseline,True,0.7488721804511278,False,0.01701206422132545,0.19285705174569664,0.08821074504321336,False,0.016218769581580597,0.3333333333333333,0.4
6,4u5p,73,channel_k4,225001,exact,False,0.9596491228070174,False,0.0026990698559975768,0.0330640867697652,0.081631465426279,False,0.0064485971496061655,1.0,0.8
6,4u5p,73,channel_k4,225001,exact,True,0.9654135338345864,False,0.0026990698559975768,0.0330640867697652,0.081631465426279,False,0.006126167292125857,1.0,0.8
6,4u5p,73,channel_k4,225001,baseline,False,0.9596491228070174,False,0.0027715431175721617,0.03399517289620331,0.08152754880919275,False,0.006407958586015033,1.0,0.8
6,4u5p,73,channel_k4,225001,baseline,True,0.9654135338345864,False,0.0027715431175721617,0.03399517289620331,0.08152754880919275,False,0.006087560656714282,1.0,0.8
6,4u5p,73,channel_k4,225011,exact,False,0.8122807017543859,False,0.017130832592681,0.1943042147830569,0.08816500770097957,False,0.012864300003290145,0.3333333333333333,0.8
6,4u5p,73,channel_k4,225011,exact,True,0.8345864661654135,False,0.017130832592681,0.1943042147830569,0.08816500770097957,False,0.012221085003125636,0.3333333333333333,0.8
6,4u5p,73,channel_k4,225011,baseline,False,0.8122807017543859,False,0.01701206422132545,0.19285705174569664,0.08821074504321336,False,0.012838524139354289,0.3333333333333333,0.8
6,4u5p,73,channel_k4,225011,baseline,True,0.8345864661654135,False,0.01701206422132545,0.19285705174569664,0.08821074504321336,False,0.012196597932386574,0.3333333333333333,0.8
6,4u5p,73,channel_k8,225001,exact,False,0.9736842105263157,True,0.0,0.0,0.081631465426279,False,0.0038858844676832316,0.6666666666666666,0.8
6,4u5p,73,channel_k8,225001,exact,True,0.9774436090225563,True,0.0,0.0,0.081631465426279,False,0.00369159024429907,0.6666666666666666,0.8
6,4u5p,73,channel_k8,225001,baseline,False,0.9736842105263157,True,0.0,0.0,0.08152754880919275,False,0.003871002294127162,0.6666666666666666,0.8
6,4u5p,73,channel_k8,225001,baseline,True,0.9774436090225563,True,0.0,0.0,0.08152754880919275,False,0.0036774521794208036,0.6666666666666666,0.8
6,4u5p,73,channel_k8,225011,exact,False,0.9122807017543859,False,0.003096550747653526,0.03512221944284049,0.08816500770097957,False,0.009585475047045348,0.6666666666666666,0.8
6,4u5p,73,channel_k8,225011,exact,True,0.9248120300751879,False,0.003096550747653526,0.03512221944284049,0.08816500770097957,False,0.00910620129469308,0.6666666666666666,0.8
6,4u5p,73,channel_k8,225011,baseline,False,0.9122807017543859,False,0.0030401629608098335,0.03446476910857623,0.08821074504321336,False,0.009556672529373242,0.6666666666666666,0.8
6,4u5p,73,channel_k8,225011,baseline,True,0.9248120300751879,False,0.0030401629608098335,0.03446476910857623,0.08821074504321336,False,0.00907883890290458,0.6666666666666666,0.8
6,4u5p,73,channel_k16,225001,exact,False,0.9859649122807018,True,0.0,0.0,0.081631465426279,False,0.0019020157368037506,1.0,0.8
6,4u5p,73,channel_k16,225001,exact,True,0.9879699248120299,True,0.0,0.0,0.081631465426279,False,0.001806914949963563,1.0,0.8
6,4u5p,73,channel_k16,225001,baseline,False,0.9859649122807018,True,0.0,0.0,0.08152754880919275,False,0.0018788825783208195,1.0,0.8
6,4u5p,73,channel_k16,225001,baseline,True,0.9879699248120299,True,0.0,0.0,0.08152754880919275,False,0.0017849384494047784,1.0,0.8
6,4u5p,73,channel_k16,225011,exact,False,0.9631578947368421,False,0.003096550747653526,0.03512221944284049,0.08816500770097957,False,0.005675733118573191,0.6666666666666666,0.8
6,4u5p,73,channel_k16,225011,exact,True,0.9684210526315788,False,0.003096550747653526,0.03512221944284049,0.08816500770097957,False,0.005391946462644531,0.6666666666666666,0.8
6,4u5p,73,channel_k16,225011,baseline,False,0.9631578947368421,False,0.0030401629608098335,0.03446476910857623,0.08821074504321336,False,0.005676245489005083,0.6666666666666666,0.8
6,4u5p,73,channel_k16,225011,baseline,True,0.9684210526315788,False,0.0030401629608098335,0.03446476910857623,0.08821074504321336,False,0.005392433214554829,0.6666666666666666,0.8
6,4u5p,73,channel_k32,225001,exact,False,0.9912280701754386,True,0.0,0.0,0.081631465426279,False,0.000469552101982769,1.0,0.8
6,4u5p,73,channel_k32,225001,exact,True,0.9924812030075187,True,0.0,0.0,0.081631465426279,False,0.00044607449688363057,1.0,0.8
6,4u5p,73,channel_k32,225001,baseline,False,0.9912280701754386,True,0.0,0.0,0.08152754880919275,False,0.00046741590888552267,1.0,0.8
6,4u5p,73,channel_k32,225001,baseline,True,0.9924812030075187,True,0.0,0.0,0.08152754880919275,False,0.00044404511344124653,1.0,0.8
6,4u5p,73,channel_k32,225011,exact,False,0.9982456140350877,True,0.0,0.0,0.08816500770097957,False,0.001569899108975931,1.0,1.0
6,4u5p,73,channel_k32,225011,exact,True,0.9984962406015038,True,0.0,0.0,0.08816500770097957,False,0.0014914041535271344,1.0,1.0
6,4u5p,73,channel_k32,225011,baseline,False,0.9982456140350877,True,0.0,0.0,0.08821074504321336,False,0.0015977288919183958,1.0,1.0
6,4u5p,73,channel_k32,225011,baseline,True,0.9984962406015038,True,0.0,0.0,0.08821074504321336,False,0.001517842447322476,1.0,1.0
6,4u5p,73,channel_k64,225001,exact,False,0.9982456140350877,True,0.0,0.0,0.081631465426279,False,0.00010715083157966216,1.0,1.0
6,4u5p,73,channel_k64,225001,exact,True,0.9984962406015038,True,0.0,0.0,0.081631465426279,False,0.00010179329000067905,1.0,1.0
6,4u5p,73,channel_k64,225001,baseline,False,0.9982456140350877,True,0.0,0.0,0.08152754880919275,False,9.975940765257587e-05,1.0,1.0
6,4u5p,73,channel_k64,225001,baseline,True,0.9984962406015038,True,0.0,0.0,0.08152754880919275,False,9.477143726994708e-05,1.0,1.0
6,4u5p,73,channel_k64,225011,exact,False,0.9982456140350877,True,0.0,0.0,0.08816500770097957,False,0.00045044909347741484,1.0,1.0
6,4u5p,73,channel_k64,225011,exact,True,0.9984962406015038,True,0.0,0.0,0.08816500770097957,False,0.0004279266388035441,1.0,1.0
6,4u5p,73,channel_k64,225011,baseline,False,0.9982456140350877,True,0.0,0.0,0.08821074504321336,False,0.0004991646607932995,1.0,1.0
6,4u5p,73,channel_k64,225011,baseline,True,0.9984962406015038,True,0.0,0.0,0.08821074504321336,False,0.0004742064277536345,1.0,1.0
6,4u5p,73,channel_kfull,225001,exact,False,1.0,True,0.0,0.0,0.081631465426279,False,0.00010233124542567915,1.0,1.0
6,4u5p,73,channel_kfull,225001,exact,True,1.0,True,0.0,0.0,0.081631465426279,False,9.721468315439519e-05,1.0,1.0
6,4u5p,73,channel_kfull,225001,baseline,False,1.0,True,0.0,0.0,0.08152754880919275,False,0.0,1.0,1.0
6,4u5p,73,channel_kfull,225001,baseline,True,1.0,True,0.0,0.0,0.08152754880919275,False,0.0,1.0,1.0
6,4u5p,73,channel_kfull,225011,exact,False,1.0,True,0.0,0.0,0.08816500770097957,False,9.682853265366589e-05,1.0,1.0
6,4u5p,73,channel_kfull,225011,exact,True,1.0,True,0.0,0.0,0.08816500770097957,False,9.198710602098259e-05,1.0,1.0
6,4u5p,73,channel_kfull,225011,baseline,False,1.0,True,0.0,0.0,0.08821074504321336,False,0.0,1.0,1.0
6,4u5p,73,channel_kfull,225011,baseline,True,1.0,True,0.0,0.0,0.08821074504321336,False,0.0,1.0,1.0
6,4u5p,73,shared_k0,225001,exact,False,0.6596491228070176,False,0.01425813066664336,0.17466464177982707,0.081631465426279,False,0.016248169798356648,1.0,0.6
6,4u5p,73,shared_k0,225001,exact,True,0.6586466165413534,False,0.01425813066664336,0.17466464177982707,0.081631465426279,False,0.015435761308438817,1.0,0.6
6,4u5p,73,shared_k0,225001,baseline,False,0.6596491228070176,False,0.014225827717889494,0.17449105149945882,0.08152754880919275,False,0.016250561586677526,1.0,0.6
6,4u5p,73,shared_k0,225001,baseline,True,0.6586466165413534,False,0.014225827717889494,0.17449105149945882,0.08152754880919275,False,0.015438033507343652,1.0,0.6
6,4u5p,73,shared_k0,225011,exact,False,0.7315789473684211,False,0.017130832592681,0.1943042147830569,0.08816500770097957,False,0.01711995802106463,0.3333333333333333,0.4
6,4u5p,73,shared_k0,225011,exact,True,0.7488721804511278,False,0.017130832592681,0.1943042147830569,0.08816500770097957,False,0.0162639601200114,0.3333333333333333,0.4
6,4u5p,73,shared_k0,225011,baseline,False,0.7315789473684211,False,0.01701206422132545,0.19285705174569664,0.08821074504321336,False,0.017072389033242735,0.3333333333333333,0.4
6,4u5p,73,shared_k0,225011,baseline,True,0.7488721804511278,False,0.01701206422132545,0.19285705174569664,0.08821074504321336,False,0.016218769581580597,0.3333333333333333,0.4
6,4u5p,73,shared_k4,225001,exact,False,0.8859649122807017,False,0.01425813066664336,0.17466464177982707,0.081631465426279,False,0.013606958127316498,1.0,0.6
6,4u5p,73,shared_k4,225001,exact,True,0.8872180451127819,False,0.01425813066664336,0.17466464177982707,0.081631465426279,False,0.012926610220950674,1.0,0.6
6,4u5p,73,shared_k4,225001,baseline,False,0.8859649122807017,False,0.014225827717889494,0.17449105149945882,0.08152754880919275,False,0.013566319563725367,1.0,0.6
6,4u5p,73,shared_k4,225001,baseline,True,0.8872180451127819,False,0.014225827717889494,0.17449105149945882,0.08152754880919275,False,0.012888003585539098,1.0,0.6
6,4u5p,73,shared_k4,225011,exact,False,0.7719298245614035,False,0.017130832592681,0.1943042147830569,0.08816500770097957,False,0.01588375880091979,0.3333333333333333,0.6
6,4u5p,73,shared_k4,225011,exact,True,0.7834586466165413,False,0.017130832592681,0.1943042147830569,0.08816500770097957,False,0.0150895708608738,0.3333333333333333,0.6
6,4u5p,73,shared_k4,225011,baseline,False,0.7719298245614035,False,0.01701206422132545,0.19285705174569664,0.08821074504321336,False,0.01582729907048319,0.3333333333333333,0.6
6,4u5p,73,shared_k4,225011,baseline,True,0.7834586466165413,False,0.01701206422132545,0.19285705174569664,0.08821074504321336,False,0.015035934116959032,0.3333333333333333,0.6
6,4u5p,73,shared_k8,225001,exact,False,0.9263157894736841,False,0.0026990698559975768,0.0330640867697652,0.081631465426279,False,0.01099352892789095,1.0,0.8
6,4u5p,73,shared_k8,225001,exact,True,0.9353383458646616,False,0.0026990698559975768,0.0330640867697652,0.081631465426279,False,0.010443852481496404,1.0,0.8
6,4u5p,73,shared_k8,225001,baseline,False,0.9263157894736841,False,0.0027715431175721617,0.03399517289620331,0.08152754880919275,False,0.01095289036429982,1.0,0.8
6,4u5p,73,shared_k8,225001,baseline,True,0.9353383458646616,False,0.0027715431175721617,0.03399517289620331,0.08152754880919275,False,0.010405245846084828,1.0,0.8
6,4u5p,73,shared_k8,225011,exact,False,0.736842105263158,False,0.017130832592681,0.1943042147830569,0.08816500770097957,False,0.016928951236836298,0.3333333333333333,0.6
6,4u5p,73,shared_k8,225011,exact,True,0.7533834586466165,False,0.017130832592681,0.1943042147830569,0.08816500770097957,False,0.016082503674994482,0.3333333333333333,0.6
6,4u5p,73,shared_k8,225011,baseline,False,0.736842105263158,False,0.01701206422132545,0.19285705174569664,0.08821074504321336,False,0.016903175372900443,0.3333333333333333,0.6
6,4u5p,73,shared_k8,225011,baseline,True,0.7533834586466165,False,0.01701206422132545,0.19285705174569664,0.08821074504321336,False,0.01605801660425542,0.3333333333333333,0.6
6,4u5p,73,shared_k16,225001,exact,False,0.9631578947368421,True,0.0,0.0,0.081631465426279,False,0.005395188039729572,0.6666666666666666,0.8
6,4u5p,73,shared_k16,225001,exact,True,0.9684210526315788,True,0.0,0.0,0.081631465426279,False,0.005125428637743093,0.6666666666666666,0.8
6,4u5p,73,shared_k16,225001,baseline,False,0.9631578947368421,True,0.0,0.0,0.08152754880919275,False,0.0053636185744525295,0.6666666666666666,0.8
6,4u5p,73,shared_k16,225001,baseline,True,0.9684210526315788,True,0.0,0.0,0.08152754880919275,False,0.005095437645729903,0.6666666666666666,0.8
6,4u5p,73,shared_k16,225011,exact,False,0.8122807017543859,False,0.017130832592681,0.1943042147830569,0.08816500770097957,False,0.014484746278447737,0.3333333333333333,0.8
6,4u5p,73,shared_k16,225011,exact,True,0.8270676691729323,False,0.017130832592681,0.1943042147830569,0.08816500770097957,False,0.01376050896452535,0.3333333333333333,0.8
6,4u5p,73,shared_k16,225011,baseline,False,0.8122807017543859,False,0.01701206422132545,0.19285705174569664,0.08821074504321336,False,0.01445594376077563,0.3333333333333333,0.8
6,4u5p,73,shared_k16,225011,baseline,True,0.8270676691729323,False,0.01701206422132545,0.19285705174569664,0.08821074504321336,False,0.01373314657273685,0.3333333333333333,0.8
6,4u5p,73,shared_k32,225001,exact,False,0.9719298245614034,True,0.0,0.0,0.081631465426279,False,0.002571554628236731,1.0,0.6
6,4u5p,73,shared_k32,225001,exact,True,0.9759398496240601,True,0.0,0.0,0.081631465426279,False,0.002442976896824894,1.0,0.6
6,4u5p,73,shared_k32,225001,baseline,False,0.9719298245614034,True,0.0,0.0,0.08152754880919275,False,0.0025449260152421147,1.0,0.6
6,4u5p,73,shared_k32,225001,baseline,True,0.9759398496240601,True,0.0,0.0,0.08152754880919275,False,0.002417679714480009,1.0,0.6
6,4u5p,73,shared_k32,225011,exact,False,0.9140350877192982,False,0.017130832592681,0.1943042147830569,0.08816500770097957,False,0.0076243844948891285,0.3333333333333333,0.8
6,4u5p,73,shared_k32,225011,exact,True,0.9263157894736842,False,0.017130832592681,0.1943042147830569,0.08816500770097957,False,0.007243165270144672,0.3333333333333333,0.8
6,4u5p,73,shared_k32,225011,baseline,False,0.9140350877192982,False,0.01701206422132545,0.19285705174569664,0.08821074504321336,False,0.007583173391048713,0.3333333333333333,0.8
6,4u5p,73,shared_k32,225011,baseline,True,0.9263157894736842,False,0.01701206422132545,0.19285705174569664,0.08821074504321336,False,0.007204014721496277,0.3333333333333333,0.8
6,4u5p,73,shared_k64,225001,exact,False,0.9912280701754386,True,0.0,0.0,0.081631465426279,False,0.000800360025565963,1.0,0.8
6,4u5p,73,shared_k64,225001,exact,True,0.9924812030075187,True,0.0,0.0,0.081631465426279,False,0.0007603420242876649,1.0,0.8
6,4u5p,73,shared_k64,225001,baseline,False,0.9912280701754386,True,0.0,0.0,0.08152754880919275,False,0.0007736863367726741,1.0,0.8
6,4u5p,73,shared_k64,225001,baseline,True,0.9924812030075187,True,0.0,0.0,0.08152754880919275,False,0.0007350020199340404,1.0,0.8
6,4u5p,73,shared_k64,225011,exact,False,0.9701754385964911,False,0.003096550747653526,0.03512221944284049,0.08816500770097957,False,0.004519327790780412,0.6666666666666666,0.8
6,4u5p,73,shared_k64,225011,exact,True,0.9744360902255638,False,0.003096550747653526,0.03512221944284049,0.08816500770097957,False,0.0042933614012413916,0.6666666666666666,0.8
6,4u5p,73,shared_k64,225011,baseline,False,0.9701754385964911,False,0.0030401629608098335,0.03446476910857623,0.08821074504321336,False,0.004485639348399649,0.6666666666666666,0.8
6,4u5p,73,shared_k64,225011,baseline,True,0.9744360902255638,False,0.0030401629608098335,0.03446476910857623,0.08821074504321336,False,0.0042613573809796666,0.6666666666666666,0.8
6,4u5p,73,shared_kfull,225001,exact,False,1.0,True,0.0,0.0,0.081631465426279,False,0.00010233124542567915,1.0,1.0
6,4u5p,73,shared_kfull,225001,exact,True,1.0,True,0.0,0.0,0.081631465426279,False,9.721468315439519e-05,1.0,1.0
6,4u5p,73,shared_kfull,225001,baseline,False,1.0,True,0.0,0.0,0.08152754880919275,False,0.0,1.0,1.0
6,4u5p,73,shared_kfull,225001,baseline,True,1.0,True,0.0,0.0,0.08152754880919275,False,0.0,1.0,1.0
6,4u5p,73,shared_kfull,225011,exact,False,1.0,True,0.0,0.0,0.08816500770097957,False,9.682853265366589e-05,1.0,1.0
6,4u5p,73,shared_kfull,225011,exact,True,1.0,True,0.0,0.0,0.08816500770097957,False,9.198710602098259e-05,1.0,1.0
6,4u5p,73,shared_kfull,225011,baseline,False,1.0,True,0.0,0.0,0.08821074504321336,False,0.0,1.0,1.0
6,4u5p,73,shared_kfull,225011,baseline,True,1.0,True,0.0,0.0,0.08821074504321336,False,0.0,1.0,1.0
2,2sak,117,baseline,225001,exact,False,1.0,True,0.0,0.0,0.4855180432172771,False,0.00025524206700161826,1.0,1.0
2,2sak,117,baseline,225001,exact,True,1.0,True,0.0,0.0,0.4855180432172771,False,0.00024247996365153734,1.0,1.0
2,2sak,117,baseline,225001,baseline,False,1.0,True,0.0,0.0,0.48599255869037594,False,0.0,1.0,1.0
2,2sak,117,baseline,225001,baseline,True,1.0,True,0.0,0.0,0.48599255869037594,False,0.0,1.0,1.0
2,2sak,117,baseline,225011,exact,False,1.0,True,0.0,0.0,0.5202142813261358,False,0.0003839278081026713,1.0,1.0
2,2sak,117,baseline,225011,exact,True,1.0,True,0.0,0.0,0.5202142813261358,False,0.0003647314176975378,1.0,1.0
2,2sak,117,baseline,225011,baseline,False,1.0,True,0.0,0.0,0.520150721666691,False,0.0,1.0,1.0
2,2sak,117,baseline,225011,baseline,True,1.0,True,0.0,0.0,0.520150721666691,False,0.0,1.0,1.0
2,2sak,117,channel_k0,225001,exact,False,0.2421052631578947,False,0.2832441191596976,0.5833853615053834,0.4855180432172771,False,0.19363635849689073,0.3333333333333333,0.2
2,2sak,117,channel_k0,225001,exact,True,0.26766917293233083,False,0.2832441191596976,0.5833853615053834,0.4855180432172771,False,0.18395454057204613,0.3333333333333333,0.2
2,2sak,117,channel_k0,225001,baseline,False,0.2421052631578947,False,0.28308021011459505,0.5824784866612421,0.48599255869037594,False,0.19352519799936857,0.3333333333333333,0.2
2,2sak,117,channel_k0,225001,baseline,True,0.26766917293233083,False,0.28308021011459505,0.5824784866612421,0.48599255869037594,False,0.18384893809940017,0.3333333333333333,0.2
2,2sak,117,channel_k0,225011,exact,False,-0.1456140350877193,False,0.5202142813261358,1.0,0.5202142813261358,False,0.20489115117699586,0.3333333333333333,0.4
2,2sak,117,channel_k0,225011,exact,True,-0.04210526315789473,False,0.5202142813261358,1.0,0.5202142813261358,False,0.194646593618146,0.3333333333333333,0.6
2,2sak,117,channel_k0,225011,baseline,False,-0.1456140350877193,False,0.520150721666691,1.0,0.520150721666691,False,0.2047579182218823,0.3333333333333333,0.4
2,2sak,117,channel_k0,225011,baseline,True,-0.04210526315789473,False,0.520150721666691,1.0,0.520150721666691,False,0.1945200223107882,0.3333333333333333,0.6
2,2sak,117,channel_k4,225001,exact,False,0.9526315789473684,True,0.0,0.0,0.4855180432172771,False,0.1352938068089775,1.0,1.0
2,2sak,117,channel_k4,225001,exact,True,0.9593984962406013,True,0.0,0.0,0.4855180432172771,False,0.12852911646852866,1.0,1.0
2,2sak,117,channel_k4,225001,baseline,False,0.9526315789473684,True,0.0,0.0,0.48599255869037594,False,0.13518264631145543,1.0,1.0
2,2sak,117,channel_k4,225001,baseline,True,0.9593984962406013,True,0.0,0.0,0.48599255869037594,False,0.12842351399588264,1.0,1.0
2,2sak,117,channel_k4,225011,exact,False,0.956140350877193,True,0.0,0.0,0.5202142813261358,False,0.13688899829596662,1.0,1.0
2,2sak,117,channel_k4,225011,exact,True,0.9624060150375938,True,0.0,0.0,0.5202142813261358,False,0.1300445483811683,1.0,1.0
2,2sak,117,channel_k4,225011,baseline,False,0.956140350877193,True,0.0,0.0,0.520150721666691,False,0.1367557653408531,1.0,1.0
2,2sak,117,channel_k4,225011,baseline,True,0.9624060150375938,True,0.0,0.0,0.520150721666691,False,0.12991797707381042,1.0,1.0
2,2sak,117,channel_k8,225001,exact,False,0.980701754385965,True,0.0,0.0,0.4855180432172771,False,0.09320521338910222,1.0,1.0
2,2sak,117,channel_k8,225001,exact,True,0.9834586466165413,True,0.0,0.0,0.4855180432172771,False,0.0885449527196471,1.0,1.0
2,2sak,117,channel_k8,225001,baseline,False,0.980701754385965,True,0.0,0.0,0.48599255869037594,False,0.09309405289158011,1.0,1.0
2,2sak,117,channel_k8,225001,baseline,True,0.9834586466165413,True,0.0,0.0,0.48599255869037594,False,0.08843935024700113,1.0,1.0
2,2sak,117,channel_k8,225011,exact,False,0.9771929824561404,False,0.005229224080533695,0.01005205790814374,0.5202142813261358,False,0.09106794323245522,1.0,1.0
2,2sak,117,channel_k8,225011,exact,True,0.9804511278195487,False,0.005229224080533695,0.01005205790814374,0.5202142813261358,False,0.08651454607083246,1.0,1.0
2,2sak,117,channel_k8,225011,baseline,False,0.9771929824561404,False,0.005946017319715946,0.01143133532654428,0.520150721666691,False,0.09093471027734165,1.0,1.0
2,2sak,117,channel_k8,225011,baseline,True,0.9804511278195487,False,0.005946017319715946,0.01143133532654428,0.520150721666691,False,0.0863879747634746,1.0,1.0
2,2sak,117,channel_k16,225001,exact,False,0.980701754385965,True,0.0,0.0,0.4855180432172771,False,0.0486645936517895,1.0,1.0
2,2sak,117,channel_k16,225001,exact,True,0.9834586466165413,True,0.0,0.0,0.4855180432172771,False,0.04623136396920004,1.0,1.0
2,2sak,117,channel_k16,225001,baseline,False,0.980701754385965,True,0.0,0.0,0.48599255869037594,False,0.04855343315426741,1.0,1.0
2,2sak,117,channel_k16,225001,baseline,True,0.9834586466165413,True,0.0,0.0,0.48599255869037594,False,0.04612576149655403,1.0,1.0
2,2sak,117,channel_k16,225011,exact,False,0.9964912280701754,True,0.0,0.0,0.5202142813261358,False,0.04524171254731908,1.0,1.0
2,2sak,117,channel_k16,225011,exact,True,0.9969924812030074,True,0.0,0.0,0.5202142813261358,False,0.04297962691995314,1.0,1.0
2,2sak,117,channel_k16,225011,baseline,False,0.9964912280701754,True,0.0,0.0,0.520150721666691,False,0.04510129601424898,1.0,1.0
2,2sak,117,channel_k16,225011,baseline,True,0.9969924812030074,True,0.0,0.0,0.520150721666691,False,0.042846231213536534,1.0,1.0
2,2sak,117,channel_k32,225001,exact,False,0.9982456140350877,True,0.0,0.0,0.4855180432172771,False,0.018166067250298852,1.0,1.0
2,2sak,117,channel_k32,225001,exact,True,0.9984962406015038,True,0.0,0.0,0.4855180432172771,False,0.017257763887783908,1.0,1.0
2,2sak,117,channel_k32,225001,baseline,False,0.9982456140350877,True,0.0,0.0,0.48599255869037594,False,0.018054906752776746,1.0,1.0
2,2sak,117,channel_k32,225001,baseline,True,0.9984962406015038,True,0.0,0.0,0.48599255869037594,False,0.01715216141513791,1.0,1.0
2,2sak,117,channel_k32,225011,exact,False,0.9982456140350877,True,0.0,0.0,0.5202142813261358,False,0.016543643867824576,1.0,1.0
2,2sak,117,channel_k32,225011,exact,True,0.9984962406015038,True,0.0,0.0,0.5202142813261358,False,0.015716461674433347,1.0,1.0
2,2sak,117,channel_k32,225011,baseline,False,0.9982456140350877,True,0.0,0.0,0.520150721666691,False,0.016339152309612068,1.0,1.0
2,2sak,117,channel_k32,225011,baseline,True,0.9984962406015038,True,0.0,0.0,0.520150721666691,False,0.015522194694131464,1.0,1.0
2,2sak,117,channel_k64,225001,exact,False,1.0,True,0.0,0.0,0.4855180432172771,False,0.0029421613002657055,1.0,1.0
2,2sak,117,channel_k64,225001,exact,True,1.0,True,0.0,0.0,0.4855180432172771,False,0.0027950532352524204,1.0,1.0
2,2sak,117,channel_k64,225001,baseline,False,1.0,True,0.0,0.0,0.48599255869037594,False,0.0028201132815547313,1.0,1.0
2,2sak,117,channel_k64,225001,baseline,True,1.0,True,0.0,0.0,0.48599255869037594,False,0.0026791076174769945,1.0,1.0
2,2sak,117,channel_k64,225011,exact,False,0.9982456140350877,True,0.0,0.0,0.5202142813261358,False,0.0024836238097264546,1.0,1.0
2,2sak,117,channel_k64,225011,exact,True,0.9984962406015038,True,0.0,0.0,0.5202142813261358,False,0.002359442619240132,1.0,1.0
2,2sak,117,channel_k64,225011,baseline,False,0.9982456140350877,True,0.0,0.0,0.520150721666691,False,0.0023344686487278407,1.0,1.0
2,2sak,117,channel_k64,225011,baseline,True,0.9984962406015038,True,0.0,0.0,0.520150721666691,False,0.002217745216291449,1.0,1.0
2,2sak,117,channel_kfull,225001,exact,False,1.0,True,0.0,0.0,0.4855180432172771,False,0.00025524206700161826,1.0,1.0
2,2sak,117,channel_kfull,225001,exact,True,1.0,True,0.0,0.0,0.4855180432172771,False,0.00024247996365153734,1.0,1.0
2,2sak,117,channel_kfull,225001,baseline,False,1.0,True,0.0,0.0,0.48599255869037594,False,0.0,1.0,1.0
2,2sak,117,channel_kfull,225001,baseline,True,1.0,True,0.0,0.0,0.48599255869037594,False,0.0,1.0,1.0
2,2sak,117,channel_kfull,225011,exact,False,1.0,True,0.0,0.0,0.5202142813261358,False,0.0003839278081026713,1.0,1.0
2,2sak,117,channel_kfull,225011,exact,True,1.0,True,0.0,0.0,0.5202142813261358,False,0.0003647314176975378,1.0,1.0
2,2sak,117,channel_kfull,225011,baseline,False,1.0,True,0.0,0.0,0.520150721666691,False,0.0,1.0,1.0
2,2sak,117,channel_kfull,225011,baseline,True,1.0,True,0.0,0.0,0.520150721666691,False,0.0,1.0,1.0
2,2sak,117,shared_k0,225001,exact,False,0.2421052631578947,False,0.2832441191596976,0.5833853615053834,0.4855180432172771,False,0.19363635849689073,0.3333333333333333,0.2
2,2sak,117,shared_k0,225001,exact,True,0.26766917293233083,False,0.2832441191596976,0.5833853615053834,0.4855180432172771,False,0.18395454057204613,0.3333333333333333,0.2
2,2sak,117,shared_k0,225001,baseline,False,0.2421052631578947,False,0.28308021011459505,0.5824784866612421,0.48599255869037594,False,0.19352519799936857,0.3333333333333333,0.2
2,2sak,117,shared_k0,225001,baseline,True,0.26766917293233083,False,0.28308021011459505,0.5824784866612421,0.48599255869037594,False,0.18384893809940017,0.3333333333333333,0.2
2,2sak,117,shared_k0,225011,exact,False,-0.1456140350877193,False,0.5202142813261358,1.0,0.5202142813261358,False,0.20489115117699586,0.3333333333333333,0.4
2,2sak,117,shared_k0,225011,exact,True,-0.04210526315789473,False,0.5202142813261358,1.0,0.5202142813261358,False,0.194646593618146,0.3333333333333333,0.6
2,2sak,117,shared_k0,225011,baseline,False,-0.1456140350877193,False,0.520150721666691,1.0,0.520150721666691,False,0.2047579182218823,0.3333333333333333,0.4
2,2sak,117,shared_k0,225011,baseline,True,-0.04210526315789473,False,0.520150721666691,1.0,0.520150721666691,False,0.1945200223107882,0.3333333333333333,0.6
2,2sak,117,shared_k4,225001,exact,False,0.856140350877193,True,0.0,0.0,0.4855180432172771,False,0.1825089977659411,1.0,0.8
2,2sak,117,shared_k4,225001,exact,True,0.8766917293233082,True,0.0,0.0,0.4855180432172771,False,0.173383547877644,1.0,1.0
2,2sak,117,shared_k4,225001,baseline,False,0.856140350877193,True,0.0,0.0,0.48599255869037594,False,0.182397837268419,1.0,0.8
2,2sak,117,shared_k4,225001,baseline,True,0.8766917293233082,True,0.0,0.0,0.48599255869037594,False,0.17327794540499802,1.0,1.0
2,2sak,117,shared_k4,225011,exact,False,0.7228070175438598,False,0.005229224080533695,0.01005205790814374,0.5202142813261358,False,0.19206944724383448,1.0,0.8
2,2sak,117,shared_k4,225011,exact,True,0.7624060150375939,False,0.005229224080533695,0.01005205790814374,0.5202142813261358,False,0.18246597488164276,1.0,0.8
2,2sak,117,shared_k4,225011,baseline,False,0.7228070175438598,False,0.005946017319715946,0.01143133532654428,0.520150721666691,False,0.19193621428872093,1.0,0.8
2,2sak,117,shared_k4,225011,baseline,True,0.7624060150375939,False,0.005946017319715946,0.01143133532654428,0.520150721666691,False,0.18233940357428485,1.0,0.8
2,2sak,117,shared_k8,225001,exact,False,0.9403508771929823,True,0.0,0.0,0.4855180432172771,False,0.16616451653123746,1.0,0.8
2,2sak,117,shared_k8,225001,exact,True,0.9488721804511278,True,0.0,0.0,0.4855180432172771,False,0.15785629070467558,1.0,1.0
2,2sak,117,shared_k8,225001,baseline,False,0.9403508771929823,True,0.0,0.0,0.48599255869037594,False,0.16605457685799538,1.0,0.8
2,2sak,117,shared_k8,225001,baseline,True,0.9488721804511278,True,0.0,0.0,0.48599255869037594,False,0.15775184801509562,1.0,1.0
2,2sak,117,shared_k8,225011,exact,False,0.9105263157894736,True,0.0,0.0,0.5202142813261358,False,0.1709286890623844,1.0,0.8
2,2sak,117,shared_k8,225011,exact,True,0.9233082706766916,True,0.0,0.0,0.5202142813261358,False,0.16238225460926517,1.0,1.0
2,2sak,117,shared_k8,225011,baseline,False,0.9105263157894736,True,0.0,0.0,0.520150721666691,False,0.17079545610727087,1.0,0.8
2,2sak,117,shared_k8,225011,baseline,True,0.9233082706766916,True,0.0,0.0,0.520150721666691,False,0.16225568330190732,1.0,1.0
2,2sak,117,shared_k16,225001,exact,False,0.9701754385964911,False,0.016651051990906635,0.03429543396692061,0.4855180432172771,False,0.12635999375223173,1.0,1.0
2,2sak,117,shared_k16,225001,exact,True,0.9744360902255638,False,0.016651051990906635,0.03429543396692061,0.4855180432172771,False,0.12004199406462016,1.0,0.8
2,2sak,117,shared_k16,225001,baseline,False,0.9701754385964911,False,0.01685166425238946,0.03467473719721209,0.48599255869037594,False,0.12624883325470962,1.0,1.0
2,2sak,117,shared_k16,225001,baseline,True,0.9744360902255638,False,0.01685166425238946,0.03467473719721209,0.48599255869037594,False,0.11993639159197414,1.0,0.8
2,2sak,117,shared_k16,225011,exact,False,0.9350877192982456,False,0.005229224080533695,0.01005205790814374,0.5202142813261358,False,0.12792522630388423,1.0,1.0
2,2sak,117,shared_k16,225011,exact,True,0.9443609022556391,False,0.005229224080533695,0.01005205790814374,0.5202142813261358,False,0.12152896498869004,1.0,1.0
2,2sak,117,shared_k16,225011,baseline,False,0.9350877192982456,False,0.005946017319715946,0.01143133532654428,0.520150721666691,False,0.1277919933487707,1.0,1.0
2,2sak,117,shared_k16,225011,baseline,True,0.9443609022556391,False,0.005946017319715946,0.01143133532654428,0.520150721666691,False,0.12140239368133217,1.0,1.0
2,2sak,117,shared_k32,225001,exact,False,0.9701754385964911,True,0.0,0.0,0.4855180432172771,False,0.07912420791263117,1.0,1.0
2,2sak,117,shared_k32,225001,exact,True,0.9744360902255638,True,0.0,0.0,0.4855180432172771,False,0.07516799751699961,1.0,0.8
2,2sak,117,shared_k32,225001,baseline,False,0.9701754385964911,True,0.0,0.0,0.48599255869037594,False,0.07901304741510903,1.0,1.0
2,2sak,117,shared_k32,225001,baseline,True,0.9744360902255638,True,0.0,0.0,0.48599255869037594,False,0.07506239504435358,1.0,0.8
2,2sak,117,shared_k32,225011,exact,False,0.9859649122807018,True,0.0,0.0,0.5202142813261358,False,0.07723988563500106,1.0,1.0
2,2sak,117,shared_k32,225011,exact,True,0.9879699248120299,True,0.0,0.0,0.5202142813261358,False,0.073377891353251,1.0,1.0
2,2sak,117,shared_k32,225011,baseline,False,0.9859649122807018,True,0.0,0.0,0.520150721666691,False,0.07710665267988749,1.0,1.0
2,2sak,117,shared_k32,225011,baseline,True,0.9879699248120299,True,0.0,0.0,0.520150721666691,False,0.07325132004589312,1.0,1.0
2,2sak,117,shared_k64,225001,exact,False,0.9929824561403509,True,0.0,0.0,0.4855180432172771,False,0.0349606836014996,1.0,1.0
2,2sak,117,shared_k64,225001,exact,True,0.993984962406015,True,0.0,0.0,0.4855180432172771,False,0.033212649421424614,1.0,1.0
2,2sak,117,shared_k64,225001,baseline,False,0.9929824561403509,True,0.0,0.0,0.48599255869037594,False,0.03486825173742503,1.0,1.0
2,2sak,117,shared_k64,225001,baseline,True,0.993984962406015,True,0.0,0.0,0.48599255869037594,False,0.033124839150553774,1.0,1.0
2,2sak,117,shared_k64,225011,exact,False,0.9929824561403509,False,0.005229224080533695,0.01005205790814374,0.5202142813261358,False,0.03347372897814662,1.0,1.0
2,2sak,117,shared_k64,225011,exact,True,0.993984962406015,False,0.005229224080533695,0.01005205790814374,0.5202142813261358,False,0.031800042529239285,1.0,1.0
2,2sak,117,shared_k64,225011,baseline,False,0.9929824561403509,False,0.005946017319715946,0.01143133532654428,0.520150721666691,False,0.03334798076422771,1.0,1.0
2,2sak,117,shared_k64,225011,baseline,True,0.993984962406015,False,0.005946017319715946,0.01143133532654428,0.520150721666691,False,0.03168058172601632,1.0,1.0
2,2sak,117,shared_kfull,225001,exact,False,1.0,True,0.0,0.0,0.4855180432172771,False,0.00025524206700161826,1.0,1.0
2,2sak,117,shared_kfull,225001,exact,True,1.0,True,0.0,0.0,0.4855180432172771,False,0.00024247996365153734,1.0,1.0
2,2sak,117,shared_kfull,225001,baseline,False,1.0,True,0.0,0.0,0.48599255869037594,False,0.0,1.0,1.0
2,2sak,117,shared_kfull,225001,baseline,True,1.0,True,0.0,0.0,0.48599255869037594,False,0.0,1.0,1.0
2,2sak,117,shared_kfull,225011,exact,False,1.0,True,0.0,0.0,0.5202142813261358,False,0.0003839278081026713,1.0,1.0
2,2sak,117,shared_kfull,225011,exact,True,1.0,True,0.0,0.0,0.5202142813261358,False,0.0003647314176975378,1.0,1.0
2,2sak,117,shared_kfull,225011,baseline,False,1.0,True,0.0,0.0,0.520150721666691,False,0.0,1.0,1.0
2,2sak,117,shared_kfull,225011,baseline,True,1.0,True,0.0,0.0,0.520150721666691,False,0.0,1.0,1.0
6,4u5p,76,baseline,225001,exact,False,1.0,True,0.0,0.0,0.09654876072434135,False,4.818782759113668e-05,1.0,1.0
6,4u5p,76,baseline,225001,exact,True,1.0,True,0.0,0.0,0.09654876072434135,False,4.5778436211579845e-05,1.0,1.0
6,4u5p,76,baseline,225001,baseline,False,1.0,True,0.0,0.0,0.09662276575856424,False,0.0,1.0,1.0
6,4u5p,76,baseline,225001,baseline,True,1.0,True,0.0,0.0,0.09662276575856424,False,0.0,1.0,1.0
6,4u5p,76,baseline,225011,exact,False,1.0,True,0.0,0.0,0.16323200836615837,False,0.0001266031453263971,1.0,1.0
6,4u5p,76,baseline,225011,exact,True,1.0,True,0.0,0.0,0.16323200836615837,False,0.00012027298806007724,1.0,1.0
6,4u5p,76,baseline,225011,baseline,False,1.0,True,0.0,0.0,0.16299246098645948,False,0.0,1.0,1.0
6,4u5p,76,baseline,225011,baseline,True,1.0,True,0.0,0.0,0.16299246098645948,False,0.0,1.0,1.0
6,4u5p,76,channel_k0,225001,exact,False,0.22280701754385965,False,0.0176356089426791,0.1826601274876116,0.09654876072434135,False,0.045181621168264775,0.3333333333333333,0.4
6,4u5p,76,channel_k0,225001,exact,True,0.30075187969924805,False,0.0176356089426791,0.1826601274876116,0.09654876072434135,False,0.04292254010985154,0.6666666666666666,0.6
6,4u5p,76,channel_k0,225001,baseline,False,0.22280701754385965,False,0.017701664623950647,0.18320387007118605,0.09662276575856424,False,0.045186855520548144,0.3333333333333333,0.4
6,4u5p,76,channel_k0,225001,baseline,True,0.30075187969924805,False,0.017701664623950647,0.18320387007118605,0.09662276575856424,False,0.04292751274452074,0.6666666666666666,0.6
6,4u5p,76,channel_k0,225011,exact,False,0.6368421052631579,True,0.0,0.0,0.16323200836615837,False,0.0461839923694987,0.3333333333333333,0.4
6,4u5p,76,channel_k0,225011,exact,True,0.5203007518796992,True,0.0,0.0,0.16323200836615837,False,0.04387479275102377,0.3333333333333333,0.4
6,4u5p,76,channel_k0,225011,baseline,False,0.6368421052631579,True,0.0,0.0,0.16299246098645948,False,0.04607956080466581,0.3333333333333333,0.4
6,4u5p,76,channel_k0,225011,baseline,True,0.5203007518796992,True,0.0,0.0,0.16299246098645948,False,0.04377558276443252,0.3333333333333333,0.4
6,4u5p,76,channel_k4,225001,exact,False,0.9473684210526316,True,0.0,0.0,0.09654876072434135,False,0.014668309941901948,1.0,1.0
6,4u5p,76,channel_k4,225001,exact,True,0.9533834586466164,True,0.0,0.0,0.09654876072434135,False,0.01393489444480685,1.0,0.8
6,4u5p,76,channel_k4,225001,baseline,False,0.9473684210526316,True,0.0,0.0,0.09662276575856424,False,0.014673544294185322,1.0,1.0
6,4u5p,76,channel_k4,225001,baseline,True,0.9533834586466164,True,0.0,0.0,0.09662276575856424,False,0.013939867079476056,1.0,0.8
6,4u5p,76,channel_k4,225011,exact,False,0.9578947368421052,True,0.0,0.0,0.16323200836615837,False,0.019807882360421313,0.6666666666666666,0.8
6,4u5p,76,channel_k4,225011,exact,True,0.9233082706766916,True,0.0,0.0,0.16323200836615837,False,0.018817488242400246,0.6666666666666666,0.8
6,4u5p,76,channel_k4,225011,baseline,False,0.9578947368421052,True,0.0,0.0,0.16299246098645948,False,0.019715393384613485,0.6666666666666666,0.8
6,4u5p,76,channel_k4,225011,baseline,True,0.9233082706766916,True,0.0,0.0,0.16299246098645948,False,0.018729623715382806,0.6666666666666666,0.8
6,4u5p,76,channel_k8,225001,exact,False,0.9649122807017543,True,0.0,0.0,0.09654876072434135,False,0.008330932833355087,1.0,1.0
6,4u5p,76,channel_k8,225001,exact,True,0.9684210526315788,True,0.0,0.0,0.09654876072434135,False,0.007914386191687332,1.0,0.8
6,4u5p,76,channel_k8,225001,baseline,False,0.9649122807017543,True,0.0,0.0,0.09662276575856424,False,0.00833616718563846,1.0,1.0
6,4u5p,76,channel_k8,225001,baseline,True,0.9684210526315788,True,0.0,0.0,0.09662276575856424,False,0.007919358826356537,1.0,0.8
6,4u5p,76,channel_k8,225011,exact,False,0.9929824561403509,True,0.0,0.0,0.16323200836615837,False,0.008395134747809297,1.0,0.8
6,4u5p,76,channel_k8,225011,exact,True,0.9894736842105262,True,0.0,0.0,0.16323200836615837,False,0.007975378010418832,1.0,0.8
6,4u5p,76,channel_k8,225011,baseline,False,0.9929824561403509,True,0.0,0.0,0.16299246098645948,False,0.008307440320728365,1.0,0.8
6,4u5p,76,channel_k8,225011,baseline,True,0.9894736842105262,True,0.0,0.0,0.16299246098645948,False,0.007892068304691946,1.0,0.8
6,4u5p,76,channel_k16,225001,exact,False,0.975438596491228,True,0.0,0.0,0.09654876072434135,False,0.004199155321593931,1.0,1.0
6,4u5p,76,channel_k16,225001,exact,True,0.9789473684210527,True,0.0,0.0,0.09654876072434135,False,0.003989197555514234,1.0,1.0
6,4u5p,76,channel_k16,225001,baseline,False,0.975438596491228,True,0.0,0.0,0.09662276575856424,False,0.004200621101074015,1.0,1.0
6,4u5p,76,channel_k16,225001,baseline,True,0.9789473684210527,True,0.0,0.0,0.09662276575856424,False,0.003990590046020315,1.0,1.0
6,4u5p,76,channel_k16,225011,exact,False,0.9964912280701754,True,0.0,0.0,0.16323200836615837,False,0.0040376258383479895,1.0,1.0
6,4u5p,76,channel_k16,225011,exact,True,0.9954887218045112,True,0.0,0.0,0.16323200836615837,False,0.0038357445464305903,1.0,1.0
6,4u5p,76,channel_k16,225011,baseline,False,0.9964912280701754,True,0.0,0.0,0.16299246098645948,False,0.003999127094983593,1.0,1.0
6,4u5p,76,channel_k16,225011,baseline,True,0.9954887218045112,True,0.0,0.0,0.16299246098645948,False,0.003799170740234413,1.0,1.0
6,4u5p,76,channel_k32,225001,exact,False,0.9947368421052631,True,0.0,0.0,0.09654876072434135,False,0.0011599453032773081,1.0,1.0
6,4u5p,76,channel_k32,225001,exact,True,0.9954887218045112,True,0.0,0.0,0.09654876072434135,False,0.0011019480381134427,1.0,1.0
6,4u5p,76,channel_k32,225001,baseline,False,0.9947368421052631,True,0.0,0.0,0.09662276575856424,False,0.0011614110827573927,1.0,1.0
6,4u5p,76,channel_k32,225001,baseline,True,0.9954887218045112,True,0.0,0.0,0.09662276575856424,False,0.0011033405286195231,1.0,1.0
6,4u5p,76,channel_k32,225011,exact,False,0.9964912280701754,True,0.0,0.0,0.16323200836615837,False,0.0014736752783481022,1.0,1.0
6,4u5p,76,channel_k32,225011,exact,True,0.9969924812030074,True,0.0,0.0,0.16323200836615837,False,0.001399991514430697,1.0,1.0
6,4u5p,76,channel_k32,225011,baseline,False,0.9964912280701754,True,0.0,0.0,0.16299246098645948,False,0.001504914408122596,1.0,1.0
6,4u5p,76,channel_k32,225011,baseline,True,0.9969924812030074,True,0.0,0.0,0.16299246098645948,False,0.0014296686877164663,1.0,1.0
6,4u5p,76,channel_k64,225001,exact,False,0.9982456140350877,True,0.0,0.0,0.09654876072434135,False,0.00013955070970052348,1.0,1.0
6,4u5p,76,channel_k64,225001,exact,True,0.9984962406015038,True,0.0,0.0,0.09654876072434135,False,0.0001325731742154973,1.0,1.0
6,4u5p,76,channel_k64,225001,baseline,False,0.9982456140350877,True,0.0,0.0,0.09662276575856424,False,0.0001454800315589007,1.0,1.0
6,4u5p,76,channel_k64,225001,baseline,True,0.9984962406015038,True,0.0,0.0,0.09662276575856424,False,0.00013820602998095566,1.0,1.0
6,4u5p,76,channel_k64,225011,exact,False,1.0,True,0.0,0.0,0.16323200836615837,False,0.0012132452135843609,1.0,1.0
6,4u5p,76,channel_k64,225011,exact,True,1.0,True,0.0,0.0,0.16323200836615837,False,0.001152582952905143,1.0,1.0
6,4u5p,76,channel_k64,225011,baseline,False,1.0,True,0.0,0.0,0.16299246098645948,False,0.001139132242191219,1.0,1.0
6,4u5p,76,channel_k64,225011,baseline,True,1.0,True,0.0,0.0,0.16299246098645948,False,0.0010821756300816582,1.0,1.0
6,4u5p,76,channel_kfull,225001,exact,False,1.0,True,0.0,0.0,0.09654876072434135,False,4.818782759113668e-05,1.0,1.0
6,4u5p,76,channel_kfull,225001,exact,True,1.0,True,0.0,0.0,0.09654876072434135,False,4.5778436211579845e-05,1.0,1.0
6,4u5p,76,channel_kfull,225001,baseline,False,1.0,True,0.0,0.0,0.09662276575856424,False,0.0,1.0,1.0
6,4u5p,76,channel_kfull,225001,baseline,True,1.0,True,0.0,0.0,0.09662276575856424,False,0.0,1.0,1.0
6,4u5p,76,channel_kfull,225011,exact,False,1.0,True,0.0,0.0,0.16323200836615837,False,0.0001266031453263971,1.0,1.0
6,4u5p,76,channel_kfull,225011,exact,True,1.0,True,0.0,0.0,0.16323200836615837,False,0.00012027298806007724,1.0,1.0
6,4u5p,76,channel_kfull,225011,baseline,False,1.0,True,0.0,0.0,0.16299246098645948,False,0.0,1.0,1.0
6,4u5p,76,channel_kfull,225011,baseline,True,1.0,True,0.0,0.0,0.16299246098645948,False,0.0,1.0,1.0
6,4u5p,76,shared_k0,225001,exact,False,0.22280701754385965,False,0.0176356089426791,0.1826601274876116,0.09654876072434135,False,0.045181621168264775,0.3333333333333333,0.4
6,4u5p,76,shared_k0,225001,exact,True,0.30075187969924805,False,0.0176356089426791,0.1826601274876116,0.09654876072434135,False,0.04292254010985154,0.6666666666666666,0.6
6,4u5p,76,shared_k0,225001,baseline,False,0.22280701754385965,False,0.017701664623950647,0.18320387007118605,0.09662276575856424,False,0.045186855520548144,0.3333333333333333,0.4
6,4u5p,76,shared_k0,225001,baseline,True,0.30075187969924805,False,0.017701664623950647,0.18320387007118605,0.09662276575856424,False,0.04292751274452074,0.6666666666666666,0.6
6,4u5p,76,shared_k0,225011,exact,False,0.6368421052631579,True,0.0,0.0,0.16323200836615837,False,0.0461839923694987,0.3333333333333333,0.4
6,4u5p,76,shared_k0,225011,exact,True,0.5203007518796992,True,0.0,0.0,0.16323200836615837,False,0.04387479275102377,0.3333333333333333,0.4
6,4u5p,76,shared_k0,225011,baseline,False,0.6368421052631579,True,0.0,0.0,0.16299246098645948,False,0.04607956080466581,0.3333333333333333,0.4
6,4u5p,76,shared_k0,225011,baseline,True,0.5203007518796992,True,0.0,0.0,0.16299246098645948,False,0.04377558276443252,0.3333333333333333,0.4
6,4u5p,76,shared_k4,225001,exact,False,0.4385964912280701,False,0.0176356089426791,0.1826601274876116,0.09654876072434135,False,0.04418260642923636,0.3333333333333333,0.2
6,4u5p,76,shared_k4,225001,exact,True,0.4796992481203006,False,0.0176356089426791,0.1826601274876116,0.09654876072434135,False,0.04197347610777454,0.3333333333333333,0.4
6,4u5p,76,shared_k4,225001,baseline,False,0.4385964912280701,False,0.017701664623950647,0.18320387007118605,0.09662276575856424,False,0.04418784078151974,0.3333333333333333,0.2
6,4u5p,76,shared_k4,225001,baseline,True,0.4796992481203006,False,0.017701664623950647,0.18320387007118605,0.09662276575856424,False,0.041978448742443754,0.3333333333333333,0.4
6,4u5p,76,shared_k4,225011,exact,False,0.6929824561403508,True,0.0,0.0,0.16323200836615837,False,0.04554307837844721,0.3333333333333333,0.6
6,4u5p,76,shared_k4,225011,exact,True,0.5744360902255639,True,0.0,0.0,0.16323200836615837,False,0.04326592445952485,0.3333333333333333,0.6
6,4u5p,76,shared_k4,225011,baseline,False,0.6929824561403508,True,0.0,0.0,0.16299246098645948,False,0.04543864681361433,0.3333333333333333,0.6
6,4u5p,76,shared_k4,225011,baseline,True,0.5744360902255639,True,0.0,0.0,0.16299246098645948,False,0.04316671447293361,0.3333333333333333,0.6
6,4u5p,76,shared_k8,225001,exact,False,0.5368421052631579,False,0.0176356089426791,0.1826601274876116,0.09654876072434135,False,0.0387775278123506,0.6666666666666666,0.6
6,4u5p,76,shared_k8,225001,exact,True,0.58796992481203,False,0.0176356089426791,0.1826601274876116,0.09654876072434135,False,0.03683865142173307,0.6666666666666666,0.6
6,4u5p,76,shared_k8,225001,baseline,False,0.5368421052631579,False,0.017701664623950647,0.18320387007118605,0.09662276575856424,False,0.038782762164633965,0.6666666666666666,0.6
6,4u5p,76,shared_k8,225001,baseline,True,0.58796992481203,False,0.017701664623950647,0.18320387007118605,0.09662276575856424,False,0.03684362405640227,0.6666666666666666,0.6
6,4u5p,76,shared_k8,225011,exact,False,0.7035087719298245,True,0.0,0.0,0.16323200836615837,False,0.03956463239215999,0.6666666666666666,0.6
6,4u5p,76,shared_k8,225011,exact,True,0.5849624060150376,True,0.0,0.0,0.16323200836615837,False,0.03758640077255199,0.6666666666666666,0.6
6,4u5p,76,shared_k8,225011,baseline,False,0.7035087719298245,True,0.0,0.0,0.16299246098645948,False,0.0394602008273271,0.6666666666666666,0.6
6,4u5p,76,shared_k8,225011,baseline,True,0.5849624060150376,True,0.0,0.0,0.16299246098645948,False,0.037487190785960744,0.6666666666666666,0.6
6,4u5p,76,shared_k16,225001,exact,False,0.9421052631578948,True,0.0,0.0,0.09654876072434135,False,0.022348366354289113,1.0,0.8
6,4u5p,76,shared_k16,225001,exact,True,0.9488721804511278,True,0.0,0.0,0.09654876072434135,False,0.021230948036574653,1.0,0.8
6,4u5p,76,shared_k16,225001,baseline,False,0.9421052631578948,True,0.0,0.0,0.09662276575856424,False,0.022353600706572482,1.0,0.8
6,4u5p,76,shared_k16,225001,baseline,True,0.9488721804511278,True,0.0,0.0,0.09662276575856424,False,0.021235920671243858,1.0,0.8
6,4u5p,76,shared_k16,225011,exact,False,0.8929824561403509,True,0.0,0.0,0.16323200836615837,False,0.02711704683716459,0.6666666666666666,0.8
6,4u5p,76,shared_k16,225011,exact,True,0.8210526315789473,True,0.0,0.0,0.16323200836615837,False,0.02576119449530636,0.6666666666666666,0.8
6,4u5p,76,shared_k16,225011,baseline,False,0.8929824561403509,True,0.0,0.0,0.16299246098645948,False,0.027012615272331703,0.6666666666666666,0.8
6,4u5p,76,shared_k16,225011,baseline,True,0.8210526315789473,True,0.0,0.0,0.16299246098645948,False,0.025661984508715117,0.6666666666666666,0.8
6,4u5p,76,shared_k32,225001,exact,False,0.9771929824561404,True,0.0,0.0,0.09654876072434135,False,0.008065038837489253,1.0,1.0
6,4u5p,76,shared_k32,225001,exact,True,0.9789473684210527,True,0.0,0.0,0.09654876072434135,False,0.00766178689561479,1.0,1.0
6,4u5p,76,shared_k32,225001,baseline,False,0.9771929824561404,True,0.0,0.0,0.09662276575856424,False,0.008070273189772626,1.0,1.0
6,4u5p,76,shared_k32,225001,baseline,True,0.9789473684210527,True,0.0,0.0,0.09662276575856424,False,0.007666759530283994,1.0,1.0
6,4u5p,76,shared_k32,225011,exact,False,0.9385964912280702,True,0.0,0.0,0.16323200836615837,False,0.01794174308683593,1.0,1.0
6,4u5p,76,shared_k32,225011,exact,True,0.9218045112781955,True,0.0,0.0,0.16323200836615837,False,0.017044655932494136,1.0,1.0
6,4u5p,76,shared_k32,225011,baseline,False,0.9385964912280702,True,0.0,0.0,0.16299246098645948,False,0.017837311522003046,1.0,1.0
6,4u5p,76,shared_k32,225011,baseline,True,0.9218045112781955,True,0.0,0.0,0.16299246098645948,False,0.016945445945902894,1.0,1.0
6,4u5p,76,shared_k64,225001,exact,False,0.9964912280701754,True,0.0,0.0,0.09654876072434135,False,0.0027028618283038795,1.0,1.0
6,4u5p,76,shared_k64,225001,exact,True,0.9969924812030074,True,0.0,0.0,0.09654876072434135,False,0.0025677187368886856,1.0,1.0
6,4u5p,76,shared_k64,225001,baseline,False,0.9964912280701754,True,0.0,0.0,0.09662276575856424,False,0.002708096180587252,1.0,1.0
6,4u5p,76,shared_k64,225001,baseline,True,0.9969924812030074,True,0.0,0.0,0.09662276575856424,False,0.0025726913715578893,1.0,1.0
6,4u5p,76,shared_k64,225011,exact,False,0.9894736842105263,True,0.0,0.0,0.16323200836615837,False,0.0029056026440947976,1.0,1.0
6,4u5p,76,shared_k64,225011,exact,True,0.9909774436090225,True,0.0,0.0,0.16323200836615837,False,0.002760322511890058,1.0,1.0
6,4u5p,76,shared_k64,225011,baseline,False,0.9894736842105263,True,0.0,0.0,0.16299246098645948,False,0.002884247379312005,1.0,1.0
6,4u5p,76,shared_k64,225011,baseline,True,0.9909774436090225,True,0.0,0.0,0.16299246098645948,False,0.0027400350103464048,1.0,1.0
6,4u5p,76,shared_kfull,225001,exact,False,1.0,True,0.0,0.0,0.09654876072434135,False,4.818782759113668e-05,1.0,1.0
6,4u5p,76,shared_kfull,225001,exact,True,1.0,True,0.0,0.0,0.09654876072434135,False,4.5778436211579845e-05,1.0,1.0
6,4u5p,76,shared_kfull,225001,baseline,False,1.0,True,0.0,0.0,0.09662276575856424,False,0.0,1.0,1.0
6,4u5p,76,shared_kfull,225001,baseline,True,1.0,True,0.0,0.0,0.09662276575856424,False,0.0,1.0,1.0
6,4u5p,76,shared_kfull,225011,exact,False,1.0,True,0.0,0.0,0.16323200836615837,False,0.0001266031453263971,1.0,1.0
6,4u5p,76,shared_kfull,225011,exact,True,1.0,True,0.0,0.0,0.16323200836615837,False,0.00012027298806007724,1.0,1.0
6,4u5p,76,shared_kfull,225011,baseline,False,1.0,True,0.0,0.0,0.16299246098645948,False,0.0,1.0,1.0
6,4u5p,76,shared_kfull,225011,baseline,True,1.0,True,0.0,0.0,0.16299246098645948,False,0.0,1.0,1.0
2,2sak,99,baseline,225001,exact,False,1.0,True,0.0,0.0,0.18086155961465983,False,0.00020878684244344132,1.0,1.0
2,2sak,99,baseline,225001,exact,True,1.0,True,0.0,0.0,0.325216747407163,False,0.00019834750032126925,1.0,1.0
2,2sak,99,baseline,225001,baseline,False,1.0,True,0.0,0.0,0.1807791255168295,False,0.0,1.0,1.0
2,2sak,99,baseline,225001,baseline,True,1.0,True,0.0,0.0,0.3248001855696768,False,0.0,1.0,1.0
2,2sak,99,baseline,225011,exact,False,0.9982456140350877,True,0.0,0.0,0.16313109064238734,False,0.00022324856909663286,1.0,1.0
2,2sak,99,baseline,225011,exact,True,0.9984962406015038,True,0.0,0.0,0.28445060215910106,False,0.0002120861406418012,1.0,1.0
2,2sak,99,baseline,225011,baseline,False,1.0,True,0.0,0.0,0.163670219900574,False,0.0,1.0,1.0
2,2sak,99,baseline,225011,baseline,True,1.0,True,0.0,0.0,0.2847763700111758,False,0.0,1.0,1.0
2,2sak,99,channel_k0,225001,exact,False,0.47543859649122805,False,0.08988538413118846,0.49698445774047584,0.18086155961465983,False,0.2520904650016846,0.0,0.6
2,2sak,99,channel_k0,225001,exact,True,0.544360902255639,False,0.23424057192369163,0.7202598691217721,0.325216747407163,False,0.23948594175160026,0.3333333333333333,0.4
2,2sak,99,channel_k0,225001,baseline,False,0.47543859649122805,False,0.0902170968424707,0.4990459854507483,0.1807791255168295,False,0.25216448808599873,0.0,0.6
2,2sak,99,channel_k0,225001,baseline,True,0.544360902255639,False,0.23423815689531802,0.7211761793931265,0.3248001855696768,False,0.2395562636816988,0.3333333333333333,0.4
2,2sak,99,channel_k0,225011,exact,False,0.2719298245614035,False,0.09015205960115519,0.5526356701604154,0.16313109064238734,False,0.22943434397084772,0.3333333333333333,0.2
2,2sak,99,channel_k0,225011,exact,True,0.3157894736842105,False,0.2114715711178689,0.7434386480911263,0.28445060215910106,False,0.21796262677230532,0.0,0.4
2,2sak,99,channel_k0,225011,baseline,False,0.28947368421052627,False,0.09054040648777845,0.5531880298247275,0.163670219900574,False,0.22956217565778783,0.3333333333333333,0.2
2,2sak,99,channel_k0,225011,baseline,True,0.33082706766917286,False,0.21164655659838022,0.7432026631636408,0.2847763700111758,False,0.21808406687489845,0.0,0.4
2,2sak,99,channel_k4,225001,exact,False,0.8403508771929825,True,0.0,0.0,0.18086155961465983,False,0.16337890537554162,0.6666666666666666,1.0
2,2sak,99,channel_k4,225001,exact,True,0.863157894736842,True,0.0,0.0,0.325216747407163,False,0.15520996010676458,0.6666666666666666,1.0
2,2sak,99,channel_k4,225001,baseline,False,0.8403508771929825,True,0.0,0.0,0.1807791255168295,False,0.16345292845985582,0.6666666666666666,1.0
2,2sak,99,channel_k4,225001,baseline,True,0.863157894736842,True,0.0,0.0,0.3248001855696768,False,0.155280282036863,0.6666666666666666,1.0
2,2sak,99,channel_k4,225011,exact,False,0.7315789473684211,True,0.0,0.0,0.16313109064238734,False,0.1444469647912203,0.6666666666666666,0.6
2,2sak,99,channel_k4,225011,exact,True,0.7699248120300751,True,0.0,0.0,0.28445060215910106,False,0.1372246165516593,0.6666666666666666,0.6
2,2sak,99,channel_k4,225011,baseline,False,0.7245614035087719,True,0.0,0.0,0.163670219900574,False,0.14457479647816043,0.6666666666666666,0.6
2,2sak,99,channel_k4,225011,baseline,True,0.7639097744360903,True,0.0,0.0,0.2847763700111758,False,0.13734605665425242,0.6666666666666666,0.6
2,2sak,99,channel_k8,225001,exact,False,0.8807017543859648,True,0.0,0.0,0.18086155961465983,False,0.10771910576629538,0.6666666666666666,0.8
2,2sak,99,channel_k8,225001,exact,True,0.8977443609022555,True,0.0,0.0,0.325216747407163,False,0.10233315047798061,0.6666666666666666,1.0
2,2sak,99,channel_k8,225001,baseline,False,0.8807017543859648,True,0.0,0.0,0.1807791255168295,False,0.10779312885060956,0.6666666666666666,0.8
2,2sak,99,channel_k8,225001,baseline,True,0.8977443609022555,True,0.0,0.0,0.3248001855696768,False,0.10240347240807908,0.6666666666666666,1.0
2,2sak,99,channel_k8,225011,exact,False,0.8070175438596491,True,0.0,0.0,0.16313109064238734,False,0.08816093882288442,0.6666666666666666,0.8
2,2sak,99,channel_k8,225011,exact,True,0.8345864661654135,True,0.0,0.0,0.28445060215910106,False,0.0837528918817402,1.0,1.0
2,2sak,99,channel_k8,225011,baseline,False,0.819298245614035,True,0.0,0.0,0.163670219900574,False,0.08828877050982456,0.6666666666666666,0.8
2,2sak,99,channel_k8,225011,baseline,True,0.8451127819548873,True,0.0,0.0,0.2847763700111758,False,0.08387433198433333,1.0,1.0
2,2sak,99,channel_k16,225001,exact,False,0.8543859649122807,True,0.0,0.0,0.18086155961465983,False,0.04854116262176774,1.0,1.0
2,2sak,99,channel_k16,225001,exact,True,0.875187969924812,True,0.0,0.0,0.325216747407163,False,0.046114104490679354,0.6666666666666666,0.8
2,2sak,99,channel_k16,225001,baseline,False,0.8543859649122807,True,0.0,0.0,0.1807791255168295,False,0.04861518570608194,1.0,1.0
2,2sak,99,channel_k16,225001,baseline,True,0.875187969924812,True,0.0,0.0,0.3248001855696768,False,0.046184426420777844,0.6666666666666666,0.8
2,2sak,99,channel_k16,225011,exact,False,0.9105263157894736,True,0.0,0.0,0.16313109064238734,False,0.036051382895438,0.6666666666666666,0.8
2,2sak,99,channel_k16,225011,exact,True,0.9233082706766916,True,0.0,0.0,0.28445060215910106,False,0.0342488137506661,1.0,1.0
2,2sak,99,channel_k16,225011,baseline,False,0.9175438596491228,True,0.0,0.0,0.163670219900574,False,0.03617921458237814,0.6666666666666666,0.8
2,2sak,99,channel_k16,225011,baseline,True,0.9293233082706768,True,0.0,0.0,0.2847763700111758,False,0.03437025385325924,1.0,1.0
2,2sak,99,channel_k32,225001,exact,False,0.9508771929824561,True,0.0,0.0,0.18086155961465983,False,0.010689173329431239,1.0,1.0
2,2sak,99,channel_k32,225001,exact,True,0.9578947368421054,True,0.0,0.0,0.325216747407163,False,0.010154714662959677,1.0,0.8
2,2sak,99,channel_k32,225001,baseline,False,0.9508771929824561,True,0.0,0.0,0.1807791255168295,False,0.010763196413745435,1.0,1.0
2,2sak,99,channel_k32,225001,baseline,True,0.9578947368421054,True,0.0,0.0,0.3248001855696768,False,0.010225036593058161,1.0,0.8
2,2sak,99,channel_k32,225011,exact,False,0.9859649122807018,True,0.0,0.0,0.16313109064238734,False,0.009394690117351513,1.0,1.0
2,2sak,99,channel_k32,225011,exact,True,0.9879699248120299,True,0.0,0.0,0.28445060215910106,False,0.008924955611483936,1.0,1.0
2,2sak,99,channel_k32,225011,baseline,False,0.987719298245614,True,0.0,0.0,0.163670219900574,False,0.009522521804291651,1.0,1.0
2,2sak,99,channel_k32,225011,baseline,True,0.9894736842105262,True,0.0,0.0,0.2847763700111758,False,0.009046395714077069,1.0,1.0
2,2sak,99,channel_k64,225001,exact,False,0.9947368421052631,True,0.0,0.0,0.18086155961465983,False,0.0008441661794066649,1.0,1.0
2,2sak,99,channel_k64,225001,exact,True,0.9954887218045112,True,0.0,0.0,0.325216747407163,False,0.0008019578704363317,1.0,1.0
2,2sak,99,channel_k64,225001,baseline,False,0.9947368421052631,True,0.0,0.0,0.1807791255168295,False,0.0008723606319400168,1.0,1.0
2,2sak,99,channel_k64,225001,baseline,True,0.9954887218045112,True,0.0,0.0,0.3248001855696768,False,0.0008287426003430159,1.0,1.0
2,2sak,99,channel_k64,225011,exact,False,0.9947368421052631,True,0.0,0.0,0.16313109064238734,False,0.0014689999602565994,1.0,1.0
2,2sak,99,channel_k64,225011,exact,True,0.9954887218045112,True,0.0,0.0,0.28445060215910106,False,0.0013955499622437695,1.0,1.0
2,2sak,99,channel_k64,225011,baseline,False,0.9964912280701754,True,0.0,0.0,0.163670219900574,False,0.0015704598400562474,1.0,1.0
2,2sak,99,channel_k64,225011,baseline,True,0.9969924812030074,True,0.0,0.0,0.2847763700111758,False,0.0014919368480534351,1.0,1.0
2,2sak,99,channel_kfull,225001,exact,False,1.0,True,0.0,0.0,0.18086155961465983,False,0.00020878684244344132,1.0,1.0
2,2sak,99,channel_kfull,225001,exact,True,1.0,True,0.0,0.0,0.325216747407163,False,0.00019834750032126925,1.0,1.0
2,2sak,99,channel_kfull,225001,baseline,False,1.0,True,0.0,0.0,0.1807791255168295,False,0.0,1.0,1.0
2,2sak,99,channel_kfull,225001,baseline,True,1.0,True,0.0,0.0,0.3248001855696768,False,0.0,1.0,1.0
2,2sak,99,channel_kfull,225011,exact,False,0.9982456140350877,True,0.0,0.0,0.16313109064238734,False,0.00022324856909663286,1.0,1.0
2,2sak,99,channel_kfull,225011,exact,True,0.9984962406015038,True,0.0,0.0,0.28445060215910106,False,0.0002120861406418012,1.0,1.0
2,2sak,99,channel_kfull,225011,baseline,False,1.0,True,0.0,0.0,0.163670219900574,False,0.0,1.0,1.0
2,2sak,99,channel_kfull,225011,baseline,True,1.0,True,0.0,0.0,0.2847763700111758,False,0.0,1.0,1.0
2,2sak,99,shared_k0,225001,exact,False,0.47543859649122805,False,0.08988538413118846,0.49698445774047584,0.18086155961465983,False,0.2520904650016846,0.0,0.6
2,2sak,99,shared_k0,225001,exact,True,0.544360902255639,False,0.23424057192369163,0.7202598691217721,0.325216747407163,False,0.23948594175160026,0.3333333333333333,0.4
2,2sak,99,shared_k0,225001,baseline,False,0.47543859649122805,False,0.0902170968424707,0.4990459854507483,0.1807791255168295,False,0.25216448808599873,0.0,0.6
2,2sak,99,shared_k0,225001,baseline,True,0.544360902255639,False,0.23423815689531802,0.7211761793931265,0.3248001855696768,False,0.2395562636816988,0.3333333333333333,0.4
2,2sak,99,shared_k0,225011,exact,False,0.2719298245614035,False,0.09015205960115519,0.5526356701604154,0.16313109064238734,False,0.22943434397084772,0.3333333333333333,0.2
2,2sak,99,shared_k0,225011,exact,True,0.3157894736842105,False,0.2114715711178689,0.7434386480911263,0.28445060215910106,False,0.21796262677230532,0.0,0.4
2,2sak,99,shared_k0,225011,baseline,False,0.28947368421052627,False,0.09054040648777845,0.5531880298247275,0.163670219900574,False,0.22956217565778783,0.3333333333333333,0.2
2,2sak,99,shared_k0,225011,baseline,True,0.33082706766917286,False,0.21164655659838022,0.7432026631636408,0.2847763700111758,False,0.21808406687489845,0.0,0.4
2,2sak,99,shared_k4,225001,exact,False,0.2,False,0.14291291664232458,0.7901785041929977,0.18086155961465983,False,0.2326157685468743,0.0,0.2
2,2sak,99,shared_k4,225001,exact,True,0.3142857142857143,True,0.0,0.0,0.325216747407163,False,0.22098498011953058,0.3333333333333333,0.4
2,2sak,99,shared_k4,225001,baseline,False,0.2,False,0.14331457291869742,0.7927606271408568,0.1807791255168295,False,0.23268979163118853,0.0,0.2
2,2sak,99,shared_k4,225001,baseline,True,0.3142857142857143,True,0.0,0.0,0.3248001855696768,False,0.2210553020496291,0.3333333333333333,0.4
2,2sak,99,shared_k4,225011,exact,False,0.3526315789473684,False,0.09015205960115519,0.5526356701604154,0.16313109064238734,False,0.2159773264458255,0.3333333333333333,0.2
2,2sak,99,shared_k4,225011,exact,True,0.44060150375939844,False,0.2114715711178689,0.7434386480911263,0.28445060215910106,False,0.20517846012353425,0.3333333333333333,0.4
2,2sak,99,shared_k4,225011,baseline,False,0.3596491228070175,False,0.09054040648777845,0.5531880298247275,0.163670219900574,False,0.21610515813276568,0.3333333333333333,0.2
2,2sak,99,shared_k4,225011,baseline,True,0.4466165413533834,False,0.21164655659838022,0.7432026631636408,0.2847763700111758,False,0.20529990022612737,0.3333333333333333,0.4
2,2sak,99,shared_k8,225001,exact,False,0.6754385964912282,True,0.0,0.0,0.18086155961465983,False,0.2037789091662782,0.6666666666666666,0.6
2,2sak,99,shared_k8,225001,exact,True,0.7218045112781954,True,0.0,0.0,0.325216747407163,False,0.1935899637079643,0.6666666666666666,0.6
2,2sak,99,shared_k8,225001,baseline,False,0.6754385964912282,True,0.0,0.0,0.1807791255168295,False,0.20385293225059237,0.6666666666666666,0.6
2,2sak,99,shared_k8,225001,baseline,True,0.7218045112781954,True,0.0,0.0,0.3248001855696768,False,0.19366028563806276,0.6666666666666666,0.6
2,2sak,99,shared_k8,225011,exact,False,0.4666666666666667,False,0.09015205960115519,0.5526356701604154,0.16313109064238734,False,0.1929073316566941,0.6666666666666666,0.6
2,2sak,99,shared_k8,225011,exact,True,0.5428571428571428,True,0.0,0.0,0.28445060215910106,False,0.1832619650738594,0.3333333333333333,0.8
2,2sak,99,shared_k8,225011,baseline,False,0.46842105263157896,False,0.09054040648777845,0.5531880298247275,0.163670219900574,False,0.19303516334363424,0.6666666666666666,0.6
2,2sak,99,shared_k8,225011,baseline,True,0.544360902255639,True,0.0,0.0,0.2847763700111758,False,0.18338340517645252,0.3333333333333333,0.8
2,2sak,99,shared_k16,225001,exact,False,0.8771929824561402,True,0.0,0.0,0.18086155961465983,False,0.14483541679928277,0.6666666666666666,0.8
2,2sak,99,shared_k16,225001,exact,True,0.8947368421052632,True,0.0,0.0,0.325216747407163,False,0.13759364595931867,0.6666666666666666,0.8
2,2sak,99,shared_k16,225001,baseline,False,0.8771929824561402,True,0.0,0.0,0.1807791255168295,False,0.14490943988359703,0.6666666666666666,0.8
2,2sak,99,shared_k16,225001,baseline,True,0.8947368421052632,True,0.0,0.0,0.3248001855696768,False,0.13766396788941715,0.6666666666666666,0.8
2,2sak,99,shared_k16,225011,exact,False,0.5877192982456141,True,0.0,0.0,0.16313109064238734,False,0.13548425933689426,0.6666666666666666,0.6
2,2sak,99,shared_k16,225011,exact,True,0.6466165413533834,True,0.0,0.0,0.28445060215910106,False,0.12871004637004954,1.0,0.8
2,2sak,99,shared_k16,225011,baseline,False,0.6017543859649123,True,0.0,0.0,0.163670219900574,False,0.1356120910238344,0.6666666666666666,0.6
2,2sak,99,shared_k16,225011,baseline,True,0.6586466165413534,True,0.0,0.0,0.2847763700111758,False,0.1288314864726427,1.0,0.8
2,2sak,99,shared_k32,225001,exact,False,0.887719298245614,True,0.0,0.0,0.18086155961465983,False,0.07393585192172432,0.6666666666666666,0.8
2,2sak,99,shared_k32,225001,exact,True,0.9037593984962405,True,0.0,0.0,0.325216747407163,False,0.07023905932563809,0.6666666666666666,0.8
2,2sak,99,shared_k32,225001,baseline,False,0.887719298245614,True,0.0,0.0,0.1807791255168295,False,0.07400987500603852,0.6666666666666666,0.8
2,2sak,99,shared_k32,225001,baseline,True,0.9037593984962405,True,0.0,0.0,0.3248001855696768,False,0.07030938125573659,0.6666666666666666,0.8
2,2sak,99,shared_k32,225011,exact,False,0.887719298245614,True,0.0,0.0,0.16313109064238734,False,0.0642767377083266,0.6666666666666666,0.8
2,2sak,99,shared_k32,225011,exact,True,0.9037593984962405,True,0.0,0.0,0.28445060215910106,False,0.06106290082291027,1.0,1.0
2,2sak,99,shared_k32,225011,baseline,False,0.8912280701754386,True,0.0,0.0,0.163670219900574,False,0.06440456939526674,0.6666666666666666,0.8
2,2sak,99,shared_k32,225011,baseline,True,0.9067669172932331,True,0.0,0.0,0.2847763700111758,False,0.06118434092550342,1.0,1.0
2,2sak,99,shared_k64,225001,exact,False,0.882456140350877,True,0.0,0.0,0.18086155961465983,False,0.018914846962107573,1.0,1.0
2,2sak,99,shared_k64,225001,exact,True,0.8992481203007519,True,0.0,0.0,0.325216747407163,False,0.017969104614002196,1.0,1.0
2,2sak,99,shared_k64,225001,baseline,False,0.882456140350877,True,0.0,0.0,0.1807791255168295,False,0.01898887004642177,1.0,1.0
2,2sak,99,shared_k64,225001,baseline,True,0.8992481203007519,True,0.0,0.0,0.3248001855696768,False,0.018039426544100682,1.0,1.0
2,2sak,99,shared_k64,225011,exact,False,0.9649122807017543,True,0.0,0.0,0.16313109064238734,False,0.013950303048370936,0.6666666666666666,1.0
2,2sak,99,shared_k64,225011,exact,True,0.9699248120300751,True,0.0,0.0,0.28445060215910106,False,0.013252787895952389,1.0,1.0
2,2sak,99,shared_k64,225011,baseline,False,0.9684210526315788,True,0.0,0.0,0.163670219900574,False,0.014078134735311075,0.6666666666666666,1.0
2,2sak,99,shared_k64,225011,baseline,True,0.9729323308270676,True,0.0,0.0,0.2847763700111758,False,0.013374227998545521,1.0,1.0
2,2sak,99,shared_kfull,225001,exact,False,1.0,True,0.0,0.0,0.18086155961465983,False,0.00020878684244344132,1.0,1.0
2,2sak,99,shared_kfull,225001,exact,True,1.0,True,0.0,0.0,0.325216747407163,False,0.00019834750032126925,1.0,1.0
2,2sak,99,shared_kfull,225001,baseline,False,1.0,True,0.0,0.0,0.1807791255168295,False,0.0,1.0,1.0
2,2sak,99,shared_kfull,225001,baseline,True,1.0,True,0.0,0.0,0.3248001855696768,False,0.0,1.0,1.0
2,2sak,99,shared_kfull,225011,exact,False,0.9982456140350877,True,0.0,0.0,0.16313109064238734,False,0.00022324856909663286,1.0,1.0
2,2sak,99,shared_kfull,225011,exact,True,0.9984962406015038,True,0.0,0.0,0.28445060215910106,False,0.0002120861406418012,1.0,1.0
2,2sak,99,shared_kfull,225011,baseline,False,1.0,True,0.0,0.0,0.163670219900574,False,0.0,1.0,1.0
2,2sak,99,shared_kfull,225011,baseline,True,1.0,True,0.0,0.0,0.2847763700111758,False,0.0,1.0,1.0
3,2trh,84,baseline,225001,exact,False,1.0,True,0.0,0.0,0.03313389302428554,False,0.00014625836086774356,1.0,1.0
3,2trh,84,baseline,225001,exact,True,1.0,True,0.0,0.0,0.03313389302428554,False,0.00013894544282435639,1.0,1.0
3,2trh,84,baseline,225001,baseline,False,1.0,True,0.0,0.0,0.033220795911959755,False,0.0,1.0,1.0
3,2trh,84,baseline,225001,baseline,True,1.0,True,0.0,0.0,0.033220795911959755,False,0.0,1.0,1.0
3,2trh,84,baseline,225011,exact,False,1.0,True,0.0,0.0,0.05382830241295056,False,0.00023663936065471418,1.0,1.0
3,2trh,84,baseline,225011,exact,True,1.0,True,0.0,0.0,0.05382830241295056,False,0.00022480739262197846,1.0,1.0
3,2trh,84,baseline,225011,baseline,False,1.0,True,0.0,0.0,0.054001332897492926,False,0.0,1.0,1.0
3,2trh,84,baseline,225011,baseline,True,1.0,True,0.0,0.0,0.054001332897492926,False,0.0,1.0,1.0
3,2trh,84,channel_k0,225001,exact,False,0.9526315789473684,True,0.0,0.0,0.03313389302428554,False,0.002820722945687935,1.0,0.8
3,2trh,84,channel_k0,225001,exact,True,0.9368421052631578,True,0.0,0.0,0.03313389302428554,False,0.0026796867984035383,1.0,0.8
3,2trh,84,channel_k0,225001,baseline,False,0.9526315789473684,True,0.0,0.0,0.033220795911959755,False,0.002916884542786143,1.0,0.8
3,2trh,84,channel_k0,225001,baseline,True,0.9368421052631578,True,0.0,0.0,0.033220795911959755,False,0.002771040315646836,1.0,0.8
3,2trh,84,channel_k0,225011,exact,False,0.9684210526315788,True,0.0,0.0,0.05382830241295056,False,0.0016087815344075686,1.0,0.8
3,2trh,84,channel_k0,225011,exact,True,0.9699248120300751,True,0.0,0.0,0.05382830241295056,False,0.00152834245768719,1.0,0.8
3,2trh,84,channel_k0,225011,baseline,False,0.9684210526315788,True,0.0,0.0,0.054001332897492926,False,0.0016226556291303697,1.0,0.8
3,2trh,84,channel_k0,225011,baseline,True,0.9699248120300751,True,0.0,0.0,0.054001332897492926,False,0.0015415228476738513,1.0,0.8
3,2trh,84,channel_k4,225001,exact,False,0.975438596491228,True,0.0,0.0,0.03313389302428554,False,0.0012562521945254442,1.0,1.0
3,2trh,84,channel_k4,225001,exact,True,0.9774436090225563,True,0.0,0.0,0.03313389302428554,False,0.001193439584799172,1.0,1.0
3,2trh,84,channel_k4,225001,baseline,False,0.975438596491228,True,0.0,0.0,0.033220795911959755,False,0.0013494752275210757,1.0,1.0
3,2trh,84,channel_k4,225001,baseline,True,0.9774436090225563,True,0.0,0.0,0.033220795911959755,False,0.001282001466145022,1.0,1.0
3,2trh,84,channel_k4,225011,exact,False,0.9964912280701754,True,0.0,0.0,0.05382830241295056,False,0.0010076449436308495,1.0,1.0
3,2trh,84,channel_k4,225011,exact,True,0.9969924812030074,True,0.0,0.0,0.05382830241295056,False,0.0009572626964493069,1.0,1.0
3,2trh,84,channel_k4,225011,baseline,False,0.9964912280701754,True,0.0,0.0,0.054001332897492926,False,0.001023160572503699,1.0,1.0
3,2trh,84,channel_k4,225011,baseline,True,0.9969924812030074,True,0.0,0.0,0.054001332897492926,False,0.0009720025438785141,1.0,1.0
3,2trh,84,channel_k8,225001,exact,False,0.9894736842105263,True,0.0,0.0,0.03313389302428554,False,0.0009069644880090322,1.0,1.0
3,2trh,84,channel_k8,225001,exact,True,0.9894736842105262,True,0.0,0.0,0.03313389302428554,False,0.0008616162636085805,1.0,1.0
3,2trh,84,channel_k8,225001,baseline,False,0.9894736842105263,True,0.0,0.0,0.033220795911959755,False,0.0009817102973838174,1.0,1.0
3,2trh,84,channel_k8,225001,baseline,True,0.9894736842105262,True,0.0,0.0,0.033220795911959755,False,0.0009326247825146266,1.0,1.0
3,2trh,84,channel_k8,225011,exact,False,0.9894736842105263,True,0.0,0.0,0.05382830241295056,False,0.000870650981798326,1.0,1.0
3,2trh,84,channel_k8,225011,exact,True,0.9909774436090225,True,0.0,0.0,0.05382830241295056,False,0.0008271184327084096,1.0,1.0
3,2trh,84,channel_k8,225011,baseline,False,0.9894736842105263,True,0.0,0.0,0.054001332897492926,False,0.0008435388050155108,1.0,1.0
3,2trh,84,channel_k8,225011,baseline,True,0.9909774436090225,True,0.0,0.0,0.054001332897492926,False,0.0008013618647647353,1.0,1.0
3,2trh,84,channel_k16,225001,exact,False,0.987719298245614,True,0.0,0.0,0.03313389302428554,False,0.0005898619093320936,1.0,1.0
3,2trh,84,channel_k16,225001,exact,True,0.9879699248120299,True,0.0,0.0,0.03313389302428554,False,0.0005603688138654889,1.0,1.0
3,2trh,84,channel_k16,225001,baseline,False,0.987719298245614,True,0.0,0.0,0.033220795911959755,False,0.0005897589635460925,1.0,1.0
3,2trh,84,channel_k16,225001,baseline,True,0.9879699248120299,True,0.0,0.0,0.033220795911959755,False,0.0005602710153687878,1.0,1.0
3,2trh,84,channel_k16,225011,exact,False,1.0,True,0.0,0.0,0.05382830241295056,False,0.0006205233157554233,1.0,1.0
3,2trh,84,channel_k16,225011,exact,True,1.0,True,0.0,0.0,0.05382830241295056,False,0.0005894971499676521,1.0,1.0
3,2trh,84,channel_k16,225011,baseline,False,1.0,True,0.0,0.0,0.054001332897492926,False,0.0005364009528869693,1.0,1.0
3,2trh,84,channel_k16,225011,baseline,True,1.0,True,0.0,0.0,0.054001332897492926,False,0.0005095809052426209,1.0,1.0
3,2trh,84,channel_k32,225001,exact,False,0.9912280701754386,True,0.0,0.0,0.03313389302428554,False,0.00035930955279333805,1.0,1.0
3,2trh,84,channel_k32,225001,exact,True,0.9924812030075187,True,0.0,0.0,0.03313389302428554,False,0.00034134407515367115,1.0,1.0
3,2trh,84,channel_k32,225001,baseline,False,0.9912280701754386,True,0.0,0.0,0.033220795911959755,False,0.0003582662624091956,1.0,1.0
3,2trh,84,channel_k32,225001,baseline,True,0.9924812030075187,True,0.0,0.0,0.033220795911959755,False,0.0003403529492887358,1.0,1.0
3,2trh,84,channel_k32,225011,exact,False,0.9982456140350877,True,0.0,0.0,0.05382830241295056,False,0.0003649792871780904,1.0,1.0
3,2trh,84,channel_k32,225011,exact,True,0.9984962406015038,True,0.0,0.0,0.05382830241295056,False,0.00034673032281918594,1.0,1.0
3,2trh,84,channel_k32,225011,baseline,False,0.9982456140350877,True,0.0,0.0,0.054001332897492926,False,0.00023688560091954467,1.0,1.0
3,2trh,84,channel_k32,225011,baseline,True,0.9984962406015038,True,0.0,0.0,0.054001332897492926,False,0.00022504132087356742,1.0,1.0
3,2trh,84,channel_k64,225001,exact,False,1.0,True,0.0,0.0,0.03313389302428554,False,0.0001448929394267691,1.0,1.0
3,2trh,84,channel_k64,225001,exact,True,1.0,True,0.0,0.0,0.03313389302428554,False,0.00013764829245543065,1.0,1.0
3,2trh,84,channel_k64,225001,baseline,False,1.0,True,0.0,0.0,0.033220795911959755,False,0.0001151175379059896,1.0,1.0
3,2trh,84,channel_k64,225001,baseline,True,1.0,True,0.0,0.0,0.033220795911959755,False,0.00010936166101069011,1.0,1.0
3,2trh,84,channel_k64,225011,exact,False,1.0,True,0.0,0.0,0.05382830241295056,False,0.0002579579397427735,1.0,1.0
3,2trh,84,channel_k64,225011,exact,True,1.0,True,0.0,0.0,0.05382830241295056,False,0.0002450600427556349,1.0,1.0
3,2trh,84,channel_k64,225011,baseline,False,1.0,True,0.0,0.0,0.054001332897492926,False,7.890626077771368e-05,1.0,1.0
3,2trh,84,channel_k64,225011,baseline,True,1.0,True,0.0,0.0,0.054001332897492926,False,7.4960947738828e-05,1.0,1.0
3,2trh,84,channel_kfull,225001,exact,False,1.0,True,0.0,0.0,0.03313389302428554,False,0.00014625836086774356,1.0,1.0
3,2trh,84,channel_kfull,225001,exact,True,1.0,True,0.0,0.0,0.03313389302428554,False,0.00013894544282435639,1.0,1.0
3,2trh,84,channel_kfull,225001,baseline,False,1.0,True,0.0,0.0,0.033220795911959755,False,0.0,1.0,1.0
3,2trh,84,channel_kfull,225001,baseline,True,1.0,True,0.0,0.0,0.033220795911959755,False,0.0,1.0,1.0
3,2trh,84,channel_kfull,225011,exact,False,1.0,True,0.0,0.0,0.05382830241295056,False,0.00023663936065471418,1.0,1.0
3,2trh,84,channel_kfull,225011,exact,True,1.0,True,0.0,0.0,0.05382830241295056,False,0.00022480739262197846,1.0,1.0
3,2trh,84,channel_kfull,225011,baseline,False,1.0,True,0.0,0.0,0.054001332897492926,False,0.0,1.0,1.0
3,2trh,84,channel_kfull,225011,baseline,True,1.0,True,0.0,0.0,0.054001332897492926,False,0.0,1.0,1.0
3,2trh,84,shared_k0,225001,exact,False,0.9526315789473684,True,0.0,0.0,0.03313389302428554,False,0.002820722945687935,1.0,0.8
3,2trh,84,shared_k0,225001,exact,True,0.9368421052631578,True,0.0,0.0,0.03313389302428554,False,0.0026796867984035383,1.0,0.8
3,2trh,84,shared_k0,225001,baseline,False,0.9526315789473684,True,0.0,0.0,0.033220795911959755,False,0.002916884542786143,1.0,0.8
3,2trh,84,shared_k0,225001,baseline,True,0.9368421052631578,True,0.0,0.0,0.033220795911959755,False,0.002771040315646836,1.0,0.8
3,2trh,84,shared_k0,225011,exact,False,0.9684210526315788,True,0.0,0.0,0.05382830241295056,False,0.0016087815344075686,1.0,0.8
3,2trh,84,shared_k0,225011,exact,True,0.9699248120300751,True,0.0,0.0,0.05382830241295056,False,0.00152834245768719,1.0,0.8
3,2trh,84,shared_k0,225011,baseline,False,0.9684210526315788,True,0.0,0.0,0.054001332897492926,False,0.0016226556291303697,1.0,0.8
3,2trh,84,shared_k0,225011,baseline,True,0.9699248120300751,True,0.0,0.0,0.054001332897492926,False,0.0015415228476738513,1.0,0.8
3,2trh,84,shared_k4,225001,exact,False,0.9543859649122807,True,0.0,0.0,0.03313389302428554,False,0.002075654914357756,1.0,1.0
3,2trh,84,shared_k4,225001,exact,True,0.9518796992481202,True,0.0,0.0,0.03313389302428554,False,0.001971872168639868,1.0,1.0
3,2trh,84,shared_k4,225001,baseline,False,0.9543859649122807,True,0.0,0.0,0.033220795911959755,False,0.0021597100187800465,1.0,1.0
3,2trh,84,shared_k4,225001,baseline,True,0.9518796992481202,True,0.0,0.0,0.033220795911959755,False,0.0020517245178410443,1.0,1.0
3,2trh,84,shared_k4,225011,exact,False,0.9789473684210527,True,0.0,0.0,0.05382830241295056,False,0.0013411469775889112,1.0,1.0
3,2trh,84,shared_k4,225011,exact,True,0.9789473684210527,True,0.0,0.0,0.05382830241295056,False,0.0012740896287094655,1.0,1.0
3,2trh,84,shared_k4,225011,baseline,False,0.9789473684210527,True,0.0,0.0,0.054001332897492926,False,0.0012958637041891948,1.0,1.0
3,2trh,84,shared_k4,225011,baseline,True,0.9789473684210527,True,0.0,0.0,0.054001332897492926,False,0.001231070518979735,1.0,1.0
3,2trh,84,shared_k8,225001,exact,False,0.975438596491228,True,0.0,0.0,0.03313389302428554,False,0.0018562604194628314,1.0,1.0
3,2trh,84,shared_k8,225001,exact,True,0.9699248120300751,True,0.0,0.0,0.03313389302428554,False,0.0017634473984896898,1.0,1.0
3,2trh,84,shared_k8,225001,baseline,False,0.975438596491228,True,0.0,0.0,0.033220795911959755,False,0.0019403155238851219,1.0,1.0
3,2trh,84,shared_k8,225001,baseline,True,0.9699248120300751,True,0.0,0.0,0.033220795911959755,False,0.0018432997476908659,1.0,1.0
3,2trh,84,shared_k8,225011,exact,False,0.9736842105263157,True,0.0,0.0,0.05382830241295056,False,0.0011234172097112462,1.0,1.0
3,2trh,84,shared_k8,225011,exact,True,0.9774436090225563,True,0.0,0.0,0.05382830241295056,False,0.001067246349225684,1.0,1.0
3,2trh,84,shared_k8,225011,baseline,False,0.9736842105263157,True,0.0,0.0,0.054001332897492926,False,0.0010735075464230587,1.0,1.0
3,2trh,84,shared_k8,225011,baseline,True,0.9774436090225563,True,0.0,0.0,0.054001332897492926,False,0.0010198321691019057,1.0,1.0
3,2trh,84,shared_k16,225001,exact,False,0.980701754385965,True,0.0,0.0,0.03313389302428554,False,0.0013057895096810154,1.0,1.0
3,2trh,84,shared_k16,225001,exact,True,0.9819548872180449,True,0.0,0.0,0.03313389302428554,False,0.0012405000341969646,1.0,1.0
3,2trh,84,shared_k16,225001,baseline,False,0.980701754385965,True,0.0,0.0,0.033220795911959755,False,0.0013174274071796406,1.0,1.0
3,2trh,84,shared_k16,225001,baseline,True,0.9819548872180449,True,0.0,0.0,0.033220795911959755,False,0.0012515560368206585,1.0,1.0
3,2trh,84,shared_k16,225011,exact,False,0.9771929824561404,True,0.0,0.0,0.05382830241295056,False,0.0011082894461802205,1.0,1.0
3,2trh,84,shared_k16,225011,exact,True,0.9804511278195487,True,0.0,0.0,0.05382830241295056,False,0.0010528749738712095,1.0,1.0
3,2trh,84,shared_k16,225011,baseline,False,0.9771929824561404,True,0.0,0.0,0.054001332897492926,False,0.0010526461835533034,1.0,1.0
3,2trh,84,shared_k16,225011,baseline,True,0.9804511278195487,True,0.0,0.0,0.054001332897492926,False,0.0010000138743756382,1.0,1.0
3,2trh,84,shared_k32,225001,exact,False,0.987719298245614,True,0.0,0.0,0.03313389302428554,False,0.0008665536571376756,1.0,1.0
3,2trh,84,shared_k32,225001,exact,True,0.9879699248120299,True,0.0,0.0,0.03313389302428554,False,0.0008232259742807918,1.0,1.0
3,2trh,84,shared_k32,225001,baseline,False,0.987719298245614,True,0.0,0.0,0.033220795911959755,False,0.0008661589938972772,1.0,1.0
3,2trh,84,shared_k32,225001,baseline,True,0.9879699248120299,True,0.0,0.0,0.033220795911959755,False,0.0008228510442024134,1.0,1.0
3,2trh,84,shared_k32,225011,exact,False,0.9964912280701754,True,0.0,0.0,0.05382830241295056,False,0.000630676445755587,1.0,1.0
3,2trh,84,shared_k32,225011,exact,True,0.9969924812030074,True,0.0,0.0,0.05382830241295056,False,0.0005991426234678076,1.0,1.0
3,2trh,84,shared_k32,225011,baseline,False,0.9964912280701754,True,0.0,0.0,0.054001332897492926,False,0.0007041124043063627,1.0,1.0
3,2trh,84,shared_k32,225011,baseline,True,0.9969924812030074,True,0.0,0.0,0.054001332897492926,False,0.0006689067840910445,1.0,1.0
3,2trh,84,shared_k64,225001,exact,False,0.9912280701754386,True,0.0,0.0,0.03313389302428554,False,0.0005057945088835035,1.0,1.0
3,2trh,84,shared_k64,225001,exact,True,0.9924812030075187,True,0.0,0.0,0.03313389302428554,False,0.00048050478343932836,1.0,1.0
3,2trh,84,shared_k64,225001,baseline,False,0.9912280701754386,True,0.0,0.0,0.033220795911959755,False,0.0005080125390431719,1.0,1.0
3,2trh,84,shared_k64,225001,baseline,True,0.9924812030075187,True,0.0,0.0,0.033220795911959755,False,0.00048261191209101326,1.0,1.0
3,2trh,84,shared_k64,225011,exact,False,0.9982456140350877,True,0.0,0.0,0.05382830241295056,False,0.0004553554008280135,1.0,1.0
3,2trh,84,shared_k64,225011,exact,True,0.9984962406015038,True,0.0,0.0,0.05382830241295056,False,0.0004325876307866128,1.0,1.0
3,2trh,84,shared_k64,225011,baseline,False,0.9982456140350877,True,0.0,0.0,0.054001332897492926,False,0.00037404697585737657,1.0,1.0
3,2trh,84,shared_k64,225011,baseline,True,0.9984962406015038,True,0.0,0.0,0.054001332897492926,False,0.00035534462706450775,1.0,1.0
3,2trh,84,shared_kfull,225001,exact,False,1.0,True,0.0,0.0,0.03313389302428554,False,0.00014625836086774356,1.0,1.0
3,2trh,84,shared_kfull,225001,exact,True,1.0,True,0.0,0.0,0.03313389302428554,False,0.00013894544282435639,1.0,1.0
3,2trh,84,shared_kfull,225001,baseline,False,1.0,True,0.0,0.0,0.033220795911959755,False,0.0,1.0,1.0
3,2trh,84,shared_kfull,225001,baseline,True,1.0,True,0.0,0.0,0.033220795911959755,False,0.0,1.0,1.0
3,2trh,84,shared_kfull,225011,exact,False,1.0,True,0.0,0.0,0.05382830241295056,False,0.00023663936065471418,1.0,1.0
3,2trh,84,shared_kfull,225011,exact,True,1.0,True,0.0,0.0,0.05382830241295056,False,0.00022480739262197846,1.0,1.0
3,2trh,84,shared_kfull,225011,baseline,False,1.0,True,0.0,0.0,0.054001332897492926,False,0.0,1.0,1.0
3,2trh,84,shared_kfull,225011,baseline,True,1.0,True,0.0,0.0,0.054001332897492926,False,0.0,1.0,1.0
3,2trh,98,baseline,225001,exact,False,1.0,True,0.0,0.0,0.12035639084016186,False,0.00011858926156760026,1.0,1.0
3,2trh,98,baseline,225001,exact,True,1.0,True,0.0,0.0,0.12035639084016186,False,0.00011265979848922025,1.0,1.0
3,2trh,98,baseline,225001,baseline,False,1.0,True,0.0,0.0,0.12017244976247415,False,0.0,1.0,1.0
3,2trh,98,baseline,225001,baseline,True,1.0,True,0.0,0.0,0.12017244976247415,False,0.0,1.0,1.0
3,2trh,98,baseline,225011,exact,False,0.9982456140350877,True,0.0,0.0,0.12046489773750274,False,0.000161020771919727,1.0,1.0
3,2trh,98,baseline,225011,exact,True,0.9984962406015038,True,0.0,0.0,0.12046489773750274,False,0.00015296973332374063,1.0,1.0
3,2trh,98,baseline,225011,baseline,False,1.0,True,0.0,0.0,0.12024590020679432,False,0.0,1.0,1.0
3,2trh,98,baseline,225011,baseline,True,1.0,True,0.0,0.0,0.12024590020679432,False,0.0,1.0,1.0
3,2trh,98,channel_k0,225001,exact,False,0.9824561403508772,True,0.0,0.0,0.12035639084016186,False,0.0016107645115182882,0.6666666666666666,1.0
3,2trh,98,channel_k0,225001,exact,True,0.9804511278195487,True,0.0,0.0,0.12035639084016186,False,0.0015302262859423737,0.6666666666666666,1.0
3,2trh,98,channel_k0,225001,baseline,False,0.9824561403508772,True,0.0,0.0,0.12017244976247415,False,0.001536593781519929,0.6666666666666666,1.0
3,2trh,98,channel_k0,225001,baseline,True,0.9804511278195487,True,0.0,0.0,0.12017244976247415,False,0.0014597640924439326,0.6666666666666666,1.0
3,2trh,98,channel_k0,225011,exact,False,0.987719298245614,True,0.0,0.0,0.12046489773750274,False,0.0041571259921022,1.0,1.0
3,2trh,98,channel_k0,225011,exact,True,0.9894736842105262,True,0.0,0.0,0.12046489773750274,False,0.00394926969249709,1.0,1.0
3,2trh,98,channel_k0,225011,baseline,False,0.9912280701754386,True,0.0,0.0,0.12024590020679432,False,0.004181169663160213,1.0,1.0
3,2trh,98,channel_k0,225011,baseline,True,0.9924812030075187,True,0.0,0.0,0.12024590020679432,False,0.003972111180002203,1.0,1.0
3,2trh,98,channel_k4,225001,exact,False,0.9947368421052631,True,0.0,0.0,0.12035639084016186,False,0.0011940845610349511,1.0,1.0
3,2trh,98,channel_k4,225001,exact,True,0.9954887218045112,True,0.0,0.0,0.12035639084016186,False,0.0011343803329832037,1.0,1.0
3,2trh,98,channel_k4,225001,baseline,False,0.9947368421052631,True,0.0,0.0,0.12017244976247415,False,0.001152940814874951,1.0,1.0
3,2trh,98,channel_k4,225001,baseline,True,0.9954887218045112,True,0.0,0.0,0.12017244976247415,False,0.0010952937741312036,1.0,1.0
3,2trh,98,channel_k4,225011,exact,False,0.9912280701754386,True,0.0,0.0,0.12046489773750274,False,0.0015550680449248548,1.0,1.0
3,2trh,98,channel_k4,225011,exact,True,0.9924812030075187,True,0.0,0.0,0.12046489773750274,False,0.0014773146426786121,1.0,0.8
3,2trh,98,channel_k4,225011,baseline,False,0.9929824561403509,True,0.0,0.0,0.12024590020679432,False,0.0015736555094136588,1.0,1.0
3,2trh,98,channel_k4,225011,baseline,True,0.993984962406015,True,0.0,0.0,0.12024590020679432,False,0.0014949727339429758,1.0,0.8
3,2trh,98,channel_k8,225001,exact,False,0.9929824561403509,True,0.0,0.0,0.12035639084016186,False,0.0009609586331068799,1.0,1.0
3,2trh,98,channel_k8,225001,exact,True,0.993984962406015,True,0.0,0.0,0.12035639084016186,False,0.0009129107014515358,1.0,1.0
3,2trh,98,channel_k8,225001,baseline,False,0.9929824561403509,True,0.0,0.0,0.12017244976247415,False,0.0009011441520253133,1.0,1.0
3,2trh,98,channel_k8,225001,baseline,True,0.993984962406015,True,0.0,0.0,0.12017244976247415,False,0.0008560869444240477,1.0,1.0
3,2trh,98,channel_k8,225011,exact,False,0.9894736842105263,True,0.0,0.0,0.12046489773750274,False,0.0015513658902849602,1.0,1.0
3,2trh,98,channel_k8,225011,exact,True,0.9909774436090225,True,0.0,0.0,0.12046489773750274,False,0.0014737975957707123,1.0,0.8
3,2trh,98,channel_k8,225011,baseline,False,0.9912280701754386,True,0.0,0.0,0.12024590020679432,False,0.0015471383539640106,1.0,1.0
3,2trh,98,channel_k8,225011,baseline,True,0.9924812030075187,True,0.0,0.0,0.12024590020679432,False,0.0014697814362658102,1.0,0.8
3,2trh,98,channel_k16,225001,exact,False,0.9964912280701754,True,0.0,0.0,0.12035639084016186,False,0.001048576456142165,1.0,1.0
3,2trh,98,channel_k16,225001,exact,True,0.9969924812030074,True,0.0,0.0,0.12035639084016186,False,0.0009961476333350567,1.0,1.0
3,2trh,98,channel_k16,225001,baseline,False,0.9964912280701754,True,0.0,0.0,0.12017244976247415,False,0.0009696915090894029,1.0,1.0
3,2trh,98,channel_k16,225001,baseline,True,0.9969924812030074,True,0.0,0.0,0.12017244976247415,False,0.0009212069336349326,1.0,1.0
3,2trh,98,channel_k16,225011,exact,False,0.9912280701754386,True,0.0,0.0,0.12046489773750274,False,0.0010743538077992764,1.0,1.0
3,2trh,98,channel_k16,225011,exact,True,0.9924812030075187,True,0.0,0.0,0.12046489773750274,False,0.0010206361174093126,1.0,0.8
3,2trh,98,channel_k16,225011,baseline,False,0.9929824561403509,True,0.0,0.0,0.12024590020679432,False,0.0010826840826423934,1.0,1.0
3,2trh,98,channel_k16,225011,baseline,True,0.993984962406015,True,0.0,0.0,0.12024590020679432,False,0.0010285498785102738,1.0,0.8
3,2trh,98,channel_k32,225001,exact,False,0.9982456140350877,True,0.0,0.0,0.12035639084016186,False,0.0009344156778362768,1.0,1.0
3,2trh,98,channel_k32,225001,exact,True,0.9984962406015038,True,0.0,0.0,0.12035639084016186,False,0.0008876948939444629,1.0,1.0
3,2trh,98,channel_k32,225001,baseline,False,0.9982456140350877,True,0.0,0.0,0.12017244976247415,False,0.0008555307307835146,1.0,1.0
3,2trh,98,channel_k32,225001,baseline,True,0.9984962406015038,True,0.0,0.0,0.12017244976247415,False,0.0008127541942443389,1.0,1.0
3,2trh,98,channel_k32,225011,exact,False,0.9964912280701754,True,0.0,0.0,0.12046489773750274,False,0.0006925243330672769,1.0,1.0
3,2trh,98,channel_k32,225011,exact,True,0.9969924812030074,True,0.0,0.0,0.12046489773750274,False,0.0006578981164139131,1.0,0.8
3,2trh,98,channel_k32,225011,baseline,False,0.9982456140350877,True,0.0,0.0,0.12024590020679432,False,0.0006481725780146591,1.0,1.0
3,2trh,98,channel_k32,225011,baseline,True,0.9984962406015038,True,0.0,0.0,0.12024590020679432,False,0.0006157639491139261,1.0,0.8
3,2trh,98,channel_k64,225001,exact,False,1.0,True,0.0,0.0,0.12035639084016186,False,0.0002188303273729565,1.0,1.0
3,2trh,98,channel_k64,225001,exact,True,1.0,True,0.0,0.0,0.12035639084016186,False,0.00020788881100430867,1.0,1.0
3,2trh,98,channel_k64,225001,baseline,False,1.0,True,0.0,0.0,0.12017244976247415,False,0.00012617367239561422,1.0,1.0
3,2trh,98,channel_k64,225001,baseline,True,1.0,True,0.0,0.0,0.12017244976247415,False,0.00011986498877583351,1.0,1.0
3,2trh,98,channel_k64,225011,exact,False,0.9982456140350877,True,0.0,0.0,0.12046489773750274,False,0.0001925173688470438,1.0,1.0
3,2trh,98,channel_k64,225011,exact,True,0.9984962406015038,True,0.0,0.0,0.12046489773750274,False,0.0001828915004046916,1.0,1.0
3,2trh,98,channel_k64,225011,baseline,False,1.0,True,0.0,0.0,0.12024590020679432,False,0.00011806086286755981,1.0,1.0
3,2trh,98,channel_k64,225011,baseline,True,1.0,True,0.0,0.0,0.12024590020679432,False,0.00011215781972418182,1.0,1.0
3,2trh,98,channel_kfull,225001,exact,False,1.0,True,0.0,0.0,0.12035639084016186,False,0.00011858926156760026,1.0,1.0
3,2trh,98,channel_kfull,225001,exact,True,1.0,True,0.0,0.0,0.12035639084016186,False,0.00011265979848922025,1.0,1.0
3,2trh,98,channel_kfull,225001,baseline,False,1.0,True,0.0,0.0,0.12017244976247415,False,0.0,1.0,1.0
3,2trh,98,channel_kfull,225001,baseline,True,1.0,True,0.0,0.0,0.12017244976247415,False,0.0,1.0,1.0
3,2trh,98,channel_kfull,225011,exact,False,0.9982456140350877,True,0.0,0.0,0.12046489773750274,False,0.000161020771919727,1.0,1.0
3,2trh,98,channel_kfull,225011,exact,True,0.9984962406015038,True,0.0,0.0,0.12046489773750274,False,0.00015296973332374063,1.0,1.0
3,2trh,98,channel_kfull,225011,baseline,False,1.0,True,0.0,0.0,0.12024590020679432,False,0.0,1.0,1.0
3,2trh,98,channel_kfull,225011,baseline,True,1.0,True,0.0,0.0,0.12024590020679432,False,0.0,1.0,1.0
3,2trh,98,shared_k0,225001,exact,False,0.9824561403508772,True,0.0,0.0,0.12035639084016186,False,0.0016107645115182882,0.6666666666666666,1.0
3,2trh,98,shared_k0,225001,exact,True,0.9804511278195487,True,0.0,0.0,0.12035639084016186,False,0.0015302262859423737,0.6666666666666666,1.0
3,2trh,98,shared_k0,225001,baseline,False,0.9824561403508772,True,0.0,0.0,0.12017244976247415,False,0.001536593781519929,0.6666666666666666,1.0
3,2trh,98,shared_k0,225001,baseline,True,0.9804511278195487,True,0.0,0.0,0.12017244976247415,False,0.0014597640924439326,0.6666666666666666,1.0
3,2trh,98,shared_k0,225011,exact,False,0.987719298245614,True,0.0,0.0,0.12046489773750274,False,0.0041571259921022,1.0,1.0
3,2trh,98,shared_k0,225011,exact,True,0.9894736842105262,True,0.0,0.0,0.12046489773750274,False,0.00394926969249709,1.0,1.0
3,2trh,98,shared_k0,225011,baseline,False,0.9912280701754386,True,0.0,0.0,0.12024590020679432,False,0.004181169663160213,1.0,1.0
3,2trh,98,shared_k0,225011,baseline,True,0.9924812030075187,True,0.0,0.0,0.12024590020679432,False,0.003972111180002203,1.0,1.0
3,2trh,98,shared_k4,225001,exact,False,0.987719298245614,True,0.0,0.0,0.12035639084016186,False,0.002011070872311288,0.6666666666666666,1.0
3,2trh,98,shared_k4,225001,exact,True,0.9849624060150375,True,0.0,0.0,0.12035639084016186,False,0.0019105173286957239,0.6666666666666666,1.0
3,2trh,98,shared_k4,225001,baseline,False,0.987719298245614,True,0.0,0.0,0.12017244976247415,False,0.0019258348048020121,0.6666666666666666,1.0
3,2trh,98,shared_k4,225001,baseline,True,0.9849624060150375,True,0.0,0.0,0.12017244976247415,False,0.0018295430645619115,0.6666666666666666,1.0
3,2trh,98,shared_k4,225011,exact,False,0.9824561403508772,True,0.0,0.0,0.12046489773750274,False,0.0028835260269115858,0.6666666666666666,1.0
3,2trh,98,shared_k4,225011,exact,True,0.9849624060150375,True,0.0,0.0,0.12046489773750274,False,0.0027393497255660064,1.0,0.8
3,2trh,98,shared_k4,225011,baseline,False,0.9859649122807018,True,0.0,0.0,0.12024590020679432,False,0.002904098859598163,0.6666666666666666,1.0
3,2trh,98,shared_k4,225011,baseline,True,0.9879699248120299,True,0.0,0.0,0.12024590020679432,False,0.0027588939166182545,1.0,0.8
3,2trh,98,shared_k8,225001,exact,False,0.9912280701754386,True,0.0,0.0,0.12035639084016186,False,0.001549521722407185,0.6666666666666666,1.0
3,2trh,98,shared_k8,225001,exact,True,0.9879699248120299,True,0.0,0.0,0.12035639084016186,False,0.0014720456362868257,0.6666666666666666,1.0
3,2trh,98,shared_k8,225001,baseline,False,0.9912280701754386,True,0.0,0.0,0.12017244976247415,False,0.0014748713447383436,0.6666666666666666,1.0
3,2trh,98,shared_k8,225001,baseline,True,0.9879699248120299,True,0.0,0.0,0.12017244976247415,False,0.0014011277775014264,0.6666666666666666,1.0
3,2trh,98,shared_k8,225011,exact,False,0.9859649122807018,True,0.0,0.0,0.12046489773750274,False,0.0027546215609200162,0.6666666666666666,1.0
3,2trh,98,shared_k8,225011,exact,True,0.9879699248120299,True,0.0,0.0,0.12046489773750274,False,0.0026168904828740153,1.0,0.8
3,2trh,98,shared_k8,225011,baseline,False,0.987719298245614,True,0.0,0.0,0.12024590020679432,False,0.0027786652319780293,0.6666666666666666,1.0
3,2trh,98,shared_k8,225011,baseline,True,0.9894736842105262,True,0.0,0.0,0.12024590020679432,False,0.002639731970379128,1.0,0.8
3,2trh,98,shared_k16,225001,exact,False,0.980701754385965,True,0.0,0.0,0.12035639084016186,False,0.0013911252586784196,0.6666666666666666,1.0
3,2trh,98,shared_k16,225001,exact,True,0.9834586466165413,True,0.0,0.0,0.12035639084016186,False,0.0013215689957444988,0.6666666666666666,1.0
3,2trh,98,shared_k16,225001,baseline,False,0.980701754385965,True,0.0,0.0,0.12017244976247415,False,0.0013257366283073578,0.6666666666666666,1.0
3,2trh,98,shared_k16,225001,baseline,True,0.9834586466165413,True,0.0,0.0,0.12017244976247415,False,0.0012594497968919898,0.6666666666666666,1.0
3,2trh,98,shared_k16,225011,exact,False,0.9824561403508772,True,0.0,0.0,0.12046489773750274,False,0.003357720917039111,1.0,1.0
3,2trh,98,shared_k16,225011,exact,True,0.9849624060150375,True,0.0,0.0,0.12046489773750274,False,0.0031898348711871553,1.0,0.8
3,2trh,98,shared_k16,225011,baseline,False,0.9842105263157893,True,0.0,0.0,0.12024590020679432,False,0.003370087719649499,1.0,1.0
3,2trh,98,shared_k16,225011,baseline,True,0.9864661654135337,True,0.0,0.0,0.12024590020679432,False,0.003201583333667024,1.0,0.8
3,2trh,98,shared_k32,225001,exact,False,0.987719298245614,True,0.0,0.0,0.12035639084016186,False,0.0012791547794388923,1.0,0.8
3,2trh,98,shared_k32,225001,exact,True,0.9879699248120299,True,0.0,0.0,0.12035639084016186,False,0.0012151970404669476,1.0,1.0
3,2trh,98,shared_k32,225001,baseline,False,0.987719298245614,True,0.0,0.0,0.12017244976247415,False,0.001198711342484507,1.0,0.8
3,2trh,98,shared_k32,225001,baseline,True,0.9879699248120299,True,0.0,0.0,0.12017244976247415,False,0.0011387757753602817,1.0,1.0
3,2trh,98,shared_k32,225011,exact,False,0.9894736842105263,True,0.0,0.0,0.12046489773750274,False,0.0023633553467203275,1.0,1.0
3,2trh,98,shared_k32,225011,exact,True,0.9909774436090225,True,0.0,0.0,0.12046489773750274,False,0.0022451875793843114,1.0,0.8
3,2trh,98,shared_k32,225011,baseline,False,0.9912280701754386,True,0.0,0.0,0.12024590020679432,False,0.0023716856215634445,1.0,1.0
3,2trh,98,shared_k32,225011,baseline,True,0.9924812030075187,True,0.0,0.0,0.12024590020679432,False,0.0022531013404852723,1.0,0.8
3,2trh,98,shared_k64,225001,exact,False,0.9929824561403509,True,0.0,0.0,0.12035639084016186,False,0.0008589303954376743,1.0,1.0
3,2trh,98,shared_k64,225001,exact,True,0.993984962406015,True,0.0,0.0,0.12035639084016186,False,0.0008159838756657906,1.0,1.0
3,2trh,98,shared_k64,225001,baseline,False,0.9929824561403509,True,0.0,0.0,0.12017244976247415,False,0.0007735566717864333,1.0,1.0
3,2trh,98,shared_k64,225001,baseline,True,0.993984962406015,True,0.0,0.0,0.12017244976247415,False,0.0007348788381971117,1.0,1.0
3,2trh,98,shared_k64,225011,exact,False,0.9947368421052631,True,0.0,0.0,0.12046489773750274,False,0.0009735397947547239,1.0,1.0
3,2trh,98,shared_k64,225011,exact,True,0.9954887218045112,True,0.0,0.0,0.12046489773750274,False,0.0009248628050169877,1.0,0.8
3,2trh,98,shared_k64,225011,baseline,False,0.9964912280701754,True,0.0,0.0,0.12024590020679432,False,0.0009718745705299753,1.0,1.0
3,2trh,98,shared_k64,225011,baseline,True,0.9969924812030074,True,0.0,0.0,0.12024590020679432,False,0.0009232808420034766,1.0,0.8
3,2trh,98,shared_kfull,225001,exact,False,1.0,True,0.0,0.0,0.12035639084016186,False,0.00011858926156760026,1.0,1.0
3,2trh,98,shared_kfull,225001,exact,True,1.0,True,0.0,0.0,0.12035639084016186,False,0.00011265979848922025,1.0,1.0
3,2trh,98,shared_kfull,225001,baseline,False,1.0,True,0.0,0.0,0.12017244976247415,False,0.0,1.0,1.0
3,2trh,98,shared_kfull,225001,baseline,True,1.0,True,0.0,0.0,0.12017244976247415,False,0.0,1.0,1.0
3,2trh,98,shared_kfull,225011,exact,False,0.9982456140350877,True,0.0,0.0,0.12046489773750274,False,0.000161020771919727,1.0,1.0
3,2trh,98,shared_kfull,225011,exact,True,0.9984962406015038,True,0.0,0.0,0.12046489773750274,False,0.00015296973332374063,1.0,1.0
3,2trh,98,shared_kfull,225011,baseline,False,1.0,True,0.0,0.0,0.12024590020679432,False,0.0,1.0,1.0
3,2trh,98,shared_kfull,225011,baseline,True,1.0,True,0.0,0.0,0.12024590020679432,False,0.0,1.0,1.0
3,2trh,35,baseline,225001,exact,False,0.9982456140350877,True,0.0,0.0,0.0754570166959615,False,0.000290380951241769,1.0,1.0
3,2trh,35,baseline,225001,exact,True,0.9984962406015038,True,0.0,0.0,0.0754570166959615,False,0.00027586190367968053,1.0,1.0
3,2trh,35,baseline,225001,baseline,False,1.0,True,0.0,0.0,0.07541684744485577,False,0.0,1.0,1.0
3,2trh,35,baseline,225001,baseline,True,1.0,True,0.0,0.0,0.07541684744485577,False,0.0,1.0,1.0
3,2trh,35,baseline,225011,exact,False,0.9964912280701754,True,0.0,0.0,0.06482928252652104,False,0.00016309805897819554,0.6666666666666666,1.0
3,2trh,35,baseline,225011,exact,True,0.9969924812030074,True,0.0,0.0,0.06482928252652104,False,0.00015494315602928576,0.6666666666666666,1.0
3,2trh,35,baseline,225011,baseline,False,1.0,True,0.0,0.0,0.06488804928703201,False,0.0,1.0,1.0
3,2trh,35,baseline,225011,baseline,True,1.0,True,0.0,0.0,0.06488804928703201,False,0.0,1.0,1.0
3,2trh,35,channel_k0,225001,exact,False,0.9508771929824561,True,0.0,0.0,0.0754570166959615,False,0.00435080306319797,1.0,1.0
3,2trh,35,channel_k0,225001,exact,True,0.9473684210526315,True,0.0,0.0,0.0754570166959615,False,0.004133262910038071,1.0,1.0
3,2trh,35,channel_k0,225001,baseline,False,0.956140350877193,True,0.0,0.0,0.07541684744485577,False,0.00431397247675126,1.0,1.0
3,2trh,35,channel_k0,225001,baseline,True,0.9518796992481202,True,0.0,0.0,0.07541684744485577,False,0.0040982738529136975,1.0,1.0
3,2trh,35,channel_k0,225011,exact,False,0.9333333333333333,False,0.007218909601694745,0.11135260672893547,0.06482928252652104,False,0.0065451258753244064,0.6666666666666666,0.8
3,2trh,35,channel_k0,225011,exact,True,0.9157894736842105,False,0.007218909601694745,0.11135260672893547,0.06482928252652104,False,0.006217869581558186,0.3333333333333333,0.8
3,2trh,35,channel_k0,225011,baseline,False,0.9315789473684211,False,0.00745444943789958,0.1148817004025634,0.06488804928703201,False,0.006522810218998538,0.6666666666666666,0.8
3,2trh,35,channel_k0,225011,baseline,True,0.9157894736842105,False,0.00745444943789958,0.1148817004025634,0.06488804928703201,False,0.00619666970804861,0.6666666666666666,0.8
3,2trh,35,channel_k4,225001,exact,False,0.9842105263157893,True,0.0,0.0,0.0754570166959615,False,0.001957061349422707,1.0,1.0
3,2trh,35,channel_k4,225001,exact,True,0.9804511278195487,True,0.0,0.0,0.0754570166959615,False,0.0018592082819515715,1.0,1.0
3,2trh,35,channel_k4,225001,baseline,False,0.9859649122807018,True,0.0,0.0,0.07541684744485577,False,0.0018287277300195806,1.0,1.0
3,2trh,35,channel_k4,225001,baseline,True,0.9819548872180449,True,0.0,0.0,0.07541684744485577,False,0.0017372913435186016,1.0,1.0
3,2trh,35,channel_k4,225011,exact,False,0.9929824561403509,True,0.0,0.0,0.06482928252652104,False,0.0032686442027170582,0.6666666666666666,0.8
3,2trh,35,channel_k4,225011,exact,True,0.9774436090225563,True,0.0,0.0,0.06482928252652104,False,0.0031052119925812057,0.6666666666666666,0.8
3,2trh,35,channel_k4,225011,baseline,False,0.9929824561403509,True,0.0,0.0,0.06488804928703201,False,0.0031759452389682795,1.0,0.8
3,2trh,35,channel_k4,225011,baseline,True,0.9789473684210527,True,0.0,0.0,0.06488804928703201,False,0.0030171479770198656,1.0,0.8
3,2trh,35,channel_k8,225001,exact,False,0.987719298245614,True,0.0,0.0,0.0754570166959615,False,0.0012042276743156756,1.0,1.0
3,2trh,35,channel_k8,225001,exact,True,0.9849624060150375,True,0.0,0.0,0.0754570166959615,False,0.001144016290599892,1.0,1.0
3,2trh,35,channel_k8,225001,baseline,False,0.9894736842105263,True,0.0,0.0,0.07541684744485577,False,0.00109364227557785,1.0,1.0
3,2trh,35,channel_k8,225001,baseline,True,0.9864661654135337,True,0.0,0.0,0.07541684744485577,False,0.0010389601617989575,1.0,1.0
3,2trh,35,channel_k8,225011,exact,False,0.9929824561403509,True,0.0,0.0,0.06482928252652104,False,0.0016905280214640362,0.6666666666666666,0.8
3,2trh,35,channel_k8,225011,exact,True,0.9879699248120299,True,0.0,0.0,0.06482928252652104,False,0.0016060016203908345,0.6666666666666666,0.8
3,2trh,35,channel_k8,225011,baseline,False,0.9929824561403509,True,0.0,0.0,0.06488804928703201,False,0.001600178259917487,1.0,0.8
3,2trh,35,channel_k8,225011,baseline,True,0.9879699248120299,True,0.0,0.0,0.06488804928703201,False,0.0015201693469216126,1.0,0.8
3,2trh,35,channel_k16,225001,exact,False,0.9912280701754386,True,0.0,0.0,0.0754570166959615,False,0.0012995324752452593,1.0,1.0
3,2trh,35,channel_k16,225001,exact,True,0.9894736842105262,True,0.0,0.0,0.0754570166959615,False,0.0012345558514829963,1.0,1.0
3,2trh,35,channel_k16,225001,baseline,False,0.9947368421052631,True,0.0,0.0,0.07541684744485577,False,0.0011167569536449022,1.0,1.0
3,2trh,35,channel_k16,225001,baseline,True,0.993984962406015,True,0.0,0.0,0.07541684744485577,False,0.001060919105962657,1.0,1.0
3,2trh,35,channel_k16,225011,exact,False,0.9912280701754386,True,0.0,0.0,0.06482928252652104,False,0.0007266380505469863,0.6666666666666666,0.8
3,2trh,35,channel_k16,225011,exact,True,0.9924812030075187,True,0.0,0.0,0.06482928252652104,False,0.000690306148019637,0.6666666666666666,0.8
3,2trh,35,channel_k16,225011,baseline,False,0.9912280701754386,True,0.0,0.0,0.06488804928703201,False,0.0007095729562536293,1.0,0.8
3,2trh,35,channel_k16,225011,baseline,True,0.9924812030075187,True,0.0,0.0,0.06488804928703201,False,0.0006740943084409479,1.0,0.8
3,2trh,35,channel_k32,225001,exact,False,0.9912280701754386,True,0.0,0.0,0.0754570166959615,False,0.0007936254793906759,1.0,1.0
3,2trh,35,channel_k32,225001,exact,True,0.9924812030075187,True,0.0,0.0,0.0754570166959615,False,0.000753944205421142,1.0,1.0
3,2trh,35,channel_k32,225001,baseline,False,0.9947368421052631,True,0.0,0.0,0.07541684744485577,False,0.0005510025942203564,1.0,1.0
3,2trh,35,channel_k32,225001,baseline,True,0.9954887218045112,True,0.0,0.0,0.07541684744485577,False,0.0005234524645093385,1.0,1.0
3,2trh,35,channel_k32,225011,exact,False,0.9982456140350877,True,0.0,0.0,0.06482928252652104,False,0.00034852567391856145,0.6666666666666666,1.0
3,2trh,35,channel_k32,225011,exact,True,0.9984962406015038,True,0.0,0.0,0.06482928252652104,False,0.00033109939022263335,0.6666666666666666,1.0
3,2trh,35,channel_k32,225011,baseline,False,0.9982456140350877,True,0.0,0.0,0.06488804928703201,False,0.00030145491638784787,1.0,1.0
3,2trh,35,channel_k32,225011,baseline,True,0.9984962406015038,True,0.0,0.0,0.06488804928703201,False,0.0002863821705684555,1.0,1.0
3,2trh,35,channel_k64,225001,exact,False,0.9947368421052631,True,0.0,0.0,0.0754570166959615,False,0.00039133001953705,1.0,1.0
3,2trh,35,channel_k64,225001,exact,True,0.9954887218045112,True,0.0,0.0,0.0754570166959615,False,0.0003717635185601975,1.0,1.0
3,2trh,35,channel_k64,225001,baseline,False,0.9982456140350877,True,0.0,0.0,0.07541684744485577,False,0.00013530820697016388,1.0,1.0
3,2trh,35,channel_k64,225001,baseline,True,0.9984962406015038,True,0.0,0.0,0.07541684744485577,False,0.00012854279662165568,1.0,1.0
3,2trh,35,channel_k64,225011,exact,False,0.9964912280701754,True,0.0,0.0,0.06482928252652104,False,0.00018979229958043505,0.6666666666666666,1.0
3,2trh,35,channel_k64,225011,exact,True,0.9969924812030074,True,0.0,0.0,0.06482928252652104,False,0.0001803026846014133,0.6666666666666666,1.0
3,2trh,35,channel_k64,225011,baseline,False,1.0,True,0.0,0.0,0.06488804928703201,False,8.261244710713731e-05,1.0,1.0
3,2trh,35,channel_k64,225011,baseline,True,1.0,True,0.0,0.0,0.06488804928703201,False,7.848182475178044e-05,1.0,1.0
3,2trh,35,channel_kfull,225001,exact,False,0.9982456140350877,True,0.0,0.0,0.0754570166959615,False,0.000290380951241769,1.0,1.0
3,2trh,35,channel_kfull,225001,exact,True,0.9984962406015038,True,0.0,0.0,0.0754570166959615,False,0.00027586190367968053,1.0,1.0
3,2trh,35,channel_kfull,225001,baseline,False,1.0,True,0.0,0.0,0.07541684744485577,False,0.0,1.0,1.0
3,2trh,35,channel_kfull,225001,baseline,True,1.0,True,0.0,0.0,0.07541684744485577,False,0.0,1.0,1.0
3,2trh,35,channel_kfull,225011,exact,False,0.9964912280701754,True,0.0,0.0,0.06482928252652104,False,0.00016309805897819554,0.6666666666666666,1.0
3,2trh,35,channel_kfull,225011,exact,True,0.9969924812030074,True,0.0,0.0,0.06482928252652104,False,0.00015494315602928576,0.6666666666666666,1.0
3,2trh,35,channel_kfull,225011,baseline,False,1.0,True,0.0,0.0,0.06488804928703201,False,0.0,1.0,1.0
3,2trh,35,channel_kfull,225011,baseline,True,1.0,True,0.0,0.0,0.06488804928703201,False,0.0,1.0,1.0
3,2trh,35,shared_k0,225001,exact,False,0.9508771929824561,True,0.0,0.0,0.0754570166959615,False,0.00435080306319797,1.0,1.0
3,2trh,35,shared_k0,225001,exact,True,0.9473684210526315,True,0.0,0.0,0.0754570166959615,False,0.004133262910038071,1.0,1.0
3,2trh,35,shared_k0,225001,baseline,False,0.956140350877193,True,0.0,0.0,0.07541684744485577,False,0.00431397247675126,1.0,1.0
3,2trh,35,shared_k0,225001,baseline,True,0.9518796992481202,True,0.0,0.0,0.07541684744485577,False,0.0040982738529136975,1.0,1.0
3,2trh,35,shared_k0,225011,exact,False,0.9333333333333333,False,0.007218909601694745,0.11135260672893547,0.06482928252652104,False,0.0065451258753244064,0.6666666666666666,0.8
3,2trh,35,shared_k0,225011,exact,True,0.9157894736842105,False,0.007218909601694745,0.11135260672893547,0.06482928252652104,False,0.006217869581558186,0.3333333333333333,0.8
3,2trh,35,shared_k0,225011,baseline,False,0.9315789473684211,False,0.00745444943789958,0.1148817004025634,0.06488804928703201,False,0.006522810218998538,0.6666666666666666,0.8
3,2trh,35,shared_k0,225011,baseline,True,0.9157894736842105,False,0.00745444943789958,0.1148817004025634,0.06488804928703201,False,0.00619666970804861,0.6666666666666666,0.8
3,2trh,35,shared_k4,225001,exact,False,0.9245614035087718,True,0.0,0.0,0.0754570166959615,False,0.004143086433778362,1.0,0.8
3,2trh,35,shared_k4,225001,exact,True,0.918796992481203,True,0.0,0.0,0.0754570166959615,False,0.003935932112089443,1.0,0.8
3,2trh,35,shared_k4,225001,baseline,False,0.9298245614035087,True,0.0,0.0,0.07541684744485577,False,0.004007977993327068,1.0,0.8
3,2trh,35,shared_k4,225001,baseline,True,0.9233082706766916,True,0.0,0.0,0.07541684744485577,False,0.003807579093660715,1.0,0.8
3,2trh,35,shared_k4,225011,exact,False,0.9368421052631579,True,0.0,0.0,0.06482928252652104,False,0.005171753331674271,0.6666666666666666,0.8
3,2trh,35,shared_k4,225011,exact,True,0.9293233082706768,True,0.0,0.0,0.06482928252652104,False,0.004913165665090558,0.6666666666666666,0.8
3,2trh,35,shared_k4,225011,baseline,False,0.9368421052631579,True,0.0,0.0,0.06488804928703201,False,0.005142511007678678,1.0,0.8
3,2trh,35,shared_k4,225011,baseline,True,0.9308270676691727,True,0.0,0.0,0.06488804928703201,False,0.0048853854572947445,1.0,0.8
3,2trh,35,shared_k8,225001,exact,False,0.9701754385964911,True,0.0,0.0,0.0754570166959615,False,0.003670623913540233,1.0,1.0
3,2trh,35,shared_k8,225001,exact,True,0.9654135338345864,True,0.0,0.0,0.0754570166959615,False,0.003487092717863222,1.0,1.0
3,2trh,35,shared_k8,225001,baseline,False,0.9736842105263157,True,0.0,0.0,0.07541684744485577,False,0.0035814088168877266,1.0,1.0
3,2trh,35,shared_k8,225001,baseline,True,0.9684210526315788,True,0.0,0.0,0.07541684744485577,False,0.00340233837604334,1.0,1.0
3,2trh,35,shared_k8,225011,exact,False,0.9385964912280702,True,0.0,0.0,0.06482928252652104,False,0.00428335963353593,0.6666666666666666,0.8
3,2trh,35,shared_k8,225011,exact,True,0.9248120300751879,True,0.0,0.0,0.06482928252652104,False,0.004069191651859133,0.6666666666666666,0.6
3,2trh,35,shared_k8,225011,baseline,False,0.9403508771929823,True,0.0,0.0,0.06488804928703201,False,0.004232035854403185,1.0,0.8
3,2trh,35,shared_k8,225011,baseline,True,0.9263157894736842,True,0.0,0.0,0.06488804928703201,False,0.004020434061683026,0.6666666666666666,0.6
3,2trh,35,shared_k16,225001,exact,False,0.980701754385965,True,0.0,0.0,0.0754570166959615,False,0.0025379848554126956,1.0,1.0
3,2trh,35,shared_k16,225001,exact,True,0.9759398496240601,True,0.0,0.0,0.0754570166959615,False,0.002411085612642061,1.0,1.0
3,2trh,35,shared_k16,225001,baseline,False,0.9824561403508772,True,0.0,0.0,0.07541684744485577,False,0.0023725135910323343,1.0,1.0
3,2trh,35,shared_k16,225001,baseline,True,0.9774436090225563,True,0.0,0.0,0.07541684744485577,False,0.0022538879114807177,1.0,1.0
3,2trh,35,shared_k16,225011,exact,False,0.975438596491228,True,0.0,0.0,0.06482928252652104,False,0.0020502265536119575,0.6666666666666666,0.8
3,2trh,35,shared_k16,225011,exact,True,0.9699248120300751,True,0.0,0.0,0.06482928252652104,False,0.0019477152259313596,0.6666666666666666,0.8
3,2trh,35,shared_k16,225011,baseline,False,0.9771929824561404,True,0.0,0.0,0.06488804928703201,False,0.0019987668333807996,1.0,0.8
3,2trh,35,shared_k16,225011,baseline,True,0.9714285714285714,True,0.0,0.0,0.06488804928703201,False,0.0018988284917117598,1.0,0.8
3,2trh,35,shared_k32,225001,exact,False,0.9859649122807018,True,0.0,0.0,0.0754570166959615,False,0.0013669130920404531,1.0,1.0
3,2trh,35,shared_k32,225001,exact,True,0.9849624060150375,True,0.0,0.0,0.0754570166959615,False,0.0012985674374384304,1.0,1.0
3,2trh,35,shared_k32,225001,baseline,False,0.9912280701754386,True,0.0,0.0,0.07541684744485577,False,0.00117502917365003,1.0,1.0
3,2trh,35,shared_k32,225001,baseline,True,0.9909774436090225,True,0.0,0.0,0.07541684744485577,False,0.0011162777149675285,1.0,1.0
3,2trh,35,shared_k32,225011,exact,False,0.9912280701754386,True,0.0,0.0,0.06482928252652104,False,0.0008323789569978806,0.6666666666666666,0.8
3,2trh,35,shared_k32,225011,exact,True,0.9879699248120299,True,0.0,0.0,0.06482928252652104,False,0.0007907600091479866,0.6666666666666666,0.8
3,2trh,35,shared_k32,225011,baseline,False,0.9912280701754386,True,0.0,0.0,0.06488804928703201,False,0.0007568055196692879,1.0,0.8
3,2trh,35,shared_k32,225011,baseline,True,0.9879699248120299,True,0.0,0.0,0.06488804928703201,False,0.0007189652436858235,1.0,0.8
3,2trh,35,shared_k64,225001,exact,False,0.9929824561403509,True,0.0,0.0,0.0754570166959615,False,0.000555914243845192,1.0,1.0
3,2trh,35,shared_k64,225001,exact,True,0.993984962406015,True,0.0,0.0,0.0754570166959615,False,0.0005281185316529325,1.0,1.0
3,2trh,35,shared_k64,225001,baseline,False,0.9964912280701754,True,0.0,0.0,0.07541684744485577,False,0.000423062237339958,1.0,1.0
3,2trh,35,shared_k64,225001,baseline,True,0.9969924812030074,True,0.0,0.0,0.07541684744485577,False,0.0004019091254729601,1.0,1.0
3,2trh,35,shared_k64,225011,exact,False,0.9929824561403509,True,0.0,0.0,0.06482928252652104,False,0.000598347817241376,0.6666666666666666,0.8
3,2trh,35,shared_k64,225011,exact,True,0.993984962406015,True,0.0,0.0,0.06482928252652104,False,0.0005684304263793072,0.6666666666666666,0.8
3,2trh,35,shared_k64,225011,baseline,False,0.9929824561403509,True,0.0,0.0,0.06488804928703201,False,0.0004691448710727113,1.0,0.8
3,2trh,35,shared_k64,225011,baseline,True,0.993984962406015,True,0.0,0.0,0.06488804928703201,False,0.00044568762751907577,1.0,0.8
3,2trh,35,shared_kfull,225001,exact,False,0.9982456140350877,True,0.0,0.0,0.0754570166959615,False,0.000290380951241769,1.0,1.0
3,2trh,35,shared_kfull,225001,exact,True,0.9984962406015038,True,0.0,0.0,0.0754570166959615,False,0.00027586190367968053,1.0,1.0
3,2trh,35,shared_kfull,225001,baseline,False,1.0,True,0.0,0.0,0.07541684744485577,False,0.0,1.0,1.0
3,2trh,35,shared_kfull,225001,baseline,True,1.0,True,0.0,0.0,0.07541684744485577,False,0.0,1.0,1.0
3,2trh,35,shared_kfull,225011,exact,False,0.9964912280701754,True,0.0,0.0,0.06482928252652104,False,0.00016309805897819554,0.6666666666666666,1.0
3,2trh,35,shared_kfull,225011,exact,True,0.9969924812030074,True,0.0,0.0,0.06482928252652104,False,0.00015494315602928576,0.6666666666666666,1.0
3,2trh,35,shared_kfull,225011,baseline,False,1.0,True,0.0,0.0,0.06488804928703201,False,0.0,1.0,1.0
3,2trh,35,shared_kfull,225011,baseline,True,1.0,True,0.0,0.0,0.06488804928703201,False,0.0,1.0,1.0
3,2trh,117,baseline,225001,exact,False,0.9964912280701754,True,0.0,0.0,0.08332000997097228,False,0.00017259438722124005,1.0,1.0
3,2trh,117,baseline,225001,exact,True,0.9969924812030074,True,0.0,0.0,0.08332000997097228,False,0.00016396466786017805,1.0,1.0
3,2trh,117,baseline,225001,baseline,False,1.0,True,0.0,0.0,0.08380309348018072,False,0.0,1.0,1.0
3,2trh,117,baseline,225001,baseline,True,1.0,True,0.0,0.0,0.08380309348018072,False,0.0,1.0,1.0
3,2trh,117,baseline,225011,exact,False,1.0,True,0.0,0.0,0.06924638741151085,False,0.00016750757771133733,1.0,1.0
3,2trh,117,baseline,225011,exact,True,1.0,True,0.0,0.0,0.06924638741151085,False,0.00015913219882577044,1.0,1.0
3,2trh,117,baseline,225011,baseline,False,1.0,True,0.0,0.0,0.06973050958954546,False,0.0,1.0,1.0
3,2trh,117,baseline,225011,baseline,True,1.0,True,0.0,0.0,0.06973050958954546,False,0.0,1.0,1.0
3,2trh,117,channel_k0,225001,exact,False,0.7140350877192982,True,0.0,0.0,0.08332000997097228,False,0.010234478875613235,0.3333333333333333,0.6
3,2trh,117,channel_k0,225001,exact,True,0.7368421052631579,True,0.0,0.0,0.08332000997097228,False,0.009722754931832573,0.3333333333333333,0.4
3,2trh,117,channel_k0,225001,baseline,False,0.6964912280701754,True,0.0,0.0,0.08380309348018072,False,0.010246259931580536,0.3333333333333333,0.6
3,2trh,117,channel_k0,225001,baseline,True,0.7218045112781954,True,0.0,0.0,0.08380309348018072,False,0.009733946935001509,0.3333333333333333,0.4
3,2trh,117,channel_k0,225011,exact,False,0.4736842105263158,True,0.0,0.0,0.06924638741151085,False,0.010930001770367723,0.3333333333333333,0.6
3,2trh,117,channel_k0,225011,exact,True,0.5323308270676691,True,0.0,0.0,0.06924638741151085,False,0.010383501681849336,0.3333333333333333,0.4
3,2trh,117,channel_k0,225011,baseline,False,0.4736842105263158,True,0.0,0.0,0.06973050958954546,False,0.010917303399604032,0.3333333333333333,0.6
3,2trh,117,channel_k0,225011,baseline,True,0.5323308270676691,True,0.0,0.0,0.06973050958954546,False,0.01037143822962383,0.3333333333333333,0.4
3,2trh,117,channel_k4,225001,exact,False,0.8771929824561402,True,0.0,0.0,0.08332000997097228,False,0.005369305933880882,0.3333333333333333,0.8
3,2trh,117,channel_k4,225001,exact,True,0.8947368421052632,True,0.0,0.0,0.08332000997097228,False,0.005100840637186838,0.6666666666666666,0.6
3,2trh,117,channel_k4,225001,baseline,False,0.8684210526315789,True,0.0,0.0,0.08380309348018072,False,0.005381086989848183,0.3333333333333333,0.8
3,2trh,117,channel_k4,225001,baseline,True,0.8872180451127819,True,0.0,0.0,0.08380309348018072,False,0.0051120326403557735,0.6666666666666666,0.6
3,2trh,117,channel_k4,225011,exact,False,0.8508771929824561,True,0.0,0.0,0.06924638741151085,False,0.0065862850016365345,0.3333333333333333,0.6
3,2trh,117,channel_k4,225011,exact,True,0.8661654135338346,True,0.0,0.0,0.06924638741151085,False,0.006256970751554708,0.6666666666666666,0.4
3,2trh,117,channel_k4,225011,baseline,False,0.8508771929824561,True,0.0,0.0,0.06973050958954546,False,0.006573586630872845,0.3333333333333333,0.6
3,2trh,117,channel_k4,225011,baseline,True,0.8661654135338346,True,0.0,0.0,0.06973050958954546,False,0.006244907299329203,0.6666666666666666,0.4
3,2trh,117,channel_k8,225001,exact,False,0.9526315789473684,True,0.0,0.0,0.08332000997097228,False,0.0031884001697077514,0.6666666666666666,1.0
3,2trh,117,channel_k8,225001,exact,True,0.9593984962406013,True,0.0,0.0,0.08332000997097228,False,0.0030289801612223637,0.6666666666666666,0.8
3,2trh,117,channel_k8,225001,baseline,False,0.9473684210526316,True,0.0,0.0,0.08380309348018072,False,0.0031539959775323183,0.6666666666666666,1.0
3,2trh,117,channel_k8,225001,baseline,True,0.9548872180451128,True,0.0,0.0,0.08380309348018072,False,0.0029962961786557025,0.6666666666666666,0.8
3,2trh,117,channel_k8,225011,exact,False,0.9245614035087718,True,0.0,0.0,0.06924638741151085,False,0.004067467251961998,0.3333333333333333,0.8
3,2trh,117,channel_k8,225011,exact,True,0.9353383458646616,True,0.0,0.0,0.06924638741151085,False,0.0038640938893638984,0.6666666666666666,0.6
3,2trh,117,channel_k8,225011,baseline,False,0.9245614035087718,True,0.0,0.0,0.06973050958954546,False,0.004041466439445433,0.3333333333333333,0.8
3,2trh,117,channel_k8,225011,baseline,True,0.9353383458646616,True,0.0,0.0,0.06973050958954546,False,0.003839393117473161,0.6666666666666666,0.6
3,2trh,117,channel_k16,225001,exact,False,0.9719298245614034,True,0.0,0.0,0.08332000997097228,False,0.0013845453806985723,0.6666666666666666,0.8
3,2trh,117,channel_k16,225001,exact,True,0.9759398496240601,True,0.0,0.0,0.08332000997097228,False,0.0013153181116636436,0.6666666666666666,0.8
3,2trh,117,channel_k16,225001,baseline,False,0.9771929824561404,True,0.0,0.0,0.08380309348018072,False,0.0013335698529981393,0.6666666666666666,0.8
3,2trh,117,channel_k16,225001,baseline,True,0.9804511278195487,True,0.0,0.0,0.08380309348018072,False,0.0012668913603482324,0.6666666666666666,0.8
3,2trh,117,channel_k16,225011,exact,False,0.9701754385964911,True,0.0,0.0,0.06924638741151085,False,0.002313575251397053,1.0,1.0
3,2trh,117,channel_k16,225011,exact,True,0.9744360902255638,True,0.0,0.0,0.06924638741151085,False,0.0021978964888272,0.6666666666666666,0.8
3,2trh,117,channel_k16,225011,baseline,False,0.9701754385964911,True,0.0,0.0,0.06973050958954546,False,0.0023147398447940664,1.0,1.0
3,2trh,117,channel_k16,225011,baseline,True,0.9744360902255638,True,0.0,0.0,0.06973050958954546,False,0.0021990028525543633,0.6666666666666666,0.8
3,2trh,117,channel_k32,225001,exact,False,0.9842105263157893,True,0.0,0.0,0.08332000997097228,False,0.0007098294004531015,1.0,0.8
3,2trh,117,channel_k32,225001,exact,True,0.9864661654135337,True,0.0,0.0,0.08332000997097228,False,0.0006743379304304465,1.0,1.0
3,2trh,117,channel_k32,225001,baseline,False,0.9894736842105263,True,0.0,0.0,0.08380309348018072,False,0.0006583617301830769,1.0,0.8
3,2trh,117,channel_k32,225001,baseline,True,0.9909774436090225,True,0.0,0.0,0.08380309348018072,False,0.000625443643673923,1.0,1.0
3,2trh,117,channel_k32,225011,exact,False,0.9982456140350877,True,0.0,0.0,0.06924638741151085,False,0.0006523259812044017,1.0,1.0
3,2trh,117,channel_k32,225011,exact,True,0.9984962406015038,True,0.0,0.0,0.06924638741151085,False,0.0006197096821441816,1.0,1.0
3,2trh,117,channel_k32,225011,baseline,False,0.9982456140350877,True,0.0,0.0,0.06973050958954546,False,0.0006772961535553407,1.0,1.0
3,2trh,117,channel_k32,225011,baseline,True,0.9984962406015038,True,0.0,0.0,0.06973050958954546,False,0.0006434313458775736,1.0,1.0
3,2trh,117,channel_k64,225001,exact,False,0.9929824561403509,True,0.0,0.0,0.08332000997097228,False,0.00023779541243098382,1.0,1.0
3,2trh,117,channel_k64,225001,exact,True,0.993984962406015,True,0.0,0.0,0.08332000997097228,False,0.00022590564180943463,1.0,1.0
3,2trh,117,channel_k64,225001,baseline,False,0.9982456140350877,True,0.0,0.0,0.08380309348018072,False,0.00016453279465941222,1.0,1.0
3,2trh,117,channel_k64,225001,baseline,True,0.9984962406015038,True,0.0,0.0,0.08380309348018072,False,0.00015630615492644162,1.0,1.0
3,2trh,117,channel_k64,225011,exact,False,1.0,True,0.0,0.0,0.06924638741151085,False,0.0002515937039593852,1.0,1.0
3,2trh,117,channel_k64,225011,exact,True,1.0,True,0.0,0.0,0.06924638741151085,False,0.00023901401876141594,1.0,1.0
3,2trh,117,channel_k64,225011,baseline,False,1.0,True,0.0,0.0,0.06973050958954546,False,0.00015934216030371858,1.0,1.0
3,2trh,117,channel_k64,225011,baseline,True,1.0,True,0.0,0.0,0.06973050958954546,False,0.00015137505228853264,1.0,1.0
3,2trh,117,channel_kfull,225001,exact,False,0.9964912280701754,True,0.0,0.0,0.08332000997097228,False,0.00017259438722124005,1.0,1.0
3,2trh,117,channel_kfull,225001,exact,True,0.9969924812030074,True,0.0,0.0,0.08332000997097228,False,0.00016396466786017805,1.0,1.0
3,2trh,117,channel_kfull,225001,baseline,False,1.0,True,0.0,0.0,0.08380309348018072,False,0.0,1.0,1.0
3,2trh,117,channel_kfull,225001,baseline,True,1.0,True,0.0,0.0,0.08380309348018072,False,0.0,1.0,1.0
3,2trh,117,channel_kfull,225011,exact,False,1.0,True,0.0,0.0,0.06924638741151085,False,0.00016750757771133733,1.0,1.0
3,2trh,117,channel_kfull,225011,exact,True,1.0,True,0.0,0.0,0.06924638741151085,False,0.00015913219882577044,1.0,1.0
3,2trh,117,channel_kfull,225011,baseline,False,1.0,True,0.0,0.0,0.06973050958954546,False,0.0,1.0,1.0
3,2trh,117,channel_kfull,225011,baseline,True,1.0,True,0.0,0.0,0.06973050958954546,False,0.0,1.0,1.0
3,2trh,117,shared_k0,225001,exact,False,0.7140350877192982,True,0.0,0.0,0.08332000997097228,False,0.010234478875613235,0.3333333333333333,0.6
3,2trh,117,shared_k0,225001,exact,True,0.7368421052631579,True,0.0,0.0,0.08332000997097228,False,0.009722754931832573,0.3333333333333333,0.4
3,2trh,117,shared_k0,225001,baseline,False,0.6964912280701754,True,0.0,0.0,0.08380309348018072,False,0.010246259931580536,0.3333333333333333,0.6
3,2trh,117,shared_k0,225001,baseline,True,0.7218045112781954,True,0.0,0.0,0.08380309348018072,False,0.009733946935001509,0.3333333333333333,0.4
3,2trh,117,shared_k0,225011,exact,False,0.4736842105263158,True,0.0,0.0,0.06924638741151085,False,0.010930001770367723,0.3333333333333333,0.6
3,2trh,117,shared_k0,225011,exact,True,0.5323308270676691,True,0.0,0.0,0.06924638741151085,False,0.010383501681849336,0.3333333333333333,0.4
3,2trh,117,shared_k0,225011,baseline,False,0.4736842105263158,True,0.0,0.0,0.06973050958954546,False,0.010917303399604032,0.3333333333333333,0.6
3,2trh,117,shared_k0,225011,baseline,True,0.5323308270676691,True,0.0,0.0,0.06973050958954546,False,0.01037143822962383,0.3333333333333333,0.4
3,2trh,117,shared_k4,225001,exact,False,0.7035087719298245,True,0.0,0.0,0.08332000997097228,False,0.008529635231849122,0.3333333333333333,0.6
3,2trh,117,shared_k4,225001,exact,True,0.7278195488721804,True,0.0,0.0,0.08332000997097228,False,0.008103153470256665,0.3333333333333333,0.6
3,2trh,117,shared_k4,225001,baseline,False,0.6789473684210526,True,0.0,0.0,0.08380309348018072,False,0.008541416287816423,0.3333333333333333,0.6
3,2trh,117,shared_k4,225001,baseline,True,0.706766917293233,True,0.0,0.0,0.08380309348018072,False,0.008114345473425603,0.3333333333333333,0.6
3,2trh,117,shared_k4,225011,exact,False,0.6824561403508772,True,0.0,0.0,0.06924638741151085,False,0.00952614398140751,0.3333333333333333,0.6
3,2trh,117,shared_k4,225011,exact,True,0.7112781954887217,True,0.0,0.0,0.06924638741151085,False,0.009049836782337135,0.3333333333333333,0.6
3,2trh,117,shared_k4,225011,baseline,False,0.6824561403508772,True,0.0,0.0,0.06973050958954546,False,0.009513445610643819,0.3333333333333333,0.6
3,2trh,117,shared_k4,225011,baseline,True,0.7112781954887217,True,0.0,0.0,0.06973050958954546,False,0.009037773330111628,0.3333333333333333,0.6
3,2trh,117,shared_k8,225001,exact,False,0.8070175438596491,True,0.0,0.0,0.08332000997097228,False,0.007574489542417742,0.3333333333333333,0.8
3,2trh,117,shared_k8,225001,exact,True,0.8285714285714285,True,0.0,0.0,0.08332000997097228,False,0.007195765065296855,0.6666666666666666,0.6
3,2trh,117,shared_k8,225001,baseline,False,0.7894736842105263,True,0.0,0.0,0.08380309348018072,False,0.007586270598385044,0.3333333333333333,0.8
3,2trh,117,shared_k8,225001,baseline,True,0.813533834586466,True,0.0,0.0,0.08380309348018072,False,0.007206957068465791,0.6666666666666666,0.6
3,2trh,117,shared_k8,225011,exact,False,0.7824561403508771,True,0.0,0.0,0.06924638741151085,False,0.008366877978005205,0.3333333333333333,0.6
3,2trh,117,shared_k8,225011,exact,True,0.7969924812030074,True,0.0,0.0,0.06924638741151085,False,0.007948534079104943,0.3333333333333333,0.6
3,2trh,117,shared_k8,225011,baseline,False,0.7824561403508771,True,0.0,0.0,0.06973050958954546,False,0.008354179607241514,0.3333333333333333,0.6
3,2trh,117,shared_k8,225011,baseline,True,0.7969924812030074,True,0.0,0.0,0.06973050958954546,False,0.007936470626879438,0.3333333333333333,0.6
3,2trh,117,shared_k16,225001,exact,False,0.8649122807017543,True,0.0,0.0,0.08332000997097228,False,0.0047644737108551525,0.3333333333333333,0.6
3,2trh,117,shared_k16,225001,exact,True,0.8842105263157894,True,0.0,0.0,0.08332000997097228,False,0.004526250025312395,0.6666666666666666,0.6
3,2trh,117,shared_k16,225001,baseline,False,0.8526315789473684,True,0.0,0.0,0.08380309348018072,False,0.004764545014239478,0.3333333333333333,0.6
3,2trh,117,shared_k16,225001,baseline,True,0.8736842105263156,True,0.0,0.0,0.08380309348018072,False,0.004526317763527504,0.6666666666666666,0.6
3,2trh,117,shared_k16,225011,exact,False,0.8543859649122807,True,0.0,0.0,0.06924638741151085,False,0.006045050028380484,0.3333333333333333,0.6
3,2trh,117,shared_k16,225011,exact,True,0.8691729323308269,True,0.0,0.0,0.06924638741151085,False,0.00574279752696146,0.6666666666666666,0.4
3,2trh,117,shared_k16,225011,baseline,False,0.8543859649122807,True,0.0,0.0,0.06973050958954546,False,0.006042820653062685,0.3333333333333333,0.6
3,2trh,117,shared_k16,225011,baseline,True,0.8691729323308269,True,0.0,0.0,0.06973050958954546,False,0.00574067962040955,0.6666666666666666,0.4
3,2trh,117,shared_k32,225001,exact,False,0.9508771929824561,True,0.0,0.0,0.08332000997097228,False,0.0020553250603493013,0.6666666666666666,0.8
3,2trh,117,shared_k32,225001,exact,True,0.9578947368421054,True,0.0,0.0,0.08332000997097228,False,0.0019525588073318362,0.6666666666666666,0.6
3,2trh,117,shared_k32,225001,baseline,False,0.956140350877193,True,0.0,0.0,0.08380309348018072,False,0.002022741762102805,0.6666666666666666,0.8
3,2trh,117,shared_k32,225001,baseline,True,0.9624060150375938,True,0.0,0.0,0.08380309348018072,False,0.001921604673997665,0.6666666666666666,0.6
3,2trh,117,shared_k32,225011,exact,False,0.943859649122807,True,0.0,0.0,0.06924638741151085,False,0.0036779843569201276,0.6666666666666666,0.8
3,2trh,117,shared_k32,225011,exact,True,0.9518796992481202,True,0.0,0.0,0.06924638741151085,False,0.003494085139074121,0.6666666666666666,0.6
3,2trh,117,shared_k32,225011,baseline,False,0.943859649122807,True,0.0,0.0,0.06973050958954546,False,0.003664158865023099,0.6666666666666666,0.8
3,2trh,117,shared_k32,225011,baseline,True,0.9518796992481202,True,0.0,0.0,0.06973050958954546,False,0.0034809509217719444,0.6666666666666666,0.6
3,2trh,117,shared_k64,225001,exact,False,0.9771929824561404,True,0.0,0.0,0.08332000997097228,False,0.0009300222495114886,1.0,0.8
3,2trh,117,shared_k64,225001,exact,True,0.9804511278195487,True,0.0,0.0,0.08332000997097228,False,0.0008835211370359142,0.6666666666666666,0.8
3,2trh,117,shared_k64,225001,baseline,False,0.9824561403508772,True,0.0,0.0,0.08380309348018072,False,0.0008451016225163865,1.0,0.8
3,2trh,117,shared_k64,225001,baseline,True,0.9849624060150375,True,0.0,0.0,0.08380309348018072,False,0.0008028465413905672,0.6666666666666666,0.8
3,2trh,117,shared_k64,225011,exact,False,0.9947368421052631,True,0.0,0.0,0.06924638741151085,False,0.0008268902762266889,1.0,1.0
3,2trh,117,shared_k64,225011,exact,True,0.9954887218045112,True,0.0,0.0,0.06924638741151085,False,0.0007855457624153545,1.0,0.8
3,2trh,117,shared_k64,225011,baseline,False,0.9947368421052631,True,0.0,0.0,0.06973050958954546,False,0.0008538460669612963,1.0,1.0
3,2trh,117,shared_k64,225011,baseline,True,0.9954887218045112,True,0.0,0.0,0.06973050958954546,False,0.0008111537636132316,1.0,0.8
3,2trh,117,shared_kfull,225001,exact,False,0.9964912280701754,True,0.0,0.0,0.08332000997097228,False,0.00017259438722124005,1.0,1.0
3,2trh,117,shared_kfull,225001,exact,True,0.9969924812030074,True,0.0,0.0,0.08332000997097228,False,0.00016396466786017805,1.0,1.0
3,2trh,117,shared_kfull,225001,baseline,False,1.0,True,0.0,0.0,0.08380309348018072,False,0.0,1.0,1.0
3,2trh,117,shared_kfull,225001,baseline,True,1.0,True,0.0,0.0,0.08380309348018072,False,0.0,1.0,1.0
3,2trh,117,shared_kfull,225011,exact,False,1.0,True,0.0,0.0,0.06924638741151085,False,0.00016750757771133733,1.0,1.0
3,2trh,117,shared_kfull,225011,exact,True,1.0,True,0.0,0.0,0.06924638741151085,False,0.00015913219882577044,1.0,1.0
3,2trh,117,shared_kfull,225011,baseline,False,1.0,True,0.0,0.0,0.06973050958954546,False,0.0,1.0,1.0
3,2trh,117,shared_kfull,225011,baseline,True,1.0,True,0.0,0.0,0.06973050958954546,False,0.0,1.0,1.0
