arm,aa,noise,is_wt,task,geometry_severe_pairs,geometry_checked_chirality_wrong,geometry_checked_centres,geometry_max_penetration,geometry_zero_severe_strict_checked_chirality,fidelity_all_atom_lddt,fidelity_ca_lddt,fidelity_ca_aligned_rmsd,fidelity_local_ca_rmsd_global_frame,fidelity_ca_pair_distance_rmse,fidelity_contact_disagreement,fidelity_contact_jaccard,fidelity_distance_bin_disagreement,compression_fidelity_all_atom_lddt,compression_fidelity_ca_lddt,compression_fidelity_ca_aligned_rmsd,compression_fidelity_local_ca_rmsd_global_frame,compression_fidelity_ca_pair_distance_rmse,compression_fidelity_contact_disagreement,compression_fidelity_contact_jaccard,compression_fidelity_distance_bin_disagreement
exact,A,230201,False,1.8178091698911263,0,0,93,1.4254510473027406,True,1.0,1.0,7.836139072568923e-15,7.959961944372302e-15,0.0,0.0,1.0,0.0,1.0,1.0,0.0019942602756758605,0.0014591765962066847,0.0017110385051981626,0.0,1.0,0.00030111412225233364
baseline,A,230201,False,1.817800490161219,0,0,93,1.4308383866897962,True,1.0,1.0,0.00199426027567639,0.0014591765962083233,0.0017110385051981626,0.0,1.0,0.00030111412225233364,1.0,1.0,7.833692201595097e-15,6.651638976232682e-15,0.0,0.0,1.0,0.0
wt_z,A,230201,False,1.7624256827136173,0,0,93,1.300315753734243,True,0.9485857780866249,0.9592187842248279,0.5282152116108932,0.49443495796287207,0.4008508802302327,0.0036133694670280035,0.9428571428571428,0.10538994278831677,0.948556415067773,0.9593482430596441,0.5285283583523211,0.4948128576012479,0.4010119570132096,0.0036133694670280035,0.9428571428571428,0.10508882866606443
oracle_r32,A,230201,False,1.81722460983412,0,0,93,1.4977491900524647,True,1.0,1.0,0.02918986538647822,0.02608489545394816,0.02294754765319176,0.00030111412225233364,0.9951690821256038,0.005118940078289671,1.0,1.0,0.028939704404752985,0.026159544479057942,0.022534029761057037,0.00030111412225233364,0.9951690821256038,0.005420054200542005
single_free_hidden_raw_s231301,A,230201,False,1.8027732495254043,0,0,93,1.5447726255198706,True,1.0,1.0,0.08358141432639227,0.059242065670924944,0.05752935744895956,0.00030111412225233364,0.9951690821256038,0.015055706112616682,1.0,1.0,0.08388794382677184,0.05946196756854636,0.0576261121710421,0.00030111412225233364,0.9951690821256038,0.014754591990364349
single_free_hidden_raw_s231303,A,230201,False,1.8027087808467495,0,0,93,1.5711693097954242,True,1.0,1.0,0.07479937945923969,0.0520674931616184,0.05207504334069391,0.0009033423667570009,0.9856459330143541,0.012947907256850346,1.0,1.0,0.0751578717872061,0.052325577605008736,0.052152210505121956,0.0009033423667570009,0.9856459330143541,0.012646793134598013
single_free_hidden_r32_s231301,A,230201,False,1.8065413307563898,0,0,93,1.607760883256379,True,0.9999973632173171,1.0,0.08367269481982731,0.0621412881375481,0.05693568943296772,0.0012044564890093346,0.9809523809523809,0.01415236374585968,1.0,1.0,0.08389584473399683,0.062292002745764685,0.05688268386318226,0.0012044564890093346,0.9809523809523809,0.013851249623607348
single_free_hidden_r32_s231303,A,230201,False,1.8033120242333287,0,0,93,1.6503034322397774,True,0.9999203342190705,1.0,0.08011465042968527,0.0639789860091556,0.057350096161929535,0.0006022282445046673,0.9903846153846154,0.015657934357121348,0.9999272596067413,1.0,0.08030756556101837,0.06406626817181568,0.05722927073589354,0.0006022282445046673,0.9903846153846154,0.015356820234869015
single_pair_raw_s231301,A,230201,False,1.791167029272716,0,0,93,1.3094487095970722,True,0.998584445523726,1.0,0.15890030386079898,0.11939661892344704,0.11665720451505682,0.0012044564890093346,0.9808612440191388,0.031315868714242696,0.9985669578273307,1.0,0.15950041334098508,0.11977041646591134,0.11707813429657345,0.0012044564890093346,0.9808612440191388,0.031014754591990365
single_pair_raw_s231303,A,230201,False,1.8088752204236105,0,0,93,1.5959803519841145,True,0.9989190491304577,1.0,0.13377432039786452,0.10436728498278634,0.09269755353713281,0.0015055706112616681,0.9761904761904762,0.025293586269196026,0.99895213239148,1.0,0.13418190172507363,0.10477953467546622,0.09287894069824267,0.0015055706112616681,0.9761904761904762,0.02499247214694369
single_pair_r32_s231301,A,230201,False,1.8020693316521257,0,0,93,1.6386435957073031,True,0.9983381235740879,1.0,0.14670738857773458,0.12553101067003183,0.10428063086183359,0.0009033423667570009,0.9856459330143541,0.028906955736224028,0.9983275647064404,1.0,0.14738865295402903,0.1257698036310248,0.10481457101427832,0.0009033423667570009,0.9856459330143541,0.028605841613971696
single_pair_r32_s231303,A,230201,False,1.8008538703658787,0,0,93,1.5347002577806126,True,0.9995025770421286,1.0,0.1276329354218757,0.1101433110765527,0.09066646513913715,0.0015055706112616681,0.9761904761904762,0.025594700391448358,0.9994975201898945,1.0,0.12823115629402693,0.11052188155771679,0.0911014943247809,0.0015055706112616681,0.9761904761904762,0.025293586269196026
single_channel_raw_s231301,A,230201,False,1.779356153405125,0,0,93,1.3754361562797999,True,0.9866773427759729,0.9939363430109499,0.29047810124396184,0.2327078259486477,0.21243978210019165,0.002408912978018669,0.9619047619047619,0.05600722673893405,0.986580752814921,0.9937678346187573,0.2908934537634515,0.2330439291218535,0.21267528555822277,0.002408912978018669,0.9619047619047619,0.05570611261668172
single_channel_raw_s231303,A,230201,False,1.776189859590967,0,0,93,1.2436193711558383,True,0.984123253755552,0.9936668716106494,0.2945301940200936,0.2376467924186926,0.21489923256107699,0.0027100271002710027,0.957345971563981,0.05721168322794339,0.9840030022380277,0.9936668716106494,0.2949908613676968,0.23797344156116426,0.21519151673466094,0.0027100271002710027,0.957345971563981,0.056910569105691054
single_channel_r32_s231301,A,230201,False,1.7782050126454882,0,0,93,1.361005749501444,True,0.9887493537629112,0.9956400363579011,0.2866047045715926,0.213440143429672,0.2052382308410526,0.0018066847335140017,0.9714285714285714,0.051791629027401385,0.988676936056219,0.9956400363579011,0.28702984717456675,0.21387743386030833,0.20550258601009674,0.0018066847335140017,0.9714285714285714,0.051490514905149054
single_channel_r32_s231303,A,230201,False,1.7789112767238437,0,0,93,1.35559581999693,True,0.9738862013556169,0.9841993819979432,0.35746959824191327,0.2738051147549157,0.2632125072258534,0.0021077988557663355,0.9666666666666667,0.0680517916290274,0.9738102286734094,0.9838917549204209,0.3578881532283581,0.274231257242047,0.2634472290759856,0.0021077988557663355,0.9666666666666667,0.06775067750677506
exact,A,230211,False,1.7735480514981907,0,1,93,1.8905821401431773,False,1.0,1.0,3.171205740842443e-15,2.6394476498475944e-15,0.0,0.0,1.0,0.0,1.0,1.0,0.002538036028634074,0.0019128448474579401,0.002029064787583705,0.0,1.0,0.00030111412225233364
baseline,A,230211,False,1.7735894687759097,0,1,93,1.890646631353549,False,1.0,1.0,0.002538036028634027,0.0019128448474597765,0.002029064787583705,0.0,1.0,0.00030111412225233364,1.0,1.0,2.2644195468014703e-15,1.6885546255561362e-15,0.0,0.0,1.0,0.0
wt_z,A,230211,False,1.795965753581967,0,1,93,1.962632752182814,False,0.9421556633699362,0.9519534633641156,0.5956348162866474,0.5728912046639975,0.46900111117775306,0.004817825956037338,0.9259259259259259,0.1270701595904848,0.9422073295528748,0.9523407232033071,0.5956082909311788,0.5733265619478756,0.46885642127016897,0.004817825956037338,0.9259259259259259,0.12676904546823245
oracle_r32,A,230211,False,1.778390010414785,0,1,93,1.8735403359308225,False,1.0,1.0,0.02850437666239044,0.0210217343304065,0.0208649790215026,0.0,1.0,0.008431195423065342,1.0,1.0,0.028191331920055542,0.02183807191584795,0.02062020030856734,0.0,1.0,0.008130081300813009
single_free_hidden_raw_s231301,A,230211,False,1.7723048644478272,0,1,93,1.9339687213509764,False,1.0,1.0,0.060089941342067084,0.04359326589530417,0.04311697443376028,0.0,1.0,0.017163504968383016,1.0,1.0,0.06068240332585202,0.044211396750544585,0.04362975685686361,0.0,1.0,0.016862390846130684
single_free_hidden_raw_s231303,A,230211,False,1.7682446558314853,0,1,93,1.9784848564870203,False,1.0,1.0,0.07647318540071947,0.053778477376417735,0.05223082351996598,0.0,1.0,0.015959048479373683,1.0,1.0,0.07638999716224441,0.05432302011772805,0.05206244753537307,0.0,1.0,0.015657934357121348
single_free_hidden_r32_s231301,A,230211,False,1.775395503179202,0,1,93,1.9071197905865842,False,1.0,1.0,0.06798859414423906,0.057467725982719285,0.04873910219617834,0.0,1.0,0.019271303824149353,1.0,1.0,0.06840478298063044,0.058054130784054025,0.04915871277636832,0.0,1.0,0.018970189701897018
single_free_hidden_r32_s231303,A,230211,False,1.7693873280451637,0,1,93,1.9330757039331252,False,1.0,1.0,0.07180968248340955,0.05255639636810537,0.050754287649428284,0.0,1.0,0.01656127672387835,1.0,1.0,0.07229904182926694,0.053301177647553155,0.05094686368584248,0.0,1.0,0.016260162601626018
single_pair_raw_s231301,A,230211,False,1.765174420623578,0,1,93,1.911483538729783,False,0.998737240667398,1.0,0.13278929591939745,0.12323679044253137,0.09644229091967618,0.00030111412225233364,0.9952380952380953,0.029509183980728697,0.9988267143202205,1.0,0.13237898360866693,0.12363651795903335,0.09608085065154043,0.00030111412225233364,0.9952380952380953,0.029208069858476363
single_pair_raw_s231303,A,230211,False,1.7849548809506757,0,1,93,1.9057183998944318,False,0.9984827584772054,0.9996382324859768,0.1524625522332522,0.13374424139377794,0.10684889572787853,0.00030111412225233364,0.9952380952380953,0.032520325203252036,0.9986612011414969,0.9996382324859768,0.15193859756809963,0.13442913747960394,0.10641546083511483,0.00030111412225233364,0.9952380952380953,0.0322192110809997
single_pair_r32_s231301,A,230211,False,1.7714104632110452,0,1,93,1.9065189384493377,False,0.9999377011134877,1.0,0.11593330730056454,0.12137920354094239,0.08830874852437666,0.0006022282445046673,0.990521327014218,0.03071364046973803,0.9999377011134877,1.0,0.1161028320402968,0.12219974817771177,0.0884467367577389,0.0006022282445046673,0.990521327014218,0.0304125263474857
single_pair_r32_s231303,A,230211,False,1.7755334782190777,0,1,93,1.9127572352891467,False,0.9996009523161017,1.0,0.13313497019876777,0.12572387246599523,0.09599831032906408,0.00030111412225233364,0.9952380952380953,0.0340258958145137,0.9996024265068808,1.0,0.133025125778902,0.12647617671659153,0.09593584066407468,0.00030111412225233364,0.9952380952380953,0.03372478169226137
single_channel_raw_s231301,A,230211,False,1.7875561575634755,0,1,93,1.8926467089930918,False,0.9856447258904242,0.9898222029526229,0.30684678302579244,0.2438150979547193,0.23223715101091055,0.0021077988557663355,0.9669811320754716,0.0653417645287564,0.9856718152545592,0.9898356365538101,0.30681875373755596,0.24419515211869622,0.2321458235050882,0.0021077988557663355,0.9669811320754716,0.06504065040650407
single_channel_raw_s231303,A,230211,False,1.7845823164191237,0,1,93,1.9090377351003494,False,0.9834925147404664,0.9894290971658622,0.30923744873372344,0.246096219094406,0.2329281042839681,0.0018066847335140017,0.9716981132075472,0.06504065040650407,0.9835635232707232,0.9894612761231744,0.3092702128992567,0.24631538241244066,0.23290765143508058,0.0018066847335140017,0.9716981132075472,0.06473953628425173
single_channel_r32_s231301,A,230211,False,1.7831972164071197,0,1,93,1.8906742711232185,False,0.9834643487445397,0.9895696359292521,0.3202864537910488,0.24011169752503644,0.2388608371709364,0.0018066847335140017,0.9716981132075472,0.0680517916290274,0.983539352137621,0.9894140321424145,0.3201553758846357,0.24031216065516472,0.23869084151905734,0.0018066847335140017,0.9716981132075472,0.06775067750677506
single_channel_r32_s231303,A,230211,False,1.7844501606381455,0,1,93,1.9017365882087234,False,0.9738020580970741,0.9793667691494018,0.3942348462642128,0.3038430583146325,0.2990585125535117,0.0027100271002710027,0.9575471698113207,0.07828967178560675,0.973849254824505,0.9792265174583735,0.39411538197897544,0.30415521755318375,0.2989067354151028,0.0027100271002710027,0.9575471698113207,0.07798855766335441
exact,C,230201,False,1.7868526624293024,1,0,93,2.593874372486417,False,1.0,1.0,5.8994116786890684e-15,5.7817905012028e-15,0.0,0.0,1.0,0.0,1.0,1.0,0.004839861672987417,0.003449167314745059,0.004176886259244822,0.0,1.0,0.0015055706112616681
baseline,C,230201,False,1.7869820981928628,1,0,93,2.617369925381218,False,1.0,1.0,0.004839861672986449,0.003449167314736846,0.004176886259244822,0.0,1.0,0.0015055706112616681,1.0,1.0,6.076965154806244e-15,7.444667977624579e-15,0.0,0.0,1.0,0.0
wt_z,C,230201,False,1.789946412260859,0,0,93,1.8107853052448768,True,0.9819793947649421,0.9880934664524833,0.2908108752565353,0.25821499618992777,0.22762574825803203,0.0021077988557663355,0.9665071770334929,0.06172839506172839,0.9813443422541601,0.9876191531891662,0.2926055604277497,0.258069298489297,0.2286504271953248,0.0021077988557663355,0.9665071770334929,0.06142728093947606
oracle_r32,C,230201,False,1.7854011512300991,1,0,93,2.499502004618394,False,1.0,1.0,0.01742842787242811,0.010990626053407884,0.014822201408306115,0.0,1.0,0.006925624811803674,1.0,1.0,0.02038444588324171,0.01145330313491639,0.01771262932370205,0.0,1.0,0.007226738934056007
single_free_hidden_raw_s231301,C,230201,False,1.7862350798484898,1,0,93,2.4295148412446137,False,1.0,1.0,0.04304786886893073,0.029567872526435224,0.03186483656630853,0.00030111412225233364,0.9951923076923077,0.011141222523336344,1.0,1.0,0.04150792615884099,0.02844792404402928,0.031195353020043445,0.00030111412225233364,0.9951923076923077,0.009635651912074676
single_free_hidden_raw_s231303,C,230201,False,1.7848209589951287,1,0,93,2.4004746090122366,False,1.0,1.0,0.036934417782401564,0.021130504376551246,0.029181252486104613,0.00030111412225233364,0.9951923076923077,0.01084010840108401,1.0,1.0,0.0364034423259756,0.019224311111413615,0.029706870118264027,0.00030111412225233364,0.9951923076923077,0.010538994278831678
single_free_hidden_r32_s231301,C,230201,False,1.788360078648497,0,0,93,2.3798760811735615,True,1.0,1.0,0.040114570909969165,0.03421227157445699,0.030590591482690256,0.00030111412225233364,0.9951923076923077,0.012044564890093345,1.0,1.0,0.03938582570553923,0.03334992691544844,0.030556593641443107,0.00030111412225233364,0.9951923076923077,0.010538994278831678
single_free_hidden_r32_s231303,C,230201,False,1.7877792018279695,0,0,93,2.342387576491584,True,0.999998531948225,1.0,0.039212533972832975,0.03676182653782256,0.03030838634246805,0.00030111412225233364,0.9951923076923077,0.01084010840108401,0.9999773782392171,1.0,0.039092111910640624,0.03527368532305672,0.0309059083968675,0.00030111412225233364,0.9951923076923077,0.010538994278831678
single_pair_raw_s231301,C,230201,False,1.7824364855511838,0,0,93,2.3330434760367154,True,0.9997801730745866,1.0,0.08808379958803282,0.08181133113510375,0.0674941940461453,0.0006022282445046673,0.9903846153846154,0.01987353206865402,0.9995556784181231,1.0,0.09056070442670797,0.08348004161002061,0.06945864249628442,0.0006022282445046673,0.9903846153846154,0.020174646190906354
single_pair_raw_s231303,C,230201,False,1.7820326446319836,1,0,93,2.45993672689994,False,0.9999868738439281,1.0,0.09676590824945461,0.08831979221367849,0.07092152827295405,0.0009033423667570009,0.9855769230769231,0.021379102679915687,0.9999403269527993,1.0,0.09919010710512306,0.09001548497874214,0.07258571220772188,0.0009033423667570009,0.9855769230769231,0.022282445046672688
single_pair_r32_s231301,C,230201,False,1.7825324716554134,0,0,93,2.2010652920560614,True,0.9994602724339718,1.0,0.09128600290528975,0.08365251251407974,0.07033378669274269,0.0006022282445046673,0.9903846153846154,0.021981330924420357,0.9992553928700199,1.0,0.09315896092485162,0.0847678465926145,0.07169212451116341,0.0006022282445046673,0.9903846153846154,0.022282445046672688
single_pair_r32_s231303,C,230201,False,1.783784073061909,0,0,93,2.1003170699181557,True,0.998842368537229,1.0,0.10308168283106109,0.08699133399768712,0.07606174034799237,0.0009033423667570009,0.9855769230769231,0.021981330924420357,0.9986096892932274,1.0,0.10567972864196358,0.08846152351394325,0.07833533650209913,0.0009033423667570009,0.9855769230769231,0.022282445046672688
single_channel_raw_s231301,C,230201,False,1.7834008234566157,0,0,93,2.0245151964488315,True,0.9954966081445404,0.9983753756594206,0.17021234708684085,0.13647415427453544,0.1290320869038646,0.0015055706112616681,0.9759615384615384,0.031918096958747366,0.9950002231517817,0.9982479677939173,0.17233752728235574,0.13711859462578568,0.1305068880470042,0.0015055706112616681,0.9759615384615384,0.0322192110809997
single_channel_raw_s231303,C,230201,False,1.7821024552982323,0,0,93,2.174766077108887,True,0.9963208731352627,0.999333736122354,0.14720871580200395,0.11183734220459365,0.11176806088361438,0.0015055706112616681,0.9759615384615384,0.029509183980728697,0.9957613706435713,0.9993416096421323,0.14969886802611704,0.1127664054935823,0.11362308822962704,0.0015055706112616681,0.9759615384615384,0.02981029810298103
single_channel_r32_s231301,C,230201,False,1.7846486484638164,0,0,93,2.2671195108837963,True,0.9979271174355306,0.9994524831161009,0.15513055571206485,0.11780095202044077,0.1145809857912798,0.0015055706112616681,0.9759615384615384,0.031918096958747366,0.9976475474732192,0.9993201259316241,0.15731043913517156,0.11874527168835583,0.11613749715900816,0.0015055706112616681,0.9759615384615384,0.0322192110809997
single_channel_r32_s231303,C,230201,False,1.7868787645605382,0,0,93,2.0108548953740746,True,0.9916260040176977,0.9966565858763073,0.19771300384495852,0.15764021187368302,0.15175618017545722,0.0015055706112616681,0.9759615384615384,0.04004817825956037,0.991101267574538,0.9963800463884583,0.19996550685773168,0.15834693224207416,0.15335571805346196,0.0015055706112616681,0.9759615384615384,0.04034929238181271
exact,C,230211,False,1.72197958590535,0,1,93,1.7518867073194297,False,1.0,1.0,1.1112367967672183e-14,7.165357694985297e-15,0.0,0.0,1.0,0.0,1.0,1.0,0.003977464126389738,0.0030328185625410563,0.0029997560250197034,0.0,1.0,0.00030111412225233364
baseline,C,230211,False,1.7216368006697818,0,1,93,1.7484959840912178,False,1.0,1.0,0.003977464126386665,0.003032818562536687,0.0029997560250197034,0.0,1.0,0.00030111412225233364,1.0,1.0,5.775173689374196e-15,5.787141893308299e-15,0.0,0.0,1.0,0.0
wt_z,C,230211,False,1.780188302343021,0,1,93,2.0816300772650136,False,0.9776101913439897,0.981081888485509,0.3551067761570433,0.2959642862763627,0.2793395004303697,0.0021077988557663355,0.9665071770334929,0.0680517916290274,0.9776890569804424,0.981081888485509,0.355651716683821,0.295311653102017,0.2792328471703495,0.0021077988557663355,0.9665071770334929,0.06835290575127974
oracle_r32,C,230211,False,1.7227848674142368,0,1,93,1.7187039532970392,False,1.0,1.0,0.021624174318794365,0.01104644536937003,0.014522797977026648,0.0,1.0,0.004215597711532671,1.0,1.0,0.020830903420474382,0.010737108929075524,0.013974488261478558,0.0,1.0,0.004516711833785004
single_free_hidden_raw_s231301,C,230211,False,1.7241242958609961,0,1,93,1.7149118177204095,False,1.0,1.0,0.05161227966241525,0.025529696760494193,0.03676831029170037,0.0,1.0,0.012044564890093345,1.0,1.0,0.05152667327960015,0.025965714393975506,0.03691500545718659,0.0,1.0,0.012345679012345678
single_free_hidden_raw_s231303,C,230211,False,1.7264958375873445,0,1,93,1.7398818723718943,False,0.9999189972581913,1.0,0.06469499645070499,0.023091668856884517,0.044225121054625297,0.00030111412225233364,0.9951219512195122,0.01415236374585968,0.9998827466009689,1.0,0.06536725374954885,0.022344870548136123,0.044812194556252044,0.00030111412225233364,0.9951219512195122,0.014453477868112014
single_free_hidden_r32_s231301,C,230211,False,1.7199104392788531,0,1,93,1.7273593858601837,False,1.0,1.0,0.06422207794599376,0.029952437086934427,0.045422700180014604,0.0,1.0,0.01324902137910268,1.0,1.0,0.06452261144473567,0.030669761532721596,0.045575324147899755,0.0,1.0,0.013550135501355014
single_free_hidden_r32_s231303,C,230211,False,1.725681047632422,0,1,93,1.743025735785548,False,0.9999349843755235,1.0,0.06703112252528393,0.02528500408851223,0.04533177706290492,0.00030111412225233364,0.9951219512195122,0.015055706112616682,0.9999138588033822,1.0,0.06745414576024776,0.025217425317393585,0.04573479065912257,0.00030111412225233364,0.9951219512195122,0.015356820234869015
single_pair_raw_s231301,C,230211,False,1.7292985446816531,0,1,93,1.7516426463515968,False,0.996542017416797,0.9994078516448522,0.12469718016112702,0.07890908859233621,0.08192532847263652,0.00030111412225233364,0.9950980392156863,0.019271303824149353,0.9964609277161056,0.9994078516448522,0.12535372351408952,0.07911494028886912,0.08205555031149518,0.00030111412225233364,0.9950980392156863,0.019572417946401688
single_pair_raw_s231303,C,230211,False,1.7319288194750053,0,1,93,1.7451792202127878,False,0.996544425537837,0.9990452353766863,0.12796681542905217,0.07947476177891258,0.09106457529491266,0.00030111412225233364,0.9950980392156863,0.021077988557663355,0.9965220280871476,0.9990452353766863,0.12871346794694621,0.08017643463270552,0.09124620127341818,0.00030111412225233364,0.9950980392156863,0.021379102679915687
single_pair_r32_s231301,C,230211,False,1.7302451592475792,0,1,93,1.7980273931716426,False,0.9986745843141518,1.0,0.09506286200903122,0.07102077178924085,0.07251023665838918,0.00030111412225233364,0.9950980392156863,0.019572417946401688,0.9986750726712029,1.0,0.0955464313330126,0.07062019664616934,0.07232510254600202,0.00030111412225233364,0.9950980392156863,0.01987353206865402
single_pair_r32_s231303,C,230211,False,1.7346597348824466,0,1,93,1.766792671517039,False,0.9985953054383018,1.0,0.10046789002277481,0.07561249215262109,0.07112516652146268,0.0009033423667570009,0.9853658536585366,0.017765733212887685,0.9985482157025573,1.0,0.10135023743097954,0.0759385680722858,0.07164399469822441,0.0009033423667570009,0.9853658536585366,0.018066847335140017
single_channel_raw_s231301,C,230211,False,1.752540819084785,0,1,93,1.8397316957663532,False,0.9953006027431455,0.9980801496863588,0.18422278738096806,0.1173831721743755,0.13539293867172456,0.0012044564890093346,0.9805825242718447,0.0331225534477567,0.9953374282477497,0.9980801496863588,0.18502020624965748,0.11736882908386453,0.1354658273810496,0.0012044564890093346,0.9805825242718447,0.03342366757000903
single_channel_raw_s231303,C,230211,False,1.7477591400513492,0,1,93,2.0173835686256525,False,0.9944838569178869,0.9983351903767741,0.17323537876455797,0.09497833366724895,0.12400200585199254,0.0012044564890093346,0.9805825242718447,0.028605841613971696,0.9945965625423419,0.9983351903767741,0.17401983162157844,0.09542563860821077,0.12408427603871536,0.0012044564890093346,0.9805825242718447,0.028906955736224028
single_channel_r32_s231301,C,230211,False,1.7495913775093268,0,1,93,1.8475420679781227,False,0.9944054979490896,0.9983715243548099,0.18751558346607988,0.10826958863822657,0.1345100838353276,0.0015055706112616681,0.9758454106280193,0.0331225534477567,0.994463207012521,0.998231448944801,0.18833276758779985,0.10877743079214056,0.13462980621016485,0.0015055706112616681,0.9758454106280193,0.03342366757000903
single_channel_r32_s231303,C,230211,False,1.7556723083862416,0,1,93,1.8752912716169594,False,0.9903524025578303,0.9948137372487011,0.23941207643745605,0.16213234622472475,0.17236962244681947,0.0018066847335140017,0.9711538461538461,0.04305931948208371,0.9903673838472873,0.9947736177028081,0.2400672102709962,0.16189179237237716,0.17235818427944755,0.0018066847335140017,0.9711538461538461,0.04336043360433604
exact,D,230201,False,1.7832140818761493,0,0,93,1.7556101864573705,True,1.0,1.0,6.9967202590065304e-15,6.244225065882504e-15,0.0,0.0,1.0,0.0,1.0,1.0,0.0029401931727997257,0.0025436027215793825,0.0026283795510447868,0.0,1.0,0.0012044564890093346
baseline,D,230201,False,1.782821125457155,0,0,93,1.7547132634101836,True,1.0,1.0,0.002940193172798872,0.0025436027215798213,0.0026283795510447868,0.0,1.0,0.0012044564890093346,1.0,1.0,6.702746436302747e-15,5.9594923316356255e-15,0.0,0.0,1.0,0.0
wt_z,D,230201,False,1.767778520875241,0,0,93,1.1181633461305327,True,0.9486546047500362,0.9598122777126922,0.4668388599747039,0.5393652203665803,0.38328109489982815,0.0030111412225233363,0.9519230769230769,0.09966877446552243,0.948648501829661,0.9598688778383112,0.4675455599626306,0.5374071218914003,0.38393742495986255,0.0030111412225233363,0.9519230769230769,0.10087323095453177
oracle_r32,D,230201,False,1.780012074123445,0,0,93,1.7219617915225456,True,1.0,1.0,0.03130931962372629,0.023619441103681714,0.02200143506233255,0.0,1.0,0.007828967178560674,1.0,1.0,0.03188551030730025,0.022258826788704295,0.02234279070086545,0.0,1.0,0.008431195423065342
single_free_hidden_raw_s231301,D,230201,False,1.7784586152195965,0,0,93,1.6798042982561578,True,1.0,1.0,0.06784920177538005,0.058472346071744334,0.049105486931383946,0.0,1.0,0.015356820234869015,1.0,1.0,0.0683850596013205,0.05733825583250885,0.04941671200985657,0.0,1.0,0.015356820234869015
single_free_hidden_raw_s231303,D,230201,False,1.7833751997120115,0,0,93,1.6839831563135155,True,1.0,1.0,0.06664680448369867,0.05589699315805014,0.046106830987182074,0.0,1.0,0.015959048479373683,1.0,1.0,0.06723286290828565,0.054810179867324435,0.0467415534316235,0.0,1.0,0.01656127672387835
single_free_hidden_r32_s231301,D,230201,False,1.7771827793293848,0,0,93,1.66631524633793,True,1.0,1.0,0.07798088890562559,0.07493700034820003,0.056752758886595596,0.0,1.0,0.020475760313158686,1.0,1.0,0.07826472389866536,0.07370660356178103,0.05684722382132242,0.0,1.0,0.020475760313158686
single_free_hidden_r32_s231303,D,230201,False,1.781257694807794,0,0,93,1.7142124921096238,True,0.9999978875115794,1.0,0.06711029656113392,0.05811102166365273,0.04834967318054113,0.0,1.0,0.015657934357121348,0.9999978875115794,1.0,0.06759743772632719,0.0568685443265187,0.04885887059641057,0.0,1.0,0.015657934357121348
single_pair_raw_s231301,D,230201,False,1.7679866686434214,0,0,93,1.5341027513359353,True,0.9981010577720821,1.0,0.14249801358748243,0.12207080168072292,0.10672162914731574,0.0006022282445046673,0.9902912621359223,0.03342366757000903,0.9981227410154087,1.0,0.14357660777505946,0.12059912014663217,0.10774150333872495,0.0006022282445046673,0.9902912621359223,0.0340258958145137
single_pair_raw_s231303,D,230201,False,1.7902713879959415,0,0,93,1.5053858883037334,True,0.9979716843223757,1.0,0.13364182831822563,0.10943725528916862,0.10099364303401356,0.0009033423667570009,0.9855072463768116,0.031616982836495035,0.9979858407493739,1.0,0.13482218325448328,0.10832647525803238,0.10215945770782237,0.0009033423667570009,0.9855072463768116,0.031014754591990365
single_pair_r32_s231301,D,230201,False,1.7822937350788688,0,0,93,1.5179592221875795,True,0.9976708759721625,1.0,0.14139419285512267,0.12563045461657932,0.10282821360801646,0.0006022282445046673,0.9903381642512077,0.0322192110809997,0.9977271000788804,1.0,0.14220348064704996,0.124116946566578,0.10348626477401496,0.0006022282445046673,0.9903381642512077,0.03282143932550437
single_pair_r32_s231303,D,230201,False,1.779725475252713,0,0,93,1.3346993296560667,True,0.9964459009579606,1.0,0.1504208390737415,0.13067006731408704,0.11402620758660663,0.0009033423667570009,0.9855072463768116,0.0340258958145137,0.9964041864806201,1.0,0.1516320017673707,0.12928097114058204,0.1151803389454803,0.0009033423667570009,0.9855072463768116,0.0340258958145137
single_channel_raw_s231301,D,230201,False,1.7692063576560684,0,0,93,1.2513364788538217,True,0.9813402866103156,0.9879100883818372,0.2763045212310145,0.27482653035176535,0.2223530246348509,0.0021077988557663355,0.966183574879227,0.05721168322794339,0.9812469047407206,0.9876735376250235,0.27749398352003374,0.2732108247117614,0.22346814792772632,0.0021077988557663355,0.966183574879227,0.057813911472448055
single_channel_raw_s231303,D,230201,False,1.769820009270791,0,0,93,1.2263724479240126,True,0.9865661396984903,0.9942307252003189,0.24199077066387237,0.2438842705196564,0.19024044016267885,0.0018066847335140017,0.9710144927536232,0.05389942788316772,0.9865143871482026,0.9942307252003189,0.24274818893717717,0.2420771793265803,0.19090249106649923,0.0018066847335140017,0.9710144927536232,0.05389942788316772
single_channel_r32_s231301,D,230201,False,1.7746041481809676,0,0,93,1.3020227457787252,True,0.9846744131409149,0.9912203241233247,0.2571436778364111,0.23260110049892024,0.19825753482692293,0.0021077988557663355,0.966183574879227,0.051791629027401385,0.9845861863578802,0.9911114426577673,0.2580532815627078,0.23090234152196276,0.19906739360993195,0.0021077988557663355,0.966183574879227,0.052393857271906055
single_channel_r32_s231303,D,230201,False,1.7676046161567078,0,0,93,1.1850830636413954,True,0.977033097907176,0.9847396854985548,0.29566419698850627,0.30367938379161435,0.23375391309357946,0.0027100271002710027,0.9567307692307693,0.06654622101776574,0.976999966508886,0.9847396854985548,0.2964197493724155,0.3018593804856762,0.23445751908802054,0.0027100271002710027,0.9567307692307693,0.06654622101776574
exact,D,230211,False,1.7675448334438664,1,1,93,2.604314337393681,False,1.0,1.0,9.793083678587875e-15,8.163245479104592e-15,0.0,0.0,1.0,0.0,1.0,1.0,0.004190295018717705,0.004489426037662084,0.003479048141561128,0.0,1.0,0.00030111412225233364
baseline,D,230211,False,1.7666366200392425,1,1,93,2.6029081547768906,False,1.0,1.0,0.00419029501871685,0.004489426037661508,0.003479048141561128,0.0,1.0,0.00030111412225233364,1.0,1.0,4.9293643312080475e-15,5.3882482150599916e-15,0.0,0.0,1.0,0.0
wt_z,D,230211,False,1.7729240936287807,0,1,93,1.7730356973646342,False,0.9304235203286675,0.9487261000071779,0.6271520885264817,0.6976948252300859,0.5157822343680772,0.004817825956037338,0.9252336448598131,0.13279132791327913,0.9305063365112731,0.9483537437054468,0.6278276781902152,0.6943213260353231,0.5164832415136309,0.004817825956037338,0.9252336448598131,0.1324902137910268
oracle_r32,D,230211,False,1.765035809804509,1,1,93,2.553985935999379,False,1.0,1.0,0.026852606057349678,0.016424662446814665,0.017588252449601587,0.0,1.0,0.007527853056308341,1.0,1.0,0.026754823726358092,0.01510506115678313,0.017450727698894015,0.0,1.0,0.007226738934056007
single_free_hidden_raw_s231301,D,230211,False,1.770195727618707,2,1,93,2.415927842459706,False,1.0,1.0,0.05057099680117154,0.0304050417312794,0.035756644472317106,0.0,1.0,0.012345679012345678,1.0,1.0,0.04981335152811601,0.029490166777822607,0.03633648624222273,0.0,1.0,0.012044564890093345
single_free_hidden_raw_s231303,D,230211,False,1.7722589933970265,2,1,93,2.405448227632003,False,1.0,1.0,0.05491296892907689,0.03136974914033905,0.039899724149512275,0.0,1.0,0.011141222523336344,1.0,1.0,0.05467546164051232,0.029919995272084256,0.0409992376562415,0.0,1.0,0.01084010840108401
single_free_hidden_r32_s231301,D,230211,False,1.7662411402004958,2,1,93,2.3731232770638204,False,0.9999981073335602,1.0,0.059490680589112034,0.046631935939647685,0.04440725674907958,0.0,1.0,0.015657934357121348,0.9999941787467154,1.0,0.0594058374967932,0.04538291332824061,0.04513315756121131,0.0,1.0,0.015356820234869015
single_free_hidden_r32_s231303,D,230211,False,1.7740310488150413,2,1,93,2.4495639673990968,False,0.9999347788407194,1.0,0.06308424853606637,0.03550827953569497,0.04765573029656284,0.0,1.0,0.012345679012345678,0.9999172500251204,1.0,0.06210076546369126,0.03421194072654184,0.04835388599536415,0.0,1.0,0.012044564890093345
single_pair_raw_s231301,D,230211,False,1.7529322924966098,0,1,93,2.1768121126882827,False,0.997521363788637,1.0,0.14148570627604973,0.10706851718822942,0.10267149156116155,0.0006022282445046673,0.9904306220095693,0.0304125263474857,0.9975832641128899,1.0,0.142117277785138,0.10457225748037038,0.10334854706904915,0.0006022282445046673,0.9904306220095693,0.030111412225233364
single_pair_raw_s231303,D,230211,False,1.7631038244252062,0,1,93,1.9575507335844884,False,0.9974194088944124,1.0,0.15128503224948658,0.12091650121398552,0.10939986989818071,0.00030111412225233364,0.9951923076923077,0.03372478169226137,0.9974996579308363,1.0,0.15137475721367297,0.11887569860338902,0.11011978082302343,0.00030111412225233364,0.9951923076923077,0.03342366757000903
single_pair_r32_s231301,D,230211,False,1.7605913485088802,0,1,93,2.0980013946131626,False,0.9981399907764874,1.0,0.14149035571738647,0.11709047025220903,0.10470677142795973,0.00030111412225233364,0.9951923076923077,0.03071364046973803,0.9981369264238014,1.0,0.1419876945732524,0.11457959271904596,0.10545557052791728,0.00030111412225233364,0.9951923076923077,0.0304125263474857
single_pair_r32_s231303,D,230211,False,1.757255983027234,0,1,93,2.08665053770572,False,0.9968456651522399,1.0,0.15127437333781596,0.1292880459380099,0.1101359680598506,0.0006022282445046673,0.9904306220095693,0.0349292381812707,0.9968649834784752,1.0,0.152048188755974,0.12702375615080486,0.11104626495619115,0.0006022282445046673,0.9904306220095693,0.03462812405901837
single_channel_raw_s231301,D,230211,False,1.7583920655985037,0,1,93,1.6841527980614368,False,0.9788684514110818,0.9895107337969054,0.32224830188596126,0.2940020626256631,0.2547777759234361,0.0021077988557663355,0.9666666666666667,0.06594399277326106,0.9788663543416435,0.9893717153759167,0.3231367321791844,0.2910037550478598,0.2558270368745316,0.0021077988557663355,0.9666666666666667,0.06564287865100873
single_channel_raw_s231303,D,230211,False,1.7645026009814737,0,1,93,1.6809785905610901,False,0.9839347465513336,0.9947094663160844,0.2819652295617451,0.279896547304616,0.2239758952279016,0.0021077988557663355,0.9666666666666667,0.06052393857271906,0.9838696068414835,0.9944694771091126,0.28264926147090613,0.27675666952379124,0.2248982973495307,0.0021077988557663355,0.9666666666666667,0.06022282445046673
single_channel_r32_s231301,D,230211,False,1.7627820543930088,0,1,93,1.6969765591971924,False,0.9812734045273906,0.9936221247775731,0.295123782523508,0.2538438561326112,0.2309574435725635,0.0021077988557663355,0.9666666666666667,0.06263173742848539,0.9811876755879172,0.9936189245727598,0.29623302247557093,0.25088268696480825,0.23213401064540462,0.0021077988557663355,0.9666666666666667,0.06233062330623306
single_channel_r32_s231303,D,230211,False,1.748296926017538,0,1,93,1.6643902913664488,False,0.9709663717516183,0.9831273270064793,0.35761076519419976,0.368153771631197,0.28082718656007793,0.0027100271002710027,0.9571428571428572,0.07497741644083107,0.9709604872047715,0.9833089640066125,0.35827305324679637,0.36483745621183095,0.28153020055914174,0.0027100271002710027,0.9571428571428572,0.07467630231857875
exact,E,230201,False,1.9388669392444544,1,0,93,2.3655342050257304,False,1.0,1.0,4.003741496225587e-15,3.3568081394093228e-15,0.0,0.0,1.0,0.0,1.0,1.0,0.006633095313956177,0.011888216438056647,0.00670924247854376,0.0,1.0,0.0018066847335140017
baseline,E,230201,False,1.9366982542084525,1,0,93,2.348189057550832,False,1.0,1.0,0.00663309531395651,0.011888216438056433,0.00670924247854376,0.0,1.0,0.0018066847335140017,1.0,1.0,5.2248534904547206e-15,3.13375522929835e-15,0.0,0.0,1.0,0.0
wt_z,E,230201,False,1.7689707175133174,0,0,93,0.9341806671576736,True,0.8868851817157554,0.9160975329937939,0.8043031977305165,1.1184822254615991,0.7119186511647378,0.006022282445046673,0.9090909090909091,0.17133393556157783,0.8876798635948474,0.9169115192437618,0.8003424240134163,1.1092200107230865,0.7074338640345909,0.006022282445046673,0.9090909090909091,0.16982836495031617
oracle_r32,E,230201,False,1.9462680700884962,1,0,93,2.3106791785943366,False,1.0,1.0,0.04415533532747249,0.02044935436384313,0.0314974957477806,0.00030111412225233364,0.9953703703703703,0.011442336645588679,1.0,1.0,0.04400895211025156,0.024658123377338095,0.0323172742930683,0.00030111412225233364,0.9953703703703703,0.011442336645588679
single_free_hidden_raw_s231301,E,230201,False,1.9267214576217728,0,0,93,2.189361875769015,True,0.999065499189026,1.0,0.10638120822397856,0.12026701096513548,0.08424557075361085,0.0009033423667570009,0.9861111111111112,0.021981330924420357,0.9992442606876294,1.0,0.1042678629372317,0.11094677581413209,0.08145588998179432,0.0009033423667570009,0.9861111111111112,0.02077687443541102
single_free_hidden_raw_s231303,E,230201,False,1.9377194038531018,0,0,93,2.1892010423992545,True,0.9981371361910395,1.0,0.10134089785698949,0.08698366301294111,0.08136406622175424,0.0006022282445046673,0.9907407407407407,0.022583559168925023,0.9983803316648429,1.0,0.09974610740156514,0.07879140723744567,0.07945311826322254,0.0006022282445046673,0.9907407407407407,0.021379102679915687
single_free_hidden_r32_s231301,E,230201,False,1.9286953181622295,0,0,93,2.0697048793519386,True,0.9976196219076819,1.0,0.10906353549841905,0.09581446785461505,0.08425517148074393,0.0009033423667570009,0.9861111111111112,0.019572417946401688,0.9979973140084184,1.0,0.10655609564490644,0.0873961935670442,0.0813346261541869,0.0009033423667570009,0.9861111111111112,0.018970189701897018
single_free_hidden_r32_s231303,E,230201,False,1.9406825306397482,0,0,93,2.0905816650955344,True,0.9992544296713353,1.0,0.104819776096617,0.08216535795629556,0.07933845513533634,0.0006022282445046673,0.9907407407407407,0.022282445046672688,0.9994271859363407,1.0,0.10378645528389399,0.07426824866804282,0.07805093429057156,0.0006022282445046673,0.9907407407407407,0.02168021680216802
single_pair_raw_s231301,E,230201,False,1.8969291255804037,0,0,93,1.7624662431759361,True,0.9814439006923461,0.9932673739572779,0.25876845514278685,0.31454608937588474,0.21920128444695836,0.0021077988557663355,0.9675925925925926,0.06142728093947606,0.9824352458513569,0.9937249311579831,0.255392162867337,0.30538943332693586,0.21500200960269908,0.0021077988557663355,0.9675925925925926,0.06022282445046673
single_pair_raw_s231303,E,230201,False,1.8898447013926778,0,0,93,1.7049364301423695,True,0.9788410371984974,0.9928797982649681,0.27708803950838956,0.3523005987242138,0.23351450343302071,0.002408912978018669,0.9631336405529954,0.06202950918398073,0.9798867971929763,0.9933463381270539,0.27347240208693513,0.34250085608636266,0.22896494606920406,0.002408912978018669,0.9631336405529954,0.0608250526949714
single_pair_r32_s231301,E,230201,False,1.8880782235119502,0,0,93,1.826395980426755,True,0.9845733545461136,0.9934921258415764,0.24487787671313616,0.3561914226949103,0.20734823012899106,0.0021077988557663355,0.9675925925925926,0.059319482083709726,0.9853829224033978,0.9940297927072569,0.24140365934590804,0.3465261230823786,0.20313589926348724,0.0021077988557663355,0.9675925925925926,0.058115025594700394
single_pair_r32_s231303,E,230201,False,1.8961647089292806,0,0,93,2.0760289739607667,True,0.9825487403199756,0.9940441553670228,0.26310214258005105,0.38362065654713984,0.21637520265718257,0.002408912978018669,0.9631336405529954,0.06022282445046673,0.9835793706940239,0.9941591566448148,0.2602778623864246,0.3739150314864408,0.21261081988639188,0.002408912978018669,0.9631336405529954,0.059018367961457395
single_channel_raw_s231301,E,230201,False,1.8644341409494156,0,0,93,1.671367990483204,True,0.9441030554153045,0.9646214344904808,0.4586246648644438,0.5967525071038726,0.3971972926650259,0.00331225534477567,0.9493087557603687,0.10659439927732611,0.9450538831210632,0.9647826448079412,0.4549162702376355,0.5874001672835157,0.3929098844168635,0.00331225534477567,0.9493087557603687,0.10538994278831677
single_channel_raw_s231303,E,230201,False,1.8728364725365652,0,0,93,1.8167453209160775,True,0.9459764341231602,0.965492855685818,0.46713952435871847,0.6212203054191155,0.3921892454170832,0.0036133694670280035,0.9452054794520548,0.10900331225534478,0.9468269615656992,0.9661155858509832,0.4635764241251899,0.6120998213783769,0.38804667273756893,0.0036133694670280035,0.9452054794520548,0.10779885576633544
single_channel_r32_s231301,E,230201,False,1.8721884470397319,0,0,93,1.7810685045985752,True,0.9486926061144086,0.9686578007676578,0.45647126068605076,0.5916972892582278,0.37865372061345987,0.0027100271002710027,0.9587155963302753,0.10147545919903643,0.9497524690376473,0.9690977251382302,0.4527540650602049,0.5823764667454624,0.37427705823619145,0.0027100271002710027,0.9587155963302753,0.1002710027100271
single_channel_r32_s231303,E,230201,False,1.8483456063491945,0,0,93,1.649443232847882,True,0.9363570054699952,0.9570326330118034,0.5125536028129037,0.6817366170637689,0.43664468491310965,0.00331225534477567,0.9493087557603687,0.11412225233363445,0.9372918808481258,0.957812723374745,0.5087177951333296,0.6725366240769028,0.43227985383948914,0.00331225534477567,0.9493087557603687,0.11291779584462511
exact,E,230211,False,1.8559732990057258,0,1,93,2.27934156260864,False,1.0,1.0,1.4656976702255545e-14,1.1097005922374868e-14,0.0,0.0,1.0,0.0,1.0,1.0,0.009783693683329998,0.016514951153112387,0.009670182203145378,0.0,1.0,0.0015055706112616681
baseline,E,230211,False,1.8533001102195084,0,1,93,2.2804846835810326,False,1.0,1.0,0.009783693683327486,0.016514951153110646,0.009670182203145378,0.0,1.0,0.0015055706112616681,1.0,1.0,2.800733992973949e-15,3.126237213119879e-15,0.0,0.0,1.0,0.0
wt_z,E,230211,False,1.7739723743759248,0,0,93,1.685248547771906,True,0.8560122298669152,0.8923548979132004,1.0360584045690233,1.429425401480446,0.9099862721798821,0.007828967178560674,0.8834080717488789,0.23035230352303523,0.8567366247583853,0.8926707787218272,1.0330561895862167,1.4191569216649833,0.9060022237284757,0.007828967178560674,0.8834080717488789,0.23065341764528757
oracle_r32,E,230211,False,1.8621968849891395,0,1,93,2.247225307272756,False,1.0,1.0,0.06245614803539832,0.03218070999999263,0.04896608856866919,0.0,1.0,0.014754591990364349,1.0,1.0,0.0585824689748139,0.020665210386686186,0.04545013903731972,0.0,1.0,0.014453477868112014
single_free_hidden_raw_s231301,E,230211,False,1.8241987701172968,0,1,93,2.134413903834967,False,0.9949399612401223,0.9980367269030733,0.13618738289060933,0.1778555694791713,0.12509833862603345,0.0015055706112616681,0.9767441860465116,0.028906955736224028,0.9960373246075439,0.9985349868974576,0.12993286242559104,0.16614160353577653,0.11794726639017872,0.0015055706112616681,0.9767441860465116,0.028605841613971696
single_free_hidden_raw_s231303,E,230211,False,1.8414396517944938,0,1,93,2.311377629880607,False,0.9970000060896026,0.9996670371670372,0.11555826677492445,0.1310402624609767,0.10330534337005212,0.0006022282445046673,0.9906976744186047,0.022583559168925023,0.9975091319501904,0.999820356070356,0.11042430808698903,0.11903751264132376,0.09742057155237827,0.0006022282445046673,0.9906976744186047,0.022282445046672688
single_free_hidden_r32_s231301,E,230211,False,1.827751248677711,0,1,93,2.0564840786611773,False,0.9931254053632261,0.9964231726662585,0.14219498830191585,0.14736456921176821,0.1325910825396188,0.0015055706112616681,0.9767441860465116,0.027702499247214695,0.9938723130059852,0.9965764915695772,0.13575407829788655,0.13614452695715282,0.1255310392561242,0.0015055706112616681,0.9767441860465116,0.02740138512496236
single_free_hidden_r32_s231303,E,230211,False,1.847931468169916,0,1,93,2.2837318589062154,False,0.9983909508135037,0.9993388000247756,0.10902397424332762,0.10214840660169254,0.10067677840972364,0.0009033423667570009,0.986046511627907,0.02499247214694369,0.9987039345197004,0.9995105963855964,0.10465994390289324,0.09215984990309321,0.09565599775588784,0.0009033423667570009,0.986046511627907,0.025293586269196026
single_pair_raw_s231301,E,230211,False,1.8294144098818228,4,1,93,2.5921102793318673,False,0.9766782519673468,0.9918764904906484,0.27996232188021364,0.3156548275536491,0.22635790693811011,0.0012044564890093346,0.9813953488372092,0.056910569105691054,0.9775830674795388,0.9922048022254285,0.2768470692993825,0.3026178373849774,0.22177949105574263,0.0012044564890093346,0.9813953488372092,0.05721168322794339
single_pair_raw_s231303,E,230211,False,1.8289510376842004,0,1,93,2.2831532133351233,False,0.9713602859741494,0.9872804057719838,0.3101132707117226,0.36242261434657935,0.27068076633249266,0.0021077988557663355,0.9675925925925926,0.07046070460704607,0.9724180678439149,0.9877741518273242,0.30579142639902324,0.3498674761962996,0.2650603508146129,0.0021077988557663355,0.9675925925925926,0.0707618187292984
single_pair_r32_s231301,E,230211,False,1.82863070422049,0,1,93,2.2347923103683716,False,0.976085001031211,0.9892921155049264,0.28554993985665444,0.3328238519139637,0.2485168536205155,0.0021077988557663355,0.9675925925925926,0.06654622101776574,0.9771734613440385,0.99015090507593,0.28114208237528204,0.32001763259050814,0.24308673957150365,0.0021077988557663355,0.9675925925925926,0.06684733514001806
single_pair_r32_s231303,E,230211,False,1.8365520990871407,0,1,93,2.1700751503272886,False,0.9713737400235367,0.9868953162312722,0.3178189548803917,0.3884457942013798,0.27129057684584507,0.002408912978018669,0.9631336405529954,0.0707618187292984,0.9724224759304287,0.987390627874625,0.31326152512353606,0.37539305446507554,0.2656952778151578,0.002408912978018669,0.9631336405529954,0.07106293285155074
single_channel_raw_s231301,E,230211,False,1.8483089424311687,0,1,93,1.9224962540708082,False,0.9270995121965134,0.9499053323448262,0.5856367563533849,0.6736627411182114,0.5022525893653798,0.004215597711532671,0.9360730593607306,0.13881361035832582,0.9279875104360311,0.9515168996732273,0.5824434688769832,0.663025998721394,0.4981802672126261,0.004215597711532671,0.9360730593607306,0.1397169527250828
single_channel_raw_s231303,E,230211,False,1.8595637053658305,1,1,93,2.23610421822129,False,0.9235078167153135,0.9481798233501119,0.6240760328874565,0.720186212147738,0.5308486012314538,0.004215597711532671,0.9360730593607306,0.1460403492923818,0.9244079138658701,0.9481868673842613,0.6208937339307711,0.7100295627834862,0.5269533170901085,0.004215597711532671,0.9360730593607306,0.14694369165913881
single_channel_r32_s231301,E,230211,False,1.856351328561992,0,0,93,1.749632234835945,True,0.931275001016594,0.9535074762533073,0.5804346659582225,0.6946810183532236,0.4859106932724655,0.004516711833785004,0.9318181818181818,0.13730803974706413,0.9323015100815419,0.9540931276915996,0.5774432618637804,0.6836758890655495,0.48221705924852715,0.004516711833785004,0.9318181818181818,0.13760915386931646
single_channel_r32_s231303,E,230211,False,1.836768553620389,0,1,93,1.8210364881907675,False,0.9121431917367466,0.9380353028323538,0.6803109674844395,0.8281250154212156,0.5866368052381319,0.005118940078289671,0.9227272727272727,0.1610960554049985,0.9131223779199588,0.9388872359744961,0.6772028612644106,0.8176234430341218,0.5826624122406792,0.005118940078289671,0.9227272727272727,0.16199939777175548
exact,F,230201,False,1.8744627871808845,1,0,93,2.3184135907770522,False,1.0,1.0,5.786978879253594e-15,6.2867896590602085e-15,0.0,0.0,1.0,0.0,1.0,1.0,0.0067126890803040126,0.004441409184106524,0.005859661031710122,0.0,1.0,0.0012044564890093346
baseline,F,230201,False,1.8746192376799025,1,0,93,2.3157441140412263,False,1.0,1.0,0.0067126890803039735,0.004441409184105678,0.005859661031710122,0.0,1.0,0.0012044564890093346,1.0,1.0,4.03447945071897e-15,2.989554395393288e-15,0.0,0.0,1.0,0.0
wt_z,F,230201,False,1.7883132368575292,0,0,93,1.4362134272454852,True,0.9331177463394584,0.9556024578562479,0.5587539289970528,0.8448039258486331,0.4669444466865564,0.00331225534477567,0.9473684210526315,0.11984342065642879,0.933012354008765,0.9558598355726421,0.5580809129433647,0.84233255820938,0.4664157675606829,0.00331225534477567,0.9473684210526315,0.12044564890093346
oracle_r32,F,230201,False,1.8714639349610236,1,0,93,2.325355713403046,False,1.0,1.0,0.024562027365225326,0.01782416470947308,0.02006135065861981,0.0,1.0,0.007226738934056007,1.0,1.0,0.02383248692396782,0.016908960916541448,0.018534844467589604,0.0,1.0,0.008431195423065342
single_free_hidden_raw_s231301,F,230201,False,1.8611912370425923,1,0,93,2.381952782672202,False,0.9998499273802798,1.0,0.06981978536883025,0.061677663565399596,0.05081472478296946,0.0006022282445046673,0.9902439024390244,0.015356820234869015,0.9998832816891514,1.0,0.0700708830021648,0.061438739412700956,0.050233187413846116,0.0006022282445046673,0.9902439024390244,0.01656127672387835
single_free_hidden_raw_s231303,F,230201,False,1.8587477390134342,1,0,93,2.409929417368555,False,0.9996858505937659,1.0,0.0720273187241138,0.061739504597606895,0.05442856265709528,0.0006022282445046673,0.9902439024390244,0.01656127672387835,0.9997105502160186,1.0,0.0719320245241056,0.06119719514166986,0.05364870883250175,0.0006022282445046673,0.9902439024390244,0.017765733212887685
single_free_hidden_r32_s231301,F,230201,False,1.8565752899548391,1,0,93,2.3964540681697426,False,0.9999270091186738,1.0,0.07464790582096395,0.060031712286449414,0.05649621826785045,0.0006022282445046673,0.9902439024390244,0.015959048479373683,0.9999292116657631,1.0,0.07469951335351521,0.05879163218049592,0.05628486575789643,0.0006022282445046673,0.9902439024390244,0.017163504968383016
single_free_hidden_r32_s231303,F,230201,False,1.8561744033625973,1,0,93,2.4046466590473305,False,0.9999178102009928,1.0,0.07531565325445189,0.061742586408375454,0.0547226152955091,0.0006022282445046673,0.9902439024390244,0.016260162601626018,0.9999270043891876,1.0,0.07529920735205786,0.060674845816622726,0.054356734527059296,0.0006022282445046673,0.9902439024390244,0.016862390846130684
single_pair_raw_s231301,F,230201,False,1.8477397239862658,0,0,93,1.6238045301816975,True,0.9940242002813129,0.9998671343537414,0.1700709275837103,0.1845587501155443,0.12612879623684156,0.0018066847335140017,0.970873786407767,0.03523035230352303,0.9936147566221706,0.9997478959532531,0.17176965933009092,0.18352147394186225,0.1283429987384199,0.0018066847335140017,0.970873786407767,0.03523035230352303
single_pair_raw_s231303,F,230201,False,1.8512552979966428,0,0,93,1.4432087596498544,True,0.994702665387115,1.0,0.17428452943148154,0.17932947496194215,0.119898429697349,0.0018066847335140017,0.970873786407767,0.03372478169226137,0.9943020248873442,0.9998671343537414,0.17553589331067784,0.1782710095923234,0.1215241109786622,0.0018066847335140017,0.970873786407767,0.03432700993676603
single_pair_r32_s231301,F,230201,False,1.8423556666744811,0,0,93,1.571108610072024,True,0.9938367438856958,1.0,0.17857320793378656,0.1711669010103937,0.12653628375587256,0.0015055706112616681,0.9757281553398058,0.0349292381812707,0.9934576983316258,1.0,0.18012162818897776,0.17044674420341854,0.12853874119675995,0.0015055706112616681,0.9757281553398058,0.03553146642577537
single_pair_r32_s231303,F,230201,False,1.840641449813764,0,0,93,1.5794700754678481,True,0.994573747628332,1.0,0.16603757656299747,0.19221463302071926,0.12169141339680183,0.0015055706112616681,0.9757281553398058,0.0331225534477567,0.9942235819544007,1.0,0.1671430129743819,0.19070498142174375,0.12347070021074384,0.0015055706112616681,0.9757281553398058,0.03372478169226137
single_channel_raw_s231301,F,230201,False,1.8317994147707122,0,0,93,1.2620425227874914,True,0.9805150129682316,0.9935326077332016,0.321126544113773,0.33299931445849684,0.23846336930618112,0.0018066847335140017,0.9710144927536232,0.06233062330623306,0.9802888451788606,0.9932483586002684,0.32126866056835945,0.3307383950229258,0.2385695185457989,0.0018066847335140017,0.9710144927536232,0.06233062330623306
single_channel_raw_s231303,F,230201,False,1.8293344333428654,0,0,93,1.216899754188332,True,0.9770157028910615,0.990824366061552,0.3337825848967304,0.3721632056512424,0.25657777917023283,0.0021077988557663355,0.9663461538461539,0.07497741644083107,0.9767068326306885,0.9905302900978331,0.33402889991452384,0.37004284182848446,0.25664167088992496,0.0021077988557663355,0.9663461538461539,0.07618187292984041
single_channel_r32_s231301,F,230201,False,1.8356493268282381,0,0,93,1.2443685053973381,True,0.9779041717783129,0.9912793710324557,0.3312646836337481,0.34766445432535587,0.24817567731862702,0.0018066847335140017,0.9711538461538461,0.07015959048479374,0.9775625839891087,0.9905407010217144,0.3315479962354255,0.34534149175278367,0.24823856874016742,0.0018066847335140017,0.9711538461538461,0.0707618187292984
single_channel_r32_s231303,F,230201,False,1.820294770419062,0,0,93,1.174089254720724,True,0.9693253654024424,0.9841661158936669,0.38636185662641626,0.4237826456440285,0.3005545765450358,0.0027100271002710027,0.9567307692307693,0.07979524239686842,0.9690549630673679,0.9838763345770997,0.38638707839009256,0.42163371515130404,0.30042427572548114,0.0027100271002710027,0.9567307692307693,0.08039747064137308
exact,F,230211,False,1.855566079926058,1,1,93,2.3952100883137257,False,1.0,1.0,4.612916069393235e-15,5.004631229248277e-15,0.0,0.0,1.0,0.0,1.0,1.0,0.006182071092893022,0.003269730726275979,0.005297885066776645,0.0,1.0,0.0009033423667570009
baseline,F,230211,False,1.856224646400146,1,1,93,2.393662890502626,False,1.0,1.0,0.006182071092891941,0.003269730726281532,0.005297885066776645,0.0,1.0,0.0009033423667570009,1.0,1.0,4.0071610935029645e-15,4.896894797014234e-15,0.0,0.0,1.0,0.0
wt_z,F,230211,False,1.789383458663968,0,1,93,1.7716937015172367,False,0.9291674593576241,0.9563206058179442,0.5707917717513243,0.8260545630281353,0.4706610507066972,0.002408912978018669,0.961352657004831,0.12556458897922312,0.9297753793915964,0.9569093673315321,0.5685738353297497,0.8244874180492902,0.46873457676987684,0.002408912978018669,0.961352657004831,0.12526347485697079
oracle_r32,F,230211,False,1.849046643165362,1,0,93,2.428044046788591,False,1.0,1.0,0.02492262102660405,0.016863525927236,0.019439836084932664,0.00030111412225233364,0.9950248756218906,0.004215597711532671,1.0,1.0,0.024426317585456915,0.01663819414315313,0.01953450993599021,0.00030111412225233364,0.9950248756218906,0.005118940078289671
single_free_hidden_raw_s231301,F,230211,False,1.8406422371457603,1,1,93,2.5049606709922414,False,0.9997502418982995,1.0,0.09662956075054284,0.05680049575344122,0.06361622999608357,0.0009033423667570009,0.9852216748768473,0.02077687443541102,0.9997501177577509,1.0,0.09658562468504023,0.05787800819694364,0.06324575456536019,0.0009033423667570009,0.9852216748768473,0.020475760313158686
single_free_hidden_raw_s231303,F,230211,False,1.83770272806998,1,1,93,2.5411346708507496,False,0.9997115746168174,1.0,0.09991334634181066,0.05157750967911438,0.06812334550416078,0.0009033423667570009,0.9852216748768473,0.019271303824149353,0.9997371873017868,1.0,0.09803515233577745,0.05209508329059433,0.06636986523131984,0.0009033423667570009,0.9852216748768473,0.018970189701897018
single_free_hidden_r32_s231301,F,230211,False,1.8355486775591017,1,1,93,2.4743786890041797,False,0.9998788981567855,1.0,0.08791187580722472,0.048878279079854405,0.06069416320833812,0.0006022282445046673,0.9900990099009901,0.01746461909063535,0.9998756427570169,1.0,0.08650011047406643,0.04881404616587108,0.05983175692658021,0.0006022282445046673,0.9900990099009901,0.018367961457392352
single_free_hidden_r32_s231303,F,230211,False,1.8347547974778404,1,1,93,2.5785703218777822,False,0.999842512295515,1.0,0.09934540383791725,0.05544717890686556,0.06794017920756151,0.0009033423667570009,0.9852216748768473,0.020475760313158686,0.9998417091425754,1.0,0.0979538059058697,0.05564608457380588,0.06666798323204526,0.0009033423667570009,0.9852216748768473,0.020174646190906354
single_pair_raw_s231301,F,230211,False,1.8259394961512931,1,1,93,2.267938909306368,False,0.9975242552022051,1.0,0.1443883133053479,0.1539866323113524,0.10032024548742749,0.0009033423667570009,0.9852216748768473,0.03462812405901837,0.9975768900386106,1.0,0.1435829875244018,0.15353818861982896,0.09961501368916308,0.0009033423667570009,0.9852216748768473,0.0349292381812707
single_pair_raw_s231303,F,230211,False,1.8227678707691253,1,1,93,2.1131164435423733,False,0.9952312217889799,1.0,0.16518349839653412,0.16905343555505786,0.1100446311734409,0.0009033423667570009,0.9852216748768473,0.038241493526046375,0.9954187916217347,1.0,0.16351565054980496,0.16810024627319975,0.10894504038740571,0.0009033423667570009,0.9852216748768473,0.037940379403794036
single_pair_r32_s231301,F,230211,False,1.819538044943244,1,1,93,2.161058127798171,False,0.9960706041864201,1.0,0.17335750656269178,0.16044549108154443,0.11741209120920294,0.0012044564890093346,0.9803921568627451,0.03944595001505571,0.9961748149996683,1.0,0.1722892693394234,0.15995221170694296,0.11656187839024046,0.0012044564890093346,0.9803921568627451,0.03974706413730804
single_pair_r32_s231303,F,230211,False,1.8202118427129639,1,1,93,2.1539538459102667,False,0.9957324325631965,1.0,0.16435357082293459,0.1760466933384954,0.11112271407467875,0.0012044564890093346,0.9803921568627451,0.03643480879253237,0.9958614065450765,1.0,0.1625334865441428,0.17521619147060677,0.10999935470170694,0.0012044564890093346,0.9803921568627451,0.036735922914784704
single_channel_raw_s231301,F,230211,False,1.8141508535723996,0,1,93,1.9224499029700546,False,0.9821617175176908,0.9939446986086676,0.3263254983084121,0.30111956701090653,0.22951657251929813,0.0012044564890093346,0.9803921568627451,0.0653417645287564,0.9824513352699095,0.9941128174339523,0.3246612532449206,0.2994664757815917,0.22788694652177602,0.0012044564890093346,0.9803921568627451,0.06504065040650407
single_channel_raw_s231303,F,230211,False,1.8079791724314656,0,0,93,1.992577149212476,True,0.9762442386701041,0.9902881229095389,0.35527741081732883,0.3436507972201896,0.2546910609975505,0.0015055706112616681,0.975609756097561,0.07317073170731707,0.9767632141666754,0.9905671090748662,0.3534919682764619,0.3420015267416718,0.2529121683202517,0.0015055706112616681,0.975609756097561,0.07286961758506474
single_channel_r32_s231301,F,230211,False,1.8240697269124657,0,1,93,2.0029536893022084,False,0.9765880035712537,0.9904848721090037,0.34725176601525987,0.3247056983674652,0.2491690180297944,0.0015055706112616681,0.975609756097561,0.07136404697380307,0.977149429324904,0.9907457304790428,0.34529010691793954,0.32307511157586555,0.24710291029750517,0.0015055706112616681,0.975609756097561,0.07106293285155074
single_channel_r32_s231303,F,230211,False,1.8080715751698202,0,1,93,1.8393599904882725,False,0.9695244292935448,0.986666475050531,0.4002634642471052,0.41023630937829647,0.2957612908300649,0.0015055706112616681,0.975609756097561,0.08250526949713942,0.970109671178541,0.9869661681796815,0.39808353743488156,0.4085922776808197,0.29359534583746183,0.0015055706112616681,0.975609756097561,0.08220415537488708
exact,G,230201,False,1.9092811938176117,4,0,92,2.680442994537291,False,1.0,1.0,6.2032491804808495e-15,5.5532342353285785e-15,0.0,0.0,1.0,0.0,1.0,1.0,0.006259331350406994,0.0023912500753139904,0.0061187371956553036,0.0,1.0,0.0009033423667570009
baseline,G,230201,False,1.9077493688816063,3,0,92,2.6668273240288327,False,1.0,1.0,0.006259331350406974,0.0023912500753127818,0.0061187371956553036,0.0,1.0,0.0009033423667570009,1.0,1.0,4.6349436916550196e-15,4.548589902938571e-15,0.0,0.0,1.0,0.0
wt_z,G,230201,False,1.7956225982165943,0,0,92,1.8764924318597112,True,0.9213359674065752,0.9400215872559937,0.6510345060803355,0.5744438861066323,0.5858977282528925,0.004817825956037338,0.9269406392694064,0.1261668172237278,0.9217341018084788,0.9399118360142272,0.647943516718037,0.5741978204240827,0.5823419640052426,0.004817825956037338,0.9269406392694064,0.12646793134598014
oracle_r32,G,230201,False,1.9060051695269802,5,0,92,2.631998042099975,False,1.0,1.0,0.025685607359217037,0.017996283222322842,0.018873606536676846,0.0,1.0,0.0057211683227943394,1.0,1.0,0.024169891535740482,0.01724591238887166,0.017334239932022027,0.0,1.0,0.006022282445046673
single_free_hidden_raw_s231301,G,230201,False,1.8917924774741484,4,0,92,2.6178527674245013,False,0.9977935321851179,1.0,0.095434529807046,0.0723104934647163,0.07512057088171624,0.0009033423667570009,0.9861111111111112,0.02077687443541102,0.9980428711796286,1.0,0.09242302866560653,0.07113892331527359,0.07131714273306768,0.0009033423667570009,0.9861111111111112,0.021077988557663355
single_free_hidden_raw_s231303,G,230201,False,1.8971458190665358,4,0,92,2.588066540512976,False,0.9961114816452239,1.0,0.10029056765631957,0.06152133491860986,0.08527771619257482,0.0006022282445046673,0.9907407407407407,0.02077687443541102,0.9965403735483677,1.0,0.09797482190609505,0.06029981970592713,0.08181634277809208,0.0006022282445046673,0.9907407407407407,0.021077988557663355
single_free_hidden_r32_s231301,G,230201,False,1.9028735032154869,8,0,92,2.640524079498104,False,0.9993794092182716,1.0,0.08027504788935123,0.06202324439349258,0.05681724390127192,0.00030111412225233364,0.9953703703703703,0.019572417946401688,0.9995092339435826,1.0,0.0794337571664963,0.06130613264665438,0.055479195313083596,0.00030111412225233364,0.9953703703703703,0.01987353206865402
single_free_hidden_r32_s231303,G,230201,False,1.8907297955309652,4,0,92,2.5583585133868163,False,0.9974201657256596,1.0,0.09302072054517195,0.06290270028564225,0.08121228373680155,0.0006022282445046673,0.9907407407407407,0.021379102679915687,0.9977710648977041,1.0,0.0900491796158269,0.06195394163417904,0.07704505629153749,0.0006022282445046673,0.9907407407407407,0.02168021680216802
single_pair_raw_s231301,G,230201,False,1.8843561180459691,0,0,92,2.3610789266178145,True,0.9929546387454177,0.9977626865241075,0.16748598821986843,0.16596709351818778,0.1349454560861442,0.0009033423667570009,0.9861111111111112,0.031315868714242696,0.9935945296647557,0.9982409367984301,0.16435532105799228,0.1652800782110657,0.13159748540888075,0.0009033423667570009,0.9861111111111112,0.031616982836495035
single_pair_raw_s231303,G,230201,False,1.8807130202171785,0,0,92,2.27381928949072,True,0.9885685513720629,0.9953490968930975,0.18397615402931597,0.16211246112183703,0.15971747671117187,0.0012044564890093346,0.9814814814814815,0.038241493526046375,0.9893437942159604,0.995470349097683,0.1801657174749543,0.16137108300949216,0.15560914504836515,0.0012044564890093346,0.9814814814814815,0.038542607648298706
single_pair_r32_s231301,G,230201,False,1.8908243538867031,2,0,92,2.5140267742609073,False,0.9935975888842505,0.9979112565907011,0.18264637255329935,0.17195870327281593,0.13669054055191407,0.0006022282445046673,0.9907407407407407,0.03432700993676603,0.9940857839596045,0.9983966277791974,0.1796037679653205,0.17117344210989488,0.1337642291866161,0.0006022282445046673,0.9907407407407407,0.03462812405901837
single_pair_r32_s231303,G,230201,False,1.8865441428328733,0,0,92,2.1150394984224965,True,0.983584509532577,0.9931285407498349,0.19638608860967405,0.16876160151702052,0.1747601380243368,0.0015055706112616681,0.9769585253456221,0.04155374887082204,0.9841583512900606,0.9933975359741871,0.19260068977904812,0.1680875087784846,0.1707825491658348,0.0015055706112616681,0.9769585253456221,0.04185486299307437
single_channel_raw_s231301,G,230201,False,1.8544468155057088,2,0,92,2.3622631727526375,False,0.970283518696228,0.9847607807951482,0.3289068686795302,0.2829638666930059,0.2814390402386206,0.0018066847335140017,0.9723502304147466,0.06473953628425173,0.970894952584803,0.9849934411568328,0.3259223708603187,0.2825997358327573,0.2780822998594538,0.0018066847335140017,0.9723502304147466,0.06504065040650407
single_channel_raw_s231303,G,230201,False,1.8570315591917785,1,0,92,2.2988749333780376,False,0.9738860109034392,0.9856708903169198,0.3154531447002875,0.2924313715192992,0.2658047616595309,0.0018066847335140017,0.9723502304147466,0.06383619391749473,0.9744956374651877,0.9867521082294094,0.31271758030573615,0.292272352908061,0.26265974963038496,0.0018066847335140017,0.9723502304147466,0.06413730803974707
single_channel_r32_s231301,G,230201,False,1.8753362953771093,0,0,92,2.339853746327698,True,0.977887713865902,0.9884581427424938,0.29902837879229965,0.2876389785312788,0.2497041274504685,0.0015055706112616681,0.9769585253456221,0.06172839506172839,0.9783769566765521,0.9887768160359057,0.2966397394649494,0.2872066581038632,0.24695581109455894,0.0015055706112616681,0.9769585253456221,0.06202950918398073
single_channel_r32_s231303,G,230201,False,1.8455136532425898,2,0,92,2.4806837069508543,False,0.969746047927763,0.9810968995657822,0.3429809420503976,0.32723295820574555,0.29452936048594114,0.0021077988557663355,0.967741935483871,0.06744956338452274,0.9703737347302517,0.9816253988270469,0.3405549606691415,0.32688640914584316,0.29160661073017774,0.0021077988557663355,0.967741935483871,0.06775067750677506
exact,G,230211,False,1.8217680383388322,0,1,92,2.123930551175609,False,1.0,1.0,2.915062280745535e-15,1.5065609672078982e-15,0.0,0.0,1.0,0.0,1.0,1.0,0.005355346636125081,0.0031618390593422018,0.005377523799973043,0.0,1.0,0.00030111412225233364
baseline,G,230211,False,1.8197909380501243,0,1,92,2.124669341466319,False,1.0,1.0,0.005355346636123232,0.003161839059342073,0.005377523799973043,0.0,1.0,0.00030111412225233364,1.0,1.0,7.511379168755615e-15,6.055297239047969e-15,0.0,0.0,1.0,0.0
wt_z,G,230211,False,1.8210926537339087,1,1,92,2.6083985014315587,False,0.920867781538304,0.9337011923084497,0.6810943858118345,0.6812671299924107,0.5983423690903724,0.006323396567299007,0.905829596412556,0.1610960554049985,0.9209011857840266,0.9338780013368596,0.6818070894775698,0.6807268698682886,0.5983492405047713,0.006323396567299007,0.905829596412556,0.16079494128274616
oracle_r32,G,230211,False,1.8241896609163883,0,1,92,2.1574153214251472,False,1.0,1.0,0.028563944559691228,0.02149885614210382,0.022567454198699235,0.00030111412225233364,0.9953488372093023,0.006323396567299007,1.0,1.0,0.028611653563658124,0.019673028818605824,0.02258675704790582,0.00030111412225233364,0.9953488372093023,0.006022282445046673
single_free_hidden_raw_s231301,G,230211,False,1.8329857950837676,0,1,92,2.135747832235962,False,1.0,1.0,0.07760705580905225,0.037309362618709214,0.058274121605191416,0.0009033423667570009,0.9861751152073732,0.018066847335140017,1.0,1.0,0.07878772124585526,0.03652898571959713,0.05953118124612874,0.0009033423667570009,0.9861751152073732,0.017765733212887685
single_free_hidden_raw_s231303,G,230211,False,1.838795106108753,0,1,92,2.158587144961734,False,1.0,1.0,0.08743223051045634,0.03962352965301895,0.06467568404516819,0.0009033423667570009,0.9861751152073732,0.018367961457392352,0.9999981240862965,1.0,0.08896714933036773,0.039517366010986626,0.06621790050569636,0.0009033423667570009,0.9861751152073732,0.018066847335140017
single_free_hidden_r32_s231301,G,230211,False,1.835827191424568,0,1,92,2.1095568771881954,False,1.0,1.0,0.08072655736098015,0.03126938909492739,0.06143889673476359,0.0012044564890093346,0.981651376146789,0.01987353206865402,1.0,1.0,0.08257384154917657,0.03151406668684235,0.06341121739123379,0.0012044564890093346,0.981651376146789,0.019572417946401688
single_free_hidden_r32_s231303,G,230211,False,1.82974773353882,0,1,92,2.135329418654767,False,0.9999942308072963,1.0,0.09065819309549543,0.05558508839198111,0.06689934108528887,0.0006022282445046673,0.9907407407407407,0.015959048479373683,0.9999942172806113,1.0,0.09157749362037018,0.05413846922551029,0.06747403905507059,0.0006022282445046673,0.9907407407407407,0.015657934357121348
single_pair_raw_s231301,G,230211,False,1.839613849513355,2,1,92,2.3352584453786243,False,0.995922570325293,0.9982752976847709,0.18301542878037305,0.15536378891421845,0.14762331807316334,0.0027100271002710027,0.9590909090909091,0.04546823246010238,0.9958574933534531,0.9980077576710342,0.1844813053359407,0.1560337160153413,0.1488389260614788,0.0027100271002710027,0.9590909090909091,0.045167118337850046
single_pair_raw_s231303,G,230211,False,1.8372516245647785,1,1,92,2.2882290210159395,False,0.9962401238489101,0.9984167179400438,0.17285064162213026,0.1489820894781173,0.140935452119721,0.002408912978018669,0.9634703196347032,0.04336043360433604,0.9962819099007211,0.998145801646697,0.17328222583007077,0.14866192659483765,0.14106956677839078,0.002408912978018669,0.9634703196347032,0.04305931948208371
single_pair_r32_s231301,G,230211,False,1.8442852158239262,0,1,92,2.190887353162597,False,0.9943946736228023,0.9972876273083173,0.19210560156109716,0.138549231723045,0.15850127678730977,0.0027100271002710027,0.9590909090909091,0.04757603131586871,0.9944123620814983,0.9970130815143899,0.19293856382228286,0.1390110186788978,0.15911864557171873,0.0027100271002710027,0.9590909090909091,0.04727491719361638
single_pair_r32_s231303,G,230211,False,1.8481657471910202,1,1,92,2.244662442898233,False,0.9939917016217399,0.9967950414946238,0.1862360091215216,0.1471072304393359,0.15860192965388872,0.0030111412225233363,0.9547511312217195,0.04667268894911172,0.9939863535016839,0.9966622800567153,0.18677029624168343,0.14715970228436842,0.1587302270023409,0.0030111412225233363,0.9547511312217195,0.04637157482685938
single_channel_raw_s231301,G,230211,False,1.8576696965562236,0,1,92,2.06688567103963,False,0.9751506298772069,0.979926196600436,0.3604250953973786,0.29135812461941596,0.3064040443426586,0.0036133694670280035,0.9459459459459459,0.09033423667570009,0.9751529845433367,0.9799632768060815,0.36184679376893647,0.29097152604657484,0.3075516406099033,0.0036133694670280035,0.9459459459459459,0.09003312255344775
single_channel_raw_s231303,G,230211,False,1.8567533975551405,0,1,92,2.0532007056613857,False,0.9747660016244504,0.9783958849588051,0.35723195313380735,0.31800456825638823,0.3056065484961553,0.00331225534477567,0.9502262443438914,0.09063535079795243,0.9745918159810689,0.9781162229150676,0.3587512747109005,0.3173876627906464,0.3068995723932391,0.00331225534477567,0.9502262443438914,0.09033423667570009
single_channel_r32_s231301,G,230211,False,1.8731322256721106,0,1,92,2.0788449476529878,False,0.9741200725610484,0.9787145186804089,0.3636476352045934,0.2889526177135116,0.3084389020441107,0.003914483589280337,0.9417040358744395,0.08943089430894309,0.9739631369211145,0.9784663692417135,0.3653196230926792,0.28861127932282776,0.3099469718479733,0.003914483589280337,0.9417040358744395,0.08912978018669075
single_channel_r32_s231303,G,230211,False,1.8432638890459498,0,1,92,2.068893651544567,False,0.9667569235879199,0.9723184685379573,0.40952418228562487,0.36498863270732596,0.3471394816159428,0.003914483589280337,0.9411764705882353,0.1011743450767841,0.9667548402866465,0.972483099764011,0.410919978633099,0.3643857513807065,0.34811456454596323,0.003914483589280337,0.9411764705882353,0.10087323095453177
exact,H,230201,False,1.819341307020519,0,0,93,1.6787728083829976,True,1.0,1.0,5.724730652457854e-15,4.632196102306467e-15,0.0,0.0,1.0,0.0,1.0,1.0,0.0026382423160803007,0.005252024155473402,0.002164656787268523,0.0,1.0,0.00030111412225233364
baseline,H,230201,False,1.8186635419620523,0,0,93,1.674496437719654,True,1.0,1.0,0.00263824231608144,0.005252024155472679,0.002164656787268523,0.0,1.0,0.00030111412225233364,1.0,1.0,6.7009045062365376e-15,3.760035443417764e-15,0.0,0.0,1.0,0.0
wt_z,H,230201,False,1.7702455441491995,0,0,93,0.8990290868560233,True,0.9372098526323077,0.9488245530662363,0.6562712058979048,0.3356734195778448,0.46955206494495727,0.00331225534477567,0.9471153846153846,0.11231556760012044,0.9371571354829404,0.9488346991701325,0.6563237292518606,0.33562593735694085,0.4693446236822054,0.00331225534477567,0.9471153846153846,0.11261668172237278
oracle_r32,H,230201,False,1.811951983242583,0,0,93,1.6532545790636048,True,1.0,1.0,0.05249723279337792,0.024829586360203524,0.03576711521974398,0.0006022282445046673,0.9902912621359223,0.008431195423065342,1.0,1.0,0.052171638873583386,0.02234507455387992,0.03541057407116911,0.0006022282445046673,0.9902912621359223,0.008732309545317675
single_free_hidden_raw_s231301,H,230201,False,1.8036543104200018,0,0,93,1.5369412032201186,True,0.9997432778507456,1.0,0.14690897935989236,0.07256239627052423,0.09852247128024214,0.0006022282445046673,0.9902912621359223,0.02318578741342969,0.9997432510062264,1.0,0.14664001119223635,0.07182977611665883,0.098208971599367,0.0006022282445046673,0.9902912621359223,0.023486901535682024
single_free_hidden_raw_s231303,H,230201,False,1.8036621030166744,0,0,93,1.5240294520638045,True,0.9999655970279128,1.0,0.12879209246330645,0.06481536582981345,0.08789665455902596,0.00030111412225233364,0.9951219512195122,0.021379102679915687,0.9999689391928799,1.0,0.1283058889461322,0.06272540254767776,0.08737371912932149,0.00030111412225233364,0.9951219512195122,0.02168021680216802
single_free_hidden_r32_s231301,H,230201,False,1.7989866919709643,0,0,93,1.5463067133610584,True,0.9994249740977462,0.999798166392994,0.1627313029675781,0.08037452053544195,0.11207695011363136,0.0009033423667570009,0.9854368932038835,0.02830472749171936,0.9994293889809734,0.999798166392994,0.16239336380992142,0.07824860088049262,0.11165342125036538,0.0009033423667570009,0.9854368932038835,0.028605841613971696
single_free_hidden_r32_s231303,H,230201,False,1.8047084078022122,0,0,93,1.6311517264010011,True,0.9996954920444592,1.0,0.15849270219787204,0.07531419900069838,0.10986964005272382,0.0009033423667570009,0.9855072463768116,0.027702499247214695,0.999700786138588,1.0,0.1581849096564621,0.07335737945343947,0.1095141634254776,0.0009033423667570009,0.9855072463768116,0.028003613369467027
single_pair_raw_s231301,H,230201,False,1.802701360088005,0,0,93,1.550157684403948,True,0.9950055575298313,1.0,0.17567293626470332,0.1005888965456815,0.12585523120779635,0.0009033423667570009,0.9855072463768116,0.028906955736224028,0.994911779588587,1.0,0.17593184983144045,0.10368136942297221,0.12595223267703504,0.0009033423667570009,0.9855072463768116,0.029208069858476363
single_pair_raw_s231303,H,230201,False,1.8152279274693863,0,0,93,1.2863308933097881,True,0.9964878558841479,1.0,0.15311593857247963,0.12766176508272264,0.10713764032241171,0.0012044564890093346,0.9806763285024155,0.027702499247214695,0.9964487881290403,1.0,0.15326739426277738,0.1291565710993955,0.10727755409915665,0.0012044564890093346,0.9806763285024155,0.028003613369467027
single_pair_r32_s231301,H,230201,False,1.8055178069589661,0,0,93,1.4259714124261351,True,0.9976836480914526,1.0,0.16282609240097382,0.10652165435518832,0.11412642355806794,0.0012044564890093346,0.9806763285024155,0.028906955736224028,0.9976189972572728,1.0,0.163017463214435,0.10888019189352753,0.1142777257327459,0.0012044564890093346,0.9806763285024155,0.029208069858476363
single_pair_r32_s231303,H,230201,False,1.8199654055699213,0,0,93,1.394397778875668,True,0.9966606986262615,1.0,0.14434491326958993,0.08759213369511065,0.10390488825302784,0.0018066847335140017,0.9712918660287081,0.024691358024691357,0.996537770160734,1.0,0.14470716247390922,0.09064808544433592,0.10430715730929328,0.0018066847335140017,0.9712918660287081,0.02499247214694369
single_channel_raw_s231301,H,230201,False,1.780350217558252,0,0,93,1.1724985390422114,True,0.9757875091449804,0.984311514146536,0.37771289255625073,0.20345261468100984,0.27582262846030886,0.0030111412225233363,0.9519230769230769,0.06865401987353206,0.9757377648879786,0.9841999070036788,0.37767357399133283,0.2023313851062538,0.275619491845057,0.0030111412225233363,0.9519230769230769,0.0689551339957844
single_channel_raw_s231303,H,230201,False,1.7848707188571524,0,0,93,1.2496483166091523,True,0.9689866660419575,0.9780348558441951,0.41146881852082995,0.2474547697683208,0.30178616397863667,0.0030111412225233363,0.9519230769230769,0.07497741644083107,0.96901668957267,0.9780348558441951,0.4114084615250053,0.24606861768448599,0.30152592360352626,0.0030111412225233363,0.9519230769230769,0.07527853056308341
single_channel_r32_s231301,H,230201,False,1.7830643850106909,0,0,93,1.2605232237339585,True,0.9757159062536332,0.9852885102756246,0.3781727312756347,0.22027347610067516,0.26984245055471884,0.0027100271002710027,0.9569377990430622,0.06865401987353206,0.9757759495987945,0.9852885102756246,0.3779971170263655,0.21902208841950033,0.2695270856020007,0.0027100271002710027,0.9569377990430622,0.0689551339957844
single_channel_r32_s231303,H,230201,False,1.7624446527786126,0,0,93,1.2153273179998787,True,0.9655707912938195,0.9770443208175056,0.42951704007125996,0.23427640588779064,0.30992493701723617,0.0027100271002710027,0.9567307692307693,0.07317073170731707,0.9655629200772181,0.9772436192868933,0.429468091226083,0.23330371407563633,0.30964846582142713,0.0027100271002710027,0.9567307692307693,0.07347184582956941
exact,H,230211,False,1.8618434356908908,0,1,93,2.1070042145726053,False,1.0,1.0,2.2346255077321624e-15,2.1526721876877047e-15,0.0,0.0,1.0,0.0,1.0,1.0,0.0028659782204143148,0.005148484027581783,0.0023710938346933968,0.0,1.0,0.0006022282445046673
baseline,H,230211,False,1.8610050228806416,0,1,93,2.109952141226601,False,1.0,1.0,0.002865978220417006,0.0051484840275820894,0.0023710938346933968,0.0,1.0,0.0006022282445046673,1.0,1.0,5.150279967185445e-15,5.130067014347378e-15,0.0,0.0,1.0,0.0
wt_z,H,230211,False,1.7782040095774856,0,1,93,1.7352111062517226,False,0.9103010271107095,0.9303154344354455,0.891222863927714,0.4515877470344859,0.6375493853194659,0.004516711833785004,0.9299065420560748,0.15597711532670883,0.9105009582538903,0.9305659503471169,0.8903204735801749,0.44912357433864153,0.6366373901546979,0.004516711833785004,0.9299065420560748,0.15537488708220415
oracle_r32,H,230211,False,1.857287798703598,0,1,93,2.1773132209777595,False,1.0,1.0,0.054109731231148026,0.026484590335566226,0.03482609329098044,0.00030111412225233364,0.9952153110047847,0.00993676603432701,1.0,1.0,0.05354900216934664,0.02854823422955564,0.034313087208365484,0.00030111412225233364,0.9952153110047847,0.00993676603432701
single_free_hidden_raw_s231301,H,230211,False,1.847626936997848,0,1,93,2.1419972213570864,False,0.9998652743085699,1.0,0.1454951113689755,0.08118614780771717,0.0947099483125906,0.0006022282445046673,0.9904761904761905,0.02318578741342969,0.9998801580513997,1.0,0.14488529773002112,0.08312694338411758,0.09418643178888764,0.0006022282445046673,0.9904761904761905,0.02318578741342969
single_free_hidden_raw_s231303,H,230211,False,1.8420796923213765,0,1,93,2.1248848275465906,False,0.9997389758049012,1.0,0.15679790407804614,0.07231866322265947,0.10226653520202661,0.00030111412225233364,0.9952153110047847,0.024691358024691357,0.9997605487843584,1.0,0.15610376482514848,0.07273679515595267,0.10159773385987643,0.00030111412225233364,0.9952153110047847,0.02408912978018669
single_free_hidden_r32_s231301,H,230211,False,1.8390587992798308,0,1,93,2.191883182137195,False,0.9997793090991811,1.0,0.15223862226196924,0.07010398273608284,0.09815923410577268,0.00030111412225233364,0.9952153110047847,0.025293586269196026,0.9998113561396736,1.0,0.15145648765435885,0.07036538222556316,0.09739447450100537,0.00030111412225233364,0.9952153110047847,0.024691358024691357
single_free_hidden_r32_s231303,H,230211,False,1.8457657877758942,0,1,93,2.2141152553532466,False,0.99970313642317,1.0,0.15300165163190535,0.07700085773327095,0.09846402263878389,0.0006022282445046673,0.9904761904761905,0.024390243902439025,0.9997245133007823,1.0,0.15237320491701797,0.07779238933122942,0.09786349443467528,0.0006022282445046673,0.9904761904761905,0.023788015657934355
single_pair_raw_s231301,H,230211,False,1.837523356413535,0,1,93,1.9460947350929725,False,0.9904909653565412,0.9967207809930064,0.24870931045778108,0.1203590411024616,0.16453614476432898,0.0012044564890093346,0.9809523809523809,0.04155374887082204,0.9905498785773235,0.9967207809930064,0.24799008230353745,0.12277479301875449,0.1640196508779434,0.0012044564890093346,0.9809523809523809,0.04155374887082204
single_pair_raw_s231303,H,230211,False,1.83744935079302,0,1,93,1.8027779343506212,False,0.9951815454864122,0.9994469059553647,0.20585174301366255,0.12297714650943598,0.14097168397283966,0.00030111412225233364,0.9952153110047847,0.03553146642577537,0.9951861701205348,0.9994469059553647,0.20514328915560828,0.12442393045291428,0.14047968602489416,0.00030111412225233364,0.9952153110047847,0.03553146642577537
single_pair_r32_s231301,H,230211,False,1.815693350170847,0,1,93,1.9294157201441524,False,0.9942378727097593,0.9985713769603182,0.22577967777548202,0.1187006068662282,0.15106670508751407,0.0009033423667570009,0.9856459330143541,0.03733815115928937,0.9943909372475226,0.9987205594403277,0.22476999452357094,0.11952637908718747,0.15022480747076425,0.0009033423667570009,0.9856459330143541,0.03733815115928937
single_pair_r32_s231303,H,230211,False,1.8328250228300973,0,1,93,1.9907427060551364,False,0.9956288110321775,0.9995960884353743,0.18521121335825266,0.12151653549340043,0.12260993162100074,0.0009033423667570009,0.985781990521327,0.031014754591990365,0.9957092735052473,0.9995960884353743,0.18445819267083857,0.12371371878546408,0.1221051681800246,0.0009033423667570009,0.985781990521327,0.031014754591990365
single_channel_raw_s231301,H,230211,False,1.7924483269348734,0,1,93,1.6965700323920871,False,0.9637923089653522,0.9748881868349242,0.5044939326753146,0.22574812141039702,0.3530311479416171,0.0021077988557663355,0.9666666666666667,0.09274314965371876,0.9640009910082276,0.9748881868349242,0.503436328409652,0.22335342893883492,0.35205082333624266,0.0021077988557663355,0.9666666666666667,0.0921409214092141
single_channel_raw_s231303,H,230211,False,1.7936237381524527,0,1,93,1.683974781772758,False,0.9642101577848695,0.9754022561250469,0.4785439643114091,0.2556771207552636,0.33375023930245734,0.0015055706112616681,0.9760765550239234,0.08491418247515808,0.9645003035404983,0.9754022561250469,0.4774348543640611,0.25300142916460194,0.33268345990645887,0.0015055706112616681,0.9760765550239234,0.08431195423065342
single_channel_r32_s231301,H,230211,False,1.8035160133531933,0,1,93,1.7053948419267895,False,0.9644538614816667,0.9795585805415596,0.4860172325121036,0.26882372462734594,0.33812834566675337,0.0015055706112616681,0.9761904761904762,0.08521529659741042,0.9647182125724686,0.9796866766517984,0.48487879073068263,0.2665581331343283,0.33709424945007294,0.0015055706112616681,0.9761904761904762,0.08461306835290575
single_channel_r32_s231303,H,230211,False,1.762059125807711,0,1,93,1.6675707549373269,False,0.9509565706367059,0.9658521986288168,0.5646420239101364,0.28232819280430393,0.3929893053780196,0.0018066847335140017,0.9712918660287081,0.10087323095453177,0.9512229691568305,0.9661773749956598,0.5635115617672671,0.27956200787111807,0.3918685226644012,0.0018066847335140017,0.9712918660287081,0.1002710027100271
exact,I,230201,False,1.8157352849737398,1,0,94,2.331356595248109,False,1.0,1.0,5.34699339007248e-15,2.8374438330476678e-15,0.0,0.0,1.0,0.0,1.0,1.0,0.006391747242215726,0.003424746654161216,0.005891151743014296,0.0,1.0,0.0006022282445046673
baseline,I,230201,False,1.8167446313448525,1,0,94,2.3513884470477087,False,1.0,1.0,0.006391747242216038,0.003424746654162513,0.005891151743014296,0.0,1.0,0.0006022282445046673,1.0,1.0,9.472740781619142e-15,4.498053951791293e-15,0.0,0.0,1.0,0.0
wt_z,I,230201,False,1.7730658569801885,0,0,94,1.0729784265479352,True,0.9658825448213729,0.979876421552255,0.37386366852096264,0.3775222615656787,0.310974241163639,0.0018066847335140017,0.9704433497536946,0.07618187292984041,0.9653220459756289,0.9793841783092073,0.37759101671087575,0.377288726607921,0.3147077727757249,0.0018066847335140017,0.9704433497536946,0.07678410117434507
oracle_r32,I,230201,False,1.817585506863349,1,0,94,2.349262719638804,False,1.0,1.0,0.027243580132372568,0.0293434952620815,0.021970496453897148,0.0,1.0,0.006022282445046673,1.0,1.0,0.025403048304357263,0.027849292843596603,0.019196501801778586,0.0,1.0,0.005420054200542005
single_free_hidden_raw_s231301,I,230201,False,1.8162930228599419,1,0,94,2.3210522140172514,False,0.9999476471696288,1.0,0.055160133588525014,0.06777119356952925,0.04474112308636271,0.0006022282445046673,0.9899497487437185,0.016260162601626018,0.9999640086548021,1.0,0.055652745498167414,0.06704947714400795,0.04481779423675155,0.0006022282445046673,0.9899497487437185,0.015657934357121348
single_free_hidden_raw_s231303,I,230201,False,1.805640999791843,1,0,94,2.2638881011985643,False,0.9999816442084557,1.0,0.061057426438827736,0.06095637250006985,0.046471570817738714,0.0009033423667570009,0.985,0.014754591990364349,0.9999206685614282,1.0,0.0634146107939981,0.060229612755631295,0.048231112728690975,0.0009033423667570009,0.985,0.015356820234869015
single_free_hidden_r32_s231301,I,230201,False,1.8130537771371795,1,0,94,2.291899979089696,False,0.9999902976534645,1.0,0.049539796335017434,0.059244240551591006,0.039589280558257924,0.0009033423667570009,0.985,0.014754591990364349,0.9999930165806057,1.0,0.0504662308327657,0.059011806264603346,0.040016666493114965,0.0009033423667570009,0.985,0.014754591990364349
single_free_hidden_r32_s231303,I,230201,False,1.8118684572779944,0,0,94,2.1885734785241713,True,0.9996139619977916,1.0,0.06648608065700398,0.06325898410820013,0.051775936329137635,0.00030111412225233364,0.9949748743718593,0.015657934357121348,0.9993798356088515,1.0,0.06948628310998467,0.06268233191815994,0.05425164356945904,0.00030111412225233364,0.9949748743718593,0.015657934357121348
single_pair_raw_s231301,I,230201,False,1.79866445428382,0,0,94,2.185891469184522,True,0.9958840046124577,0.999851097412073,0.16074056944952922,0.15752194123509694,0.11328544009854222,0.0006022282445046673,0.9900497512437811,0.0322192110809997,0.9955551326353909,0.999851097412073,0.16024056061922,0.15578733233200973,0.11351072085272869,0.0006022282445046673,0.9900497512437811,0.0322192110809997
single_pair_raw_s231303,I,230201,False,1.8059207703342393,1,0,94,2.2971320905870494,False,0.9985384121274726,0.9993803769235199,0.1419616086494835,0.12738353718200357,0.10345979974060655,0.0006022282445046673,0.9900497512437811,0.031315868714242696,0.9985780934608717,0.9993803769235199,0.14137074649174447,0.126179793904915,0.10311415693244552,0.0006022282445046673,0.9900497512437811,0.031918096958747366
single_pair_r32_s231301,I,230201,False,1.8001190273440808,0,0,94,1.9982627402310795,True,0.9970904657317305,0.9996872498217548,0.1745818368430238,0.12343903283466325,0.12245705600529391,0.00030111412225233364,0.995,0.03733815115928937,0.9968415379558162,0.9996872498217548,0.17502545205695685,0.12171828631663964,0.12337426532893271,0.00030111412225233364,0.995,0.03733815115928937
single_pair_r32_s231303,I,230201,False,1.806698408260299,0,0,94,2.1774515016062717,True,0.9973084528932722,0.9987909796615374,0.17161050407136544,0.12633812898874558,0.12294878057022846,0.0009033423667570009,0.9851485148514851,0.037940379403794036,0.9975780325043349,0.9989511046871575,0.17017131211141465,0.12483521723048238,0.1218348509778695,0.0009033423667570009,0.9851485148514851,0.037940379403794036
single_channel_raw_s231301,I,230201,False,1.7862599660473952,0,0,94,1.276295144431628,True,0.9811143289333298,0.9908088262847679,0.2683234854213463,0.2609049517420404,0.21674800596581018,0.0015055706112616681,0.9753694581280788,0.05359831376091539,0.9805539180287963,0.990659673881871,0.27177217158653294,0.2604899362243709,0.2204110504341416,0.0015055706112616681,0.9753694581280788,0.05420054200542006
single_channel_raw_s231303,I,230201,False,1.7808346565376012,0,0,94,1.5247488507445945,True,0.9857179473279661,0.994323936092836,0.22944594546312713,0.22097309512277508,0.18953449048503013,0.0009033423667570009,0.9851485148514851,0.04727491719361638,0.9851617397165758,0.9940215159154162,0.2329168760103675,0.22021675584106132,0.19318468616227893,0.0009033423667570009,0.9851485148514851,0.04787714543812105
single_channel_r32_s231301,I,230201,False,1.793410085854024,0,0,94,1.4327959337510137,True,0.9834128841332036,0.992512486090356,0.24297247942993774,0.2477716762860439,0.19408004005781804,0.0018066847335140017,0.9705882352941176,0.04727491719361638,0.98283198740532,0.992512486090356,0.24658568632960146,0.24757681991846972,0.19770581452993366,0.0018066847335140017,0.9705882352941176,0.04727491719361638
single_channel_r32_s231303,I,230201,False,1.7931908595367994,0,0,94,1.1587602910024062,True,0.9753027285330543,0.986227123641917,0.3048759461230601,0.30906949998200084,0.24376953411080501,0.0027100271002710027,0.9558823529411765,0.06142728093947606,0.9747147006745972,0.9860160149470562,0.30860727772447816,0.3088287703536579,0.24743473208517544,0.0027100271002710027,0.9558823529411765,0.06202950918398073
exact,I,230211,False,1.7581163637465824,10,1,94,2.7698663226881877,False,1.0,1.0,4.974209618226481e-15,5.069809740126244e-15,0.0,0.0,1.0,0.0,1.0,1.0,0.005915093457750348,0.0028574558566601075,0.005659609703887352,0.0,1.0,0.0012044564890093346
baseline,I,230211,False,1.7594317976345342,11,1,94,2.74060644882251,False,1.0,1.0,0.005915093457752387,0.0028574558566583402,0.005659609703887352,0.0,1.0,0.0012044564890093346,1.0,1.0,7.914663518042435e-15,5.945868358162526e-15,0.0,0.0,1.0,0.0
wt_z,I,230211,False,1.7891157153096728,8,0,94,3.0150050198733602,False,0.9437535856862753,0.9561311835669619,0.4901074274718737,0.435513050921246,0.41332472045598423,0.004817825956037338,0.9255813953488372,0.1020776874435411,0.9435649065184588,0.9556568870544898,0.49136397098117196,0.43466935898450154,0.4151465592359746,0.004817825956037338,0.9255813953488372,0.10267991568804577
oracle_r32,I,230211,False,1.7595661697251446,9,1,94,2.7867606059299166,False,1.0,1.0,0.02205607363430154,0.019862373900569764,0.016209189463607193,0.00030111412225233364,0.9951690821256038,0.004817825956037338,1.0,1.0,0.02258718183055565,0.018926210338541017,0.016199091832386273,0.00030111412225233364,0.9951690821256038,0.004817825956037338
single_free_hidden_raw_s231301,I,230211,False,1.758200458123339,7,1,94,2.837590522756276,False,0.9999602555399302,1.0,0.059843041754482705,0.04017928876983853,0.046877253547310184,0.0,1.0,0.015055706112616682,0.999964870128117,1.0,0.059949876082099625,0.03922675047714258,0.04734700113215086,0.0,1.0,0.015055706112616682
single_free_hidden_raw_s231303,I,230211,False,1.7519003964658186,8,1,94,2.800057956682227,False,0.9998816166467707,1.0,0.056137201538048624,0.035467772105601925,0.0450499430672617,0.00030111412225233364,0.9951690821256038,0.015055706112616682,0.9998329183775657,1.0,0.05861717406918206,0.034266916278052326,0.04764687973792057,0.00030111412225233364,0.9951690821256038,0.015055706112616682
single_free_hidden_r32_s231301,I,230211,False,1.7665229364935355,8,1,94,2.874802347508563,False,0.9999691255384952,1.0,0.06442835233812781,0.04139993973320847,0.051305365412779816,0.0,1.0,0.013550135501355014,0.9999521570466318,1.0,0.06497003981812809,0.04064359882329489,0.0514645909450792,0.0,1.0,0.01415236374585968
single_free_hidden_r32_s231303,I,230211,False,1.7595402088767336,8,1,94,2.711600162009694,False,0.9999812915904336,1.0,0.05449762638477721,0.03960680030287764,0.042919813660653734,0.0006022282445046673,0.9903381642512077,0.01324902137910268,0.9999812915904336,1.0,0.055098121601863066,0.038172387304031455,0.043374536535515026,0.0006022282445046673,0.9903381642512077,0.01324902137910268
single_pair_raw_s231301,I,230211,False,1.7487868832105762,6,1,94,2.812979479356345,False,0.9936229690971915,0.9984122054023369,0.19460761382001338,0.12921444950140962,0.140245835821755,0.0009033423667570009,0.9855072463768116,0.037940379403794036,0.9933232290777315,0.9980903571117385,0.19487982818742294,0.12884928875859214,0.14172231545110223,0.0009033423667570009,0.9855072463768116,0.036735922914784704
single_pair_raw_s231303,I,230211,False,1.7583135788705684,5,1,94,2.7266609413512515,False,0.9917780230521592,0.9962854178425605,0.22847140765823415,0.15257111723190556,0.15639407063865318,0.0009033423667570009,0.9855769230769231,0.04215597711532671,0.9921251869394037,0.9964272215861792,0.2273399005795368,0.15211022030015675,0.15634331010091562,0.0009033423667570009,0.9855769230769231,0.04095152062631737
single_pair_r32_s231301,I,230211,False,1.7418942985367163,4,1,94,3.037938384149597,False,0.9917784579476056,0.9948086384564385,0.2270540121525446,0.13823056452905746,0.16828177954895798,0.0009033423667570009,0.9855072463768116,0.04305931948208371,0.9914268650503935,0.994165104202308,0.22757800530180425,0.13744011049233726,0.17019271669261082,0.0009033423667570009,0.9855072463768116,0.04305931948208371
single_pair_r32_s231303,I,230211,False,1.755148098875121,7,1,94,2.7750088343874726,False,0.9953476325893823,0.9974105701699744,0.2052555064839695,0.1313538603686733,0.14251028491666987,0.0012044564890093346,0.9807692307692307,0.04185486299307437,0.9952591465123213,0.997591267448886,0.20459373879035486,0.1307558707843511,0.14284042033419606,0.0012044564890093346,0.9807692307692307,0.04065040650406504
single_channel_raw_s231301,I,230211,False,1.7688371432948806,11,1,94,3.068750201223934,False,0.9665723682999213,0.9815109118546295,0.34330365475566654,0.2854412343083092,0.2827346208430897,0.004215597711532671,0.9345794392523364,0.07226738934056007,0.966341770448311,0.9813337576596182,0.3448969340860686,0.2846667859402478,0.28497997114723705,0.004215597711532671,0.9345794392523364,0.07226738934056007
single_channel_raw_s231303,I,230211,False,1.7640716056510983,14,0,94,3.0501156790450428,False,0.9752823577720113,0.9866620089768684,0.2947296860017461,0.22551336709143865,0.2420767931200441,0.00331225534477567,0.9481132075471698,0.0644384221619994,0.9750857175268587,0.9868118708688918,0.29584664894702906,0.22440563220092197,0.2440110961489514,0.00331225534477567,0.9481132075471698,0.06383619391749473
single_channel_r32_s231301,I,230211,False,1.7861496184895183,14,0,94,2.9038313591961926,False,0.9662247071140802,0.9772588106890349,0.3611245504864652,0.2662074483453745,0.29302421725108346,0.0036133694670280035,0.9436619718309859,0.07467630231857875,0.9660764667948201,0.9773675740241471,0.3619653422542561,0.26539699314902077,0.2946831970598729,0.0036133694670280035,0.9436619718309859,0.07527853056308341
single_channel_r32_s231303,I,230211,False,1.7898699442443247,9,0,94,2.8221233381437454,False,0.9570486920999293,0.9697931208282924,0.40501208607326444,0.3453065212330106,0.3382928059593026,0.004215597711532671,0.9348837209302325,0.08069858476362542,0.9568509531470383,0.9695912579885618,0.40623204370711274,0.3444575463391679,0.3400268927743411,0.004215597711532671,0.9348837209302325,0.08130081300813008
exact,K,230201,False,1.8509543230315852,1,0,93,2.6171308576771946,False,1.0,1.0,3.299312973759285e-15,2.4743961574354385e-15,0.0,0.0,1.0,0.0,1.0,1.0,0.005865028102799608,0.009634302582690055,0.0057259845831827885,0.0,1.0,0.0012044564890093346
baseline,K,230201,False,1.8489469747931826,1,0,93,2.61528900409441,False,1.0,1.0,0.005865028102798326,0.009634302582686915,0.0057259845831827885,0.0,1.0,0.0012044564890093346,1.0,1.0,5.678960792792255e-15,5.798723660000158e-15,0.0,0.0,1.0,0.0
wt_z,K,230201,False,1.7674333267790927,0,0,93,0.8352322806330181,True,0.9156022478816064,0.9313419620412999,0.6386619364249232,0.711963189772239,0.6149582482565302,0.004516711833785004,0.9299065420560748,0.1493526046371575,0.9161874161481466,0.9312962142359906,0.6359690948819263,0.7049118329745235,0.6115615009247164,0.004516711833785004,0.9299065420560748,0.14814814814814814
oracle_r32,K,230201,False,1.853338083480647,1,0,93,2.6144158559604933,False,1.0,1.0,0.03658576245869547,0.01785646264921183,0.028199538715150047,0.0,1.0,0.007226738934056007,1.0,1.0,0.03636610269001574,0.018076106428172693,0.02830467684415111,0.0,1.0,0.007828967178560674
single_free_hidden_raw_s231301,K,230201,False,1.8695419972927372,1,0,93,2.629297050506071,False,0.9969451115056606,1.0,0.1371198308170801,0.07469732255679563,0.11034174833329337,0.0009033423667570009,0.9859154929577465,0.03342366757000903,0.9966971796092208,1.0,0.13767326243604192,0.07858587894588293,0.11075864722781074,0.0009033423667570009,0.9859154929577465,0.03342366757000903
single_free_hidden_raw_s231303,K,230201,False,1.8717112284637425,1,0,93,2.7571652664964543,False,0.9977932897979955,1.0,0.1454906919326618,0.0812038772467142,0.11606673261552775,0.0009033423667570009,0.985981308411215,0.0304125263474857,0.997640857349973,0.999866671407239,0.1462413260033204,0.0815316551496239,0.1169264724803211,0.0009033423667570009,0.985981308411215,0.0304125263474857
single_free_hidden_r32_s231301,K,230201,False,1.8739215051155524,1,0,93,2.7062651413642733,False,0.9980597543144706,1.0,0.128937551674089,0.08037942894236057,0.1036833121122258,0.0006022282445046673,0.9906542056074766,0.02830472749171936,0.9977388332774866,1.0,0.1303695459790995,0.08373802887633257,0.1056871653512736,0.0006022282445046673,0.9906542056074766,0.029509183980728697
single_free_hidden_r32_s231303,K,230201,False,1.860988291702823,1,0,93,2.447775872521371,False,0.9955694608293991,0.9989683581208869,0.1430090331267618,0.06294976618365293,0.12603091677447129,0.0012044564890093346,0.9812206572769953,0.031014754591990365,0.995632490149281,0.9991363021773778,0.1431063499999212,0.06291409696091964,0.12570710709773739,0.0012044564890093346,0.9812206572769953,0.031014754591990365
single_pair_raw_s231301,K,230201,False,1.8222819233016383,0,0,93,1.738458273544026,True,0.974280658247308,0.985650738250781,0.30665441117255593,0.2279573325345042,0.2619310400343646,0.0021077988557663355,0.9671361502347418,0.06684733514001806,0.9743066912045729,0.9856575773710405,0.305591982567212,0.22412145189563945,0.26003283462370896,0.0021077988557663355,0.9671361502347418,0.0662451068955134
single_pair_raw_s231303,K,230201,False,1.8468729217697624,0,0,93,1.9069627474797095,True,0.9741894219102503,0.9838775452418569,0.3337712257467862,0.2436751793029071,0.2718895235048076,0.0030111412225233363,0.9537037037037037,0.07286961758506474,0.9741724986025551,0.9839909167503109,0.3334374894997024,0.24129809931941176,0.2708239300452882,0.0030111412225233363,0.9537037037037037,0.07226738934056007
single_pair_r32_s231301,K,230201,False,1.8369887986655835,0,0,93,1.9621404103935367,True,0.9736233850865313,0.9845193560942104,0.3259107759364341,0.26027536087202624,0.2594813455349711,0.0027100271002710027,0.958139534883721,0.07196627521830774,0.973555787521844,0.9841923484084302,0.32545724393261605,0.2553208410503808,0.25843317787959347,0.0027100271002710027,0.958139534883721,0.07136404697380307
single_pair_r32_s231303,K,230201,False,1.8284638431542606,0,0,93,1.8801064499132514,True,0.9718064544581326,0.9816420522164296,0.3595472112898989,0.26579000476711284,0.28358354154941895,0.0027100271002710027,0.958139534883721,0.07317073170731707,0.9719202696668731,0.9819937469240297,0.3589373528464028,0.2605864808221947,0.28221965704408697,0.0027100271002710027,0.958139534883721,0.0725685034628124
single_channel_raw_s231301,K,230201,False,1.821755023770122,0,0,93,1.3269196630205586,True,0.9452145323829807,0.9561495660952566,0.4801156308071832,0.4997253768554011,0.44034652233126736,0.0030111412225233363,0.9532710280373832,0.11442336645588679,0.9457490509653406,0.957205959896992,0.47795393227064464,0.4932067930360666,0.43763720032642356,0.0030111412225233363,0.9532710280373832,0.11321890996687745
single_channel_raw_s231303,K,230201,False,1.829721844368393,0,0,93,1.2427200403118277,True,0.9485422271077222,0.958443772564012,0.4861485301892937,0.5129323380355556,0.4336613445334388,0.00331225534477567,0.9485981308411215,0.11261668172237278,0.9488985228079659,0.9589494343147671,0.4841408706417314,0.5061617442708833,0.43114591004898406,0.00331225534477567,0.9485981308411215,0.11141222523336344
single_channel_r32_s231301,K,230201,False,1.8297746404790047,0,0,93,1.3417101299219605,True,0.952758625304241,0.9643698998384236,0.45823228117387216,0.4695659470821461,0.4072927437347283,0.0030111412225233363,0.9532710280373832,0.1120144534778681,0.9531033566297926,0.964813163520723,0.45621601396329736,0.4631362603829851,0.4048204404378317,0.0030111412225233363,0.9532710280373832,0.11080999698885878
single_channel_r32_s231303,K,230201,False,1.8095004752221755,0,0,93,1.4142013753874991,True,0.9450728532503203,0.9560660131155467,0.483523722596924,0.5562527431312033,0.4463699077786698,0.0036133694670280035,0.9439252336448598,0.11562782294489611,0.9454599922649526,0.9566266718861908,0.48119686900239267,0.5491239179413648,0.44353201359430094,0.0036133694670280035,0.9439252336448598,0.11442336645588679
exact,K,230211,False,1.9052952416760043,10,1,93,2.94253874505938,False,1.0,1.0,5.906014939189181e-15,3.4774817187009586e-15,0.0,0.0,1.0,0.0,1.0,1.0,0.009936980661572803,0.01980728187161321,0.008473838621133793,0.00030111412225233364,0.9955156950672646,0.002408912978018669
baseline,K,230211,False,1.9021843297225582,10,1,93,2.916535117259288,False,1.0,1.0,0.009936980661571988,0.01980728187161215,0.008473838621133793,0.00030111412225233364,0.9955156950672646,0.002408912978018669,1.0,1.0,3.200780140881731e-15,3.595352785397073e-15,0.0,0.0,1.0,0.0
wt_z,K,230211,False,1.7884603497542402,0,1,93,1.800689908235185,False,0.8717470139847732,0.9078056588466823,1.021171476318591,1.1173640965655547,0.9270155516413912,0.009033423667570008,0.8695652173913043,0.20837097259861487,0.8725524953164097,0.9083643570081389,1.015299094025297,1.100332407800307,0.921695568102458,0.008732309545317675,0.8733624454148472,0.2068654019873532
oracle_r32,K,230211,False,1.914534174734378,8,1,93,2.798253333934944,False,1.0,1.0,0.07859621094157189,0.06562396910502832,0.06245092693182178,0.0012044564890093346,0.9822222222222222,0.020174646190906354,1.0,1.0,0.07548274314195584,0.0501719016106057,0.06079333828023359,0.0009033423667570009,0.9866071428571429,0.020174646190906354
single_free_hidden_raw_s231301,K,230211,False,1.9268936597809123,13,1,93,2.779851488914797,False,0.9947080487091849,0.9978791713844605,0.19076139288381425,0.12159310504204877,0.14267315818607088,0.0015055706112616681,0.9778761061946902,0.04004817825956037,0.9949583291435062,0.9977303618606511,0.18723937138791813,0.10837133487010608,0.14007253405051878,0.0012044564890093346,0.9822222222222222,0.03884372177055104
single_free_hidden_raw_s231303,K,230211,False,1.9379940227116974,10,1,93,2.920065161497367,False,0.9927363109533086,0.9963703376125002,0.2065166352779829,0.1092327011995486,0.15455287980684307,0.0018066847335140017,0.9734513274336283,0.04245709123757904,0.9929806933659188,0.99637017080821,0.2032334584879603,0.09540170278924852,0.15251336629807044,0.0015055706112616681,0.9777777777777777,0.04185486299307437
single_free_hidden_r32_s231301,K,230211,False,1.9568837828960952,11,1,93,2.9792623913525262,False,0.9908929462415696,0.9943200568931048,0.22202766067269702,0.09949059781634866,0.17261688063336683,0.0015055706112616681,0.9778761061946902,0.04908160192713038,0.990917630825604,0.9947728261682507,0.22033340350901057,0.09698849635229784,0.17230092718780357,0.0012044564890093346,0.9822222222222222,0.04908160192713038
single_free_hidden_r32_s231303,K,230211,False,1.9302245132683629,7,1,93,2.9320000776880586,False,0.9921868436371665,0.996419972373762,0.21239324768987655,0.12115723235825375,0.16722126590703038,0.0018066847335140017,0.9734513274336283,0.04336043360433604,0.9924555966544097,0.9964181576234716,0.20919301632033807,0.10753140143294235,0.16483683168304378,0.0015055706112616681,0.9777777777777777,0.042758205359831374
single_pair_raw_s231301,K,230211,False,1.8654948119546024,6,1,93,2.9755520900210044,False,0.9621425568766411,0.9797682307584237,0.3858717037271282,0.2250174585644897,0.30266725603812017,0.003914483589280337,0.9427312775330396,0.07497741644083107,0.9628652447617432,0.9802581085847623,0.38107388316806734,0.20684246475657903,0.29803871879555205,0.0036133694670280035,0.9469026548672567,0.07437518819632641
single_pair_raw_s231303,K,230211,False,1.895426360242627,3,1,93,2.7655684713916573,False,0.9605922787026487,0.9730763183735625,0.4577907269878426,0.2630673645727837,0.34887623439820226,0.0036133694670280035,0.9475982532751092,0.08521529659741042,0.9614345321441243,0.9732113229725696,0.45287483550180374,0.24667275521929508,0.34441265396168574,0.00331225534477567,0.9517543859649122,0.08461306835290575
single_pair_r32_s231301,K,230211,False,1.8874272158974863,6,1,93,2.9972143753371268,False,0.9639292071414128,0.9790392210821255,0.4105773983187058,0.2956958641390805,0.3056870469729344,0.0018066847335140017,0.9734513274336283,0.07738632941884975,0.9650283469696551,0.9795749263298879,0.40600470575190495,0.2777879533960325,0.30133938736901006,0.0015055706112616681,0.9777777777777777,0.07678410117434507
single_pair_r32_s231303,K,230211,False,1.8944104992704005,5,1,93,2.7673132889742575,False,0.957794159985541,0.9711718690106718,0.4875718953700968,0.3165640812669835,0.36575888693863856,0.00331225534477567,0.9519650655021834,0.09153869316470943,0.9586792030982241,0.9714148011916941,0.4826846271569318,0.29821868761955306,0.3612341006980528,0.0030111412225233363,0.956140350877193,0.09093646492020475
single_channel_raw_s231301,K,230211,False,1.9108183261287766,0,1,93,1.8069616398062156,False,0.9152872952560487,0.939715302069685,0.7488532412140408,0.7223828139431783,0.6131763952212336,0.006323396567299007,0.908695652173913,0.16079494128274616,0.9162975188364283,0.9397640837107543,0.7439483297369615,0.7049054892283699,0.6087387788294212,0.006022282445046673,0.9126637554585153,0.15898825654923215
single_channel_raw_s231303,K,230211,False,1.9149162994409126,1,1,93,2.280987107016846,False,0.9184534393636742,0.9416773697157914,0.7288639964318135,0.6686069139861687,0.6036996732646283,0.006323396567299007,0.9082969432314411,0.1511592893706715,0.9195952634961955,0.9418922170236228,0.7240771640801996,0.651465692283905,0.5994617773264193,0.006022282445046673,0.9122807017543859,0.1493526046371575
single_channel_r32_s231301,K,230211,False,1.9192170097026384,0,1,93,2.1230729796357455,False,0.9241921101926787,0.9474610782492925,0.6993421510082295,0.6244951769280289,0.5619696674857475,0.004817825956037338,0.9301310043668122,0.14212586570310148,0.925359766162667,0.9479126541897497,0.6942402620377451,0.606721084441099,0.5575619250083614,0.004516711833785004,0.9342105263157895,0.14092140921409213
single_channel_r32_s231303,K,230211,False,1.8795852681415304,0,1,93,1.7779623428133726,False,0.9118128442082765,0.9388859058239999,0.7385661321512955,0.7933377334421191,0.6218826357678385,0.006925624811803674,0.9,0.1610960554049985,0.9127964080149062,0.9396748298180584,0.733357840607583,0.7761833314070782,0.617214596674656,0.00662451068955134,0.9039301310043668,0.15989159891598917
exact,L,230201,False,1.9797781256554174,18,0,93,2.7540239613914093,False,1.0,1.0,8.684054070054691e-15,4.431293435338637e-15,0.0,0.0,1.0,0.0,1.0,1.0,0.01471894087483963,0.00397562706615529,0.01498475429722856,0.0,1.0,0.0012044564890093346
baseline,L,230201,False,1.982898692606392,19,0,93,2.784576433228938,False,1.0,1.0,0.014718940874839236,0.0039756270661581465,0.01498475429722856,0.0,1.0,0.0012044564890093346,1.0,1.0,1.201380079064752e-14,8.118390488096141e-15,0.0,0.0,1.0,0.0
wt_z,L,230201,False,1.776984985573281,0,0,93,1.5150440184690999,True,0.8924566695506315,0.9175271498123513,0.9067024664679723,0.9093551703630808,0.8131058328833856,0.0057211683227943394,0.9128440366972477,0.1728395061728395,0.8914992864385093,0.9169799758829138,0.9158160074466264,0.9076239214675641,0.8236670815880662,0.0057211683227943394,0.9128440366972477,0.17344173441734417
oracle_r32,L,230201,False,1.9661583839093466,16,0,93,2.8479517925319966,False,1.0,1.0,0.054916446882456296,0.024847119583932088,0.051152655256011086,0.0006022282445046673,0.9907407407407407,0.011743450767841012,1.0,1.0,0.06448445011976303,0.02480584025105953,0.062689892512402,0.0006022282445046673,0.9907407407407407,0.012345679012345678
single_free_hidden_raw_s231301,L,230201,False,1.9624897437316948,14,0,93,2.9941681804211395,False,0.9981173620116622,0.9996531246531246,0.10906315459411242,0.09386815241288218,0.0842270711402885,0.0006022282445046673,0.9907407407407407,0.021077988557663355,0.9973045647837591,0.9984747841309979,0.11680056497207028,0.09422046954023303,0.093456296635221,0.0006022282445046673,0.9907407407407407,0.02168021680216802
single_free_hidden_raw_s231303,L,230201,False,1.956150143748076,16,0,93,3.055071125608017,False,0.9993292205484942,1.0,0.10951276452477558,0.09808953662096749,0.08566129072825018,0.0006022282445046673,0.9907407407407407,0.021981330924420357,0.9982679124133642,0.9998546977713645,0.11817586395260507,0.09885928213044322,0.0958514359532026,0.0006022282445046673,0.9907407407407407,0.022583559168925023
single_free_hidden_r32_s231301,L,230201,False,1.9618101112166013,16,0,93,3.0506878447840764,False,0.9989957126675127,1.0,0.10668281829983658,0.09915054318481496,0.08316562762812757,0.0006022282445046673,0.9907407407407407,0.02168021680216802,0.9990814474469016,1.0,0.11343838503380782,0.09992320493241341,0.09175920159775867,0.0006022282445046673,0.9907407407407407,0.022282445046672688
single_free_hidden_r32_s231303,L,230201,False,1.9570164549579963,17,0,93,2.9668063808322196,False,0.9996144647581698,1.0,0.1095349761562062,0.08124310046035932,0.08768259148348793,0.0012044564890093346,0.9815668202764977,0.024691358024691357,0.9997290086730231,1.0,0.11512753441678718,0.0808266325107728,0.09618640115586706,0.0012044564890093346,0.9815668202764977,0.024691358024691357
single_pair_raw_s231301,L,230201,False,1.9144664626847134,2,0,93,2.5988902412757557,False,0.9769772675183309,0.9861800568814875,0.32909884825152425,0.17684506955014787,0.2963542039330831,0.0015055706112616681,0.9768518518518519,0.06865401987353206,0.975760292120681,0.9857622666956348,0.34054445743881334,0.1773307871330553,0.3091114810044787,0.0015055706112616681,0.9768518518518519,0.0698584763625414
single_pair_raw_s231303,L,230201,False,1.9382732852081763,5,0,93,2.9536615909590904,False,0.9867896958036558,0.9921225478481432,0.24971904246186324,0.15511625937500104,0.20974859178520808,0.0009033423667570009,0.9861111111111112,0.05600722673893405,0.9859163285997772,0.9913632317112919,0.2584861795338144,0.15377016030258367,0.22018172046470483,0.0009033423667570009,0.9861111111111112,0.05721168322794339
single_pair_r32_s231301,L,230201,False,1.911367761300991,3,0,93,2.779422668228738,False,0.9827754034141195,0.9880379462766471,0.3179153712045611,0.19427060776873575,0.27607405337270274,0.0015055706112616681,0.9768518518518519,0.0644384221619994,0.9816477101563977,0.9875729805022162,0.3283493901803156,0.19358530533335422,0.2881262803861688,0.0015055706112616681,0.9768518518518519,0.06564287865100873
single_pair_r32_s231303,L,230201,False,1.9283879168316587,6,0,93,3.0355516683002786,False,0.9832234659805822,0.9882193311916632,0.28334473269334615,0.1804309657710045,0.2558560594081468,0.0012044564890093346,0.9814814814814815,0.0644384221619994,0.9821937656539607,0.987789562272311,0.29412310822877524,0.1798464796157672,0.2682455501800405,0.0012044564890093346,0.9814814814814815,0.06564287865100873
single_channel_raw_s231301,L,230201,False,1.8589075303087887,2,0,93,2.431794860852808,False,0.942381387792471,0.9622878436566448,0.5697927201740889,0.4186749472936253,0.5037062015960956,0.00331225534477567,0.9493087557603687,0.11080999698885878,0.9414710235287755,0.961575696161818,0.5800959525629755,0.41777771753522586,0.5154326561295959,0.00331225534477567,0.9493087557603687,0.11171333935561578
single_channel_raw_s231303,L,230201,False,1.869191844483626,1,0,93,2.387980534677457,False,0.9504568196437448,0.9699906822576102,0.5090576346975908,0.4466422777201643,0.4424145345320069,0.0027100271002710027,0.9585253456221198,0.10087323095453177,0.9493067618435728,0.9687818647273523,0.5186578200327666,0.4454394118070492,0.45357243380328827,0.0027100271002710027,0.9585253456221198,0.10177657332128877
single_channel_r32_s231301,L,230201,False,1.889782416403816,2,0,93,2.785021795265987,False,0.9576419173969187,0.9722010662588707,0.4657696185322471,0.4084850713778379,0.3970024896459603,0.0021077988557663355,0.967741935483871,0.10147545919903643,0.9564187629140424,0.9713280009360717,0.4748225011527,0.4077362563870734,0.40765658402368105,0.0021077988557663355,0.967741935483871,0.10267991568804577
single_channel_r32_s231303,L,230201,False,1.8560819325363245,2,0,93,2.4100598849307353,False,0.9423841427702043,0.9621188185928338,0.5573302765633746,0.49638832568904745,0.4872815892019615,0.0036133694670280035,0.9447004608294931,0.10870219813309244,0.9413832002980418,0.9613914783242204,0.566728604308389,0.49519374738282085,0.49821691439190313,0.0036133694670280035,0.9447004608294931,0.10960554049984944
exact,L,230211,False,1.9013832952140424,10,1,93,2.591207843629716,False,1.0,1.0,4.0241938424863686e-15,4.021120176631586e-15,0.0,0.0,1.0,0.0,1.0,1.0,0.009283139811827929,0.003139003575552687,0.009658527301623318,0.0,1.0,0.0027100271002710027
baseline,L,230211,False,1.9026706329056493,9,1,93,2.645336296571005,False,1.0,1.0,0.009283139811827011,0.0031390035755554774,0.009658527301623318,0.0,1.0,0.0027100271002710027,1.0,1.0,1.3357643254365038e-14,7.06747750092206e-15,0.0,0.0,1.0,0.0
wt_z,L,230211,False,1.800869719162024,8,1,93,3.12455208988523,False,0.8785954262313417,0.9089248179704073,0.8302563082562678,0.9126631001222776,0.7408483963327644,0.005118940078289671,0.9223744292237442,0.19993977717554953,0.878329501522043,0.908797904688149,0.8332013001063845,0.910165112079363,0.7451068369910073,0.005118940078289671,0.9223744292237442,0.20084311954230655
oracle_r32,L,230211,False,1.8901332911666786,6,1,93,2.6748808778330107,False,1.0,1.0,0.0521233161808955,0.029869574843890218,0.052070688035881434,0.00030111412225233364,0.9953051643192489,0.00993676603432701,1.0,1.0,0.05878985921508842,0.02869513171978527,0.060064912351558836,0.00030111412225233364,0.9953051643192489,0.01084010840108401
single_free_hidden_raw_s231301,L,230211,False,1.861910704539703,6,1,93,2.824541477604831,False,0.9946691786667284,0.9980470136686376,0.1617887167747159,0.08981420668518976,0.1410831199784517,0.0009033423667570009,0.985981308411215,0.03282143932550437,0.9941885859919589,0.9974742240457649,0.16491444211793604,0.08914444910885368,0.14661751162009928,0.0009033423667570009,0.985981308411215,0.03372478169226137
single_free_hidden_raw_s231303,L,230211,False,1.8792994336706366,7,1,93,2.8494724602822386,False,0.9953879003855243,0.9972356997029428,0.14174080847889586,0.0756031889556053,0.1289567521848285,0.0009033423667570009,0.985981308411215,0.031315868714242696,0.9949790339312539,0.9968971232835393,0.14600814952813498,0.07539266101460693,0.1355212214390644,0.0009033423667570009,0.985981308411215,0.0322192110809997
single_free_hidden_r32_s231301,L,230211,False,1.8806479097550004,16,1,93,3.116581108380987,False,0.9920047938636434,0.998535083262398,0.17429329230244975,0.09274754764191542,0.13163656909222116,0.0006022282445046673,0.9906542056074766,0.0322192110809997,0.9919581858238549,0.9983862737385886,0.17500377373080903,0.09215026898044468,0.1347863606159625,0.0006022282445046673,0.9906542056074766,0.032520325203252036
single_free_hidden_r32_s231303,L,230211,False,1.8854003062756872,8,1,93,2.9284882087985933,False,0.9944991893794652,0.997628558679093,0.1645804105043107,0.07562040664185062,0.13850065926337157,0.0009033423667570009,0.985981308411215,0.036735922914784704,0.9940885336953789,0.99659294714552,0.16758918229312716,0.07487970169428972,0.1438605076698245,0.0009033423667570009,0.985981308411215,0.037639265281541705
single_pair_raw_s231301,L,230211,False,1.8241528822649764,2,1,93,2.805936046024551,False,0.9807141242939154,0.98695896179907,0.28611189495077627,0.17190318378757993,0.2751216962706629,0.0021077988557663355,0.9674418604651163,0.05962059620596206,0.9802915619086771,0.9862256317152859,0.2911900631668922,0.1707198156451084,0.2819354776228525,0.0021077988557663355,0.9674418604651163,0.06112616681722373
single_pair_raw_s231303,L,230211,False,1.8474238568492611,5,0,93,2.849185068925955,False,0.9803532912279598,0.9891505489640651,0.2764331562680484,0.15018100608668525,0.2528039065485964,0.0012044564890093346,0.9813084112149533,0.06052393857271906,0.9799093087023822,0.9885323241449855,0.2805091053498054,0.147941601837634,0.2589628799312427,0.0012044564890093346,0.9813084112149533,0.06142728093947606
single_pair_r32_s231301,L,230211,False,1.8346294535574885,3,1,93,2.766766928365957,False,0.9771337250911023,0.9834559408933636,0.3108906431619738,0.17258582587856713,0.2983733346032729,0.0021077988557663355,0.9675925925925926,0.06744956338452274,0.9766859051796818,0.9830068712716352,0.3164988278054367,0.1708633579837778,0.30561765637154104,0.0021077988557663355,0.9675925925925926,0.0689551339957844
single_pair_r32_s231303,L,230211,False,1.8344295905757413,4,1,93,2.7883738840477905,False,0.9808380451523048,0.9866134288853919,0.2848473455314594,0.18778017571431582,0.2699107070942908,0.0021077988557663355,0.9675925925925926,0.06233062330623306,0.9804959709812381,0.9867772764757099,0.29019947903916593,0.18596637067880073,0.27696637355607295,0.0021077988557663355,0.9675925925925926,0.06323396567299007
single_channel_raw_s231301,L,230211,False,1.8447824410228635,9,0,93,2.950509735698442,False,0.9391935900603692,0.961374738040338,0.5039463090310664,0.39212398947787885,0.4342522850023884,0.00331225534477567,0.9495412844036697,0.11562782294489611,0.9389043982587255,0.9612302796721954,0.5070846547883812,0.3898644996825123,0.4391491765368509,0.00331225534477567,0.9495412844036697,0.11653116531165311
single_channel_raw_s231303,L,230211,False,1.8593792197179153,17,1,93,3.028411691237286,False,0.942082048831364,0.9640022281474083,0.4869828696669699,0.39189987934500453,0.4068143725668661,0.00331225534477567,0.9497716894977168,0.10840108401084012,0.941877311673235,0.9635237400629878,0.4890790117879472,0.38954137472041916,0.4108656355974784,0.00331225534477567,0.9497716894977168,0.1093044263775971
single_channel_r32_s231301,L,230211,False,1.87230937973745,20,1,93,3.1818682570036794,False,0.9415525114024247,0.9649976021688031,0.49320805777168647,0.3783613339425756,0.39982351319505066,0.00331225534477567,0.95,0.10870219813309244,0.9414214947953379,0.9647490636575513,0.49507192080207557,0.37623033762943675,0.40358080177700667,0.00331225534477567,0.95,0.10960554049984944
single_channel_r32_s231303,L,230211,False,1.8561885833165104,10,1,93,2.857980923827765,False,0.9321239860290728,0.9528096119612328,0.5404932086049739,0.43476405786294653,0.472625989031142,0.0036133694670280035,0.944954128440367,0.12345679012345678,0.9318360761721974,0.9529258225489854,0.543489666125019,0.43240218749240855,0.4772430320866167,0.0036133694670280035,0.944954128440367,0.12436013249021378
exact,M,230201,False,1.819101016858996,5,0,93,2.8948419694840206,False,1.0,1.0,1.268998122455237e-14,1.0222221643713423e-14,0.0,0.0,1.0,0.0,1.0,1.0,0.011001660970532342,0.004079068420067821,0.011668793784707782,0.00030111412225233364,0.9953271028037384,0.0012044564890093346
baseline,M,230201,False,1.82142391115734,5,0,93,2.925030116453131,False,1.0,1.0,0.011001660970531813,0.004079068420072234,0.011668793784707782,0.00030111412225233364,0.9953271028037384,0.0012044564890093346,1.0,1.0,7.698296074769196e-15,4.936096106962177e-15,0.0,0.0,1.0,0.0
wt_z,M,230201,False,1.7762129061062988,0,0,93,1.143514714205521,True,0.8410457740572926,0.8768467810929176,1.2434829568265653,1.0995337160152563,1.0799533121790668,0.007226738934056007,0.8904109589041096,0.2685937970490816,0.840431309916066,0.8767234498981781,1.2473682140043818,1.097306979939178,1.0850870764239495,0.007527853056308341,0.8863636363636364,0.2694971394158386
oracle_r32,M,230201,False,1.8092296750855812,2,0,93,2.6879155987953967,False,1.0,1.0,0.07416743565619724,0.028173116467512246,0.0639001040496136,0.0009033423667570009,0.9859154929577465,0.018367961457392352,1.0,1.0,0.08064050748575577,0.02772233058554736,0.07218127130947996,0.0012044564890093346,0.9813084112149533,0.019572417946401688
single_free_hidden_raw_s231301,M,230201,False,1.8276023469879215,5,0,93,2.9742392505082758,False,0.9937794777104147,0.9945103037166488,0.22376377654620166,0.07867593183733049,0.18818908795493594,0.0006022282445046673,0.9906103286384976,0.04757603131586871,0.9933452405662417,0.9935876552669566,0.2280370193833657,0.07769861513111907,0.19446502910112975,0.0009033423667570009,0.985981308411215,0.04878048780487805
single_free_hidden_raw_s231303,M,230201,False,1.8249002965131123,6,0,93,2.8915664545140007,False,0.9942769776646773,0.9958447726962715,0.21479890604965765,0.08644442870863643,0.17933235240136516,0.0015055706112616681,0.9766355140186916,0.04697380307136405,0.9939986070388288,0.9952569213807054,0.21893558310732872,0.08588727079656107,0.1855352674621744,0.0018066847335140017,0.9720930232558139,0.04817825956037338
single_free_hidden_r32_s231301,M,230201,False,1.8128373344164144,3,0,93,2.721092816069714,False,0.9934924304123153,0.9933533688780047,0.22023734046482824,0.06286256007031754,0.19702467952077818,0.0012044564890093346,0.9812206572769953,0.04938271604938271,0.9927357951834322,0.9924140670474288,0.22596370267714502,0.06196512719395081,0.20490020899742695,0.0015055706112616681,0.9766355140186916,0.05058717253839205
single_free_hidden_r32_s231303,M,230201,False,1.8110561082336727,2,0,93,2.5303048367785452,False,0.9945353773436004,0.9949752319586276,0.2024365071714903,0.0840366499395893,0.1789315522182319,0.0012044564890093346,0.9812206572769953,0.04396266184884071,0.9938323692940805,0.9940484135920407,0.20827118555282795,0.08423646761473816,0.18660827919569942,0.0015055706112616681,0.9766355140186916,0.045167118337850046
single_pair_raw_s231301,M,230201,False,1.8419484015817336,1,0,93,2.3364102042639674,False,0.9515898770882242,0.9648855761889182,0.5887293426596992,0.22632744983828007,0.5038954357934543,0.002408912978018669,0.9626168224299065,0.11863896416741945,0.9508658752099832,0.9643768811088191,0.592406884833058,0.22354241058740956,0.509302750640579,0.0027100271002710027,0.958139534883721,0.11984342065642879
single_pair_raw_s231303,M,230201,False,1.8628680582799142,2,0,93,2.463496501042077,False,0.956260973261196,0.9678043649969775,0.5719139754815844,0.2767115811317532,0.4704783976788238,0.002408912978018669,0.9627906976744186,0.11532670882264379,0.9558532356958948,0.9674070765988477,0.5738364577727694,0.2738836421473159,0.4736532243884717,0.0027100271002710027,0.9583333333333334,0.11653116531165311
single_pair_r32_s231301,M,230201,False,1.8605619747890738,5,0,93,2.541905913897346,False,0.9614387135704655,0.9694541619520793,0.5702787240068348,0.26540529981939603,0.4717134481684567,0.002408912978018669,0.9626168224299065,0.11532670882264379,0.9609497099767251,0.9691156191955037,0.5728821927622199,0.2629459506070428,0.47555364840438336,0.0027100271002710027,0.958139534883721,0.11653116531165311
single_pair_r32_s231303,M,230201,False,1.8325116905630845,0,0,93,2.1912863988922453,True,0.9423249369405474,0.9586925038223435,0.6451789742662188,0.23870778415992025,0.5605651950417755,0.0027100271002710027,0.9579439252336449,0.1333935561577838,0.9414436150518835,0.9582037072740478,0.6500352862043798,0.23633083603870916,0.5673236016420621,0.0030111412225233363,0.9534883720930233,0.13459801264679314
single_channel_raw_s231301,M,230201,False,1.8383323048182905,0,0,93,2.1020377304848994,True,0.9173059869391482,0.9420655002608828,0.81388234035776,0.4457167030920458,0.685467658163448,0.003914483589280337,0.9403669724770642,0.17795844625112917,0.9164301208613906,0.9413216225681766,0.8177196413926432,0.44343574625254023,0.6907259664743424,0.004215597711532671,0.9360730593607306,0.17916290274013852
single_channel_raw_s231303,M,230201,False,1.8095116656074832,0,0,93,2.0153309740389185,True,0.9181696903624974,0.9430326452433768,0.8044924336843945,0.46170680665142405,0.686378971248018,0.003914483589280337,0.9400921658986175,0.1746461909063535,0.917264300395729,0.9423626283968896,0.8090119314874125,0.45976796104696327,0.6925054483969061,0.004215597711532671,0.9357798165137615,0.17585064739536285
single_channel_r32_s231301,M,230201,False,1.8507587216687342,0,0,93,2.194595466686356,True,0.9210483112383345,0.9455185426294526,0.7813716679419482,0.4027482584923288,0.6587758747528653,0.0036133694670280035,0.9447004608294931,0.16892502258355918,0.9202200208757985,0.9450965999977153,0.7851727633172662,0.4008480468599601,0.663933818519572,0.003914483589280337,0.9403669724770642,0.1701294790725685
single_channel_r32_s231303,M,230201,False,1.820433246881906,0,0,93,1.9443994907446687,True,0.9004461571477005,0.9285526904375067,0.8989216409484757,0.5172268188910587,0.7637981136073201,0.005118940078289671,0.9220183486238532,0.19241192411924118,0.8996818439775619,0.9277098039302801,0.9031765192324629,0.5154485253886233,0.769578808375889,0.005420054200542005,0.9178082191780822,0.19361638060825054
exact,M,230211,False,1.689472501623068,0,1,93,2.110852502408277,False,1.0,1.0,7.578037646068783e-15,5.655355264148914e-15,0.0,0.0,1.0,0.0,1.0,1.0,0.005609291966607604,0.003014991806240358,0.005588167448876783,0.0,1.0,0.0006022282445046673
baseline,M,230211,False,1.6899387017476304,0,1,93,2.1161616906038154,False,1.0,1.0,0.005609291966608166,0.0030149918062397432,0.005588167448876783,0.0,1.0,0.0006022282445046673,1.0,1.0,4.54313762757065e-15,2.3347102559694627e-15,0.0,0.0,1.0,0.0
wt_z,M,230211,False,1.786142682320495,0,1,93,1.7992430394352397,False,0.8625900831607619,0.8979334936090362,1.1895724526605496,1.0173141158302654,1.0098894810825665,0.007226738934056007,0.8888888888888888,0.2559470039144836,0.8623614111618905,0.8980558304278016,1.1905306227150225,1.0151988520909034,1.0106826740992194,0.007226738934056007,0.8888888888888888,0.2559470039144836
oracle_r32,M,230211,False,1.6953541996649275,0,1,93,2.0461622468024645,False,1.0,1.0,0.07614927308101263,0.04416681259878107,0.057388230685145744,0.00030111412225233364,0.9950738916256158,0.013550135501355014,1.0,1.0,0.07738431177671033,0.04291617069528609,0.0582946346787552,0.00030111412225233364,0.9950738916256158,0.013550135501355014
single_free_hidden_raw_s231301,M,230211,False,1.6910158236564088,0,1,93,2.1611289859120015,False,0.9990293471552372,1.0,0.1416870798935193,0.07046695750770768,0.10754884396127903,0.00030111412225233364,0.9950980392156863,0.02740138512496236,0.9991320739237223,1.0,0.14216529181254156,0.06847278892579055,0.10763126627058973,0.00030111412225233364,0.9950980392156863,0.02740138512496236
single_free_hidden_raw_s231303,M,230211,False,1.69415004462316,0,1,93,1.9922949059644774,False,0.997835093213905,0.9998451576576577,0.1589668345307115,0.09186295116276144,0.1215236668547948,0.0006022282445046673,0.9901960784313726,0.032520325203252036,0.9979065353202251,0.9998451576576577,0.15993639851776492,0.09050034109088277,0.12238673910531737,0.0006022282445046673,0.9901960784313726,0.032520325203252036
single_free_hidden_r32_s231301,M,230211,False,1.6946083595961592,0,1,93,2.0172492960673107,False,0.9974333683885918,0.9993706645844804,0.1774020995532072,0.07646213656027166,0.13784015812730402,0.0009033423667570009,0.9852941176470589,0.037037037037037035,0.9973634198767847,0.9993706645844804,0.17888600923155987,0.07534371874415874,0.13939640289139202,0.0009033423667570009,0.9852941176470589,0.037037037037037035
single_free_hidden_r32_s231303,M,230211,False,1.6994004064004564,1,1,93,2.33525436248448,False,0.9965241416488417,0.9991990056553736,0.18631329249012982,0.07978334241087687,0.13786669353195,0.0006022282445046673,0.9902439024390244,0.0340258958145137,0.9966515253138863,0.9990362280535715,0.1863482948243189,0.07873473563966465,0.13715343530417504,0.0006022282445046673,0.9902439024390244,0.0340258958145137
single_pair_raw_s231301,M,230211,False,1.688215325174814,0,1,93,1.6840346190462654,False,0.9670721427329184,0.9827867124621331,0.3845768084937629,0.14772257883631582,0.30451865680239026,0.0018066847335140017,0.9710144927536232,0.08310749774164408,0.9670094371350727,0.9824317230868306,0.38528557517860934,0.14581403872260296,0.30522095810980887,0.0018066847335140017,0.9710144927536232,0.08310749774164408
single_pair_raw_s231303,M,230211,False,1.7112944044730345,0,1,93,1.8383535026968891,False,0.9715899121283754,0.9870197736434883,0.3781474649543081,0.18487980037485469,0.30209829414441935,0.0018066847335140017,0.9711538461538461,0.08099969888587774,0.9715965312950029,0.9871371382976835,0.3781868880096329,0.1825854865680961,0.3017370661252698,0.0018066847335140017,0.9711538461538461,0.08099969888587774
single_pair_r32_s231301,M,230211,False,1.731427532024214,0,0,93,1.8584538599170726,True,0.9667798192167918,0.9817095037465345,0.4477577061844531,0.1894913144006962,0.35338115630414224,0.0015055706112616681,0.9758454106280193,0.09153869316470943,0.966831531898841,0.9821311888576851,0.4480363347753581,0.1872712997089842,0.35332595221577917,0.0015055706112616681,0.9758454106280193,0.09153869316470943
single_pair_r32_s231303,M,230211,False,1.7086613745076311,0,1,93,1.747368331093384,False,0.9661261704993358,0.9853450567375064,0.41867464256052406,0.16627798327526452,0.32358556718615555,0.0021077988557663355,0.9663461538461539,0.09123757904245709,0.9659136505221332,0.9847622517786215,0.42056689960103033,0.16411514176374795,0.3254199195030197,0.0021077988557663355,0.9663461538461539,0.09123757904245709
single_channel_raw_s231301,M,230211,False,1.7674406292535767,0,0,93,1.9057445216056217,True,0.9335952270951606,0.9607062200902072,0.7047970926773335,0.34229612742485377,0.58502624663414,0.0030111412225233363,0.9523809523809523,0.15808491418247517,0.9333139479806898,0.9603382517827529,0.7061577979443283,0.3400419967181347,0.5861509332005423,0.0030111412225233363,0.9523809523809523,0.15778380006022283
single_channel_raw_s231303,M,230211,False,1.7506851862098733,2,0,93,2.5539345989056166,False,0.9392160621756606,0.9677905833102196,0.6397129671642579,0.3620737996626408,0.5253729296010807,0.0030111412225233363,0.9523809523809523,0.1457392351701295,0.9391429515150962,0.9671327237727867,0.6407376651974019,0.3597995509332711,0.5260047636350801,0.0030111412225233363,0.9523809523809523,0.1457392351701295
single_channel_r32_s231301,M,230211,False,1.7580897138897689,0,0,93,1.810536854786164,True,0.94257717590298,0.968480786172412,0.6066119031490037,0.32888731801798704,0.502345406921262,0.00331225534477567,0.9478672985781991,0.13851249623607348,0.9425099425301525,0.968190606704901,0.6077647313794025,0.3268567691720665,0.5031024885803065,0.00331225534477567,0.9478672985781991,0.13851249623607348
single_channel_r32_s231303,M,230211,False,1.7628581181629848,0,0,93,1.7852543384234894,True,0.9253394415197753,0.9511293753922058,0.7719834390512067,0.4255259329159104,0.6317041253758113,0.0030111412225233363,0.9523809523809523,0.1710328214393255,0.9251871251215114,0.9508742465905965,0.7729883570522732,0.4234162879846417,0.6324510162061211,0.0030111412225233363,0.9523809523809523,0.17073170731707318
exact,N,230201,False,1.8930211173147973,7,0,93,2.6997453308051895,False,1.0,1.0,1.298298457818721e-14,8.63645024303833e-15,0.0,0.0,1.0,0.0,1.0,1.0,0.005051446058343748,0.001955490771428525,0.004672232008422652,0.00030111412225233364,0.9951690821256038,0.0006022282445046673
baseline,N,230201,False,1.8920027232774905,6,0,93,2.6780886604972296,False,1.0,1.0,0.005051446058341815,0.0019554907714324212,0.004672232008422652,0.00030111412225233364,0.9951690821256038,0.0006022282445046673,1.0,1.0,4.319081053284084e-15,3.262799090177801e-15,0.0,0.0,1.0,0.0
wt_z,N,230201,False,1.7649943734560247,0,0,93,0.8341134418737353,True,0.8944335810765245,0.9113179801940741,1.044514417875334,0.5747437242969474,0.72799625731703,0.006925624811803674,0.8935185185185185,0.14182475158084915,0.8943767136891468,0.9107043499147502,1.0442936471844741,0.5748995846965906,0.7272032664000123,0.00662451068955134,0.8976744186046511,0.14122252333634447
oracle_r32,N,230201,False,1.8906138546659663,6,0,93,2.6479202320890654,False,1.0,1.0,0.03022338442382735,0.017799156102492362,0.021074706543230924,0.0006022282445046673,0.9903846153846154,0.006022282445046673,1.0,1.0,0.030347357103161537,0.017731319121869336,0.020964813095110047,0.00030111412225233364,0.9951690821256038,0.005420054200542005
single_free_hidden_raw_s231301,N,230201,False,1.8785921775584642,8,0,93,2.6435968518760755,False,0.9964210422333956,1.0,0.12217916709893809,0.07571662541992341,0.08986078810346694,0.0012044564890093346,0.9807692307692307,0.018669075579644687,0.9966880198904805,1.0,0.12116126321189029,0.07551344319803915,0.08831214285730435,0.0009033423667570009,0.9855072463768116,0.018066847335140017
single_free_hidden_raw_s231303,N,230201,False,1.8814664962252865,8,0,93,2.5189519139433605,False,0.9974945852159085,1.0,0.1142107865888985,0.06832011258587119,0.0830908417470654,0.0015055706112616681,0.9760765550239234,0.020475760313158686,0.9977454684684726,1.0,0.11331719131957879,0.06773533033444436,0.08175960451624092,0.0012044564890093346,0.9807692307692307,0.01987353206865402
single_free_hidden_r32_s231301,N,230201,False,1.8852922477749272,9,0,93,2.535918448081645,False,0.9981067882224061,1.0,0.12063292328880668,0.08691764238324837,0.08453053750456326,0.0009033423667570009,0.9855769230769231,0.019271303824149353,0.9982682666284641,1.0,0.12072575667141744,0.08679236926558224,0.08434641673260372,0.0006022282445046673,0.9903381642512077,0.018669075579644687
single_free_hidden_r32_s231303,N,230201,False,1.8798787191954214,3,0,93,2.415630331176293,False,0.9972600026999509,0.9996008633441429,0.14662076269633087,0.08580320838384194,0.09878737879780096,0.0012044564890093346,0.9808612440191388,0.022884673291177358,0.9974567528161209,0.9996008633441429,0.14646581187526475,0.0855653161497647,0.09834735725484996,0.0009033423667570009,0.9855769230769231,0.022282445046672688
single_pair_raw_s231301,N,230201,False,1.8489621692804104,0,0,93,1.6855960216897012,True,0.9610771878538672,0.9803758020647202,0.35396653087204216,0.146323431816927,0.25916715256840644,0.0027100271002710027,0.9577464788732394,0.050888286660644384,0.96103850857382,0.9802199521978336,0.35349748494876854,0.14669866395315884,0.2584847864464447,0.002408912978018669,0.9622641509433962,0.050286058416139714
single_pair_raw_s231303,N,230201,False,1.857847073766927,0,0,93,1.7250220083445935,True,0.9656675171311964,0.9843498779638695,0.335360957429195,0.1537932046651905,0.23997987041295388,0.0027100271002710027,0.9575471698113207,0.04787714543812105,0.9658161874081153,0.9846083173835141,0.3345797372396996,0.15424779850688272,0.23906473275264484,0.002408912978018669,0.9620853080568721,0.04727491719361638
single_pair_r32_s231301,N,230201,False,1.856738955034226,0,0,93,1.721590795639775,True,0.9671768394637895,0.9839276317851745,0.3128582850899698,0.1482622047265566,0.23122433232939646,0.0018066847335140017,0.9714285714285714,0.043661547726588375,0.9673385129968678,0.9839288206941971,0.31163708565078385,0.14870629673126634,0.22986024763176885,0.0015055706112616681,0.9760765550239234,0.04305931948208371
single_pair_r32_s231303,N,230201,False,1.8631622615207757,0,0,93,1.5899064836947223,True,0.9653317305261865,0.9842996559140553,0.3333248760097127,0.15057814327517977,0.2405675276713403,0.0027100271002710027,0.9577464788732394,0.04968383017163505,0.9653485741742439,0.9839769912264641,0.3328759790912208,0.15120625486021189,0.23994719436876705,0.002408912978018669,0.9622641509433962,0.04908160192713038
single_channel_raw_s231301,N,230201,False,1.809779153865366,0,0,93,1.4878758387102815,True,0.9400912384452399,0.9576095655371278,0.5658196607338672,0.28105737973310785,0.4113851539873552,0.004215597711532671,0.9345794392523364,0.08220415537488708,0.9400429799196308,0.9577345812478436,0.5652393932436913,0.2812437801916845,0.4103708040146294,0.003914483589280337,0.9389671361502347,0.08160192713038242
single_channel_raw_s231303,N,230201,False,1.8209345720932975,0,0,93,1.3227552882344704,True,0.9413348788518291,0.9591625514023309,0.5483235999385434,0.24533499252672766,0.39843099604215376,0.004817825956037338,0.9259259259259259,0.08310749774164408,0.9412623833664104,0.9589811338889914,0.5481548533713091,0.24574878863836716,0.3978397241107099,0.004516711833785004,0.9302325581395349,0.08250526949713942
single_channel_r32_s231301,N,230201,False,1.8254072691396144,0,0,93,1.8751349570853773,True,0.951386910471537,0.9683099449849796,0.4745807350497759,0.22676182500327438,0.3475403988059318,0.003914483589280337,0.9389671361502347,0.07015959048479374,0.9513815016236454,0.9677761802504876,0.47421813253487777,0.22723228361528325,0.3468010285773405,0.0036133694670280035,0.9433962264150944,0.06955736224028906
single_channel_r32_s231303,N,230201,False,1.7920912554297113,0,0,93,1.1235271399892084,True,0.9291343526596376,0.9473086545343323,0.6554959921475512,0.3350084014974216,0.47448836736910166,0.004817825956037338,0.9259259259259259,0.09695874736525142,0.9290517812169165,0.9471889708848179,0.6550942292988493,0.33530590776496755,0.4736071850938588,0.004516711833785004,0.9302325581395349,0.09635651912074676
exact,N,230211,False,1.9125302502814214,0,0,93,2.016175177791201,True,1.0,1.0,4.540504519032877e-15,3.7612273082368e-15,0.0,0.0,1.0,0.0,1.0,1.0,0.004484596821763799,0.002715847251026984,0.004466467001694023,0.0,1.0,0.0018066847335140017
baseline,N,230211,False,1.9111788232606952,0,0,93,2.0111504233559447,True,1.0,1.0,0.0044845968217658615,0.0027158472510271665,0.004466467001694023,0.0,1.0,0.0018066847335140017,1.0,1.0,1.1484320914349801e-14,1.1359853458668084e-14,0.0,0.0,1.0,0.0
wt_z,N,230211,False,1.7725172208157716,0,1,93,1.69904603873068,False,0.8926282365169745,0.9060985698699964,1.0691211968860745,0.5047832153173879,0.7203102908899455,0.008130081300813009,0.88,0.16531165311653118,0.8926738180744466,0.9061647476569008,1.0693472942243867,0.5038715300537271,0.7197034422774513,0.008130081300813009,0.88,0.1665161096055405
oracle_r32,N,230211,False,1.908532108235987,0,0,93,1.9586759476883318,True,1.0,1.0,0.039028746948954494,0.025985987213087015,0.0290354132102485,0.00030111412225233364,0.9954128440366973,0.0057211683227943394,1.0,1.0,0.03789684068193068,0.025386583251802368,0.02740796419935521,0.00030111412225233364,0.9954128440366973,0.006323396567299007
single_free_hidden_raw_s231301,N,230211,False,1.897714013048102,0,0,93,1.90013751246104,True,0.9984403794219882,0.9993165769556775,0.10287090784982988,0.07033255604528954,0.07517186370224584,0.0006022282445046673,0.9908256880733946,0.018669075579644687,0.9986106201513265,0.9993165769556775,0.10145328328732646,0.0697160685152763,0.07299222710317098,0.0006022282445046673,0.9908256880733946,0.018066847335140017
single_free_hidden_raw_s231303,N,230211,False,1.8950883404923213,0,0,93,1.9259558598158093,True,0.9995930216661483,1.0,0.12494964496041695,0.07082427004150271,0.0843214921372537,0.0006022282445046673,0.9908256880733946,0.02408912978018669,0.9996719614841171,1.0,0.12493820395186554,0.07034995750567226,0.08370694120920302,0.0006022282445046673,0.9908256880733946,0.023486901535682024
single_free_hidden_r32_s231301,N,230211,False,1.8937226463908239,0,0,93,1.839145516379114,True,0.9989118104297884,1.0,0.10124917586696118,0.06779581386487975,0.0793579859741674,0.0006022282445046673,0.9908256880733946,0.021379102679915687,0.9990450399208037,1.0,0.10016851384536239,0.06750629552004886,0.07728744711074606,0.0006022282445046673,0.9908256880733946,0.021379102679915687
single_free_hidden_r32_s231303,N,230211,False,1.9033211862832995,0,0,93,2.023929066127965,True,0.9986324821319283,0.9998168064574315,0.12366305402955881,0.08218553177211183,0.08724951729025221,0.0006022282445046673,0.9908256880733946,0.025594700391448358,0.9987074893471221,0.9998168064574315,0.12340378268208217,0.08220026539518137,0.08636445522851134,0.0006022282445046673,0.9908256880733946,0.02499247214694369
single_pair_raw_s231301,N,230211,False,1.8672214318306652,0,1,93,1.6358778825359808,False,0.9651501180676785,0.9782946012249542,0.38853109724181745,0.13338598899409104,0.2618265544757357,0.005420054200542005,0.9196428571428571,0.06865401987353206,0.96518015755534,0.9784461692990463,0.3885426893583361,0.1338832849288831,0.2611173068188676,0.005420054200542005,0.9196428571428571,0.0698584763625414
single_pair_raw_s231303,N,230211,False,1.8652687885885353,0,1,93,1.6496723108332854,False,0.9789775152914175,0.9876868253300534,0.2904216926286265,0.11438884807686328,0.2038975664003834,0.004215597711532671,0.9366515837104072,0.05600722673893405,0.9790660068004603,0.987933991083796,0.29028937238159747,0.11484676378109784,0.20293528461042595,0.004215597711532671,0.9366515837104072,0.05660945498343872
single_pair_r32_s231301,N,230211,False,1.8472621069928703,0,1,93,1.9719874448706618,False,0.9755000959912082,0.981194158360122,0.32177474077413876,0.11995543403001162,0.25237015383840145,0.005118940078289671,0.9234234234234234,0.058416139716952725,0.9756883368599804,0.9812901932775856,0.32087615667877245,0.12025134771362435,0.25039916343145574,0.005118940078289671,0.9234234234234234,0.059018367961457395
single_pair_r32_s231303,N,230211,False,1.8546930256294172,0,1,93,1.6686231221279015,False,0.9742238518105394,0.9835521605109715,0.3209154887082027,0.09330501230557407,0.23721935804680677,0.004817825956037338,0.9279279279279279,0.05871725383920506,0.9743616746462614,0.983692595472835,0.32032803217910627,0.09339561585875966,0.2356336819674224,0.004817825956037338,0.9279279279279279,0.05871725383920506
single_channel_raw_s231301,N,230211,False,1.819403640143659,0,1,93,1.6758335796354267,False,0.9507412569411436,0.9609329387785912,0.5092430313228906,0.1883481779235275,0.3621116971402148,0.006323396567299007,0.905829596412556,0.08792532369768143,0.950799208519293,0.9611158415541856,0.5090149936674812,0.1868395672640654,0.3609658614766461,0.006323396567299007,0.905829596412556,0.08852755194218609
single_channel_raw_s231303,N,230211,False,1.8225418685004882,0,1,93,1.6693335398542595,False,0.9458045701835529,0.9563535516501905,0.5371502769167816,0.1908306928905806,0.37762160872001677,0.006323396567299007,0.905829596412556,0.08973200843119543,0.9458215995587524,0.9560996051456744,0.5370061359070567,0.1893970634721386,0.37662029986203216,0.006323396567299007,0.905829596412556,0.09033423667570009
single_channel_r32_s231301,N,230211,False,1.8329900676450408,0,1,93,1.8034126823876633,False,0.9579635909520181,0.9685317453678943,0.47412551357544086,0.17574347117285452,0.3306434329570125,0.0057211683227943394,0.9147982062780269,0.08370972598614874,0.958032502446178,0.968565011238646,0.4740250995542043,0.1745263827089473,0.329652658054495,0.0057211683227943394,0.9147982062780269,0.08431195423065342
single_channel_r32_s231303,N,230211,False,1.7966110249511331,0,1,93,1.6856336828908174,False,0.9373388265014081,0.946707912067088,0.6092032068400302,0.23420392029265147,0.42886009121255536,0.006022282445046673,0.9103139013452914,0.0984643179765131,0.9374162288718604,0.9469566558616516,0.6089302890930949,0.23274940879158776,0.42765582810235164,0.006022282445046673,0.9103139013452914,0.09906654622101776
exact,P,230201,False,1.8527463415667718,0,0,93,1.7056781869559303,True,1.0,1.0,5.940983854889563e-15,5.606151586452385e-15,0.0,0.0,1.0,0.0,1.0,1.0,0.003997676287860075,0.002394446482061359,0.003460709029671047,0.0,1.0,0.0006022282445046673
baseline,P,230201,False,1.8523764865884929,0,0,93,1.7096765811612549,True,1.0,1.0,0.003997676287859639,0.002394446482057684,0.003460709029671047,0.0,1.0,0.0006022282445046673,1.0,1.0,5.259875993628722e-15,3.837758678397461e-15,0.0,0.0,1.0,0.0
wt_z,P,230201,False,1.7757410589144207,0,0,93,1.1137023022493282,True,0.939588537315522,0.95046602711238,0.5923463620219094,0.6308787149095495,0.48243899711806304,0.00331225534477567,0.9476190476190476,0.11382113821138211,0.9398301005847686,0.9509312852794196,0.5907883439453573,0.6310586476816071,0.48100825770240085,0.00331225534477567,0.9476190476190476,0.11442336645588679
oracle_r32,P,230201,False,1.8553175605609198,0,0,93,1.643484438524171,True,1.0,1.0,0.027180447763257842,0.01194706454978566,0.02051722140615501,0.0,1.0,0.005420054200542005,1.0,1.0,0.025956172835201418,0.011011993361469784,0.019893406240329998,0.0,1.0,0.006022282445046673
single_free_hidden_raw_s231301,P,230201,False,1.8465211259796503,0,0,93,1.4738097407365789,True,0.999679370104607,1.0,0.09259373372075731,0.0720701340984943,0.07057964723186745,0.0006022282445046673,0.9903381642512077,0.020174646190906354,0.9997855312873556,1.0,0.0916247226350307,0.07300734034655784,0.06971880839845698,0.0006022282445046673,0.9903381642512077,0.019572417946401688
single_free_hidden_raw_s231303,P,230201,False,1.8477578420213752,0,0,93,1.5273970213841424,True,1.0,1.0,0.08065164034341671,0.06281815934505819,0.06061970592590531,0.00030111412225233364,0.9951690821256038,0.015657934357121348,1.0,1.0,0.07948226758963131,0.06370655481028352,0.0597821593331079,0.00030111412225233364,0.9951690821256038,0.015055706112616682
single_free_hidden_r32_s231301,P,230201,False,1.8474459123770102,0,0,93,1.466790632479507,True,0.9999919521829985,1.0,0.08371476698949175,0.05200624206264375,0.06213777858357625,0.00030111412225233364,0.9951690821256038,0.016260162601626018,0.9999919434015634,1.0,0.08250475601176939,0.052880459902586906,0.06133165176857818,0.00030111412225233364,0.9951690821256038,0.015657934357121348
single_free_hidden_r32_s231303,P,230201,False,1.8493356256942888,0,0,93,1.4254438504631364,True,0.9998277065770441,1.0,0.0966307932601308,0.06351717627653788,0.07039805791867573,0.0006022282445046673,0.9903381642512077,0.017163504968383016,0.9999116600076934,1.0,0.09527361803547893,0.063992923947598,0.06949826546885075,0.0006022282445046673,0.9903381642512077,0.01656127672387835
single_pair_raw_s231301,P,230201,False,1.8291772310417949,0,0,93,1.3651356162896273,True,0.9955912689690559,0.9984069279472015,0.17494096191015193,0.16615711220209456,0.13863356219286516,0.0006022282445046673,0.9903381642512077,0.037639265281541705,0.9958408135285215,0.9984069279472015,0.1730206193319679,0.16665671564487075,0.13694655889172233,0.0006022282445046673,0.9903381642512077,0.037037037037037035
single_pair_raw_s231303,P,230201,False,1.8278274288212346,0,0,93,1.4326105781798417,True,0.9956244505210639,0.9995105404347426,0.16460317320129392,0.1930402829362417,0.1300585662640986,0.0009033423667570009,0.9855769230769231,0.03462812405901837,0.995868107781122,0.9995105404347426,0.16299749894443497,0.19375220703153867,0.12863423466351312,0.0009033423667570009,0.9855769230769231,0.03462812405901837
single_pair_r32_s231301,P,230201,False,1.8330276950518627,0,0,93,1.463977804282585,True,0.9935673785683425,0.9975784991705671,0.2020703033361105,0.1956436409090636,0.15691146642390796,0.0012044564890093346,0.9808612440191388,0.04185486299307437,0.9938375885363355,0.9975784991705671,0.20052901679174742,0.19609760129053924,0.1555857870818745,0.0012044564890093346,0.9808612440191388,0.04245709123757904
single_pair_r32_s231303,P,230201,False,1.828332760182796,0,0,93,1.536802310407423,True,0.9919377626451623,0.9963008606921309,0.22196722498131852,0.21281005065854747,0.17112540190841402,0.0015055706112616681,0.9760765550239234,0.04336043360433604,0.9921712153105912,0.9963008606921309,0.22021694843463208,0.2134607110616608,0.16956045065354194,0.0015055706112616681,0.9760765550239234,0.042758205359831374
single_channel_raw_s231301,P,230201,False,1.8078944983389067,0,0,93,1.106456182922662,True,0.9757098274228463,0.9850967035518989,0.3559677211441564,0.3466058556195129,0.28003911569339884,0.0015055706112616681,0.9759615384615384,0.07015959048479374,0.9759085163468456,0.9851449104981475,0.35444226302883053,0.34723738432764684,0.27863534212821195,0.0015055706112616681,0.9759615384615384,0.0707618187292984
single_channel_raw_s231303,P,230201,False,1.8026350149849135,0,0,93,1.1259411451610326,True,0.9740854571786215,0.9847085832797279,0.366363412262389,0.39064793898634553,0.2882811438842243,0.0018066847335140017,0.9712918660287081,0.07136404697380307,0.9742554523623914,0.9847447413833205,0.3649100374195125,0.39104150692037404,0.2869475210908357,0.0018066847335140017,0.9712918660287081,0.07196627521830774
single_channel_r32_s231301,P,230201,False,1.814738805115595,0,0,93,1.0808326794652365,True,0.9806349583038168,0.9892813099847236,0.3163915784649899,0.36748928337014786,0.24916407879672814,0.0015055706112616681,0.9760765550239234,0.06383619391749473,0.9808729252218877,0.989632448247046,0.31519782954421194,0.36810037091832687,0.24803191162659885,0.0015055706112616681,0.9760765550239234,0.0644384221619994
single_channel_r32_s231303,P,230201,False,1.8051655248762561,0,0,93,1.2633752865016,True,0.9701262741119281,0.9805709762804362,0.3949199463284064,0.4016843126161742,0.31046249762126044,0.0018066847335140017,0.9712918660287081,0.07859078590785908,0.970307327198265,0.9809125599859905,0.3933801938537802,0.40217509710237914,0.3090889077436725,0.0018066847335140017,0.9712918660287081,0.07919301415236375
exact,P,230211,False,1.8250870716743897,12,1,93,2.8039230090353953,False,1.0,1.0,1.0696940460709302e-14,7.224054174767033e-15,0.0,0.0,1.0,0.0,1.0,1.0,0.0048082420863329286,0.00407754784537487,0.004143503076795072,0.0,1.0,0.0009033423667570009
baseline,P,230211,False,1.824089552778598,12,1,93,2.7743597406826397,False,1.0,1.0,0.0048082420863335765,0.004077547845374444,0.004143503076795072,0.0,1.0,0.0009033423667570009,1.0,1.0,4.5122341801574665e-15,5.346703983370807e-15,0.0,0.0,1.0,0.0
wt_z,P,230211,False,1.773400010339062,0,1,93,1.8147758888993242,False,0.9197190395998663,0.9389511405505088,0.7139116082623972,0.6898791425823922,0.5623544867605992,0.0036133694670280035,0.9444444444444444,0.1297801866907558,0.9200399693254742,0.9388678034161659,0.7119137796165557,0.6893339340564272,0.5608333417336855,0.0036133694670280035,0.9444444444444444,0.12947907256850347
oracle_r32,P,230211,False,1.8300167947105086,10,1,93,2.869581347583531,False,1.0,1.0,0.02833707160790451,0.014938862912407796,0.02387141501466401,0.0006022282445046673,0.9906103286384976,0.008431195423065342,1.0,1.0,0.029108966617542975,0.015475173754744142,0.025092071811833105,0.0006022282445046673,0.9906103286384976,0.008130081300813009
single_free_hidden_raw_s231301,P,230211,False,1.8192058086190872,7,1,93,2.759939972393452,False,0.9990038250073113,1.0,0.1032639962657856,0.06771436210634536,0.07741035603289548,0.0009033423667570009,0.9859154929577465,0.020475760313158686,0.9993497559633582,1.0,0.10112876754783497,0.06835912966533866,0.0757734603097965,0.0009033423667570009,0.9859154929577465,0.020174646190906354
single_free_hidden_raw_s231303,P,230211,False,1.8201607367124049,6,1,93,2.8215635651407713,False,0.9994466274105346,1.0,0.1125557949001453,0.05826053952237956,0.0822385380643822,0.0009033423667570009,0.9859154929577465,0.01746461909063535,0.9996836533014162,1.0,0.10992598441308583,0.05943485467503635,0.08021838859782504,0.0009033423667570009,0.9859154929577465,0.017163504968383016
single_free_hidden_r32_s231301,P,230211,False,1.8240938067561239,6,1,93,2.905985249848482,False,0.9988672020968115,1.0,0.1143233035929659,0.06127489418062993,0.0871706881905669,0.0009033423667570009,0.9859154929577465,0.020174646190906354,0.9992656589393658,1.0,0.11217474059598867,0.061826786628717996,0.08570177370471475,0.0009033423667570009,0.9859154929577465,0.01987353206865402
single_free_hidden_r32_s231303,P,230211,False,1.8270596090077318,7,1,93,2.9619097603689597,False,0.9973190179618175,1.0,0.11504141016271219,0.0719514928364093,0.08509482779696441,0.0009033423667570009,0.9859154929577465,0.020475760313158686,0.9977394556312512,1.0,0.11295842081779145,0.07276790218514512,0.08384443555559297,0.0009033423667570009,0.9859154929577465,0.020174646190906354
single_pair_raw_s231301,P,230211,False,1.8043491707113206,5,1,93,2.6834406410889837,False,0.9923133377659866,0.9979643861712146,0.20032571036937852,0.17287060099993742,0.14443076704710758,0.0009033423667570009,0.9859154929577465,0.03372478169226137,0.9927988045992807,0.9981400640812678,0.19810787330409912,0.17434580903853714,0.14263102292750232,0.0009033423667570009,0.9859154929577465,0.03342366757000903
single_pair_raw_s231303,P,230211,False,1.8144356308432215,6,1,93,2.6773811925842868,False,0.9971214694410984,1.0,0.16080375288068216,0.19633904151391796,0.12267099344348943,0.0006022282445046673,0.9906103286384976,0.03342366757000903,0.9975103514417282,1.0,0.15931885797950543,0.1977713175664523,0.12154306261416349,0.0006022282445046673,0.9906103286384976,0.0331225534477567
single_pair_r32_s231301,P,230211,False,1.8144786031537516,7,1,93,3.022290526297385,False,0.9967784892313724,0.9998547801796158,0.1834870934010336,0.18981783011022105,0.14108150695621333,0.0009033423667570009,0.9859154929577465,0.03643480879253237,0.9971050217546161,0.9998547801796158,0.18211789311828586,0.19086045326890397,0.1400600540995078,0.0009033423667570009,0.9859154929577465,0.036133694670280034
single_pair_r32_s231303,P,230211,False,1.8095238599280323,6,1,93,2.5806676872917444,False,0.9863827531102385,0.9956577779556424,0.24979749300718843,0.21185171271697545,0.1779273675080518,0.0009033423667570009,0.9859154929577465,0.03884372177055104,0.9867725391318974,0.9958251886699281,0.24743564598762155,0.2134289601299784,0.17611545104168377,0.0009033423667570009,0.9859154929577465,0.038542607648298706
single_channel_raw_s231301,P,230211,False,1.8174298237025936,6,1,93,2.9111546858338158,False,0.9673286437649875,0.9818541747206091,0.3935752762432398,0.3847016703315724,0.30816058043963396,0.0015055706112616681,0.9766355140186916,0.07738632941884975,0.9676950097901181,0.982139235336494,0.3919733011007361,0.38487828045531547,0.3071124371821544,0.0015055706112616681,0.9766355140186916,0.07708521529659741
single_channel_raw_s231303,P,230211,False,1.8106318985332286,6,1,93,2.782953602611549,False,0.9642838682518101,0.9793404731397329,0.4089920719856449,0.4191565811058394,0.3202874710459223,0.0018066847335140017,0.9719626168224299,0.08069858476362542,0.9647449983145604,0.9795050654918253,0.40709717110600263,0.419068400790298,0.31901117271605783,0.0018066847335140017,0.9719626168224299,0.08039747064137308
single_channel_r32_s231301,P,230211,False,1.8212393271795215,7,1,93,2.8688342208517734,False,0.9740184326329304,0.9856626907299832,0.3595207421410299,0.3903515878795222,0.2838808988375394,0.0012044564890093346,0.9812206572769953,0.07407407407407407,0.9744781456049824,0.9855760424547368,0.35801423177553426,0.39067499077520046,0.28291842785516397,0.0012044564890093346,0.9812206572769953,0.07377295995182175
single_channel_r32_s231303,P,230211,False,1.801316969847805,4,1,93,2.5660431544000897,False,0.9586230320084855,0.9739409377872189,0.448155790090657,0.4383724088741863,0.3492815709729723,0.0021077988557663355,0.9672897196261683,0.08822643781993375,0.9589601394511614,0.9742867159223243,0.44620961927181685,0.4384277360743475,0.3479121519122734,0.0021077988557663355,0.9672897196261683,0.08792532369768143
exact,Q,230201,False,1.943349681837596,8,0,93,2.7270908521795842,False,1.0,1.0,4.2854964639152056e-15,3.396629320202206e-15,0.0,0.0,1.0,0.0,1.0,1.0,0.002285691679693608,0.0023061023103303664,0.0017764098557116656,0.0,1.0,0.00030111412225233364
baseline,Q,230201,False,1.9429475491655992,8,0,93,2.7245850818767137,False,1.0,1.0,0.0022856916796960675,0.00230610231033183,0.0017764098557116656,0.0,1.0,0.00030111412225233364,1.0,1.0,6.438035104429119e-15,6.207599090031866e-15,0.0,0.0,1.0,0.0
wt_z,Q,230201,False,1.7751889851842473,0,0,93,1.4574806173688641,True,0.8919729198726171,0.9198424876391252,0.7767720464043497,0.782561989526064,0.7014098247726808,0.005118940078289671,0.9212962962962963,0.1737428485395965,0.8919289691548048,0.9198548884327761,0.777522708529857,0.7812708999379939,0.7018605027331017,0.005118940078289671,0.9212962962962963,0.17344173441734417
oracle_r32,Q,230201,False,1.9470555151530382,9,0,93,2.7056742291140887,False,1.0,1.0,0.03688275056627907,0.02362910446207887,0.026759037549162833,0.00030111412225233364,0.9953271028037384,0.007226738934056007,1.0,1.0,0.037220449443238324,0.022255291812589218,0.027081581396773573,0.00030111412225233364,0.9953271028037384,0.006925624811803674
single_free_hidden_raw_s231301,Q,230201,False,1.9445482156830516,7,0,93,2.6873566531565305,False,0.9998707120937549,1.0,0.12674352699230165,0.05879019057445084,0.08184779260894043,0.0006022282445046673,0.9906542056074766,0.022583559168925023,0.9998540708963173,1.0,0.12696534987222155,0.057364635839453816,0.08192996660386971,0.0006022282445046673,0.9906542056074766,0.022282445046672688
single_free_hidden_raw_s231303,Q,230201,False,1.9367907136300337,5,0,93,2.714747020257983,False,0.9997594642606199,1.0,0.12248869368422519,0.07000529999211341,0.08869712938176834,0.0006022282445046673,0.9906103286384976,0.022282445046672688,0.9997438040273449,1.0,0.12274918149321543,0.0685745556612271,0.08895403669893036,0.0006022282445046673,0.9906103286384976,0.021981330924420357
single_free_hidden_r32_s231301,Q,230201,False,1.9454622115939946,9,0,93,2.7096370648481427,False,0.9999151966816798,1.0,0.11575606837931855,0.05883315777944535,0.07637041956851827,0.00030111412225233364,0.9953271028037384,0.02077687443541102,0.9999340724540805,1.0,0.11571431986925762,0.05748225678616696,0.0762004488440964,0.00030111412225233364,0.9953271028037384,0.020475760313158686
single_free_hidden_r32_s231303,Q,230201,False,1.9417699682853113,9,0,93,2.764193828237361,False,0.9998537861519188,1.0,0.11623899707528591,0.06949544455466446,0.07747459388222971,0.0006022282445046673,0.9906542056074766,0.021379102679915687,0.9998593899716428,1.0,0.11623037972113294,0.06814611576051777,0.07744365560386979,0.0006022282445046673,0.9906542056074766,0.021077988557663355
single_pair_raw_s231301,Q,230201,False,1.8861333434265928,1,0,93,2.535095939234629,False,0.9839735466376706,0.9923064251796713,0.25871285885112344,0.1148852441563375,0.23204361192495684,0.0009033423667570009,0.9859154929577465,0.05570611261668172,0.9838347086318793,0.9921287025754779,0.25938742150594335,0.11357264617603227,0.2324697185216751,0.0009033423667570009,0.9859154929577465,0.05540499849442939
single_pair_raw_s231303,Q,230201,False,1.8904039905735641,2,0,93,2.5980631760320523,False,0.9879887716931757,0.9956204396425525,0.24075739542691968,0.09851038834427837,0.19901440666574438,0.0009033423667570009,0.9859154929577465,0.05299608551641072,0.9878810814880452,0.9956204396425525,0.2413632346650641,0.09760577104032639,0.19935513604618826,0.0009033423667570009,0.9859154929577465,0.05269497139415839
single_pair_r32_s231301,Q,230201,False,1.8911866353915965,4,0,93,2.9512467915816196,False,0.9894479637995149,0.9947144134635943,0.24756302771389704,0.13966607651995727,0.204547800216884,0.0015055706112616681,0.9765258215962441,0.05630834086118639,0.9894085738307429,0.9945440025572962,0.24801083049273948,0.1382661722627499,0.20477596456856095,0.0015055706112616681,0.9765258215962441,0.05600722673893405
single_pair_r32_s231303,Q,230201,False,1.8919658257286018,1,0,93,2.800414775846672,False,0.9840960312433922,0.9923475989028406,0.2637363404126094,0.12536601124086458,0.226035188711811,0.0009033423667570009,0.9859154929577465,0.056910569105691054,0.983978431943593,0.9923475989028406,0.2643063467629906,0.12374843596817259,0.2264074803137973,0.0009033423667570009,0.9859154929577465,0.05660945498343872
single_channel_raw_s231301,Q,230201,False,1.8689098213875428,1,0,93,2.336556986179157,False,0.9588898024905675,0.9777166458503886,0.39757436721254347,0.2710157207498852,0.33654713524699126,0.0021077988557663355,0.9675925925925926,0.08822643781993375,0.9587919572117165,0.9777166458503886,0.3983609756741801,0.269388218704081,0.33708977236000176,0.0021077988557663355,0.9675925925925926,0.08792532369768143
single_channel_raw_s231303,Q,230201,False,1.8637717551815325,1,0,93,2.328829723626585,False,0.9559375796907273,0.9752939160340607,0.42759320208029916,0.31986706062872,0.3598877964717143,0.0021077988557663355,0.9674418604651163,0.0966576332429991,0.9558858479507586,0.9750916173726607,0.4282822017567033,0.3181419153529065,0.3603544887234451,0.0021077988557663355,0.9674418604651163,0.09635651912074676
single_channel_r32_s231301,Q,230201,False,1.8870646086787113,1,0,93,2.4632664663974357,False,0.9653150527838495,0.9813835941932814,0.39827603729520134,0.2914126681626899,0.323445206154654,0.0018066847335140017,0.9720930232558139,0.08912978018669075,0.9652606348202449,0.9815173724520596,0.39899749010370583,0.28973774896182536,0.32396859437614667,0.0018066847335140017,0.9720930232558139,0.08882866606443843
single_channel_r32_s231303,Q,230201,False,1.8533327500511658,0,0,93,2.1727361874264663,True,0.9499754760736524,0.9703986603172216,0.4514343686205406,0.36239908497749673,0.3892914067636513,0.0030111412225233363,0.9537037037037037,0.10448660042155977,0.9498479607847636,0.970773651765718,0.45210309586406316,0.36074550314064635,0.3897523444154599,0.0030111412225233363,0.9537037037037037,0.10418548629930743
exact,Q,230211,False,1.7946048217575545,1,1,93,2.2396291549220737,False,1.0,1.0,1.1837252512127118e-14,9.05606979188339e-15,0.0,0.0,1.0,0.0,1.0,1.0,0.002861057455835931,0.00338303264763063,0.002435303131611596,0.0,1.0,0.0006022282445046673
baseline,Q,230211,False,1.793543775058053,1,1,93,2.2438756825702555,False,1.0,1.0,0.0028610574558379093,0.003383032647631163,0.002435303131611596,0.0,1.0,0.0006022282445046673,1.0,1.0,6.543732768946392e-15,4.435084862979724e-15,0.0,0.0,1.0,0.0
wt_z,Q,230211,False,1.7708363238381797,0,1,93,2.120750303697137,False,0.8890388680576815,0.9131988191524614,0.8466738655915391,0.9360217137305568,0.7414095608525143,0.004516711833785004,0.9299065420560748,0.20957542908762422,0.8890688105031342,0.9132152020035966,0.8470009274106027,0.9338437300694087,0.7414591983176638,0.004516711833785004,0.9299065420560748,0.20927431496537188
oracle_r32,Q,230211,False,1.79983074414216,1,1,93,2.2534595543581633,False,1.0,1.0,0.04727971762841778,0.03402649985357796,0.03450390307633373,0.0006022282445046673,0.9904306220095693,0.010237880156579343,1.0,1.0,0.047781762454566695,0.031701573061562696,0.03529855781365234,0.0006022282445046673,0.9904306220095693,0.009635651912074676
single_free_hidden_raw_s231301,Q,230211,False,1.7883233946022545,0,1,93,2.11803599724538,False,0.9998394095747304,1.0,0.11624596303301976,0.045274009690677894,0.07845761377616421,0.0006022282445046673,0.9904306220095693,0.024390243902439025,0.9998417156719689,1.0,0.11640322358737472,0.04314437265962507,0.07828827541646148,0.0006022282445046673,0.9904306220095693,0.024390243902439025
single_free_hidden_raw_s231303,Q,230211,False,1.791658011953854,0,1,93,2.038106244487136,False,0.9996470613242311,1.0,0.1186277244267933,0.055025252821322104,0.08107877501647538,0.0009033423667570009,0.9857142857142858,0.023788015657934355,0.9996315244284488,1.0,0.1191318941250524,0.052683400689036645,0.08129892608663743,0.0009033423667570009,0.9857142857142858,0.023788015657934355
single_free_hidden_r32_s231301,Q,230211,False,1.7971617505025734,0,1,93,2.052492763103163,False,0.9998295938395118,1.0,0.1332099473609482,0.06398225955320114,0.09127457251390542,0.00030111412225233364,0.9951923076923077,0.028906955736224028,0.9998157445549689,1.0,0.13374249248983822,0.061981685526898374,0.09155530562379499,0.00030111412225233364,0.9951923076923077,0.029509183980728697
single_free_hidden_r32_s231303,Q,230211,False,1.7945587466015465,0,1,93,2.076086532262363,False,0.9997510159008431,1.0,0.12804922616209172,0.06592654332555331,0.0895357252287834,0.0006022282445046673,0.9904306220095693,0.02649804275820536,0.9997709024789059,1.0,0.1282842425646165,0.06398597636036026,0.08976615866969967,0.0006022282445046673,0.9904306220095693,0.02649804275820536
single_pair_raw_s231301,Q,230211,False,1.7488150418223907,0,1,93,1.9147564169355296,False,0.987263081948727,0.9942235359310756,0.2456893282659339,0.1319237833312077,0.1960300541751071,0.00030111412225233364,0.9951923076923077,0.058416139716952725,0.9872773396885982,0.9943922072475695,0.2459138645588683,0.1298328770462733,0.19560026665599503,0.00030111412225233364,0.9951923076923077,0.058416139716952725
single_pair_raw_s231303,Q,230211,False,1.7656169163434747,0,1,93,1.9978862331122094,False,0.988859394956559,0.9955396609815572,0.2542999193926106,0.125653146248591,0.20128949501736992,0.0006022282445046673,0.9904306220095693,0.0608250526949714,0.9888440059224932,0.9955322158521608,0.25459165992101573,0.12338496202201497,0.2011316272926848,0.0006022282445046673,0.9904306220095693,0.0608250526949714
single_pair_r32_s231301,Q,230211,False,1.7604901387475655,0,1,93,1.9803791237040431,False,0.9858351816546808,0.9930672135077917,0.27089806335244837,0.14589565736715923,0.2148473005871182,0.0009033423667570009,0.9855769230769231,0.06413730803974707,0.9858988027582529,0.9930547648821362,0.2707669687265298,0.1435107375541764,0.2143452953509039,0.0009033423667570009,0.9855769230769231,0.06413730803974707
single_pair_r32_s231303,Q,230211,False,1.7614419846675367,0,1,93,1.9630493095982307,False,0.9906500603765896,0.9961485331790275,0.24793992810709836,0.17161382931996436,0.19443612478288305,0.0006022282445046673,0.9903846153846154,0.057813911472448055,0.9907706763363928,0.9961184098001135,0.2476732562497417,0.1689012945817904,0.19394887433008215,0.0006022282445046673,0.9903846153846154,0.057813911472448055
single_channel_raw_s231301,Q,230211,False,1.7908303016312284,0,1,93,1.7352146154404327,False,0.9645998369902113,0.9790150277060112,0.42448953482385376,0.28513871206337615,0.34953152074686133,0.0015055706112616681,0.9761904761904762,0.10629328515507377,0.9645554831834611,0.9789820164556127,0.4249562975379078,0.2827385059682429,0.349778509381316,0.0015055706112616681,0.9761904761904762,0.10569105691056911
single_channel_raw_s231303,Q,230211,False,1.8125336264462486,0,1,93,1.7997198480007013,False,0.9606477356163111,0.9738955682974403,0.4559562709049028,0.3287570074489639,0.3775079347102372,0.0015055706112616681,0.976303317535545,0.11291779584462511,0.9605780933544251,0.9738995909211732,0.4564421918903816,0.3263299975546117,0.37786980823094496,0.0015055706112616681,0.976303317535545,0.11231556760012044
single_channel_r32_s231301,Q,230211,False,1.8141186452638958,0,1,93,1.7643981352974998,False,0.9657604532282923,0.9787601599297336,0.4425825328442181,0.3071346979902253,0.35679074981475867,0.0012044564890093346,0.9809523809523809,0.10809996988858778,0.96569363482538,0.9787509828157239,0.4432286053975938,0.30477622309428903,0.35723865530677834,0.0012044564890093346,0.9809523809523809,0.10809996988858778
single_channel_r32_s231303,Q,230211,False,1.797557848535055,0,1,93,1.9293854173839486,False,0.9518262381747737,0.9673159771205609,0.4894675166113698,0.40305660571529167,0.41020638027573253,0.0021077988557663355,0.966824644549763,0.12586570310147546,0.9518743127243807,0.9678783644256783,0.48984985532004777,0.4005001855829935,0.41043400308758216,0.0021077988557663355,0.966824644549763,0.12526347485697079
exact,R,230201,False,1.8788110932778954,4,0,93,2.70825935621042,False,1.0,1.0,7.045136453835447e-15,4.590766409790069e-15,0.0,0.0,1.0,0.0,1.0,1.0,0.006124011851662938,0.002251673011170192,0.005542227089757818,0.00030111412225233364,0.995,0.0009033423667570009
baseline,R,230201,False,1.877781926250797,4,0,93,2.7056051359124638,False,1.0,1.0,0.006124011851664234,0.0022516730111703407,0.005542227089757818,0.00030111412225233364,0.995,0.0009033423667570009,1.0,1.0,3.741159446009414e-15,4.215127403105345e-15,0.0,0.0,1.0,0.0
wt_z,R,230201,False,1.755203804766549,0,0,93,1.1516092134399964,True,0.840835654029464,0.8714463979574874,1.2994116472228667,0.5974290089620166,0.887532802511609,0.010237880156579343,0.8440366972477065,0.20897320084311954,0.8407092921131194,0.871890575479281,1.3011186966641437,0.5981357516048473,0.8887380542375426,0.010538994278831678,0.8394495412844036,0.20987654320987653
oracle_r32,R,230201,False,1.873496833597351,4,0,93,2.7461992289564545,False,1.0,1.0,0.0493447392406911,0.04560376263086179,0.036866676815414,0.0,1.0,0.010237880156579343,1.0,1.0,0.05101768890243141,0.04589246434146618,0.03764956168737657,0.00030111412225233364,0.995,0.010538994278831678
single_free_hidden_raw_s231301,R,230201,False,1.8562613088197368,4,0,93,2.647451895811215,False,0.9994525859339606,1.0,0.15668104492667326,0.12118177777418422,0.1234223823245902,0.0009033423667570009,0.9850746268656716,0.03432700993676603,0.9994915489276837,1.0,0.15900996578655738,0.12197379968783632,0.12491392457069507,0.0012044564890093346,0.9800995024875622,0.03523035230352303
single_free_hidden_raw_s231303,R,230201,False,1.8596208792818707,1,0,93,2.2117080326982164,False,0.9979854376991801,1.0,0.1460077112309084,0.09996213765158962,0.11254885678175373,0.0012044564890093346,0.9800995024875622,0.031315868714242696,0.9980482018164948,1.0,0.14728003858014338,0.1008955457218881,0.11324752426340264,0.0015055706112616681,0.9751243781094527,0.0322192110809997
single_free_hidden_r32_s231301,R,230201,False,1.8615840877074412,6,1,93,2.959384513837531,False,0.9991000351252094,1.0,0.14660112273485945,0.11801018899994059,0.11438957947418531,0.00030111412225233364,0.995,0.03071364046973803,0.9991257625311555,1.0,0.14784408049947823,0.11877172450416386,0.1150630264888002,0.0006022282445046673,0.99,0.031616982836495035
single_free_hidden_r32_s231303,R,230201,False,1.8531180072071876,1,0,93,2.3032516043415354,False,0.9972016827484302,0.9996323098011606,0.16983251889602152,0.10536962087134366,0.12990738499329238,0.0012044564890093346,0.9801980198019802,0.032520325203252036,0.9972454001942374,0.9996259093915344,0.17053386665678208,0.10599926600042392,0.1299602415842188,0.0015055706112616681,0.9752475247524752,0.03342366757000903
single_pair_raw_s231301,R,230201,False,1.8087512740081757,0,0,93,1.4780811431820002,True,0.9323432687910096,0.9552566420354958,0.5411401245881509,0.19558506058908973,0.3885883979717216,0.005118940078289671,0.919047619047619,0.1020776874435411,0.9319707180963577,0.9545570461954819,0.5426015629783901,0.19659599967775654,0.3897924125582637,0.005420054200542005,0.9142857142857143,0.10298102981029811
single_pair_raw_s231303,R,230201,False,1.827009548945021,0,0,93,1.692963586119759,True,0.9386910391844395,0.9587770452562516,0.500490044527684,0.2202421430579916,0.36009567799111014,0.004817825956037338,0.9238095238095239,0.10087323095453177,0.9383819717388054,0.9582264991376805,0.5021011117005331,0.22136376803293195,0.36158210269325647,0.005118940078289671,0.919047619047619,0.10177657332128877
single_pair_r32_s231301,R,230201,False,1.8278313390512406,0,0,93,1.4810550358719352,True,0.9423573020059505,0.9659610283835159,0.4904478551115754,0.22891291462927998,0.34124068424868265,0.0057211683227943394,0.909952606635071,0.0930442637759711,0.9421644095023948,0.9662069871711119,0.49137889937264473,0.2298799928485262,0.3419888225174882,0.006022282445046673,0.9052132701421801,0.0939476061427281
single_pair_r32_s231303,R,230201,False,1.8236111867364688,0,0,93,1.7004490676288087,True,0.9392999062453111,0.9610527961271742,0.5004521312568712,0.2365678268932531,0.3606441537625823,0.0057211683227943394,0.9095238095238095,0.09876543209876543,0.938991936243282,0.9611342617850147,0.5016903979146438,0.2374572233850275,0.36161858143776443,0.006022282445046673,0.9047619047619048,0.09966877446552243
single_channel_raw_s231301,R,230201,False,1.7822331717469522,0,0,93,1.605890370656079,True,0.9054401603063765,0.923249529425874,0.7726127049813378,0.32847587918090343,0.5400417908189479,0.007226738934056007,0.8878504672897196,0.14543812104787715,0.9052488638382288,0.9235461680245939,0.7736311800573282,0.3294691747162168,0.5408124692577935,0.007527853056308341,0.883177570093458,0.14634146341463414
single_channel_raw_s231303,R,230201,False,1.7743904338781764,0,0,93,1.3428473840534934,True,0.8864512085005979,0.9084932731332325,0.8796627686906199,0.3363215044256111,0.6195716880964335,0.007527853056308341,0.883177570093458,0.15898825654923215,0.8862668098210691,0.9084180822468976,0.8812935498695903,0.3373960820305614,0.6206589652578618,0.007828967178560674,0.8785046728971962,0.15989159891598917
single_channel_r32_s231301,R,230201,False,1.7986380348086997,0,0,93,1.692135683998124,True,0.9086355518342519,0.9297389895329788,0.7143884743560373,0.3035467752032121,0.5055869761505989,0.00662451068955134,0.8962264150943396,0.1342968985245408,0.9084696928827716,0.9293958196847774,0.7158495881920919,0.30467699841804396,0.5066839446548259,0.006925624811803674,0.8915094339622641,0.1352002408912978
single_channel_r32_s231303,R,230201,False,1.7437927925208223,0,0,93,1.0518045385348276,True,0.8715240813467168,0.8941075216381769,1.005761248995203,0.3798585962166318,0.7047330853969274,0.008431195423065342,0.8691588785046729,0.17314062029509183,0.8712568127458917,0.894329925539051,1.0072847495038304,0.3805957082181873,0.7055575723346552,0.008732309545317675,0.8644859813084113,0.17404396266184885
exact,R,230211,False,1.8566395439786085,0,0,93,1.6875281228241283,True,1.0,1.0,4.159038618369558e-15,4.218714689688143e-15,0.0,0.0,1.0,0.0,1.0,1.0,0.005003121111487046,0.0032760796116594083,0.004150464069232107,0.0,1.0,0.0009033423667570009
baseline,R,230211,False,1.8561601007840483,0,0,93,1.6985269736332076,True,1.0,1.0,0.005003121111488245,0.0032760796116609006,0.004150464069232107,0.0,1.0,0.0009033423667570009,1.0,1.0,9.9230254114664e-15,8.671958951853893e-15,0.0,0.0,1.0,0.0
wt_z,R,230211,False,1.743232421785066,0,0,93,1.7477730993483278,True,0.8331567732554834,0.8629419376604004,1.4563297069508558,0.4504226940272199,1.0267294833394611,0.010538994278831678,0.8401826484018264,0.2237277928334839,0.8331811623116655,0.8627922863479586,1.4586066385315415,0.4516198799538546,1.028390260320802,0.010538994278831678,0.8401826484018264,0.2237277928334839
oracle_r32,R,230211,False,1.8550309356495986,0,0,93,1.67759029201893,True,1.0,1.0,0.04530808534048575,0.036852371772795614,0.034366692765101375,0.00030111412225233364,0.995,0.009033423667570008,1.0,1.0,0.04652446848502,0.038573708632116475,0.03544854360697123,0.00030111412225233364,0.995,0.00993676603432701
single_free_hidden_raw_s231301,R,230211,False,1.8454782955465028,0,0,93,1.7797361905558362,True,0.9958936144872814,0.9996547840944391,0.15375311952690374,0.10328899815813425,0.12350753586760017,0.0012044564890093346,0.9800995024875622,0.03643480879253237,0.9959518030843846,0.9996547840944391,0.15366679980439046,0.10500930739694508,0.12361573601936167,0.0012044564890093346,0.9800995024875622,0.03733815115928937
single_free_hidden_raw_s231303,R,230211,False,1.8502312762666078,0,0,93,1.8526929952656626,True,0.9969326051275104,1.0,0.1552352202082924,0.12580403769048643,0.12350620129504561,0.0015055706112616681,0.9752475247524752,0.036735922914784704,0.9967800931266475,1.0,0.15600823003891867,0.12796844767619783,0.12429528141111132,0.0015055706112616681,0.9752475247524752,0.037037037037037035
single_free_hidden_r32_s231301,R,230211,False,1.847978636444688,0,0,93,1.8431323251211154,True,0.9959137725798781,0.9990721673545535,0.17367164098034596,0.11268894435105596,0.12980572867220735,0.0009033423667570009,0.9850746268656716,0.03342366757000903,0.9960441536055084,0.9994672857642195,0.17364860833940698,0.11424039963525248,0.13013602845236114,0.0009033423667570009,0.9850746268656716,0.03432700993676603
single_free_hidden_r32_s231303,R,230211,False,1.8417906638509134,0,0,93,1.9202759163207042,True,0.9966778678335689,1.0,0.15228930229753407,0.10601576662285964,0.11644593482718522,0.0012044564890093346,0.9800995024875622,0.03432700993676603,0.9967488191175885,1.0,0.15236868828810946,0.10802229804182359,0.11670367071636999,0.0012044564890093346,0.9800995024875622,0.0340258958145137
single_pair_raw_s231301,R,230211,False,1.789209518367434,0,0,93,1.7864146733267052,True,0.9364044539009041,0.9490999236506671,0.602186509749269,0.21827242346053324,0.41133239621418144,0.004817825956037338,0.9230769230769231,0.10719662752183078,0.936047050772691,0.9484923473267288,0.6043547875597856,0.21903713262404537,0.41324416042308726,0.004817825956037338,0.9230769230769231,0.10689551339957844
single_pair_raw_s231303,R,230211,False,1.8033022546218573,0,0,93,2.0016974389235234,True,0.9275074860579512,0.940258677782378,0.6387999047408948,0.2712009863141608,0.44583621257057227,0.006323396567299007,0.9009433962264151,0.11653116531165311,0.9271844596123734,0.9399938412675414,0.6410760101856978,0.27266190541253327,0.44789333718132307,0.006323396567299007,0.9009433962264151,0.11623005118940079
single_pair_r32_s231301,R,230211,False,1.785816804915965,0,0,93,1.7449223178365947,True,0.9482285134540399,0.9607005019938671,0.5178025309397802,0.23727524282189486,0.3540398750483329,0.004817825956037338,0.9227053140096618,0.09424872026498042,0.9478530606129468,0.9600927018810043,0.5199687490119164,0.23869397841932927,0.35579437494134136,0.004817825956037338,0.9227053140096618,0.09334537789822343
single_pair_r32_s231303,R,230211,False,1.793663384823384,0,0,93,1.8281037258864936,True,0.9477765058573572,0.9591397534915292,0.5156732913045279,0.23310620309702143,0.3567582581027198,0.004516711833785004,0.9271844660194175,0.09545317675398976,0.9473917836204241,0.9588327683813738,0.5180857334000696,0.2348850425613997,0.3587491995487665,0.004516711833785004,0.9271844660194175,0.09515206263173742
single_channel_raw_s231301,R,230211,False,1.7532837389160356,0,0,93,1.7345117220625987,True,0.8995128102285047,0.9185979476199119,0.828576492486028,0.2907931563174118,0.5859070708172858,0.007828967178560674,0.8785046728971962,0.15055706112616682,0.8992786633958884,0.9180867151830847,0.8308171582397403,0.2920239996111827,0.5876835103158606,0.007828967178560674,0.8785046728971962,0.15085817524841916
single_channel_raw_s231303,R,230211,False,1.7919335104436735,0,0,93,1.7965294328973036,True,0.8847466052273774,0.9053697676407664,0.9451949784013185,0.22923487000987985,0.6673477205636095,0.009033423667570008,0.8617511520737328,0.16711833785004518,0.8845402174177412,0.9047897937837872,0.9475347954639216,0.23078238776053575,0.669248245124901,0.009033423667570008,0.8617511520737328,0.1674194519722975
single_channel_r32_s231301,R,230211,False,1.7846701198623525,0,0,93,1.778621690820318,True,0.9043984814244538,0.9236847576947992,0.7816706338019275,0.23595571681336094,0.5343928709894025,0.007828967178560674,0.8790697674418605,0.13399578440228846,0.9040594390559266,0.923216221332645,0.7839858515958211,0.23744173512375874,0.5363184040678405,0.007828967178560674,0.8790697674418605,0.1342968985245408
single_channel_r32_s231303,R,230211,False,1.7410117110126728,0,0,93,1.723159502447258,True,0.8706090242198631,0.8962429463823783,1.0578205719866218,0.2925013561612334,0.7281029804840934,0.009334537789822343,0.8571428571428571,0.17223727792833485,0.8704829317826063,0.8961275432017696,1.0600353239554958,0.29360510746389684,0.7296625597940037,0.009334537789822343,0.8571428571428571,0.17253839205058719
exact,S,230201,False,1.777537419239789,0,0,93,0.9968346740580549,True,1.0,1.0,6.9475720073727696e-15,5.164734252490056e-15,0.0,0.0,1.0,0.0,1.0,1.0,0.0015226498603449837,0.0013253149057752302,0.0014074193261187644,0.0,1.0,0.00030111412225233364
baseline,S,230201,False,1.7772387574875224,0,0,93,0.9933045263494082,True,1.0,1.0,0.0015226498603450023,0.0013253149057750185,0.0014074193261187644,0.0,1.0,0.00030111412225233364,1.0,1.0,1.2846506016355688e-14,9.57206358502318e-15,0.0,0.0,1.0,0.0
wt_z,S,230201,False,1.760325365685178,0,0,93,1.0709824936273442,True,0.9809201134572293,0.9857920503096308,0.31805747675202556,0.3237707371314335,0.24503648795059305,0.002408912978018669,0.9615384615384616,0.0698584763625414,0.9808970335203502,0.9858261096792995,0.31811349894383256,0.32417184571897867,0.245041428123064,0.002408912978018669,0.9615384615384616,0.07015959048479374
oracle_r32,S,230201,False,1.7719294934575918,0,0,93,1.052868858264318,True,1.0,1.0,0.02945125263891964,0.03881363991159782,0.02084886359556323,0.00030111412225233364,0.9951690821256038,0.006323396567299007,1.0,1.0,0.02940920990778992,0.038556899387500704,0.020619150960031536,0.00030111412225233364,0.9951690821256038,0.00662451068955134
single_free_hidden_raw_s231301,S,230201,False,1.7648501641298397,0,0,93,1.0734844164974722,True,1.0,1.0,0.05353992988257147,0.06108801730906295,0.04247056273833845,0.0006022282445046673,0.9903846153846154,0.012947907256850346,1.0,1.0,0.05309262132518692,0.060881063600190445,0.041815666703000916,0.0006022282445046673,0.9903846153846154,0.012646793134598013
single_free_hidden_raw_s231303,S,230201,False,1.7690978829680872,0,0,93,1.0438967732068178,True,1.0,1.0,0.05003586714192005,0.05903397900000415,0.03785889040872052,0.0006022282445046673,0.9903846153846154,0.012947907256850346,1.0,1.0,0.04966366969697846,0.058769072292938554,0.0373607067770567,0.0006022282445046673,0.9903846153846154,0.01324902137910268
single_free_hidden_r32_s231301,S,230201,False,1.76912614059648,0,0,93,1.12161302152241,True,1.0,1.0,0.051134405191916844,0.06814065844194138,0.039808198097638386,0.0006022282445046673,0.9903846153846154,0.01415236374585968,1.0,1.0,0.05081033969809879,0.06778905609964764,0.0392875308687933,0.0006022282445046673,0.9903846153846154,0.013851249623607348
single_free_hidden_r32_s231303,S,230201,False,1.769956496630598,0,0,93,1.0520067914168822,True,1.0,1.0,0.062230332420159865,0.07421570966960052,0.04720694979702212,0.00030111412225233364,0.9951923076923077,0.015959048479373683,1.0,1.0,0.06184021000966488,0.07390088380152393,0.046693905507639175,0.00030111412225233364,0.9951923076923077,0.016260162601626018
single_pair_raw_s231301,S,230201,False,1.7651327569939739,0,0,93,0.9499854712657947,True,0.9993112040200135,1.0,0.12418737348671884,0.12016964657570504,0.09090133039547692,0.0015055706112616681,0.9759615384615384,0.027702499247214695,0.9993500062343955,1.0,0.1241445992838569,0.1203215712492118,0.090799132567968,0.0015055706112616681,0.9759615384615384,0.028003613369467027
single_pair_raw_s231303,S,230201,False,1.77038712244998,0,0,93,1.0043961997639017,True,0.9989550221615772,1.0,0.1172180921712756,0.09769364118748829,0.08783798018289372,0.0015055706112616681,0.9759615384615384,0.028003613369467027,0.998982735656463,1.0,0.11733461438469502,0.0979032442054167,0.08790604312120474,0.0015055706112616681,0.9759615384615384,0.02830472749171936
single_pair_r32_s231301,S,230201,False,1.7673895009904568,0,0,93,0.9493946370204811,True,0.9993538996752247,1.0,0.12019315531559524,0.12140865752308315,0.08804615910863815,0.0018066847335140017,0.9712918660287081,0.025594700391448358,0.9993803616829521,1.0,0.12013436748934575,0.12155562781334726,0.08785509361871462,0.0018066847335140017,0.9712918660287081,0.025895814513700693
single_pair_r32_s231303,S,230201,False,1.7772364442207749,0,0,93,1.0086844438617368,True,0.9996607051541028,1.0,0.11163047938196295,0.1117103411613301,0.07997188054048719,0.0018066847335140017,0.9714285714285714,0.02649804275820536,0.999677323888769,1.0,0.11164388209512846,0.11184159900357374,0.07994994960895503,0.0018066847335140017,0.9714285714285714,0.026799156880457694
single_channel_raw_s231301,S,230201,False,1.7562915950401092,0,0,93,0.9134407631545933,True,0.996300524685717,0.9994295120000006,0.186415035129578,0.1734151905431294,0.1423920520496884,0.0018066847335140017,0.9710144927536232,0.04034929238181271,0.9963553572408658,0.9994295120000006,0.18633988612555372,0.173608261700692,0.1422284017411233,0.0018066847335140017,0.9710144927536232,0.04065040650406504
single_channel_raw_s231303,S,230201,False,1.7574655403929402,0,0,93,0.8682612885620626,True,0.9941829883798242,0.9980611739426701,0.20567955582275424,0.17569530339843326,0.15529997702155926,0.0018066847335140017,0.9710144927536232,0.04336043360433604,0.9941769445766295,0.9980622961864393,0.20560510109010835,0.17584991209567985,0.155171283785446,0.0018066847335140017,0.9710144927536232,0.043661547726588375
single_channel_r32_s231301,S,230201,False,1.7638280042181405,0,0,93,0.9295065296907365,True,0.9956555649997936,0.9985034143617737,0.2087169906469716,0.17075385882273997,0.15505453078584333,0.0021077988557663355,0.9663461538461539,0.04546823246010238,0.9956832246744196,0.9985034143617737,0.20864911998780103,0.1709363615024076,0.15493763669581767,0.0021077988557663355,0.9663461538461539,0.045769346582354715
single_channel_r32_s231303,S,230201,False,1.7564422245380364,0,0,93,0.9938394401613397,True,0.9905778367860857,0.9941321942449439,0.24310276073667395,0.2316070297410496,0.1850411827217983,0.0021077988557663355,0.9663461538461539,0.050888286660644384,0.9905796085177797,0.9941355609762519,0.24303329092494236,0.23191766931138835,0.18487258207787455,0.0021077988557663355,0.9663461538461539,0.051189400782896716
exact,S,230211,False,1.781895625504663,0,1,93,1.7026021937967535,False,1.0,1.0,3.5455921096543962e-15,2.4702037030067054e-15,0.0,0.0,1.0,0.0,1.0,1.0,0.0021970352087873346,0.001314133672599321,0.001983006056454906,0.0,1.0,0.00030111412225233364
baseline,S,230211,False,1.7813780186566819,0,1,93,1.7031943852765614,False,1.0,1.0,0.0021970352087871616,0.00131413367260101,0.001983006056454906,0.0,1.0,0.00030111412225233364,1.0,1.0,9.008029809819635e-15,5.90976343420202e-15,0.0,0.0,1.0,0.0
wt_z,S,230211,False,1.785698345669939,0,1,93,1.6897834450046663,False,0.9740896922180236,0.9838065645776195,0.3611775374538577,0.3630499135778184,0.28069900033796313,0.00331225534477567,0.9485981308411215,0.07106293285155074,0.974042772038643,0.9836766515012778,0.36203246179360626,0.3634915025903659,0.2814985711205862,0.00331225534477567,0.9485981308411215,0.07136404697380307
oracle_r32,S,230211,False,1.7780098149217567,0,1,93,1.7163972168433659,False,1.0,1.0,0.021114601212527933,0.0264362913991509,0.015699011360005604,0.0,1.0,0.004215597711532671,1.0,1.0,0.02113292635627913,0.026960138280944207,0.015324824488510748,0.0,1.0,0.003914483589280337
single_free_hidden_raw_s231301,S,230211,False,1.7660239968401914,0,1,93,1.7317508397133174,False,1.0,1.0,0.057506341832822855,0.051879197717480265,0.049614179005891906,0.00030111412225233364,0.9952380952380953,0.012646793134598013,1.0,1.0,0.056375916884325444,0.051827778468215305,0.04832731057590521,0.00030111412225233364,0.9952380952380953,0.012345679012345678
single_free_hidden_raw_s231303,S,230211,False,1.769345913663201,0,1,93,1.7314722064586876,False,1.0,1.0,0.05571387270391665,0.052485360791334965,0.04411156697044132,0.00030111412225233364,0.9952380952380953,0.01084010840108401,1.0,1.0,0.054614180971545065,0.0525365154816713,0.042982842438803036,0.00030111412225233364,0.9952380952380953,0.010538994278831678
single_free_hidden_r32_s231301,S,230211,False,1.7696522769698866,0,1,93,1.727025278356864,False,1.0,1.0,0.05419859584572856,0.05777889094188629,0.04469050927590679,0.00030111412225233364,0.9952380952380953,0.012044564890093345,1.0,1.0,0.05326511753722118,0.05776935862725076,0.043571998010454284,0.00030111412225233364,0.9952380952380953,0.011743450767841012
single_free_hidden_r32_s231303,S,230211,False,1.7735994863457019,0,1,93,1.7325434992763606,False,1.0,1.0,0.05880864781356697,0.062119136534537066,0.04703165844225099,0.00030111412225233364,0.9952380952380953,0.011743450767841012,1.0,1.0,0.057996000321708596,0.06225833048064645,0.046152381767265535,0.00030111412225233364,0.9952380952380953,0.011442336645588679
single_pair_raw_s231301,S,230211,False,1.7720094952834156,0,1,93,1.727980751207976,False,0.9980880995795886,1.0,0.1316235404674373,0.1318937086747303,0.09206900963196761,0.0012044564890093346,0.981042654028436,0.024691358024691357,0.9981496681493665,1.0,0.13186748934819156,0.1322076972444769,0.09228137205340214,0.0012044564890093346,0.981042654028436,0.02499247214694369
single_pair_raw_s231303,S,230211,False,1.78104576938033,0,1,93,1.7115310742617404,False,0.9990487918273105,1.0,0.101464666046576,0.10477368808158648,0.07542494953927575,0.0015055706112616681,0.976303317535545,0.021981330924420357,0.9990635481666669,1.0,0.10230253465941613,0.10490670223809706,0.07616594581802769,0.0015055706112616681,0.976303317535545,0.022282445046672688
single_pair_r32_s231301,S,230211,False,1.771171841666719,0,1,93,1.7246470058135546,False,0.9980450678545082,1.0,0.10962615879749409,0.11825790737012046,0.07691443565994223,0.0018066847335140017,0.9715639810426541,0.022583559168925023,0.9980648896777378,1.0,0.11016503309844408,0.11852361408420782,0.07730054056954808,0.0018066847335140017,0.9715639810426541,0.022884673291177358
single_pair_r32_s231303,S,230211,False,1.7732160473062806,0,1,93,1.7257629355947741,False,0.9990897964260861,1.0,0.10591986020614846,0.1200482104616909,0.07233103128203895,0.0018066847335140017,0.9715639810426541,0.021379102679915687,0.9991369493535793,1.0,0.10632999705281948,0.12031434939737563,0.07254865604023801,0.0018066847335140017,0.9715639810426541,0.02168021680216802
single_channel_raw_s231301,S,230211,False,1.7682592013029377,0,1,93,1.716916751799193,False,0.9947557848747622,0.9996623373639503,0.1988668413571421,0.18553024563996148,0.150235072557445,0.002408912978018669,0.9622641509433962,0.04185486299307437,0.9947236962934018,0.9996623373639503,0.1996665526631985,0.1858405749027119,0.15099849664449821,0.002408912978018669,0.9622641509433962,0.04215597711532671
single_channel_raw_s231303,S,230211,False,1.7744067263797922,0,1,93,1.7308290364411059,False,0.9934110615676406,0.9996991351767773,0.2103501298722359,0.17877362969553365,0.15489737327861997,0.002408912978018669,0.9622641509433962,0.04215597711532671,0.993324932700869,0.9996991351767773,0.21122875136469424,0.17905635797182026,0.15575502317624013,0.002408912978018669,0.9622641509433962,0.04245709123757904
single_channel_r32_s231301,S,230211,False,1.7727325037863653,0,1,93,1.7513614164326345,False,0.9922728407098618,0.999096640419476,0.23340965911803296,0.18555168328963775,0.17045905281641405,0.0027100271002710027,0.9575471698113207,0.044564890093345376,0.9922132062541441,0.999096640419476,0.23403051308003625,0.18581523574291134,0.17113669704242782,0.0027100271002710027,0.9575471698113207,0.044866004215597714
single_channel_r32_s231303,S,230211,False,1.7780411682716046,0,1,93,1.7118615404829747,False,0.9864508755538575,0.9946197785265292,0.2761600568055592,0.2689248935646996,0.20850935914939922,0.0036133694670280035,0.9441860465116279,0.057512797350195724,0.9863425967320012,0.9946197785265292,0.2769914792977278,0.269252932111328,0.20926920860440548,0.0036133694670280035,0.9441860465116279,0.057813911472448055
exact,T,230201,True,1.7687512490185353,0,0,94,1.9349784764481444,True,1.0,1.0,6.165429805266662e-15,3.7072140595260096e-15,0.0,0.0,1.0,0.0,1.0,1.0,6.165429805266662e-15,3.7072140595260096e-15,0.0,0.0,1.0,0.0
baseline,T,230201,True,1.7687512490185353,0,0,94,1.9349784764481444,True,1.0,1.0,6.165429805266662e-15,3.7072140595260096e-15,0.0,0.0,1.0,0.0,1.0,1.0,6.165429805266662e-15,3.7072140595260096e-15,0.0,0.0,1.0,0.0
wt_z,T,230201,True,1.7687512490185353,0,0,94,1.9349784764481444,True,1.0,1.0,6.165429805266662e-15,3.7072140595260096e-15,0.0,0.0,1.0,0.0,1.0,1.0,6.165429805266662e-15,3.7072140595260096e-15,0.0,0.0,1.0,0.0
oracle_r32,T,230201,True,1.7687512490185353,0,0,94,1.9349784764481444,True,1.0,1.0,6.165429805266662e-15,3.7072140595260096e-15,0.0,0.0,1.0,0.0,1.0,1.0,6.165429805266662e-15,3.7072140595260096e-15,0.0,0.0,1.0,0.0
single_free_hidden_raw_s231301,T,230201,True,1.7687512490185353,0,0,94,1.9349784764481444,True,1.0,1.0,6.165429805266662e-15,3.7072140595260096e-15,0.0,0.0,1.0,0.0,1.0,1.0,6.165429805266662e-15,3.7072140595260096e-15,0.0,0.0,1.0,0.0
single_free_hidden_raw_s231303,T,230201,True,1.7687512490185353,0,0,94,1.9349784764481444,True,1.0,1.0,6.165429805266662e-15,3.7072140595260096e-15,0.0,0.0,1.0,0.0,1.0,1.0,6.165429805266662e-15,3.7072140595260096e-15,0.0,0.0,1.0,0.0
single_free_hidden_r32_s231301,T,230201,True,1.7687512490185353,0,0,94,1.9349784764481444,True,1.0,1.0,6.165429805266662e-15,3.7072140595260096e-15,0.0,0.0,1.0,0.0,1.0,1.0,6.165429805266662e-15,3.7072140595260096e-15,0.0,0.0,1.0,0.0
single_free_hidden_r32_s231303,T,230201,True,1.7687512490185353,0,0,94,1.9349784764481444,True,1.0,1.0,6.165429805266662e-15,3.7072140595260096e-15,0.0,0.0,1.0,0.0,1.0,1.0,6.165429805266662e-15,3.7072140595260096e-15,0.0,0.0,1.0,0.0
single_pair_raw_s231301,T,230201,True,1.7687512490185353,0,0,94,1.9349784764481444,True,1.0,1.0,6.165429805266662e-15,3.7072140595260096e-15,0.0,0.0,1.0,0.0,1.0,1.0,6.165429805266662e-15,3.7072140595260096e-15,0.0,0.0,1.0,0.0
single_pair_raw_s231303,T,230201,True,1.7687512490185353,0,0,94,1.9349784764481444,True,1.0,1.0,6.165429805266662e-15,3.7072140595260096e-15,0.0,0.0,1.0,0.0,1.0,1.0,6.165429805266662e-15,3.7072140595260096e-15,0.0,0.0,1.0,0.0
single_pair_r32_s231301,T,230201,True,1.7687512490185353,0,0,94,1.9349784764481444,True,1.0,1.0,6.165429805266662e-15,3.7072140595260096e-15,0.0,0.0,1.0,0.0,1.0,1.0,6.165429805266662e-15,3.7072140595260096e-15,0.0,0.0,1.0,0.0
single_pair_r32_s231303,T,230201,True,1.7687512490185353,0,0,94,1.9349784764481444,True,1.0,1.0,6.165429805266662e-15,3.7072140595260096e-15,0.0,0.0,1.0,0.0,1.0,1.0,6.165429805266662e-15,3.7072140595260096e-15,0.0,0.0,1.0,0.0
single_channel_raw_s231301,T,230201,True,1.7687512490185353,0,0,94,1.9349784764481444,True,1.0,1.0,6.165429805266662e-15,3.7072140595260096e-15,0.0,0.0,1.0,0.0,1.0,1.0,6.165429805266662e-15,3.7072140595260096e-15,0.0,0.0,1.0,0.0
single_channel_raw_s231303,T,230201,True,1.7687512490185353,0,0,94,1.9349784764481444,True,1.0,1.0,6.165429805266662e-15,3.7072140595260096e-15,0.0,0.0,1.0,0.0,1.0,1.0,6.165429805266662e-15,3.7072140595260096e-15,0.0,0.0,1.0,0.0
single_channel_r32_s231301,T,230201,True,1.7687512490185353,0,0,94,1.9349784764481444,True,1.0,1.0,6.165429805266662e-15,3.7072140595260096e-15,0.0,0.0,1.0,0.0,1.0,1.0,6.165429805266662e-15,3.7072140595260096e-15,0.0,0.0,1.0,0.0
single_channel_r32_s231303,T,230201,True,1.7687512490185353,0,0,94,1.9349784764481444,True,1.0,1.0,6.165429805266662e-15,3.7072140595260096e-15,0.0,0.0,1.0,0.0,1.0,1.0,6.165429805266662e-15,3.7072140595260096e-15,0.0,0.0,1.0,0.0
exact,T,230211,True,1.7969689872878134,1,1,94,2.4733131569610753,False,1.0,1.0,7.084187399130918e-15,6.159674882128099e-15,0.0,0.0,1.0,0.0,1.0,1.0,7.084187399130918e-15,6.159674882128099e-15,0.0,0.0,1.0,0.0
baseline,T,230211,True,1.7969689872878134,1,1,94,2.4733131569610753,False,1.0,1.0,7.084187399130918e-15,6.159674882128099e-15,0.0,0.0,1.0,0.0,1.0,1.0,7.084187399130918e-15,6.159674882128099e-15,0.0,0.0,1.0,0.0
wt_z,T,230211,True,1.7969689872878134,1,1,94,2.4733131569610753,False,1.0,1.0,7.084187399130918e-15,6.159674882128099e-15,0.0,0.0,1.0,0.0,1.0,1.0,7.084187399130918e-15,6.159674882128099e-15,0.0,0.0,1.0,0.0
oracle_r32,T,230211,True,1.7969689872878134,1,1,94,2.4733131569610753,False,1.0,1.0,7.084187399130918e-15,6.159674882128099e-15,0.0,0.0,1.0,0.0,1.0,1.0,7.084187399130918e-15,6.159674882128099e-15,0.0,0.0,1.0,0.0
single_free_hidden_raw_s231301,T,230211,True,1.7969689872878134,1,1,94,2.4733131569610753,False,1.0,1.0,7.084187399130918e-15,6.159674882128099e-15,0.0,0.0,1.0,0.0,1.0,1.0,7.084187399130918e-15,6.159674882128099e-15,0.0,0.0,1.0,0.0
single_free_hidden_raw_s231303,T,230211,True,1.7969689872878134,1,1,94,2.4733131569610753,False,1.0,1.0,7.084187399130918e-15,6.159674882128099e-15,0.0,0.0,1.0,0.0,1.0,1.0,7.084187399130918e-15,6.159674882128099e-15,0.0,0.0,1.0,0.0
single_free_hidden_r32_s231301,T,230211,True,1.7969689872878134,1,1,94,2.4733131569610753,False,1.0,1.0,7.084187399130918e-15,6.159674882128099e-15,0.0,0.0,1.0,0.0,1.0,1.0,7.084187399130918e-15,6.159674882128099e-15,0.0,0.0,1.0,0.0
single_free_hidden_r32_s231303,T,230211,True,1.7969689872878134,1,1,94,2.4733131569610753,False,1.0,1.0,7.084187399130918e-15,6.159674882128099e-15,0.0,0.0,1.0,0.0,1.0,1.0,7.084187399130918e-15,6.159674882128099e-15,0.0,0.0,1.0,0.0
single_pair_raw_s231301,T,230211,True,1.7969689872878134,1,1,94,2.4733131569610753,False,1.0,1.0,7.084187399130918e-15,6.159674882128099e-15,0.0,0.0,1.0,0.0,1.0,1.0,7.084187399130918e-15,6.159674882128099e-15,0.0,0.0,1.0,0.0
single_pair_raw_s231303,T,230211,True,1.7969689872878134,1,1,94,2.4733131569610753,False,1.0,1.0,7.084187399130918e-15,6.159674882128099e-15,0.0,0.0,1.0,0.0,1.0,1.0,7.084187399130918e-15,6.159674882128099e-15,0.0,0.0,1.0,0.0
single_pair_r32_s231301,T,230211,True,1.7969689872878134,1,1,94,2.4733131569610753,False,1.0,1.0,7.084187399130918e-15,6.159674882128099e-15,0.0,0.0,1.0,0.0,1.0,1.0,7.084187399130918e-15,6.159674882128099e-15,0.0,0.0,1.0,0.0
single_pair_r32_s231303,T,230211,True,1.7969689872878134,1,1,94,2.4733131569610753,False,1.0,1.0,7.084187399130918e-15,6.159674882128099e-15,0.0,0.0,1.0,0.0,1.0,1.0,7.084187399130918e-15,6.159674882128099e-15,0.0,0.0,1.0,0.0
single_channel_raw_s231301,T,230211,True,1.7969689872878134,1,1,94,2.4733131569610753,False,1.0,1.0,7.084187399130918e-15,6.159674882128099e-15,0.0,0.0,1.0,0.0,1.0,1.0,7.084187399130918e-15,6.159674882128099e-15,0.0,0.0,1.0,0.0
single_channel_raw_s231303,T,230211,True,1.7969689872878134,1,1,94,2.4733131569610753,False,1.0,1.0,7.084187399130918e-15,6.159674882128099e-15,0.0,0.0,1.0,0.0,1.0,1.0,7.084187399130918e-15,6.159674882128099e-15,0.0,0.0,1.0,0.0
single_channel_r32_s231301,T,230211,True,1.7969689872878134,1,1,94,2.4733131569610753,False,1.0,1.0,7.084187399130918e-15,6.159674882128099e-15,0.0,0.0,1.0,0.0,1.0,1.0,7.084187399130918e-15,6.159674882128099e-15,0.0,0.0,1.0,0.0
single_channel_r32_s231303,T,230211,True,1.7969689872878134,1,1,94,2.4733131569610753,False,1.0,1.0,7.084187399130918e-15,6.159674882128099e-15,0.0,0.0,1.0,0.0,1.0,1.0,7.084187399130918e-15,6.159674882128099e-15,0.0,0.0,1.0,0.0
exact,V,230201,False,1.790390557250503,0,0,93,1.1214768114300784,True,1.0,1.0,6.509073483027077e-15,4.8826008597847356e-15,0.0,0.0,1.0,0.0,1.0,1.0,0.004228147189634296,0.0027052671723854877,0.00393837194736987,0.0,1.0,0.0006022282445046673
baseline,V,230201,False,1.7910566444221951,0,0,93,1.1042781643262634,True,1.0,1.0,0.004228147189634063,0.002705267172385756,0.00393837194736987,0.0,1.0,0.0006022282445046673,1.0,1.0,4.523003209008397e-15,4.819163203250191e-15,0.0,0.0,1.0,0.0
wt_z,V,230201,False,1.7874964497290828,0,0,93,0.9363429829225951,True,0.9851657907946567,0.992366774657084,0.30761425777779555,0.26084622506242267,0.23571111736311454,0.003914483589280337,0.9375,0.06233062330623306,0.9850026882805065,0.992366774657084,0.3083535269505039,0.2607927652055749,0.23694729151878222,0.003914483589280337,0.9375,0.06172839506172839
oracle_r32,V,230201,False,1.7900504685381382,0,0,93,1.1009844445645791,True,1.0,1.0,0.023928533630098565,0.01785732454830525,0.015284255991626175,0.00030111412225233364,0.9950248756218906,0.00331225534477567,1.0,1.0,0.02254953306096096,0.016804845571586183,0.014591258633608297,0.00030111412225233364,0.9950248756218906,0.0027100271002710027
single_free_hidden_raw_s231301,V,230201,False,1.7951990089596148,0,0,93,1.1470133095329775,True,1.0,1.0,0.07582170353567766,0.04631430340280799,0.048594251003279174,0.0006022282445046673,0.9900497512437811,0.01324902137910268,1.0,1.0,0.07456152361064766,0.045910757140697395,0.047743411001928096,0.0006022282445046673,0.9900497512437811,0.01324902137910268
single_free_hidden_raw_s231303,V,230201,False,1.7956524484164942,0,0,93,1.1537787752355935,True,1.0,1.0,0.07423354821116697,0.04286240293393859,0.048668209727172604,0.0006022282445046673,0.9900497512437811,0.011442336645588679,1.0,1.0,0.0728692834306933,0.04269527612268039,0.04748978567113998,0.0006022282445046673,0.9900497512437811,0.011442336645588679
single_free_hidden_r32_s231301,V,230201,False,1.7948897696442465,0,0,93,1.1275020052190412,True,1.0,1.0,0.06920969297329159,0.04274543320981678,0.04502713525859959,0.0006022282445046673,0.9900497512437811,0.011141222523336344,1.0,1.0,0.06799004990741003,0.042571025381827304,0.044145870805623724,0.0006022282445046673,0.9900497512437811,0.011141222523336344
single_free_hidden_r32_s231303,V,230201,False,1.7940929267589967,0,0,93,1.146398122027088,True,1.0,1.0,0.0769606040342108,0.05369046272557145,0.04975258385360986,0.0006022282445046673,0.9900497512437811,0.01324902137910268,1.0,1.0,0.07574086159346542,0.052963918159385295,0.04893292529944604,0.0006022282445046673,0.9900497512437811,0.012646793134598013
single_pair_raw_s231301,V,230201,False,1.7810034758963829,0,0,93,0.9129822033661044,True,0.9982198568487582,1.0,0.16411151168136393,0.12113208900153861,0.11173825330440981,0.0018066847335140017,0.9705882352941176,0.0304125263474857,0.9981992998761021,1.0,0.16396398680159288,0.11979943255185312,0.11216827631405206,0.0018066847335140017,0.9705882352941176,0.02981029810298103
single_pair_raw_s231303,V,230201,False,1.789104440399974,0,0,93,1.0731315311248015,True,0.9984945681295924,1.0,0.1432327648591713,0.11543598418309972,0.10064943085348897,0.0018066847335140017,0.9705882352941176,0.027702499247214695,0.9985081954250897,1.0,0.14257908331711341,0.11444959670159048,0.10013256865421416,0.0018066847335140017,0.9705882352941176,0.02710027100271003
single_pair_r32_s231301,V,230201,False,1.7832532406349173,0,0,93,1.0274259908827115,True,0.997155476354254,0.9993335046509364,0.1834958964786626,0.11897078437676524,0.12752151210742632,0.0021077988557663355,0.9656862745098039,0.036133694670280034,0.9972347701213058,0.9994936296765564,0.18339238113036954,0.11790614959484719,0.1279111088221075,0.0021077988557663355,0.9656862745098039,0.03553146642577537
single_pair_r32_s231303,V,230201,False,1.7920954889902747,0,0,93,1.2033613368536922,True,0.996939960076657,0.9996946949511512,0.15878735064337063,0.10714543210842607,0.1140116935848719,0.0021077988557663355,0.9658536585365853,0.031014754591990365,0.9970651072766472,0.9996946949511512,0.1578213960731142,0.10632790510770782,0.11315905552949317,0.0021077988557663355,0.9658536585365853,0.0304125263474857
single_channel_raw_s231301,V,230201,False,1.7917719415705997,0,0,93,0.912271000126728,True,0.9924605024601902,0.9984717626610778,0.2454339895411059,0.19921791889127896,0.18180382862708164,0.0030111412225233363,0.9512195121951219,0.04817825956037338,0.9922704073158252,0.9986590937992068,0.24625173835048225,0.19929327637822133,0.18306893708680524,0.0030111412225233363,0.9512195121951219,0.04757603131586871
single_channel_raw_s231303,V,230201,False,1.786669208749426,0,0,93,1.0014724279846554,True,0.9956884935176791,1.0,0.21170273981209553,0.14949283146827919,0.15398185522778537,0.002408912978018669,0.9609756097560975,0.04185486299307437,0.9956549322166643,1.0,0.2122232731241005,0.14904531090494716,0.15504790917610242,0.002408912978018669,0.9609756097560975,0.04185486299307437
single_channel_r32_s231301,V,230201,False,1.798911196336852,0,0,93,1.0075151304483039,True,0.994533808566432,0.9991463921328144,0.21802397805845206,0.1671005738125536,0.15694239237776103,0.002408912978018669,0.9609756097560975,0.04396266184884071,0.9944938881798293,0.9990139587766966,0.21832613493203806,0.16664110516112707,0.15771643880713143,0.002408912978018669,0.9609756097560975,0.04336043360433604
single_channel_r32_s231303,V,230201,False,1.784647998126176,0,0,93,1.0545652411218076,True,0.9932478643444286,0.9993680353776073,0.24355372769862324,0.2068928063316956,0.18301077481965664,0.0027100271002710027,0.9560975609756097,0.04938271604938271,0.9931297474865765,0.9992171245639879,0.24413762983520282,0.20632974093554032,0.18420837614087718,0.0027100271002710027,0.9560975609756097,0.04878048780487805
exact,V,230211,False,1.753401440859919,2,1,93,2.4278433722996526,False,1.0,1.0,3.4270804247444694e-15,2.122464414459282e-15,0.0,0.0,1.0,0.0,1.0,1.0,0.004921246147731535,0.0023020916040291423,0.0049347773348194105,0.0,1.0,0.0006022282445046673
baseline,V,230211,False,1.7545118787180645,2,1,93,2.4977517372358973,False,1.0,1.0,0.004921246147731095,0.002302091604031167,0.0049347773348194105,0.0,1.0,0.0006022282445046673,1.0,1.0,3.5173892626810628e-15,3.4285209405049773e-15,0.0,0.0,1.0,0.0
wt_z,V,230211,False,1.7947987436511195,0,1,93,1.7820324548359057,False,0.9792392262743848,0.9868339932754429,0.3493926666814232,0.32100626202144017,0.27108633500164947,0.0021077988557663355,0.9665071770334929,0.06744956338452274,0.9788797048926134,0.9865813683183605,0.34971465822172293,0.32115699992154273,0.27182387427796223,0.0021077988557663355,0.9665071770334929,0.0680517916290274
oracle_r32,V,230211,False,1.7525564514586922,2,1,93,2.5331929296195357,False,1.0,1.0,0.02013039714334713,0.011870844989299972,0.013894247293308452,0.0006022282445046673,0.9902912621359223,0.004516711833785004,1.0,1.0,0.019627752608016632,0.012373863481247104,0.013789307470934988,0.0006022282445046673,0.9902912621359223,0.003914483589280337
single_free_hidden_raw_s231301,V,230211,False,1.7537514802046001,0,1,93,2.1523785314965798,False,0.9998106689568043,1.0,0.05949413375059977,0.0457813811839756,0.04390209655491022,0.0006022282445046673,0.9902912621359223,0.01415236374585968,0.999610422577353,1.0,0.06084532153019302,0.04677594932911364,0.04598962491611584,0.0006022282445046673,0.9902912621359223,0.014754591990364349
single_free_hidden_raw_s231303,V,230211,False,1.7577010692816177,0,1,93,2.1040269660502835,False,0.9996708640162233,1.0,0.0645099366213806,0.04772376357033595,0.043143857717132784,0.0009033423667570009,0.9854368932038835,0.014754591990364349,0.9994566963641351,1.0,0.0651287083779125,0.048653042666592726,0.04418643509785515,0.0009033423667570009,0.9854368932038835,0.015356820234869015
single_free_hidden_r32_s231301,V,230211,False,1.757229840250739,0,1,93,2.17033291471724,False,0.999940965340744,1.0,0.0572994581539853,0.04452052822501839,0.04054094492697031,0.0009033423667570009,0.9854368932038835,0.013851249623607348,0.999823369902448,1.0,0.0573530659826762,0.045544950542919876,0.041069882291990864,0.0009033423667570009,0.9854368932038835,0.01324902137910268
single_free_hidden_r32_s231303,V,230211,False,1.7562637553094116,1,1,93,2.2455680581297446,False,1.0,1.0,0.06428755207259561,0.0531111987697659,0.04394339366604345,0.0009033423667570009,0.9854368932038835,0.01415236374585968,1.0,1.0,0.06448935283944787,0.053706940530844786,0.04469111302969623,0.0009033423667570009,0.9854368932038835,0.014754591990364349
single_pair_raw_s231301,V,230211,False,1.7335091515311432,5,1,93,3.037885601317967,False,0.9948895514054243,0.9994647693546103,0.17544210701079868,0.12047860681613101,0.12587019297083188,0.0009033423667570009,0.9854368932038835,0.0322192110809997,0.9952068868341635,0.9993025496702249,0.17517904284325192,0.1204331988131345,0.12609823523264369,0.0009033423667570009,0.9854368932038835,0.03282143932550437
single_pair_raw_s231303,V,230211,False,1.74975542699251,5,1,93,3.1056818644550868,False,0.9945049790158819,0.999532835529076,0.16996187099728474,0.1231781972269781,0.12000980649783295,0.0009033423667570009,0.9854368932038835,0.03071364046973803,0.9948766805408266,0.999684134787518,0.16882824858064413,0.12313718432707306,0.11902124055502272,0.0009033423667570009,0.9854368932038835,0.03071364046973803
single_pair_r32_s231301,V,230211,False,1.7450930220182728,5,1,93,3.028605834181843,False,0.9935154347589705,0.9988223272194875,0.18447481503921404,0.1232871624632903,0.1277581635371719,0.0009033423667570009,0.9854368932038835,0.03071364046973803,0.993749892453674,0.9986854727948423,0.18422117414103759,0.12324565161167357,0.12789133012715556,0.0009033423667570009,0.9854368932038835,0.031315868714242696
single_pair_r32_s231303,V,230211,False,1.756042053309209,3,1,93,2.615919939406493,False,0.9964356326813311,0.9996123038886195,0.17220503123717912,0.1159951754359813,0.12102031052549464,0.0012044564890093346,0.9806763285024155,0.031918096958747366,0.99646601470226,0.9996123038886195,0.1714837897272726,0.11644162333471383,0.12046547082295972,0.0012044564890093346,0.9806763285024155,0.031315868714242696
single_channel_raw_s231301,V,230211,False,1.7779088881452902,0,1,93,2.38347104442336,False,0.9925182617187224,0.995891021795502,0.2589951426970012,0.2288109438149112,0.19361503726566248,0.0015055706112616681,0.9759615384615384,0.051490514905149054,0.9924191920818836,0.9956047914667452,0.2589821711105154,0.2291856167106907,0.19394913901422126,0.0015055706112616681,0.9759615384615384,0.05209274314965372
single_channel_raw_s231303,V,230211,False,1.7758612264381244,2,1,93,2.915526409949061,False,0.9931539680071448,0.997656564744195,0.2377553364659848,0.15884339390112906,0.17260321308043913,0.0012044564890093346,0.9806763285024155,0.04546823246010238,0.9934057110160147,0.9976555626598596,0.23715680772400902,0.15913078408448478,0.17237248900445604,0.0012044564890093346,0.9806763285024155,0.04546823246010238
single_channel_r32_s231301,V,230211,False,1.783295788201533,0,1,93,1.8436883961971553,False,0.9895564358079708,0.9954536727696043,0.25911573518122955,0.20231864972938887,0.19292197711294812,0.0015055706112616681,0.9758454106280193,0.04968383017163505,0.9891823411828002,0.9955912429687747,0.2592375242625305,0.20248132535235278,0.19350019928664286,0.0015055706112616681,0.9758454106280193,0.050286058416139714
single_channel_r32_s231303,V,230211,False,1.7828615255629343,0,1,93,2.034130576128237,False,0.9883413156047477,0.9929035314418804,0.288891414802845,0.23788870857014205,0.21781117544308173,0.0018066847335140017,0.9711538461538461,0.05570611261668172,0.9881142870234081,0.9930408180225583,0.2886663403740021,0.23784948926680732,0.2180723956391968,0.0018066847335140017,0.9711538461538461,0.05630834086118639
exact,W,230201,False,1.8458907031157776,1,0,93,2.5742825816184243,False,1.0,1.0,1.553158982579566e-14,9.416405582733243e-15,0.0,0.0,1.0,0.0,1.0,1.0,0.006039729795368012,0.006830789375688946,0.00495076950127314,0.0,1.0,0.0012044564890093346
baseline,W,230201,False,1.8463912255885615,1,0,93,2.572923666433044,False,1.0,1.0,0.006039729795367655,0.006830789375687503,0.00495076950127314,0.0,1.0,0.0012044564890093346,1.0,1.0,5.371082958795305e-15,4.482707084231949e-15,0.0,0.0,1.0,0.0
wt_z,W,230201,False,1.7876869913189357,0,0,93,1.791868948143241,True,0.9426234206857667,0.9704624177920151,0.4517003629005114,0.6819535695120832,0.37401754352201766,0.0030111412225233363,0.9521531100478469,0.10569105691056911,0.9425350654809046,0.970358667100167,0.4511806679424508,0.6793306754853281,0.3741386944502941,0.0030111412225233363,0.9521531100478469,0.10569105691056911
oracle_r32,W,230201,False,1.8422176103914005,1,0,93,2.6115443261811917,False,1.0,1.0,0.027058296787869578,0.021567621384189873,0.01943776352431313,0.0,1.0,0.004215597711532671,1.0,1.0,0.026675484230932182,0.018389005299171028,0.01961987013286279,0.0,1.0,0.004215597711532671
single_free_hidden_raw_s231301,W,230201,False,1.8316072737956386,1,0,93,2.5759663160885267,False,1.0,1.0,0.08477299971506912,0.07575358915827904,0.059013594044378545,0.00030111412225233364,0.9951219512195122,0.016862390846130684,1.0,1.0,0.0831562778086382,0.07226798735821643,0.0585584294183219,0.00030111412225233364,0.9951219512195122,0.016260162601626018
single_free_hidden_raw_s231303,W,230201,False,1.8339443176656665,1,0,93,2.5500104253453815,False,0.9999704794486359,1.0,0.0729328736542553,0.06244960253809995,0.05388189961198579,0.00030111412225233364,0.9951219512195122,0.015055706112616682,0.9999486189415017,1.0,0.07168129446242102,0.059765117807988606,0.05336489389902552,0.00030111412225233364,0.9951219512195122,0.013851249623607348
single_free_hidden_r32_s231301,W,230201,False,1.8331409769565474,1,0,93,2.5815338707908135,False,0.9999700262331453,1.0,0.07787246323644129,0.05967420931838028,0.054280256132981236,0.0,1.0,0.012947907256850346,0.999958343025009,1.0,0.07718725351904573,0.05664657497832444,0.05443350047925285,0.0,1.0,0.012345679012345678
single_free_hidden_r32_s231303,W,230201,False,1.8333659938874345,1,0,93,2.593312121560106,False,0.9999974765901622,1.0,0.08366543901007079,0.07106066897914436,0.058658611022053934,0.00030111412225233364,0.9951219512195122,0.014453477868112014,1.0,1.0,0.08228834242603644,0.0680317686960003,0.05820791397631715,0.00030111412225233364,0.9951219512195122,0.01324902137910268
single_pair_raw_s231301,W,230201,False,1.8138483696428525,0,0,93,1.9299012072807922,True,0.9912241571148036,0.999775775123292,0.16131120358629022,0.187964295484144,0.13626603083987623,0.0009033423667570009,0.9854368932038835,0.03884372177055104,0.9907411391489168,0.999775775123292,0.16220374665867432,0.18775212079522383,0.1380038455176913,0.0009033423667570009,0.9854368932038835,0.03884372177055104
single_pair_raw_s231303,W,230201,False,1.822373509810796,0,0,93,1.6995213421698545,True,0.9921119854800635,0.9998171807114898,0.16737603986002397,0.1899627379584932,0.1283204854760529,0.0012044564890093346,0.9806763285024155,0.04095152062631737,0.9918060539776933,0.9998171807114898,0.16755812691489816,0.18860686993395398,0.12980967424478573,0.0012044564890093346,0.9806763285024155,0.04095152062631737
single_pair_r32_s231301,W,230201,False,1.8191987322342984,0,0,93,1.850240106811253,True,0.9916260642797202,1.0,0.1591735557618437,0.18851639322165,0.12175393616697514,0.0012044564890093346,0.9805825242718447,0.039144835892803376,0.9913012709751742,1.0,0.15955044723914663,0.18758867597564352,0.12324628123636393,0.0012044564890093346,0.9805825242718447,0.039144835892803376
single_pair_r32_s231303,W,230201,False,1.8227419594152185,0,0,93,1.8902045485718821,True,0.9931989286851544,1.0,0.16776808538916452,0.2150672523137781,0.1295595129095899,0.0015055706112616681,0.9758454106280193,0.04215597711532671,0.9928188281739928,1.0,0.16770636243603088,0.21326324123942375,0.13073360490060323,0.0015055706112616681,0.9758454106280193,0.04215597711532671
single_channel_raw_s231301,W,230201,False,1.820225858106154,0,0,93,1.4733389429058845,True,0.9796236383393356,0.9965005804655728,0.29478802950653615,0.3677114019189265,0.22763438242425554,0.0018066847335140017,0.9712918660287081,0.06594399277326106,0.9794259883171685,0.9964977258164438,0.2939956245043151,0.3652127858226306,0.22739818721427504,0.0018066847335140017,0.9712918660287081,0.06594399277326106
single_channel_raw_s231303,W,230201,False,1.8174630328736594,0,0,93,1.4092814253377075,True,0.9768178834052665,0.994455161741502,0.30051385300366024,0.37462788410234726,0.23552230554613457,0.0021077988557663355,0.9665071770334929,0.06955736224028906,0.9764954794556503,0.9945771570933065,0.30024208059486474,0.371924222437059,0.23571655814559608,0.0021077988557663355,0.9665071770334929,0.06955736224028906
single_channel_r32_s231301,W,230201,False,1.8281043135761803,0,0,93,1.3995241886992835,True,0.9799780790565992,0.9953496467596962,0.28990876703072627,0.34684683170921216,0.22651960263827764,0.0021077988557663355,0.9665071770334929,0.0653417645287564,0.9796589252613732,0.9954555446042951,0.2894433025920526,0.3437958598758669,0.22639154946303608,0.0021077988557663355,0.9665071770334929,0.0653417645287564
single_channel_r32_s231303,W,230201,False,1.818322269140976,0,0,93,1.338606689702907,True,0.9782085673528297,0.9950460507656607,0.29987321388177185,0.3587407276850997,0.23312933938281027,0.002408912978018669,0.9619047619047619,0.06865401987353206,0.9779072425628593,0.9948400802034769,0.29930395340222854,0.3559649960996914,0.23297418581049562,0.002408912978018669,0.9619047619047619,0.06865401987353206
exact,W,230211,False,1.8291937439976225,1,1,93,2.3061711956629445,False,1.0,1.0,1.0411655136930003e-14,8.463320023213519e-15,0.0,0.0,1.0,0.0,1.0,1.0,0.0047936333750095575,0.0039823186057197195,0.003949959382039928,0.0,1.0,0.0012044564890093346
baseline,W,230211,False,1.8296275332374832,1,1,93,2.310862275648757,False,1.0,1.0,0.0047936333750094925,0.00398231860572221,0.003949959382039928,0.0,1.0,0.0012044564890093346,1.0,1.0,5.962110413957929e-15,4.372266070834613e-15,0.0,0.0,1.0,0.0
wt_z,W,230211,False,1.7877506114690942,0,1,93,2.0685522685550337,False,0.9405756338675578,0.968784540475672,0.4772484471794854,0.7029378338626454,0.3852074385396255,0.0030111412225233363,0.9516908212560387,0.10057211683227943,0.9408427744202019,0.9690146561007625,0.47633761674109515,0.7013424957759247,0.3843332921724596,0.0030111412225233363,0.9516908212560387,0.09996988858777477
oracle_r32,W,230211,False,1.8236207728248908,1,1,93,2.350671415054028,False,1.0,1.0,0.02782511460391148,0.02207459059211555,0.019747690811999407,0.0,1.0,0.004817825956037338,1.0,1.0,0.028427457549143328,0.020685105024027012,0.020561842399899794,0.0,1.0,0.004215597711532671
single_free_hidden_raw_s231301,W,230211,False,1.8112242227688506,1,1,93,2.5092154616704985,False,0.9998353590172238,1.0,0.08077952215063884,0.07655527900556731,0.059044750829110836,0.0009033423667570009,0.9850746268656716,0.014453477868112014,0.9998122252684841,1.0,0.08077348832095155,0.07591606202848784,0.05908389807637317,0.0009033423667570009,0.9850746268656716,0.013851249623607348
single_free_hidden_raw_s231303,W,230211,False,1.8098929337958272,1,1,93,2.516276227037187,False,0.9999471528967518,1.0,0.08181437365255811,0.070667451662505,0.06111463561298148,0.0009033423667570009,0.9850746268656716,0.015657934357121348,0.9999043426557201,1.0,0.08157558860637745,0.07031579149188202,0.06119663468071167,0.0009033423667570009,0.9850746268656716,0.015055706112616682
single_free_hidden_r32_s231301,W,230211,False,1.8043237209945675,1,1,93,2.4743412929600996,False,0.9998974768215845,1.0,0.08390299362146408,0.07278492125595686,0.0618993641616929,0.0009033423667570009,0.9850746268656716,0.014453477868112014,0.9997991320491078,1.0,0.08413640595844442,0.0717672802435184,0.06253125475616189,0.0009033423667570009,0.9850746268656716,0.013851249623607348
single_free_hidden_r32_s231303,W,230211,False,1.8090056518698028,1,1,93,2.504200416998568,False,0.9997390660830419,1.0,0.08269386358543106,0.07156415514265833,0.061082635869353925,0.0009033423667570009,0.9850746268656716,0.015356820234869015,0.9997003509998635,1.0,0.08331228723670854,0.07174748775864248,0.061783092140408516,0.0009033423667570009,0.9850746268656716,0.014754591990364349
single_pair_raw_s231301,W,230211,False,1.7840595250206974,1,1,93,2.499362011805947,False,0.9935476381504627,0.998699615988508,0.16256863448307154,0.20005985657049977,0.1209370806751715,0.0012044564890093346,0.9801980198019802,0.031918096958747366,0.9932939243617337,0.9984371805879911,0.1627963037164062,0.19972914662589694,0.12137200963333897,0.0012044564890093346,0.9801980198019802,0.031918096958747366
single_pair_raw_s231303,W,230211,False,1.7841000833681533,1,1,93,2.26794834780125,False,0.9938330677421126,0.9988760888212308,0.19118998302281734,0.23253543098555596,0.13256691857666797,0.0009033423667570009,0.9850746268656716,0.036735922914784704,0.9937267120637854,0.9988760888212308,0.19066316039458867,0.23131036991281045,0.13244799319498318,0.0009033423667570009,0.9850746268656716,0.036735922914784704
single_pair_r32_s231301,W,230211,False,1.776435785155645,1,0,93,2.3439644247092533,False,0.9934219341937427,0.9988342099683765,0.19423927057934562,0.23937110736715522,0.13639897140714535,0.0012044564890093346,0.9801980198019802,0.039144835892803376,0.9933332076606003,0.9988342099683765,0.19394685480892424,0.2388086412481416,0.13649918137499473,0.0012044564890093346,0.9801980198019802,0.037940379403794036
single_pair_r32_s231303,W,230211,False,1.779944343607858,1,0,93,2.3425689196610473,False,0.9930769971166733,0.9988342099683765,0.18221549907041698,0.24448320167200824,0.12789834597400787,0.0012044564890093346,0.9801980198019802,0.03432700993676603,0.9928436349913478,0.9988342099683765,0.1819816138716275,0.2438271337155873,0.1282258420355911,0.0012044564890093346,0.9801980198019802,0.03432700993676603
single_channel_raw_s231301,W,230211,False,1.7885913229629198,0,1,93,1.7863669099363435,False,0.9825334340586233,0.9966219399381466,0.28585216896410415,0.35592811588489426,0.20776178916660132,0.0015055706112616681,0.9753694581280788,0.05600722673893405,0.9823924987804138,0.996788440104647,0.2854658402137982,0.35464277129454963,0.20724374013635363,0.0015055706112616681,0.9753694581280788,0.05540499849442939
single_channel_raw_s231303,W,230211,False,1.780310041060186,0,0,93,1.834602020519704,True,0.9801055277300416,0.9940899822916371,0.30456143091901644,0.3730914425182958,0.22009227382814017,0.0012044564890093346,0.9801980198019802,0.05630834086118639,0.9800462462780376,0.9940937979204527,0.3044567788881113,0.3716463990814319,0.2198659362012817,0.0012044564890093346,0.9801980198019802,0.05570611261668172
single_channel_r32_s231301,W,230211,False,1.7969687080329362,0,1,93,1.8730062892958703,False,0.9811291484786963,0.9953379871697802,0.2916481522365989,0.34583416840867887,0.2151609657424692,0.0015055706112616681,0.9753694581280788,0.05660945498343872,0.981103156804071,0.995466010164362,0.2913012120161515,0.3444574698016819,0.21460038949634386,0.0015055706112616681,0.9753694581280788,0.05600722673893405
single_channel_r32_s231303,W,230211,False,1.787214125422122,0,0,93,1.7899796527408982,True,0.9796782398392321,0.9943307969427091,0.30957040095108734,0.3691716651993674,0.2262809363234343,0.0015055706112616681,0.9753694581280788,0.06202950918398073,0.9795830052217783,0.9944836155707362,0.30916176532872613,0.3676557417860294,0.22565768307268816,0.0015055706112616681,0.9753694581280788,0.06142728093947606
exact,Y,230201,False,1.832805023781051,0,0,93,1.6338879013517742,True,1.0,1.0,4.2287366527321866e-15,2.3107094460366525e-15,0.0,0.0,1.0,0.0,1.0,1.0,0.0041285992306116836,0.005954876297893517,0.003188684943046607,0.0,1.0,0.0009033423667570009
baseline,Y,230201,False,1.8328487785468064,0,0,93,1.6250003925342353,True,1.0,1.0,0.004128599230611336,0.005954876297890226,0.003188684943046607,0.0,1.0,0.0009033423667570009,1.0,1.0,9.390212390659874e-15,8.142560647210263e-15,0.0,0.0,1.0,0.0
wt_z,Y,230201,False,1.7887564057768384,0,0,93,1.1403325114353313,True,0.95828947897772,0.9748944496157693,0.4073331653686823,0.5629914945405031,0.3464028295428049,0.0021077988557663355,0.9660194174757282,0.09003312255344775,0.9582320282859451,0.9747716319593079,0.40742287143644124,0.5618620718839514,0.34670892613668775,0.0021077988557663355,0.9660194174757282,0.09093646492020475
oracle_r32,Y,230201,False,1.8319062311563095,0,0,93,1.6213779820821372,True,1.0,1.0,0.023940375137289426,0.020151062254918074,0.018577718927873674,0.0,1.0,0.00662451068955134,1.0,1.0,0.022956466871247007,0.017592708142313934,0.01762198372562038,0.0,1.0,0.006323396567299007
single_free_hidden_raw_s231301,Y,230201,False,1.836824961768445,0,0,93,1.5664487706278718,True,0.9999973246027715,1.0,0.07680741925682755,0.07410822625256813,0.052235691366644785,0.00030111412225233364,0.9950980392156863,0.01987353206865402,0.9999973246027715,1.0,0.07709360875907302,0.07216070561997787,0.05255693052994841,0.00030111412225233364,0.9950980392156863,0.020174646190906354
single_free_hidden_raw_s231303,Y,230201,False,1.8341799822884806,0,0,93,1.5441857347919996,True,1.0,1.0,0.06381284270350544,0.0642499195217165,0.04446693613628932,0.00030111412225233364,0.9950980392156863,0.018066847335140017,1.0,1.0,0.0638638237501579,0.06205493634768835,0.044648387526798804,0.00030111412225233364,0.9950980392156863,0.018367961457392352
single_free_hidden_r32_s231301,Y,230201,False,1.8343280601144676,0,0,93,1.565891042671883,True,1.0,1.0,0.06740041387316507,0.07442192379651824,0.04511558889459591,0.00030111412225233364,0.9950980392156863,0.015055706112616682,1.0,1.0,0.06772920283226223,0.07297900328468257,0.04534496446755231,0.00030111412225233364,0.9950980392156863,0.015356820234869015
single_free_hidden_r32_s231303,Y,230201,False,1.8351647762076102,0,0,93,1.539523120480773,True,1.0,1.0,0.07799120263446006,0.07973113168004545,0.05469039667935596,0.0,1.0,0.018970189701897018,1.0,1.0,0.07784439775901147,0.07781430984724982,0.05459818238295594,0.0,1.0,0.019271303824149353
single_pair_raw_s231301,Y,230201,False,1.8234321165865612,0,0,93,1.3576861377848255,True,0.9980621128368721,0.9995955433455433,0.13262179984402903,0.12213745502153331,0.10040189910825958,0.00030111412225233364,0.9950980392156863,0.02981029810298103,0.998032021406231,0.9995955433455433,0.133352210271046,0.12018820342458013,0.10121381963949239,0.00030111412225233364,0.9950980392156863,0.03071364046973803
single_pair_raw_s231303,Y,230201,False,1.8277385073018355,0,0,93,1.4200218048785418,True,0.9980570368809542,0.9995955433455433,0.13865742216361776,0.1300538162135472,0.1007631475030411,0.00030111412225233364,0.9950980392156863,0.0304125263474857,0.9979700900292926,0.9995955433455433,0.13947492364612962,0.12820971072746218,0.10156148190563183,0.00030111412225233364,0.9950980392156863,0.031315868714242696
single_pair_r32_s231301,Y,230201,False,1.8254567160132915,0,0,93,1.3633259901911305,True,0.9978932273399481,1.0,0.14107568178304716,0.1337870690644686,0.10240995030178414,0.0009033423667570009,0.9854368932038835,0.03282143932550437,0.9978287288216178,1.0,0.14153108730651293,0.13244461082276335,0.10306511877892777,0.0009033423667570009,0.9854368932038835,0.03372478169226137
single_pair_r32_s231303,Y,230201,False,1.8288201347546187,0,0,93,1.4630798301964199,True,0.9990106305780149,1.0,0.13464914694596616,0.14139056340979186,0.095378468880999,0.00030111412225233364,0.9950980392156863,0.027702499247214695,0.9989714250043101,1.0,0.13525698887766863,0.13953378394516341,0.0961907926455916,0.00030111412225233364,0.9950980392156863,0.028605841613971696
single_channel_raw_s231301,Y,230201,False,1.8119483454844592,0,0,93,1.1815050404794971,True,0.987358518343871,0.9959101499613157,0.26556881205067256,0.28453954497544587,0.21038709709208486,0.0018066847335140017,0.970873786407767,0.05871725383920506,0.987249722984161,0.9959101499613157,0.26587525604344014,0.2834101995370246,0.21083145919713617,0.0018066847335140017,0.970873786407767,0.05962059620596206
single_channel_raw_s231303,Y,230201,False,1.814341520720239,0,0,93,1.2145439658621573,True,0.9878195840875332,0.9971127752522203,0.2587374577371129,0.28313646264773046,0.1992158890457958,0.0012044564890093346,0.9805825242718447,0.05630834086118639,0.9876774367115174,0.9969543785602101,0.25933293847352434,0.28242717073391166,0.19978864994716247,0.0012044564890093346,0.9805825242718447,0.05721168322794339
single_channel_r32_s231301,Y,230201,False,1.814872280234342,0,0,93,1.1774193889574889,True,0.9906550880217145,0.9983269010570497,0.24084490648171902,0.26406172472015094,0.1849467932505214,0.0015055706112616681,0.9757281553398058,0.05209274314965372,0.9906133330262291,0.9983269010570497,0.2413707584847056,0.26310608738134583,0.18550518632687105,0.0015055706112616681,0.9757281553398058,0.05299608551641072
single_channel_r32_s231303,Y,230201,False,1.815327703105076,0,0,93,1.1817546527308433,True,0.9853539887302989,0.9941925611506512,0.27892726573173504,0.2996424004079071,0.21843516077944075,0.0018066847335140017,0.970873786407767,0.06052393857271906,0.9852484413176524,0.9940366654590413,0.27933644401967056,0.2982820800823097,0.21887177364651672,0.0018066847335140017,0.970873786407767,0.06142728093947606
exact,Y,230211,False,1.7893626501752586,0,1,93,2.0027731247701563,False,1.0,1.0,7.853492080667866e-15,5.657781934616371e-15,0.0,0.0,1.0,0.0,1.0,1.0,0.004294651103094442,0.004633592991857874,0.0032369477385187947,0.0,1.0,0.0009033423667570009
baseline,Y,230211,False,1.7891505484314276,0,1,93,1.9944456613381836,False,1.0,1.0,0.0042946511030933785,0.004633592991864747,0.0032369477385187947,0.0,1.0,0.0009033423667570009,1.0,1.0,4.5386216372735674e-15,4.682002213632967e-15,0.0,0.0,1.0,0.0
wt_z,Y,230211,False,1.7943620092361814,0,1,93,1.7927623047490628,False,0.9416643158277815,0.9623569208793551,0.49198106702463984,0.6698689905217794,0.4254597109975663,0.00331225534477567,0.9478672985781991,0.10840108401084012,0.9417979419099427,0.9624021768074775,0.49119556812739973,0.6676358043939121,0.4250031868915394,0.00331225534477567,0.9478672985781991,0.10809996988858778
oracle_r32,Y,230211,False,1.7909841795034933,0,1,93,1.9538388761856187,False,1.0,1.0,0.020621082086502734,0.015542763331986566,0.016930001450453657,0.0,1.0,0.005118940078289671,1.0,1.0,0.020642335669619583,0.012782722119666468,0.017052791213805697,0.0,1.0,0.004817825956037338
single_free_hidden_raw_s231301,Y,230211,False,1.7893848017203142,0,1,93,1.9686130641245494,False,1.0,1.0,0.06681968273135967,0.08245631010399583,0.04506431323934415,0.0,1.0,0.01415236374585968,1.0,1.0,0.06774296588236595,0.08031074446177786,0.045963527349611843,0.0,1.0,0.013851249623607348
single_free_hidden_raw_s231303,Y,230211,False,1.7936205445836462,0,1,93,2.0358419951892714,False,1.0,1.0,0.05578544921436688,0.06279975903695406,0.03853506153753902,0.0,1.0,0.011442336645588679,1.0,1.0,0.05594692015019757,0.060608747268405753,0.03901047820734366,0.0,1.0,0.011141222523336344
single_free_hidden_r32_s231301,Y,230211,False,1.789086543062778,0,1,93,1.8828747449522287,False,1.0,1.0,0.06235624341047522,0.0755286306955974,0.0445499568097941,0.00030111412225233364,0.9951219512195122,0.013851249623607348,1.0,1.0,0.06332781394149828,0.07374590579762734,0.045632746158118236,0.00030111412225233364,0.9951219512195122,0.013550135501355014
single_free_hidden_r32_s231303,Y,230211,False,1.7962175943274414,0,1,93,1.9416857165182815,False,1.0,1.0,0.061126807324051,0.06999987503248983,0.04333859015155711,0.00030111412225233364,0.9951219512195122,0.012947907256850346,1.0,1.0,0.06088282047360879,0.06756253930322566,0.0433168144383409,0.00030111412225233364,0.9951219512195122,0.012646793134598013
single_pair_raw_s231301,Y,230211,False,1.7889560484592113,0,1,93,1.7408261339881246,False,0.9988316011257495,1.0,0.1253602786799569,0.1080467537672856,0.0881184893016833,0.0,1.0,0.026799156880457694,0.9987519244189008,1.0,0.1256328186447938,0.10618010978453789,0.08818632471087955,0.0,1.0,0.025895814513700693
single_pair_raw_s231303,Y,230211,False,1.7969731177126225,0,1,93,1.7665240793971706,False,0.9990437364206601,1.0,0.12750337661010816,0.14139862791570104,0.08845270679874372,0.0,1.0,0.02740138512496236,0.9989270443763903,1.0,0.12785308455513916,0.13943198609315646,0.08867747140980596,0.0,1.0,0.027702499247214695
single_pair_r32_s231301,Y,230211,False,1.7964095152965116,0,1,93,1.7331823794691075,False,0.998940542251848,1.0,0.13565195784063042,0.15146750625171937,0.09985623117723884,0.00030111412225233364,0.9951219512195122,0.029208069858476363,0.9989574553106583,1.0,0.13512574837159086,0.1495956905392025,0.0995816742695324,0.00030111412225233364,0.9951219512195122,0.028906955736224028
single_pair_r32_s231303,Y,230211,False,1.7992304205581346,0,1,93,1.7524946546499383,False,0.9995440530285404,1.0,0.12622199591052666,0.14525965553761006,0.09219778617949445,0.0006022282445046673,0.9902912621359223,0.029208069858476363,0.9995394663337691,1.0,0.1260806279212745,0.1432765877478455,0.09229173808831202,0.0006022282445046673,0.9902912621359223,0.028906955736224028
single_channel_raw_s231301,Y,230211,False,1.8051041385303066,0,1,93,1.7802546888388062,False,0.9843620835570377,0.9921980354747956,0.2869383649471138,0.318976728496616,0.23924250159488122,0.0018066847335140017,0.9712918660287081,0.06594399277326106,0.9844546723633003,0.9921439081832568,0.2865390453595754,0.3167886393816464,0.23898512094783356,0.0018066847335140017,0.9712918660287081,0.0662451068955134
single_channel_raw_s231303,Y,230211,False,1.8054806851271399,0,1,93,1.8234128439505808,False,0.9847919959131312,0.9935814714030197,0.27481786273961145,0.31992923204221785,0.22565748142935385,0.0015055706112616681,0.9759615384615384,0.05962059620596206,0.9848660692029305,0.9935814714030197,0.27449772636048225,0.3179212461852235,0.22546498400197124,0.0015055706112616681,0.9759615384615384,0.059921710328214396
single_channel_r32_s231301,Y,230211,False,1.8116812069616564,0,1,93,1.7916926452065245,False,0.9868084439607441,0.9943740163809055,0.2651143518912606,0.3006805235608003,0.21923049533322153,0.0009033423667570009,0.9855072463768116,0.05630834086118639,0.9869066132034083,0.994157199207401,0.2648547260505539,0.29885260007813713,0.21906955749053314,0.0009033423667570009,0.9855072463768116,0.05660945498343872
single_channel_r32_s231303,Y,230211,False,1.8111709178152897,0,1,93,1.8249666583695063,False,0.9796250652302628,0.9882223708589528,0.31360446939005965,0.3523048003561397,0.2635179156394011,0.0018066847335140017,0.9712918660287081,0.06594399277326106,0.9797148810637971,0.988288835929099,0.31328259321599594,0.3500042350103369,0.2633027112965649,0.0018066847335140017,0.9712918660287081,0.0662451068955134
